Time (s);Magnetic Field x (µT);Magnetic Field y (µT);Magnetic Field z (µT);Absolute field (µT)
0,015573708;-50,23840332;-33,57607269;1,761901855;60,45125411
0,025505708;-50,18231201;-33,31191254;2,017700195;60,26623491
0,035437708;-50,30844116;-33,18692017;2,020126343;60,30250271
0,045368708;-50,27264404;-33,14175415;1,656295776;60,23668254
0,055300708;-50,37893677;-33,14159393;2,206207275;60,34293553
0,065232708;-50,14569092;-32,97561646;1,655288696;60,0393336
0,075163708;-50,33969116;-33,26346588;2,121231079;60,37418563
0,085095708;-50,21261597;-33,12463379;2,043426514;60,18906676
0,095027708;-50,1817627;-33,24513245;2,425796509;60,24394266
0,104958708;-50,08596802;-33,12123108;2,086303711;60,08304922
0,114890708;-50,22344971;-33,24234009;2,476379395;60,2791882
0,124822708;-50,27947998;-33,13648224;2,826568604;60,28301628
0,134753708;-50,46679688;-33,19456482;2,578384399;60,46010905
0,144685708;-50,53085327;-33,01395416;2,332168579;60,40469611
0,154617708;-50,29916382;-33,04750824;2,615097046;60,24103597
0,164549708;-50,2706604;-32,88730621;1,991088867;60,10556249
0,174480708;-50,19683838;-33,02120209;2,644821167;60,14247625
0,184412708;-50,29220581;-32,77685547;2,296234131;60,07412847
0,194345208;-50,5763855;-32,87164307;2,457687378;60,37015749
0,204276208;-50,23974609;-32,49337769;2,065567017;59,86750578
0,214208208;-50,44894409;-32,96656036;2,107116699;60,30199004
0,224140208;-50,2492981;-33,03432465;2,173034668;60,1745847
0,234071208;-50,50241089;-33,10742188;2,11555481;60,42408842
0,244003208;-50,33352661;-33,0304184;2,30557251;60,24772282
0,253935208;-50,44287109;-33,17703247;2,299835205;60,4192682
0,263866208;-50,56488037;-32,63074493;2,705368042;60,24028269
0,273798208;-50,50753784;-32,90161133;2,625213623;60,33588612
0,283730208;-50,25253296;-32,60772705;2,333557129;59,95019951
0,293662208;-50,42248535;-32,73509216;2,227874756;60,15793143
0,303593208;-50,30502319;-32,61963654;1,726928711;59,98014946
0,313525208;-50,60421753;-32,81274414;2,007736206;60,34479277
0,323457208;-50,22631836;-32,76017761;2,19569397;60,00611106
0,333388208;-50,18960571;-32,96114349;2,548995972;60,09934178
0,343320208;-50,10848999;-32,78251648;2,166732788;59,91868562
0,353252208;-50,3548584;-32,8820343;2,5284729;60,19329796
0,363183208;-50,32244873;-32,65537262;2,499267578;60,04139027
0,373115208;-50,64413452;-32,91267395;2,096115112;60,43563656
0,383047208;-50,34902954;-32,80935669;1,826568604;60,1233317
0,392978208;-50,23501587;-32,83343506;2,022186279;60,04731896
0,402910208;-50,19607544;-32,8894043;1,971160889;60,04368726
0,412842208;-50,36993408;-33,01773071;2,236740112;60,26859719
0,422774208;-50,16967773;-32,88200378;2,06048584;60,02056596
0,432705208;-50,35293579;-33,26696014;1,704544067;60,37395341
0,442637208;-50,12896729;-33,04464722;1,617202759;60,06227947
0,452569208;-50,09820557;-33,10874176;2,155792236;60,08882111
0,462500208;-50,06387329;-32,90573883;1,812332153;59,9371638
0,472432208;-50,40771484;-32,89388275;1,66394043;60,21390152
0,482364208;-50,1864624;-32,9072876;1,706268311;60,03733786
0,492295208;-50,43258667;-33,10204315;1,854492188;60,35420615
0,502227208;-50,17489624;-32,77142334;1,535629272;59,9486827
0,512159208;-50,20233154;-32,98854828;1,800491333;60,09792159
0,522090208;-50,11334229;-32,74198914;1,918640137;59,89212058
0,532022208;-50,1756897;-32,84021759;2,127319336;60,00504325
0,541954208;-50,16116333;-32,80329132;1,95274353;59,96675275
0,551886208;-50,26733398;-32,85027313;2,364807129;60,09606995
0,561817208;-50,17034912;-32,65162659;2,379714966;59,90705879
0,571749208;-50,59396362;-33,19441986;2,217468262;60,55192673
0,581681208;-50,31069946;-33,31257629;2,154525757;60,3782759
0,591612208;-50,36587524;-33,60444641;1,851165771;60,5756306
0,601544208;-50,19320679;-32,97059631;2,103088379;60,0902755
0,611476208;-50,21676636;-33,18660736;2,382019043;60,23909483
0,621407208;-50,22036743;-32,7637558;2,084197998;59,99910733
0,631339208;-50,22036743;-32,7637558;2,084197998;59,99910733
0,641271208;-50,49700928;-33,00456238;2,444610596;60,37570045
0,651202208;-50,19622803;-32,86672211;2,502807617;60,05120129
0,661134208;-50,42254639;-32,96639252;2,664840698;60,30188716
0,671066208;-50,34310913;-32,79438019;2,151611328;60,12095675
0,680998208;-50,49359131;-33,02170563;2,478302002;60,38358872
0,690929208;-50,2019043;-32,89573669;2,22694397;60,06096875
0,700861208;-50,36245728;-33,12499237;2,718948364;60,34098858
0,710793208;-50,27191162;-33,00999451;2,320648193;60,18563154
0,720724208;-50,61914063;-33,17960358;1,898239136;60,55399907
0,730656208;-50,2484436;-32,95587921;1,949615479;60,12318238
0,740588208;-50,2991333;-33,01319885;2,358352661;60,21159304
0,750519208;-50,32531738;-32,88222504;2,04486084;60,15030963
0,760451208;-50,46011353;-33,20826721;2,524276733;60,45977209
0,770383208;-50,17242432;-33,02033234;2,331802368;60,10866669
0,780314208;-50,40930176;-33,33351135;2,67729187;60,49288036
0,790246208;-50,23779297;-32,91095734;2,267868042;60,10083344
0,800178208;-50,0920105;-33,18916321;2,03843689;60,12391617
0,810110208;-50,22109985;-32,82563019;1,625;60,01934265
0,820041208;-50,29434204;-33,1121521;2,161560059;60,25452514
0,829973208;-50,12661743;-32,96175385;2,204925537;60,03346307
0,839905208;-50,38290405;-33,13143921;2,82434082;60,36643261
0,849836208;-50,18786621;-32,63414764;2,399200439;59,91298415
0,859768208;-50,08596802;-33,00847626;2,429321289;60,03386793
0,869700208;-50,14892578;-32,90209961;2,517745972;60,03167464
0,879631208;-50,48602295;-32,99026489;2,291503906;60,3526891
0,889563208;-50,31686401;-32,8420105;2,495834351;60,13828769
0,899495208;-50,38638306;-33,22866058;2,557235718;60,41085115
0,909426208;-50,3140564;-32,88652802;2,239105225;60,15015867
0,919358208;-50,23669434;-33,16007233;2,05909729;60,22919339
0,929290208;-50,25006104;-32,78392029;2,156082153;60,03751122
0,939221208;-50,43405151;-33,02990723;2,194442749;60,32730644
0,949153208;-50,09359741;-32,72846985;2,149810791;59,87606305
0,959085208;-50,30664063;-33,21123505;2,710891724;60,3414713
0,969017208;-50,32577515;-33,00505066;2,487457275;60,23457858
0,978948208;-50,74310303;-33,13594818;2,968948364;60,6767519
0,988880208;-50,47796631;-32,58355713;2,54447937;60,13474581
0,998812208;-50,41226196;-32,8449707;2,581863403;60,22336984
1,008743208;-50,34512329;-32,86351013;2,304122925;60,16602629
1,018675208;-50,13442993;-32,96951294;2,535202026;60,0572818
1,028607208;-49,94430542;-32,76163483;2,142166138;59,76911607
1,038538208;-50,28408813;-32,97909546;2,845916748;60,20140778
1,048470208;-50,21954346;-32,66065979;2,335449219;59,9514434
1,058402208;-50,31713867;-33,18064117;2,42616272;60,32127036
1,068334208;-50,23626709;-32,90879059;2,476074219;60,10658843
1,078265208;-50,2677002;-33,16986847;2,534698486;60,27857458
1,088197208;-50,14404297;-32,7843399;2,361953735;59,95679122
1,098129208;-50,57357788;-33,04949188;2,440444946;60,46413371
1,108060208;-50,18002319;-32,9860611;2,172637939;60,09022641
1,117992208;-50,36447144;-33,42917633;2,248062134;60,49085548
1,127924208;-50,03701782;-32,84008026;2,397903442;59,89928184
1,137855208;-50,37173462;-33,06658936;2,858337402;60,32313878
1,147787208;-50,2272644;-32,59636688;2,570083618;59,93251666
1,157719208;-50,24627686;-32,83162689;2,313156128;60,06625303
1,167650208;-50,1321106;-32,6060257;2,241836548;59,84485989
1,177582208;-50,37219238;-32,77043152;2,444000244;60,14342927
1,187514208;-49,99932861;-32,81569672;1,93296814;59,83760673
1,197444708;-50,08874512;-33,18476868;2,452224731;60,13422208
1,207376708;-50,15042114;-32,74678802;2,106307983;59,93207322
1,217308708;-50,29788208;-33,07328796;2,570602417;60,2521976
1,227240708;-50,24221802;-32,68073273;2,061935425;59,971346
1,237171708;-50,4274292;-32,93652344;2,310348511;60,27501889
1,247103708;-50,16470337;-32,77581024;2,457000732;59,97322781
1,257035708;-50,24981689;-32,9187851;2,218551636;60,11333031
1,266966708;-49,97793579;-32,63399506;2,294250488;59,73303345
1,276898708;-50,2618103;-33,17633057;2,191848755;60,2637759
1,286830708;-50,06484985;-32,48571014;2,03086853;59,71545011
1,296761708;-50,3112793;-32,97489166;2,086608887;60,19071557
1,306693708;-50,11203003;-32,76657104;2,30657959;59,91814451
1,316625708;-50,13009644;-33,03800201;2,624053955;60,09510633
1,326556708;-49,99136353;-32,78209686;2,39692688;59,82932024
1,336488708;-50,0960083;-33,30199432;2,766540527;60,21865674
1,346420708;-49,9487915;-32,66905975;2,44303894;59,73372311
1,356352708;-50,32290649;-32,91744995;2,674697876;60,19225397
1,366283708;-50,04989624;-32,60844421;2,129974365;59,7732343
1,376215708;-50,20092773;-32,966362;2,416381836;60,10618163
1,386147708;-50,1920166;-32,66651154;2,518936157;59,93900688
1,396078708;-50,4677124;-33,34318542;2,599349976;60,5434937
1,406010708;-50,14398193;-33,08681488;2,288040161;60,11980847
1,415942708;-50,20571899;-33,19072723;2,303100586;60,22908655
1,425873708;-50,0145874;-32,75666046;1,885375977;59,81648937
1,435805708;-50,31311035;-32,90565491;2,125961304;60,15572217
1,445737708;-49,92337036;-32,74338531;1,823303223;59,73103569
1,455668708;-50,19073486;-33,24529266;2,163711548;60,24152221
1,465600708;-50,02893066;-32,70587921;2,433822632;59,82049758
1,475532708;-50,29592896;-33,03988647;2,761489868;60,2406872
1,485464708;-49,79318237;-32,69836426;2,463134766;59,62055911
1,495395708;-50,33087158;-33,16174316;2,811630249;60,33906785
1,505327708;-50,07009888;-32,61481476;2,42829895;59,80499627
1,515259708;-50,26626587;-32,89513397;2,939117432;60,14503915
1,525190708;-50,1038208;-32,72209167;1,866409302;59,87162622
1,535122708;-50,36218262;-33,22074127;2,185455322;60,37170946
1,545054708;-49,94610596;-32,88381958;2,034133911;59,83391004
1,554985708;-50,36328125;-33,24655151;2,270874023;60,38998389
1,564917708;-50,32977295;-32,85164642;1,931381226;60,13357591
1,574849708;-50,49404907;-33,15950012;2,038925171;60,44301991
1,584780708;-50,1121521;-32,75141907;1,412628174;59,88220735
1,594712708;-50,48934937;-33,16593933;2,193557739;60,44804072
1,604644708;-50,06124878;-32,6727066;2,035766602;59,81453612
1,614575708;-50,06124878;-32,6727066;2,035766602;59,81453612
1,624507708;-50,39321899;-33,08252716;2,663146973;60,34088561
1,634439708;-50,11676025;-32,64867401;2,149291992;59,85185903
1,644371708;-50,45959473;-33,17121124;2,381622314;60,43320346
1,654302708;-50,21035767;-32,52024841;1,852294922;59,85046007
1,664234708;-50,37347412;-33,09669495;2,325927734;60,31822321
1,674166708;-50,25344849;-32,68462372;2,455703735;59,99770157
1,684097708;-50,45974731;-33,11872101;2,422058105;60,40614328
1,694029708;-50,08856201;-32,59739685;2,191940308;59,80183047
1,703961708;-50,28967285;-33,072052;2,499786377;60,24168616
1,713892708;-50,17098999;-32,50270081;2,29335022;59,82318323
1,723824708;-50,57891846;-32,8837204;2,432922363;60,37785331
1,733756708;-50,13293457;-32,62255859;2,520111084;59,86562802
1,743687708;-50,38473511;-33,0700531;2,506835938;60,32026335
1,753619708;-50,01806641;-32,59397888;2,004486084;59,7343485
1,763551708;-50,29656982;-32,87055969;2,191207886;60,12503657
1,773482708;-50,06884766;-32,52262878;1,725570679;59,72929334
1,783414708;-50,33804321;-32,86027527;2,741989136;60,1766964
1,793346708;-50,18618774;-32,44802856;2,535003662;59,81600322
1,803278708;-50,07775879;-32,91379547;2,550125122;59,98002164
1,813209708;-50,00610352;-32,40100861;2,207839966;59,62642287
1,823141708;-50,32904053;-32,79364777;2,453308105;60,12033246
1,833073708;-50,01989746;-32,47205353;2,136627197;59,67402767
1,843004708;-50,17617798;-32,57067871;2,43901062;59,87024905
1,852936708;-49,9694519;-32,41216278;2,149688721;59,59962736
1,862868708;-50,16210938;-32,84549713;2,265487671;60,00163609
1,872799708;-50,05328369;-32,38402557;2,079742432;59,65217221
1,882731708;-50,57861328;-32,8955307;2,171051025;60,37404678
1,892663708;-50,28643799;-32,65723419;1,523101807;59,97950175
1,902594708;-50,40866089;-33,1437149;2,109558105;60,36546335
1,912526708;-50,44827271;-32,80610657;1,803390503;60,20399542
1,922458708;-50,58233643;-32,88781738;2,520858765;60,38655496
1,932390708;-50,38656616;-32,3961792;1,963638306;59,93475079
1,942321708;-50,27352905;-32,72006226;2,237976074;60,02531744
1,952253708;-50,36834717;-32,36967468;2,093612671;59,90951051
1,962185708;-50,34405518;-32,72403717;2,542144775;60,09866055
1,972116708;-50,16403198;-32,5480423;1,949859619;59,82981794
1,982048708;-50,29342651;-32,7530899;2,519897461;60,07115391
1,991980708;-50,15692139;-32,61062622;2,409896851;59,87468003
2,001911708;-50,38470459;-32,92991638;2,09324646;60,22773058
2,011843708;-50,20910645;-32,64636993;2,377883911;59,93658459
2,021775708;-50,49581909;-32,69975281;2,514022827;60,2114764
2,031706708;-50,13482666;-32,56903839;2,560638428;59,83978589
2,041638708;-50,39450073;-32,95882416;2,502029419;60,26732071
2,051570708;-50,35864258;-32,98406982;2,287750244;60,24263893
2,061501708;-50,33905029;-32,93758392;2,196228027;60,19740723
2,071433708;-50,23773193;-32,80807495;1,992477417;60,03473543
2,081365708;-50,34054565;-32,91507721;2,459396362;60,19652378
2,091297708;-50,24139404;-32,69309235;2,211486816;59,98271948
2,101228708;-50,19699097;-33,00429535;2,707275391;60,13610192
2,111160708;-50,22067261;-32,82382202;2,497924805;60,04797147
2,121092708;-50,40576172;-33,09439087;2,427871704;60,34794182
2,131023708;-50,16445923;-32,89167786;2,474075317;60,03712594
2,140955708;-50,10327148;-32,89348602;2,375396729;59,98301214
2,150887708;-50,07293701;-32,84450531;2,426849365;59,93288036
2,160818708;-50,32809448;-33,15994263;2,139022827;60,3081612
2,170750708;-50,28518677;-33,14689636;2,04473877;60,26190922
2,180682708;-50,28768921;-33,15098572;2,524841309;60,28444545
2,190613958;-50,44241333;-32,80260468;2,274765015;60,21314219
2,200545958;-50,32156372;-32,74303436;2,503051758;60,08852921
2,210477958;-50,19592285;-32,88142395;2,285186768;60,05031882
2,220409958;-50,29086304;-32,88006592;2,194671631;60,12558709
2,230340958;-50,04711914;-32,70115662;2,317993164;59,8285289
2,240272958;-50,17788696;-32,97055817;2,394989014;60,08838505
2,250204958;-50,25009155;-32,50988007;2,618728638;59,90677543
2,260135958;-50,50445557;-32,73196411;2,740066528;60,24607432
2,270067958;-50,32717896;-32,6648941;2,614517212;60,05544062
2,279999958;-50,22161865;-32,90683746;2,519348145;60,09507506
2,289930958;-50,24029541;-32,72516632;2,540542603;60,01231666
2,299862958;-50,48092651;-32,76110077;2,170715332;60,21898098
2,309794958;-50,49890137;-32,62239075;2,414169312;60,16799507
2,319725958;-50,50646973;-32,92873383;2,25894165;60,33496344
2,329657958;-50,20593262;-32,8529129;2,054412842;60,03474134
2,339589958;-50,21899414;-32,94606018;2,342651367;60,1072231
2,349520958;-50,37576294;-32,86882782;1,588973999;60,17143984
2,359452958;-50,45596313;-33,00514984;2,263366699;60,33462489
2,369384958;-50,4916687;-33,03398895;2,731750488;60,39963158
2,379316958;-50,18209839;-32,87358856;2,479553223;60,04218524
2,389247958;-50,20306396;-32,84984589;2,200775146;60,0358511
2,399179958;-50,44094849;-32,73579407;2,268432617;60,1753046
2,409111958;-50,42712402;-32,90883636;2,148117065;60,25363686
2,419042958;-50,50357056;-32,73690796;2,545837402;60,23949759
2,428974958;-50,39376831;-32,86573029;2,481002808;60,21497726
2,438906958;-50,32254028;-32,81798553;2,129470825;60,11582887
2,448837958;-50,23144531;-32,88947296;2,748214722;60,10381198
2,458769958;-50,26263428;-32,94324493;2,707962036;60,15748374
2,468701958;-50,22564697;-33,00260925;2,726074219;60,15994774
2,478632958;-50,25750732;-32,84640503;2,295761108;60,08305822
2,488564958;-50,28820801;-33,00281525;2,438720703;60,19997539
2,498496958;-50,52844238;-33,11823273;2,205490112;60,45498338
2,508427958;-50,42697144;-33,24315643;2,325698853;60,44332695
2,518359958;-50,3397522;-33,11366272;2,226852417;60,29563982
2,528291958;-50,47406006;-33,22023773;2,450302124;60,47494452
2,538223958;-50,38354492;-32,97183228;2,464538574;60,26373099
2,548154958;-50,45153809;-33,11182404;2,628173828;60,40412141
2,558086958;-50,24688721;-33,07873535;2,658538818;60,21644489
2,568018958;-50,4770813;-32,95098114;2,155822754;60,31874059
2,577949958;-50,53936768;-32,83054352;2,017196655;60,30042583
2,587881958;-50,53936768;-32,83054352;2,017196655;60,30042583
2,597813958;-50,56356812;-33,06288147;2,116790771;60,45088382
2,607744958;-50,54605103;-33,10105896;2,168960571;60,45897591
2,617676958;-50,61737061;-33,32704926;2,403060913;60,65134064
2,627608958;-50,65335083;-32,95067596;2,240493774;60,46923854
2,637539958;-50,76196289;-33,10417938;2,406860352;60,65028067
2,647471958;-50,75946045;-32,9776535;2,654510498;60,58956083
2,657403958;-50,57611084;-32,99769592;2,333099365;60,43371804
2,667334958;-50,12414551;-33,02005768;2,595046997;60,07901831
2,677266958;-50,24008179;-33,02507782;2,487091064;60,17397448
2,687198958;-50,27746582;-33,01101685;2,415786743;60,19457474
2,697130958;-50,10739136;-33,08415985;1,855300903;60,07290939
2,707061958;-50,15567017;-32,69316864;2,075698853;59,90611865
2,716993958;-50,29623413;-32,87221527;2,157165527;60,12442987
2,726925958;-50,32427979;-32,97683716;2,105911255;60,2033204
2,736856958;-50,50473022;-33,36988068;2,532455444;60,5862199
2,746788958;-50,51593018;-32,93183136;2,302429199;60,34621694
2,756720958;-50,54464722;-33,16820526;2,595901489;60,51140312
2,766651958;-50,56982422;-32,70410156;1,726501465;60,24820485
2,776583958;-50,6317749;-32,96656799;1,96762085;60,45033306
2,786515958;-50,40267944;-32,99346161;2,031341553;60,27540919
2,796446958;-50,40032959;-33,06449127;1,941833496;60,30940659
2,806378958;-50,3253479;-32,95371246;2,063430786;60,19007853
2,816310958;-50,41055298;-32,91190338;2,440322876;60,25257182
2,826241958;-50,26971436;-32,79315948;2,224411011;60,06149761
2,836173958;-50,46298218;-32,98439789;2,437026978;60,33591115
2,846105958;-50,38699341;-32,96944427;1,81628418;60,24227958
2,856037958;-50,50430298;-32,95067596;2,056427002;60,33788659
2,865968958;-50,53378296;-32,85590363;2,436035156;60,32501878
2,875900958;-50,38543701;-32,87239838;2,08744812;60,19671318
2,885832958;-50,45397949;-32,90157318;2,290252686;60,27738234
2,895763958;-50,43615723;-33,03085327;2,473144531;60,34036516
2,905695958;-50,37060547;-32,84570313;2,995330811;60,2080569
2,915627958;-50,45928955;-32,852211;2,773544312;60,275204
2,925558958;-50,52261353;-32,80328369;2,352508545;60,28369759
2,935490958;-50,59921265;-32,8423233;2,421905518;60,37188209
2,945422958;-50,34262085;-32,78229523;2,208679199;60,1160263
2,955353958;-50,48468018;-32,98600769;2,468276978;60,35620952
2,965285958;-50,30587769;-32,86081696;2,490539551;60,13915038
2,975217958;-50,36990356;-32,83097076;2,24508667;60,16677024
2,985148958;-50,27835083;-32,71772766;1,954910278;60,01819674
2,995080958;-50,46963501;-32,87314606;1,815246582;60,25879944
3,005012958;-50,37884521;-32,96107483;2,107528687;60,24036999
3,014944958;-50,31390381;-33,35871887;2,611846924;60,42445519
3,024875958;-50,40551758;-32,81412506;1,940155029;60,17679958
3,034807958;-50,46002197;-32,90818024;1,993286133;60,2754953
3,044739958;-50,30291748;-32,77078247;1,797744751;60,06279695
3,054670958;-50,39117432;-32,83969879;2,166595459;60,18646361
3,064602958;-50,26168823;-32,72754669;2,136108398;60,01576939
3,074534958;-50,19454956;-33,07229614;2,156921387;60,14916365
3,084465958;-50,23440552;-32,86404419;1,901901245;60,05962143
3,094397958;-50,46289063;-32,95098114;2,145690918;60,30650444
3,104329958;-50,23513794;-32,95362091;2,408126831;60,12744207
3,114260958;-50,41549683;-33,14787292;2,711791992;60,39749676
3,124192958;-50,23898315;-33,07666016;2,406066895;60,19808995
3,134124958;-50,3164978;-32,98189545;2,507110596;60,21495646
3,144055958;-50,29690552;-32,74616241;2,285140991;60,06090015
3,153987958;-50,31411743;-32,72900391;2,497787476;60,07442927
3,163919958;-50,32373047;-32,76493073;2,157333374;60,08887269
3,173851958;-50,36270142;-32,93802643;1,734649658;60,20236115
3,183782958;-50,50244141;-32,89936066;1,914138794;60,30363544
3,193715083;-50,38470459;-32,85248566;1,916778564;60,1795506
3,203647083;-50,29751587;-32,74010468;1,940185547;60,04597303
3,213578083;-50,4977417;-32,83860779;1,955932617;60,26791643
3,223510083;-50,34832764;-32,5512085;2,234558105;59,99607087
3,233442083;-50,43618774;-33,08318329;2,166656494;60,35727339
3,243373083;-50,18722534;-32,66908264;1,858810425;59,91228358
3,253305083;-50,39523315;-32,78884888;1,955673218;60,15490664
3,263237083;-50,27883911;-32,64750671;2,007156372;59,98208094
3,273168083;-50,40286255;-32,83042908;2,005615234;60,18561389
3,283100083;-50,20245361;-32,54585266;2,278411865;59,87244804
3,293032083;-50,12753296;-32,41814423;2,032546997;59,73137269
3,302963083;-50,30630493;-32,49654388;1,634689331;59,91178423
3,312895083;-50,64447021;-32,7345047;1,882369995;60,33202697
3,322827083;-50,23373413;-32,73007202;1,89213562;59,9855469
3,332758083;-50,30331421;-32,84082794;2,251998901;60,11667738
3,342690083;-50,35290527;-32,62919617;1,79598999;60,02753611
3,352622083;-50,45443726;-32,65705109;2,45526123;60,1511557
3,362554083;-50,49789429;-32,66127777;2,510223389;60,19217237
3,372485083;-50,30441284;-32,97661591;2,905593872;60,21987731
3,382417083;-50,30484009;-32,96910858;2,253326416;60,18817606
3,392349083;-50,63595581;-33,12570953;2,722335815;60,56999063
3,402280083;-50,46737671;-32,75229645;1,931503296;60,19468199
3,412212083;-50,47509766;-32,71021271;2,112380981;60,18434724
3,422144083;-50,24078369;-32,56484222;1,737335205;59,89677478
3,432075083;-50,30456543;-32,73570251;1,456451416;60,03579576
3,442007083;-50,2963562;-32,65477753;1,871353149;59,99633243
3,451939083;-50,39694214;-32,78942871;1,9765625;60,15733714
3,461870083;-50,35824585;-32,3935318;1,311462402;59,89168357
3,471802083;-50,32232666;-32,78946686;1,564331055;60,08271656
3,481734083;-50,49462891;-32,6233139;1,417068481;60,13315426
3,491665083;-50,45410156;-32,85918427;1,845352173;60,23908764
3,501597083;-50,28311157;-32,8848114;1,117446899;60,09201959
3,511529083;-50,50323486;-32,89453125;1,422988892;60,28807357
3,521461083;-50,31021118;-32,59073639;1,416061401;59,96064274
3,531392083;-50,43429565;-33,00849152;1,65007019;60,29843631
3,541324083;-50,27542114;-32,7016449;1,975875854;60,00766314
3,551256083;-50,30871582;-33,09972382;2,338760376;60,26631235
3,561187083;-50,30871582;-33,09972382;2,338760376;60,26631235
3,571119083;-50,17590332;-33,05515289;2,217315674;60,12637438
3,581051083;-50,26873779;-33,08807373;2,113830566;60,21822732
3,590982083;-50,387146;-32,81565857;2,56237793;60,18552741
3,600914083;-50,30648804;-32,78513336;2,26663208;60,08947769
3,610846083;-50,33084106;-32,59933472;1,772537231;59,9921001
3,620777083;-50,33230591;-32,74160767;2,042907715;60,07934223
3,630709083;-50,24240112;-32,74094391;1,996826172;60,00212991
3,640641083;-50,30258179;-32,9697113;2,330368042;60,18955236
3,650572083;-50,12164307;-32,73900604;1,637893677;59,88910014
3,660504083;-50,42462158;-32,90516663;1,894943237;60,241043
3,670436083;-50,30828857;-32,67263794;2,059356689;60,02221355
3,680367083;-50,27047729;-32,9418335;1,903656006;60,13243042
3,690299083;-50,17370605;-32,77604675;1,715713501;59,9550973
3,700231083;-50,15731812;-32,98999786;1,772003174;60,06027402
3,710163083;-50,28710938;-32,66790009;1,936401367;59,99778926
3,720094083;-50,30587769;-32,64461517;2,007827759;60,0031966
3,730026083;-50,21160889;-32,61336517;2,10194397;59,91039495
3,739958083;-50,39788818;-32,72676849;2,197509766;60,13166852
3,749889083;-50,17999268;-32,59395599;1,875823975;59,86581953
3,759821083;-50,14105225;-32,51940155;2,081161499;59,79939657
3,769753083;-50,1194458;-32,47241974;1,853103638;59,74822913
3,779684083;-50,39553833;-32,93209076;1,824798584;60,22925182
3,789616083;-50,25701904;-32,59355164;1,628204346;59,92293902
3,799548083;-50,2598877;-33,02732849;2,027954102;60,17452398
3,809479083;-50,26565552;-32,76007843;2,036911011;60,03338962
3,819411083;-50,3321228;-33,17549896;2,218444824;60,322946
3,829343083;-50,09924316;-32,77705383;2,002746582;59,9022572
3,839274083;-50,18579102;-32,9704361;2,387466431;60,09461933
3,849206083;-50,17034912;-32,88575745;2,115127563;60,02508424
3,859138083;-50,41705322;-33,22306824;2,038085938;60,41361861
3,869070083;-50,2008667;-32,68759155;1,485534668;59,92338836
3,879001083;-50,54943848;-32,82623291;2,203948975;60,3130557
3,888933083;-50,56906128;-32,77967072;1,921737671;60,29452584
3,898865083;-50,37948608;-32,88602448;1,934127808;60,19405348
3,908796083;-50,25305176;-32,59973145;1,376205444;59,9166558
3,918728083;-50,30300903;-32,80697632;1,845306396;60,08407084
3,928660083;-50,15753174;-32,55713654;1,429229736;59,81461215
3,938591083;-50,47180176;-32,91391754;1,960601807;60,28741743
3,948523083;-50,36987305;-32,61097717;2,065917969;60,04055263
3,958455083;-50,64920044;-33,01660156;2,139038086;60,49804102
3,968386083;-50,24423218;-33,04306793;2,102294922;60,17264203
3,978318083;-50,42782593;-33,08735657;2,538513184;60,36706753
3,988250083;-50,08270264;-32,89470673;2,268981934;59,96238082
3,998181083;-50,33078003;-32,87059021;2,615875244;60,17064004
4,008113083;-50,18606567;-32,86984253;2,224609375;60,03346252
4,018045083;-50,45355225;-33,11004639;2,506469727;60,39965643
4,027976083;-50,34060669;-32,84161377;2,184692383;60,14583242
4,037908083;-50,47235107;-32,91092682;2,126251221;60,29185908
4,047840083;-50,30380249;-32,62657928;1,795639038;59,98491927
4,057772083;-50,44952393;-32,84509277;1,642318726;60,22168874
4,067703083;-50,26776123;-32,67331696;1,641525269;59,97572897
4,077635083;-50,4017334;-32,99663544;2,134094238;60,27990576
4,087567083;-50,48779297;-32,61306;1,731964111;60,13009746
4,097498083;-50,52810669;-32,8814621;1,725921631;60,30969176
4,107430083;-50,34741211;-32,75143433;1,935348511;60,09379278
4,117362083;-50,39761353;-32,88844299;2,256790161;60,22177541
4,127293083;-50,31497192;-32,46330261;2,057235718;59,91406041
4,137225083;-50,47396851;-32,86667633;1,869186401;60,26054901
4,147157083;-50,35772705;-32,74078369;1,761581421;60,09128689
4,157088083;-50,25756836;-33,16040802;2,125167847;60,24908444
4,167020083;-50,18518066;-32,72707367;2,161605835;59,9523665
4,176952083;-50,40420532;-32,98215485;2,830566406;60,30272431
4,186883083;-50,2796936;-32,62838745;2,28692627;59,98240816
4,196814833;-50,33334351;-32,8660965;2,889663696;60,18285407
4,206746833;-50,20297241;-32,50502014;2,368057251;59,8541767
4,216677833;-50,25473022;-32,87623596;2,202041626;60,09354198
4,226609833;-50,13687134;-32,69051361;2,063522339;59,88851035
4,236541833;-50,44558716;-32,92445374;2,407272339;60,28741061
4,246473833;-50,10040283;-32,59615326;1,647354126;59,79358951
4,256404833;-50,19830322;-32,65906525;1,86618042;59,91633182
4,266336833;-50,14572144;-32,41146088;1,72845459;59,73343896
4,276268833;-50,27139282;-32,52675629;1,676315308;59,90002374
4,286199833;-50,16558838;-32,27753448;1,602203369;59,67405253
4,296131833;-50,27688599;-32,76420593;2,089309692;60,04684563
4,306063833;-50,22122192;-32,37102509;1,715484619;59,77455382
4,315994833;-50,41601563;-32,89242554;2,75302124;60,25998187
4,325926833;-50,31018066;-32,3612442;2,152252197;59,85813724
4,335858833;-50,54351807;-32,62641907;2,312713623;60,20364677
4,345789833;-50,30249023;-32,63560486;2,36026001;60,00828322
4,355721833;-50,41949463;-32,99357605;2,521148682;60,30802343
4,365653833;-50,07003784;-32,49812317;2,14642334;59,73059377
4,375584833;-50,300354;-33,0878067;2,047302246;60,24217801
4,385516833;-50,22296143;-32,57654572;2,098434448;59,89975469
4,395448833;-50,47341919;-32,84243011;2,261566162;60,26031814
4,405379833;-50,06225586;-32,43469238;1,729995728;59,67605564
4,415311833;-50,40982056;-32,63007355;2,356719971;60,09513988
4,425243833;-50,14865112;-32,05688477;2,519485474;59,57246744
4,435175833;-50,20870972;-32,79532623;3,261627197;60,05902235
4,445106833;-50,29580688;-32,31520844;2,62588501;59,84008822
4,455038833;-50,42367554;-32,74047089;2,431549072;60,16974256
4,464970833;-50,26589966;-32,42624664;2,154037476;59,85617777
4,474901833;-50,38119507;-32,96459961;2,772171021;60,27117533
4,484833833;-50,02478027;-32,39383698;2,156524658;59,63631372
4,494765833;-50,43914795;-32,69403839;2,452026367;60,15829307
4,504696833;-50,15353394;-32,20910645;2,098526001;59,64232822
4,514628833;-50,3369751;-32,89648438;2,503112793;60,18517525
4,524560833;-50,20217896;-32,67708588;2,354187012;59,9465838
4,534491833;-50,20217896;-32,67708588;2,354187012;59,9465838
4,544423833;-50,39526367;-32,82210541;2,762756348;60,20470103
4,554355833;-50,1803894;-32,54888153;2,548797607;59,86649763
4,564286833;-50,48388672;-32,78656769;2,847930908;60,26352586
4,574218833;-50,11978149;-32,33168793;2,609725952;59,7004289
4,584150833;-50,58251953;-32,84138489;2,796524048;60,37357361
4,594081833;-50,29742432;-32,44500732;2,585830688;59,90989829
4,604013833;-50,40139771;-32,72343445;2,944244385;60,16471248
4,613945833;-50,17703247;-32,58847809;2,872589111;59,89987696
4,623877833;-50,47680664;-33,07065582;3,08013916;60,42403117
4,633808833;-50,26211548;-32,52254486;2,95892334;59,9395646
4,643740833;-50,52487183;-32,93762207;3,152191162;60,39524758
4,653672833;-50,3230896;-32,5969162;2,711746216;60,01937904
4,663603833;-50,4057312;-33,18056488;2,746841431;60,40887982
4,673535833;-50,37322998;-32,62115479;2,770263672;60,07725359
4,683467833;-50,50500488;-32,94728851;2,832962036;60,36807942
4,693398833;-50,13839722;-32,34883881;2,764419556;59,73230502
4,703330833;-50,4152832;-32,97445679;2,852615356;60,30881358
4,713262833;-50,10189819;-32,42175293;2,5259552;59,73065139
4,723193833;-50,47711182;-32,78478241;3,307800293;60,28036428
4,733125833;-50,35488892;-32,40164185;2,742614746;59,94166471
4,743057833;-50,35150146;-32,59348297;2,683609009;60,04007486
4,752988833;-49,98184204;-32,83343506;2,136611938;59,83965326
4,762920833;-50,36166382;-33,23866272;2,828674316;60,40784122
4,772852833;-50,11590576;-32,69515228;2,570266724;59,89309864
4,782783833;-50,35845947;-32,78999329;2,854675293;60,16067878
4,792715833;-50,24520874;-32,45042419;2,137145996;59,85130262
4,802647833;-50,3963623;-32,92877197;2,545837402;60,25428321
4,812579833;-50,25317383;-32,68967438;2,295593262;59,99388335
4,822510833;-50,58477783;-33,03728485;2,469787598;60,46802287
4,832442833;-50,15332031;-32,58275604;2,381942749;59,85536886
4,842374833;-50,27481079;-32,68386078;2,595825195;60,02107683
4,852305833;-50,26028442;-32,49353027;2,300567627;59,89339122
4,862237833;-50,33178711;-32,92515564;2,590560913;60,20021323
4,872169833;-50,00036621;-32,85399628;2,246047974;59,8704136
4,882100833;-50,15658569;-32,93280792;2,966812134;60,07541011
4,892032833;-49,84121704;-32,47415161;2,220535278;59,52854959
4,901964833;-50,08251953;-32,84772491;2,288665771;59,93721536
4,911895833;-50,05319214;-32,55860138;1,828369141;59,73882741
4,921827833;-50,0796814;-32,96636963;2,284683228;59,99979827
4,931759833;-49,83334351;-32,787323;2,009536743;59,68591888
4,941690833;-50,09735107;-33,00201416;2,216766357;60,03158815
4,951622833;-50,18463135;-32,59680939;2,209991455;59,8826625
4,961554833;-50,1206665;-32,94545746;2,590393066;60,03494411
4,971485833;-49,8850708;-32,65037537;2,544128418;59,67444922
4,981417833;-50,17047119;-32,8528595;2,430801392;60,01912489
4,991349833;-49,9385376;-32,68649292;2,098754883;59,72159684
5,001281833;-50,37927246;-32,79291534;2,172729492;60,15120235
5,011212833;-50,21322632;-32,53308105;2,033432007;59,86571895
5,021144833;-50,12521362;-32,86901855;2,538009644;59,99459071
5,031076833;-50,27368164;-32,66904449;2,575927734;60,01120677
5,041007833;-50,26669312;-33,14802551;2,616775513;60,26922553
5,050939833;-49,86251831;-32,98687744;1,823471069;59,81412762
5,060871833;-50,11968994;-33,06580353;1,992446899;60,0774544
5,070802833;-50,31570435;-32,57146454;2,201629639;59,97847596
5,080734833;-50,37963867;-32,98861694;2,31451416;60,26370231
5,090666833;-50,24145508;-32,78607941;1,943756104;60,02423676
5,100597833;-50,32830811;-32,92165375;2,24571228;60,18153459
5,110529833;-50,01309204;-32,93331146;2,591598511;59,93854154
5,120461833;-50,26977539;-32,78845978;2,991531372;60,09228463
5,130392833;-50,25509644;-32,80143738;2,523208618;60,06559409
5,140324833;-50,22058105;-32,93476868;2,542709351;60,11049093
5,150256833;-50,1260376;-32,68624115;2,484588623;59,89309799
5,160187833;-50,19781494;-32,62081146;2,515563965;59,91882866
5,170119833;-50,25527954;-32,6105957;2,353149414;59,95482788
5,180051833;-50,13442993;-32,80349731;2,477890015;59,96390948
5,189982833;-49,9949646;-32,53566742;2,207641602;59,69036623
5,199915083;-50,33551025;-32,65454102;2,518325806;60,05268192
5,209847083;-50,22766113;-32,42120361;2,25062561;59,824892
5,219779083;-50,30755615;-32,7767334;2,552520752;60,09725302
5,229710083;-50,11697388;-32,75415039;2,294372559;59,91501968
5,239642083;-50,22177124;-32,48619843;2,182144165;59,85266199
5,249574083;-50,15228271;-32,52811432;1,873565674;59,80668801
5,259505083;-50,1022644;-32,75386047;2,556884766;59,91318665
5,269437083;-50,1751709;-33,08889008;2,489212036;60,15495489
5,279369083;-50,31521606;-32,94837189;2,227432251;60,18452984
5,289300083;-50,20153809;-32,57636261;2,40625;59,89327062
5,299232083;-50,33322144;-32,93249512;2,46661377;60,20022091
5,309164083;-50,296875;-32,84617615;2,851882935;60,13967209
5,319095083;-50,26217651;-32,93846893;2,635162354;60,15125272
5,329027083;-50,12701416;-32,72962189;2,018096924;59,90007022
5,338959083;-50,2822876;-32,98587799;2,322937012;60,18116507
5,348890083;-50,11911011;-32,92449951;2,838424683;60,03336173
5,358822083;-50,19363403;-33,19853973;2,608322144;60,23576415
5,368754083;-50,2159729;-32,74510956;2,394287109;59,99682279
5,378685083;-50,4151001;-32,71445465;2,336990356;60,14465383
5,388617083;-50,37414551;-32,89224243;2,429595947;60,21093824
5,398549083;-50,27920532;-32,98705292;2,613449097;60,19114772
5,408481083;-50,30975342;-32,9059906;2,573028564;60,17055744
5,418412083;-50,37756348;-32,75140381;2,01902771;60,12179161
5,428344083;-50,4725647;-32,77839661;2,568222046;60,23702213
5,438275083;-50,42544556;-33,09806824;2,364822388;60,36389704
5,448207083;-50,38656616;-32,90423584;2,167724609;60,21788618
5,458139083;-50,30847168;-32,96356201;2,581054688;60,20133376
5,468071083;-50,23876953;-32,91860199;2,368301392;60,10970947
5,478002083;-50,49490356;-33,03659058;2,50201416;60,39380496
5,487934083;-50,58151245;-32,69491577;2,28616333;60,27166384
5,497866083;-50,5843811;-33,00846863;2,590179443;60,45699002
5,507797083;-50,5843811;-33,00846863;2,590179443;60,45699002
5,517729083;-50,60650635;-33,12882233;2,766098022;60,54905987
5,527661083;-50,49847412;-33,15828705;2,74609375;60,47403508
5,537592083;-50,34078979;-33,12273407;2,730377197;60,32218157
5,547524083;-50,40341187;-33,03242493;2,850631714;60,33051571
5,557456083;-50,41314697;-32,9016037;2,384735107;60,246891
5,567387083;-50,60021973;-32,83191681;2,374786377;60,36519368
5,577319083;-50,40112305;-32,85044098;2,500915527;60,21361354
5,587251083;-50,29324341;-33,05275726;2,500091553;60,23408963
5,597182083;-50,22363281;-33,28912354;2,23425293;60,29569574
5,607114083;-50,26672363;-33,20291138;2,055419922;60,27770384
5,617046083;-50,2494812;-33,17504883;2,392501831;60,2604206
5,626978083;-50,24591064;-33,2924881;2,357055664;60,32078424
5,636909083;-50,23245239;-33,34423828;2,2240448;60,33310762
5,646841083;-50,37362671;-33,45420837;2,121246338;60,50773514
5,656773083;-50,40380859;-33,42668152;2,406051636;60,52830778
5,666704083;-50,32977295;-33,50270844;2,715499878;60,52182629
5,676636083;-50,11233521;-33,23508453;2,452972412;60,18167543
5,686568083;-50,22653198;-32,93305969;2,068267822;60,09632824
5,696499083;-50,1171875;-33,0449295;2,768753052;60,09464071
5,706431083;-50,39056396;-32,88974762;2,566070557;60,22897271
5,716363083;-50,39627075;-32,93938446;2,569076538;60,26099326
5,726294083;-50,33776855;-32,99345398;2,591278076;60,24262337
5,736226083;-50,46386719;-33,21666718;2,381988525;60,46174608
5,746158083;-50,26452637;-33,09216309;2,02166748;60,21379417
5,756089083;-50,40145874;-33,17163849;2,248703003;60,37980878
5,766021083;-50,47528076;-32,80828094;1,941543579;60,2321082
5,775953083;-50,67797852;-32,69013977;2,475372314;60,35751994
5,785884083;-50,49450684;-32,66407013;2,64453125;60,19659661
5,795816083;-50,27655029;-32,98600769;2,507141113;60,18383478
5,805748083;-50,31210327;-32,81271362;2,421890259;60,11528477
5,815679083;-50,28637695;-32,97310638;2,645629883;60,19090304
5,825611083;-50,21853638;-32,76914215;2,550796509;60,01853577
5,835543083;-50,18624878;-33,10945892;3,000091553;60,19880718
5,845474083;-50,18942261;-32,76328278;2,283309937;59,9801996
5,855406083;-50,3067627;-32,96083832;3,277053833;60,23226973
5,865338083;-50,32965088;-32,91191101;3,093353271;60,21491907
5,875270083;-50,64315796;-32,89028168;2,864440918;60,454157
5,885201083;-50,337677;-32,94991302;2,648452759;60,22119889
5,895133083;-50,68743896;-32,71404266;2,500534058;60,37944788
5,905065083;-50,59243774;-32,80731964;2,415771484;60,34692147
5,914996083;-50,67440796;-32,71207428;2,547531128;60,36940732
5,924928083;-50,41656494;-32,61405945;2,221694946;60,0869605
5,934860083;-50,60800171;-32,78691864;2,295333862;60,34418305
5,944791083;-50,55749512;-32,85703278;2,436279297;60,3455083
5,954723083;-50,35754395;-33,03163147;2,463470459;60,27470113
5,964655083;-50,42230225;-32,85915375;2,285522461;60,22753657
5,974586083;-50,50811768;-32,97402191;2,482940674;60,36986886
5,984518083;-50,36456299;-32,93145752;2,522064209;60,2281571
5,994450083;-50,37908936;-33,0305481;2,509689331;60,29401539
6,004381083;-50,42337036;-32,76732635;2,613555908;60,19173224
6,014313083;-50,2411499;-33,03484344;2,552474976;60,18296398
6,024245083;-50,31765747;-32,7736969;2,791091919;60,11465758
6,034176083;-50,53033447;-32,79238892;2,798950195;60,3033133
6,044108083;-50,32772827;-32,63658905;2,365890503;60,03019753
6,054040083;-50,5637207;-32,74887085;2,204727173;60,28299275
6,063972083;-50,40390015;-32,84123993;2,17539978;60,198277
6,073903083;-50,65768433;-33,11501312;1,957046509;60,55274648
6,083835083;-50,28363037;-32,81877136;2,311126709;60,09040309
6,093767083;-50,45727539;-33,01404572;2,36227417;60,34437997
6,103698083;-50,43807983;-32,79650879;2,164794922;60,20213637
6,113630083;-50,51202393;-33,07379913;2,406387329;60,42459309
6,123562083;-50,31573486;-33,04645538;2,618469238;60,25444191
6,133493083;-50,43481445;-33,14571381;2,281341553;60,39464688
6,143425083;-50,37826538;-32,88825989;2,857467651;60,23099188
6,153357083;-50,41375732;-32,967659;2,625411987;60,29350094
6,163288083;-50,36795044;-32,8502655;2,586669922;60,1893781
6,173220083;-50,40206909;-32,96759796;2,729858398;60,28833395
6,183152083;-50,33786011;-32,64676666;2,669952393;60,05697445
6,193084333;-50,51187134;-32,72724915;2,544540405;60,24115428
6,203016333;-50,29208374;-32,61439514;2,482345581;59,99295373
6,212948333;-50,39422607;-33,01994324;2,246780396;60,29048594
6,222879333;-50,32745361;-32,849823;2,000061035;60,1328837
6,232811333;-50,54058838;-32,82717896;2,435821533;60,31507256
6,242743333;-50,53085327;-32,79149628;2,32989502;60,28331254
6,252675333;-50,53320313;-32,98580933;2,564529419;60,40070402
6,262606333;-50,37115479;-33,0404892;2,619400024;60,29749926
6,272538333;-50,56164551;-33,01441193;2,449935913;60,43536694
6,282470333;-50,51864624;-33,10217285;2,471481323;60,44828935
6,292401333;-50,52761841;-33,04309845;2,793518066;60,43749102
6,302333333;-50,60552979;-32,66842651;2,503036499;60,28607573
6,312265333;-50,48553467;-33,04103088;2,508651733;60,38867664
6,322196333;-50,52706909;-33,06235504;2,280288696;60,4260188
6,332128333;-50,45477295;-33,1523056;2,405685425;60,41975507
6,342060333;-50,34619141;-32,86750793;2,444595337;60,17464677
6,351991333;-50,46142578;-33,00931549;2,542602539;60,3525909
6,361923333;-50,59707642;-32,85390472;2,790267944;60,39229084
6,371855333;-50,42562866;-33,29631042;3,00617981;60,50144982
6,381786333;-50,2895813;-32,97990417;2,268920898;60,18192477
6,391718333;-50,45587158;-33,31781769;2,583145142;60,51896059
6,401650333;-50,27911377;-33,11811066;2,839141846;60,27320517
6,411581333;-50,45687866;-33,06832123;2,575134277;60,3824626
6,421513333;-50,26989746;-32,92241669;2,949523926;60,1635089
6,431445333;-50,37643433;-33,0621109;2,83682251;60,32359302
6,441376333;-50,26977539;-33,18858337;3,023422241;60,31312847
6,451308333;-50,25692749;-33,17337036;3,194747925;60,30288282
6,461240333;-50,43792725;-33,15519714;2,809997559;60,42472746
6,471171333;-50,49871826;-33,23581696;2,878097534;60,52291731
6,481103333;-50,28860474;-33,04852295;2,458740234;60,22619064
6,491035333;-50,28860474;-33,04852295;2,458740234;60,22619064
6,500967333;-50,5328064;-33,34568024;2,988540649;60,61707918
6,510898333;-50,55328369;-32,99510956;2,940338135;60,43969999
6,520830333;-50,60119629;-33,22418976;2,889541626;60,60261795
6,530762333;-50,46832275;-33,08274078;2,671783447;60,40412044
6,540693333;-50,58892822;-33,30982971;2,643875122;60,62816581
6,550625333;-50,40084839;-32,96035004;3,596847534;60,32882814
6,560557333;-50,69815063;-33,02661896;3,335617065;60,59856746
6,570488333;-50,55456543;-32,81781769;2,781982422;60,33666108
6,580420333;-50,52670288;-33,05049133;3,212966919;60,46160631
6,590352333;-50,49157715;-32,98361206;2,439880371;60,35951494
6,600283333;-50,52462769;-33,21311188;2,594619751;60,5192602
6,610215333;-50,30960083;-32,88065338;2,565490723;60,15625525
6,620147333;-50,4480896;-32,93083191;2,502792358;60,29687723
6,630078333;-50,46640015;-32,54012299;2,549484253;60,10172225
6,640010333;-50,49526978;-32,93527222;3,036834717;60,36329009
6,649942333;-50,56060791;-32,83022308;2,402786255;60,33218048
6,659873333;-50,55688477;-32,82967377;2,522888184;60,33366425
6,669805333;-50,23007202;-32,60439301;1,905670166;59,91442362
6,679737333;-50,32510376;-32,96079254;2,080108643;60,19432503
6,689668333;-50,29669189;-32,93215179;2,240341187;60,160643
6,699600333;-50,48690796;-33,07445526;2,989181519;60,42998157
6,709532333;-50,45083618;-33,03700256;2,265731812;60,34785788
6,719464333;-50,25473022;-33,08380127;2,619003296;60,22404001
6,729395333;-50,31903076;-32,7289505;2,527740479;60,07976806
6,739327333;-50,456604;-33,18981171;2,361541748;60,44013044
6,749259333;-50,34222412;-32,86129761;2,741592407;60,18073395
6,759190333;-50,49667358;-33,13571167;3,006057739;60,47252115
6,769122333;-50,51184082;-32,82835388;2,9662323;60,31538291
6,779054333;-50,45059204;-33,12563324;3,080200195;60,43225503
6,788985333;-50,30264282;-33,15770721;3,029327393;60,32384476
6,798917333;-50,59381104;-33,46086884;3,202087402;60,74221614
6,808849333;-50,52478027;-33,02371979;3,048294067;60,43683965
6,818780333;-50,39584351;-33,25720215;2,935775757;60,45164445
6,828712333;-50,4397583;-32,89069366;2,617736816;60,27287527
6,838644333;-50,65826416;-33,14199829;2,4271698;60,58500583
6,848575333;-50,66778564;-33,05416107;2,382537842;60,54319576
6,858507333;-50,45172119;-33,1062851;2,777084351;60,40790082
6,868439333;-50,27877808;-32,90908813;2,573959351;60,14639535
6,878370333;-50,54406738;-33,20583344;2,901687622;60,54543676
6,888302333;-50,37399292;-32,83592224;2,341781616;60,17658094
6,898234333;-50,65115356;-33,27036285;2,528823853;60,65353536
6,908165333;-50,53967285;-32,93419647;2,572891235;60,37830404
6,918097333;-50,55621338;-33,06351471;2,640274048;60,46567426
6,928029333;-50,50491333;-32,73639679;2,984100342;60,26045801
6,937960333;-50,65432739;-33,05656433;3,047409058;60,5630583
6,947892333;-50,57513428;-32,91958618;2,110061646;60,38208113
6,957824333;-50,58282471;-33,17163849;2,843505859;60,55629844
6,967756333;-50,50033569;-32,77516174;2,753753662;60,26672624
6,977687333;-50,51434326;-33,02071381;2,590438843;60,40510565
6,987619333;-50,20739746;-32,8164978;2,741073608;60,04347402
6,997551333;-50,32293701;-33,1098938;2,787963867;60,30286726
7,007482333;-50,21923828;-32,74003601;2,677490234;60,00875607
7,017414333;-50,56317139;-32,92254639;3,089523315;60,41583828
7,027346333;-50,31115723;-32,82642365;2,58164978;60,12862502
7,037277333;-50,48510742;-32,89182281;3,190383911;60,33901415
7,047209333;-50,55511475;-32,52760315;2,550979614;60,16952792
7,057141333;-50,54769897;-32,90627289;2,843353271;60,38192879
7,067072333;-50,38720703;-32,76126862;2,181365967;60,14091545
7,077004333;-50,46566772;-32,91069031;2,710571289;60,30957098
7,086936333;-50,26138306;-32,46692657;2,590713501;59,89173352
7,096867333;-50,65823364;-32,89936066;2,584609985;60,45911657
7,106799333;-50,59146118;-32,65354156;2,55632019;60,26843696
7,116731333;-50,74133301;-32,88929749;2,9556427;60,54027245
7,126662333;-50,60665894;-32,63821411;2,618652344;60,27556959
7,136594333;-50,55606079;-33,00708008;2,688873291;60,43684851
7,146526333;-50,49841309;-32,83249664;2,415023804;60,28179576
7,156457333;-50,7003479;-32,67637634;2,088531494;60,35422779
7,166389333;-50,43347168;-32,54254913;1,725418091;60,04606263
7,176321333;-50,81692505;-32,82037354;1,956054688;60,52572131
7,186253333;-50,36706543;-32,70077515;2,057891846;60,08674474
7,196182958;-50,66488647;-33,0610199;2,966140747;60,57028768
7,206114958;-50,60623169;-32,72743988;2,098693848;60,30323808
7,216046958;-50,91342163;-32,99560547;2,167785645;60,7090255
7,225977958;-50,4987793;-32,57122803;1,676574707;60,11507721
7,235909958;-50,83572388;-33,02080536;2,329162598;60,66357562
7,245841958;-50,4616394;-32,69345856;2,040710449;60,16148089
7,255772958;-50,83450317;-32,94619751;1,918930054;60,607598
7,265704958;-50,6569519;-32,69512177;1,719848633;60,31629666
7,275636958;-50,86431885;-33,08618927;2,158447266;60,71683248
7,285567958;-50,42681885;-32,71600342;1,952896118;60,14162238
7,295499958;-50,59286499;-33,20529938;2,259872437;60,55854125
7,305431958;-50,34146118;-32,93604279;1,953460693;60,19021214
7,315362958;-50,61740112;-33,11588287;1,929595947;60,51864453
7,325294958;-50,54708862;-32,68704987;1,529464722;60,21453861
7,335226958;-50,6673584;-33,26296997;2,537124634;60,6633611
7,345157958;-50,49887085;-32,99234772;2,498794556;60,37279966
7,355089958;-50,75018311;-33,20155334;2,474624634;60,69635901
7,365021958;-50,53112793;-32,62475586;2,306869507;60,19211935
7,374952958;-50,35690308;-33,06076813;2,43687439;60,28905733
7,384884958;-50,44998169;-32,72025299;2,147018433;60,16997005
7,394816958;-50,59286499;-33,18505859;2,510101318;60,55730105
7,404747958;-50,5541687;-32,83826447;2,073287964;60,31893657
7,414679958;-50,7713623;-33,12203979;2,680496216;60,6793689
7,424611958;-50,33630371;-32,77127838;2,294113159;60,10792887
7,434543958;-50,76239014;-33,08022308;2,536148071;60,64283518
7,444474958;-50,5536499;-32,6306839;2,310287476;60,21437103
7,454406958;-50,68078613;-33,15734863;2,475067139;60,61417168
7,464338958;-50,68078613;-33,15734863;2,475067139;60,61417168
7,474269958;-50,63583374;-32,40402222;2,588668823;60,17233185
7,484201958;-50,73620605;-32,79350281;2,659118652;60,47021865
7,494133958;-50,3888855;-32,40692139;2,491317749;59,96211304
7,504064958;-50,48651123;-32,95546722;2,812698364;60,35612569
7,513996958;-50,27459717;-32,70446777;2,279327393;60,01926912
7,523928958;-50,64520264;-33,28268433;2,249679565;60,64432937
7,533859958;-50,26922607;-32,51302338;2,163818359;59,90637603
7,543791958;-50,66903687;-33,01062012;2,828063965;60,53965876
7,553723958;-50,44204712;-32,66423035;2,78276062;60,15892135
7,563654958;-50,71325684;-33,08197021;2,78553772;60,61361557
7,573586958;-50,43560791;-32,54286957;2,077835083;60,05919
7,583518958;-50,55160522;-32,78382874;2,511245728;60,30381889
7,593449958;-50,39294434;-32,6500473;2,381561279;60,09281373
7,603381958;-50,65551758;-33,06316376;2,981155396;60,56435871
7,613313958;-50,61181641;-32,66815948;2,152008057;60,27765542
7,623244958;-50,73907471;-33,06295776;2,819076538;60,62639747
7,633176958;-50,39251709;-32,65159607;2,451705933;60,09611773
7,643108958;-50,76672363;-33,10701752;3,154663086;60,69008763
7,653040958;-50,34475708;-32,5437088;2,793045044;60,01240412
7,662971958;-50,72357178;-33,15387726;3,103561401;60,67695118
7,672903958;-50,44415283;-32,77136993;2,705154419;60,21538925
7,682835958;-50,70870972;-33,10800934;3,103042603;60,63944588
7,692766958;-50,57327271;-32,63846588;2,141220093;60,22881529
7,702698958;-50,68209839;-32,89644623;2,706008911;60,48283852
7,712630958;-50,42053223;-32,69567871;2,628860474;60,15104641
7,722561958;-50,70056152;-32,90233612;3,062774658;60,51851989
7,732493958;-50,33502197;-32,44742584;2,377838135;59,93416384
7,742425958;-50,52941895;-32,78710175;2,364898682;60,28108298
7,752356958;-50,18429565;-32,75113678;2,35647583;59,97210576
7,762288958;-50,34127808;-33,04563141;3,025283813;60,29436438
7,772220958;-50,15533447;-32,67675781;2,840667725;59,92826938
7,782151958;-50,64144897;-33,09029388;3,194198608;60,5782701
7,792083958;-50,32995605;-32,74956512;2,856140137;60,11485697
7,802015958;-50,58355713;-32,88987732;2,780792236;60,40010834
7,811946958;-50,20355225;-32,50310516;2,84072876;59,87418679
7,821878958;-50,47738647;-32,91701508;3,133773804;60,34332577
7,831810958;-50,36865234;-32,69219208;3,107955933;60,1285286
7,841741958;-50,58786011;-33,01007843;3,635620117;60,51458173
7,851673958;-50,43441772;-32,54634857;2,569320679;60,07908709
7,861605958;-50,4604187;-33,11528015;2,733612061;60,4181121
7,871536958;-50,37713623;-32,62123871;3,100418091;60,09670259
7,881468958;-50,51348877;-32,95388031;3,108718872;60,39234147
7,891400958;-50,36624146;-32,3491745;3,07409668;59,9389476
7,901331958;-50,51547241;-32,92589569;3,050598145;60,37577088
7,911263958;-50,26092529;-32,62832642;2,710113525;59,98427303
7,921195958;-50,39916992;-32,9591217;2,778900146;60,28351614
7,931127958;-50,17407227;-32,48340607;2,948822021;59,84400345
7,941058958;-50,31991577;-32,73629761;3,173629761;60,11514809
9,370605667;-48,14788818;-34,63706207;57,19155884;82,39429354
9,380537667;-48,1678772;-34,93330383;57,50230408;82,74657144
9,390468667;-48,12368774;-34,90460205;57,42399597;82,65431555
9,400400667;-48,25775146;-34,77689362;57,56207275;82,77460435
9,410332667;-48,0531311;-34,64212799;57,07218933;82,25822291
9,420263667;-48,13479614;-35,01235199;57,62261963;82,84437026
9,430195667;-47,8866272;-34,94257355;57,22271729;82,39266887
9,440126667;-47,90356445;-35,1416626;57,44165039;82,63916225
9,450058667;-47,88470459;-34,57745361;57,44657898;82,39329262
9,459990667;-48,00286865;-35,07376862;57,69688416;82,84548923
9,469921667;-47,94125366;-35,06439972;57,12817383;82,41058291
9,479853667;-48,17950439;-35,05514526;57,43548584;82,75846112
9,489784667;-47,72973633;-34,59731293;57,23268127;82,16253159
9,499716667;-47,98193359;-34,95011902;57,26716614;82,48215012
9,509648667;-48,10083008;-34,8449173;57,26867676;82,5079357
9,519579667;-48,21530151;-35,15023804;57,22225952;82,67189074
9,529511667;-48,02398682;-34,82100677;57,03625488;82,29179907
9,539442667;-48,1373291;-34,9176712;57,30854797;82,5876255
9,549374667;-47,93899536;-34,80898285;57,23239136;82,37329169
9,559306667;-48,19647217;-34,95015717;57,53572083;82,79355401
9,569237667;-48,03948975;-34,71310425;57,55960083;82,61900404
9,579169667;-48,21279907;-35,1460495;57,32485962;82,7397022
9,589100667;-48,03240967;-34,59303284;56,88859558;82,09812791
9,599032667;-48,19610596;-34,89360809;57,29650879;82,60338029
9,608964667;-48,09124756;-34,70168304;56,83120728;82,13866945
9,618895667;-48,21640015;-35,09992218;56,80558777;82,36322348
9,628827667;-48,05477905;-34,83701324;56,29740906;81,80634174
9,638758667;-48,1282959;-35,10482788;56,83763123;82,33588604
9,648690667;-47,96817017;-34,51177979;56,84565735;81,99656732
9,658622667;-48,02893066;-35,05648041;56,99302673;82,36467747
9,668553667;-47,84286499;-34,99748993;56,76324463;82,07210228
9,678485667;-48,14666748;-35,0927887;57,38414001;82,71967682
9,688416667;-47,80853271;-34,87567139;57,33430481;82,39654582
9,698348667;-48,300354;-35,13838959;57,27276611;82,7514372
9,708280667;-47,99554443;-34,57830048;57,08395386;82,20589357
9,718211667;-48,09585571;-35,04741669;57,15438843;82,51155598
9,728143667;-48,03146362;-34,52133942;57,10726929;82,21912538
9,738074667;-48,08297729;-34,69223785;57,08581543;82,30622331
9,748006667;-47,82666016;-34,49345398;57,31208801;82,2305492
9,757938667;-48,12850952;-34,77498627;57,13340759;82,40072428
9,767869667;-48,07476807;-34,40470123;57,1967926;82,25776483
9,777801667;-48,19421387;-34,86170197;57,51135254;82,73799723
9,787732667;-47,98031616;-34,57662964;57,2665863;82,32324072
9,797664667;-48,1932373;-34,97380066;57,46116638;82,74986705
9,807596667;-48,13446045;-34,45192719;57,46839905;82,50138459
9,817527667;-48,3442688;-34,58960724;57,33111572;82,58611315
9,827459667;-47,95895386;-34,59279633;57,1217804;82,21691194
9,837390667;-48,40744019;-35,09104919;57,36968994;82,86098794
9,847322667;-48,07501221;-34,75966644;57,56124878;82,6603809
9,857254667;-48,21609497;-35,04407501;57,23085022;82,63322107
9,867185667;-48,09735107;-34,69461823;56,67353821;82,03024837
9,877117667;-48,17202759;-34,79382324;56,9606781;82,31447763
9,887048667;-48,25854492;-34,67758179;56,84980774;82,23942167
9,896980667;-48,44903564;-34,9838562;57,13476563;82,67744972
9,906912667;-48,02383423;-34,52835083;57,17077637;82,26173676
9,916843667;-48,30877686;-35,01526642;57,24847412;82,6873303
9,926775667;-48,14349365;-34,51364136;57,23799133;82,37217414
9,936706667;-48,30819702;-35,1245575;57,12191772;82,64581008
9,946638667;-47,97711182;-34,75988007;56,73632813;82,03086888
9,956570667;-48,28305054;-34,91414642;56,96401978;82,43270066
9,966501667;-47,90975952;-34,45004272;56,98171997;82,03088999
9,976433667;-48,24014282;-34,69716644;57,12072754;82,42440326
9,986365667;-48,07418823;-34,5642395;57,29315186;82,39125849
9,996296667;-48,27511597;-35,23699951;56,99099731;82,58393749
10,00622867;-48,05975342;-34,61245728;57,45310974;82,514374
10,01615967;-48,36715698;-34,66394043;57,30426025;82,61203837
10,02609167;-48,1144104;-34,25820923;57,23835754;82,24871404
10,03602367;-48,28323364;-34,70928192;57,23609924;82,53469549
10,04595467;-48,02685547;-34,47650909;57,17703247;82,24610366
10,05588667;-48,1867981;-34,49999237;57,45001221;82,53920818
10,06581767;-48,01339722;-34,4098053;57,11915588;82,17006135
10,07574967;-48,31887817;-34,76348877;57,24531555;82,58474612
10,08568167;-47,91146851;-34,24758148;57,09425354;82,02535851
10,09561267;-48,13412476;-34,53808594;57,2875061;82,41135663
10,10554467;-47,85986328;-34,24547577;57,31874084;82,15081969
10,11547567;-48,19854736;-34,8012085;57,61605835;82,78788716
10,12540767;-48,04653931;-34,42824554;56,91345215;82,05434215
10,13533967;-48,20306396;-35,04662323;57,24729919;82,63809316
10,14527067;-48,03381348;-34,39811707;57,18725586;82,22444848
10,15520267;-48,30609131;-34,98756409;57,3447876;82,74075636
10,16513367;-48,15371704;-34,58406067;57,11531067;82,32251472
10,17506567;-48,2046814;-34,96638489;57,24382019;82,60262908
10,18499767;-48,2046814;-34,96638489;57,24382019;82,60262908
10,19492867;-48,08459473;-34,6040802;57,2036438;82,35185171
10,20486067;-48,33401489;-34,86785889;57,96990967;83,14117515
10,21479167;-47,88989258;-34,37982941;57,40052795;82,28143831
10,22472367;-48,07406616;-34,9635849;57,69065857;82,83586296
10,23465567;-47,96917725;-34,79042816;57,34126282;82,45869438
10,24458667;-48,31863403;-35,22406769;57,49560547;82,95281784
10,25451867;-48,03109741;-34,82831573;57,84547424;82,86191397
10,26444967;-48,28436279;-35,00115204;57,42015076;82,78607399
10,27438167;-48,04891968;-34,71099091;56,92451477;82,18243093
10,28431367;-48,121521;-35,02220917;57,61010742;82,83212176
10,29424467;-47,74813843;-34,5120697;57,42414856;82,27089714
10,30417667;-47,98751831;-34,9798584;57,27230835;82,50157399
10,31410767;-47,89916992;-34,43048096;57,23922729;82,19560596
10,32403967;-48,18395996;-34,89524841;57,22776794;82,54931728
10,33397104;-48,04934692;-34,60839081;57,30996704;82,40699471
10,34390204;-48,14389038;-34,96469116;57,36975098;82,65380896
10,35383404;-48,20101929;-34,52992249;56,86503601;82,15403902
10,36376504;-48,47622681;-35,0905838;56,71206665;82,44726885
10,37369704;-48,00003052;-34,80728149;56,95793152;82,21773372
10,38362904;-48,2505188;-34,80558777;57,55221558;82,77559436
10,39356004;-48,33679199;-34,25899506;57,71217346;82,70924476
10,40349204;-48,3079834;-34,84323883;57,80447388;83,00042019
10,41342304;-48,03912354;-34,37928772;57,70910645;82,58349581
10,42335504;-48,47311401;-34,80834961;57,32681274;82,75039241
10,43328704;-48,03024292;-34,46531677;57,12939453;82,21027925
10,44321804;-47,86901855;-34,93716431;57,28022766;82,4200999
10,45315004;-47,92843628;-34,75384521;57,39987183;82,4603544
10,46308104;-48,15316772;-35,14369202;57,15211487;82,5843259
10,47301304;-48,04800415;-34,92615509;57,03276062;82,34793741
10,48294504;-48,16104126;-34,99777222;56,72445679;82,2313441
10,49287604;-48,24249268;-34,93334961;57,04200745;82,47101083
10,50280804;-48,16903687;-35,19568634;56,85823059;82,41268613
10,51273904;-48,01098633;-34,69641113;56,74208069;82,02779696
10,52267104;-48,21459961;-34,99375916;57,3026123;82,66075352
10,53260304;-48,0178833;-34,81896973;57,00500488;82,26571796
10,54253404;-48,03338623;-34,77129364;56,71742249;82,05556086
10,55246604;-48,00787354;-34,66062927;56,92958069;82,14068602
10,56239704;-48,269104;-34,82474518;56,71485901;82,21462468
10,57232904;-48,1008606;-34,71856689;56,96115112;82,24137897
10,58226104;-48,26043701;-34,99304199;56,90602112;82,41285099
10,59219204;-48,34295654;-34,6991272;56,63293457;82,14840323
10,60212404;-48,3069458;-34,74559021;57,0806427;82,45615091
10,61205504;-48,15979004;-34,47302246;57,36180115;82,45077856
10,62198704;-48,29937744;-34,95249939;57,28083801;82,67769638
10,63191904;-47,99862671;-34,46318817;56,81037903;81,96949841
10,64185004;-48,19696045;-34,80442047;57,06448364;82,40540015
10,65178204;-48,13287354;-34,83455658;56,86628723;82,24350716
10,66171304;-47,99996948;-34,76163483;56,97315979;82,20893663
10,67164504;-48,22674561;-34,65948486;56,79962158;82,17843935
10,68157704;-48,18167114;-34,81730652;56,69041443;82,14329769
10,69150804;-48,09606934;-34,73275757;56,49104309;81,9196819
10,70144004;-48,22735596;-34,91278076;56,21499634;81,88349001
10,71137104;-48,19692993;-34,80334473;56,39935303;81,94573742
10,72130304;-48,109375;-34,90139771;56,55535889;82,04345278
10,73123504;-47,96151733;-35,06948853;56,53065491;82,01153038
10,74116604;-48,22366333;-34,97019196;57,03883362;82,47341736
10,75109804;-48,24401855;-35,09017181;56,8143158;82,38125978
10,76102904;-48,29208374;-34,91917419;56,30172729;81,98389217
10,77096104;-48,05737305;-34,95227814;56,18389893;81,77899088
10,78089304;-48,33682251;-34,85231018;56,83325195;82,34774109
10,79082404;-48,34912109;-34,9019165;56,82176208;82,36803951
10,80075604;-48,27584839;-34,70815277;56,68203735;82,14661749
10,81068704;-48,16268921;-34,75711823;56,82276917;82,19810822
10,82061904;-48,09841919;-34,95928955;56,74320984;82,19125086
10,83055104;-48,06893921;-34,77300262;56,94801331;82,23661501
10,84048204;-48,20706177;-34,92564392;56,72331238;82,22685434
10,85041404;-48,23904419;-34,84898376;56,81518555;82,27649945
10,86034504;-48,13391113;-34,71542358;57,26187134;82,46790857
10,87027704;-48,212677;-34,93585205;57,26905823;82,61186968
10,88020904;-48,10632324;-34,93964386;56,60702515;82,09355849
10,89014004;-48,15457153;-34,55152893;57,1716156;82,34843375
10,90007204;-47,89877319;-34,86009979;57,02992249;82,23096187
10,91000304;-48,09249878;-34,77921295;56,79312134;82,14585031
10,91993504;-48,27182007;-34,74449158;56,73335266;82,19502182
10,92986704;-47,98306274;-34,96394348;56,82609558;82,18306877
10,93979804;-48,04644775;-34,68016815;56,83944702;82,10906127
10,94973004;-48,19216919;-34,84241486;56,67251587;82,14775164
10,95966104;-48,21148682;-34,74027252;56,51828003;82,00945051
10,96959304;-48,17462158;-34,90166473;57,02314758;82,40485256
10,97952504;-48,22903442;-34,83364868;57,03245544;82,4143423
10,98945604;-48,13214111;-34,61831665;56,8690033;82,15360243
10,99938804;-47,91079712;-34,54573059;56,80432129;81,94866015
11,00931904;-48,07684326;-34,63024902;56,49690247;81,86902341
11,01925104;-48,00646973;-34,80490112;56,36050415;81,80775456
11,02918304;-47,93685913;-34,69663239;56,84370422;82,05489304
11,03911404;-48,02212524;-34,69794464;56,99946594;82,21320449
11,04904604;-48,15487671;-34,71473694;56,94822693;82,2624195
11,05897704;-48,10604858;-34,65240479;56,9183197;82,18683706
11,06890904;-47,95394897;-34,72750854;57,28097534;82,38137659
11,07884104;-47,93392944;-35,08833313;57,37138367;82,58527942
11,08877204;-48,01428223;-34,8367691;57,52722168;82,63384908
11,09870404;-48,06277466;-34,85172272;57,32881165;82,53039155
11,10863504;-47,82479858;-34,87397003;57,11076355;82,24989033
11,11856704;-47,80712891;-34,82305908;57,21492004;82,29042529
11,12849904;-48,12158203;-34,94087982;56,93954468;82,33263926
11,13843004;-47,8916626;-34,94029236;56,95478821;82,20877858
11,14836204;-47,95568848;-35,00080872;57,04595947;82,33496317
11,15829304;-47,94940186;-34,88883972;57,2215271;82,40557893
11,16822504;-48,01095581;-35,00562286;56,86120605;82,24136589
11,17815704;-48,01095581;-35,00562286;56,86120605;82,24136589
11,18808804;-47,84805298;-35,12073517;57,32385254;82,5162183
11,19802004;-47,88998413;-35,10864258;56,85063171;82,20743087
11,20795104;-48,07177734;-34,78491974;57,0843811;82,33779803
11,21788304;-48,06982422;-34,65019226;57,33389282;82,45313269
11,22781504;-47,81124878;-34,53159332;56,87612915;81,93436711
11,23774604;-47,92059326;-34,67913055;56,8915863;82,0711761
11,24767804;-47,97573853;-34,605896;56,98226929;82,13536716
11,25760904;-48,15194702;-34,86566925;56,87091064;82,2710482
11,26754104;-48,06433105;-34,92118073;57,51144409;82,68757455
11,27747304;-47,95394897;-34,90612793;57,13653564;82,3565583
11,28740404;-47,7270813;-35,1709671;57,03666687;82,26817479
11,29733604;-47,85269165;-35,07776642;56,39273071;81,85639787
11,30726704;-47,86087036;-34,87496948;56,94358826;82,15533246
11,31719904;-47,98681641;-34,81634521;56,98272705;82,23103809
11,32713104;-47,8458252;-34,82961273;56,82229614;82,0432706
11,33706233;-48,11663818;-35,11777496;56,41326904;82,04222031
11,34699433;-47,9815979;-34,74795532;56,80892944;82,07867324
11,35692533;-47,96676636;-35,01612091;56,99569702;82,31311486
11,36685733;-48,06942749;-34,87274933;57,15661621;82,42364516
11,37678933;-48,19174194;-34,65730286;56,83297729;82,18004588
11,38672033;-48,02548218;-34,68577576;56,92175293;82,15616797
11,39665233;-47,86721802;-35,02032471;57,11933899;82,34265353
11,40658333;-47,80871582;-34,97210693;57,16027832;82,31657785
11,41651533;-48,05587769;-35,03427887;57,02694702;82,39442191
11,42644733;-47,95367432;-34,97852325;57,13842773;82,38842087
11,43637833;-48,19021606;-34,97322845;57,00923157;82,43467788
11,44631033;-48,00665283;-34,73204803;57,38412476;82,48570574
11,45624133;-48,22668457;-34,8030014;57,19366455;82,51167963
11,46617333;-48,0715332;-34,94116211;57,45040894;82,65776794
11,47610533;-48,21279907;-34,98859406;57,1446991;82,54812138
11,48603633;-48,07641602;-34,89381409;57,28102112;82,52293874
11,49596833;-48,21356201;-35,03507996;57,36607361;82,72164645
11,50589933;-48,07199097;-35,00354767;57,27220154;82,56070333
11,51583133;-48,1178894;-35,21826172;57,31982422;82,71166476
11,52576333;-48,01031494;-34,88254547;57,27780151;82,47744459
11,53569433;-48,22369385;-34,72342682;57,39207458;82,61411044
11,54562633;-48,1366272;-34,51126099;57,3056488;82,41419415
11,55555733;-48,35482788;-34,86383057;56,71034241;82,27842364
11,56548933;-48,1651001;-34,64330292;56,70306396;82,0687076
11,57542133;-48,29269409;-34,78594971;57,24531555;82,57888805
11,58535233;-48,07632446;-34,73360443;57,26194763;82,44202143
11,59528433;-48,19161987;-34,98470306;57,012146;82,4423827
11,60521533;-47,97473145;-35,1341629;57,08534241;82,4300951
11,61514733;-48,06567383;-35,15007782;57,0526123;82,4671907
11,62507933;-47,98419189;-34,96147156;57,05155945;82,33873694
11,63501033;-48,12194824;-34,97093201;57,19352722;82,52143688
11,64494233;-48,20367432;-34,91188049;57,38537598;82,67717335
11,65487333;-48,35882568;-34,88554382;57,7911377;83,03850183
11,66480533;-48,12103271;-34,44902802;57,36282349;82,41882576
11,67473733;-48,06997681;-34,73719788;57,80610657;82,81872701
11,68466833;-47,98040771;-34,76731873;57,95666504;82,88462462
11,69460033;-48,04995728;-34,85851288;57,20271301;82,43824774
11,70453133;-47,89044189;-34,67826843;57,23118591;82,28903552
11,71446333;-48,13226318;-34,55964661;56,96351624;82,1944409
11,72439533;-48,2354126;-34,44895172;57,46214294;82,55472836
11,73432633;-48,25946045;-34,83351898;57,30110168;82,61819304
11,74425833;-47,97592163;-34,72195435;56,84486389;82,08923024
11,75418933;-48,05841064;-34,92307281;57,35742188;82,57787653
11,76412133;-47,93011475;-34,75587463;57,37973022;82,44816652
11,77405333;-47,95141602;-34,78456879;57,63972473;82,65375001
11,78398433;-48,02148438;-34,89381409;56,75422668;82,12602188
11,79391633;-48,15270996;-34,83939362;57,12747192;82,43794559
11,80384733;-48,09024048;-34,7093277;57,32846069;82,48612649
11,81377933;-48,16854858;-34,92458344;57,13311768;82,48714285
11,82371133;-48,02435303;-34,73234558;57,0589447;82,27027096
11,83364233;-48,26370239;-34,73684692;56,81054688;82,24032915
11,84357433;-47,92102051;-34,77213287;57,19998169;82,32474316
11,85350533;-48,11587524;-34,6497879;57,23034668;82,40787483
11,86343733;-47,95578003;-34,50299835;57,35472107;82,33940589
11,87336933;-48,10171509;-34,88677216;56,70655823;82,13705383
11,88330033;-48,16278076;-34,75257874;56,51809692;81,98591623
11,89323233;-48,25531006;-34,89834595;56,6423645;82,18775429
11,90316333;-47,9776001;-34,66727448;56,56056213;81,87042946
11,91309533;-48,1098938;-34,96653748;56,41139221;81,97234775
11,92302733;-47,92214966;-35,01338196;56,26524353;81,78170317
11,93295833;-48,08694458;-35,06546021;56,78855896;82,26105498
11,94289033;-47,92593384;-34,70595551;56,87487793;82,07405328
11,95282133;-48,02255249;-34,81322479;57,27655029;82,4544079
11,96275333;-48,01593018;-34,76866913;57,18374634;82,36729174
11,97268533;-48,10247803;-35,07749176;57,20329285;82,56207079
11,98261633;-48,13879395;-34,9499054;57,1653595;82,50283447
11,99254833;-48,27096558;-35,1355896;56,81214905;82,41490189
12,00247933;-48,19451904;-35,11623383;56,99992371;82,49153197
12,01241133;-48,36114502;-35,28604126;57,07107544;82,71041474
12,02234333;-47,9743042;-34,93182373;57,48347473;82,62031251
12,03227433;-48,29818726;-35,14165497;57,26899719;82,74895072
12,04220633;-48,10623169;-34,90028381;57,05836487;82,3886906
12,05213733;-48,41744995;-35,14000702;57,05915833;82,67295266
12,06206933;-48,25610352;-34,98320007;57,44276428;82,77769616
12,07200133;-48,35256958;-35,02428436;57,18692017;82,67415145
12,08193233;-48,31735229;-35,03820038;57,57321167;82,92717721
12,09186433;-48,26803589;-35,14906311;57,2673645;82,73337273
12,10179533;-48,09667969;-34,7784729;57,23742676;82,45578085
12,11172733;-48,31964111;-34,91808319;57,08380127;82,53860078
12,12165933;-48,21890259;-35,01181793;57,084198;82,5196681
12,13159033;-48,30245972;-35,15151978;57,01097107;82,57728368
12,14152233;-48,20471191;-34,62207031;56,87171936;82,19960138
12,15145333;-48,35696411;-34,6021347;56,68946838;82,1547292
12,16138533;-48,03100586;-34,58132935;57,06677246;82,21594968
12,17131733;-48,06219482;-34,73080444;56,77876282;82,09769336
12,18124833;-48,06219482;-34,73080444;56,77876282;82,09769336
12,19118033;-48,02783203;-34,66192627;56,95594788;82,17117366
12,20111133;-48,09118652;-34,80401611;56,83435059;82,18409314
12,21104333;-48,00643921;-34,64547729;56,87825012;82,0978845
12,22097533;-48,32461548;-34,74598694;56,59194946;82,12917151
12,23090633;-48,12435913;-34,49767303;56,39987183;81,77401133
12,24083833;-48,07025146;-34,64603424;56,5630188;81,91746981
12,25076933;-47,98370361;-34,5419693;57,29641724;82,331421
12,26070133;-48,15588379;-34,71104431;57,30351257;82,50780747
12,27063233;-47,82629395;-34,67218018;56,94309998;82,04895554
12,28056433;-47,97897339;-34,58319092;57,1002655;82,2096059
12,29049633;-47,959198;-34,67633057;57,15704346;82,27672934
12,30042733;-47,88061523;-34,82290649;57,08673096;82,24404528
12,31035933;-47,92929077;-34,6209259;57,07666016;82,18011048
12,32029133;-48,159729;-35,03767395;56,69302368;82,22589025
12,33022233;-47,95495605;-34,75232697;56,70756531;81,99481693
12,34015433;-48,04867554;-34,85122681;57,05444336;82,3316023
12,35008533;-47,76785278;-34,75876617;57,10774231;82,16589205
12,36001733;-48,01266479;-35,05082703;57,34429932;82,59627788
12,36994933;-47,76937866;-34,79881287;56,86297607;82,01383397
12,37988033;-47,8543396;-35,09626007;56,94891357;82,2494015
12,38981233;-47,93560791;-34,56715393;56,85076904;82,00439365
12,39974333;-48,09414673;-34,87838745;56,77255249;82,17464072
12,40967533;-48,009552;-34,67088318;56,97621155;82,17831774
12,41960633;-47,84567261;-35,04804993;56,98927307;82,25175643
12,42953833;-47,80456543;-34,62161255;57,14555359;82,15562565
12,43947033;-48,00939941;-34,75321198;57,10458374;82,30201491
12,44940133;-48,11608887;-34,44599152;57,10031128;82,23217064
12,45933333;-48,07827759;-34,85201263;57,21389771;82,45976989
12,46926433;-48,0617981;-34,56494141;56,94525146;82,14276155
12,47919633;-48,10317993;-34,95779419;57,11381531;82,44968886
12,48912833;-47,82998657;-34,48723602;56,66899109;81,78295431
12,49905933;-48,181427;-34,5966568;56,93258667;82,21738256
12,50899133;-48,00411987;-34,36220551;57,32424927;82,28746105
12,51892233;-48,12289429;-34,68231964;56,78387451;82,11628739
12,52885433;-47,98654175;-34,66030121;56,78572083;82,02842653
12,53878633;-48,12969971;-34,85861969;56,82295227;82,22189043
12,54871733;-48,01626587;-34,71443939;56,99443054;82,21325442
12,55864933;-47,9503479;-34,80753326;56,78019714;82,06577254
12,56858033;-47,79754639;-34,47063446;56,67411804;81,76053899
12,57851233;-48,134552;-34,736763;56,52624512;81,96825109
12,58844433;-47,98458862;-34,72769165;56,25030518;81,68616863
12,59837533;-48,23953247;-35,03705597;56,54373169;82,16958913
12,60830733;-47,92208862;-34,38346863;56,24246216;81,49824564
12,61823833;-47,94207764;-34,96649933;56,51591492;81,9460037
12,62817033;-47,74490356;-34,96627045;56,55958557;81,86087347
12,63810233;-47,9932251;-35,19762421;56,64849854;82,16614139
12,64803333;-47,8770752;-34,99048615;56,6580658;82,01636952
12,65796533;-48,09536743;-35,09815216;56,56001282;82,12234594
12,66789633;-47,89614868;-34,8753891;56,51403809;81,87899806
12,67782833;-48,08261108;-34,98465729;56,34361267;81,91743662
12,68776033;-48,15505981;-34,99160767;56,84286499;82,30694802
12,69769133;-48,24090576;-35,09388733;56,57487488;82,21607132
12,70762333;-48,12127686;-34,70455933;56,89128113;82,19903645
12,71755433;-48,052948;-35,00210571;56,82530212;82,23957792
12,72748633;-48,19772339;-34,81518555;56,73039246;82,17940808
12,73741833;-48,28118896;-35,03577423;56,43408203;82,11811188
12,74734933;-48,05462646;-35,00315857;56,76873779;82,20193322
12,75728133;-48,3276062;-35,33829498;56,44789124;82,28436691
12,76721233;-47,91662598;-34,94857025;56,46221924;81,88643239
12,77714433;-48,30249023;-35,01161194;56,23950195;81,98673742
12,78707633;-48,08517456;-35,08435822;56,24603271;81,89451996
12,79700733;-48,11062622;-35,16998291;56,25553894;81,95270413
12,80693933;-47,99789429;-34,94629669;56,43780518;81,9162216
12,81687033;-48,21029663;-35,12342834;56,65229797;82,26403093
12,82680233;-48,06808472;-34,70661926;56,82974243;82,12618227
12,83673433;-48,24630737;-35,27973938;56,99038696;82,58492836
12,84666533;-48,20239258;-34,79960632;56,48098755;82,00356825
12,85659733;-48,33337402;-35,00126648;56,97822571;82,50892015
12,86652833;-48,16665649;-34,5900116;57,14733887;82,35480581
12,87646033;-48,14804077;-35,17591858;57,04518127;82,52109903
12,88639233;-47,90948486;-34,80667877;56,71588135;81,99704156
12,89632333;-48,17010498;-34,94369507;57,19363403;82,53806766
12,90625533;-47,96826172;-34,48911285;56,94680786;82,05724809
12,91618633;-48,1786499;-34,94373322;57,27470398;82,59926461
12,92611833;-47,9810791;-34,6565094;56,9400177;82,13052545
12,93605033;-48,32888794;-35,07089996;57,30233765;82,75993797
12,94598133;-48,03387451;-34,6977005;56,8401947;82,10962949
12,95591333;-48,11068726;-35,10015869;57,41410828;82,72266435
12,96584433;-47,91522217;-34,80308533;57,00071716;82,19613751
12,97577633;-48,15036011;-35,11687469;57,31428528;82,68361001
12,98570833;-47,90878296;-34,64390564;56,85655212;82,02511324
12,99563933;-48,0914917;-34,8633194;57,15078735;82,42848481
13,00557133;-47,84466553;-34,62100983;56,95832825;82,04862886
13,01550233;-48,16293335;-35,08861542;56,99983215;82,46126331
13,02543433;-47,9382019;-34,72452545;56,7719574;82,01779695
13,03536633;-48,22253418;-35,31360626;56,91145325;82,53106749
13,04529733;-47,97024536;-34,61849976;56,89245605;82,07518822
13,05522933;-48,24304199;-35,00546265;56,95779419;82,443701
13,06516033;-47,9593811;-34,52667999;57,02272034;82,1205486
13,07509233;-48,41098022;-35,04115295;57,04330444;82,61624531
13,08502433;-48,01950073;-34,48479462;56,59222412;81,83980292
13,09495533;-48,31072998;-34,93107605;57,03456116;82,50483544
13,10488733;-48,03878784;-34,63316345;57,26693726;82,38132829
13,11481833;-48,21707153;-35,27386475;57,21923828;82,72347158
13,12475033;-47,85244751;-34,84596252;56,76191711;82,01227391
13,13468233;-48,04986572;-35,26462555;57,62989807;82,90710804
13,14461333;-47,78204346;-34,9658432;57,00778198;82,19258528
13,15454533;-48,08670044;-34,89103699;56,92633057;82,28196846
13,16447633;-47,74441528;-34,36367035;56,5765686;81,61678225
13,17440833;-48,40026855;-34,63995361;57,11047363;82,4870813
13,18434033;-48,40026855;-34,63995361;57,11047363;82,4870813
13,19427133;-48,02334595;-34,30847168;56,6991272;81,8419453
13,20420333;-48,1234436;-34,80654144;56,97398376;82,30064385
13,21413433;-48,21902466;-34,4309845;56,6960144;82,00612832
13,22406633;-48,212677;-34,88503265;56,53509521;82,08315733
13,23399833;-47,95352173;-34,62200165;56,64501953;81,89555227
13,24392933;-48,27984619;-35,01502991;56,98106384;82,48537752
13,25386133;-48,19766235;-34,57831573;56,37646484;81,83508028
13,26379233;-48,30703735;-35,05990601;56,90388489;82,46707817
13,27372433;-47,81085205;-34,2876358;56,73788452;81,73559251
13,28365533;-48,13635254;-34,94432068;56,9949646;82,38106562
13,29358733;-47,98266602;-34,48316956;57,06575012;82,14575496
13,30351933;-48,37957764;-34,73600769;57,05886841;82,4796231
13,31345033;-48,03366089;-34,37748718;56,26634216;81,5778491
13,32338233;-48,234375;-34,98531342;56,71096802;82,25971663
13,33331346;-47,94354248;-34,46282196;56,63777161;81,81751974
13,34324546;-48,39608765;-35,12810516;57,05169678;82,65023398
13,35317746;-48,11032104;-34,6077652;56,36213684;81,78625112
13,36310846;-48,26028442;-35,00869751;56,81803894;82,35868808
13,37304046;-48,04272461;-34,66424561;56,89234924;82,13679269
13,38297146;-48,18865967;-35,217453;57,04478455;82,56223931
13,39290346;-47,71832275;-34,78566742;56,4801178;81,7134303
13,40283546;-48,26394653;-35,20454407;56,41366577;82,16611311
13,41276646;-48,04669189;-34,81204224;56,50254822;81,93229425
13,42269846;-48,41156006;-34,9656601;57,0431366;82,58447775
13,43262946;-48,19039917;-34,57833862;57,00410461;82,26447603
13,44256146;-48,1796875;-34,95079803;56,72372437;82,22178225
13,45249346;-47,99569702;-34,71534729;56,59449768;81,92484018
13,46242446;-48,21826172;-34,61253357;56,52320862;81,96280471
13,47235646;-48,12875366;-34,67256927;56,70983887;82,06442477
13,48228746;-48,1317749;-34,99600983;56,84387207;82,2958945
13,49221946;-48,13046265;-34,7999115;56,5586853;82,01499959
13,50215146;-48,40390015;-35,05814362;57,05381775;82,62656415
13,51208246;-47,88842773;-34,8850174;56,50514221;81,87244375
13,52201446;-47,99261475;-35,06138611;56,33404541;81,8908819
13,53194546;-47,86834717;-34,88034821;56,48091125;81,84198609
13,54187746;-47,94946289;-35,37102509;56,88035583;82,3749676
13,55180946;-47,73422241;-34,92936707;56,59733582;81,86498088
13,56174046;-47,82003784;-35,35460663;56,68438721;82,15731241
13,57167246;-48,06921387;-34,64308167;56,93487549;82,17282079
13,58160346;-48,23403931;-34,72489166;57,14430237;82,44884439
13,59153546;-47,82369995;-34,68332672;56,52711487;81,76401497
13,60146746;-47,87313843;-35,15151215;56,29888916;81,83539033
13,61139846;-47,86358643;-34,8406601;56,39083862;81,76014421
13,62133046;-47,91571045;-35,10328674;57,00299072;82,32555496
13,63126146;-47,90344238;-35,1655426;57,44297791;82,65017174
13,64119346;-48,06677246;-35,2893219;57,30754089;82,70371877
13,65112546;-47,95974731;-34,74923706;57,21987915;82,35145056
13,66105646;-48,0607605;-34,74853516;57,64764404;82,70760702
13,67098846;-47,91842651;-34,74530792;57,37934875;82,43665256
13,68091946;-48,05618286;-35,06183624;57,29685974;82,59333634
13,69085146;-47,88220215;-34,86019897;56,83360291;82,08530425
13,70078346;-48,04104614;-35,11306;56,54321289;82,08534596
13,71071446;-47,90231323;-34,75212097;56,79338074;82,02334802
13,72064646;-47,99304199;-35,08982086;56,69973755;82,1552667
13,73057746;-47,87042236;-34,88037872;56,51751709;81,86847925
13,74050946;-48,11953735;-35,10243988;56,53204346;82,11907877
13,75044146;-48,0012207;-34,71630859;56,49163818;81,85746427
13,76037246;-48,01977539;-34,95697784;56,6963501;82,11190683
13,77030446;-48,04745483;-35,04681396;56,77020264;82,21735214
13,78023546;-48,32138062;-34,8215332;57,0196991;82,45447886
13,79016746;-48,31311035;-34,53688049;56,65527344;82,0778457
13,80009946;-48,26126099;-34,83098602;57,04533386;82,44099111
13,81003046;-48,12384033;-34,67180634;56,68370056;82,04315981
13,81996246;-48,16876221;-34,77407074;56,9669342;82,30854902
13,82989346;-47,94387817;-34,63307953;57,09214783;82,20449498
13,83982546;-48,17349243;-34,78127289;56,97116089;82,31728549
13,84975646;-48,08279419;-34,69628143;56,50794983;81,9080914
13,85968846;-48,27593994;-35,02261353;56,54602051;82,18638738
13,86962046;-48,10372925;-34,79114532;56,78215027;82,1498944
13,87955146;-48,16278076;-34,9509201;57,06620789;82,44860429
13,88948346;-48,16235352;-34,72200012;57,05432129;82,34333711
13,89941546;-47,97375488;-34,94883728;57,05967712;82,33291649
13,90934646;-47,97686768;-34,722435;56,78311157;82,04723691
13,91927846;-48,12417603;-34,88059998;56,31800842;81,87985494
13,92920946;-48,24380493;-34,85948181;56,32298279;81,94465557
13,93914146;-48,18710327;-34,81162262;56,58258057;82,06969242
13,94907246;-48,0670166;-35,13037109;56,74584961;82,24762918
13,95900446;-48,00085449;-34,85128784;56,97924805;82,25162007
13,96893646;-48,15328979;-34,48792267;57,14614868;82,30333187
13,97886746;-48,40307617;-34,69122314;57,0909729;82,49677529
13,98879946;-47,99356079;-34,69959259;56,72180176;82,00491691
13,99873046;-48,04559326;-34,98192596;56,8629303;82,25270219
14,00866246;-48,15597534;-34,89170837;56,70317078;82,16860015
14,01859446;-48,16680908;-34,78681183;57,29164124;82,53784544
14,02852546;-48,30020142;-34,50287628;57,10794067;82,36913752
14,03845746;-48,17358398;-34,64707947;56,80595398;82,14639808
14,04838846;-48,09664917;-35,05767822;56,85467529;82,30906734
14,05832046;-47,92987061;-34,84323883;56,95780945;82,19194514
14,06825246;-48,15609741;-34,97432709;56,72520447;82,21898865
14,07818346;-48,11865234;-35,18956757;56,80511475;82,34398236
14,08811546;-48,16033936;-35,02355957;57,3734436;82,69087037
14,09804646;-48,21881104;-35,07138824;57,1622467;82,59890108
14,10797846;-48,16732788;-34,85247803;57,08428955;82,42210149
14,11791046;-47,97692871;-35,05648041;57,15893555;82,44929605
14,12784146;-47,97143555;-34,67156982;56,81959534;82,04780799
14,13777346;-48,03649902;-34,77235413;56,92399597;82,20074919
14,14770446;-48,01229858;-35,07750702;57,10820007;82,44367065
14,15763646;-48,08331299;-34,97654724;56,66572571;82,13627892
14,16756846;-48,12783813;-34,95953369;56,48925781;82,03349345
14,17749946;-48,12783813;-34,95953369;56,48925781;82,03349345
14,18743146;-48,08990479;-34,76298523;56,57600403;81,98748878
14,19736246;-48,0881958;-34,62089539;56,80014038;82,0812824
14,20729446;-48,03921509;-34,74991608;56,99362183;82,2410833
14,21722646;-48,06661987;-34,56321716;56,85449219;82,0819664
14,22715746;-48,08792114;-34,70591736;57,22013855;82,40808889
14,23708946;-47,92559814;-34,80458069;57,07333374;82,25318972
14,24702046;-48,08807373;-34,77624512;56,96359253;82,25995948
14,25695246;-47,95877075;-34,66149139;56,83930969;82,04980076
14,26688446;-47,95028687;-34,75959015;56,9317627;82,15037871
14,27681546;-48,22897339;-34,96350098;57,17367554;82,56699976
14,28674746;-48,20877075;-34,89510345;56,90374756;82,33948208
14,29667846;-48,00595093;-34,87637329;57,14500427;82,38012049
14,30661046;-47,9168396;-34,66705322;56,68902588;81,92358483
14,31654246;-48,07183838;-34,84586334;56,9332428;82,25892032
14,32647346;-47,99072266;-34,91387939;56,30329895;81,8055616
14,33640508;-48,14624023;-34,82929993;56,44972229;81,96164791
14,34633608;-47,81402588;-34,94837952;56,96247864;82,17234495
14,35626808;-47,98544312;-34,85204315;56,65786743;82,02061695
14,36620008;-47,96130371;-34,78243256;56,94520569;82,17579156
14,37613108;-48,09240723;-35,14332581;57,06668091;82,48962996
14,38606308;-48,1701355;-34,86281586;57,23266602;82,53093931
14,39599408;-48,20123291;-34,76999664;56,71678162;82,15293566
14,40592608;-48,02529907;-34,88375092;56,63987732;82,04499456
14,41585808;-48,21472168;-34,73348236;56,64680481;82,09710518
14,42578908;-48,08184814;-34,79282379;56,84161377;82,17891314
14,43572108;-48,15921021;-34,90545654;56,68618774;82,16461711
14,44565208;-48,04736328;-34,92871094;56,62382507;82,06595842
14,45558408;-48,0279541;-35,00497437;57,16828918;82,46360345
14,46551608;-47,88595581;-35,18875122;56,6999054;82,13520712
14,47544708;-47,96636963;-35,16513824;56,66664124;82,14905838
14,48537908;-47,925354;-35,13024902;56,64067078;82,09226236
14,49531008;-47,89141846;-35,12757874;56,3164978;81,84792407
14,50524208;-47,82711792;-35,1133194;56,36782837;81,83954107
14,51517408;-47,92926025;-34,92299652;56,74729919;82,07975171
14,52510508;-47,95074463;-34,50812531;56,87036133;82,00196717
14,53503708;-47,95355225;-34,70270538;56,69984436;81,96763559
14,54496808;-48,02236938;-34,69374084;56,75860596;82,04476196
14,55490008;-47,96633911;-34,78067017;56,86816406;82,12461743
14,56483208;-48,0010376;-34,60938263;56,94700623;82,12716052
14,57476308;-48,14477539;-34,61476135;56,72583008;82,06047099
14,58469508;-48,06826782;-34,5700531;56,80253601;82,04983266
14,59462608;-47,99490356;-34,70941162;56,6204834;81,93981428
14,60455808;-48,0229187;-34,65724182;57,06715393;82,24345074
14,61448908;-48,32391357;-34,68532562;56,98390198;82,37376719
14,62442108;-48,00393677;-34,66313171;56,59146118;81,90545845
14,63435308;-48,12249756;-34,98095703;56,38900757;81,97049653
14,64428408;-48,04736328;-34,72607422;56,41011047;81,83245024
14,65421608;-48,23049927;-34,7791214;56,56513977;82,06938151
14,66414708;-48,00073242;-34,93321991;56,8037262;82,16485548
14,67407908;-47,94332886;-34,84481049;56,33068848;81,76716984
14,68401108;-47,69552612;-34,68671417;56,44923401;81,63667909
14,69394208;-47,87844849;-34,69722748;56,15272522;81,54368138
14,70387408;-47,86706543;-34,64936066;56,36338806;81,66189846
14,71380508;-48,07650757;-34,6555481;56,75892639;82,06054666
14,72373708;-47,94454956;-34,7600708;56,65737915;81,95731186
14,73366908;-47,85491943;-34,87181091;56,96360779;82,16440301
14,74360008;-47,7147522;-34,98802948;56,94842529;82,12175672
14,75353208;-47,87265015;-35,20094299;57,05029297;82,3749534
14,76346308;-47,94644165;-35,12078857;56,54721069;82,036078
14,77339508;-48,27047729;-35,25398254;57,00495911;82,5981091
14,78332708;-48,15863037;-35,07991028;56,91677856;82,3976545
14,79325808;-48,15551758;-34,91904449;56,83952332;82,27408433
14,80319008;-47,78384399;-34,8119278;56,56770325;81,82341422
14,81312108;-47,81500244;-35,01811981;57,25946045;82,40867057
14,82305308;-47,9770813;-34,85041809;57,239151;82,4176703
14,83298508;-48,0927124;-35,42572021;57,17643738;82,68636907
14,84291608;-47,92767334;-35,08905792;56,83374023;82,20935401
14,85284808;-48,00564575;-34,85610962;56,67124939;82,04340869
14,86277908;-48,13809204;-34,55601501;56,66744995;81,99142616
14,87271108;-48,38989258;-34,81417084;56,83892822;82,36669203
14,88264308;-48,11477661;-34,71033478;56,30435181;81,79253695
14,89257408;-48,30447388;-34,94223785;56,80509949;82,34744386
14,90250608;-48,34573364;-34,811203;56,7610321;82,28574957
14,91243708;-48,40792847;-35,15617371;56,97567749;82,61665639
14,92236908;-48,43765259;-34,76379395;56,94854736;82,44916376
14,93230108;-48,33209229;-34,86547089;57,15077209;82,56998823
14,94223208;-48,09439087;-35,10260773;56,91651917;82,3696161
14,95216408;-48,12463379;-35,18795013;57,11515808;82,56096835
14,96209508;-48,16995239;-35,05512238;57,20809937;82,59523322
14,97202708;-48,22467041;-35,38404083;56,81417847;82,49545476
14,98195908;-48,19619751;-35,12722015;56,40647888;82,0882812
14,99189008;-48,23080444;-35,14245605;56,19596863;81,97066307
15,00182208;-48,00228882;-35,00086212;56,02746582;81,66000862
15,01175308;-48,19387817;-35,08296204;55,93458557;81,74436972
15,02168508;-48,26382446;-34,84992218;56,57495117;82,1257507
15,03161708;-48,31027222;-34,7736969;56,8692627;82,32378415
15,04154808;-48,13861084;-34,42444611;56,85620117;82,06702112
15,05148008;-48,44110107;-34,87981415;57,27156067;82,72347532
15,06141108;-48,37356567;-34,84411621;56,81454468;82,35294031
15,07134308;-48,39163208;-34,89563751;56,6834259;82,29499587
15,08127508;-47,96737671;-34,992836;57,30828857;82,52034742
15,09120608;-48,03302002;-35,11547852;57,21818542;82,54809863
15,10113808;-48,07739258;-34,88864899;56,73971558;82,14650832
15,11106908;-48,17819214;-35,10588074;56,59184265;82,19609306
15,12100108;-47,88409424;-35,01522064;56,39134216;81,84702578
15,13093208;-48,15319824;-35,09454346;56,4710083;82,09343616
15,14086408;-48,01095581;-35,16753387;56,99440002;82,40248146
15,15079608;-48,27819824;-35,09516907;56,65620422;82,29447609
15,16072708;-48,00149536;-34,87781525;56,89352417;82,20388461
15,17065908;-48,00149536;-34,87781525;56,89352417;82,20388461
15,18059008;-48,16827393;-35,44757843;56,72080994;82,425504
15,19052208;-47,80944824;-35,18738556;57,05282593;82,3341994
15,20045408;-48,03985596;-35,29066467;56,86923218;82,38548623
15,21038508;-48,01556396;-35,26359558;57,01983643;82,46379389
15,22031708;-48,24078369;-35,15206909;57,0670166;82,58017653
15,23024808;-48,22488403;-34,95326233;57,00889587;82,44625035
15,24018008;-48,13665771;-35,18949127;56,79013062;82,3441379
15,25011208;-47,96026611;-34,92580414;57,20980835;82,41942181
15,26004308;-48,09915161;-35,19978333;57,04414368;82,50204518
15,26997508;-47,94934082;-34,80500031;57,06326294;82,26021705
15,27990608;-48,02832031;-34,69495392;56,88986206;82,13961154
15,28983808;-47,97198486;-34,49106598;57,02366638;82,11360114
15,29977008;-48,20825195;-34,74555206;56,79554749;82,2011141
15,30970108;-47,9029541;-34,52180481;56,84753418;81,96395648
15,31963308;-48,11761475;-34,75955963;57,0269165;82,31403915
15,32956408;-48,02215576;-34,42927551;57,18388367;82,22833458
15,33949667;-48,23165894;-34,73390198;57,48777771;82,68966959
15,34942867;-48,36685181;-34,67300415;57,05107117;82,4402468
15,35935967;-48,43963623;-34,71697998;57,03045654;82,48721132
15,36929167;-48,08206177;-34,59673309;56,7802887;82,05376158
15,37922267;-48,11312866;-34,63626862;56,823349;82,11843426
15,38915467;-48,05410767;-34,65765381;56,79759216;82,07506751
15,39908667;-48,20977783;-34,9540863;57,1088562;82,50692265
15,40901767;-47,96984863;-34,58601379;56,37687683;81,70465696
15,41894967;-48,19244385;-34,58703613;56,84719849;82,16068822
15,42888067;-48,05337524;-34,26163483;57,00009155;82,04874728
15,43881267;-48,20455933;-34,81899261;57,0552063;82,40957682
15,44874467;-48,04629517;-34,73680878;57,19671631;82,38056033
15,45867567;-48,05944824;-34,89213562;57,06871033;82,36509814
15,46860767;-47,90292358;-34,84877014;56,93435669;82,16232616
15,47853867;-48,25274658;-35,07079315;57,03631592;82,53138445
15,48847067;-48,05996704;-34,75115967;56,72317505;82,06657126
15,49840267;-48,02871704;-34,9695282;57,09231567;82,39634744
15,50833367;-48,05392456;-34,66882324;57,026474;82,23822534
15,51826567;-48,12753296;-34,75695038;57,17730713;82,4229912
15,52819667;-48,04501343;-34,44313812;56,80395508;81,98379347
15,53812867;-48,21261597;-34,91600037;57,27354431;82,60655118
15,54806067;-48,06085205;-34,52715302;57,13008118;82,25458024
15,55799167;-48,22000122;-34,96211243;56,77026367;82,28232289
15,56792367;-47,93426514;-34,73480225;56,89231873;82,10320451
15,57785467;-48,37145996;-34,93789673;57,45135498;82,8318354
15,58778667;-48,01702881;-34,55615997;57,13769531;82,24645569
15,59771767;-48,23370361;-34,63532257;57,07762146;82,36474128
15,60764967;-48,10998535;-34,60968018;56,73153687;82,04186692
15,61758167;-48,14431763;-34,9079895;56,96582031;82,35015322
15,62751267;-48,1656189;-34,37902832;57,13807678;82,25937181
15,63744467;-48,22344971;-34,94972229;56,97517395;82,42059595
15,64737667;-47,92440796;-34,75543213;57,18978882;82,31258036
15,65730767;-48,34884644;-34,92324829;56,98666382;82,49075146
15,66723967;-48,31152344;-34,88945007;57,03587341;82,48859242
15,67717067;-48,11557007;-34,87111664;57,06768799;82,38825081
15,68710267;-48,07138062;-34,75282288;56,92668152;82,21473956
15,69703367;-48,39187622;-34,79930878;57,02696228;82,49145412
15,70696567;-48,39981079;-34,51421356;56,7726593;82,20041038
15,71689767;-48,38973999;-34,85655975;56,84573364;82,38922337
15,72682867;-48,04818726;-34,55262756;57,28840637;82,36791775
15,73676067;-48,3442688;-35,10328674;57,07145691;82,62300079
15,74669267;-48,15667725;-34,53372955;57,01615906;82,23433853
15,75662367;-48,12121582;-35,1126709;56,74217224;82,26922377
15,76655567;-48,07400513;-34,90651703;56,91177368;82,27104523
15,77648667;-48,25015259;-34,92829132;57,00367737;82,44684344
15,78641867;-48,08511353;-34,73448944;57,00140381;82,26677905
15,79634967;-48,20223999;-34,92225647;56,98406982;82,40269505
15,80628167;-48,00491333;-34,7335434;57,00088501;82,21916828
15,81621367;-48,23751831;-34,77561188;57,22698975;82,5295687
15,82614467;-48,09750366;-34,70044708;56,6631012;82,0255931
15,83607667;-48,15774536;-34,99570465;56,97789001;82,40356626
15,84600767;-47,93917847;-34,60779572;56,73493958;81,94338121
15,85593967;-48,08203125;-35,10138702;57,0045166;82,4227154
15,86587167;-47,97579956;-34,6279068;56,5294342;81,83120556
15,87580267;-48,01449585;-35,09571075;56,76196289;82,2132663
15,88573467;-47,72021484;-34,51016235;56,97956848;81,94413606
15,89566567;-48,14370728;-34,77875519;57,03878784;82,34562333
15,90559767;-48,03009033;-34,39328766;56,86567688;81,9969086
15,91552967;-48,2963562;-34,84086609;56,70474243;82,23047967
15,92546067;-48,15228271;-34,51465607;57,06684875;82,25891466
15,93539267;-48,35076904;-34,79937744;57,02954102;82,46915839
15,94532367;-47,93450928;-34,5045929;56,89205933;82,00603956
15,95525567;-48,0012207;-35,03003693;56,89427185;82,26894217
15,96518767;-48,07467651;-34,57554626;56,60227966;81,91740343
15,97511867;-48,28497314;-34,87804413;57,19947815;82,58145612
15,98505067;-48,06838989;-34,64453125;56,56669617;81,91828103
15,99498167;-48,22894287;-35,15912628;56,78460693;82,38134908
16,00491367;-47,95736694;-34,74755859;56,47207642;81,83151769
16,01484567;-48,38674927;-34,87513733;56,50854492;82,16305957
16,02477667;-48,07077026;-34,82991028;56,48762512;81,9437209
16,03470867;-48,34634399;-35,16995239;56,68754578;82,38793829
16,04463967;-48,2046814;-34,73059845;56,5785675;82,04291608
16,05457167;-48,47769165;-34,98674011;56,65036011;82,3615315
16,06450367;-48,18341064;-34,43334961;56,36776733;81,75953657
16,07443467;-48,40246582;-34,96775818;56,71116638;82,35107286
16,08436667;-48,12231445;-34,72527313;56,89137268;82,20845472
16,09429767;-48,51702881;-35,08006287;56,70698547;82,46329545
16,10422967;-48,02090454;-34,6190567;56,48483276;81,82311832
16,11416167;-48,29794312;-34,77423859;56,47937012;82,04790203
16,12409267;-48,10806274;-34,42675781;56,24771118;81,62960473
16,13402467;-48,35839844;-34,84620667;56,84146118;82,36349026
16,14395567;-48,08779907;-34,36604309;56,29336548;81,62355257
16,15388767;-48,08779907;-34,36604309;56,29336548;81,62355257
16,16381967;-48,24716187;-34,88858795;56,37773132;81,99665107
16,17375067;-47,8197937;-34,4034729;56,92326355;81,91818815
16,18368267;-48,24163818;-34,81715393;56,98445129;82,38153647
16,19361367;-47,98516846;-34,46704865;56,62828064;81,83713095
16,20354567;-48,20440674;-34,76426697;56,4785614;81,98809051
16,21347767;-47,97299194;-34,39221191;56,86894226;81,96529016
16,22340867;-48,13711548;-35,08306122;56,54786682;82,13199324
16,23334067;-47,89959717;-34,79289246;56,25973511;81,67052448
16,24327167;-48,19161987;-35,04130554;56,96954346;82,43697109
16,25320367;-47,86233521;-34,71186829;56,91426086;82,06674126
16,26313567;-48,26669312;-35,0637207;56,87115479;82,42248735
16,27306667;-48,00836182;-34,73996735;56,53674316;81,90281719
16,28299867;-48,09967041;-35,04055786;56,73066711;82,21792736
16,29292967;-47,90356445;-34,76888275;56,54977417;81,86271223
16,30286167;-48,18057251;-34,75249481;56,89347839;82,25552472
16,31279267;-47,87890625;-34,22428894;56,47789001;81,56864396
16,32272467;-48,08276367;-34,93276215;56,59732056;82,07013298
16,33265667;-47,88659668;-34,64820099;56,2567749;81,59931799
16,34258767;-48,13064575;-35,10403442;56,97264099;82,43017721
16,35251967;-47,90960693;-34,759758;56,79197693;82,02987173
16,36245067;-48,18844604;-35,13742828;57,41242981;82,78256033
16,37238267;-47,87319946;-34,8186264;56,73867798;81,99669231
16,38231467;-48,11602783;-35,10723114;56,97322083;82,42340507
16,39224567;-48,04455566;-34,52851868;56,73701477;81,97308568
16,40217767;-48,29898071;-34,8891449;56,43832397;82,06904643
16,41210867;-48,11032104;-34,41197968;56,66760254;81,91461722
16,42204067;-48,39419556;-35,18266296;56,80300903;82,5009077
16,43197267;-48,11816406;-34,43691254;56,85424805;82,05890676
16,44190367;-48,29998779;-35,06058502;57,07417297;82,58083714
16,45183567;-48,04586792;-34,72499847;56,9214325;82,18442931
16,46176667;-48,22613525;-34,95584869;57,02580261;82,45976985
16,47169867;-48,08035278;-34,63981628;56,94654846;82,18604856
16,48163067;-48,35638428;-34,72081757;57,02851868;82,43862575
16,49156167;-48,07489014;-34,70742035;56,63317871;81,9946158
16,50149367;-48,21652222;-34,8907547;56,35858154;81,96638025
16,51142467;-48,19342041;-34,75778961;56,76786804;82,17846769
16,52135667;-48,28933716;-35,03709412;57,11853027;82,59530585
16,53128867;-48,04974365;-34,66888428;56,75701904;82,04918411
16,54121967;-48,23986816;-35,06919861;56,87263489;82,41013391
16,55115167;-48,05807495;-34,91349792;56,74014282;82,1460572
16,56108267;-48,12915039;-34,92256165;56,95884705;82,34264197
16,57101467;-48,06542969;-34,83334351;56,74978638;82,12299072
16,58094667;-48,21392822;-35,12985229;56,91880798;82,45265368
16,59087767;-47,84942627;-34,70557404;56,35926819;81,67258765
16,60080967;-48,11618042;-34,73040009;56,50881958;81,94274952
16,61074067;-47,94616699;-34,56778717;56,60388184;81,83988195
16,62067267;-48,27978516;-34,94439697;56,68798828;82,25312486
16,63060467;-47,79595947;-34,48854828;56,25994873;81,48064516
16,64053567;-48,12155151;-34,89415741;56,97114563;82,33466691
16,65046767;-48,01275635;-34,85858154;56,80278015;82,13952345
16,66039867;-48,2598877;-35,02623749;56,60276794;82,21756146
16,67033067;-48,20278931;-34,61606598;56,75961304;82,11841811
16,68026267;-48,29800415;-34,4145813;56,98074341;82,24272448
16,69019367;-48,24841309;-34,43643188;57,07765198;82,28994812
16,70012567;-48,29998779;-34,57902527;57,01489258;82,33647907
16,71005667;-48,18338013;-34,20256042;57,34992981;82,34359544
16,71998867;-48,21261597;-34,3420639;57,37507629;82,4362364
16,72992067;-48,05249023;-34,33719635;57,10681152;82,15395787
16,73985167;-48,31219482;-34,52103424;57,0241394;82,32570952
16,74978367;-48,087677;-34,55587006;57,12785339;82,28076609
16,75971467;-48,12219238;-34,89740753;56,67514038;82,13188169
16,76964667;-47,95770264;-34,66501617;56,93534851;82,11722413
16,77957867;-48,0894165;-34,85780334;56,70796204;82,1185204
16,78950967;-48,21755981;-34,71860504;56,59953308;82,0598669
16,79944167;-48,29421997;-34,57674408;56,99058533;82,31530678
16,80937267;-48,03881836;-34,62479401;57,01928711;82,20586069
16,81930467;-48,17578125;-34,7934494;56,629776;82,08788918
16,82923667;-48,03271484;-34,50003815;56,78393555;81,9866432
16,83916767;-48,06546021;-34,72607422;57,23556519;82,41418942
16,84909967;-47,79525757;-34,81814575;57,24221802;82,30043404
16,85903067;-48,06292725;-34,82974243;57,11412048;82,37219611
16,86896267;-47,9664917;-34,67816925;57,20462036;82,31481239
16,87889367;-47,86807251;-34,8066864;57,19715881;82,30657787
16,88882567;-47,93414307;-34,46501923;56,78010559;81,91153773
16,89875767;-47,99740601;-34,75143433;57,35667419;82,46939581
16,90868867;-48,07476807;-34,45036316;57,11141968;82,21754742
16,91862067;-48,04092407;-34,5586853;57,31880188;82,38736653
16,92855167;-47,93981934;-34,76450348;57,14819336;82,29649436
16,93848367;-48,11621094;-34,63704681;57,10830688;82,31800218
16,94841567;-48,02941895;-34,72402191;56,7961731;82,08768519
16,95834667;-48,09234619;-34,63892365;56,85742188;82,13096381
16,96827867;-48,11907959;-34,4059906;56,62559509;81,88819225
16,97820967;-48,32345581;-34,29909515;56,85420227;82,12176706
16,98814167;-48,08474731;-34,40544128;57,1210022;82,2112292
16,99807367;-48,24420166;-34,54560089;56,94300842;82,23994007
17,00800467;-48,1819458;-34,62258148;56,77281189;82,1180566
17,01793667;-48,20870972;-34,60651398;56,98208618;82,2717974
17,02786767;-48,30679321;-34,55741119;56,99525452;82,31779866
17,03779967;-48,16864014;-34,96736908;56,92892456;82,36405311
17,04773167;-48,33102417;-34,80252838;56,98931885;82,43110057
17,05766267;-48,17788696;-34,47422028;56,98880005;82,20282226
17,06759467;-48,01309204;-34,56484222;56,90350342;82,08528508
17,07752567;-48,47006226;-34,48976135;57,03912354;82,41572779
17,08745767;-48,32513428;-34,57020569;57,31668091;82,55676613
17,09738967;-48,46664429;-34,40634918;57,26748657;82,53712795
17,10732067;-48,43701172;-34,74127197;56,81306458;82,34576121
17,11725267;-48,16073608;-34,87799072;56,89309692;82,29675094
17,12718367;-48,32623291;-34,97310638;56,91378784;82,44830019
17,13711567;-48,18145752;-34,83480072;56,64425659;82,11874326
17,14704767;-48,18145752;-34,83480072;56,64425659;82,11874326
17,15697867;-48,33911133;-34,90755463;56,58953857;82,20451891
17,16691067;-48,05691528;-35,02740479;56,73284912;82,18882139
17,17684167;-48,06884766;-34,71092224;56,85490417;82,14586031
17,18677367;-48,18640137;-34,83112335;56,70529175;82,16219656
17,19670567;-48,21600342;-34,84863281;56,50509644;82,04898609
17,20663667;-48,20367432;-34,98493195;56,895401;82,36884324
17,21656867;-48,17532349;-35,07770538;56,95626831;82,43375345
17,22649967;-48,06442261;-35,07691956;56,45025635;82,01957357
17,23643167;-47,94125366;-34,90738678;56,46031189;81,88196549
17,24636367;-48,29150391;-34,88476563;56,85121155;82,34729186
17,25629467;-48,04296875;-34,80951691;56,8659668;82,18009183
17,26622667;-47,85787964;-34,59100342;56,5369873;81,75172839
17,27615767;-48,07821655;-34,77328491;56,9216156;82,2238808
17,28608967;-47,97338867;-34,91213226;56,56135559;81,97249506
17,29602167;-48,07211304;-34,91488647;56,52764893;82,00824619
17,30595267;-47,88842773;-34,9706955;56,65631104;82,01334425
22,75442621;-46,02947998;-37,32157135;110,9177246;125,7551365
22,76435721;-46,01965332;-37,36334229;110,5505676;125,4402481
22,77428921;-45,9831543;-37,36178589;110,5217133;125,4009674
22,78422021;-45,90774536;-37,40700531;110,8092194;125,6403129
22,79415221;-46,01138306;-37,21327972;111,2204132;125,983554
22,80408421;-45,89456177;-37,22865295;110,7365417;125,5183854
22,81401521;-45,9005127;-37,55956268;110,792923;125,6688092
22,82394721;-45,8374939;-37,36109161;111,3184204;126,0504571
22,83387821;-45,97595215;-37,45839691;110,7218094;125,6034982
22,84381021;-45,96102905;-37,35042572;110,9760513;125,7901207
22,85374121;-46,14517212;-37,45669556;110,9851379;125,897108
22,86367321;-45,80160522;-37,31454468;110,7339096;125,5076134
22,87360521;-45,67532349;-37,43013;111,0624084;125,7859626
22,88353621;-45,67849731;-37,02275085;111,0931473;125,6936616
22,89346821;-45,89697266;-37,12685394;110,5350494;125,3113424
22,90339921;-45,76791382;-37,12110138;110,7352905;125,4391592
22,91333121;-45,66799927;-37,15452576;110,5882111;125,2827896
22,92326221;-45,62432861;-37,20359802;110,9961319;125,6416665
22,93319421;-45,61447144;-37,42861176;111,0859299;125,7841993
22,94312621;-45,65039063;-37,34152222;110,9018402;125,60878
22,95305721;-45,55575562;-37,21183777;110,6289749;125,2949234
22,96298921;-45,62289429;-37,44676971;111,264801;125,9506451
22,97292021;-45,61361694;-37,62911987;111,31604;126,0468702
22,98285221;-45,59399414;-37,49872589;111,1033783;125,8130654
22,99278421;-45,75405884;-37,5944519;110,8406219;125,6678964
23,00271521;-45,61541748;-37,41969299;111,061821;125,7605972
23,01264721;-45,59130859;-37,49035645;111,2820587;125,9674197
23,02257821;-45,64993286;-37,44713593;111,0081329;125,7338854
23,03251021;-45,65390015;-37,56615448;111,206192;125,9456697
23,04244121;-45,56347656;-37,33226776;111,3620529;125,9810916
23,05237321;-45,69039917;-37,33670807;111,3445282;126,0128815
23,06230521;-45,69165039;-37,44895935;111,068985;125,8033024
23,07223621;-45,62036133;-37,55671692;111,4832687;126,1754475
23,08216821;-45,58901978;-37,37230682;111,3185425;125,9637485
23,09209921;-45,61767578;-37,30591583;111,0325241;125,7017307
23,10203121;-45,6890564;-37,35327148;111,141243;125,8377235
23,11196221;-45,49453735;-37,45275116;110,9344559;125,6141513
23,12189421;-45,54043579;-37,58843994;111,185936;125,8933456
23,13182621;-45,55905151;-37,38871765;111,3726044;126,005557
23,14175721;-45,65881348;-37,61782074;111,1951523;125,9531245
23,15168921;-45,57104492;-37,46256256;110,9909058;125,6946494
23,16162021;-45,58712769;-37,51889801;111,3092728;125,9984449
23,17155221;-45,58712769;-37,51889801;111,3092728;125,9984449
23,18148321;-45,62744141;-37,51502228;111,595787;126,2650387
23,19141521;-45,65447998;-37,45668793;111,5649948;126,230278
23,20134721;-45,54330444;-37,40699005;111,6508408;126,2512801
23,21127821;-45,84051514;-37,52826691;111,1322403;125,9368829
23,22121021;-45,74719238;-37,57709503;111,1831589;125,9624488
23,23114121;-45,67581177;-37,32893372;111,3865509;126,0424246
23,24107321;-45,78747559;-37,52545166;111,1619415;125,942962
23,25100421;-45,64373779;-37,58394623;111,3155289;126,0438447
23,26093621;-45,51504517;-37,48418427;111,2259216;125,8883992
23,27086821;-45,83312988;-37,40965271;111,5312195;126,2512211
23,28079921;-45,4984436;-37,36547852;111,3550034;125,9612009
23,29073121;-45,59344482;-37,51190186;111,0404282;125,761209
23,30066221;-45,47113037;-37,48530579;111,3377228;125,9716649
23,31059421;-45,40899658;-37,33385468;111,6286316;126,1615832
23,32052621;-45,300354;-37,61467743;111,7624207;126,3242839
23,33045721;-45,45068359;-37,68330383;111,7048187;126,3477841
23,34038921;-45,39221191;-37,66478729;111,2465363;125,9161663
23,35032021;-45,58114624;-37,63894653;111,4284286;126,1373295
23,36025221;-45,48513794;-37,60018158;111,731781;126,3592589
23,37018321;-45,48403931;-37,62371826;111,2812271;125,9676685
23,38011521;-45,30926514;-37,46315002;110,8491669;125,4749175
23,39004721;-45,51342773;-37,578125;110,9367752;125,6604778
23,39997821;-45,44421387;-38,01704407;111,3278122;126,1124656
23,40991021;-45,63272095;-37,74951935;111,447052;126,2054548
23,41984121;-45,69168091;-37,4642868;111,2022858;125,9255766
23,42977321;-45,63479614;-37,55735779;110,9996338;125,7537612
23,43970421;-45,70574951;-37,23482513;111,0492477;125,7274161
23,44963621;-45,64831543;-37,50200653;110,7941437;125,5607879
23,45956821;-45,50836182;-37,5268631;110,4629822;125,2251847
23,46949921;-45,48583984;-37,19774628;110,1723099;124,8622113
23,47943121;-45,50909424;-37,48000336;110,0345917;124,833648
23,48936258;-45,44470215;-37,6434021;110,1270294;124,9408231
23,49929458;-45,30145264;-37,23912048;110,4802628;125,0794234
23,50922558;-45,65710449;-37,57572174;110,6269608;125,4385527
23,51915758;-45,32788086;-37,25428009;110,8761139;125,4432573
23,52908958;-45,4100647;-37,57184601;110,7725296;125,4761766
23,53902058;-45,49935913;-37,4360733;111,2404709;125,881268
23,54895258;-45,50946045;-37,50081635;110,845787;125,5556081
23,55888358;-45,51016235;-37,24101257;110,7487488;125,3927959
23,56881558;-45,46951294;-37,72354126;110,751564;125,5247032
23,57874758;-45,41479492;-37,24900818;110,8330231;125,4350478
23,58867858;-45,35205078;-37,27858734;110,8631439;125,4477511
23,59861058;-45,44946289;-37,14040375;111,4019012;125,9184135
23,60854158;-45,52972412;-37,37039185;111,0208435;125,6786762
23,61847358;-45,54800415;-37,24806213;111,0783615;125,6998059
23,62840458;-45,59829712;-37,48931122;110,8636475;125,6001651
23,63833658;-45,43649292;-37,30911255;110,9535751;125,5672752
23,64826858;-45,50765991;-37,54067993;111,036377;125,7351453
23,65819958;-45,40905762;-37,30198669;111,1863708;125,7610027
23,66813158;-45,53314209;-37,77327728;111,4179459;126,1508865
23,67806258;-45,3296814;-37,51303101;111,441452;126,020652
23,68799458;-45,66387939;-37,60380554;111,0432281;125,8166706
23,69792558;-45,527771;-37,55463409;111,0574265;125,7651798
23,70785758;-45,58331299;-37,5552597;110,9362564;125,6785142
23,71778958;-45,62286377;-37,13605499;110,6811142;125,342895
23,72772058;-45,6897583;-37,45082092;110,7329407;125,5065821
23,73765258;-45,54388428;-37,47164154;110,5024719;125,2563995
23,74758358;-45,65261841;-37,56474304;110,9344711;125,7049258
23,75751558;-45,47961426;-37,02733612;110,957695;125,5031036
23,76744658;-45,68753052;-37,36463928;110,9470978;125,66911
23,77737858;-45,76641846;-37,46375275;110,9489899;125,7289791
23,78731058;-45,65621948;-37,57637024;111,1944046;125,9391504
23,79724158;-45,56945801;-37,40209198;111,23246;125,8894442
23,80717358;-45,7366333;-37,58748627;111,1852188;125,9635329
23,81710458;-45,72012329;-37,59896088;111,2782364;126,0430777
23,82703658;-45,69772339;-37,62807465;111,41745;126,1665648
23,83696758;-45,47161865;-37,55843353;111,0140305;125,7076728
23,84689958;-45,72970581;-37,45559692;111,5186691;126,2162482
23,85683158;-45,54019165;-37,19775391;110,97332;125,58925
23,86676258;-45,59024048;-37,34985352;111,4518967;126,0754015
23,87669458;-45,54403687;-37,24485779;111,0931931;125,7105257
23,88662558;-45,63580322;-37,46271515;111,031044;125,7536254
23,89655758;-45,67614746;-37,6439743;110,9145737;125,7196162
23,90648858;-45,54904175;-37,54646301;111,013382;125,7315516
23,91642058;-45,64779663;-37,54498291;110,8170013;125,59361
23,92635258;-45,97705078;-37,91179657;111,283287;126,2345574
23,93628358;-45,48596191;-37,50728607;111,3996429;126,0382866
23,94621558;-45,82974243;-37,50585938;111,1395035;125,9326964
23,95614658;-45,34451294;-37,56005096;111,2217865;125,8458107
23,96607858;-45,77880859;-37,96976471;110,7494278;125,7093398
23,97600958;-45,75845337;-37,45115662;111,1159363;125,8696806
23,98594158;-45,84707642;-37,60774231;111,173111;125,9990369
23,99587358;-45,79318237;-37,32376099;111,0169983;125,7571175
24,00580458;-45,9364624;-37,57485962;111,1427917;125,9950349
24,01573658;-45,66748047;-37,59012604;110,7852783;125,5862821
24,02566758;-45,53692627;-37,57404327;110,9278183;125,6598633
24,03559958;-45,31835938;-37,34726715;110,5656128;125,1931579
24,04553158;-45,6875;-37,26891327;110,4032593;125,1606936
24,05546258;-45,47387695;-37,50789642;110,4115677;125,1616158
24,06539458;-45,58435059;-37,50357056;110,791748;125,5359003
24,07532558;-45,47070313;-37,45252228;110,5998535;125,310031
24,08525758;-45,61557007;-37,54161072;110,618454;125,4057221
24,09518858;-45,45739746;-37,38204956;110,9427872;125,5870003
24,10512058;-45,59036255;-37,73762512;110,9018173;125,7053006
24,11505258;-45,51055908;-37,23972321;111,3444138;125,9189678
24,12498358;-45,55670166;-37,43332672;111,5006943;126,1311692
24,13491558;-45,26062012;-37,32618713;110,900444;125,4618526
24,14484658;-45,63952637;-37,40206909;110,3817673;125,1639552
24,15477858;-45,4039917;-37,3295517;110,8565216;125,4758394
24,16470958;-45,56082153;-37,49187469;111,0879288;125,785361
24,17464158;-45,56082153;-37,49187469;111,0879288;125,785361
24,18457358;-45,54669189;-37,07348633;110,8782578;125,4708435
24,19450458;-45,58493042;-37,16674805;110,8960266;125,5280119
24,20443658;-45,60449219;-37,03990173;111,0478439;125,631794
24,21436758;-45,74395752;-37,17436218;110,900116;125,5917138
24,22429958;-45,66790771;-37,12143707;110,6701508;125,3452877
24,23423058;-45,74810791;-37,41448975;111,045105;125,7924829
24,24416258;-45,71875;-37,3214798;110,6168594;125,3761801
24,25409458;-45,90182495;-37,45254517;110,5021896;125,3810376
24,26402558;-45,79272461;-37,18598175;110,5366898;125,2921811
24,27395758;-45,98913574;-37,56945801;110,4826202;125,4307544
24,28388858;-45,73834229;-37,47196198;110,8479156;125,6320194
24,29382058;-45,75427246;-37,29029083;110,9879227;125,7073515
24,30375158;-45,43081665;-37,53887177;110,6793518;125,3915663
24,31368358;-45,88320923;-37,62531281;110,8113251;125,6983803
24,32361558;-45,68835449;-37,64566803;110,6440887;125,4860009
24,33354658;-45,85095215;-37,88304901;110,86586;125,8120587
24,34347858;-45,74917603;-37,4354248;110,9334717;125,7005699
24,35340958;-45,63647461;-37,48773956;110,599617;125,3805954
24,36334158;-45,66400146;-37,4734726;110,7253342;125,4972582
24,37327358;-45,72338867;-37,67842865;110,1370773;125,0618569
24,38320458;-45,75360107;-37,40105438;111,0399475;125,7859325
24,39313658;-45,65829468;-37,61746216;110,62146;125,446645
24,40306758;-45,77883911;-37,3800354;110,3378754;125,1695486
24,41299958;-46,0447998;-37,57737732;110,6532898;125,603875
24,42293058;-45,81826782;-37,28282928;110,4889832;125,2882214
24,43286258;-46,07580566;-37,54963684;110,7608337;125,7017
24,44279458;-45,66378784;-37,27142334;110,9041748;125,5948904
24,45272558;-45,77224731;-37,60427094;110,3688583;125,2615851
24,46265758;-45,60269165;-37,49531555;110,7485962;125,5020149
24,47258858;-45,64529419;-37,50708771;110,7754745;125,5447341
24,48252058;-45,67834473;-37,35112;110,2337265;125,032363
24,49245171;-45,85409546;-37,81317902;110,5136261;125,4818558
24,50238371;-45,71853638;-37,32318115;110,5143433;125,2861704
24,51231571;-45,82687378;-37,47137451;110,4292526;125,2949564
24,52224671;-45,55551147;-37,18743134;110,8039093;125,4420822
24,53217871;-45,76971436;-37,33650208;110,7623444;125,5275988
24,54210971;-45,6133728;-37,24875641;111,1191635;125,7597636
24,55204171;-45,69766235;-37,42546082;111,1193542;125,842967
24,56197271;-45,71740723;-37,26760864;111,4387589;126,0854986
24,57190471;-45,81958008;-37,46463776;111,4430237;126,184708
24,58183671;-45,65893555;-37,09896088;111,0959167;125,7114713
24,59176771;-45,65103149;-37,4020462;110,7724457;125,512806
24,60169971;-45,53567505;-37,33139038;110,5285492;125,2345423
24,61163071;-45,79318237;-37,59260559;110,3432617;125,2431833
24,62156271;-45,68069458;-37,09347534;110,5597076;125,2441644
24,63149471;-45,77996826;-37,51200867;111,0193329;125,8103675
24,64142571;-45,91732788;-37,08691406;110,6196365;125,3815943
24,65135771;-45,88330078;-37,57793427;110,7047195;125,5902598
24,66128871;-45,6512146;-37,37703705;110,9602356;125,6711987
24,67122071;-45,87789917;-37,82132721;110,9541016;125,8810831
24,68115171;-45,68994141;-37,44046021;111,005661;125,7442467
24,69108371;-45,90267944;-37,63607025;110,9645538;125,8437999
24,70101571;-45,70205688;-37,40314484;110,6812515;125,4512363
24,71094671;-45,87451172;-37,74860382;111,1542282;126,0344809
24,72087871;-45,64886475;-37,32183075;111,1015396;125,7787343
24,73080971;-45,76208496;-37,62311554;111,2569351;126,046709
24,74074171;-45,6421814;-37,29328156;111,2156372;125,868644
24,75067271;-45,81802368;-37,95298004;111,2652588;126,1732056
24,76060471;-45,48788452;-37,42745209;111,0584335;125,7137123
24,77053671;-45,86474609;-37,81585693;110,9762726;125,8941899
24,78046771;-45,76168823;-37,47446442;111,0485229;125,8182898
24,79039971;-45,82962036;-37,6466217;111,1135178;125,9517211
24,80033071;-45,67904663;-37,21626282;110,7644043;125,4606663
24,81026271;-45,99136353;-37,90803528;111,1608505;126,1307232
24,82019371;-45,78128052;-37,41649628;110,9790192;125,7468192
24,83012571;-45,76153564;-37,83189392;110,7689438;125,6786746
24,84005771;-45,76870728;-37,66053009;110,6580353;125,5320312
24,84998871;-45,82794189;-37,76782227;111,5782623;126,3974576
24,85992071;-45,65512085;-37,50982666;110,812973;125,5822127
24,86985171;-46,08779907;-37,85887146;110,9505386;125,9658739
24,87978371;-45,63302612;-37,51662445;110,5592194;125,3523481
24,88971471;-45,85391235;-37,83844757;110,8444214;125,7808218
24,89964671;-45,62460327;-37,44223022;110,7597427;125,5039666
24,90957871;-45,87228394;-37,65059662;110,9533081;125,8271451
24,91950971;-45,77719116;-37,17630768;111,0941467;125,7757469
24,92944171;-45,87149048;-37,58641052;110,5521698;125,454032
24,93937271;-45,7277832;-37,28421021;110,5805206;125,3363237
24,94930471;-46,08703613;-37,54932404;110,6494751;125,6076151
24,95923571;-45,62405396;-37,2150116;110,4829941;125,1918662
24,96916771;-45,67358398;-37,61300659;110,6038742;125,4353679
24,97909971;-45,64926147;-37,03703308;110,64048;125,2873207
24,98903071;-45,76977539;-37,4008255;111,032608;125,7852699
24,99896271;-45,45492554;-37,19548798;110,6546173;125,2760907
25,00889371;-45,67623901;-37,72410583;110,963356;125,7866978
25,01882571;-45,55343628;-37,36701965;110,603157;125,3174691
25,02875671;-45,79333496;-37,66710663;110,4211197;125,3342097
25,03868871;-45,35702515;-37,33599091;110,5066833;125,1517599
25,04862071;-45,71151733;-37,6678772;110,4151001;125,2992662
25,05855171;-45,4815979;-37,49684906;110,3689575;125,1235239
25,06848371;-45,7310791;-37,73227692;110,788887;125,655218
25,07841471;-45,39559937;-37,33552551;111,025238;125,6236657
25,08834671;-45,67251587;-37,77731323;110,8173065;125,672509
25,09827871;-45,42730713;-37,33846283;110,3507156;125,0403194
25,10820971;-45,94699097;-37,80329895;110,5008698;125,5016239
25,11814171;-45,76101685;-37,43540192;110,1939087;125,0526989
25,12807271;-45,92910767;-37,83476257;110,312645;125,338868
25,13800471;-45,8762207;-37,18257904;110,5178375;125,3050846
25,14793571;-45,89813232;-37,27149963;110,4380417;125,2691673
25,15786771;-45,53982544;-37,11016846;110,139061;124,8264918
25,16779971;-45,77938843;-37,57205963;110,2083206;125,1130929
25,17773071;-45,77938843;-37,57205963;110,2083206;125,1130929
25,18766271;-45,45611572;-37,26085663;110,1121216;124,817103
25,19759371;-45,86914063;-37,66602325;110,0369568;125,0233547
25,20752571;-45,6159668;-37,21605682;109,9081802;124,6822337
25,21745671;-45,9359436;-37,60984039;110,5347672;125,4693021
25,22738871;-45,56164551;-37,21248627;110,5196075;125,2007042
25,23732071;-45,76065063;-37,54983521;110,8245316;125,6427637
25,24725171;-45,66165161;-37,22397614;110,4791336;125,2048313
25,25718371;-46,00762939;-37,43001556;110,1719818;125,1222347
25,26711471;-45,69760132;-37,25280762;110,4782944;125,22578
25,27704671;-46,07876587;-37,62866211;110,4569626;125,4587959
25,28697771;-45,59069824;-37,23594666;110,3183365;125,0406448
25,29690971;-46,03079224;-37,50549316;110,5251465;125,4643529
25,30684171;-45,75180054;-37,10884094;110,5227814;125,2420797
25,31677271;-45,87145996;-37,56626129;110,5517197;125,4475888
25,32670471;-45,46716309;-37,26312256;110,4107208;125,0852929
25,33663571;-45,55215454;-37,67248535;110,5418243;125,3543372
25,34656771;-45,49227905;-37,39609528;110,1453323;124,8999985
25,35649871;-45,71170044;-37,77583313;110,3724594;125,2942653
25,36643071;-45,83493042;-37,47940063;110,4582901;125,3258958
25,37636271;-45,99035645;-37,84601593;110,9732666;125,946416
25,38629371;-45,63137817;-37,46560669;110,9031677;125,6399895
25,39622571;-45,73492432;-37,81550598;110,5599442;125,4798671
25,40615671;-45,32852173;-37,26022339;110,0583801;124,7230779
25,41608871;-45,72235107;-37,67856598;110,1829834;125,1019486
25,42601971;-45,47424316;-37,39974213;110,4932022;125,2014187
25,43595171;-45,63729858;-37,45655823;110,2757721;125,0859812
25,44588371;-45,45101929;-37,34100342;110,0663452;124,7988223
25,45581471;-45,65438843;-37,56357574;110,5282364;125,3468645
25,46574671;-45,39727783;-37,53959656;110,9620514;125,6292601
25,47567771;-45,5357666;-37,82121277;110,9121857;125,7197801
25,48560971;-45,48464966;-37,62895203;110,8402252;125,5800419
25,49554033;-45,56555176;-38,06464386;110,6860046;125,6046506
25,50547233;-45,41333008;-37,45423126;110,4369202;125,1459281
25,51540433;-45,91256714;-37,76416016;111,2658844;126,1514671
25,52533533;-45,71856689;-37,40257263;111,0350647;125,7693341
25,53526733;-45,82107544;-37,63188171;111,0876236;125,9213627
25,54519833;-45,73986816;-37,33078766;110,9640579;125,6930603
25,55513033;-45,92114258;-37,40077972;110,5427856;125,4084412
25,56506233;-45,63568115;-37,31678009;110,4225006;125,1730247
25,57499333;-45,9234314;-37,47203064;110,6483765;125,5236147
25,58492533;-45,6914978;-37,49984741;110,5688171;125,3770906
25,59485633;-45,96453857;-37,45652008;110,952446;125,8021263
25,60478833;-45,81713867;-37,2351532;111,0035019;125,7276591
25,61471933;-45,8614502;-37,32582855;111,138443;125,8898074
25,62465133;-45,78967285;-37,31710815;110,7511978;125,5192755
25,63458333;-45,92346191;-37,39633179;110,8204117;125,6527502
25,64451433;-45,61306763;-37,20184326;110,4705582;125,1729735
25,65444633;-45,9367981;-37,31716156;110,6757278;125,5064807
25,66437733;-45,43777466;-37,13368225;110,7609634;125,3454935
25,67430933;-45,66107178;-37,39311981;110,5853729;125,3487279
25,68424033;-45,46942139;-37,19219208;110,1681824;124,8509345
25,69417233;-45,67764282;-37,4654007;110,7047119;125,4816183
25,70410433;-45,51464844;-37,37606049;110,5999069;125,3032024
25,71403533;-45,60888672;-37,7724762;110,5830383;125,4413762
25,72396733;-45,57492065;-37,65719604;110,5845566;125,3957015
25,73389833;-45,71560669;-37,61567688;110,9424667;125,7500965
25,74383033;-45,55813599;-37,38103485;110,7200241;125,4265094
25,75376133;-45,68515015;-37,43151093;111,0245209;125,7564916
25,76369333;-45,51361084;-37,33286285;110,8409119;125,5027456
25,77362533;-45,54006958;-37,5111084;111,092308;125,7874481
25,78355633;-45,64562988;-37,21500397;111,1142883;125,7571673
25,79348833;-45,76296997;-37,43492889;111,2909012;126,0209824
25,80341933;-45,72497559;-37,24515533;111,1643677;125,8391498
25,81335133;-45,72528076;-37,279953;111,1422424;125,8300213
25,82328233;-45,78335571;-37,43743134;111,1648788;125,917859
25,83321433;-45,91625977;-37,47196198;111,1705475;125,9815124
25,84314633;-45,76846313;-37,37932587;110,9586563;125,7131243
25,85307733;-45,73147583;-37,56856537;111,0255585;125,8151009
25,86300933;-45,5567627;-37,27644348;110,9433136;125,5920806
25,87294033;-45,83148193;-37,24801636;110,9642868;125,702078
25,88287233;-45,7088623;-37,25996399;110,520195;125,2689846
25,89280333;-45,59213257;-37,15572357;110,4406433;125,1252414
25,90273533;-45,70050049;-37,34263611;110,2677536;125,0679243
25,91266733;-45,57949829;-37,42008209;110,5376053;125,2849368
25,92259833;-45,47744751;-37,47160339;110,5534973;125,2772727
25,93253033;-45,67462158;-37,37251282;110,7380676;125,4822513
25,94246133;-45,5007019;-37,2702713;110,6455002;125,3068781
25,95239333;-45,59155273;-37,52719879;110,9950485;125,7250219
25,96232533;-45,50912476;-37,60678864;111,2159042;125,913972
25,97225633;-45,76712036;-37,71823883;111,2788849;126,0963325
25,98218833;-45,5640564;-37,3892746;110,5337677;125,266735
25,99211933;-45,70318604;-37,24394989;111,1401825;125,8095115
26,00205133;-45,65615845;-37,20648956;111,1021729;125,7477653
26,01198233;-45,71676636;-37,25390625;111,4312439;126,0745747
26,02191433;-45,52627563;-37,28595734;111,1806488;125,7935652
26,03184633;-45,56573486;-37,48272705;110,625267;125,3759974
26,04177733;-45,76348877;-37,5618515;111,1569214;125,9406637
26,05170933;-45,98937988;-37,59824371;110,7311783;125,6584451
26,06164033;-45,92410278;-37,63166046;110,5764465;125,5082293
26,07157233;-45,65835571;-37,63132477;111,0038605;125,7881516
26,08150333;-45,81219482;-37,35002899;111,1353226;125,8762956
26,09143533;-45,82827759;-37,3349762;111,0246964;125,7800249
26,10136733;-45,85601807;-37,49945068;110,6838913;125,5384682
26,11129833;-45,75717163;-37,57994843;110,7478561;125,5828767
26,12123033;-45,67593384;-37,81406403;110,9164505;125,7722281
26,13116133;-45,58688354;-37,64701843;110,6834106;125,4841796
26,14109333;-45,77035522;-37,62929535;110,6442642;125,511125
26,15102433;-45,78143311;-37,54450989;111,0019531;125,80526
26,16095633;-45,71282959;-37,56191254;111,0619659;125,8384692
26,17088833;-45,71282959;-37,56191254;111,0619659;125,8384692
26,18081933;-45,73803711;-37,41068268;111,0777512;125,8165093
26,19075133;-45,80993652;-37,36878967;110,9627228;125,7286864
26,20068233;-45,60995483;-37,41223907;111,1020966;125,791969
26,21061433;-45,75296021;-37,4207077;111,0137329;125,7684047
26,22054533;-45,76226807;-37,29915619;110,8191986;125,5639559
26,23047733;-45,80905151;-37,61773682;111,0276642;125,8598647
26,24040933;-45,82626343;-37,57855225;110,7696075;125,6268282
26,25034033;-45,88711548;-37,58342743;110,6435623;125,5393933
26,26027233;-46,05996704;-37,29748535;110,9166107;125,7581708
26,27020333;-45,81646729;-37,34802246;111,050499;125,8023719
26,28013533;-45,83547974;-37,34018707;111,1198502;125,8681925
26,29006633;-45,72311401;-37,32579803;111,0382767;125,7510129
26,29999833;-45,67745972;-37,41040802;111,011528;125,7359468
26,30993033;-45,69342041;-37,53957367;111,0029068;125,7726265
26,31986133;-45,70068359;-37,53660583;110,7882156;125,5849433
26,32979333;-45,75067139;-37,6659317;110,7520142;125,6099319
26,33972433;-45,8286438;-37,42675018;110,8141479;125,6216606
26,34965633;-45,68640137;-37,47119141;110,6259003;125,4170135
26,35958733;-45,45883179;-37,2252121;110,7239151;125,3475456
26,36951933;-45,57159424;-37,23060608;110,3687668;125,0765882
26,37945133;-45,57339478;-37,34568024;110,954216;125,6283097
26,38938233;-45,67828369;-37,49030304;110,7346802;125,5157274
26,39931433;-45,63165283;-37,3059845;110,8612518;125,5555709
26,40924533;-45,83184814;-37,27322388;110,8135605;125,5766567
26,41917733;-45,73757935;-37,17569733;110,6400528;125,3602007
26,42910833;-45,71075439;-37,055336;110,8896637;125,5352082
26,43904033;-45,73556519;-36,93856812;110,7870331;125,419163
26,44897233;-45,56140137;-37,31687927;110,9197464;125,584955
26,45890333;-45,55706787;-37,26881409;110,9325333;125,580404
26,46883533;-45,76409912;-37,4122467;110,972084;125,7331794
26,47876633;-45,64144897;-37,17388916;111,1634216;125,7869079
26,48869833;-45,74365234;-37,38879395;111,3609543;126,0621505
26,49863096;-45,62731934;-37,5370636;110,7433014;125,5187724
26,50856196;-45,6802063;-37,57234192;110,6461182;125,4628455
26,51849396;-45,63504028;-37,5122757;110,5882721;125,3774049
26,52842496;-45,86251831;-37,50565338;110,7789536;125,6265146
26,53835696;-45,76748657;-37,29322815;110,6735687;125,4355871
26,54828796;-45,76913452;-37,52048492;111,094017;125,8748628
26,55821996;-45,74102783;-37,50740814;111,2769012;126,0222046
26,56815196;-45,55783081;-37,57518768;111,2107162;125,9175686
26,57808296;-45,6456604;-37,56076813;110,9231491;125,6912194
26,58801496;-45,77856445;-37,30693054;110,5368195;125,3230724
26,59794596;-45,57015991;-37,1660614;110,4639969;125,1409214
26,60787796;-45,71356201;-37,47929382;110,7217712;125,513895
26,61780896;-45,60003662;-37,42971802;110,8574677;125,5775667
26,62774096;-45,63739014;-37,28792572;110,6267471;125,345275
26,63767296;-45,50970459;-37,47997284;111,0673447;125,7451257
26,64760396;-45,83679199;-37,50333405;111,0444946;125,8506708
26,65753596;-45,66333008;-37,27580261;110,7140427;125,4281644
26,66746696;-45,59967041;-37,30966949;110,7009354;125,4035026
26,67739896;-45,50512695;-37,31681061;110,8637238;125,5150436
26,68732996;-45,7409668;-37,5170517;110,117569;125,0025768
26,69726196;-45,64181519;-37,3303299;110,5406494;125,2835344
26,70719396;-45,79556274;-37,54862976;110,5937119;125,4515933
26,71712496;-45,85543823;-37,3134079;110,8878632;125,6627623
26,72705696;-45,77441406;-37,27844238;111,1252975;125,832472
26,73698796;-45,70129395;-37,25835419;111,0259476;125,7121882
26,74691996;-45,90454102;-37,50400543;110,6738358;125,5486966
26,75685096;-45,62658691;-37,19307709;111,0031662;125,6455862
26,76678296;-45,85406494;-37,41725922;111,4111099;126,1549919
26,77671496;-45,76092529;-37,33629608;111,1731567;125,8869813
26,78664596;-45,95751953;-37,63008118;110,8830643;125,7901846
26,79657796;-45,97558594;-37,40736389;110,6342087;125,5109298
26,80650896;-45,94100952;-37,3844223;110,6118164;125,4716913
26,81644096;-45,6784668;-37,45354462;111,0192032;125,7559295
26,82637196;-45,8348999;-37,47240448;110,7129517;125,5483047
26,83630396;-45,60757446;-37,21692657;110,7735901;125,44297
26,84623596;-45,82910156;-37,43376923;110,6056366;125,4400274
26,85616696;-45,73648071;-37,35001373;110,2963638;125,1085012
26,86609896;-45,70883179;-37,64785767;110,4724121;125,3427793
26,87602996;-45,60095215;-37,37356567;111,1781998;125,8444371
26,88596196;-45,97750854;-37,4766922;111,1284485;125,9681143
26,89589396;-45,70077515;-37,5641861;110,7227554;125,535483
26,90582496;-45,97229004;-37,36586761;110,4604263;125,3441873
26,91575696;-45,77203369;-37,28308868;110,7736664;125,5225595
26,92568796;-45,80181885;-37,38804626;110,7696838;125,5611224
26,93561996;-45,73834229;-37,27798462;110,9250717;125,6424117
26,94555096;-45,99014282;-37,51210785;111,1407013;125,9940751
26,95548296;-45,74679565;-37,46273804;110,5679855;125,3854277
26,96541496;-46,14599609;-37,77075195;110,7770004;125,8078952
26,97534596;-45,74685669;-37,27877045;110,59198;125,3517757
26,98527796;-45,90539551;-37,42984009;110,5047607;125,3778306
26,99520896;-45,94195557;-37,41938019;110,7973938;125,6460734
27,00514096;-45,92251587;-37,34185791;110,8877869;125,6956367
27,01507196;-45,84127808;-37,07623291;110,8580551;125,5610537
27,02500396;-45,9810791;-37,28765106;111,3203659;126,0827206
27,03493596;-45,72036743;-37,07714844;110,8855896;125,5415506
27,04486696;-45,80911255;-37,409729;110,7218094;125,5280116
27,05479896;-45,61761475;-37,17922974;110,7352066;125,4015466
27,06472996;-45,90097046;-37,34724426;110,9976349;125,7862898
27,07466196;-45,77441406;-37,21994781;110,8474503;125,5698161
27,08459296;-45,93002319;-37,32253265;110,9836121;125,7771864
27,09452496;-45,72955322;-37,30517578;111,0860443;125,789417
27,10445696;-45,82034302;-37,2379303;110,9780502;125,7071793
27,11438796;-45,83096313;-37,08942413;111,3409119;125,9877027
27,12431996;-46,14483643;-37,31524658;111,4406738;126,2568705
27,13425096;-46,02703857;-37,24602509;111,3453751;126,109267
27,14418296;-46,20480347;-37,05474091;111,2032089;125,9924258
27,15411396;-45,9553833;-37,04039764;111,3931198;126,0647272
27,16404596;-46,06259155;-37,22299194;111,2750549;126,053367
27,17397796;-46,06259155;-37,22299194;111,2750549;126,053367
27,18390896;-45,85473633;-37,1537323;111,2204666;125,9088911
27,19384096;-46,1182251;-37,37337494;111,4419708;126,265485
27,20377196;-45,77453613;-37,17605591;111,1893845;125,8588356
27,21370396;-45,86853027;-37,51722717;111,4762421;126,2474433
27,22363496;-45,70574951;-37,46815491;111,1279373;125,8661854
27,23356696;-45,88031006;-37,55967712;111,3850555;126,1838452
27,24349896;-45,90997314;-37,26338196;111,8338776;126,5033653
27,25342996;-45,93557739;-37,73860168;111,1021423;126,0077988
27,26336196;-45,71768188;-37,32555389;111,3164597;125,9946729
27,27329296;-45,7979126;-37,4923172;111,1768723;125,9500678
27,28322496;-45,66827393;-37,36888123;110,9917984;125,7028394
27,29315596;-45,72244263;-37,51057434;110,855278;125,6442502
27,30308796;-45,63949585;-37,59506226;110,4918671;125,3188133
27,31301996;-45,96542358;-37,47358704;111,059967;125,9023676
27,32295096;-45,76702881;-37,09674835;110,9984894;125,6640534
27,33288296;-45,8843689;-37,27613068;110,7621994;125,5513841
27,34281396;-45,62527466;-37,31152344;110,8942261;125,5840151
27,35274596;-45,71453857;-37,17038727;110,6651993;125,3724175
27,36267696;-45,7159729;-37,10764313;110,6313324;125,3244552
27,37260896;-45,87692261;-37,18865204;110,6188583;125,3962507
27,38254096;-45,69100952;-36,85416412;110,7466354;125,3423912
27,39247196;-45,84069824;-37,2106781;110,6153641;125,3864544
27,40240396;-45,62011719;-36,73789978;110,2131042;124,8110441
27,41233496;-45,94845581;-37,00869751;111,163887;125,8503638
27,42226696;-45,77618408;-36,90643311;110,5378494;125,2044727
27,43219796;-45,82751465;-37,14678955;110,6258621;125,3719524
27,44212996;-45,64428711;-37,05097198;110,4559021;125,1266629
27,45206196;-45,80938721;-37,170784;110,5934296;125,3438224
27,46199296;-45,59115601;-37,08280945;110,6194;125,261087
27,47192496;-45,86212158;-37,21327209;110,7370605;125,5024239
27,48185596;-45,46633911;-36,90588379;111,140274;125,6240135
27,49178796;-45,62402344;-37,20703888;111,0373459;125,6789857
27,50172008;-45,49621582;-36,78330994;110,9384079;125,420285
27,51165108;-45,8109436;-37,21305847;110,9113388;125,6374918
27,52158308;-45,4196167;-37,18770599;111,1585922;125,7064027
27,53151408;-45,45767212;-37,54720306;111,1536179;125,8225702
27,54144608;-45,49798584;-37,26780701;111,0255661;125,640887
27,55137708;-45,64221191;-37,13650513;111,0648117;125,6889968
27,56130908;-45,64608765;-36,76718903;110,940094;125,4714946
27,57124108;-45,90148926;-37,16487122;111,1041794;125,8265196
27,58117208;-45,76153564;-37,03126526;111,0326767;125,6729408
27,59110408;-45,83660889;-37,06201935;111,2178268;125,872924
27,60103508;-45,71456909;-36,81802368;111,1537552;125,7002227
27,61096708;-45,68682861;-37,19876862;111,1010437;125,7556226
27,62089808;-45,60247803;-36,97605896;111,1676559;125,7181875
27,63083008;-45,84170532;-36,97393799;111,1287003;125,7701159
27,64076208;-45,53765869;-36,84672546;110,6801147;125,2255858
27,65069308;-45,58486938;-37,17593384;110,360321;125,05771
27,66062508;-45,50558472;-36,97913361;110,7632294;125,326404
27,67055608;-45,66137695;-37,22566223;110,8226471;125,5084475
27,68048808;-45,64242554;-36,74372864;111,3677902;125,8416358
27,69041908;-45,69754028;-37,15138245;110,7107849;125,4008305
27,70035108;-45,58956909;-36,9630661;110,8653793;125,4424545
27,71028308;-45,86288452;-37,1884613;110,5171738;125,3013628
27,72021408;-45,66711426;-36,98278046;110,5772629;125,2219727
27,73014608;-45,62554932;-37,1394577;110,8375702;125,4830548
27,74007708;-45,55523682;-36,90825653;110,3526306;124,9608022
27,75000908;-45,72521973;-37,24536133;110,7943497;125,5125515
27,75994008;-45,67355347;-36,83214569;110,5443573;125,1508505
27,76987208;-45,78305054;-37,17523193;110,7195511;125,4468197
27,77980408;-45,57183838;-37,00062561;110,5709457;125,1869514
27,78973508;-45,85430908;-37,37110901;110,6038818;125,4290083
27,79966708;-45,43951416;-37,03577423;110,2937241;124,9043778
27,80959808;-45,71975708;-37,43202209;110,2394028;125,07669
27,81953008;-45,51837158;-37,05252075;110,3885956;125,021812
27,82946108;-45,65023804;-37,39809418;110,6507874;125,4039809
27,83939308;-45,31332397;-36,76235962;110,699646;125,1366455
27,84932508;-45,45227051;-37,17411804;110,7478714;125,3511666
27,85925608;-45,29364014;-36,87215424;110,5965042;125,0706054
27,86918808;-45,86364746;-37,23827362;111,0517578;125,7881397
27,87911908;-45,62393188;-36,88124084;110,9798508;125,5320531
27,88905108;-45,84503174;-37,33101654;110,5450211;125,3617701
27,89898208;-45,37646484;-36,69605255;110,4408112;124,9111548
27,90891408;-45,82150269;-37,18154144;110,8019562;125,5354556
27,91884608;-45,53146362;-36,97149658;111,3934708;125,8908697
27,92877708;-45,67858887;-37,16163635;111,3307953;125,9446969
27,93870908;-45,70162964;-36,86663818;110,7714691;125,3718722
27,94864008;-45,83889771;-37,50218201;110,8020859;125,6372573
27,95857208;-45,51577759;-37,05142975;110,7485275;125,338465
27,96850408;-45,5970459;-37,37812042;111,04142;125,7235516
27,97843508;-45,63476563;-36,86799622;110,7291183;125,3104889
27,98836708;-45,8649292;-37,19758606;110,999382;125,7303263
27,99829808;-45,71990967;-36,68648529;110,5805206;125,156941
28,00823008;-45,9173584;-37,1578064;110,9636841;125,7061875
28,01816108;-45,70269775;-36,85572052;110,6436081;125,2560926
28,02809308;-45,72491455;-37,12942505;110,8271332;125,5070335
28,03802508;-45,56848145;-37,01243591;110,5012894;125,1277022
28,04795608;-45,82373047;-37,3058548;110,9651031;125,7171237
28,05788808;-45,65658569;-36,91972351;111,2380142;125,783487
28,06781908;-45,80621338;-37,49430084;110,9283142;125,7343337
28,07775108;-45,45153809;-37,12365723;110,9030533;125,4730866
28,08768208;-45,76617432;-37,4462204;111,1292267;125,8827516
28,09761408;-45,61065674;-36,92054749;111,3580933;125,8732846
28,10754608;-45,65371704;-37,2493515;111,6109848;126,2093023
28,11747708;-45,44656372;-36,89488983;110,9469376;125,4426004
28,12740908;-45,82357788;-37,21605682;111,1053772;125,8143077
28,13734008;-45,61761475;-36,90310669;110,861702;125,4317465
28,14727208;-45,85964966;-37,33422852;111,2907028;126,0260791
28,15720308;-45,59542847;-36,96086121;110,7809753;125,3693458
28,16713508;-45,59542847;-36,96086121;110,7809753;125,3693458
28,17706708;-45,78686523;-37,66828918;111,3052597;126,1118467
28,18699808;-45,65634155;-37,39645386;110,8729935;125,6018191
28,19693008;-45,7744751;-37,72360229;111,4615479;126,2618287
28,20686108;-45,53475952;-37,2087326;111,6202545;126,1625353
28,21679308;-45,78619385;-37,56562805;111,5649338;126,3102783
28,22672408;-45,44839478;-36,89257813;111,5431061;125,9701688
28,23665608;-45,85906982;-37,45571899;111,1518021;125,9393039
28,24658808;-45,51928711;-37,07319641;111,2481995;125,7878741
28,25651908;-45,93283081;-37,51570129;110,9300995;125,7884723
28,26645108;-45,45681763;-37,14035797;110,7178268;125,3162625
28,27638208;-45,65704346;-37,51462555;110,8370667;125,6056053
28,28631408;-45,52038574;-37,05986786;110,6559296;125,2608242
28,29624508;-45,90951538;-37,20339966;110,9980011;125,7470986
28,30617708;-45,28652954;-36,93149567;110,1585312;124,6984648
28,31610908;-45,60162354;-37,33384705;110,4421539;125,1830403
28,32604008;-45,53491211;-37,01528168;111,1601639;125,6986131
28,33597208;-45,88925171;-37,57147217;111,0227356;125,8709131
28,34590308;-45,5798645;-37,25884247;110,7208328;125,3987568
28,35583508;-45,92495728;-37,53495026;110,8981781;125,7631906
28,36576608;-45,76028442;-37,07761383;110,7243271;125,4138337
28,37569808;-45,89004517;-37,48264313;110,5905991;125,4636417
28,38563008;-45,67370605;-36,97948456;111,0121002;125,6075479
28,39556108;-45,9418335;-37,36849976;111,2538681;126,0336463
28,40549308;-45,78622437;-36,71411133;110,3825455;125,0144418
28,41542408;-45,91238403;-37,02709961;110,8475418;125,5632535
28,42535608;-45,55474854;-36,8923111;110,9258804;125,4624593
28,43528708;-46,0043335;-37,17254639;111,058075;125,8256449
28,44521908;-45,53311157;-37,05214691;110,6922836;125,2952812
28,45515108;-45,93075562;-37,35255432;111,1062698;125,894602
28,46508208;-45,76315308;-36,94403839;110,8609848;125,4961597
28,47501408;-45,76281738;-37,39321136;111,356575;126,0665479
28,48494508;-45,59777832;-37,3221817;111,1035614;125,7620928
28,49487675;-45,9078064;-37,61962128;111,5360718;126,3449956
28,50480775;-45,60958862;-37,27864838;111,2311554;125,8662073
28,51473975;-45,921875;-37,39070129;110,9111328;125,7305155
28,52467175;-45,52563477;-37,11605835;111,0426407;125,6210701
28,53460275;-45,64868164;-37,45920563;110,9516068;125,6871245
28,54453475;-45,63549805;-37,21095276;110,7347107;125,4170237
28,55446575;-45,74963379;-37,44522858;110,8610764;125,6397723
28,56439775;-45,60394287;-37,19317627;110,7114487;125,3797306
28,57432975;-45,73532104;-37,4603653;111,4004059;126,1152211
28,58426075;-45,51965332;-37,33034515;110,888504;125,5462219
28,59419275;-45,79928589;-37,5225296;111,0737381;125,868543
28,60412375;-45,75698853;-37,24948883;110,9985352;125,7056133
28,61405575;-45,6574707;-37,73625183;110,9151382;125,7409926
28,62398675;-45,59939575;-37,38715363;110,9293442;125,6281161
28,63391875;-45,75979614;-37,55369568;110,5264206;125,3807348
28,64385075;-45,56149292;-37,28411102;110,8339767;125,4995019
28,65378175;-45,80563354;-37,52856445;110,8432312;125,6692927
28,66371375;-45,66369629;-37,45417023;110,569664;125,3540531
28,67364475;-45,80084229;-37,70088196;111,0170059;125,872353
28,68357675;-45,59014893;-37,43210602;111,2222748;125,8968572
28,69350775;-45,68075562;-37,66968536;111,8214569;126,529739
28,70343975;-45,4604187;-37,42852783;111,3351822;125,9486687
28,71337175;-45,72158813;-37,57158661;111,3209839;126,0731898
28,72330275;-45,62963867;-37,46393585;111,6167068;126,2691556
28,73323475;-45,53439331;-37,81960297;111,3341064;126,0911837
28,74316575;-45,61734009;-37,24385071;111,1792984;125,812887
28,75309775;-45,83700562;-37,44564819;111,4559555;126,1968212
28,76302875;-45,67849731;-37,18889618;110,9878693;125,6496965
28,77296075;-45,67218018;-37,44605255;111,068924;125,795313
28,78289275;-45,72238159;-37,27278137;110,8842773;125,5990421
28,79282375;-45,40811157;-37,2461853;111,3329544;125,8737528
28,80275575;-45,39248657;-37,13478088;110,9123688;125,463235
28,81268675;-45,59857178;-37,60118103;111,1776581;125,9108821
28,82261875;-45,51464844;-37,53928375;110,8364563;125,5607466
28,83254975;-45,6545105;-37,60503387;110,9140396;125,6996304
28,84248175;-45,34503174;-37,50566864;110,9064484;125,5511345
28,85241375;-45,46972656;-37,51699829;110,7641602;125,4739828
28,86234475;-45,57046509;-37,29453278;111,0157318;125,6663924
28,87227675;-45,52722168;-37,51078033;111,3719635;126,0297616
28,88220775;-45,57128906;-37,57238007;111,0511017;125,7806556
28,89213975;-45,63360596;-37,30638885;110,991684;125,6715821
28,90207075;-45,67874146;-37,30387878;111,223877;125,8923254
28,91200275;-45,60568237;-37,51917267;110,9032516;125,6467183
28,92193475;-45,50726318;-37,44100189;111,0218811;125,6924728
28,93186575;-45,7684021;-37,45826721;111,4129562;126,1376836
28,94179775;-45,59210205;-37,58189392;110,9833755;125,7312537
28,95172875;-45,80496216;-37,66729736;111,1106186;125,9463751
28,96166075;-45,87451172;-37,64404297;111,0394745;125,9019845
28,97159175;-45,89935303;-37,71595001;111,1275558;126,0102264
28,98152375;-45,73782349;-37,35739136;111,2853394;125,9839273
28,99145575;-45,52246094;-37,4440155;111,4074097;126,0395163
29,00138675;-45,55844116;-37,58106232;111,060524;125,7869142
29,01131875;-45,60766602;-37,44115448;111,0684357;125,7700149
29,02124975;-45,62442017;-37,44510651;110,6835403;125,4375136
29,03118175;-45,71795654;-37,4485321;111,1844711;125,9146962
29,04111375;-45,7354126;-37,29798126;111,2520599;125,9360481
29,05104475;-45,65118408;-37,52779388;110,7589264;125,538463
29,06097675;-45,74136353;-37,46128082;111,1782227;125,9214719
29,07090775;-45,48486328;-37,57312775;111,3548508;126,0179174
29,08083975;-45,54678345;-37,35432434;110,7080154;125,4038265
29,09077075;-45,63290405;-37,4451828;110,83078;125,5705596
29,10070275;-45,61999512;-37,47135162;110,9105835;125,6441152
29,11063475;-45,67520142;-37,43968201;111,1536484;125,8693265
29,12056575;-45,78723145;-37,58242798;111,2263794;126,0167327
29,13049775;-45,63400269;-37,83335876;111,4561691;126,2390703
29,14042875;-45,86605835;-37,67208862;111,2355957;126,0802892
29,15036075;-45,91702271;-37,39361572;111,1581345;125,9475539
29,16029175;-45,95404053;-37,44773102;111,122139;125,9453698
29,17022375;-45,95404053;-37,44773102;111,122139;125,9453698
29,18015575;-45,95761108;-37,4278717;110,926506;125,7681889
29,19008675;-45,79800415;-37,5982132;111,1589661;125,9658627
29,20001875;-45,66452026;-37,32910919;111,0084229;125,7043386
29,20994975;-45,63156128;-37,44257355;110,867157;125,601402
29,21988175;-45,67849731;-37,33644867;110,6472244;125,3927581
29,22981275;-45,44192505;-37,34118652;110,6830139;125,3397875
29,23974475;-45,47927856;-37,14682007;110,6436615;125,2608113
29,24967675;-45,49789429;-37,58850098;110,9432983;125,6637149
29,25960775;-45,63085938;-37,42128754;110,796524;125,5324573
29,26953975;-45,57781982;-37,30200958;110,4031448;125,1304598
29,27947075;-45,65969849;-37,16580963;110,8062134;125,4755849
29,28940275;-45,71810913;-37,14511108;111,1267395;125,7738328
29,29933375;-45,59295654;-37,08660889;111,2658844;125,8341419
29,30926575;-45,60424805;-37,21934509;110,8211441;125,4844734
29,31919775;-45,68954468;-37,38047028;111,0255508;125,7438149
29,32912875;-45,80892944;-37,35735321;111,0810242;125,8293439
29,33906075;-45,58520508;-37,32791138;111,3340454;125,9629055
29,34899175;-45,62298584;-37,16750336;111,3191147;125,9159459
29,35892375;-45,45166016;-37,05086517;111,059967;125,5903511
29,36885475;-45,58752441;-37,34161377;110,8563614;125,5458138
29,37878675;-45,67358398;-37,48981476;110,5259323;125,3297419
29,38871875;-45,88571167;-37,34576416;110,6741791;125,4949344
29,39864975;-45,70037842;-37,23337555;110,6532745;125,3754203
29,40858175;-45,74636841;-37,53567505;110,9034576;125,7029596
29,41851275;-45,89703369;-37,51313019;110,5683365;125,4556881
29,42844475;-45,71066284;-37,38399506;110,5515671;125,3342601
29,43837575;-45,69509888;-37,26698303;110,4860764;125,2359499
29,44830775;-45,70111084;-37,51113892;110,4169312;125,2500529
29,45823975;-45,88363647;-37,48140717;110,7700424;125,6191318
29,46817075;-45,74389648;-37,46303558;111,0359726;125,7973383
29,47810275;-45,80947876;-37,44622803;111,1605148;125,9261228
29,48803375;-45,76040649;-37,46115875;111,1981049;125,945908
29,49796633;-45,69778442;-37,29401398;111,2055054;125,8800834
29,50789833;-45,56665039;-37,12716675;111,1757584;125,75689
29,51782933;-45,41537476;-37,41072845;111,1502762;125,7636782
29,52776133;-45,5413208;-37,45912933;110,7734375;125,4908472
29,53769233;-45,47943115;-37,50907135;110,7470856;125,4600576
29,54762433;-45,72827148;-37,67195129;110,8724136;125,7097563
29,55755533;-45,57049561;-37,65387726;110,741188;125,5312522
29,56748733;-45,60015869;-37,66859436;110,8609772;125,6521139
29,57741933;-45,66165161;-37,50662994;110,9205322;125,678551
29,58735033;-45,61734009;-37,68756104;110,9067917;125,7044566
29,59728233;-45,60421753;-37,5407486;110,9528275;125,6963897
29,60721333;-45,89108276;-37,46418762;111,2557297;126,045207
29,61714533;-45,78741455;-37,30635834;111,2099304;125,9202141
29,62707633;-45,72766113;-37,5010376;110,9198837;125,700308
29,63700833;-45,73080444;-37,4503479;110,6265106;125,4275085
29,64694033;-45,87081909;-37,47194672;111,0482178;125,8570042
29,65687133;-45,97564697;-37,02049255;110,9540329;125,6784564
29,66680333;-45,95294189;-37,38417816;110,5355759;125,4087843
29,67673433;-45,72744751;-37,318573;111,2835922;125,9671118
29,68666633;-45,91894531;-37,24451447;110,970932;125,7388212
29,69659733;-45,79824829;-37,3008728;111,1183853;125,8416871
29,70652933;-46,03149414;-37,65924835;111,0423279;125,9663289
29,71646133;-45,91394043;-37,60341644;110,9838181;125,8551339
29,72639233;-45,87329102;-37,42378235;110,7630234;125,5919809
29,73632433;-45,5982666;-37,43679047;110,6585083;125,4034316
29,74625533;-45,86764526;-37,41062164;111,2684097;126,0319582
29,75618733;-45,74365234;-37,13681793;111,1362228;125,7890496
29,76611833;-45,92672729;-37,45154572;110,4704514;125,3618889
29,77605033;-45,75170898;-37,32736206;110,4431229;125,2367128
29,78598233;-45,94451904;-37,33181;110,558136;125,4099849
29,79591333;-45,81140137;-37,14683533;110,6098022;125,3519055
29,80584533;-45,9446106;-37,17801666;110,6162186;125,4155492
29,81577633;-45,78378296;-37,15782166;110,7815933;125,4966928
29,82570833;-45,78121948;-36,90764618;110,9305115;125,5534658
29,83564033;-45,66973877;-37,09815979;110,8046951;125,4578772
29,84557133;-45,82687378;-37,21025848;110,7629471;125,5114981
29,85550333;-45,56903076;-37,26361847;111,0557709;125,6920764
29,86543433;-45,68099976;-37,52792358;110,9764633;125,7412987
29,87536633;-45,48382568;-37,251091;110,7833023;125,4167543
29,88529733;-45,82516479;-37,30400085;111,0032349;125,7507549
29,89522933;-45,76055908;-37,41513824;111,1329498;125,8747547
29,90516133;-45,72738647;-37,33853149;110,8401184;125,5814145
29,91509233;-45,55935669;-37,39822388;111,1282883;125,7926015
29,92502433;-45,86541748;-37,48786926;110,8329849;125,6699145
29,93495533;-45,96051025;-37,26898956;111,2856522;126,0390513
29,94488733;-46,15109253;-37,30386353;111,5997314;126,3962089
29,95481833;-45,77505493;-37,16938019;110,8777618;125,5818321
29,96475033;-45,67858887;-37,30821228;110,9111938;125,6173917
29,97468233;-45,67260742;-36,96408081;111,2933807;125,851289
29,98461333;-45,82870483;-37,33017731;110,9415054;125,7053298
29,99454533;-45,8465271;-37,3026123;110,7277679;125,515049
30,00447633;-45,76538086;-37,65077972;110,5798798;125,4590017
30,01440833;-45,72576904;-37,51511383;110,438179;125,2789731
30,02433933;-45,83502197;-37,70397949;110,9765701;125,8500633
30,03427133;-45,6031189;-37,43351746;110,5482025;125,3068943
30,04420333;-45,83218384;-37,66275787;110,8351822;125,7120122
30,05413433;-45,78338623;-37,58703613;110,6707306;125,5265484
30,06406633;-45,72735596;-37,57012939;110,8734589;125,6798695
30,07399733;-45,62213135;-37,52096558;110,2558136;125,0821576
30,08392933;-45,80828857;-37,71938324;110,9965286;125,8625462
30,09386033;-45,59915161;-37,37882233;111,065239;125,7455617
30,10379233;-45,95758057;-37,4977417;111,1422424;125,9792757
30,11372433;-45,7069397;-37,15680695;111,0151901;125,6746795
30,12365533;-45,646698;-37,40625;110,6918945;125,441397
30,13358733;-45,64126587;-37,47346497;111,0358887;125,763088
30,14351833;-46,07440186;-37,35919189;111,0891037;125,933906
30,15345033;-45,71981812;-37,50691986;111,151886;125,9039815
30,16338133;-45,71981812;-37,50691986;111,151886;125,9039815
30,17331333;-45,95196533;-37,68242645;110,9941711;125,9017649
30,18324533;-45,72955322;-37,41209412;111,2099915;125,9306119
30,19317633;-45,81140137;-37,55935669;110,5895157;125,456888
30,20310833;-45,56033325;-37,36569977;110,6730423;125,3812657
30,21303933;-45,90869141;-37,55233765;110,8757706;125,7426837
30,22297133;-45,68328857;-37,22219086;111,0681915;125,7322453
30,23290233;-46,04891968;-37,51760864;110,7024155;125,6308034
30,24283433;-45,68692017;-37,29510498;110,7068329;125,4361287
30,25276633;-45,77850342;-37,51902771;110,6718369;125,5053955
30,26269733;-45,62988281;-37,30110931;111,0247879;125,6979017
30,27262933;-45,67922974;-37,61030579;110,7184219;125,5376282
30,28256033;-45,60696411;-37,29192352;111,0128632;125,6763244
30,29249233;-45,73318481;-37,45137024;111,2157364;125,9486774
30,30242333;-45,66925049;-37,23204041;111,3744354;126,0006752
30,31235533;-45,51593018;-37,46629333;111,0349121;125,714656
30,32228733;-45,36184692;-37,1696701;110,5527496;125,1446842
30,33221833;-45,64923096;-37,18018341;110,6043091;125,2977714
30,34215033;-45,40023804;-36,99798584;110,974472;125,4805404
30,35208133;-45,65103149;-37,35134125;110,9404068;125,6459837
30,36201333;-45,44900513;-37,33770752;110,8535843;125,4919664
30,37194533;-45,52679443;-37,49378967;110,9353104;125,638833
30,38187633;-45,28137207;-37,26242065;110,5469055;125,1379597
30,39180833;-45,54074097;-37,49465179;110,8476486;125,566752
30,40173933;-45,37283325;-37,26896667;110,7733841;125,3730932
30,41167133;-45,47805786;-37,49797058;110,6411133;125,3627038
30,42160233;-45,44979858;-37,08216095;110,6358719;125,2240672
30,43153433;-45,51602173;-37,13839722;110,6180649;125,2490521
30,44146633;-45,67132568;-37,06784058;110,5942307;125,2636366
30,45139733;-45,57757568;-37,29542542;110,6248474;125,324064
30,46132933;-45,51803589;-36,98310089;110,720108;125,2939889
30,47126033;-45,58581543;-37,38074493;110,8950348;125,5909846
30,48119233;-45,56658936;-37,33026886;110,8937378;125,5678467
30,49112333;-45,76547241;-37,52331543;110,9794693;125,7732892
30,5010545;-45,65582275;-37,20482635;110,5851898;125,290612
30,5109865;-45,61972046;-37,54257965;110,9779053;125,7246978
30,5209175;-45,46664429;-37,59367371;110,9925842;125,6974693
30,5308495;-45,61029053;-37,62051392;110,8541336;125,6353478
30,5407805;-45,39389038;-37,40105438;111,0233459;125,6408671
30,5507125;-45,64477539;-37,61441803;111,274292;126,0168958
30,5606435;-45,62493896;-37,4482193;111,3175659;125,9984312
30,5705755;-45,75064087;-37,65908051;111,3537445;126,1387486
30,5805075;-45,72445679;-37,26290894;111,0838928;125,7731353
30,5904385;-45,5763855;-37,58848572;111,1918945;125,9116301
30,6003705;-45,35696411;-37,18434906;111,3120804;125,8185568
30,6103015;-45,44390869;-37,5958786;111,3839569;126,0356489
30,6202335;-45,57165527;-37,28023529;111,442337;126,0396215
30,6301645;-45,57229614;-37,30640411;111,6055222;126,1918957
30,6400965;-45,51947021;-37,0790863;110,9571609;125,5323559
30,6500285;-45,78747559;-37,44332886;110,8609085;125,6528425
30,6599595;-45,60693359;-37,19452667;111,0963211;125,7211906
30,6698915;-45,7666626;-37,49776459;110,9676895;125,7557071
30,6798225;-45,67697144;-37,17198944;111,1363602;125,7753277
30,6897545;-45,6776123;-37,50353241;111,1798859;125,9123752
33,40990042;-40,74691772;-41,74925995;222,7914276;230,302697
33,41983142;-40,55175781;-41,45436859;222,4804077;229,9139873
33,42976342;-40,56790161;-41,70677948;222,7746124;230,2471238
33,43969442;-40,36099243;-41,3731308;222,5982361;229,979826
33,44962642;-40,56277466;-41,62454987;223,3099365;230,7493653
33,45955742;-40,35830688;-41,39811707;222,9059296;230,2816764
33,46948942;-40,31646729;-41,97620392;223,2268524;230,6895032
33,47942042;-40,2253418;-41,64680481;223,0650177;230,4572338
33,48935242;-40,32131958;-42,07993317;222,9863586;230,4765622
33,49928342;-40,20703125;-41,97040558;222,9522095;230,4035764
33,50921542;-40,28399658;-42,41613007;223,0367737;230,5804217
33,51914642;-39,99938965;-41,96344757;223,2328339;230,6377684
33,52907842;-40,29376221;-42,08642578;223,2862701;230,76311
33,53901042;-40,08599854;-42,19717407;223,5189819;230,9723448
33,54894142;-40,31439209;-42,28656769;223,2980042;230,81465
33,55887342;-40,31036377;-42,35253143;222,8840179;230,4255797
33,56880442;-40,63250732;-42,24808502;222,653717;230,2402637
33,57873642;-40,33493042;-41,89061737;222,8865814;230,3479078
33,58866742;-40,35128784;-42,11512756;222,8214722;230,3287191
33,59859942;-40,38287354;-41,65628815;222,6707916;230,1049853
33,60853042;-40,44543457;-41,98712158;222,6026001;230,1101239
33,61846242;-40,30282593;-41,77249908;221,9347382;229,3998419
33,62839342;-40,40167236;-41,81249237;222,5482941;230,0180924
33,63832542;-40,19100952;-41,82073212;222,7049561;230,1342833
33,64825642;-40,10321045;-42,10160065;222,345871;229,8227548
33,65818842;-40,05499268;-42,05406952;222,4693756;229,9251406
33,66811942;-40,11087036;-42,21173096;222,5820007;230,0727259
33,67805142;-39,89996338;-42,23915863;222,8191071;230,2705106
33,68798242;-40,1293335;-42,32575226;222,8627014;230,3684362
33,69791442;-40,09481812;-42,1886673;222,3735657;229,8640485
33,70784542;-40,34277344;-42,27342224;223,1010742;230,6266917
33,71777742;-40,31143188;-42,00118256;222,8923035;230,3694637
33,72770842;-40,34805298;-42,03217316;222,9341736;230,4220361
33,73764042;-40,17382813;-41,87703705;222,5789795;230,0196183
33,74757142;-40,4447937;-41,8735733;222,448822;229,9405486
33,75750342;-40,55221558;-41,84587097;222,6842651;230,182191
33,76743442;-40,5715332;-41,85142517;222,3544617;229,8675656
33,77736642;-40,43710327;-41,53324127;222,2964478;229,7300157
33,78729788;-40,34109497;-41,82873535;222,4681091;229,9328307
33,79722987;-40,41516113;-41,67563629;222,7722168;230,2123031
33,80716088;-40,0055542;-41,77350616;222,9807129;230,3603015
33,81709288;-40,21878052;-41,77973175;222,4602356;229,8948732
33,82702387;-40,27587891;-42,07375336;222,638092;230,1305438
33,83695588;-40,17614746;-41,91160583;222,7039185;230,1472155
33,84688687;-40,32104492;-42,18688202;222,9637146;230,4741584
33,85681888;-40,31698608;-42,12387848;222,6838989;230,1912234
33,86674988;-40,15405273;-42,06784821;222,7213135;230,1886949
33,87668187;-40,28482056;-42,13413239;222,4039001;229,9166081
33,88661288;-40,36184692;-41,91509247;222,361908;229,8494546
33,89654487;-40,44042969;-41,98657227;222,2523956;229,770381
33,90647588;-40,3782959;-42,14936829;221,824646;229,3755645
33,91640788;-40,51724243;-41,80538177;221,8552704;229,3667323
33,92633887;-40,34823608;-41,78515625;222,1640625;229,6319884
33,93627088;-40,34823608;-41,78515625;222,1640625;229,6319884
33,94620187;-40,49832153;-41,69242096;222,356781;229,8280011
33,95613388;-40,28118896;-41,63581848;222,2094116;229,6369704
33,96606488;-40,2036438;-41,87194824;222,2594604;229,7147378
33,97599687;-40,20391846;-41,89144897;222,7093964;230,153696
33,98592788;-40,34732056;-41,87351227;222,8662415;230,3272865
33,99585987;-40,12435913;-42,18115997;222,8263245;230,3058517
34,00579088;-40,3117981;-42,34942627;223,0727997;230,6078683
34,01572288;-40,34838867;-42,2931366;222,5606689;230,1085684
34,02565387;-40,26712036;-42,59936523;223,1091461;230,6812476
34,03558588;-40,26919556;-42,30158234;223,1019897;230,6198816
34,04551687;-40,31231689;-42,32339478;222,9009094;230,4369069
34,05544888;-40,27575684;-42,11650085;222,4973602;230,002199
34,06537988;-40,34121704;-42,06268311;222,3848572;229,894993
34,07531187;-40,39337158;-41,90045166;222,629837;230,1115309
34,08524288;-40,3729248;-41,8713913;222,4471588;229,9259118
34,09517487;-40,33843994;-41,70287323;222,4600372;229,901691
34,10510588;-40,33233643;-42,00738525;221,9383545;229,4514131
34,11503788;-40,67623901;-41,67430878;222,158432;229,6642622
34,12496887;-40,69116211;-41,98320007;221,9116974;229,4845555
34,13490088;-40,63619995;-41,90113068;222,0045776;229,5496417
34,14483187;-40,6451416;-41,90389252;222,4533386;229,9857639
34,15476388;-40,45172119;-42,25810242;222,7241974;230,2784338
34,16469488;-40,51150513;-42,45700073;222,999176;230,5914384
34,17462687;-40,26837158;-42,37197113;222,984314;230,5188278
34,18455788;-40,47299194;-42,35535431;222,7046356;230,2811192
34,19448987;-40,31915283;-42,23025513;222,7857971;230,309661
34,20442088;-40,36135864;-42,29197693;222,6526794;230,1996226
34,21435288;-40,40835571;-42,02581787;222,9523621;230,4490406
34,22428387;-40,34133911;-42,19010162;222,6669464;230,1912191
34,23421588;-40,46563721;-41,80900574;222,4138184;229,8986023
34,24414687;-40,55911255;-41,80589294;222,296936;229,8014405
34,25407888;-40,60089111;-41,45628357;222,157959;229,611007
34,26400988;-40,63195801;-41,67971039;222,1712799;229,6698323
34,27394187;-40,59371948;-41,87090302;221,819809;229,3579086
34,28387288;-40,68582153;-41,91841888;222,3362274;229,882335
34,29380487;-40,51135254;-41,69919586;222,5588837;230,0270621
34,30373588;-40,40753174;-42,04668427;222,5663147;230,0792401
34,31366788;-40,42489624;-42,13534546;222,8191223;230,3430503
34,32359887;-40,52285767;-41,96552277;222,8259125;230,3358295
34,33353088;-40,29168701;-42,16359711;222,6266022;230,1386386
34,34346187;-40,34692383;-42,19284058;222,8935852;230,4119363
34,35339388;-40,34939575;-42,08989716;222,3300629;229,8484066
34,36332488;-40,52218628;-42,12371826;222,5176086;230,0663847
34,37325687;-40,44335938;-42,00396729;222,9477539;230,4467391
34,38318788;-40,43151855;-41,88231659;222,8142853;230,2933821
34,39311987;-40,39492798;-41,89369202;222,5072632;229,9919864
34,40305088;-40,63299561;-42,06211853;222,3177185;229,8813392
34,41298288;-40,43658447;-42,04399109;222,4157715;229,9382307
34,42291387;-40,56274414;-42,02532196;221,8581696;229,4177659
34,43284588;-40,65438843;-41,72129059;222,0977936;229,6102683
34,44277687;-40,55731201;-41,62294769;222,1480408;229,6238606
34,45270888;-40,45040894;-41,52174377;222,3782654;229,8094509
34,46263988;-40,52932739;-41,65096283;222,1399689;229,6161903
34,47257187;-40,46063232;-41,87862396;222,4121094;229,9087391
34,48250288;-40,57849121;-41,76325226;222,4769592;229,9712603
34,49243487;-40,33352661;-41,98523712;222,1986237;229,6993293
34,50236588;-40,66296387;-42,28820801;222,4163361;230,0234677
34,51229788;-40,32299805;-42,19515228;222,1140289;229,6541245
34,52222887;-40,37316895;-42,24763489;222,483078;230,0295099
34,53216088;-40,33599854;-41,88516235;223,0039673;230,4606887
34,54209187;-40,40145874;-42,07309723;222,160675;229,6906374
34,55202388;-40,21728516;-41,87134552;222,5697327;230,0172287
34,56195488;-40,23556519;-42,15568542;222,3383484;229,8485233
34,57188687;-40,28875732;-41,87001801;222,4909058;229,9532246
34,58181788;-40,32263184;-41,78634644;222,5300751;229,9818421
34,59174987;-40,49407959;-41,64733887;221,8468018;229,3256958
34,60168088;-40,91723633;-41,80013275;222,1694031;229,7405384
34,61161288;-40,63809204;-41,60095978;222,0790405;229,5674076
34,62154387;-40,5864563;-41,63491058;222,0349426;229,5217679
34,63147588;-40,30560303;-41,6583252;222,1668396;229,6041426
34,64140687;-40,53356934;-41,73874664;222,3866425;229,8715118
34,65133888;-40,13696289;-41,82384491;222,1359558;229,5748084
34,66126988;-40,55664063;-41,99739075;223,0333557;230,5482589
34,67120187;-40,29962158;-41,93993378;222,6246796;230,0972957
34,68113288;-40,35253906;-41,74479675;222,300415;229,7573285
34,69106487;-40,0710144;-41,86127472;222,4917755;229,9144247
34,70099588;-40,45706177;-42,12437439;222,4751892;230,0140139
34,71092788;-40,27337646;-41,8278656;222,6408081;230,0879063
34,72085887;-40,34454346;-41,81181335;222,2626953;229,7316166
34,73079088;-40,3057251;-41,68978882;222,2058563;229,6476269
34,74072287;-40,4503479;-41,74048615;222,2220612;229,6979392
34,75065388;-40,25592041;-41,6778183;222,2152557;229,6458133
34,76058488;-40,60696411;-41,72926331;222,4858398;229,9787075
34,77051687;-40,41317749;-41,36672974;222,1988525;229,6013095
34,78044888;-40,5954895;-41,66323853;222,7424774;230,2130111
34,79037863;-40,72109985;-41,69474792;222,362793;229,8735993
34,80030962;-40,72650146;-41,88871002;222,3030701;229,8520544
34,81024163;-40,5546875;-41,96520996;222,5095673;230,0353648
34,82017363;-40,61407471;-42,09712219;222,1557007;229,7277217
34,83010462;-40,22613525;-41,99739075;222,4866028;229,9613255
34,84003663;-40,4949646;-42,01792908;222,3961029;229,9247162
34,84996762;-40,33953857;-41,81283569;222,1086578;229,5818971
34,85989963;-40,58880615;-42,11826324;222,1973724;229,7674294
34,86983063;-40,20944214;-41,949646;222,4153595;229,8807608
34,87976262;-40,41998291;-42,2684021;222,7224579;230,2730685
34,88969363;-40,1411438;-42,0092926;222,5700226;230,0293613
34,89962562;-40,38995361;-41,88513184;222,7713013;230,2450114
34,90955663;-40,33816528;-41,72540283;222,8012085;230,2358689
34,91948863;-40,62341309;-41,76541901;222,8031006;230,295101
34,92941962;-40,62341309;-41,76541901;222,8031006;230,295101
34,93935163;-40,42208862;-41,55591583;222,3909454;229,8229144
34,94928262;-40,68960571;-41,95684814;222,2593231;229,8156388
34,95921463;-40,35061646;-41,65856171;222,1843872;229,6290703
34,96914563;-40,54904175;-42,10561371;222,793869;230,3350072
34,97907762;-40,2935791;-41,84537506;222,2523651;229,7187884
34,98900863;-40,55279541;-42,17137146;222,791214;230,3451298
34,99894062;-40,14364624;-42,08560944;222,5010071;229,9769749
35,00887163;-40,42245483;-42,19165802;222,7270813;230,2638999
35,01880363;-40,21481323;-42,16765594;223,0147095;230,5014166
35,02873462;-40,57785034;-42,16195679;222,7612305;230,3188189
35,03866663;-40,51303101;-41,92973328;222,8251495;230,3268449
35,04859762;-40,47180176;-42,34775543;223,068634;230,631556
35,05852963;-40,27600098;-42,21636963;223,1409454;230,6431435
35,06846063;-40,57336426;-42,21305847;222,5077515;230,0822454
35,07839262;-40,39944458;-41,92379761;222,4695892;229,9618187
35,08832363;-40,55245972;-42,04683685;222,4378204;229,9804827
35,09825562;-40,38119507;-41,94484711;222,565094;230,054846
35,10818663;-40,58895874;-41,98267365;222,3195801;229,8608365
35,11811863;-40,43170166;-41,58559418;222,3618774;229,8018466
35,12804962;-40,4119873;-42,00195313;222,2904205;229,8049691
35,13798163;-40,38531494;-41,78931427;222,5041504;229,9682965
35,14791262;-40,74411011;-42,05973816;222,9042816;230,4678347
35,15784463;-40,34622192;-41,91368866;222,7702332;230,2415073
35,16777563;-40,66647339;-42,06895447;222,6982422;230,2565223
35,17770762;-40,48934937;-41,92906952;222,5700073;230,075732
35,18763863;-40,42416382;-42,14501953;222,7581482;230,2857101
35,19757062;-40,18148804;-41,79873657;222,515274;229,9450664
35,20750163;-40,32263184;-42,18404388;222,7071228;230,2256952
35,21743363;-40,21728516;-42,09562683;222,7139282;230,1976665
35,22736462;-40,53063965;-42,18003845;222,6376953;230,1943348
35,23729663;-40,46725464;-41,752388;222,5896301;230,0586969
35,24722762;-40,58526611;-42,14112091;222,8126831;230,3660775
35,25715963;-40,30145264;-41,82454681;222,382431;229,8422186
35,26709063;-40,7333374;-41,85011292;222,8426514;230,3681488
35,27702262;-40,50830078;-41,80063629;222,7820435;230,2608402
35,28695363;-40,61459351;-42,20429993;222,7581635;230,3300838
35,29688562;-40,65313721;-41,7718277;222,9728851;230,465769
35,30681663;-40,75326538;-42,0087738;222,504303;230,0733156
35,31674863;-40,49822998;-41,63063049;222,5932007;230,0455368
35,32667962;-40,68780518;-41,99147797;222,6884766;230,2367028
35,33661163;-40,59378052;-41,78862762;222,6468964;230,1429662
35,34654262;-40,61474609;-42,26161957;222,9544525;230,5304535
35,35647463;-40,2991333;-42,08387756;223,1855621;230,6661398
35,36640563;-40,29537964;-42,39679718;223,3044128;230,83775
35,37633762;-40,26022339;-42,15880585;223,6157532;231,0892805
35,38626863;-40,43795776;-42,30749512;223,0339203;230,5846529
35,39620062;-40,26937866;-42,03894806;222,7986755;230,2784094
35,40613163;-40,47897339;-42,30314636;223,0892639;230,6445819
35,41606363;-40,3269043;-42,15947723;222,8919525;230,4007448
35,42599462;-40,46340942;-42,19525909;222,6947632;230,2404937
35,43592663;-40,50244141;-42,00214386;222,6669006;230,1850918
35,44585762;-40,57879639;-42,16550446;222,8425446;230,3982816
35,45578963;-40,36495972;-41,96475983;222,4787445;229,9720913
35,46572063;-40,5145874;-42,09381866;222,532959;230,074421
35,47565262;-40,39373779;-41,76049805;222,7932434;230,2442672
35,48558363;-40,53060913;-42,22946167;222,8726654;230,4306462
35,49551562;-40,11639404;-41,91107941;222,7865906;230,2166992
35,50544663;-40,40072632;-42,12593842;222,2569885;229,793347
35,51537863;-39,99191284;-41,74613953;222,4988098;229,8865234
35,52530962;-40,25152588;-42,3588028;222,3737488;229,922895
35,53524163;-40,24557495;-41,87683868;222,557251;230,0110995
35,54517262;-40,46759033;-42,44178772;222,598877;230,1938123
35,55510463;-40,29013062;-42,18041229;222,6028442;230,1184653
35,56503563;-40,50750732;-42,35036469;222,7776184;230,356851
35,57496762;-40,3899231;-42,3886795;222,7898865;230,3551162
35,58489863;-40,47735596;-42,26200104;222,6753235;230,2363845
35,59483062;-40,53027344;-42,01454926;222,5979462;230,125555
35,60476163;-40,77081299;-42,2010498;222,305954;229,9198229
35,61469363;-40,53713989;-41,70001221;222,3835297;229,8621
35,62462462;-40,66802979;-42,10935974;222,5006561;230,0730945
35,63455663;-40,53848267;-41,88818359;222,4668579;229,977154
35,64448762;-40,68939209;-42,29877472;222,6047363;230,2122534
35,65441963;-40,3258667;-42,02958679;222,5534515;230,0493436
35,66435063;-40,52935791;-42,25460052;222,8010101;230,3657315
35,67428262;-40,3611145;-41,86657715;222,7631683;230,2287102
35,68421363;-40,71374512;-42,29134369;223,0102234;230,6072994
35,69414562;-40,30822754;-42,05757904;223,1863708;230,6637147
35,70407663;-40,43572998;-42,57482147;222,7384033;230,3476937
35,71400863;-40,41452026;-41,92824554;222,3628082;229,8619797
35,72393962;-40,37298584;-42,51659393;222,4733582;230,0696282
35,73387163;-40,26556396;-42,22660065;222,4224243;229,9481165
35,74380262;-40,71069336;-42,55367279;222,3791351;230,0448986
35,75373463;-40,34246826;-41,82674408;221,9050446;229,3879684
35,76366563;-40,58554077;-42,20231628;221,9957428;229,5873068
35,77359762;-40,35699463;-41,69271088;221,9834137;229,4419428
35,78352863;-40,64953613;-42,08099365;222,447052;230,0127948
35,79346138;-40,34344482;-41,67431641;221,905426;229,3607645
35,80339238;-40,50778198;-42,12976074;222,3456268;229,8986188
35,81332437;-40,36730957;-42,02423859;222,2821655;229,7932058
35,82325538;-40,49917603;-42,43519592;222,8755798;230,4657311
35,83318737;-40,04464722;-42,13298035;222,3995819;229,8702587
35,84311838;-40,44802856;-42,45491791;222,9309692;230,5139478
35,85305038;-40,10183716;-42,06797791;222,9227295;230,3745112
35,86298137;-40,22689819;-42,77888489;222,416275;230,0374659
35,87291338;-40,02877808;-42,27056885;222,3887024;229,8822286
35,88284437;-40,46173096;-42,46806335;222,3787537;229,9847781
35,89277638;-40,24206543;-42,07112885;222,3829956;229,8773596
35,90270738;-40,43978882;-42,30161285;222,9118042;230,4657793
35,91263937;-40,43978882;-42,30161285;222,9118042;230,4657793
35,92257038;-40,28292847;-41,6186676;222,5481415;229,9619601
35,93250237;-40,57781982;-42,10441589;222,7428589;230,2905176
35,94243338;-40,37478638;-41,81246948;222,236557;229,7117612
35,95236538;-40,47528076;-42,07242584;222,0562592;229,6025252
35,96229637;-40,34866333;-41,46393585;221,6175995;229,0450458
35,97222838;-40,62341309;-42,22859192;222,2079163;229,8039898
35,98215937;-40,3298645;-41,93599701;222,1171875;229,6109118
35,99209138;-40,77627563;-42,44949341;222,5734253;230,2250937
36,00202238;-40,44680786;-41,89968109;222,2358551;229,7396414
36,01195437;-40,46463013;-42,64716339;222,753006;230,3802694
36,02188538;-40,431427;-42,03044128;222,7225647;230,2316206
36,03181737;-40,56698608;-42,51267242;222,4749298;230,104546
36,04174838;-40,4236145;-41,81016541;222,2164307;229,7004584
36,05168038;-40,59579468;-42,18363953;222,2823181;229,8628002
36,06161138;-40,3303833;-41,93121338;222,4841003;229,9650873
36,07154338;-40,59768677;-42,41724396;222,5852966;230,1990639
36,08147437;-40,38458252;-42,01312256;222,2797852;229,7919056
36,09140638;-40,55975342;-42,26998138;222,3363037;229,9245025
36,10133738;-40,40429688;-41,94628906;222,4663086;229,9635989
36,11126937;-40,51196289;-42,06387329;222,056427;229,6075899
36,12120038;-40,37945557;-41,99252319;222,539032;230,0380255
36,13113237;-40,5696106;-42,37088776;222,6747437;230,2720715
36,14106338;-40,47354126;-42,04689026;222,4713287;229,9990014
36,15099538;-40,63119507;-42,2352066;222,6025848;230,1882218
36,16092638;-40,41259766;-42,02255249;222,7040558;230,208969
36,17085838;-40,56182861;-42,33802795;222,7650146;230,3519531
36,18078937;-40,35232544;-42,18247986;221,9704285;229,5180666
36,19072138;-40,37231445;-42,30500793;222,5688477;230,1228572
36,20065238;-40,17913818;-41,93217468;222,2255402;229,6886177
36,21058437;-40,42446899;-42,25279236;222,6368256;230,1881671
36,22051538;-40,33660889;-42,20304108;222,1919708;229,7333467
36,23044737;-40,49038696;-42,43914032;221,8239136;229,4480349
36,24037838;-40,25454712;-42,21069336;222,7770386;230,2863003
36,25031038;-40,51211548;-42,30238342;222,6227417;230,1990623
36,26024138;-40,70983887;-42,00611877;222,7149811;230,2689032
36,27017338;-40,79373169;-42,20967102;222,5351257;230,1470553
36,28010437;-40,70178223;-42,10221863;222,3236694;229,9066025
36,29003638;-40,71969604;-42,18887329;222,1250153;229,7335785
36,29996738;-40,64794922;-41,73262024;222,1082306;229,6212827
36,30989937;-40,79119873;-42,07277679;222,6466827;230,2294199
36,31983038;-40,42471313;-41,8976593;222,3584747;229,8540027
36,32976237;-40,4921875;-42,26626587;222,5384521;230,1074035
36,33969338;-40,42752075;-42,34888458;222,7409058;230,3070202
36,34962538;-40,48815918;-42,19007111;222,817749;230,3628495
36,35955638;-40,44976807;-42,22580719;222,8321533;230,3765854
36,36948838;-40,55764771;-42,38040161;222,7979279;230,3908372
36,37941937;-40,34799194;-42,23822784;222,6293335;230,1648289
36,38935138;-40,44491577;-42,36520386;222,47966;230,0604287
36,39928238;-40,4826355;-42,01931763;222,1215363;229,6572309
36,40921437;-40,36532593;-42,13348389;222,5829163;230,1037692
36,41914538;-40,39971924;-41,94478607;223,0061035;230,48476
36,42907737;-40,67153931;-42,15668488;223,0335083;230,5977147
36,43900938;-40,71484375;-41,91383362;222,7344666;230,2718188
36,44894038;-40,88146973;-42,21879578;222,8831482;230,5008005
36,45887138;-40,71643066;-42,20608521;222,7859192;230,3752312
36,46880338;-40,63522339;-42,21266174;222,7667389;230,3435481
36,47873537;-40,51513672;-41,8777771;222,6405182;230,1391424
36,48866638;-40,3588562;-42,21643829;222,8209381;230,3480744
36,49859738;-40,32852173;-42,00495911;222,9281464;230,4078226
36,50852937;-40,52389526;-42,26261139;222,8704834;230,4334324
36,51846138;-40,42700195;-42,15827942;222,7897034;230,3191589
36,52839237;-40,34527588;-42,27948761;222,7337952;230,2729682
36,53832338;-40,37203979;-42,23732758;222,5126801;230,0560502
36,54825538;-40,32772827;-42,34480286;222,7419434;230,2897769
36,55818638;-40,54879761;-42,24160767;222,6552582;230,2258074
36,56811838;-40,70254517;-42,15449524;222,7355194;230,3145898
36,57805037;-40,38131714;-41,86034393;222,6065369;230,0795719
36,58798138;-40,25506592;-41,87738037;222,6369019;230,0899289
36,59791338;-40,22402954;-41,72234344;222,5075073;229,9311143
36,60784437;-40,50720215;-41,8272934;222,7229919;230,2083557
36,61777638;-40,36526489;-41,92736816;222,7674561;230,2446488
36,62770737;-40,52731323;-41,92479706;223,0596161;230,555295
36,63763938;-40,47723389;-41,77176666;222,9611053;230,4233961
36,64757038;-40,39889526;-41,95418549;222,9465637;230,4287193
36,65750237;-40,35888672;-41,89884949;222,7828064;230,2531914
36,66743338;-40,53381348;-42,0422821;222,7824097;230,3096732
36,67736537;-40,39837646;-42,28487396;222,5066376;230,0635633
36,68729638;-40,42059326;-42,16545105;222,3029327;229,848523
36,69722838;-40,35235596;-42,10379028;222,4156189;229,9342282
36,70715937;-40,1835022;-42,33602142;222,7798462;230,2996145
36,71709138;-40,23898315;-41,88254547;222,9802094;230,420262
36,72702237;-40,39273071;-42,10443115;223,0523987;230,5574297
36,73695438;-40,33724976;-42,11673737;222,582428;230,0953075
36,74688538;-40,23486328;-42,1231308;222,6662598;230,1596524
36,75681737;-40,35559082;-42,19056702;222,7344208;230,2590712
36,76674838;-40,53033447;-42,06134796;222,7888641;230,3187856
36,77668037;-40,3531189;-42,12998962;222,9028625;230,4104953
36,78661138;-40,27774048;-42,02514648;222,6369324;230,120866
36,79654263;-40,54763794;-42,00853729;223,1627197;230,6738555
36,80647363;-40,32559204;-41,87685394;222,8249512;230,2841357
36,81640562;-40,05776978;-42,0430603;223,0403442;230,4761137
36,82633663;-40,27059937;-42,26561737;223,2407837;230,7478084
36,83626862;-40,35064697;-41,97583008;223,21521;230,6841455
36,84619963;-40,25891113;-42,20868683;223,3015594;230,7941499
36,85613163;-40,39770508;-42,22426605;223,1652069;230,6893426
36,86606262;-40,1713562;-41,85101318;223,3826447;230,7922249
36,87599463;-40,27255249;-42,00068665;223,2132568;230,6731328
36,88592562;-40,10830688;-41,93382263;222,7960205;230,2285571
36,89585763;-40,230896;-42,21006775;223,1137543;230,6078103
36,90578863;-40,230896;-42,21006775;223,1137543;230,6078103
36,91572062;-40,26208496;-41,85892487;223,2672119;230,6977525
36,92565163;-40,35736084;-41,93938446;223,1588287;230,6241344
36,93558362;-40,27792358;-41,67447662;222,7916107;230,2068091
36,94551463;-40,37631226;-41,8775177;222,8368683;230,3046742
36,95544663;-40,49057007;-41,79902649;222,9091644;230,3804255
36,96537762;-40,4163208;-41,84346771;222,9586945;230,4233803
36,97530963;-40,47802734;-41,9858017;223,0575714;230,5557599
36,98524062;-40,31555176;-42,05923462;223,3883514;230,860734
36,99517263;-40,27331543;-42,069664;222,8315125;230,3164768
37,00510363;-40,18902588;-42,1436615;222,7637634;230,2497346
37,01503562;-40,26345825;-42,18759155;223,2018738;230,6946367
37,02496663;-40,26550293;-42,31269073;223,118927;230,6376598
37,03489862;-40,14013672;-42,13426971;223,0958405;230,5607974
37,04482963;-40,19946289;-42,14112854;223,3345795;230,8033923
37,05476163;-40,21432495;-41,73949432;223,3084869;230,7077321
37,06469262;-40,27365112;-42,0082016;223,082901;230,548556
37,07462463;-40,25592041;-42,02503204;223,1672821;230,6301764
37,08455562;-40,14346313;-41,88059235;222,8323975;230,2601985
37,09448763;-40,22927856;-41,60494232;223,0893402;230,4739026
37,10441863;-40,22961426;-41,91243744;222,7544098;230,2055633
37,11435062;-40,27981567;-41,82524109;223,0116577;230,4474209
37,12428163;-40,2428894;-41,7650528;222,9960327;230,4149309
37,13421362;-40,11727905;-41,8172226;222,9592133;230,366853
37,14414463;-40,37322998;-41,83232117;222,689621;230,1534446
37,15407663;-40,16729736;-41,74984741;223,2848358;230,6785197
37,16400762;-40,17407227;-41,97490692;222,8881226;230,3366321
37,17393963;-40,23745728;-42,1697998;222,8188019;230,3162249
37,18387062;-40,17373657;-41,91859436;222,6867676;230,1314714
37,19380263;-40,07009888;-41,80348969;222,4707489;229,8834024
37,20373363;-40,17193604;-41,93056488;222,8513031;230,2925531
37,21366562;-40,26983643;-41,75260162;222,6652374;230,0972565
37,22359663;-40,56066895;-41,88372803;223,1631775;230,6538929
37,23352862;-40,28848267;-41,8130188;222,868866;230,3085361
37,24345963;-40,40039063;-41,81226349;222,6256714;230,0926911
37,25339163;-40,1986084;-42,00243378;222,9457855;230,4017271
37,26332262;-40,27554321;-41,90209198;222,6482849;230,1090252
37,27325463;-40,39254761;-41,83319855;222,3747406;229,8523432
37,28318562;-40,41744995;-41,88126373;222,5113983;229,9976802
37,29311763;-40,37896729;-41,58699036;222,360321;229,7913209
37,30304863;-40,5531311;-41,69854736;222,8495026;230,3154925
37,31298062;-40,35092163;-41,6966095;222,7024689;230,1373367
37,32291163;-40,40213013;-41,8511734;223,0562592;230,516697
37,33284362;-40,29232788;-41,89875793;222,8296661;230,2868596
37,34277463;-40,40444946;-41,8952179;222,8240051;230,3003823
37,35270663;-40,40994263;-41,8045578;223,2387848;230,6862362
37,36263762;-40,5380249;-41,6733017;222,8977051;230,3549055
37,37256963;-40,2020874;-41,68810272;222,9579315;230,3569946
37,38250062;-40,5796814;-41,92224884;223,1428223;230,6445417
37,39243263;-40,17227173;-42,0390625;222,6898346;230,156157
37,40236363;-40,43515015;-42,08241272;222,6700897;230,191007
37,41229562;-40,27206421;-41,85534668;223,0097351;230,4496716
37,42222663;-40,46365356;-41,95035553;222,8021545;230,2996736
37,43215862;-40,38696289;-41,64868927;223,0879822;230,5080647
37,44208963;-40,51763916;-41,7492218;223,1450653;230,6044162
37,45202163;-40,36483765;-41,90355682;222,8884277;230,3572864
37,46195262;-40,58157349;-41,81829071;222,6745911;230,1729937
37,47188463;-40,30639648;-41,72099304;222,4307251;229,870995
37,48181562;-40,51773071;-41,92372894;222,4240265;229,938542
37,49174763;-40,3303833;-41,93825531;222,5324097;230,0131093
37,50167863;-40,73773193;-41,91265869;222,9695587;230,5030539
37,51161062;-40,26000977;-41,73980713;222,2355652;229,6774397
37,52154163;-40,51824951;-41,86086273;222,4096222;229,9132454
37,53147362;-40,21054077;-41,82466888;222,3410339;229,7862613
37,54140463;-40,52163696;-41,99690247;222,8259277;230,3413488
37,55133663;-40,29278564;-41,66282654;222,610321;230,0318559
37,56126762;-40,46878052;-42,05915833;222,5134888;230,0411869
37,57119963;-40,45291138;-41,89090729;222,5783234;230,0704157
37,58113062;-40,68112183;-42,11617279;222,6232605;230,1952254
37,59106263;-40,34414673;-41,91026306;222,8681946;230,3353045
37,60099363;-40,77456665;-41,90840912;222,2616119;229,8240722
37,61092562;-40,69555664;-41,75003052;222,4287415;229,9429025
37,62085663;-40,58679199;-41,90717316;222,5105286;230,0313765
37,63078862;-40,48400879;-41,61295319;223,1564636;230,5849087
37,64071963;-40,68893433;-41,86270142;222,8139038;230,33478
37,65065163;-40,38897705;-41,86299896;222,7268219;230,1977788
37,66058262;-40,44363403;-41,82022095;222,798233;230,2686932
37,67051463;-40,34255981;-41,52732849;222,73909;230,1407034
37,68044562;-40,62164307;-41,94290924;222,9482117;230,4674177
37,69037763;-40,48666382;-41,7832489;222,4139709;229,8977693
37,70030863;-40,49206543;-41,8211441;222,6631775;230,1467055
37,71024062;-40,63690186;-41,77157593;222,70961;230,2081509
37,72017163;-40,59164429;-42,11898041;222,9900818;230,5347407
37,73010362;-40,5067749;-41,60987091;222,3967743;229,8532257
37,74003463;-40,80651855;-41,86965942;222,4638672;230,0182874
37,74996663;-40,51217651;-41,63634491;222,4640808;229,9240938
37,75989762;-40,65057373;-42,07326508;222,5678253;230,1283678
37,76982963;-40,64248657;-41,83010101;222,4894409;230,0067833
37,77976062;-40,89129639;-42,0409317;222,7695313;230,3601574
37,78969313;-40,58917236;-41,72466278;222,3384552;229,8321497
37,79962413;-40,66665649;-41,93196106;222,2504272;229,7984306
37,80955612;-40,47851563;-41,74742889;222,2336426;229,7153672
37,81948713;-40,62976074;-42,07983398;222,1246948;229,6973442
37,82941912;-40,58401489;-41,88647461;222,0352325;229,5673834
37,83935013;-40,80136108;-42,11880493;222,3611298;229,9635119
37,84928213;-40,60437012;-41,99584198;222,2649841;229,8131606
37,85921312;-40,74047852;-41,98861694;222,1008301;229,6771849
37,86914513;-40,67245483;-41,72476959;221,8317719;229,3567962
37,87907612;-40,69610596;-41,85086823;222,1040955;229,6473327
37,88900813;-40,69610596;-41,85086823;222,1040955;229,6473327
37,89893913;-40,50942993;-41,83906555;222,8444214;230,3283688
37,90887112;-40,56158447;-41,77372742;222,8078003;230,2902567
37,91880213;-40,39953613;-41,57963562;222,4258423;229,8570076
37,92873412;-40,61230469;-41,61629486;222,5160828;229,9884397
37,93866513;-40,68902588;-41,72822571;222,5437927;230,0490846
37,94859713;-40,70480347;-42,1289444;222,5015259;230,0840238
37,95852812;-40,63336182;-41,6359787;222,8690491;230,3372264
37,96846013;-40,84533691;-41,87017059;222,7970428;230,3475093
37,97839112;-40,46673584;-41,79115295;222,2854919;229,7714018
37,98832313;-40,5690918;-42,02125549;222,4826965;230,0221454
37,99825413;-40,41555786;-41,75886536;222,6083069;230,0688559
38,00818612;-40,64978027;-41,92480469;222,6380005;230,16901
38,01811713;-40,33599854;-41,74033356;222,8338928;230,2698244
38,02804912;-40,50747681;-42,15000916;222,8114777;230,3528457
38,03798013;-40,19158936;-41,70996094;222,7720642;230,1792286
38,04791213;-40,44302368;-42,05474854;223,039978;230,5451623
38,05784312;-40,30856323;-41,86605835;222,6764069;230,1354586
38,06777513;-40,4793396;-41,8694458;222,6268005;230,1180561
38,07770612;-40,38534546;-41,58379364;222,7728271;230,1910523
38,08763813;-40,54364014;-41,83235931;222,6906128;230,1843654
38,09756913;-40,66641235;-41,55042267;222,3959198;229,8698324
38,10750112;-40,58822632;-41,82341003;222,4225159;229,9312447
38,11743213;-40,56332397;-41,5867157;222,5774994;230,0338701
38,12736412;-40,45428467;-41,86030579;222,6049194;230,0908179
38,13729513;-40,22784424;-41,68694305;222,7001648;230,1118078
38,14722713;-40,64746094;-41,8927002;222,639389;230,1640979
38,15715812;-40,50558472;-41,6099472;222,5696106;230,0202636
38,16709013;-40,59735107;-41,8398056;222,4584045;229,9705546
38,17702112;-40,55010986;-41,87637329;222,3455353;229,8596944
38,18695313;-40,55371094;-41,89969635;222,1773834;229,7019324
38,19688413;-40,40332031;-41,87572479;221,9244843;229,4264181
38,20681612;-40,32424927;-42,43275452;222,2759705;229,8547167
38,21674713;-40,14471436;-42,08493042;222,3132935;229,7954306
38,22667912;-40,45059204;-42,10210419;222,914856;230,4340916
38,23661013;-40,28137207;-41,85321045;222,6596222;230,1121194
38,24654213;-40,54406738;-41,95652771;222,7541046;230,268458
38,25647312;-40,16043091;-41,69520569;222,4692841;229,8780823
38,26640513;-40,39212036;-41,93042755;222,6028137;230,0906274
38,27633612;-40,21798706;-41,59115601;222,9028625;230,2889421
38,28626813;-40,60501099;-41,9961319;222,8433075;230,3727017
38,29619913;-40,490448;-41,75775909;222,3764343;229,8574893
38,30613112;-40,42819214;-42,06684875;222,2440643;229,774852
38,31606213;-40,31338501;-41,64452362;222,3770142;229,8063789
38,32599412;-40,59436035;-41,86095428;222,4430542;229,9590267
38,33592513;-40,59182739;-41,52635956;222,30336;229,7627447
38,34585713;-40,56677246;-42,06324005;222,355957;229,9068307
38,35578812;-40,38046265;-41,85299683;222,5446167;230,0181765
38,36572013;-40,58477783;-42,17181396;222,5439453;230,1116983
38,37565112;-40,38790894;-41,92210388;222,6332245;230,1177929
38,38558313;-40,57666016;-42,19958496;222,5888977;230,1588315
38,39551413;-40,13870239;-41,77289581;222,3095093;229,7337767
38,40544612;-40,53204346;-42,00439453;223,059845;230,5708354
38,41537713;-40,39633179;-41,71104431;222,0762024;229,5419668
38,42530912;-40,71472168;-41,92606354;222,2343292;229,7902967
38,43524013;-40,29815674;-41,65328217;222,2257996;229,6589718
38,44517213;-40,66998291;-42,00469971;222,452713;230,0079386
38,45510312;-40,22451782;-41,82329559;221,9091339;229,3705814
38,46503513;-40,59454346;-41,85697174;221,9273224;229,4594942
38,47496612;-40,26235962;-41,58950043;222,0194702;229,4414725
38,48489813;-40,46905518;-41,81654358;222,4464111;229,9321064
38,49482913;-40,39178467;-41,58228302;222,5949707;230,0197894
38,50476112;-40,66802979;-42,05786896;222,7496948;230,3045365
38,51469213;-40,31015015;-41,58061218;222,6817932;230,0891926
38,52462412;-40,80471802;-42,19254303;222,75354;230,3570605
38,53455513;-40,42230225;-41,88817596;221,9703979;229,4764462
38,54448713;-40,66290283;-42,24884796;222,5378418;230,1337173
38,55441812;-40,43572998;-41,6118927;222,2904663;229,738219
38,56435013;-40,76965332;-42,18881989;222,2784576;229,8907869
38,57428112;-40,49868774;-41,76525879;222,7602997;230,2316913
38,58421313;-40,73764038;-42,26709747;222,4779053;230,0923319
38,59414413;-40,33053589;-41,83059692;222,8271332;230,2787056
38,60407612;-40,58782959;-42,34432983;222,7800903;230,3722701
38,61400713;-40,37689209;-41,87162781;222,2935791;229,7780711
38,62393912;-40,49243164;-42,21173096;222,0762787;229,6504753
38,63387013;-40,33602905;-41,72386932;221,9453583;229,4071023
38,64380213;-40,70248413;-42,18490601;222,5171814;230,1090057
38,65373313;-40,40988159;-41,84548187;222,3554382;229,8389519
38,66366513;-40,63000488;-42,36148071;222,5218353;230,1331344
38,67359612;-40,38452148;-42,20098877;222,2050781;229,7540637
38,68352813;-40,74609375;-42,48608398;222,5183868;230,1732912
38,69345913;-40,58096313;-42,20789337;222,2807007;229,8630695
38,70339112;-40,62756348;-42,43874359;222,5299683;230,1548015
38,71332213;-40,29177856;-41,95599365;222,5659332;230,0420124
38,72325412;-40,67874146;-42,43947601;222,706543;230,3346987
38,73318513;-40,20709229;-41,6581192;222,518158;229,926814
38,74311713;-40,56954956;-42,18983459;222,688736;230,2523477
38,75304813;-40,15292358;-41,80530548;222,6072083;230,0302372
38,76298013;-40,33493042;-42,47402954;222,5878601;230,1658212
38,77291112;-40,24859619;-41,89820862;222,4237976;229,8863961
38,78284313;-40,58169556;-42,45197296;222,100647;229,7340667
38,79277429;-40,15893555;-42,02871704;221,9293365;229,4161799
38,80270629;-40,40951538;-42,49068451;222,4485321;230,0472487
38,81263729;-40,08200073;-42,11190033;222,0093842;229,4954152
38,82256929;-40,29312134;-42,26358795;222,4202118;229,9575985
38,83250029;-40,234375;-42,2311554;222,7553406;230,2655362
38,84243229;-40,56268311;-42,20256042;222,6184998;230,1855421
38,85236329;-40,44741821;-42,03788757;222,5089111;230,0291137
38,86229529;-40,33294678;-42,56768799;223,1868896;230,7620904
38,87222629;-39,96365356;-42,09173584;223,1250153;230,5506024
38,88215829;-39,96365356;-42,09173584;223,1250153;230,5506024
38,89208929;-40,41882324;-42,5096817;223,3596649;230,9335277
38,90202129;-40,13589478;-42,41764832;222,7859039;230,3121923
38,91195229;-40,5256958;-42,73390198;222,9939117;230,6399858
38,92188429;-40,14657593;-42,1120224;222,5641479;230,0434088
38,93181529;-40,54852295;-42,5203476;222,5080261;230,1347092
38,94174729;-40,37518311;-42,14328766;222,3096008;229,8429262
38,95167829;-40,4680481;-42,33662415;222,2599487;229,8467695
38,96161029;-40,33462524;-41,91150665;222,1250153;229,6148488
38,97154129;-40,51599121;-42,58045197;222,5526886;230,183274
38,98147329;-40,28518677;-42,21875;222,333374;229,8639779
38,99140429;-40,53692627;-42,27445984;222,2412262;229,8293605
39,00133629;-40,22238159;-41,91401672;222,3744812;229,8369741
39,01126829;-40,45147705;-42,26438904;223,1426239;230,6842673
39,02119929;-40,34729004;-42,34860229;222,9211884;230,4672735
39,03113029;-40,47244263;-42,3128891;223,063324;230,6201329
39,04106229;-40,10113525;-42,20692444;222,833252;230,3132295
39,05099429;-40,39749146;-42,39584351;222,8144684;230,3815361
39,06092529;-40,16085815;-42,24754333;222,4838257;229,993048
39,07085629;-40,47894287;-42,44187164;222,505249;230,105287
39,08078829;-40,26528931;-42,26865387;222,5310516;230,0608649
39,09072029;-40,48709106;-42,42036438;222,8860016;230,470956
39,10065129;-40,39849854;-41,95876312;222,8457947;230,331988
39,11058229;-40,706604;-42,26651764;222,6291656;230,232994
39,12051429;-40,33392334;-41,98257446;222,5491028;230,0379644
39,13044629;-40,53216553;-42,35234833;222,808075;230,391007
39,14037729;-40,51809692;-42,18692017;222,6378479;230,1935354
39,15030929;-40,449646;-42,32221985;222,2871094;229,8671424
39,16024029;-40,39096069;-42,08581543;222,5989685;230,115072
39,17017229;-40,58288574;-42,11897278;222,6815033;230,2347289
39,18010329;-40,54559326;-41,90063477;222,6629791;230,1703947
39,19003529;-40,59536743;-42,18392944;222,7971039;230,3606244
39,19996629;-40,51785278;-42,08166504;222,7428894;230,2758296
39,20989829;-40,62768555;-42,54512787;223,1139832;230,7391302
39,21982929;-40,46014404;-42,0622406;223,1426544;230,6488664
39,22976129;-40,51397705;-42,19800568;223,4082794;230,9400644
39,23969229;-40,54998779;-41,91539001;223,2581787;230,7496821
39,24962429;-40,54205322;-42,02591705;223,4494019;230,9533957
39,25955529;-40,47131348;-42,00227356;223,1295319;230,6272017
39,26948729;-40,55004883;-41,91790771;222,8880005;230,3920099
39,27941829;-40,29177856;-41,81499481;223,2446136;230,6730993
39,28935029;-40,47512817;-41,86159515;223,3626251;230,8278394
39,29928129;-40,47827148;-41,7667923;223,2305756;230,6834308
39,30921329;-40,53479004;-42,01509857;222,7979889;230,3199548
39,31914429;-40,3588562;-41,91971588;222,7704315;230,2450108
39,32907629;-40,42935181;-42,03898621;223,2054749;230,7000062
39,33900729;-40,53152466;-42,00170135;222,9964142;230,5088895
39,34893929;-40,48846436;-42,16797638;223,2624664;230,7890441
39,35887029;-40,51086426;-42,03574371;223,2233276;230,7309859
39,36880229;-40,60601807;-42,08108521;222,9017792;230,4449383
39,37873329;-40,7024231;-41,99037933;222,8829041;230,4271428
39,38866529;-40,69961548;-41,80848694;222,6980438;230,2147411
39,39859629;-40,7562561;-42,04479218;222,7276611;230,296435
39,40852829;-40,80117798;-41,9824295;222,8862;230,4463466
39,41845929;-40,61672974;-42,03352356;223,1176758;230,646988
39,42839129;-40,49951172;-42,02252197;223,1035919;230,6107446
39,43832229;-40,56167603;-41,9691391;222,974472;230,4870352
39,44825429;-40,54553223;-42,00750732;222,8420105;230,363045
39,45818529;-40,44515991;-42,10401917;222,7476044;230,2716974
39,46811729;-40,5352478;-41,96369934;223,0321808;230,5372249
39,47804829;-40,57641602;-42,00016785;223,0700684;230,5877599
39,48798029;-40,62301636;-41,82004547;223,0423279;230,5363869
39,49791129;-40,62036133;-41,74536896;223,1296692;230,6068925
39,50784329;-40,5234375;-41,85149384;223,1378479;230,6169892
39,51777429;-40,51565552;-41,87593842;223,0444794;230,5297212
39,52770629;-40,50616455;-41,90981293;222,8059845;230,3034705
39,53763729;-40,46585083;-41,82532501;222,7504883;230,2273288
39,54756929;-40,51324463;-41,88355255;222,6764984;230,1746683
39,55750029;-40,5852356;-42,0209198;223,129425;230,6505135
39,56743229;-40,62786865;-41,93135071;223,0572968;230,57194
39,57736329;-40,71911621;-42,08439636;222,8259888;230,3921963
39,58729529;-40,62701416;-41,89311218;222,3161621;229,8479129
39,59722629;-40,67636108;-41,86212921;222,2842712;229,8201502
39,60715829;-40,47958374;-41,9784317;222,6750336;230,1846129
39,61708929;-40,40890503;-42,08921051;222,739563;230,2548461
39,62702129;-40,43133545;-42,13908386;222,800766;230,3271078
39,63695229;-40,54922485;-42,10656738;222,7102051;230,2542901
39,64688429;-40,50875854;-42,13425446;222,8138123;230,352447
39,65681529;-40,58248901;-42,01429749;222,6348724;230,1704282
39,66674729;-40,49606323;-41,87266541;222,758728;230,2492175
39,67667829;-40,67053223;-42,11249542;222,3775024;229,9550131
39,68661029;-40,41061401;-41,80892181;222,549118;230,0198113
39,69654129;-40,50921631;-41,95373535;222,6718292;230,1822236
39,70647329;-40,51034546;-42,21697998;222,8023224;230,3567589
39,71640429;-40,68988037;-42,24619293;222,7885284;230,3804149
39,72633629;-40,59921265;-42,00427246;222,7097626;230,2439865
39,73626729;-40,74667358;-41,80196381;222,5625763;230,0908428
39,74619929;-40,58065796;-41,66461945;222,3320618;229,8135679
39,75613029;-40,6473999;-41,78777313;222,3938599;229,9074988
39,76606229;-40,78079224;-41,62554932;222,0888672;229,606673
39,77599329;-40,9541626;-41,88699341;222,3570709;229,9444077
39,78592529;-40,81182861;-41,66606903;222,3066559;229,8301893
39,79585617;-40,68215942;-41,76674652;222,3790894;229,8955384
39,80578817;-40,46310425;-41,96285248;222,8175354;230,3167338
39,81571917;-40,62728882;-42,15437317;222,9143829;230,4742717
39,82565117;-40,66171265;-42,07629395;222,5649872;230,1281445
39,83558217;-40,59106445;-42,29380798;222,3996277;229,9956415
39,84551417;-40,4737854;-41,9210968;222,6768494;230,1749007
39,85544517;-40,84173584;-42,06443787;222,2171936;229,8215513
39,86537717;-40,61499023;-41,63316345;222,7533264;230,2215067
39,87530817;-40,61499023;-41,63316345;222,7533264;230,2215067
39,88524017;-40,56378174;-41,96766663;222,792099;230,3107136
39,89517117;-40,50701904;-41,80793762;222,6406097;230,1251037
39,90510317;-40,62582397;-41,99658203;222,6997986;230,2376398
39,91503417;-40,6595459;-41,91213989;222,5903015;230,1222903
39,92496617;-40,96646118;-41,85222626;222,6833649;230,2558159
39,93489717;-40,77786255;-42,01300049;222,7425995;230,3089054
39,94482917;-40,58926392;-42,18785858;222,3661346;229,9434748
39,95476017;-40,42449951;-42,01765442;222,421051;229,9363986
39,96469217;-40,57290649;-42,21784973;222,1426697;229,7300008
39,97462317;-40,64108276;-41,95121002;222,0291748;229,5834404
39,98455517;-40,65707397;-41,79983521;222,2172089;229,7405315
39,99448617;-40,54220581;-41,67342377;222,3517151;229,8273915
40,00441817;-40,6890564;-41,79718781;221,8531189;229,3935714
40,01434917;-40,62512207;-42,05889893;222,2251434;229,7898298
40,02428117;-40,38964844;-42,01572418;222,3808136;229,8909982
40,03421217;-40,58294678;-41,78594971;222,4934082;229,9920822
40,04414417;-40,5324707;-42,11651611;222,795166;230,3353384
40,05407517;-40,37747192;-41,80890656;222,7519379;230,2102316
40,06400717;-40,50198364;-41,92353821;222,4819641;229,9917783
40,07393817;-40,46765137;-41,82199097;222,1466827;229,6428932
40,08387017;-40,57116699;-42,02698517;221,8650665;229,4262296
40,09380117;-40,45346069;-42,07067871;222,1683044;229,706726
40,10373317;-40,61343384;-42,07971191;222,3620758;229,9240003
40,11366417;-40,3901062;-41,80776978;222,2766113;229,7523498
40,12359617;-40,66705322;-41,79235077;222,5728302;230,084929
40,13352717;-40,59805298;-41,72704315;222,2257233;229,7250968
40,14345917;-40,6423645;-42,07969666;222,6700287;230,2269409
40,15339017;-40,57894897;-42,12587738;223,0298462;230,5722293
40,16332217;-40,60351563;-42,36205292;223,246109;230,8289717
40,17325317;-40,45684814;-42,12326813;222,6176453;230,1515637
40,18318517;-40,66329956;-42,28417206;222,3265076;229,9359283
40,19311617;-40,49151611;-42,08248901;222,8529358;230,3777979
40,20304817;-40,79470825;-42,24323273;222,9411926;230,5460351
40,21297917;-40,68405151;-42,13559723;222,9337311;230,4995641
40,22291117;-40,91390991;-42,32263947;223,0608215;230,6973861
40,23284217;-40,80023193;-42,03928375;222,4553833;230,0399049
40,24277417;-40,68927002;-42,11650085;222,3982849;229,9791588
40,25270517;-40,62835693;-41,82424164;222,469574;229,9840036
40,26263717;-40,60223389;-41,98007965;222,2570801;229,8022588
40,27256817;-40,59301758;-42,1463623;222,6496887;230,2107574
40,28250017;-40,80700684;-42,16208649;223,0754089;230,6631557
40,29243117;-40,42712402;-42,30613708;222,4654846;230,0327225
40,30236317;-40,68045044;-42,08721161;222,7277527;230,2908688
40,31229417;-40,29257202;-42,172966;222,6156616;230,1299268
40,32222617;-40,54440308;-42,1700592;222,3829498;229,948557
40,33215717;-40,58041382;-41,9546051;222,7112427;230,2330482
40,34208917;-40,80099487;-42,08843994;223,0438385;230,6181082
40,35202017;-40,71435547;-41,88121796;222,2054138;229,7540883
40,36195217;-40,75643921;-42,17837524;222,2246094;229,8344615
40,37188317;-40,60055542;-42,02368927;222,2165833;229,7707671
40,38181517;-40,61630249;-42,31262207;222,2767639;229,8847576
40,39174617;-40,25469971;-41,96499634;222,1874084;229,6709521
40,40167817;-40,62023926;-42,21149445;222,6334076;230,2117466
40,41160917;-40,38821411;-42,11845398;222,2852631;229,8171233
40,42154117;-40,78799438;-42,15029144;222,4147797;230,0187857
40,43147217;-40,60549927;-41,97393036;222,1366425;229,685231
40,44140417;-40,78311157;-42,26969147;222,5123291;230,134147
40,45133517;-40,41348267;-42,22135925;222,4742432;230,0232198
40,46126717;-40,50326538;-42,29085541;222,3300781;229,9123629
40,47119817;-40,45056152;-41,91025543;222,1567078;229,6656706
40,48113017;-40,69778442;-41,95797729;222,0709229;229,6350938
40,49106117;-40,56686401;-42,15916443;222,1799774;229,7542338
40,50099317;-40,81057739;-42,23442841;222,2503357;229,8792333
40,51092417;-40,48031616;-42,03118134;222,0108795;229,5519698
40,52085617;-40,64611816;-42,25035095;221,8247375;229,4415247
40,53078717;-40,45193481;-42,19737244;221,8542023;229,4259452
40,54071917;-40,46755981;-42,47794342;221,602951;229,2375776
40,55065017;-40,49932861;-42,14228821;222,0375214;229,6014568
40,56058217;-40,74188232;-42,1944046;222,1408234;229,7538121
40,57051317;-40,39779663;-42,11528778;222,0995941;229,6386491
40,58044517;-40,65228271;-42,16648102;222,2110291;229,8006998
40,59037617;-40,46792603;-42,12543488;222,3011017;229,8477433
40,60030817;-40,76464844;-42,13405609;222,1170654;229,7238037
40,61023917;-40,6882019;-41,98099518;222,1237183;229,6886587
40,62017117;-40,74337769;-42,01692963;222,4677429;230,0376966
40,63010217;-40,56680298;-42,12969971;222,0545349;229,6275105
40,64003417;-40,38638306;-42,3144989;222,1786194;229,7496804
40,64996517;-40,355896;-41,97109985;221,9084625;229,420002
40,65989717;-40,79458618;-42,05249786;222,1914978;229,7861452
40,66982817;-40,46118164;-42,17749786;222,177948;229,7369999
40,67976017;-40,65307617;-42,0446701;222,0982361;229,6694437
40,68969117;-40,63168335;-41,78987122;222,1085968;229,6291702
40,69962317;-40,68051147;-42,07385254;222,2241821;229,8014365
40,70955417;-40,44467163;-41,7516098;222,4802856;229,9487897
40,71948617;-40,92843628;-42,21774292;222,220459;229,8682386
40,72941717;-40,66955566;-41,66913605;222,2800293;229,7797665
40,73934917;-40,63247681;-42,25778961;222,2400818;229,8420608
40,74928017;-40,29690552;-41,94897461;222,1934967;229,6813163
40,75921217;-40,52172852;-42,39012909;222,6522522;230,245432
40,76914317;-40,50775146;-41,90172577;222,2147827;229,7303685
40,77907517;-40,52645874;-42,42821503;222,1329498;229,7511582
40,78900617;-40,51837158;-42,12743378;221,8972778;229,4664704
40,79893787;-40,58322144;-41,92372131;222,1800842;229,71414
40,80886888;-40,30743408;-41,86727142;221,973114;229,4550523
40,81880087;-40,50991821;-42,11479187;222,4207458;229,9689052
40,82873188;-40,27560425;-41,92990112;222,018631;229,5049311
40,83866388;-40,55123901;-42,27157593;222,3253632;229,9127144
40,84859487;-40,38400269;-41,8753891;222,6772003;230,1511491
40,85852688;-40,60754395;-42,3401947;222,3909912;229,9987341
40,86845787;-40,60754395;-42,3401947;222,3909912;229,9987341
40,87838988;-40,38665771;-41,9940567;222,2588806;229,7685638
40,88832088;-40,53918457;-42,19080353;222,6383972;230,1984911
40,89825287;-40,41540527;-41,97885132;222,9638977;230,4528772
40,90818388;-40,7036438;-42,26654816;222,7969818;230,3947543
40,91811587;-40,63870239;-42,12322235;222,3444061;229,9193444
40,92804688;-40,61227417;-42,21413422;222,6641541;230,2405599
40,93797888;-40,60388184;-41,90650177;222,350235;229,8792229
40,94790987;-40,66397095;-42,16753387;221,9139862;229,5157439
40,95784188;-40,33731079;-41,88169861;222,1181183;229,6032095
40,96777287;-40,73739624;-42,14755249;222,7584534;230,3416597
40,97770488;-40,48141479;-41,7804718;222,5987701;230,0751295
40,98763588;-40,50598145;-42,23199463;222,6398773;230,2016309
40,99756787;-40,44772339;-41,98679352;222,6934052;230,1983098
41,00749888;-40,64245605;-42,45461273;222,2225952;229,863188
41,01743087;-40,63851929;-41,81850433;221,8119049;229,3486379
41,02736288;-40,46520996;-42,27210999;222,5276489;230,0932833
41,03729388;-40,42852783;-41,89731598;222,7444763;230,2280449
41,04722587;-40,66217041;-42,01955414;222,3480682;229,9080653
41,05715688;-40,50134277;-41,64819336;222,2990723;229,7646803
41,06708887;-40,76242065;-41,86304474;222,2208099;229,7741888
41,07701988;-40,51156616;-41,9566803;222,1256561;229,6548652
41,08695088;-40,5279541;-42,13941956;222,9394226;230,4782677
41,09688287;-40,51144409;-41,83899689;222,4023743;229,9010545
41,10681488;-40,63201904;-42,22315216;222,0981598;229,6983851
41,11674587;-40,36294556;-41,72032928;222,4409027;229,8906445
41,12667788;-40,55386353;-42,20517731;222,2830963;229,8601047
41,13660888;-40,63989258;-41,96277618;222,0382996;229,5941679
41,14654087;-40,68984985;-42,28636169;222,3150482;229,9299479
41,15647188;-40,66781616;-41,9564743;222,075882;229,6343057
41,16640387;-40,67382813;-42,28554535;222,3644409;229,9747208
41,17633488;-40,61898804;-41,75091553;221,9874573;229,502663
41,18626688;-40,73345947;-41,9850235;221,9282837;229,5084313
41,19619787;-40,34365845;-41,79029083;222,243103;229,7085894
41,20612988;-40,77740479;-42,12123108;222,4092255;230,0062139
41,21606087;-40,45303345;-41,88793182;223,0203857;230,4975905
41,22599288;-40,58151245;-42,38005829;223,111084;230,6978203
41,23592388;-40,53207397;-42,0176239;222,7220154;230,246446
41,24585587;-40,49658203;-42,38240051;222,6268463;230,2150163
41,25578688;-40,3793335;-42,06391907;222,3862762;229,9032834
41,26571887;-40,54351807;-42,27022552;222,4313354;230,0135818
41,27564988;-40,33624268;-41,90904999;222,6750946;230,1468633
41,28558188;-40,58117676;-42,03760529;222,7619629;230,2973823
41,29551287;-40,43869019;-41,95877838;222,3857117;229,8939571
41,30544488;-40,51104736;-42,28112793;222,4406586;230,0188804
41,31537587;-40,26568604;-41,80262756;222,5042725;229,9498563
41,32530788;-40,5098877;-42,42328644;222,7060699;230,3014977
41,33523888;-40,51489258;-41,96372223;222,4526215;229,9729969
41,34517087;-40,540802;-42,13567352;222,727478;230,2748381
51,57239096;-49,0894165;-45,67247772;320,8287659;327,7603439
51,58232196;-49,01245117;-45,6932373;321,2999878;328,2130017
51,59225396;-49,0892334;-45,80667877;321,258667;328,1998412
51,60218496;-48,97988892;-45,59470367;321,3918152;328,2843362
51,61211696;-49,15237427;-46,30719757;321,1313477;328,1549251
51,62204796;-49,0480957;-45,86782074;321,4095459;328,3499183
51,63197896;-48,98876953;-45,74363708;321,1848755;328,1038008
51,64191096;-48,93283081;-45,80027771;321,4713745;328,3838181
51,65184196;-48,91949463;-46,01512146;321,1764526;328,1231813
51,66177396;-48,66500854;-46,03588867;321,3338013;328,2422854
51,67170496;-49,00527954;-46,22834015;321,12146;328,1121286
51,68163696;-48,9085083;-46,00291443;321,2093811;328,1520636
51,69156796;-49,18453979;-46,2296524;321,499176;328,5087821
51,70149996;-49,13671875;-46,0863266;320,9975891;327,9905774
51,71143096;-49,04333496;-45,83120728;321,2116089;328,1503405
51,72136196;-48,96356201;-45,66631317;321,3328552;328,2341335
51,73129396;-49,1920166;-45,93331909;321,3220825;328,2949969
51,74122496;-48,76153564;-45,78304291;320,6782837;327,579511
51,75115696;-49,30038452;-45,78076172;320,9434509;327,9193571
51,76108796;-48,87561035;-45,71781158;320,7116699;327,620083
51,77101996;-49,09848022;-46,05812073;320,9474487;327,9318162
51,78095096;-49,08999634;-45,59451294;321,1808777;328,0942601
51,79088296;-49,15524292;-46,19216919;321,6802673;328,6763587
51,80081396;-48,85543823;-45,9688797;321,5474548;328,4703296
51,81074496;-48,90188599;-46,03905487;321,9616089;328,8924849
51,82067696;-48,78536987;-46,05621338;322,0783997;328,9919188
51,83060796;-48,85174561;-46,09622955;321,8232727;328,7576224
51,84053996;-48,6986084;-45,89170837;321,930603;328,8113692
51,850471;-48,89520264;-46,23706055;321,6541748;328,6183421
51,860403;-48,70556641;-45,97174072;321,1484985;328,0579084
51,870334;-48,88671875;-46,07277679;321,5479736;328,4900476
51,880266;-48,92254639;-45,73213196;321,2142639;328,1210855
51,890197;-49,05438232;-45,87374115;321,3222046;328,2661903
51,900128;-48,78881836;-45,51178741;321,2084656;328,0648563
51,91006;-49,340271;-45,59853363;321,239502;328,1897412
51,919991;-49,01589966;-45,46315002;320,9167786;327,806399
51,929923;-49,0710144;-45,59548187;320,4829712;327,4083799
51,939854;-48,82748413;-45,60407257;320,7301636;327,6151591
51,949786;-48,96560669;-45,74052429;320,8285828;327,7511338
51,959717;-48,90881348;-45,53426361;321,2094116;328,086768
51,969648;-49,07202148;-45,80093384;320,907135;327,8523725
51,97958;-48,9586792;-45,71096039;320,9087219;327,8244225
51,989511;-49,15939331;-45,80031586;320,7515564;327,7130999
51,999443;-48,67980957;-45,62314606;320,9120483;327,7739131
52,009374;-48,97210693;-45,80764008;320,4598389;327,4005429
52,019306;-48,75997925;-45,77424622;320,3776245;327,2837293
52,029237;-48,97241211;-45,70318604;320,5612488;327,4852555
52,039169;-48,97241211;-45,70318604;320,5612488;327,4852555
52,0491;-48,7492981;-45,64550781;320,9740601;327,8480649
52,059031;-49,18508911;-45,62953949;320,6746216;327,6178273
52,068963;-48,90335083;-45,51696014;321,1828003;328,0574989
52,078894;-49,09222412;-45,67895508;321,1228638;328,0495497
52,088826;-49,02438354;-45,61846161;320,8102112;327,724924
52,098757;-49,28344727;-45,81204224;321,0003662;327,9768841
52,108689;-48,78009033;-45,84481812;320,9841309;327,8903122
52,11862;-48,98876953;-45,96100616;321,313385;328,2599656
52,128552;-48,74752808;-45,82842255;321,6685181;328,5531941
52,138483;-48,87023926;-46,02390289;321,3584595;328,2952321
52,148414;-48,71286011;-46,00619507;321,5805054;328,4867336
52,158346;-48,7456665;-45,89767456;321,4024048;328,3020596
52,168277;-48,5043335;-45,89518738;321,4915161;328,3532146
52,178209;-48,68978882;-46,02848816;321,6275635;328,532505
52,18814;-48,52371216;-45,92446136;321,1387329;328,0147749
52,198072;-48,90631104;-45,941185;321,3375549;328,2685546
52,208003;-48,58395386;-45,7999649;321,1960144;328,0623676
52,217934;-49,08615112;-45,76229095;321,1002197;328,0380902
52,227866;-48,89663696;-45,45809174;320,8982239;327,7697199
52,237797;-49,10147095;-45,50889587;321,3592529;328,2587143
52,247729;-49,05999756;-45,47891235;321,1454468;328,0390416
52,25766;-49,10379028;-45,5369873;321,0524597;327,9626218
52,267592;-48,92425537;-45,46030426;320,8531189;327,7299894
52,277523;-49,02630615;-45,75328827;321,0351563;327,9641957
52,287455;-48,73330688;-45,49636841;320,7114258;327,5678149
52,297386;-48,94036865;-45,86888123;321,3826294;328,307643
52,307317;-48,82806396;-45,95671844;321,4599915;328,3789365
52,317249;-48,85409546;-46,32587433;321,0116577;327,9958745
52,32718;-48,4916687;-45,91576385;320,9803467;327,8537513
52,337112;-48,84255981;-46,22227478;320,953064;327,9221914
52,347043;-48,68365479;-45,93947601;321,2006226;328,1011637
52,356975;-48,86978149;-46,27803802;320,9154968;327,8973444
52,366906;-49,00811768;-45,8044281;320,9593811;327,8944427
52,376837;-48,96948242;-45,70426941;320,9666443;327,8818037
52,386769;-48,68365479;-45,73428345;321,2359619;328,1070956
52,3967;-49,00823975;-45,9664917;321,5808411;328,5254378
52,406632;-48,99194336;-45,63037109;321,3768311;328,2764214
52,416563;-49,04507446;-46,09529877;321,5203552;328,4897787
52,426495;-48,8795166;-45,71514893;321,4609985;328,3538572
52,436426;-49,00344849;-45,98440552;321,20224;328,1566432
52,446358;-48,84320068;-45,7869873;320,9277344;327,8364183
52,456289;-48,88183594;-46,15919495;321,4264221;328,3824752
52,46622;-48,69900513;-45,87003326;321,6045227;328,4891506
52,476152;-48,81207275;-46,1889801;321,1414185;328,0973194
52,486083;-48,71994019;-45,99678802;321,4682007;328,3765234
52,496015;-48,90838623;-46,43688965;321,2081299;328,2119402
52,505946;-48,83483887;-45,98921204;321,4396667;328,3645969
52,515878;-48,98208618;-45,94231415;321,3781128;328,3197106
52,525809;-48,93649292;-45,6415329;321,365448;328,2585582
52,535741;-49,07653809;-45,91252136;321,613678;328,560229
52,545672;-48,99261475;-45,46424866;321,4616699;328,3365338
52,555603;-49,14501953;-45,72189331;321,024353;327,9670101
52,565535;-49,01547241;-45,52437592;321,2824707;328,1728376
52,575466;-48,94470215;-45,86643219;321,1481323;328,0783997
52,585398;-49,04025269;-45,44698334;321,301239;328,1841874
52,595329;-49,09576416;-45,75382996;320,8612366;327,8044236
52,605261;-49,03530884;-45,47629547;320,6801147;327,5794422
52,615192;-49,23162842;-46,10274506;320,9260559;327,9371124
52,625124;-48,94665527;-45,56624603;321,244873;328,1315686
52,635055;-48,80877686;-46,11378479;321,5105286;328,4475572
52,644986;-48,75686646;-45,60438538;321,6369019;328,4924484
52,654918;-48,92633057;-45,92520142;321,4210815;328,3510646
52,664849;-48,87988281;-45,87466431;321,5808105;328,4934482
52,674781;-48,97918701;-46,1460495;321,8609314;328,820434
52,684712;-48,92996216;-45,98321533;321,5335999;328,4698664
52,694644;-48,81079102;-46,14653778;321,558197;328,4991177
52,704575;-48,69152832;-45,71700287;321,6740112;328,5347452
52,714506;-48,94540405;-45,89777374;321,796051;328,7171378
52,724438;-48,84075928;-45,77811432;321,65979;328,5514816
52,734369;-49,04998779;-46,07555389;321,5593872;328,5259464
52,744301;-48,90551758;-45,44491577;321,2695923;328,1328099
52,754232;-48,92340088;-45,98046112;321,594696;328,52831
52,764164;-48,8453064;-45,99462128;321,1288452;328,0626531
52,774095;-48,97583008;-46,12251282;321,0072021;327,9810085
52,784027;-48,84558105;-45,82975006;321,4959717;328,3990204
52,793958;-49,00479126;-46,03366089;321,7399597;328,6900807
52,803889;-48,74612427;-45,63935089;321,6515503;328,5100528
52,813821;-49,10327148;-45,99724579;321,6167297;328,5790601
52,823752;-48,90945435;-45,51805878;321,1748047;328,0507332
52,833684;-49,01919556;-46,2086792;321,3677368;328,3524719
52,843615;-48,85845947;-45,76156616;321,0155334;327,9210922
52,85354712;-49,05841064;-46,09165955;321,023468;328,0049325
52,86347812;-48,81988525;-45,86470795;320,9846191;327,8994943
52,87340912;-48,95748901;-46,07994843;321,2388611;328,1990299
52,88334112;-48,77349854;-45,95106506;321,1696167;328,0857772
52,89327212;-49,11914063;-46,38357544;321,3476257;328,3723841
52,90320412;-48,74755859;-45,80627441;321,0641479;327,9584217
52,91313512;-48,865448;-46,22954559;321,3755798;328,3401684
52,92306712;-48,8338623;-45,76309204;321,386261;328,2805743
52,93299812;-48,86279297;-46,14360809;321,5375977;328,4862734
52,94293012;-48,73568726;-45,51591492;321,2544556;328,1025616
52,95286112;-48,86291504;-45,92527008;321,3152161;328,2379975
52,96279212;-48,57394409;-45,75926208;320,75177;327,620262
52,97272412;-48,95074463;-46,05101013;321,2368164;328,1919608
52,98265512;-48,64871216;-45,61571503;321,5160522;328,3596542
52,99258712;-48,93365479;-45,74294281;321,4810791;328,3854498
53,00251812;-48,68136597;-45,4478302;321,0499573;327,8848208
53,01245012;-49,00842285;-46,24093628;320,7694702;327,7698929
53,02238112;-48,79776001;-45,94494629;320,9105225;327,8349019
53,03231312;-48,96466064;-46,19104004;321,5679626;328,5378285
53,04224412;-48,96466064;-46,19104004;321,5679626;328,5378285
53,05217512;-48,76953125;-45,71453094;321,4163208;328,2936746
53,06210712;-49,07150269;-45,89659119;321,3048706;328,2549761
53,07203812;-48,88607788;-45,57532501;321,3951721;328,2709483
53,08197012;-49,24633789;-45,83995819;320,9971313;327,9720444
53,09190112;-48,86413574;-45,43074036;321,3222351;328,1762251
53,10183312;-48,90518188;-46,08396912;321,4274902;328,3764311
53,11176412;-48,75924683;-45,69156647;320,7372437;327,6241183
53,12169612;-48,82141113;-45,80485535;321,2321472;328,133673
53,13162712;-48,71447754;-45,59029388;321,2122192;328,0683846
53,14155812;-48,98995972;-46,28570557;321,3153687;328,3077045
53,15149012;-48,82522583;-45,5687027;321,6255188;328,4865046
53,16142112;-49,02575684;-46,04679871;321,2476807;328,2132003
53,17135312;-48,51358032;-45,73778534;321,2902527;328,1355497
53,18128412;-48,78747559;-46,1550827;321,0129089;327,9631033
53,19121612;-48,79446411;-45,55805206;320,9412537;327,8105003
53,20114712;-49,22537231;-45,99879456;321,1599731;328,1505062
53,21107812;-48,86694336;-45,4500885;321,034729;327,8978285
53,22101012;-48,96975708;-45,90231323;321,0287476;327,9702978
53,23094112;-48,98284912;-45,10746765;321,0890503;327,9209987
53,24087312;-49,29638672;-45,80947113;320,9734497;327,9521258
53,25080412;-49,08883667;-45,18056488;320,9211426;327,7825149
53,26073612;-49,19491577;-45,78013611;321,2888489;328,2415041
53,27066712;-49,0730896;-45,45633698;320,9960632;327,8916274
53,28059912;-49,20767212;-45,83607483;320,9282532;327,8982837
53,29053012;-48,67599487;-45,45794678;320,8869019;327,7257713
53,30046112;-48,99484253;-46,18603516;321,4093323;328,3863629
53,31039312;-48,79998779;-45,83889771;320,7253418;327,6391128
53,32032412;-48,99716187;-46,29869843;321,2520142;328,2486069
53,33025612;-48,83926392;-45,75376129;321,4295654;328,3224724
53,34018712;-48,962677;-45,89032745;320,9567261;327,897066
53,35011912;-48,7666626;-45,47398376;320,96698;327,8198786
53,36005012;-48,95568848;-45,87916565;321,3036804;328,2340816
53,36998112;-48,83465576;-45,66155243;321,4002075;328,2802071
53,37991312;-48,98547363;-45,89354706;321,5670776;328,4983709
53,38984412;-48,73886108;-45,52160645;321,1484985;328,0000783
53,39977612;-48,96481323;-45,98384094;321,146698;328,0964312
53,40970712;-48,7713623;-45,53648376;321,40802;328,2610736
53,41963912;-48,96209717;-46,02252197;321,2905579;328,2422612
53,42957012;-48,70172119;-45,76028442;321,314209;328,1900093
53,43950212;-49,12915039;-46,05948639;321,0994263;328,0853414
53,44943312;-48,86990356;-45,60643768;320,6043091;327,4986071
53,45936412;-49,1026001;-45,78240204;320,7762146;327,7262173
53,46929612;-48,84841919;-45,46518707;320,8397522;327,7062677
53,47922712;-48,89086914;-46,07872772;320,6572876;327,6196916
53,48915912;-48,57369995;-45,42449951;320,9234009;327,7416951
53,49909012;-48,81256104;-45,83882141;321,02771;327,9369668
53,50902212;-48,79168701;-45,65848541;320,8583374;327,742885
53,51895312;-48,94024658;-45,85725403;320,7458496;327,682675
53,52888512;-48,59988403;-45,55737305;320,8137207;327,6566287
53,53881612;-48,98803711;-45,70011902;320,5725098;327,4981873
53,54874712;-48,89782715;-45,21714783;321,3204041;328,1499505
53,55867912;-48,89425659;-45,62208557;321,1211853;328,0104246
53,56861012;-48,87402344;-45,28634644;320,6246338;327,4747
53,57854212;-48,9992981;-45,90583801;321,3497314;328,2893953
53,58847312;-48,93212891;-45,66955566;321,1575317;328,0582597
53,59840512;-49,01791382;-45,83660126;321,2885132;328,2225748
53,60833612;-48,81692505;-45,77058411;321,059906;327,9596039
53,61826812;-48,85891724;-46,03679657;321,2644653;328,2033472
53,62819912;-48,94326782;-45,91944122;321,3825073;328,3150234
53,63813012;-48,91204834;-46,097435;321,7221069;328,667729
53,64806212;-48,70031738;-45,8427124;321,6915894;328,5707745
53,65799312;-48,73080444;-46,14389038;321,1469421;328,0843007
53,66792512;-48,8581543;-45,87755585;321,1039124;328,0237673
53,67785612;-48,90029907;-46,04257202;321,3031921;328,2482277
53,68778812;-48,61383057;-45,90470123;321,7190552;328,5935127
53,69771912;-48,75915527;-46,01146698;321,8381958;328,7466115
53,70765012;-48,75036621;-45,8602829;322,039917;328,9216805
53,71758212;-48,94467163;-46,01612854;321,4307861;328,3760272
53,72751312;-48,77056885;-46,10328674;321,5563965;328,485308
53,73744512;-48,97558594;-46,12189484;321,2901611;328,2578329
53,74737612;-49,05755615;-45,7575531;321,1971436;328,1280276
53,75730812;-49,01071167;-45,80323029;320,847168;327,7848242
53,76723912;-49,09268188;-45,71372223;320,84021;327,7777847
53,77717112;-48,97729492;-45,66114807;320,919281;327,8305977
53,78710212;-48,94299316;-45,62986755;320,7842712;327,6889532
53,79703312;-49,00622559;-45,86485291;320,9552002;327,8985139
53,80696512;-48,86828613;-45,71455383;321,0120239;327,9125635
53,81689612;-48,89395142;-45,94690704;321,2701111;328,2014946
53,82682812;-48,83779907;-45,91178131;321,047699;327,9704976
53,83675912;-48,96514893;-45,80856323;321,0290222;327,9567706
53,84669112;-48,88977051;-46,06719971;321,1826782;328,1321522
53,85662187;-48,73831177;-46,25383759;321,3202515;328,2705356
53,86655287;-48,8515625;-45,954216;321,2264099;328,1534268
53,87648487;-48,87142944;-46,00737762;321,1408691;328,0801019
53,88641587;-48,93768311;-45,82455444;321,1855774;328,1081556
53,89634787;-48,94732666;-45,73407745;321,5147705;328,4192356
53,90627887;-49,10235596;-45,71237946;321,1639099;328,0959007
53,91621087;-49,19421387;-45,73444366;320,9474182;327,9008315
53,92614187;-48,77926636;-45,76879883;320,7562561;327,6564902
53,93607387;-49,05163574;-45,76890564;320,9548645;327,8915686
53,94600487;-49,13748169;-45,83493042;321,1737671;328,1279044
53,95593587;-49,18991089;-46,11496735;321,4710999;328,4659885
53,96586787;-49,12197876;-45,79360199;321,2644043;328,2085317
53,97579887;-49,04751587;-46,09996796;320,9976501;327,9792025
53,98573087;-48,88223267;-45,67549133;321,1802368;328,0738754
53,99566187;-48,97039795;-45,91387177;321,1846008;328,1245668
54,00559387;-49,23846436;-46,08860779;321,0697632;328,0767882
54,01552487;-49,0741272;-46,10118103;321,0375977;328,0224504
54,02545687;-49,05471802;-45,95857239;321,0800781;328,0411137
54,03538787;-48,88897705;-45,86439514;321,160553;328,0819648
54,04531887;-48,88897705;-45,86439514;321,160553;328,0819648
54,05525087;-48,95556641;-45,66421509;321,0612793;327,9667866
54,06518187;-48,98382568;-45,79307556;321,2927246;328,2155326
54,07511387;-48,97958374;-45,68083191;321,2411499;328,1487687
54,08504487;-48,84222412;-45,66069794;321,5130005;328,3916437
54,09497687;-48,95303345;-45,57279968;321,1846313;328,0744534
54,10490787;-49,1505127;-45,59557343;320,927063;327,8550121
54,11483887;-49,2220459;-45,83384705;320,9824524;327,9531767
54,12477087;-49,15817261;-45,8090744;321,0072021;327,9643594
54,13470187;-49,34622192;-45,73700714;320,7446289;327,7255565
54,14463387;-48,91430664;-45,84140778;321,1949768;328,1162251
54,15456487;-48,98867798;-45,85315704;321,2969666;328,2287972
54,16449687;-48,96844482;-45,74721527;321,3970337;328,3089544
54,17442787;-48,95178223;-45,99450684;321,8425903;328,7771656
54,18435987;-48,92285156;-45,94931793;321,6463623;328,5744476
54,19429087;-48,91516113;-45,83914185;321,4702454;328,385503
54,20422187;-49,00570679;-45,73688507;321,5996094;328,511386
54,21415387;-49,12619019;-45,72850037;321,4776001;328,4087783
54,22408487;-49,0302124;-45,55589294;321,5242615;328,416126
54,23401687;-49,04751587;-45,53024292;321,5405579;328,4311072
54,24394787;-48,95367432;-45,58813477;321,5238037;328,4087341
54,25387987;-49,09060669;-45,81119537;321,5772095;328,5124883
54,26381087;-49,06387329;-45,65581512;321,6858826;328,5932503
54,27374187;-49,08145142;-45,87568665;321,440155;328,3859631
54,28367387;-49,15438843;-45,81008911;321,8825989;328,8208108
54,29360487;-49,12585449;-45,95663452;321,6421814;328,6016657
54,30353687;-49,05249023;-46,02539063;321,4432983;328,4056599
54,31346787;-49,03161621;-45,9982605;321,5276489;328,481306
54,32339987;-48,7741394;-46,01119232;321,3990479;328,3188914
54,33333087;-48,74737549;-45,85533142;321,4891968;328,3813662
54,34326287;-48,61651611;-45,96031952;321,4053345;328,294541
54,35319387;-48,8130188;-45,76583099;321,3649292;328,2569722
54,36312487;-48,71685791;-45,84501648;321,3694153;328,2581284
54,37305687;-49,1210022;-45,94478607;321,5015564;328,461637
54,38298787;-48,79760742;-45,80062103;321,26297;328,1597161
54,39291987;-49,1048584;-45,84213257;321,3979797;328,3434933
54,40285087;-48,974823;-46,0099411;321,5187988;328,4658064
54,41278287;-49,10827637;-45,93065643;321,0589294;328,0245177
54,42271387;-49,03790283;-46,04171753;320,6366577;327,6162724
54,43264587;-49,02844238;-46,02825165;321,3972168;328,3573649
54,44257687;-49,05334473;-45,84703827;321,0975952;328,0424473
54,45250787;-49,09768677;-46,10661316;321,0452271;328,0342062
54,46243987;-49,06549072;-45,94832611;321,6156311;328,5654961
54,47237087;-49,28756714;-45,82398987;321,4981384;328,4663687
54,48230287;-49,06759644;-45,74098206;321,2640381;328,1927004
54,49223387;-49,41589355;-45,88205719;321,8684082;328,8561477
54,50216587;-49,14883423;-45,86345673;322,055603;328,996772
54,51209687;-48,97097778;-46,15248108;321,9562683;328,9134337
54,52202787;-48,99304199;-46,02596283;321,6607666;328,6097323
54,53195987;-49,03924561;-46,2260437;321,4248657;328,4138228
54,54189087;-49,14547729;-46,3904953;321,2777405;328,3089133
54,55182287;-49,11172485;-46,17763519;321,1391602;328,1382265
54,56175387;-49,03039551;-46,0907135;321,6784058;328,6416442
54,57168587;-49,13137817;-45,96438599;321,9560547;328,9108059
54,58161687;-48,99212646;-45,91334534;321,9672852;328,8938985
54,59154787;-49,22433472;-46,1187973;322,1349487;329,1214119
54,60147987;-49,08944702;-46,04349518;321,7105103;328,6752648
54,61141087;-49,27243042;-45,91869354;321,6480408;328,624042
54,62134287;-49,16503906;-45,91988373;321,5760498;328,5376578
54,63127387;-49,18127441;-45,93191528;321,5663757;328,5323007
54,64120587;-48,91552734;-45,90481567;321,3212585;328,2488874
54,65113687;-49,18716431;-45,92758942;321,2657471;328,2383293
54,66106887;-49,04611206;-45,63169861;321,3860168;328,2936869
54,67099987;-49,13076782;-45,74102783;321,3683167;328,3042323
54,68093087;-48,98361206;-45,65458679;321,5383606;328,4366802
54,69086287;-49,25604248;-45,8475647;321,1827393;328,1562264
54,70079387;-48,84054565;-45,9167099;320,9815063;327,9068016
54,71072587;-49,24581909;-45,88557434;321,6508484;328,6181749
54,72065687;-49,04690552;-45,77480316;321,2125549;328,1439272
54,73058887;-49,1557312;-45,78582001;320,975769;327,9299796
54,74051987;-49,0821228;-45,7250061;321,1484985;328,0795469
54,75045187;-49,11209106;-45,7278595;321,2296448;328,1638604
54,76038287;-48,97122192;-45,80534363;321,3452759;328,2668067
54,77031387;-49,27542114;-45,84085846;321,7132568;328,6774575
54,78024587;-48,9881897;-45,65605927;321,3353271;328,2388017
54,79017687;-49,28317261;-45,59011841;321,2431641;328,1835774
54,80010887;-49,0229187;-45,81842804;321,0463867;327,983776
54,81003987;-49,1137085;-45,87987518;321,3162231;328,2700635
54,81997187;-49,03320313;-45,93766785;321,2776794;328,2283834
54,82990287;-49,11856079;-46,02026367;321,3337402;328,3075849
54,83983487;-48,75506592;-45,90840149;321,7913513;328,6857337
54,849767;-49,02233887;-46,05363464;321,4924927;328,4532689
54,859698;-48,77859497;-45,91422272;321,8404236;328,7380803
54,86963;-49,19317627;-45,93398285;321,8241577;328,7866905
54,879561;-48,95028687;-46,06764984;322,1347656;329,0731927
54,889493;-49,19558716;-46,12895203;322,3643494;329,343073
54,899424;-49,03799438;-45,94692993;322,427063;329,3555164
54,909356;-49,18075562;-45,66513824;321,8240967;328,7473206
54,919287;-49,150177;-45,68338776;321,7494812;328,6722387
54,929218;-49,30429077;-45,61449432;322,0977783;329,0267071
54,93915;-49,08303833;-45,7011795;321,8985901;328,8106518
54,949081;-49,14532471;-45,80754852;321,3920898;328,3389557
54,959013;-49,04858398;-45,77541351;321,434845;328,3618608
54,968944;-49,33114624;-45,70275879;321,5143433;328,4718817
54,978876;-49,06774902;-45,54473114;321,2108154;328,1133257
54,988807;-49,07546997;-45,62602997;321,5088501;328,4175346
54,998738;-48,93023682;-45,50992584;321,278656;328,1543787
55,00867;-49,29431152;-45,4438858;321,5064087;328,4226648
55,018601;-49,07919312;-45,60485077;321,4138794;328,3221763
55,028533;-49,05026245;-45,81008148;321,524231;328,4544457
55,038464;-48,9223938;-45,74116516;321,7378845;328,634936
55,048396;-49,32492065;-45,81684113;321,171875;328,1516479
55,058327;-49,32492065;-45,81684113;321,171875;328,1516479
55,068259;-49,24911499;-45,50980377;321,2577209;328,1815669
55,07819;-49,29891968;-45,63339233;321,5266724;328,4694674
55,088121;-49,13986206;-45,50975037;321,0588379;327,9704877
55,098053;-49,11157227;-45,81031799;321,3238525;328,2674976
55,107984;-48,82455444;-45,78150177;321,001709;327,9052915
55,117916;-49,05950928;-45,90257263;321,0684509;328,0226087
55,127847;-49,01092529;-45,89556122;321,4700012;328,4074223
55,137779;-49,34869385;-46,05760956;321,0880737;328,1069156
55,14771;-48,96755981;-45,82881165;320,8717041;327,8059676
55,157642;-49,1711731;-46,04560852;321,0862122;328,0767562
55,167573;-48,98666382;-45,89357758;321,1370239;328,0775851
55,177504;-49,23031616;-45,941185;321,4414063;328,4186264
55,187436;-48,92721558;-45,88730621;321,1525269;328,0830121
55,197367;-48,98046875;-46,08153534;321,0898438;328,0568274
55,207299;-48,74569702;-45,86342621;321,5770874;328,4682937
55,21723;-49,16052246;-45,89095306;321,0557556;328,0236802
55,227162;-48,76654053;-45,60309601;321,4147949;328,2762377
55,237093;-49,2237854;-45,91162872;321,3289795;328,3034751
55,247024;-48,90557861;-45,87739563;321,404541;328,3250981
55,256956;-49,27371216;-45,88645172;321,3912354;328,3683775
55,266887;-49,02835083;-45,61627197;321,5021667;328,4025985
55,276819;-49,20233154;-45,71921539;321,6054077;328,5439915
55,28675;-48,98098755;-45,49472046;321,5480347;328,4235761
55,296682;-49,09173584;-45,99248505;321,0890503;328,0601857
55,306613;-48,96478271;-46,04896545;321,3929138;328,3465581
55,316545;-49,06921387;-46,11222839;321,4949646;328,4709083
55,326476;-48,99298096;-45,79632568;321,563324;328,4822475
55,336407;-49,20092773;-46,08600616;321,4185181;328,4121115
55,346339;-48,84423828;-45,71414185;321,4163208;328,3047268
55,35627;-49,01565552;-45,82270813;321,6615601;328,5854749
55,366202;-48,70959473;-45,79662323;321,6869507;328,5611808
55,376133;-49,08721924;-46,15450287;321,9373779;328,9125545
55,386065;-48,92633057;-45,97953033;321,5036316;328,4394741
55,395996;-49,22311401;-46,04901886;322,1401062;329,1165069
55,405927;-49,03201294;-45,92938995;321,7845459;328,7231984
55,415859;-49,36273193;-46,1054306;321,4360352;328,45626
55,42579;-49,15570068;-45,66900635;321,4115295;328,3402387
55,435722;-49,12942505;-45,80175781;321,5916138;328,5310754
55,445653;-49,15216064;-45,68286896;321,3564453;328,2877158
55,455585;-49,33514404;-45,91496277;321,8417053;328,8224803
55,465516;-49,06393433;-45,76306915;321,9125671;328,8300914
55,475448;-49,26217651;-46,30019379;321,7073669;328,734087
55,485379;-48,91516113;-45,82096863;321,4457092;328,3589471
55,49531;-49,29742432;-45,87976837;321,5454712;328,5219616
55,505242;-49,06765747;-45,83035278;321,7516785;328,6825198
55,515173;-49,06903076;-46,15106201;321,496521;328,4778582
55,525105;-49,01168823;-46,15097809;321,640625;328,6103316
55,535036;-49,10379028;-46,23427582;321,3545227;328,3557823
55,544968;-48,82345581;-46,08894348;321,2526855;328,1938581
55,554899;-49,08428955;-46,02413177;321,3933716;328,3613672
55,56483;-49,08148193;-45,47309113;321,8186035;328,7004829
55,574762;-48,97436523;-45,77423859;321,3963928;328,3129767
55,584693;-49,07925415;-45,59718323;320,9589844;327,8758087
55,594625;-49,30380249;-45,75431061;321,2139282;328,1809098
55,604556;-49,1953125;-45,75913239;321,0473022;328,0022062
55,614488;-49,40280151;-45,88752747;321,2976685;328,2963505
55,624419;-49,3102417;-45,5341568;321,1116943;328,0511844
55,634351;-49,28091431;-45,76915741;321,1012878;328,0692935
55,644282;-49,13381958;-45,4595871;321,1651917;328,0667411
55,654213;-49,14123535;-45,75862122;321,0914917;328,0372821
55,664145;-49,15835571;-45,46213531;321,2173462;328,1218267
55,674076;-49,26971436;-45,89339447;321,2432861;328,2239438
55,684008;-48,85058594;-45,68710327;321,5279846;328,4112301
55,693939;-49,15591431;-45,84802246;321,466156;328,4186879
55,703871;-49,07232666;-45,49391174;321,4390259;328,3303772
55,713802;-49,34368896;-45,97858429;321,2624817;328,2657643
55,723734;-49,08905029;-45,70187378;321,2040405;328,1317293
55,733665;-49,21316528;-45,8542099;321,268219;328,2343869
55,743596;-49,05718994;-45,5814209;321,2145386;328,1204864
55,753528;-49,27609253;-45,80354309;321,4738159;328,4379883
55,763459;-49,18087769;-45,45429993;321,0270081;327,9377868
55,773391;-49,17700195;-45,68242645;321,2069092;328,1449986
55,783322;-49,11581421;-45,25440216;321,0877075;327,9598147
55,793254;-49,23660278;-45,60713196;320,9638062;327,9055022
55,803185;-49,41723633;-45,25403595;321,1401672;328,0563946
55,813116;-49,51443481;-45,68874359;321,3979492;328,3835902
55,823048;-49,12606812;-45,48832703;321,4122314;328,3114086
55,832979;-49,56549072;-45,59907532;321,7454834;328,7189828
55,842911;-49,20175171;-45,52220154;321,7467041;328,6548719
55,85284137;-49,08395386;-45,79058838;321,9352417;328,8591072
55,86277337;-48,99264526;-45,63054657;321,5439758;328,440184
55,87270437;-49,30813599;-45,5059967;321,4375916;328,3659746
55,88263637;-49,2199707;-45,35222626;321,3945618;328,2893454
55,89256737;-49,11651611;-45,88413239;321,5083008;328,4590891
55,90249837;-49,18606567;-45,52760315;321,0405273;327,9619672
55,91243037;-49,48641968;-45,775383;321,092041;328,0920454
55,92236137;-49,15951538;-45,41893005;321,3380127;328,2341475
55,93229337;-49,41104126;-45,48490906;321,2636414;328,2082498
55,94222437;-49,26641846;-45,48137665;321,2055969;328,1291988
55,95215637;-49,45352173;-45,66323853;320,9882507;327,9698756
55,96208737;-49,1857605;-45,53554535;321,0630188;327,9850408
55,97201837;-49,3637085;-46,05103302;321,4051514;328,4185511
55,98195037;-49,2718811;-45,69898224;321,3000488;328,2527024
55,99188137;-49,28582764;-45,94792175;321,7949219;328,7738981
56,00181337;-49,08361816;-45,52248383;321,9098511;328,7969743
56,01174437;-49,26086426;-46,03256989;321,7195435;328,7082215
56,02167637;-49,15679932;-45,66326904;321,0719604;328,0072085
56,03160737;-49,46148682;-46,1775589;321,3113098;328,3591988
56,04153937;-49,15853882;-45,81145477;320,7278137;327,6912904
56,05147037;-49,15853882;-45,81145477;320,7278137;327,6912904
56,06140137;-49,39526367;-46,06439972;321,3383484;328,3597953
56,07133337;-49,07757568;-45,54695892;321,3864136;328,2870097
56,08126437;-49,31079102;-45,86524963;321,5961609;328,5715537
56,09119637;-49,30117798;-45,74116516;321,6121216;328,5684359
56,10112737;-49,54116821;-45,98674774;322,0510864;329,068398
56,11105937;-49,35186768;-45,49677277;321,9562683;328,879008
56,12099037;-49,371521;-45,94554901;321,532959;328,5300356
56,13092137;-49,13858032;-45,66777039;321,4265137;328,3521722
56,14085337;-49,29019165;-46,27999115;321,6856384;328,7141776
56,15078437;-48,99465942;-45,7430191;321,5083008;328,421205
56,16071637;-49,2762146;-45,98130798;321,00354;328,0025895
56,17064737;-49,22351074;-45,95682526;321,1195374;328,1047715
56,18057937;-49,2048645;-46,45584869;321,7117615;328,7517636
56,19051037;-49,08572388;-45,87682343;321,6130676;328,5560173
56,20044237;-49,30813599;-46,43402863;321,6231384;328,6774322
56,21037337;-49,18392944;-45,96642303;321,5663757;328,5375244
56,22030437;-49,31524658;-46,42913818;322,0149536;329,0612234
56,23023637;-49,17919922;-45,93829346;321,2758179;328,2484906
56,24016737;-49,33044434;-46,12063599;320,8245239;327,8551219
56,25009937;-49,1473999;-45,78321838;321,20224;328,1500403
56,26003037;-49,47073364;-46,29846954;321,4799805;328,5426603
56,26996237;-49,2210083;-45,74762726;321,4279175;328,3770077
56,27989337;-49,34829712;-46,10236359;321,4243164;328,4421921
56,28982537;-49,22369385;-45,79546356;321,1406555;328,1029063
56,29975637;-49,34063721;-46,06692505;321,4978333;328,5080164
56,30968737;-49,04934692;-45,66013336;321,297699;328,2116658
56,31961937;-49,20059204;-46,29730225;321,4759216;328,4979553
56,32955037;-49,0847168;-45,92996216;321,5582886;328,5096708
56,33948237;-49,22052002;-46,35150146;321,1428528;328,1826522
56,34941337;-49,00787354;-45,90031433;320,9093933;327,8588862
56,35934537;-49,24182129;-46,30992889;321,2684326;328,3028667
56,36927637;-49,01211548;-45,8862381;321,3273926;328,2667018
56,37920737;-49,24627686;-46,38433838;321,2213745;328,2679912
56,38913937;-49,050354;-45,92001343;321,1260986;328,0801062
56,39907037;-49,28219604;-46,14547729;321,2124634;328,2309957
56,40900237;-49,01205444;-45,88459015;321,2485046;328,1892424
56,41893337;-49,36962891;-46,16079712;321,5151672;328,542512
56,42886537;-49,09533691;-45,88326263;320,9467163;327,9061155
56,43879637;-49,15777588;-46,33171082;321,6698303;328,6861635
56,44872837;-49,16040039;-45,76768494;320,9769287;327,9292831
56,45865937;-49,36196899;-46,20361328;321,3023682;328,3391382
56,46859037;-49,09918213;-45,85393524;321,3403931;328,2879244
56,47852237;-49,34301758;-46,02496338;320,6164551;327,6399577
56,48845337;-49,10986328;-45,71997833;320,8032532;327,7450569
56,49838537;-49,22207642;-46,04776001;321,3576355;328,3503295
56,50831637;-49,02606201;-45,54985809;321,1238098;328,0226296
56,51824837;-49,26818848;-46,13530731;321,2905273;328,3038592
56,52817937;-48,9928894;-45,8276062;321,1096191;328,0424671
56,53811037;-49,19052124;-45,92699432;321,7158203;328,6792741
56,54804237;-48,91497803;-45,64376831;321,2977905;328,1894253
56,55797337;-49,10992432;-46,25158691;321,5021362;328,5036036
56,56790537;-48,82073975;-45,78501129;321,2940979;328,1914521
56,57783637;-48,99435425;-46,09233856;321,350769;328,315804
56,58776837;-48,78674316;-45,71273804;321,3461914;328,2273228
56,59769937;-49,11938477;-46,17821503;321,4892578;328,4820914
56,60763137;-48,89215088;-45,80454254;321,2748413;328,1859567
56,61756237;-49,18862915;-45,92791748;321,4833984;328,4516255
56,62749337;-49,04653931;-45,67668915;321,4439392;328,35671
56,63742537;-49,22650146;-46,09765625;321,4667358;328,4647692
56,64735637;-48,91079712;-45,76678467;321,4350281;328,3402837
56,65728837;-49,13720703;-46,1167984;321,2550049;328,2468619
56,66721937;-48,96600342;-45,70748901;321,2690735;328,1777897
56,67715137;-49,16983032;-46,03097534;321,3807983;328,3628183
56,68708237;-48,87380981;-45,71917725;321,2416992;328,1388757
56,69701337;-49,01852417;-46,09994507;321,4469604;328,4146297
56,70694537;-48,79718018;-45,77028656;321,5754395;328,4613329
56,71687637;-48,85562134;-46,22970581;321,5387268;328,4984175
56,72680837;-48,75909424;-45,97348022;321,5410767;328,4504135
56,73673937;-49,07562256;-46,22640991;321,4638977;328,457509
56,74667137;-48,91619873;-45,76158905;320,9244995;327,8405892
56,75660237;-49,12805176;-46,29679108;321,2023315;328,2192805
56,76653437;-48,71530151;-45,96465302;321,2804565;328,1875404
56,77646537;-49,02087402;-46,18249512;321,3226929;328,3049526
56,78639637;-49,00057983;-45,91162109;320,9324951;327,8819913
56,79632837;-49,0921936;-46,11790466;321,0218201;328,0120631
56,80625937;-48,97088623;-45,74217987;321,1904907;328,1064249
56,81619137;-48,99993896;-45,99581146;321,336792;328,2894189
56,82612237;-48,9005127;-45,68795776;321,5261841;328,4170164
56,83605437;-48,86965942;-46,31262207;321,592804;328,565114
56,84598537;-48,86795044;-45,62734222;321,590332;328,4665471
56,85591625;-49,05358887;-46,15497589;321,460144;328,4404978
56,86584825;-48,7857666;-45,92773438;321,0929565;328,0092903
56,87577925;-49,02624512;-46,13446808;321,3257446;328,3019891
56,88571125;-48,76193237;-45,96295929;321,2155762;328,1307149
56,89564225;-48,95053101;-46,43195343;321,8701782;328,8654625
56,90557425;-48,76245117;-46,16973114;321,6964111;328,6304941
56,91550525;-49,07730103;-46,49248505;322,0657654;329,0843203
56,92543725;-48,96679688;-46,01898193;321,6795349;328,6232145
56,93536825;-49,03778076;-46,19599915;322,0069275;328,9790808
56,94529925;-48,78448486;-45,91404724;321,7067261;328,608039
56,95523125;-49,12350464;-46,09622955;322,067627;329,0372888
56,96516225;-49,13418579;-46,03840637;321,4241943;328,4009984
56,97509425;-49,09707642;-46,28193665;321,918335;328,913294
56,98502525;-49,02301025;-46,20063019;321,9092102;328,8818836
56,99495725;-49,2515564;-46,43827057;322,105011;329,1411048
57,00488825;-49,04138184;-46,38749695;321,8673096;328,8699165
57,01482025;-49,09002686;-46,15300751;321,517334;328,5016391
57,02475125;-48,96313477;-46,09314728;321,3990784;328,3585454
57,03468225;-49,22424316;-46,17208862;321,5751953;328,5810313
57,04461425;-49,22424316;-46,17208862;321,5751953;328,5810313
57,05454525;-48,98580933;-45,93746948;321,9350586;328,8647785
57,06447725;-48,98477173;-45,8350296;321,6730652;328,5938506
57,07440825;-48,92297363;-45,92250824;321,3362427;328,2671396
57,08434025;-49,05310059;-45,95770264;321,6557312;328,6042095
57,09427125;-49,1293335;-45,74762726;321,4714661;328,4059078
57,10420225;-49,07846069;-45,7301712;321,5697327;328,4920651
57,11413425;-49,21316528;-45,7064743;322,0061035;328,9360852
57,12406525;-49,34057617;-45,79498291;321,303894;328,2801627
57,13399725;-49,22503662;-45,41436005;321,4908447;328,392953
57,14392825;-49,37136841;-45,65229797;321,3999634;328,3589511
57,15386025;-49,22543335;-45,80734253;321,6817017;328,6344064
57,16379125;-49,34509277;-45,72167969;321,3754578;328,3406692
57,17372225;-49,26571655;-45,47680664;321,5230103;328,4391829
57,18365425;-49,11218262;-45,72299194;321,6906128;328,614438
57,19358525;-49,1708374;-45,66677856;321,437439;328,3675579
57,20351725;-48,99099731;-45,84191132;321,5947876;328,5191106
57,21344825;-49,15658569;-45,70225525;321,4343262;328,3673128
57,22338025;-48,93112183;-45,84313965;321,4118958;328,3313187
57,23331125;-48,9197998;-45,91678619;321,612854;328,5366432
57,24324325;-49,04052734;-45,89471436;321,026001;327,9771203
57,25317425;-49,103302;-45,65914154;321,6639099;328,5780918
57,26310525;-49,12969971;-45,80089569;321,6365356;328,5749694
57,27303725;-48,97381592;-45,83223724;321,3748474;328,2998952
57,28296825;-49,25354004;-45,78905487;321,6628418;328,6176084
57,29290025;-49,43347168;-45,84609222;322,0675049;329,0486438
57,30283125;-49,24383545;-45,6753006;322,1274109;329,0550976
57,31276325;-49,01165771;-45,69195557;322,0162354;328,9138994
57,32269425;-49,19689941;-45,73499298;321,9728394;328,9050528
57,33262625;-49,10839844;-45,76756287;321,6571045;328,5872753
57,34255725;-48,97515869;-45,91484833;321,4347534;328,3702791
57,35248825;-48,98791504;-45,93405151;321,5465698;328,4843215
57,36242025;-49,11166382;-45,92435455;321,7244568;328,6755664
57,37235125;-49,04269409;-46,11463165;321,5741882;328,5448274
57,38228325;-48,95541382;-46,0489502;321,6650391;328,6115271
57,39221425;-49,1038208;-45,81955719;321,6112366;328,5489378
57,40214625;-49,16159058;-45,71609497;321,7508545;328,6798377
57,41207725;-49,10568237;-45,67796326;322,0048828;328,9148658
57,42200825;-49,30099487;-45,59773254;321,6452026;328,5808541
57,43194025;-49,12005615;-45,65828705;321,6305847;328,5478536
57,44187125;-49,13137817;-46,06149292;321,5403748;328,5175278
57,45180325;-49,2144165;-45,98638916;321,4799805;328,4603243
57,46173425;-48,97290039;-46,16066742;321,3302917;328,3021605
57,47166625;-49,39321899;-46,02253723;321,6992493;328,7068162
57,48159725;-49,11795044;-45,95554352;321,6466064;328,6046629
57,49152925;-49,33074951;-45,91755676;321,6057129;328,5912041
57,50146025;-49,09384155;-45,77671051;321,6341248;328,5638792
57,51139125;-49,13577271;-45,9699707;321,1890259;328,1614735
57,52132325;-49,07220459;-45,91499329;321,623291;328,569337
57,53125425;-48,86489868;-46,1131134;321,2032776;328,1550595
57,54118625;-48,89868164;-46,10202789;321,5002441;328,4492122
57,55111725;-48,98956299;-46,08142853;321,5339355;328,4928417
57,56104925;-48,90414429;-45,91986847;321,3447876;328,2723293
57,57098025;-49,08053589;-46,02805328;321,1081543;328,0821962
57,58091125;-49,00469971;-46,01490021;320,9100342;327,8751007
57,59084325;-49,08651733;-46,26795197;321,4904785;328,4910004
57,60077425;-49,09191895;-45,9989624;321,6089478;328,5699869
57,61070625;-49,22528076;-45,88826752;321,3478088;328,3188627
57,62063725;-48,86932373;-45,86288452;320,6743164;327,6028574
57,63056925;-49,09124756;-46,12192535;321,3669434;328,3502625
57,64050025;-49,15969849;-45,92502594;321,4803162;328,4438729
57,65043225;-49,37701416;-45,79647064;321,605835;328,581374
57,66036325;-49,20315552;-45,89479828;321,6752625;328,6369692
57,67029425;-49,31716919;-46,05499268;321,6729126;328,6741673
57,68022625;-49,28274536;-46,17171478;321,9282227;328,9352471
57,69015725;-49,28338623;-46,30685425;321,8493347;328,8771369
57,70008925;-49,11471558;-45,99977112;321,6598511;328,6233315
57,71002025;-49,14358521;-45,88146973;321,4415894;328,3974674
57,71995225;-48,89801025;-45,91404724;321,3701477;328,2954264
57,72988325;-49,07202148;-46,09250641;321,2961121;328,2739314
57,73981525;-48,90142822;-46,09545135;321,408905;328,3592919
57,74974625;-48,98202515;-46,17577362;321,3887329;328,3628458
57,75967725;-48,87261963;-46,13760376;321,4243469;328,3760378
57,76960925;-49,18945313;-46,1010437;321,3945313;328,3890273
57,77954025;-49,03170776;-46,02668762;321,6268921;328,5824433
57,78947225;-49,25634766;-45,8895874;321,5339355;328,5058808
57,79940325;-49,30786133;-45,5652771;321,5999451;328,5330795
57,80933525;-49,21289063;-45,48225403;321,6075439;328,5147734
57,81926625;-48,99813843;-45,63214874;321,0319824;327,9400011
57,82919725;-49,2175293;-45,81771851;321,1323242;328,0969341
57,83912925;-49,18081665;-45,70005035;321,0878601;328,0314943
57,84906025;-49,16244507;-45,86421967;321,4079285;328,3649329
57,85899308;-48,90432739;-45,69255829;321,2909546;328,1879349
57,86892408;-49,11694336;-46,05795288;321,0934143;328,0774144
57,87885608;-48,5546875;-45,84553528;321,2298584;328,0975354
57,88878708;-48,72946167;-46,026474;321,1726379;328,0927614
57,89871908;-48,60458374;-45,78408051;321,3019409;328,1669161
57,90865008;-48,65072632;-46,03678894;321,4452515;328,3494005
57,91858108;-49,02154541;-45,93109131;321,7930298;328,7301798
57,92851308;-49,20513916;-45,87849426;322,0854187;329,0364705
57,93844408;-49,06439209;-45,76328278;321,5424805;328,467897
57,94837608;-49,12243652;-45,90237427;321,6124268;328,5644454
57,95830708;-48,74813843;-45,76468658;321,7090454;328,5840797
57,96823908;-48,95721436;-46,09955597;321,9730225;328,9203628
57,97817008;-48,8739624;-45,94847107;321,5422668;328,4651512
57,98810208;-49,06793213;-45,88944244;321,3519287;328,299505
57,99803308;-48,82458496;-46,1114502;321,6456909;328,5818869
58,00796408;-49,15115356;-46,19711304;321,4847107;328,4850504
58,01789608;-48,82247925;-46,09421539;321,8978271;328,8259757
58,02782708;-49,09957886;-46,14328003;321,3669739;328,3545383
58,03775908;-48,9387207;-46,00991058;321,4164429;328,360229
58,04769008;-48,9387207;-46,00991058;321,4164429;328,360229
58,05762208;-49,21395874;-46,15805054;321,532135;328,5353759
58,06755308;-48,97589111;-45,88731384;321,2722168;328,2074356
58,07748408;-49,10177612;-45,98052216;321,3814697;328,3462226
58,08741608;-48,98770142;-45,52128601;321,2994385;328,184874
58,09734708;-49,06124878;-45,8844223;321,4718933;328,4152319
58,10727908;-48,9135437;-45,74512482;321,0386963;327,9496847
58,11721008;-49,20623779;-45,75332642;321,1767273;328,1297165
58,12714208;-49,16711426;-45,59581757;321,7290955;328,6426548
58,13707308;-49,32104492;-45,80286407;321,2443542;328,2200527
58,14700508;-48,91421509;-45,79969025;321,3723145;328,2839877
58,15693608;-49,07290649;-45,90297699;321,2904358;328,2419498
58,16686708;-48,77032471;-45,86568451;321,0994263;328,004645
58,17679908;-48,99890137;-45,94814301;320,8859253;327,8412744
58,18673008;-49,01422119;-45,6346283;320,9664917;327,8786391
58,19666208;-49,12390137;-46,01228333;321,2686157;328,2435245
58,20659308;-48,88183594;-46,02096558;321,1014099;328,0449338
58,21652508;-49,07241821;-46,01856995;320,911499;327,8871776
58,22645608;-48,94085693;-46,12453461;321,3040161;328,2665852
58,23638708;-49,30847168;-45,92928314;321,2919312;328,2823928
58,24631908;-48,95864868;-46,00167084;321,3071594;328,2550741
58,25625008;-48,98071289;-46,08642578;321,0285034;327,9975135
58,26618208;-48,91452026;-45,74339294;320,8712463;327,7856693
58,27611308;-49,17758179;-45,98140717;321,2056274;328,1855869
58,28604508;-48,74249268;-45,87779236;321,3141479;328,212407
58,29597608;-49,13214111;-45,84970093;321,22052;328,1749303
58,30590808;-49,06484985;-45,83338928;321,3262329;328,2660613
58,31583908;-49,01055908;-46,09615326;321,3521729;328,3201323
58,32577008;-49,07449341;-45,89916229;321,5290222;328,475191
58,33570208;-49,12756348;-45,72366333;321,0605164;328,0000397
58,34563308;-48,83932495;-45,77559662;321,0457153;327,9497465
58,35556508;-49,29690552;-45,89572906;321,2059937;328,1918543
58,36549608;-48,83081055;-45,83392334;320,9033203;327,817232
58,37542808;-48,99609375;-46,03102875;321,091156;328,0533543
58,38535908;-48,71032715;-45,88600159;320,9909363;327,8923639
58,39529008;-49,00369263;-45,79620361;320,7918396;327,7286355
58,40522208;-48,94961548;-45,8555603;320,5924377;327,5336752
58,41515308;-49,32736206;-45,77304077;320,5249023;327,5127065
58,42508508;-48,94030762;-45,61708069;321,0018311;327,8997519
58,43501608;-49,16259766;-45,810112;320,9263;327,8859824
58,44494808;-48,81829834;-45,60115051;321,1435547;328,0181
58,45487908;-48,92181396;-45,75624847;321,327301;328,2349959
58,46481108;-49,00140381;-45,74228668;321,3394165;328,2567821
58,47474208;-49,29190063;-45,68304443;321,1159973;328,073339
58,48467308;-48,822052;-45,71974945;321,1315613;328,0234258
58,49460508;-48,85321045;-46,08492279;321,2790527;328,2235305
58,50453608;-48,89736938;-45,78099823;321,4509888;328,3558903
58,51446808;-49,23028564;-45,69459534;321,3190308;328,2644309
58,52439908;-48,82623291;-45,82394409;321,2052612;328,1107354
58,53433108;-48,98434448;-45,84403229;321,4288025;328,3559294
58,54426208;-49,01074219;-45,99432373;321,1683044;328,1259064
58,55419408;-49,07888794;-46,05155182;321,3312378;328,3035898
58,56412508;-49,00021362;-45,70882416;321,3004761;328,2138228
58,57405608;-49,23065186;-46,1399765;320,9075928;327,9241339
58,58398808;-49,06265259;-46,03321838;321,0250854;327,9989429
58,59391908;-49,20898438;-46,17681122;321,0298462;328,0457044
58,60385108;-48,93701172;-45,96912384;320,8710632;327,8204244
58,61378208;-49,22769165;-45,92108154;321,4015808;328,3764418
58,62371408;-49,01885986;-45,90046692;321,5769653;328,5139968
58,63364508;-49,43536377;-46,00405121;321,3257446;328,3450351
58,64357608;-49,12863159;-45,79021454;321,1949463;328,1410668
58,65350808;-49,28033447;-45,74195862;321,0776367;328,042264
58,66343908;-48,87911987;-45,66468811;320,9845276;327,8803121
58,67337108;-48,96746826;-46,05284119;320,9633179;327,9270171
58,68330208;-48,86373901;-45,91748047;321,1279602;328,0537255
58,69323408;-49,2612915;-46,04396057;320,962738;327,9692064
58,70316508;-49,03311157;-45,94275665;320,8580627;327,8183633
58,71309708;-49,22613525;-46,289505;320,8047485;327,8438917
58,72302808;-48,75875854;-45,82736969;321,3706055;328,2630506
58,73295908;-49,09747314;-45,81878662;321,1090698;328,0563333
58,74289108;-48,96704102;-45,53676605;321,3145142;328,1986977
58,75282208;-48,99346924;-45,9028244;320,6967163;327,6489175
58,76275408;-48,69076538;-45,74999237;320,7369995;327,621848
58,77268508;-48,92416382;-46,02715302;321,0509644;328,0027353
58,78261708;-48,92541504;-46,01144409;320,7999878;327,7550631
58,79254808;-49,14355469;-46,21965027;321,0662842;328,0775882
58,80248008;-48,91680908;-45,97122192;320,8018188;327,7499267
58,81241108;-49,35238647;-45,87374878;321,2394409;328,2298543
58,82234208;-49,05255127;-45,77320862;320,9702454;327,9073616
58,83227408;-49,17834473;-46,14763641;320,8966064;327,9066117
58,84220508;-49,17877197;-45,81958008;321,1507263;328,1093942
58,85213683;-49,09249878;-45,91433716;321,0417786;328,0030844
58,86206783;-48,99542236;-45,8351593;320,5169678;327,4637993
58,87199983;-49,15640259;-45,83899689;320,7158813;327,6831428
58,88193083;-48,96722412;-45,53218842;320,7831726;327,6779105
58,89186183;-49,2567749;-46,0550766;320,4067993;327,4260481
58,90179383;-48,93447876;-45,66871643;320,449707;327,3655901
58,91172483;-49,15258789;-46,01064301;320,6139832;327,6069022
58,92165683;-49,11630249;-45,70438385;320,9371338;327,8748934
58,93158783;-49,17056274;-45,90470123;320,5776367;327,5591656
58,94151983;-49,13323975;-45,53756714;320,6186829;327,5424935
58,95145083;-49,22720337;-46,07169342;320,9578552;327,9632042
58,96138283;-48,95074463;-45,76824188;320,7200317;327,6465262
58,97131383;-49,08624268;-46,05805206;320,9015808;327,8850834
58,98124483;-48,96676636;-45,94062805;320,8337097;327,7843114
58,99117683;-49,00109863;-46,06154633;320,8197632;327,792761
59,00110783;-49,28997803;-45,81272888;321,0077515;327,9851895
59,01103983;-49,28683472;-46,15953827;321,1430664;328,1657571
59,02097083;-48,9602356;-45,9280014;321,1953125;328,1355128
59,03090283;-48,96893311;-46,28516388;320,9465027;327,9434866
59,04083383;-48,962677;-45,75398254;321,3619995;328,2747407
59,05076583;-48,962677;-45,75398254;321,3619995;328,2747407
59,06069683;-49,03024292;-46,2294693;321,1291504;328,1235435
59,07062783;-48,93869019;-45,81427002;320,6550903;327,5875909
59,08055983;-48,95178223;-46,05308533;320,9129944;327,8754544
59,09049083;-48,92788696;-45,67607117;320,5866089;327,4996418
59,10042283;-49,03845215;-46,05276489;320,7579041;327,736571
59,11035383;-48,94824219;-45,94020844;321,0718994;328,0146304
59,12028583;-48,97781372;-46,23952484;321,4270935;328,4087336
59,13021683;-48,93362427;-45,89720154;321,2527771;328,1834845
59,14014783;-49,09298706;-46,22199249;320,9816589;327,9875292
59,15007983;-49,14797974;-45,74351501;320,7885132;327,7396272
59,16001083;-49,34545898;-45,71487427;321,0261536;327,9978892
59,16994283;-48,88467407;-45,43307495;320,8983765;327,7646163
59,17987383;-49,03237915;-45,67345428;321,4197998;328,3305139
59,18980583;-49,04193115;-45,42327881;321,4249878;328,302312
59,19973683;-49,03115845;-45,90657806;320,714325;327,6723159
59,20966883;-49,1583252;-45,50711823;320,4157104;327,3433461
59,21959983;-49,07528687;-46,04063416;320,1401672;327,1358288
59,22953083;-49,10339355;-45,58420563;320,3849487;327,3157168
59,23946283;-49,31091309;-45,92589569;320,9857483;327,9826286
59,24939383;-49,19119263;-45,59922028;320,9408569;327,8751225
59,25932583;-49,23797607;-45,61386871;320,5737;327,5248088
59,26925683;-49,10638428;-45,43502045;320,4934082;327,4015925
59,27918883;-49,19812012;-46,03920746;321,0611267;328,0553471
59,28911983;-48,91870117;-45,73677826;320,7985229;327,7141812
59,29905183;-49,19174194;-46,02028656;320,9801636;327,9724983
59,30898283;-49,07540894;-45,76376343;320,8338928;327,7759976
59,31891383;-49,20483398;-46,03257751;320,9389343;327,9358374
59,32884583;-49,07983398;-45,61385345;321,0603027;327,9773951
59,33877683;-49,43167114;-46,00618744;321,2930603;328,3127929
59,34870883;-49,10400391;-45,73777771;321,1871338;328,1224199
59,35863983;-49,43161011;-45,98805237;321,1371765;328,1576925
59,36857183;-49,30999756;-45,80673981;321,4245605;328,3953127
59,37850283;-49,41616821;-46,30368042;321,0527954;328,1171832
59,38843383;-48,88772583;-46,10219574;321,1150513;328,0705691
59,39836583;-49,19366455;-46,33932495;321,2828979;328,3139506
59,40829683;-49,11114502;-45,86372375;321,2704163;328,2225862
59,41822883;-49,37728882;-46,15896606;321,4786072;328,507628
59,42815983;-49,2270813;-45,67789459;321,1780396;328,123618
59,43809183;-49,36672974;-46,21394348;321,0967712;328,1401211
59,44802283;-49,18569946;-45,91261292;321,5870361;328,5504875
59,45795483;-49,28186035;-46,1227951;321,6122131;328,6189733
59,46788583;-49,1282959;-45,8591156;320,7767944;327,7413611
59,47781683;-49,35733032;-46,22784424;321,1168213;328,1602849
59,48774883;-49,19842529;-46,03205872;321,2120972;328,2021433
59,49767983;-49,31256104;-46,25849152;321,3414917;328,3777261
59,50761183;-49,1255188;-45,80951691;321,418457;328,362076
63,82506354;-45,90515137;-50,54398346;429,7946167;435,184317
63,83499454;-45,97668457;-50,35237885;430,0680542;435,4397189
63,84492654;-46,05209351;-50,251091;430,1073303;435,4747789
63,85485754;-46,3805542;-50,09144592;430,2377014;435,6200047
63,86478954;-46,37799072;-49,76968384;429,867981;435,2176703
63,87472054;-46,62097168;-49,74990082;429,4437256;434,8223558
63,88465254;-46,34536743;-49,65013123;429,5487366;434,8852098
63,89458354;-46,23794556;-49,79460907;429,4136963;434,7569128
63,90451454;-46,07843018;-50,08796692;429,7557373;435,1115028
63,91444654;-45,81365967;-50,20581818;429,684021;435,0262906
63,92437754;-45,78671265;-50,00630951;429,479187;434,7981441
63,93430954;-45,81866455;-50,09175873;429,748291;435,0771517
63,94424054;-45,80371094;-50,0976944;430,0886536;435,4124583
63,95417154;-45,73181152;-50,15111542;429,8930969;435,2178854
63,96410354;-45,45684814;-50,07170105;429,5758667;434,8665606
63,97403454;-45,57513428;-50,03259277;429,9299316;435,2241943
63,98396654;-46,03909302;-49,70037842;430,1024475;435,4053755
63,99389754;-46,05831909;-50,06588745;429,9234009;435,2724348
64,00382954;-46,26800537;-49,52874756;429,9058228;435,2158563
64,01376054;-46,4786377;-49,5226059;430,3592834;435,6855117
64,02369154;-46,42510986;-49,66172028;430,0301819;435,3705716
64,03362354;-46,59597778;-49,81981659;430,1621094;435,5371851
64,04355454;-46,41235352;-49,85400391;430,3291626;435,6864887
64,05348654;-46,58108521;-50,12011719;430,2315674;435,6386406
64,06341754;-46,19512939;-50,27713013;430,2633057;435,6469809
64,07334954;-45,93685913;-50,45565796;430,8668823;436,2364482
64,08328054;-45,75222778;-50,6577301;430,8024902;436,176865
64,09321154;-45,63644409;-50,81054688;431,2764282;436,6506089
64,10314354;-45,7706604;-50,99758911;431,1408386;436,5525514
64,11307454;-45,64434814;-51,1545105;430,8478088;436,2682946
64,12300654;-45,41900635;-51,11359406;431,5143738;436,8983182
64,13293754;-45,67401123;-51,1348114;431,4986267;436,9118322
64,14286954;-45,86090088;-50,56257629;430,9050903;436,278573
64,15280054;-45,85134888;-50,50802612;431,0648193;436,4290153
64,16273154;-46,09378052;-50,31856537;430,706604;436,0788614
64,17266354;-46,43218994;-50,30153656;430,605835;436,0132773
64,18259454;-46,38320923;-49,8223877;430,2272949;435,5791521
64,19252654;-46,55999756;-49,91169739;429,7886353;435,1750015
64,20245754;-46,44345093;-49,80148315;429,227417;434,5956251
64,21238854;-46,71447754;-49,82325745;429,1342163;434,5351252
64,22232054;-46,55288696;-49,74879456;429,2746582;434,6479564
64,23225154;-46,36499023;-49,81190491;429,3251038;434,6849237
64,24218354;-46,31988525;-50,06554413;429,8550415;435,2326357
64,25211454;-46,02200317;-50,3290329;430,0319214;435,4061205
64,26204654;-45,95675659;-50,12656403;430,1754761;435,5176645
64,27197754;-45,87615967;-50,28246307;430,1854858;435,5370252
64,28190854;-45,65991211;-50,12147522;429,9047241;435,2184069
64,29184054;-45,59152222;-50,1306839;430,0220337;435,3281772
64,30177154;-45,5201416;-50,10116577;429,880188;435,1771893
64,31170354;-45,75674438;-50,29343414;430,0767212;435,4182992
64,32163454;-45,759552;-50,04804993;430,1825867;435,4948929
64,33156654;-46,0078125;-49,86363983;429,6930542;435,0163471
64,34149754;-45,95431519;-49,53380585;429,6954346;434,9753596
64,35142854;-45,92477417;-49,91851044;429,1290283;434,4567476
64,36136054;-45,98687744;-49,90135193;429,2237549;434,5549097
64,37129154;-46,07235718;-50,02367401;429,3650513;434,7175834
64,38122354;-45,9881897;-50,05321503;429,7235718;435,0661858
64,39115454;-46,12145996;-50,30373383;429,7859497;435,1707909
64,40108654;-45,81515503;-50,07605743;430,3326416;435,6521805
64,41101754;-45,99368286;-50,33146667;430,526825;435,8922142
64,42094854;-45,63635254;-50,323349;430,3771973;435,7059192
64,43088054;-45,86013794;-50,68458557;430,655304;436,0459497
64,44081154;-45,42050171;-50,92175293;430,866272;436,2359353
64,45074354;-45,64001465;-50,8180542;430,8242188;436,2052189
64,46067454;-45,57635498;-50,53259277;430,2460327;435,5943018
64,47060654;-45,85696411;-50,54733276;430,05896;435,4406998
64,48053754;-45,51504517;-50,33504486;430,5787659;435,8936908
64,49046854;-45,51504517;-50,33504486;430,5787659;435,8936908
64,50040054;-45,96905518;-50,3622818;430,2171326;435,5872985
64,51033154;-46,12380981;-50,19303131;430,1249695;435,4930948
64,52026354;-46,1711731;-50,05184174;429,8050537;435,1658859
64,53019454;-46,27478027;-49,60640717;429,5582275;434,882078
64,54012554;-46,4602356;-49,56561279;429,6702271;435,0078246
64,55005654;-46,1473999;-49,556427;429,6723938;434,9756177
64,55998754;-46,36990356;-49,80595398;429,7779236;435,1320083
64,56991954;-46,08837891;-49,62012482;429,5440674;434,8498606
64,57985054;-46,23080444;-49,97261047;429,8903809;435,2473879
64,58978254;-45,66842651;-49,93874359;429,8348083;435,1292288
64,59971354;-45,87841797;-49,98157501;429,7038269;435,0268566
64,60964454;-45,67941284;-50,29762268;429,9424438;435,2780314
64,61957654;-45,78430176;-50,50724792;429,8881226;435,2596723
64,62950754;-45,53109741;-50,25127411;430,1945801;435,5061976
64,63943954;-45,88446045;-50,55243683;430,2996216;435,6818758
64,64937054;-45,84103394;-50,22411346;430,4959717;435,833275
64,65930254;-46,11828613;-50,21969604;430,2107239;435,5802809
64,66923354;-45,97445679;-50,02003479;430,0684204;435,4015397
64,67916454;-46,31549072;-50,08742523;429,5003662;434,8843978
64,68909654;-46,13381958;-50,21434784;429,7310791;435,1075848
64,69902754;-46,38565063;-50,11114502;430,1557617;435,5418864
64,70895954;-46,32196045;-50,03799438;429,9726563;435,345851
64,71889054;-46,54244995;-50,0663681;430,4656372;435,8595022
64,72882154;-46,21896362;-49,84438324;430,6054382;435,9377233
64,73875354;-46,35177612;-50,12411499;430,7182617;436,0953279
64,74868454;-45,93972778;-50,03002167;430,6119995;435,9359538
64,75861654;-46,32443237;-50,2171402;430,4790649;435,8668828
64,76854754;-45,91143799;-50,42474365;430,8983154;436,2612442
64,77847954;-46,1267395;-50,69213867;430,8193054;436,2369115
64,78841054;-45,93353271;-50,21774292;430,5093384;435,8554824
64,79834154;-45,949646;-50,40983582;430,5613403;435,9307162
64,80827354;-45,64935303;-50,1407547;430,3883362;435,6972328
64,81820454;-45,77130127;-50,28889465;430,4107666;435,7492547
64,82813654;-45,76077271;-49,74398804;429,8762207;435,1575322
64,83806754;-45,94039917;-49,88247681;429,8669434;435,1831462
64,84799954;-45,97686768;-49,65257263;429,3598022;434,6597406
64,85793054;-46,26806641;-49,93573761;429,6901855;435,049385
64,86786154;-46,1925354;-49,42533875;429,4634399;434,7590835
64,87779354;-46,34454346;-49,4455719;429,864624;435,173846
64,88772454;-46,1098938;-49,579422;429,4489746;434,753566
64,89765654;-46,39825439;-49,65550995;429,5613098;434,903882
64,90758754;-45,9871521;-49,52352142;429,4747314;434,7596374
64,91751954;-46,06350708;-49,67827606;429,7518921;435,0591529
64,92745054;-45,74447632;-49,74015045;429,9159546;435,194632
64,93738154;-45,98498535;-50,17453003;430,4364624;435,7839493
64,94731354;-45,41748047;-50,24181366;430,7399902;436,0320247
64,95724454;-46,00259399;-50,29735565;430,2313843;435,5974135
64,96717654;-45,51745605;-50,14809418;430,4345703;435,7299502
64,97710754;-45,83718872;-50,09298706;430,4267578;435,7494109
64,98703954;-45,58013916;-49,99757385;430,3873291;435,672537
64,99697054;-46,06207275;-50,18920135;430,919281;436,2706697
65,00690154;-45,90408325;-50,1484375;430,6201782;435,9538835
65,01683354;-46,00430298;-50,33280182;430,7155151;436,0798571
65,02676454;-46,06478882;-50,00941467;430,4008179;435,7381901
65,03669654;-46,46002197;-50,08397675;430,5614014;435,9473119
65,04662754;-46,12677002;-49,89286041;430,1354675;435,4692835
65,05655854;-46,35415649;-50,28296661;429,9674683;435,3723789
65,06649054;-45,89746094;-50,02796936;430,065155;435,3911026
65,07642154;-46,17956543;-50,30010223;430,2764282;435,660943
65,08635354;-45,86486816;-49,92469788;430,5019531;435,8072891
65,09628454;-45,83169556;-50,32650757;430,4513245;435,8000051
65,10621654;-45,61077881;-50,37801361;429,9260254;435,2639139
65,11614754;-45,78240967;-50,36532593;430,1757202;435,5270891
65,12607854;-45,68395996;-50,3449173;430,0469055;435,3871563
65,13601054;-45,89285278;-50,42516327;429,6679993;435,0441824
65,14594154;-45,62460327;-50,12426758;430,1234436;435,4310776
65,15587354;-45,82073975;-50,1762085;429,9099121;435,2467399
65,16580454;-45,92962646;-49,76460266;429,8643188;435,1659211
65,17573654;-46,31390381;-49,85058594;429,6396484;434,9945817
65,18566754;-45,97689819;-49,5995636;429,2835693;434,5783874
65,19559854;-46,34371948;-49,67964935;429,2392273;434,5826989
65,20553054;-46,14022827;-49,69686127;429,5249634;434,8452516
65,21546154;-46,26116943;-49,78422546;429,3169556;434,662643
65,22539354;-46,16558838;-49,67198181;429,1766357;434,501038
65,23532454;-46,22744751;-49,81040955;429,4106445;434,7545922
65,24525654;-45,85037231;-49,86323547;430,1361084;435,4373326
65,25518754;-45,93432617;-50,43902588;429,5755615;434,9588724
65,26511854;-45,88891602;-50,27514648;429,7759399;435,1330159
65,27505054;-45,85446167;-50,68901062;430,1787109;435,5751724
65,28498154;-45,55786133;-50,40306854;430,0796204;435,4129854
65,29491354;-45,82879639;-50,6950531;430,0070801;435,4036701
65,30484454;-45,63751221;-50,36602783;429,9890747;435,327605
65,31477554;-46,08673096;-50,7108078;430,3269043;435,7485713
65,32470754;-45,82281494;-50,2073288;430,057373;435,3961993
65,33463854;-46,37078857;-50,39746094;429,6661987;435,0898717
65,34457054;-46,04785156;-50,37922668;429,7664185;435,1524394
65,35450154;-46,23571777;-50,3571701;430,0623474;435,4620636
65,36443354;-46,07626343;-49,76420593;429,8084106;435,1261519
65,37436454;-46,41351318;-50,02182007;429,8416138;435,224321
65,38429554;-46,12805176;-49,89014435;429,5898743;434,9302056
65,39422754;-46,29177856;-50,18340302;429,3753052;434,7694279
65,40415854;-46,03305054;-49,93623352;429,8579407;435,1902094
65,41409054;-46,05105591;-50,28691864;429,6703491;435,0472191
65,42402154;-45,80401611;-50,12110138;429,8032532;435,1332774
65,43395354;-45,95126343;-50,33132172;429,793457;435,1633903
65,44388454;-45,65872192;-50,0192337;429,9735718;435,2745284
65,45381554;-45,75436401;-50,36981201;429,9622192;435,3137831
65,46374754;-45,35507202;-50,24066925;429,7375793;435,0351647
65,47367854;-45,99072266;-50,43874359;429,5405884;434,9302593
65,48361054;-45,76019287;-49,81484985;429,6546021;434,9466537
65,49354154;-45,76019287;-49,81484985;429,6546021;434,9466537
65,50347254;-46,13272095;-50,21120453;429,5480042;434,9262936
65,51340454;-46,08413696;-49,74918365;429,9425659;435,2577845
65,52333554;-46,46911621;-50,12503052;430,0561523;435,4540063
65,53326754;-46,25393677;-49,71792603;429,7798462;435,1114972
65,54319854;-46,46463013;-50,01304626;429,96521;435,3508337
65,55313067;-46,31738281;-49,62845612;429,2329102;434,5678023
65,56306167;-46,33175659;-50,20067596;429,6924744;435,0889128
65,57299267;-46,23873901;-50,01107788;429,1619263;434,5331838
65,58292467;-46,09030151;-50,32609558;429,6604004;435,0460797
65,59285567;-45,96847534;-50,25217438;429,9138184;435,2749395
65,60278767;-45,77435303;-50,41429138;430,3938904;435,7473959
65,61271867;-45,6463623;-50,47099304;430,1210327;435,4710258
65,62265067;-45,71511841;-51,00925446;430,0091248;435,4304347
65,63258167;-45,54641724;-50,45880127;429,9433289;435,2836234
65,64251267;-45,73410034;-50,77910614;429,6351929;435,0362336
65,65244467;-45,69573975;-50,30641937;429,6781616;435,0197226
65,66237567;-46,00198364;-50,39039612;429,7761536;435,1584961
65,67230767;-45,86135864;-50,11131287;429,6097412;434,9470515
65,68223867;-46,10165405;-50,33851624;429,5171204;434,9072147
65,69217067;-46,06195068;-49,90113831;429,907196;435,2378937
65,70210167;-46,10784912;-50,13323212;429,8695068;435,2321997
65,71203267;-46,14651489;-49,88594055;429,9525757;435,2899324
65,72196467;-46,07330322;-50,18048096;429,9268188;435,290592
65,73189567;-45,82772827;-49,76233673;429,9907532;435,2798165
65,74182767;-46,07897949;-50,25289154;429,5206909;434,8984357
65,75175867;-45,97900391;-49,91697693;429,8851318;435,2091451
65,76169067;-46,02365112;-50,19867706;429,487915;434,8539442
65,77162167;-45,65548706;-49,95045471;429,5907593;434,8881372
65,78155267;-45,88806152;-50,34043121;429,2770386;434,6477298
65,79148467;-45,74765015;-49,99937439;429,1075439;434,4261378
65,80141567;-45,86062622;-50,30044556;429,2537231;434,6171772
65,81134767;-45,75317383;-50,06509399;429,2077026;434,5332192
65,82127867;-45,92837524;-50,46274567;429,3475952;434,735853
65,83120967;-45,75552368;-50,29055786;429,3998413;434,7492747
65,84114167;-45,9604187;-50,31071472;429,2944946;434,6691745
65,85107267;-45,91586304;-49,89434052;429,2545776;434,5770405
65,86100467;-46,08499146;-50,25801849;429,531189;434,9100334
65,87093567;-45,94006348;-49,8261795;429,3754883;434,6912094
65,88086767;-46,24230957;-50,33236694;429,3604126;434,7666757
65,89079867;-46,12149048;-49,79867554;429,5662842;434,895726
65,90072967;-46,33276367;-50,22322845;430,0670166;435,4615212
65,91066167;-45,96722412;-50,12277985;429,8157654;435,1630395
65,92059267;-46,14633179;-50,58601379;429,8554077;435,2747411
65,93052467;-45,9130249;-50,21707153;429,9677124;435,3182673
65,94045567;-46,21994019;-50,38052368;430,4230042;435,8192774
65,95038767;-45,94195557;-50,09873199;429,7123413;435,0554476
65,96031867;-46,15884399;-50,72128296;430,0448914;435,4789272
65,97024967;-45,8253479;-50,31136322;430,197998;435,5473721
65,98018167;-46,01907349;-50,68888092;430,6701965;436,0779012
65,99011267;-45,7074585;-50,28397369;430,2175293;435,5511133
66,00004467;-46,24591064;-50,09831238;430,0609741;435,4319311
66,00997567;-46,24124146;-49,53565216;429,949585;435,2570262
66,01990767;-46,36877441;-50,13176727;429,9388428;435,3282277
66,02983867;-46,39160156;-49,49623871;429,1244507;434,4535102
66,03976967;-46,46566772;-50,27663422;428,8854675;434,3150268
66,04970167;-46,2956543;-49,54953003;428,8579102;434,1860784
66,05963267;-46,51776123;-50,12479401;428,8114624;434,2299706
66,06956467;-46,34527588;-49,45270538;428,8118896;434,1348769
66,07949567;-46,31967163;-49,95644379;429,3074951;434,6792882
66,08942667;-46,10025024;-49,81520081;429,7219543;435,0491298
66,09935867;-46,05865479;-50,17475891;429,3795776;434,7478899
66,10928967;-45,89468384;-49,98684692;429,4731445;434,801321
66,11922167;-45,98739624;-50,32550049;429,7275391;435,1014301
66,12915267;-45,73873901;-49,85188293;429,4103394;434,7073522
66,13908467;-46,11352539;-50,23209381;429,4879761;434,8673845
66,14901567;-46,00302124;-49,75673676;429,3538208;434,6685108
66,15894667;-46,21697998;-50,02883148;429,4926147;434,8595168
66,16887867;-45,86447144;-49,85192871;429,3967285;434,70716
66,17880967;-46,15530396;-50,31311035;429,9089661;435,2969564
66,18874167;-46,04525757;-49,79058838;429,925415;435,2414628
66,19867267;-46,47592163;-50,09388733;430,061676;435,4566041
66,20860467;-46,09747314;-49,7405777;429,7733459;435,0910606
66,21853567;-46,17944336;-50,21711731;429,7713013;435,152469
66,22846667;-46,11227417;-50,06783295;429,6772461;435,0352463
66,23839867;-46,1312561;-50,45969391;429,5200806;434,9273193
66,24832967;-45,85366821;-50,06898499;429,4336853;434,7674691
66,25826167;-46,25152588;-50,45342255;429,8404236;435,2557194
66,26819267;-45,86105347;-50,13035583;429,7888489;435,1261236
66,27812367;-45,97372437;-50,62181091;429,9103088;435,314857
66,28805567;-45,73999023;-50,48736572;429,6261597;434,9939745
66,29798667;-45,95211792;-50,41983032;429,4766235;434,8608129
66,30791867;-45,65304565;-50,15911865;429,3699646;434,6938052
66,31784967;-45,89227295;-50,42299652;429,3605042;434,7401774
66,32778167;-45,71496582;-49,92749786;429,3083496;434,6127842
66,33771267;-46,0473938;-50,19989777;429,1324463;434,505522
66,34764367;-45,93652344;-49,73645782;429,1539612;434,461738
66,35757567;-46,06658936;-50,11191559;428,8043823;434,1733905
66,36750667;-45,97906494;-49,79785919;428,7858276;434,1096488
66,37743867;-46,00228882;-50,09221649;428,8552856;434,2145746
66,38736967;-45,87789917;-49,40083313;428,2890015;433,5627898
66,39730167;-45,77770996;-50,2674942;429,0999146;434,452709
66,40723267;-45,75054932;-49,83760071;429,0302429;434,3314961
66,41716367;-45,92770386;-50,29556274;429,5961609;434,9619053
66,42709567;-45,67810059;-50,06698608;429,2318726;434,5494131
66,43702667;-45,93167114;-50,31328583;429,3933716;434,7640886
66,44695867;-45,62808228;-50,09741211;429,135437;434,4524092
66,45688967;-45,73181152;-50,44979858;429,325592;434,6918963
66,46682067;-45,4538269;-50,04869843;429,5849304;434,8725503
66,47675267;-45,73568726;-50,3420105;429,4375;434,7903374
66,48668367;-45,5949707;-49,99207306;429,7434387;435,0373913
66,49661567;-45,5949707;-49,99207306;429,7434387;435,0373913
66,50654667;-45,73788452;-50,17779541;429,8006592;435,130293
66,51647867;-45,70431519;-49,98074341;429,7244263;435,0287826
66,52640967;-45,94836426;-50,3695755;430,1933594;435,5624786
66,53634067;-45,79785156;-49,81199646;429,914917;435,207438
66,54627267;-45,9369812;-50,1989975;429,4971924;434,8539799
66,55620379;-45,92581177;-49,93042755;429,7561035;435,077621
66,56613579;-46,03369141;-50,28501129;429,9899902;435,3608559
66,57606679;-45,89251709;-50,12128448;429,9073486;435,2454419
66,58599879;-46,01681519;-50,51080322;429,8778687;435,2744772
66,59592979;-45,74884033;-50,10813904;429,4143372;434,7418256
66,60586079;-45,87979126;-50,31999207;429,4331055;434,7986303
66,61579279;-45,60348511;-49,945755;429,3399048;434,6343407
66,62572379;-45,89605713;-50,46969604;429,4050903;434,7900296
66,63565579;-45,85098267;-49,88841248;429,2347412;434,5499159
66,64558679;-45,96694946;-50,50402832;429,0987854;434,4990045
66,65551779;-45,75030518;-50,13600922;429,4417114;434,7722316
66,66544979;-45,8067627;-50,22941589;429,3544922;434,7028108
66,67538079;-45,89602661;-50,00685883;429,2940063;434,6268228
66,68531279;-46,04483032;-50,04238129;429,2052612;434,5589978
66,69524379;-45,9598999;-49,71640015;429,3017578;434,6079062
66,70517579;-45,99710083;-49,70674133;429,453125;434,7602558
66,71510679;-45,972229;-49,56365204;428,9262695;434,2208495
66,72503779;-46,32940674;-49,77961731;429,2495728;434,6028301
66,73496979;-46,10812378;-49,63309479;428,9443054;434,2610048
66,74490079;-46,01895142;-49,78516388;429,0523987;434,3757213
66,75483279;-46,06747437;-49,83508301;429,2315063;434,5634979
66,76476379;-46,17858887;-50,09944916;429,3013916;434,6747079
66,77469579;-45,98934937;-50,139534;429,0421143;434,4031871
66,78462679;-46,03656006;-50,23575592;429,319519;434,6932775
66,79455779;-45,80993652;-50,03846741;429,6936035;435,0160818
66,80448979;-45,68572998;-50,24758911;429,5342407;434,8697162
66,81442079;-45,76196289;-50,01409149;429,1951294;434,5158521
66,82435279;-45,84262085;-50,19689178;429,5978699;434,9432189
66,83428379;-45,84832764;-50,11975098;429,3160095;434,6565249
66,84421579;-45,89080811;-50,07444763;429,7163086;435,0511722
66,85414679;-45,76266479;-50,10210419;429,52948;434,8563171
66,86407779;-46,00253296;-50,23600769;429,7702332;435,1348559
66,87400979;-46,02035522;-50,14229584;429,6393127;434,996623
66,88394079;-46,10604858;-50,13601685;429,7633057;435,1274374
66,89387279;-46,10714722;-49,85613251;429,4657593;434,8014965
66,90380379;-45,98962402;-50,0056076;429,1227417;434,4674139
66,91373479;-46,00408936;-49,91072845;429,1641541;434,4989392
66,92366679;-46,12255859;-50,0061264;429,2420044;434,5993574
66,93359779;-45,88497925;-49,76281738;429,287323;434,5910434
66,94352979;-45,8324585;-50,07307434;429,3955688;434,7280547
66,95346079;-45,83126831;-49,88568878;429,3264465;434,6381078
66,96339279;-45,93057251;-50,05046844;429,1583252;434,5014787
66,97332379;-45,88726807;-50,02251434;428,6549683;433,9965151
66,98325479;-46,00872803;-49,88130188;428,4486084;433,7893007
66,99318679;-45,9750061;-49,92704773;428,8323975;434,1700547
67,00311779;-46,0425415;-50,01030731;428,9450073;434,2980149
67,01304979;-45,91577148;-49,87738037;428,6170349;433,945358
67,02298079;-46,15356445;-49,68637848;429,164856;434,4897712
67,03291179;-46,23638916;-49,77094269;428,9010925;434,2477376
67,04284379;-46,25018311;-49,9034729;429,1506348;434,5108783
67,05277479;-46,15673828;-49,63916016;428,6451416;433,9713679
67,06270679;-46,20004272;-49,75772095;428,9057617;434,2469657
67,07263779;-46,07885742;-49,8494873;428,7461548;434,0869702
67,08256979;-46,08895874;-49,96033478;429,0321655;434,3832711
67,09250079;-46,06060791;-49,85952759;429,2203369;434,5545417
67,10243179;-45,9074707;-50,16545105;429,4331665;434,7837541
67,11236379;-46,05041504;-50,24168396;429,4332886;434,807793
67,12229479;-45,89846802;-50,35635376;429,4696655;434,8409196
67,13222679;-45,8949585;-50,37300873;429,4855347;434,8581513
67,14215779;-45,70172119;-50,41278839;429,4209595;434,7786299
67,15208979;-45,8097229;-50,41584778;429,4462585;434,8153371
67,16202079;-45,70700073;-50,30509186;429,4460144;434,7914574
67,17195179;-46,04681396;-50,20793152;428,931427;434,3078569
67,18188379;-45,98526001;-50,04382324;428,9342957;434,285227
67,19181479;-45,95300293;-50,07265472;429,2010193;434,5485752
67,20174679;-46,04968262;-49,95913696;428,8999023;434,2483332
67,21167779;-46,05187988;-49,89562225;429,3348694;434,6708856
67,22160979;-46,20358276;-49,90253448;429,4256592;434,7774497
67,23154079;-46,14309692;-49,96553802;429,3267517;434,6805725
67,24147179;-45,86053467;-49,86565399;429,8545532;435,1605554
67,25140379;-45,89587402;-49,91698456;429,3127441;434,6349835
67,26133479;-45,97817993;-49,84301758;429,4574585;434,7781366
67,27126679;-46,00698853;-49,88438416;428,9973755;434,3314897
67,28119779;-45,7677002;-49,76795959;429,5665283;434,8550729
67,29112879;-45,84805298;-49,80370331;429,7597961;435,0585423
67,30106079;-45,70834351;-49,79764557;429,5122681;434,7986276
67,31099179;-45,99050903;-49,86342621;429,0710754;434,4001335
67,32092379;-45,88088989;-49,90497589;429,2524719;434,572488
67,33085479;-45,87356567;-49,83683014;429,2483826;434,559855
67,34078679;-45,91616821;-49,67492676;429,2808838;434,5779217
67,35071779;-45,96768188;-49,6557312;429,2557373;434,556334
67,36064879;-46,09344482;-49,47618103;429,5909424;434,8803007
67,37058079;-46,00436401;-49,84545135;429,5263672;434,8492505
67,38051179;-46,05181885;-49,80070496;429,3876343;434,7121124
67,39044379;-46,1300354;-50,00473785;429,3730164;434,7293884
67,40037479;-46,10046387;-49,91330719;429,5586243;434,8990718
67,41030679;-45,99642944;-49,96321869;429,7956543;435,1279113
67,42023779;-45,97317505;-49,83441162;429,461853;434,7809616
67,43016879;-45,96859741;-49,8951416;429,3671265;434,6938766
67,44010079;-45,77871704;-50,00687408;429,4139404;434,7329187
67,45003179;-45,96600342;-50,22272491;429,4338074;434,7971832
67,45996379;-45,70019531;-50,08429718;429,5726929;434,8903806
67,46989479;-45,79675293;-50,14450836;429,4089355;434,7457282
67,47982579;-45,84927368;-50,21325684;429,6680298;435,0151065
67,48975779;-45,88067627;-50,30447388;429,2851563;434,6508046
67,49968879;-45,88067627;-50,30447388;429,2851563;434,6508046
67,50962079;-45,73736572;-50,04548645;429,0789795;434,4021501
67,51955179;-45,81362915;-49,98457336;428,9257813;434,2518532
67,52948379;-45,86254883;-50,0016861;429,1627808;434,4930775
67,53941479;-45,85626221;-50,02346039;429,2424316;434,5735939
67,54934579;-45,83425903;-50,01251221;429,2918701;434,618845
67,55927742;-45,99557495;-50,00061798;429,0579224;434,4034478
67,56920842;-45,84381104;-49,87112427;429,0551453;434,3697753
67,57914042;-46,11026001;-49,96555328;429,2418213;434,5932049
67,58907142;-45,98754883;-50,07836151;428,9785156;434,3331254
67,59900342;-46,04656982;-50,06786346;429,0453186;434,404147
67,60893442;-45,76760864;-49,62538147;428,9909058;434,2701345
67,61886542;-45,88601685;-49,71327209;428,9507141;434,2529805
67,62879742;-45,67297363;-49,85429382;429,0496826;434,34445
67,63872842;-45,87054443;-49,9938736;429,2336426;434,5630152
67,64866042;-45,59838867;-49,84457397;429,2246094;434,5082967
67,65859142;-45,88470459;-49,8730011;429,4000854;434,7150282
67,66852242;-45,85665894;-50,01189423;429,469696;434,7967831
67,67845442;-46,08346558;-49,97449493;429,317627;434,6662637
67,68838542;-45,94506836;-49,9352417;428,8869019;434,2216626
67,69831742;-46,16494751;-49,84768677;428,8817444;434,2298296
67,70824842;-46,05728149;-49,82092285;429,5630188;434,8882439
67,71818042;-46,1005249;-50,13193512;429,5804138;434,9457452
67,72811142;-45,96032715;-49,99575806;429,1896667;434,5292827
67,73804242;-46,13223267;-50,13115692;429,3305664;434,7022556
67,74797442;-46,00570679;-49,91090393;429,3900757;434,7222797
67,75790542;-46,08145142;-49,97497559;430,0049744;435,3450084
67,76783742;-45,75869751;-49,90930939;429,3534546;434,6598515
67,77776842;-45,88171387;-50,04363251;429,3904419;434,7247962
67,78770042;-45,70233154;-50,20265961;429,5557861;434,8875528
67,79763142;-45,85842896;-50,34410095;429,9202271;435,280284
67,80756242;-45,80325317;-50,11551666;429,5611572;434,8934247
67,81749442;-45,92602539;-50,36268616;429,4437561;434,8189734
67,82742542;-45,67828369;-50,13430786;428,9980469;434,3262353
67,83735742;-45,79614258;-50,27103424;429,6246338;434,9733205
67,84728842;-45,57723999;-49,99458313;429,3947144;434,6913432
67,85722042;-45,76473999;-50,05725861;429,0525818;434,3803155
67,86715142;-45,64749146;-49,88269806;429,1746216;434,4684486
67,87708242;-46,10345459;-50,02022552;428,5789795;433,9441129
67,88701442;-45,98672485;-50,05587769;428,7908325;434,1450769
67,89694542;-46,23684692;-49,90052795;428,9836426;434,3441888
67,90687742;-45,92977905;-50,08389282;429,3330994;434,6778705
67,91680842;-45,90658569;-49,91596985;429,2868042;434,610376
67,92673942;-45,7545166;-50,06070709;429,0426025;434,3697791
67,93667142;-45,81384277;-49,87430573;429,036499;434,3485606
67,94660242;-45,7953186;-49,72335815;429,0523071;434,3449157
67,95653442;-46,08129883;-49,98072052;429,1960754;434,5466945
67,96646542;-45,62353516;-50,12184143;429,1281738;434,4475751
67,97639742;-45,82217407;-50,13004303;429,0542297;434,3963915
67,98632842;-45,92944336;-49,83998108;429,2250977;434,5431186
67,99625942;-46,22067261;-50,01554871;429,4837036;434,8495802
68,00619142;-45,8972168;-49,89629364;429,7055969;435,020798
68,01612242;-45,91110229;-49,94372559;429,6607056;434,983364
68,02605442;-45,85842896;-49,85919952;429,6166382;434,9245809
68,03598542;-45,81295776;-50,22754669;429,9136658;435,2555497
68,04591742;-45,73446655;-49,94989777;429,7203979;435,0244294
68,05584842;-46,13912964;-49,79611206;429,8675842;435,1949127
68,06577942;-45,92114258;-49,8347702;429,8546753;435,1635296
68,07571142;-46,38104248;-49,89378357;429,8407593;435,2053183
68,08564242;-46,0625;-49,85852814;430,0993042;435,4228269
68,09557442;-46,07192993;-50,08557892;429,7626953;435,117412
68,10550542;-45,85629272;-50,20256805;429,7791748;435,124392
68,11543642;-45,81723022;-50,41500092;429,8208008;435,1859507
68,12536842;-45,64990234;-50,040802;429,5856628;434,8929031
68,13529942;-46,07275391;-49,97216797;429,1709595;434,519998
68,14523142;-45,74661255;-49,93560791;429,2381592;434,5477129
68,15516242;-46,25680542;-49,94261169;429,3080139;434,6715166
68,16509442;-45,93261719;-50,03078461;429,4459534;434,7835227
68,17502542;-46,11883545;-50,1505661;428,6682129;434,0489178
68,18495642;-45,86053467;-49,82116699;428,7318726;434,0464904
68,19488842;-46,11816406;-50,00884247;429,3737183;434,7292943
68,20481942;-45,82714844;-49,95765686;429,5649719;434,8815472
68,21475142;-46,15472412;-49,91517639;429,2958069;434,6454569
68,22468242;-45,95358276;-50,00701904;429,2702942;434,609502
68,23461442;-46,2359314;-49,72167206;429,1798096;434,5173356
68,24454542;-45,82226563;-49,56887054;429,1696167;434,4459838
68,25447642;-46,00942993;-49,88561249;429,002655;434,3371041
68,26440842;-45,96395874;-49,72796631;428,7952881;434,1093816
68,27433942;-46,33496094;-49,78048706;428,8469238;434,2058378
68,28427142;-45,88327026;-49,49256897;428,8623352;434,1401749
68,29420242;-46,11398315;-49,89298248;428,9610596;434,307955
68,30413342;-45,77944946;-50,01025391;429,1973572;434,5194528
68,31406542;-46,10012817;-50,23429871;428,9487305;434,3336505
68,32399642;-45,92404175;-49,9773941;428,8587952;434,1965266
68,33392842;-46,1680603;-49,9611969;429,2098999;434,5673126
68,34385942;-45,90032959;-49,89293671;429,1408997;434,4629526
68,35379142;-46,26074219;-49,85396576;429,0598145;434,4166186
68,36372242;-45,99624634;-49,56395721;429,2786255;434,5714887
68,37365342;-46,08700562;-49,89170074;428,9844971;434,3280933
68,38358542;-45,8274231;-49,90313721;429,2597046;434,5737795
68,39351642;-46,11279297;-50,13491821;429,5770569;434,944074
68,40344842;-45,97045898;-49,86508179;429,3404236;434,6642484
68,41337942;-46,31051636;-49,99539948;429,1795349;434,5564142
68,42331042;-46,12606812;-49,80944824;429,2925415;434,6270602
68,43324242;-46,14590454;-50,23246002;429,4594116;434,8426506
68,44317342;-45,83129883;-49,86061859;429,4921265;434,7988914
68,45310542;-46,22399902;-49,86584473;429,4864807;434,8354835
68,46303642;-45,76272583;-49,85790253;428,6625671;433,9719276
68,47296842;-46,00778198;-50,1524353;428,8569336;434,2237353
68,48289942;-45,74642944;-49,74108124;428,7782593;434,0710847
68,49283042;-46,09716797;-50,19542694;428,8537292;434,235018
68,50276242;-46,09716797;-50,19542694;428,8537292;434,235018
68,51269342;-45,74865723;-49,86133575;428,6031494;433,9121479
68,52262542;-46,04248047;-49,76589966;428,6724548;434,0007239
68,53255642;-45,93322754;-49,84322357;428,930542;434,2529426
68,54248842;-46,2281189;-50,06573486;428,6850891;434,0674169
68,55241917;-45,82443237;-49,6822052;428,6896362;433,9850278
68,56235017;-46,12039185;-49,85326385;428,7018433;434,048049
68,57228217;-45,95126343;-49,46733856;429,0455322;434,3254597
68,58221317;-46,28991699;-49,82377625;428,9584961;434,3161941
68,59214517;-45,89974976;-49,67982483;429,1927795;434,4897168
68,60207617;-46,10586548;-49,92350006;429,2658081;434,6115975
68,61200817;-46,0788269;-50,01811218;429,0592041;434,4155504
68,62193917;-46,3192749;-49,95010376;429,2564087;434,6280623
68,63187017;-46,10186768;-49,68550873;429,4257813;434,7419161
68,64180217;-46,23370361;-49,97103882;429,3452454;434,7090979
68,65173317;-46,12573242;-49,94586182;429,1633301;434,5150586
68,66166517;-46,28317261;-50,11591339;429,0918579;434,4807929
68,67159617;-46,21560669;-49,70066071;429,2171021;434,5496044
68,68152717;-46,20092773;-49,94415283;428,7741699;434,1384951
68,69145917;-46,04495239;-49,81774902;428,892395;434,2241728
68,70139017;-46,144104;-50,12413025;428,7104797;434,0902927
68,71132217;-46,07556152;-49,69616699;428,5614014;433,8865533
68,72125317;-46,18466187;-49,88202667;428,7821045;434,1374583
68,73118517;-46,32476807;-49,82064819;428,942627;434,3038779
68,74111617;-46,34667969;-50,30526733;429,124939;434,5421129
68,75104717;-46,30938721;-49,92936707;429,1049805;434,4750687
68,76097917;-46,14428711;-50,02760315;428,7711182;434,1390654
68,77091017;-46,20275879;-49,57408142;428,5012207;433,8266712
68,78084217;-46,19061279;-49,93045044;428,3675537;433,7342316
68,79077317;-45,98272705;-49,67810059;428,2778931;433,5946016
68,80070517;-46,10595703;-50,10881805;428,5872192;433,9627374
68,81063617;-45,93026733;-49,91579437;428,6950989;434,0284136
68,82056717;-45,83602905;-50,07264709;428,484375;433,8283891
68,83049917;-46,01956177;-49,73567963;428,6334229;433,9562755
68,84043017;-46,19961548;-49,99571228;428,5724792;433,9450952
68,85036217;-45,98641968;-49,88247681;428,4147339;433,7536127
68,86029317;-46,14031982;-50,16017151;428,6724243;434,0564702
68,87022417;-46,0015564;-49,68479919;428,6958618;434,0102123
68,88015617;-46,21566772;-49,98222351;428,3053284;433,6814095
68,89008717;-46,16635132;-49,91290283;428,3733521;433,7353555
68,90001917;-46,06323242;-49,91737366;428,6188965;433,9674227
68,90995017;-45,9564209;-49,60103607;428,3713684;433,6753217
68,91988217;-46,04318237;-49,78505707;428,6804199;434,0108627
68,92981317;-45,73632813;-49,51197052;428,3601074;433,6307514
68,93974417;-45,78347778;-49,95005035;428,543457;433,8670637
68,94967617;-45,78588867;-49,63961792;428,7040405;433,9903151
68,95960717;-46,0491333;-50,14351654;428,6408997;434,0137276
68,96953917;-45,74746704;-50,05006409;428,8569031;434,1843882
68,97947017;-46,13369751;-50,3789978;428,939209;434,3445711
68,98940217;-46,09976196;-50,00276184;429,031311;434,3884553
68,99933317;-46,17221069;-50,06941223;428,6370239;434,0144207
69,00926417;-45,92831421;-49,70037079;428,163147;433,4780471
69,01919617;-45,99124146;-50,2368927;428,5776367;433,9559083
69,02912717;-45,96655273;-49,55568695;428,6408691;433,9374203
69,03905917;-45,96414185;-49,95834351;428,9906006;434,3287624
69,04899017;-45,88848877;-49,93739319;428,9474792;434,275761
69,05892117;-46,07546997;-49,92754364;428,4122314;433,7657762
69,06885317;-45,85406494;-49,61153412;428,7314758;434,0214026
69,07878417;-45,98388672;-50,22316742;428,4576111;433,8350019
69,08871617;-45,79589844;-49,78045654;428,2573242;433,5662509
69,09864717;-46,02267456;-50,13553619;428,1886597;433,5633597
69,10857917;-45,86148071;-49,62153625;428,0708008;433,3707221
69,11851017;-45,94433594;-49,96348572;428,1329651;433,4801814
69,12844117;-45,77426147;-49,80702209;427,8981323;433,2122276
69,13837317;-45,9864502;-50,0782547;428,1456299;433,5103985
69,14830417;-45,84579468;-49,79715729;428,4732971;433,786768
69,15823617;-45,92712402;-50,16139221;428,3751831;433,7404333
69,16816717;-45,86682129;-49,799263;428,3300171;433,6477089
69,17809917;-46,05444336;-50,03657532;428,4549561;433,818303
69,18803017;-45,74179077;-49,74443817;428,7042236;433,9978478
69,19796117;-45,7951355;-49,9458847;428,8099365;434,1310257
69,20789317;-45,67871094;-49,62269592;428,7659302;434,0382235
69,21782417;-46,00500488;-50,24107361;428,5209656;433,9018828
69,22775617;-45,87380981;-49,6354599;428,2973022;433,5973529
69,23768717;-46,02911377;-50,13446045;428,7634888;434,1316307
69,24761817;-45,70407104;-49,72847748;428,6885071;433,9765197
69,25755017;-45,94036865;-50,10928345;428,7629089;434,1187508
69,26748117;-45,70996094;-50,08251953;428,7337036;434,0624931
69,27741317;-45,82513428;-50,51464844;428,9133606;434,3021339
69,28734417;-45,69781494;-50,08692932;428,6112976;433,9408199
69,29727617;-46,18029785;-50,21382141;428,338562;433,7372148
69,30720717;-45,67428589;-49,85020447;428,7154846;434,0139975
69,31713817;-45,9552002;-50,32445526;428,775177;434,1573259
69,32707017;-45,85037231;-50,07739258;428,4620667;433,8084191
69,33700117;-45,87011719;-50,57077789;428,7338867;434,1361732
69,34693317;-45,70346069;-49,99259186;428,4272766;433,7487716
69,35686417;-45,9331665;-50,14318085;428,5560303;433,9175791
69,36679617;-45,88687134;-49,57984161;428,6856689;433,9759998
69,37672717;-45,96469116;-50,24397278;429,1435547;434,5128308
69,38665817;-45,89358521;-49,75195313;428,739563;434,049641
69,39659017;-46,17364502;-50,17333984;428,5164185;433,9074676
69,40652117;-45,90887451;-49,53290558;428,5578613;433,8467172
69,41645317;-46,08938599;-49,89199066;428,0145264;433,3703693
69,42638417;-45,86566162;-49,73544312;428,2755127;433,5864251
69,43631517;-46,16720581;-50,11135101;428,2798462;433,6659833
69,44624717;-45,80908203;-49,87939453;428,1640625;433,4868976
69,45617817;-45,88461304;-50,23023224;428,2421265;433,6124915
69,46611017;-45,81118774;-49,66897583;428,394989;433,6910637
69,47604117;-46,15585327;-50,12112427;428,3516541;433,7368205
69,48597317;-45,77487183;-49,6543808;428,2768555;433,5688658
69,49590417;-45,77487183;-49,6543808;428,2768555;433,5688658
69,50583517;-46,03573608;-50,18557739;428,3646545;433,7443469
69,51576717;-45,89596558;-49,97964478;428,6470947;433,984719
69,52569817;-46,01895142;-50,12995148;428,3393555;433,7111474
69,53563017;-45,96578979;-49,8475647;428,4713135;433,8032964
69,54556117;-46,03210449;-50,277771;428,7518311;434,1370078
69,55549408;-45,73095703;-49,9286499;428,3263245;433,6445904
69,56542508;-46,14389038;-50,2438736;428,6441956;434,0386525
69,57535608;-45,82962036;-49,91303253;428,3250732;433,6519725
69,58528808;-46,21615601;-50,15392303;428,6809082;434,0721946
69,59521908;-46,06652832;-50,10514832;428,7008057;434,0703073
69,60515108;-46,03378296;-50,33415222;428,8699951;434,2604158
69,61508208;-45,85256958;-49,7512207;428,3731384;433,6832805
69,62501408;-45,98217773;-50,14704895;428,6670837;434,0328972
69,63494508;-45,67202759;-49,57231903;428,2404785;433,5126946
69,64487608;-45,94567871;-50,06684875;428,1885986;433,5471955
69,65480808;-45,42340088;-49,52047729;428,1844482;433,4252931
69,66473908;-45,73059082;-49,91654968;427,7654114;433,0891317
69,67467108;-45,61941528;-49,81330109;428,0597534;433,3562605
69,68460208;-45,83605957;-50,16362762;428,4581604;433,8130117
69,69453308;-45,71896362;-49,9675293;428,0181885;433,3434519
69,70446508;-46,19674683;-50,34360504;428,4658203;433,8796805
69,71439608;-45,90945435;-49,80421448;427,9035645;433,2315758
69,72432808;-46,04397583;-49,92618561;428,1674194;433,5204848
69,73425908;-45,730896;-49,63417053;427,9159546;433,2054131
69,74419108;-46,11270142;-50,2325592;428,0703125;433,467281
69,75412208;-46,0222168;-49,90776825;428,2798462;433,6270937
69,76405308;-46,30181885;-50,06809998;428,4057007;433,7996282
69,77398508;-46,1348877;-50,07014465;428,5492554;433,9238545
69,78391608;-46,05606079;-50,3469162;428,515564;433,9142326
69,79384808;-46,01544189;-50,32791901;428,3839722;433,7777633
69,80377908;-46,20254517;-50,3907547;428,2861023;433,7082992
69,81371008;-45,91119385;-49,8627243;428,2456055;433,5763227
69,82364208;-46,07910156;-50,34781647;428,7089233;434,1077368
69,83357308;-45,927948;-50,07143402;428,7570496;434,1072822
69,84350508;-46,16912842;-50,35792542;429,1444702;434,5485996
69,85343608;-46,17965698;-50,06767273;428,5250549;433,904431
69,86336808;-46,26968384;-50,29785156;428,5974121;434,0120957
69,87329908;-46,31259155;-49,98271179;428,842865;434,2226738
69,88323008;-46,32659912;-49,96598053;429,0420532;434,4189642
69,89316208;-46,14871216;-49,77073669;428,9672546;434,3037364
69,90309308;-46,32897949;-49,99678802;428,9959106;434,3771915
69,91302508;-46,12371826;-49,92216492;428,5765991;433,9326229
69,92295608;-46,23181152;-50,47027588;429,1194458;434,5435857
69,93288808;-45,96032715;-49,8793869;428,5570068;433,8910151
69,94281908;-46,13406372;-49,96683502;429,0609131;434,4171999
69,95275008;-45,88693237;-49,91744995;429,0561523;434,3806444
69,96268208;-46,09408569;-50,19630432;429,1225281;434,5002621
69,97261308;-46,00820923;-50,04440308;428,9078979;434,2616521
69,98254508;-46,10421753;-50,23682404;428,8998718;434,2861239
69,99247608;-46,1399231;-50,17985535;428,7690125;434,1540929
70,00240808;-46,07476807;-50,18860626;428,8597412;434,2377898
70,01233908;-46,05700684;-49,92423248;428,3721924;433,7238892
70,02227008;-46,26901245;-49,99665833;428,1002197;433,4861999
70,03220208;-46,04031372;-49,94343567;428,286499;433,639692
70,04213308;-45,97790527;-50,03895569;428,6694336;434,0222899
70,05206508;-46,19833374;-49,90739441;428,4740601;433,8375897
70,06199608;-46,17297363;-50,1080246;428,7783813;434,1585631
70,07192708;-45,95507813;-50,01646423;428,7374268;434,0844353
70,08185908;-46,1166687;-49,95120239;428,5538025;433,9127002
70,09179008;-46,10671997;-49,61407471;428,0523071;433,3776225
70,10172208;-45,91098022;-50,02325439;427,8297729;433,1840933
70,11165308;-46,00750732;-49,85977936;428,2687988;433,6091009
70,12158508;-45,88665771;-49,88335419;428,7807617;434,1046832
70,13151608;-45,78588867;-49,93453979;428,5074463;433,8299637
70,14144708;-45,96957397;-49,97125244;428,7738647;434,1167526
70,15137908;-45,92663574;-49,87198639;428,7494507;434,076678
70,16131008;-46,21826172;-49,98945618;428,7469482;434,1186693
70,17124208;-46,07843018;-50,21643829;428,7266235;434,1099286
70,18117308;-46,17388916;-50,16117859;428,8371887;434,2228763
70,19110508;-45,81915283;-50,22355652;429,0953979;434,4475353
70,20103608;-45,94299316;-50,04431152;428,8594971;434,2069322
70,21096708;-45,94680786;-50,13400269;428,4892273;433,8519855
70,22089908;-46,04730225;-49,85423279;428,6453247;433,9845769
70,23083008;-46,19018555;-50,20606995;428,1508484;433,5519942
70,24076208;-46,10961914;-49,89924622;428,048584;433,4069935
70,25069308;-46,06356812;-49,76242065;428,4219971;433,7551826
70,26062408;-46,14541626;-49,81484222;428,237854;433,5880275
70,27055608;-46,25949097;-49,96411896;428,6616821;434,0359333
70,28048708;-46,08135986;-49,89758301;428,3218994;433,6737369
70,29041908;-45,93914795;-49,95798492;428,1947021;433,5399734
70,30035008;-46,11325073;-49,95074463;427,9026794;433,2692141
70,31028208;-46,2194519;-50,04031372;428,5504761;433,930618
70,32021308;-46,23641968;-49,93442535;428,2079468;433,5819404
70,33014408;-46,18115234;-50,1349411;428,3798523;433,7689581
70,34007608;-46,34912109;-50,02780151;428,5543518;433,9468336
70,35000708;-46,31671143;-50,15123749;428,535614;433,9391165
70,35993908;-46,41809082;-50,21788788;428,7046814;434,1246126
70,36987008;-46,14144897;-49,92338562;428,651947;434,0090661
70,37980208;-46,01855469;-49,84571075;428,6761475;434,0109926
70,38973308;-46,21685791;-50,02015686;428,510376;433,8884146
70,39966408;-46,08575439;-50,04178619;428,2384644;433,6084172
70,40959608;-46,20388794;-49,90419769;428,716156;434,0769179
70,41952708;-46,33648682;-49,83737183;428,4683838;433,8386676
70,42945908;-46,23141479;-49,91609192;428,5244446;433,8918754
70,43939008;-46,20254517;-49,81986237;428,2113647;433,568526
70,44932108;-46,1583252;-49,76347351;428,2870789;433,6321208
70,45925308;-46,25424194;-50,16225433;428,5066528;433,9051258
70,46918408;-46,09573364;-50,30633545;428,4222412;433,8215772
70,47911608;-45,97262573;-50,27742767;428,6991577;434,0786448
70,48904708;-45,9602356;-50,35079193;428,3529053;433,7438841
70,49897908;-45,87927246;-50,34499359;428,2444763;433,6275562
70,50891008;-45,87927246;-50,34499359;428,2444763;433,6275562
70,51884108;-46,04046631;-50,37033081;428,7716675;434,1682135
70,52877308;-45,9604187;-50,02587891;428,5700073;433,9207299
70,53870408;-46,0944519;-50,23583221;428,3849182;433,7764119
70,54863608;-46,22503662;-49,94242859;428,2190552;433,5926192
70,55856704;-45,92068481;-50,1031189;428,461731;433,8184951
70,56849904;-45,96887207;-50,25648499;428,4439392;433,8237667
70,57843004;-46,1887207;-50,25659943;428,7172852;434,1170744
70,58836104;-46,35675049;-50,12003326;428,7762451;434,1774228
70,59829304;-46,38604736;-50,13231659;428,4866943;433,8960265
70,60822404;-46,11276245;-50,07327271;428,4421997;433,8161339
70,61815604;-46,19674683;-49,99427795;428,2728882;433,648745
70,62808704;-46,16641235;-50,08499908;428,6431885;434,0216905
70,63801804;-45,9881897;-50,09140778;428,6182251;433,9788539
70,64795004;-45,9274292;-50,15396881;428,6746521;434,0353749
70,65788104;-46,0866394;-50,15412903;428,5544434;433,9335501
70,66781304;-45,92221069;-49,84681702;428,3986511;433,7268252
70,67774404;-46,14801025;-50,17037201;428,4416504;433,8305578
70,68767604;-46,09066772;-50,01851654;428,2394714;433,6072492
70,69760704;-46,322052;-50,00688934;428,3522034;433,7418952
70,70753804;-46,20169067;-49,95905304;428,3460083;433,7174265
70,71747004;-46,37026978;-50,06794739;428,3927917;433,7941739
70,72740104;-46,15979004;-49,81859589;428,3829956;433,7333393
70,73733304;-46,21932983;-49,63743591;428,3667603;433,7028738
70,74726404;-46,1541748;-49,93569183;428,147522;433,5136465
70,75719604;-46,36431885;-50,00667572;427,8934326;433,2933272
70,76712704;-46,34573364;-49,94288635;428,027832;433,4167093
70,77705804;-46,31069946;-50,08174133;427,9123535;433,3149478
70,78699004;-46,08459473;-49,96055603;427,6917114;433,0589418
70,79692104;-46,30596924;-50,09015656;427,8206177;433,2248232
70,80685304;-46,02639771;-49,99555969;427,9319458;433,294052
70,81678404;-45,97280884;-49,94602966;428,1091614;433,4576785
70,82671604;-45,80145264;-50,07028961;427,5867004;432,9378632
70,83664704;-46,05938721;-50,18901062;427,6256409;433,0174277
70,84657804;-46,07614136;-49,93532562;428,1680908;433,5256181
70,85651004;-46,26681519;-50,04972839;428,2206421;433,6110144
70,86644104;-46,24395752;-50,12274933;427,6599731;433,0633282
70,87637304;-46,34838867;-50,08388519;427,8189697;433,2270069
70,88630404;-46,19854736;-49,91741943;427,883728;433,2557435
70,89623504;-46,12597656;-50,28366852;428,2672729;433,6691252
70,90616704;-46,29626465;-50,04537964;428,1363525;433,5304147
70,91609804;-46,36541748;-50,18427277;428,239624;433,6558414
70,92603004;-46,30944824;-49,9083252;428,2368774;433,6153008
70,93596104;-46,63778687;-50,1474762;427,9821167;433,426516
70,94589304;-46,28665161;-49,84816742;427,8813477;433,2548229
70,95582404;-46,49234009;-49,93508911;428,1204529;433,5229786
70,96575504;-46,32421875;-49,98595428;428,1714783;433,5612341
70,97568704;-46,40087891;-50,08237457;428,328125;433,7352516
70,98561804;-46,18325806;-50,12136841;428,4586182;433,8454015
70,99555004;-46,3374939;-50,03998566;428,5160522;433,9091731
71,00548104;-46,04104614;-50,04994202;428,1765747;433,5434854
71,01541304;-46,29907227;-50,38999939;428,4887085;433,9185747
71,02534404;-46,14804077;-50,07577515;428,2504883;433,6308403
71,03527504;-46,28692627;-50,03484344;428,111145;433,5033075
71,04520704;-46,33114624;-49,84187317;428,2329102;433,6060571
71,05513804;-46,67172241;-49,86631775;427,9649658;433,3807925
71,06507004;-46,17370605;-49,84407806;427,9967041;433,3562299
71,07500104;-46,26434326;-50,0381546;428,1201782;433,5101999
71,08493304;-46,13272095;-49,97812653;428,3824158;433,7482394
71,09486404;-46,46835327;-49,98020935;428,0471802;433,4532474
71,10479504;-46,11706543;-50,03746796;428,1626282;433,5363515
71,11472704;-46,26010132;-50,17372894;428,2918701;433,6949689
71,12465804;-46,15377808;-49,60071564;428,1875;433,5146334
71,13459004;-46,30065918;-50,01248932;428,0858154;433,4771799
71,14452104;-46,11434937;-50,1157074;427,8859253;433,2718343
71,15445204;-46,35202026;-49,94437408;428,2479858;433,6349705
71,16438404;-46,05358887;-49,59783173;428,9084473;434,2157691
71,17431504;-46,20184326;-49,81506348;428,5452881;433,8977009
71,18424704;-46,18591309;-49,94979095;428,1151428;433,486673
71,19417804;-46,45504761;-49,93980408;428,1564636;433,5550863
71,20411004;-46,30722046;-49,61143494;428,24646;433,5904561
71,21404104;-46,43469238;-49,83350372;428,4725952;433,8528824
71,22397204;-46,36660767;-49,81981659;428,4035034;433,7757925
71,23390404;-46,42010498;-49,82265472;428,427063;433,8051076
71,24383504;-46,16531372;-49,77296448;428,5700684;433,9134564
71,25376704;-46,37335205;-49,92375183;428,3519897;433,7375888
71,26369804;-46,0821228;-49,75601196;428,2260742;433,5629059
71,27363004;-46,27703857;-50,09495544;428,3956604;433,790169
71,28356104;-46,06680298;-49,96102905;428,6665649;434,0199058
71,29349204;-46,52337646;-50,31032562;428,3970947;433,8428566
71,30342404;-46,02243042;-50,12876892;427,8902588;433,2678515
71,31335504;-46,42196655;-50,01540375;428,3146362;433,7164595
71,32328704;-46,18582153;-49,60926056;427,8240967;433,1600934
71,33321804;-46,28390503;-49,7588501;428,204834;433,5637472
71,34314904;-46,08834839;-49,63238525;427,9937744;433,3199516
71,35308104;-46,4074707;-49,70968628;428,1318359;433,4992217
71,36301204;-46,00271606;-49,73564148;428,1473083;433,4743378
71,37294404;-46,35830688;-49,88529205;427,7030334;433,09066
71,38287504;-45,89007568;-49,71755981;427,6386108;432,9578689
71,39280704;-46,11764526;-49,8451767;427,517395;432,8770055
71,40273804;-45,76480103;-49,54502106;427,8187561;433,1027756
71,41266904;-46,07592773;-49,83021545;427,9309082;433,2792445
71,42260104;-45,90750122;-49,86608124;427,746521;433,0833764
71,43253204;-46,17858887;-50,13349152;428,1113281;433,5033314
71,44246404;-45,94082642;-49,89891815;428,3276367;433,6646469
71,45239504;-46,21435547;-50,00530243;428,6375122;434,0119973
71,46232704;-46,04541016;-49,75250244;428,1749268;433,5080844
71,47225804;-46,27526855;-49,907341;428,6069031;433,9769816
71,48218904;-46,0423584;-49,88500977;428,5477905;433,8912557
71,49212104;-46,16876221;-50,16816711;428,8772278;434,262681
71,50205204;-45,98733521;-50,1763382;428,7630615;434,1316193
71,51198404;-45,98733521;-50,1763382;428,7630615;434,1316193
71,52191504;-46,1133728;-50,24970245;428,5878601;433,9804484
71,53184704;-45,77932739;-49,85931396;428,9992065;434,3063633
71,54177804;-46,09158325;-49,93171692;428,4197693;433,7754132
71,55170904;-45,94052124;-49,88322449;427,9514771;433,2912811
71,56164104;-45,90945435;-50,24237823;428,6355591;434,0050888
71,57157204;-45,99557495;-50,01408386;428,7044678;434,0558975
71,58150404;-46,18658447;-50,27902222;428,1962891;433,6049384
71,59143504;-45,8739624;-49,87937927;428,017334;433,348833
71,60136604;-46,16659546;-50,08069611;428,2933044;433,6756683
71,61129804;-45,92156982;-49,9834137;428,0834961;433,4312077
71,62122904;-46,1680603;-50,31993866;427,8171692;433,2333277
71,63116104;-45,82754517;-50,072258;428,1965027;433,5431234
71,64109204;-46,41513062;-50,2873764;428,1939087;433,6279604
71,65102404;-46,11853027;-50,07202911;428,2704468;433,6469791
71,66095504;-46,16656494;-50,19367981;428,3670654;433,7615704
71,67088604;-45,77438354;-49,94692993;428,0678406;433,3959692
71,68081804;-46,1652832;-50,19187164;427,7471008;433,1489809
71,69074904;-45,83209229;-49,88832855;427,8192444;433,14978
71,70068104;-46,10507202;-49,97817993;427,7546387;433,1253018
71,71061204;-45,94662476;-49,62088013;427,7741699;433,0866709
71,72054404;-46,19082642;-49,79793549;428,4650574;433,8153204
71,73047504;-45,95980835;-49,6072998;428,0346069;433,3437584
71,74040604;-46,00946045;-49,76223755;427,6414185;432,9784446
71,75033804;-46,08221436;-49,6499176;428,0980835;433,4243347
71,76026904;-46,14633179;-50,04624176;428,1262817;433,5045829
73,82788742;-43,33477783;-54,37677765;538,0724487;542,5464929
73,83781942;-43,22644043;-54,35813904;538,00177;542,4658855
73,84775042;-43,22644043;-54,35813904;538,00177;542,4658855
73,85768142;-43,2989502;-54,37175751;537,8947144;542,36686
73,86761342;-42,96868896;-54,11750031;537,6553955;542,0777955
73,87754442;-43,1427002;-54,27685547;537,4714966;541,9251602
73,88747542;-42,79959106;-54,24572754;537,3510132;541,7753366
73,89740742;-43,08676147;-54,41718292;538,0197144;542,4784898
73,90733842;-42,79943848;-54,18909454;537,8865967;542,3008766
73,91727042;-42,96435547;-54,33097076;537,9405518;542,3816253
73,92720142;-43,11056519;-54,37255859;537,6941528;542,1530208
73,93713242;-43,54537964;-54,31572723;537,5505981;542,0397069
73,94706442;-43,24243164;-54,10897064;537,7945557;542,2367312
73,95699542;-43,30526733;-54,06374359;537,6209717;542,0650733
73,96692742;-43,10848999;-53,90668488;537,810791;542,2220205
73,97685842;-43,14068604;-54,17315674;537,9597168;542,3988446
73,98678942;-43,20690918;-54,12380981;538,2171631;542,6545295
73,99672142;-43,36160278;-54,29266357;537,9219971;542,391
74,00665242;-43,07296753;-54,57518768;538,2629395;542,7344872
74,01658442;-43,20880127;-54,82038116;538,2936401;542,80044
74,02651542;-42,9072876;-54,66550446;538,3718262;542,8384437
74,03644642;-43,25720215;-55,0372467;538,677063;543,2064637
74,04637842;-43,00704956;-54,9990387;539,1547241;543,656433
74,05630942;-42,9473877;-54,78325653;538,6204224;543,1000301
74,06624142;-42,87863159;-54,88275909;538,6333008;543,1174155
74,07617242;-42,91107178;-54,92256165;538,5144043;543,0060879
74,08610342;-42,73291016;-54,75996399;538,2709961;542,734208
74,09603542;-43,00567627;-54,95193481;538,3075562;542,8114114
74,10596642;-42,96688843;-54,77856445;538,2035522;542,687671
74,11589842;-43,19998169;-54,78289032;537,8634644;542,3693481
74,12582942;-43,08215332;-54,3686142;537,7686768;542,2242782
74,13576042;-43,30065918;-54,30473328;537,5731812;542,0413972
74,14569242;-43,2744751;-53,89167786;537,638916;542,0632778
74,15562342;-43,40170288;-54,09866333;537,9732666;542,4256712
74,16555542;-43,37438965;-54,08056641;537,491333;541,9437041
74,17548642;-43,44946289;-54,21356201;537,4526367;541,9246284
74,18541742;-43,13848877;-54,41861725;537,2006836;541,6704622
74,19534942;-43,21072388;-54,51731873;537,2716064;541,7564802
74,20528042;-42,90597534;-54,40077209;537,7584839;542,2034247
74,21521242;-43,06500244;-54,69941711;537,5968018;542,085733
74,22514392;-42,98132324;-54,52214813;537,3960571;541,8621421
74,23507492;-42,97686768;-54,58369446;537,2227173;541,6960761
74,24500692;-42,77706909;-54,63346863;537,3563232;541,8177846
74,25493792;-42,97000122;-54,49617004;537,8001099;542,2593584
74,26486992;-42,9102478;-54,5260849;537,3381958;541,7995201
74,27480092;-43,11175537;-54,64298248;537,4143066;541,9027735
74,28473192;-43,08218384;-54,36654663;537,3880615;541,8465877
74,29466392;-43,33084106;-54,3098526;537,5406494;542,0120586
74,30459492;-43,25494385;-54,24895477;537,8233032;542,2802271
74,31452692;-43,49511719;-54,39093018;537,9250488;542,4145616
74,32445792;-43,20272827;-54,36605072;537,8970947;542,3609755
74,33438892;-43,73486328;-54,4291153;538,3586426;542,8676587
74,34432092;-43,3274231;-54,62982941;538,3364258;542,8331154
74,35425192;-43,36053467;-54,70116425;538,4536133;542,9591578
74,36418392;-43,19488525;-54,66134644;538,2807617;542,7705218
74,37411492;-43,31820679;-54,73397827;538,4248047;542,9305165
74,38404592;-43,17895508;-54,82427216;538,3261719;542,8307198
74,39397792;-43,15988159;-54,92163086;538,2478638;542,7613875
74,40390892;-42,86013794;-54,80540466;538,1326904;542,6116625
74,41384092;-43,17007446;-54,65890503;537,876709;542,3675924
74,42377192;-43,20742798;-54,40779114;537,7932739;542,2625702
74,43370292;-43,43533325;-54,36967468;537,6048584;542,0900972
74,44363492;-43,34628296;-54,47406769;537,7073975;542,1951398
74,45356592;-43,45617676;-54,34146118;537,6391602;542,1229567
74,46349692;-43,32565308;-54,37529755;537,3029785;541,7824987
74,47342892;-43,71026611;-54,25384521;537,364563;541,8622894
74,48335992;-43,29681396;-53,95409393;537,1801147;541,6162239
74,49329192;-43,5352478;-54,28404999;537,0270386;541,5164966
74,50322292;-43,39389038;-54,3168869;537,0466309;541,5278734
74,51315392;-43,54922485;-54,31609344;537,5983887;542,0874473
74,52308592;-43,12799072;-54,27091217;537,4411621;541,8933089
74,53301692;-43,26641846;-54,51874542;537,4139404;541,9022236
74,54294892;-42,92706299;-54,24565887;537,4710693;541,9044885
74,55287992;-43,03344727;-54,75621033;537,3602905;541,8544103
74,56281092;-42,93530273;-54,66919708;537,3861694;541,8635035
74,57274292;-43,00534058;-54,8829422;537,5255127;542,0288493
74,58267392;-42,89321899;-54,67844391;537,6131592;542,0862195
74,59260592;-43,14608765;-54,79148865;538,0698853;542,5706346
74,60253692;-42,97024536;-54,65710449;537,9402466;542,4145554
74,61246792;-43,25003052;-54,5294342;538,2047119;542,6862227
74,62239992;-42,94393921;-54,50128937;537,6456909;542,1046591
74,63233092;-43,53707886;-54,66362;537,5279541;542,0515566
74,64226292;-43,37667847;-54,59754181;537,7192993;542,2217929
74,65219392;-43,54040527;-54,66873932;537,803894;542,325978
74,66212492;-43,23065186;-54,53894806;537,9737549;542,4565854
74,67205692;-43,47961426;-54,76952362;538,0797729;542,6048467
74,68198792;-43,19955444;-54,52516937;537,5128784;541,995655
74,69191992;-43,29937744;-54,87078094;537,2896729;541,8171567
74,70185092;-42,89456177;-54,85416412;537,4078979;541,9005181
74,71178192;-43,30105591;-54,92835999;537,4593506;541,9913834
74,72171392;-43,02822876;-54,36713409;537,5997314;542,0522899
74,73164492;-43,00823975;-54,61597443;537,1846313;541,6640486
74,74157692;-43,09237671;-54,54748535;537,5220337;541,9984481
74,75150792;-43,20645142;-54,96382904;537,3696289;541,8984573
74,76143892;-43,12612915;-54,62150574;537,5257568;542,0122795
74,77137092;-43,38821411;-54,4130249;537,3063965;541,7946826
74,78130192;-43,07650757;-54,21408844;537,3377075;541,7809196
74,79123392;-43,37207031;-54,1599884;537,385498;541,846486
74,80116492;-43,13085938;-54,04929352;537,2285767;541,6605401
74,81109592;-43,71932983;-54,24464417;537,256958;541,7553877
74,82102792;-43,29397583;-54,16023254;537,8278198;542,278953
74,83095892;-43,65951538;-54,1313858;537,8692017;542,3464191
74,84089092;-43,27893066;-53,98775482;537,3114624;541,7484205
74,85082192;-43,4133606;-54,28118896;537,6613159;542,1354609
74,86075292;-43,4133606;-54,28118896;537,6613159;542,1354609
74,87068492;-43,10015869;-54,11945343;537,4346313;541,8694694
74,88061592;-43,46783447;-54,43257141;537,5197754;542,0146367
74,89054692;-42,76766968;-54,39720154;537,7991943;542,232517
74,90047892;-42,99307251;-54,4573288;537,901123;542,357468
74,91040992;-42,87030029;-54,60774994;537,9725952;542,4337584
74,92034192;-43,28640747;-54,96488953;537,8230591;542,3545842
74,93027292;-42,95062256;-54,57785797;537,9304199;542,3952758
74,94020392;-43,39541626;-54,931633;537,6359253;542,1743581
74,95013592;-43,09890747;-54,43134308;537,7609863;542,2242759
74,96006692;-43,45510864;-54,55522156;537,9194946;542,4223459
74,96999892;-43,22232056;-54,47422028;537,7756958;542,2529932
74,97992992;-43,56121826;-54,59144592;537,8647461;542,3802087
74,98986092;-43,40258789;-54,36397552;537,6782227;542,1596606
74,99979292;-43,60943604;-54,7985611;537,454895;541,9985511
75,00972392;-43,39639282;-54,32987213;537,4291992;541,9087802
75,01965592;-43,36920166;-54,69420624;537,6219482;542,1343958
75,02958692;-43,237854;-54,54531097;537,7177124;542,2038742
75,03951792;-43,37561035;-54,66239929;537,7888184;542,2971829
75,04944992;-42,72824097;-54,50952911;537,7374878;542,1794879
75,05938092;-43,19464111;-54,60186768;537,6117554;542,1010427
75,06931292;-42,88555908;-54,45209503;537,5697021;542,0197289
75,07924392;-43,39804077;-54,53395081;537,6895752;542,1876253
75,08917492;-43,26724243;-54,37042236;537,3051147;541,7794601
75,09910692;-43,46112061;-54,26963043;537,6817017;542,1583478
75,10903792;-43,246521;-54,01486206;537,3118896;541,7489582
75,11896992;-43,59500122;-54,11121368;537,3536987;541,8279663
75,12890092;-43,24746704;-53,88594055;537,2776489;541,7022337
75,13883192;-43,61312866;-54,01190186;537,3442383;541,8101337
75,14876392;-43,21200562;-54,01611328;537,6220093;542,0539113
75,15869492;-43,56924438;-54,22210693;537,0907593;541,5762178
75,16862692;-43,33477783;-54,02565002;537,2818604;541,7273034
75,17855792;-43,57498169;-54,21100616;537,2446289;541,7281638
75,18848892;-43,24694824;-54,10053253;536,7833252;541,2333179
75,19842092;-43,35427856;-54,41295624;537,0737305;541,5612202
75,20835192;-42,97390747;-54,58280182;537,2659912;541,7386679
75,21828392;-43,27560425;-54,84732819;537,1483154;541,6727057
75,22821483;-43,13922119;-54,69069672;537,3239136;541,8201296
75,23814583;-43,43005371;-54,84223175;537,362915;541,8973541
75,24807783;-43,16967773;-54,66080475;537,5001221;541,9942858
75,25800883;-43,34249878;-54,96853638;537,2625732;541,8036404
75,26794083;-43,10079956;-54,48825073;537,3595581;541,8320248
75,27787183;-43,38796997;-54,93823242;537,6864014;542,2244844
75,28780283;-43,18997192;-54,50720978;537,4663696;541,9469606
75,29773483;-43,53271484;-54,70272827;537,2495728;541,7790963
75,30766583;-43,2260437;-54,52500916;537,3488159;541,8350463
75,31759683;-43,44665527;-54,26441956;537,2537842;541,7322842
75,32752883;-43,37591553;-54,14305878;536,9169312;541,3803947
75,33745983;-43,39761353;-54,66911316;537,0788574;541,5955723
75,34739183;-43,19436646;-54,54652405;537,1242676;541,6119971
75,35732283;-43,32037354;-54,81807709;537,1481934;541,6732022
75,36725383;-43,29324341;-54,42926025;537,3480835;541,8300584
75,37718583;-43,2315979;-54,8087616;537,1299438;541,6470696
75,38711683;-43,01254272;-54,50997162;537,0485229;541,5187271
75,39704883;-43,02792358;-54,62010193;537,3769531;541,8567592
75,40697983;-42,82070923;-54,23416138;537,2202759;541,6461781
75,41691083;-43,00170898;-54,65235138;537,0657349;541,5492868
75,42684283;-43,09100342;-54,20762634;537,1118774;541,5574487
75,43677383;-43,22567749;-54,29042053;537,4249878;541,8870053
75,44670583;-43,03378296;-54,17302704;536,7797241;541,2200066
75,45663683;-43,23794556;-54,4965744;536,9041138;541,3921166
75,46656783;-43,1104126;-53,95639801;536,8510742;541,2752317
75,47649983;-43,25964355;-54,44944;537,2645264;541,7465363
75,48643083;-43,29174805;-54,23131561;537,498291;541,9590611
75,49636283;-43,44012451;-54,4412384;537,3067627;541,8020396
75,50629383;-43,23498535;-53,95938873;537,1622314;541,5940754
75,51622483;-43,21731567;-54,42797089;537,2408447;541,7175146
75,52615683;-43,03314209;-54,4857254;537,3688965;541,8356545
75,53608783;-43,00018311;-55,26247406;537,2301636;541,7741277
75,54601983;-43,04074097;-54,94004822;537,2063599;541,7209497
75,55595083;-43,2890625;-55,05898285;537,3490601;541,8943134
75,56588183;-43,1946106;-54,9046936;537,6025391;542,1224859
75,57581383;-42,98291016;-55,24985504;537,2000122;541,7415714
75,58574483;-42,87356567;-54,93591309;537,055542;541,5577092
75,59567683;-43,14172363;-55,37251282;537,1228027;541,6901593
75,60560783;-42,97241211;-54,87864685;537,0106812;541,5152498
75,61553883;-43,18453979;-55,16513062;537,3226929;541,8706233
75,62547083;-43,02185059;-54,6802597;537,2300415;541,7166491
75,63540183;-43,36056519;-54,73122406;537,1107178;541,6304724
75,64533383;-43,25582886;-54,49207306;536,8577881;541,3471505
75,65526483;-43,23239136;-54,85600281;537,2293091;541,7504511
75,66519583;-43,0184021;-54,27745819;536,9643555;541,4123608
75,67512783;-43,03323364;-54,61767578;536,8319702;541,3164638
75,68505883;-43,1522522;-54,40383911;536,9238892;541,3955646
75,69499083;-43,31674194;-54,6229248;536,5772095;541,0869669
75,70492183;-42,94537354;-54,26152039;536,309021;540,7550126
75,71485283;-43,15420532;-54,7024231;535,8482666;540,3591448
75,72478483;-43,01580811;-54,19287872;536,0021362;540,4493666
75,73471583;-43,23739624;-54,67033386;536,8903198;541,3959118
75,74464783;-43,08432007;-54,19735718;537,2659912;541,7087386
75,75457883;-43,09265137;-54,80910492;536,6488647;541,1589587
75,76450983;-43,07165527;-54,50069427;536,6266479;541,104105
75,77444183;-43,46636963;-54,57913971;536,5101318;541,0280301
75,78437283;-43,39013672;-54,33843231;536,8163452;541,3013557
75,79430383;-43,58255005;-54,61907196;536,6437988;541,173954
75,80423583;-43,53656006;-54,15702057;536,9468994;541,4244063
75,81416683;-43,3616333;-54,57123566;536,7790527;541,2855092
75,82409883;-43,21063232;-54,33357239;536,2739258;540,7485731
75,83402983;-43,41329956;-54,63916016;536,5203247;541,039935
75,84396083;-43,41210938;-54,55227661;536,7769165;541,2855256
75,85389283;-43,40216064;-55,10504913;536,7819214;541,3456799
75,86382383;-43,13418579;-54,60772705;536,8555908;541,3469195
75,87375583;-43,13418579;-54,60772705;536,8555908;541,3469195
75,88368683;-43,40142822;-54,99941254;537,1503296;541,7001901
75,89361783;-43,16183472;-54,64748383;536,9359131;541,4327901
75,90354983;-43,19338989;-55,03171539;537,1175537;541,654341
75,91348083;-43,20779419;-54,61257172;537,0203857;541,5167044
75,92341283;-43,33795166;-55,14395142;536,8818359;541,4435697
75,93334383;-42,9987793;-54,77962494;536,4326782;540,9341185
75,94327483;-43,00320435;-55,15013885;536,5925293;541,1306274
75,95320683;-42,89175415;-54,64619446;536,1193848;540,6014279
75,96313783;-43,31243896;-54,85488892;536,3300171;540,8649678
75,97306983;-43,23419189;-54,42868042;536,1549072;540,6419898
75,98300083;-43,31472778;-54,79290009;536,4852905;541,0128413
75,99293183;-43,25646973;-54,59104156;536,7450562;541,2453781
76,00286383;-43,33175659;-54,8790741;536,9634399;541,4970819
76,01279483;-43,33126831;-54,43081665;536,630249;541,1213697
76,02272683;-43,43670654;-54,75812531;536,3826904;540,91736
76,03265783;-43,27709961;-54,253685;536,7616577;541,2295695
76,04258883;-43,36099243;-54,78904724;536,5926514;541,1226191
76,05252083;-42,76409912;-54,45540619;536,7741699;541,2214602
76,06245183;-43,23873901;-54,58564758;536,9177246;541,4146511
76,07238383;-42,92550659;-54,18199921;536,8876343;541,3193327
76,08231483;-43,05477905;-54,6815567;537,1561279;541,6460952
76,09224583;-43,06268311;-54,24504089;536,8547363;541,3039138
76,10217783;-43,19638062;-54,73360443;536,9338379;541,4421862
76,11210883;-42,99172974;-54,28412628;536,9481201;541,3948087
76,12204083;-43,3112793;-54,57807159;536,8135376;541,3163649
76,13197183;-43,15377808;-54,52725983;536,5200195;541,0075803
76,14190283;-43,34567261;-54,98743439;535,9033203;540,4579854
76,15183483;-43,35836792;-54,55748749;535,9954224;540,5067625
76,16176583;-43,52038574;-54,57592773;536,2977295;540,821422
76,17169683;-43,24783325;-54,4486084;536,2339478;540,7234716
76,18162883;-43,68380737;-54,78354645;536,6779785;541,2326345
76,19155983;-43,31634521;-54,67462921;536,3432007;540,8601018
76,20149183;-43,32159424;-54,89154816;536,2747803;540,8146471
76,21142283;-43,23840332;-54,58595276;536,4885254;540,9890236
76,22135383;-43,2210083;-54,91039276;536,4584961;540,9906883
76,23128567;-43,12512207;-54,53440094;536,4606934;540,9471809
76,24121667;-43,20608521;-55,13743591;536,6652222;541,2175748
76,25114867;-42,98040771;-54,5298996;536,493042;540,9672906
76,26107967;-43,54382324;-54,56337738;536,7429199;541,2635114
76,27101067;-43,18460083;-54,21826935;536,0053711;540,4685822
76,28094267;-43,67114258;-54,67198944;535,7756958;540,3256345
76,29087367;-43,32073975;-54,20259094;535,9716187;540,4444313
76,30080567;-43,37878418;-54,68469238;536,473938;540,9957677
76,31073667;-43,00939941;-54,23748016;536,4793701;540,9266376
76,32066767;-43,3218689;-54,34933472;536,203186;540,6889043
76,33059967;-43,37869263;-53,88964844;536,3013306;540,7447849
76,34053067;-43,50085449;-54,45144653;536,4425659;540,9509321
76,35046267;-43,49942017;-54,00189972;536,1655273;540,6309993
76,36039367;-43,50598145;-54,51432037;536,2805786;540,7970419
76,37032467;-43,25808716;-54,14390564;536,1605225;540,620875
76,38025667;-43,48031616;-54,70514679;536,0835571;540,618878
76,39018767;-43,31848145;-53,96009827;535,6776123;540,128399
76,40011967;-43,60250854;-54,63636017;536,4394531;540,9746736
76,41005067;-43,39321899;-54,20601654;536,1501465;540,6276383
76,41998167;-43,52081299;-54,75956726;536,5562744;541,0963934
76,42991367;-43,29901123;-54,43302917;536,2542114;540,7460941
76,43984467;-43,53112793;-54,87725067;536,3630371;540,9175347
76,44977667;-43,12020874;-54,47556305;536,5756836;541,0548989
76,45970767;-43,35687256;-54,70015717;536,335022;540,8578199
76,46963867;-43,16851807;-54,32008362;536,5859985;541,0533488
76,47957067;-43,48205566;-55,01676941;536,6189575;541,1815219
76,48950167;-43,19442749;-54,71855927;536,5255737;541,0356463
76,49943367;-43,53005981;-54,96697235;536,2655029;540,8298474
76,50936467;-43,25372314;-54,66884613;535,9454956;540,4601202
76,51929567;-43,53527832;-54,60139465;536,4455566;540,9717811
76,52922767;-43,25540161;-54,52482605;536,4747925;540,9705994
76,53915867;-43,21731567;-54,75702667;536,4415283;540,9580221
76,54908967;-43,20300293;-54,4367218;536,0427246;540,5290545
76,55902167;-43,30865479;-54,91863251;535,855896;540,4009965
76,56895267;-42,92401123;-54,47131348;535,6994019;540,1698287
76,57888467;-43,34182739;-54,73408508;535,9923706;540,5202637
76,58881567;-43,13665771;-54,59591675;536,0372314;540,5343642
76,59874667;-43,44125366;-54,86706543;536,1278076;540,6760245
76,60867867;-43,29776001;-54,28230286;536,0919189;540,5698937
76,61860967;-43,38952637;-54,55329895;535,6977539;540,2136586
76,62854167;-43,2203064;-54,30584717;535,3051147;539,7857777
76,63847267;-43,36178589;-54,72382355;535,5087891;540,0412989
76,64840367;-43,30422974;-54,3908844;536,053772;540,543496
76,65833567;-43,52426147;-54,79199982;536,2156982;540,7622395
76,66826667;-43,24124146;-54,53145599;536,1583252;540,6562996
76,67819867;-43,54608154;-54,69043732;535,9945068;540,5343805
76,68812967;-43,27151489;-54,56065369;535,5606689;540,0689947
76,69806067;-43,43533325;-54,9460907;535,8432007;540,4013664
76,70799267;-43,24453735;-54,53620911;535,9194336;540,4201397
76,71792367;-43,23452759;-54,81703949;536,1202393;540,6468747
76,72785567;-42,94567871;-54,70503998;536,0161133;540,5092473
76,73778667;-43,36352539;-54,63974762;535,8202515;540,34178
76,74771767;-43,0960083;-54,58524323;535,9249878;540,4187333
76,75764967;-43,14523315;-54,90424347;536,385437;540,9115678
76,76758067;-42,91369629;-54,70981598;535,9989624;540,4901821
76,77751267;-43,2947998;-54,69258881;535,9299316;540,4503775
76,78744367;-43,36578369;-54,65510559;535,9172363;540,4396876
76,79737467;-43,34796143;-54,67747498;535,927124;540,4503255
76,80730667;-43,45376587;-54,38143158;536,0837402;540,5842639
76,81723767;-43,34698486;-54,60592651;536,5099487;541,0209732
76,82716967;-43,15142822;-54,59580231;535,6854858;540,1867151
76,83710067;-43,41629028;-54,92205048;535,9667358;540,5198866
76,84703167;-43,50445557;-54,22602844;535,5826416;540,0757963
76,85696367;-43,24252319;-54,44470215;535,9423828;540,4335103
76,86689467;-43,08517456;-54,0042572;535,8601074;540,2951478
76,87682567;-43,09020996;-54,37162781;536,2957153;540,7643982
76,88675767;-43,09020996;-54,37162781;536,2957153;540,7643982
76,89668867;-42,95214844;-53,92172241;536,229187;540,6423774
76,90662067;-43,02200317;-54,3425293;535,8007813;540,2651945
76,91655167;-43,15289307;-54,18295288;536,0789795;540,5355093
76,92648267;-43,23275757;-54,40545654;536,1265259;540,6113916
76,93641467;-42,93814087;-54,21458435;535,8669434;540,3112863
76,94634567;-43,37857056;-54,51213074;535,7399902;540,2505066
76,95627767;-43,0039978;-54,25286865;535,8823853;540,3356812
76,96620867;-43,23019409;-54,34226227;535,4695435;539,9532972
76,97613967;-43,2454834;-53,96201324;536,0477905;540,4898745
76,98607167;-43,34606934;-54,28364563;535,5564575;540,0428826
76,99600267;-43,10574341;-54,13577271;535,6309204;540,082651
77,00593467;-43,34072876;-54,24776459;535,5859375;540,0680838
77,01586567;-43,03109741;-54,36656189;535,7595215;540,2274181
77,02579667;-43,29586792;-54,57444;535,4875488;539,9998302
77,03572867;-43,03613281;-54,30374146;535,4206543;539,8854342
77,04565967;-43,1468811;-54,44776154;535,7159424;540,2016133
77,05559167;-43,17706299;-54,43530273;535,6234741;540,1110691
77,06552267;-43,1633606;-54,45789337;535,5252075;540,0148014
77,07545367;-43,27502441;-54,51301575;535,6022339;540,1056837
77,08538567;-43,06088257;-54,57918549;535,8054199;540,2967473
77,09531667;-42,97302246;-54,53549957;536,1083374;540,5857479
77,10524867;-42,89486694;-54,84407043;536,6260376;541,1241502
77,11517967;-43,08599854;-54,42475891;536,3345947;540,8079651
77,12511067;-43,05166626;-54,6446991;536,3713989;540,8639077
77,13504267;-43,2671814;-54,29998779;536,0678101;540,5453123
77,14497367;-43,36953735;-54,54405212;535,8580933;540,3701199
77,15490567;-43,40600586;-54,38014221;535,6450806;540,1452893
77,16483667;-43,31399536;-54,31206512;535,989502;540,4726162
77,17476767;-43,09112549;-54,42738342;535,7745361;540,2532172
77,18469967;-43,20355225;-54,40808868;536,2855835;540,7670609
77,19463067;-43,17050171;-54,57683563;536,118103;540,6153379
77,20456267;-43,15081787;-54,8192215;536,1194458;540,6396215
77,21449367;-43,0177002;-54,52953339;536,0703125;540,5509897
77,22442467;-43,08395386;-54,5605011;535,8069458;540,2982126
77,23435704;-43,17950439;-54,47071075;535,6219482;540,1133209
77,24428804;-43,14624023;-54,82681274;535,9332886;540,4554258
77,25422004;-43,00158691;-54,61557007;535,793396;540,2837774
77,26415104;-43,05126953;-54,4865036;535,3699951;539,8548162
77,27408204;-43,22528076;-54,56511688;535,4081421;539,9144891
77,28401404;-42,92755127;-54,64258575;535,1896973;539,6819423
77,29394504;-43,07025146;-54,79994202;535,4994507;540,0164274
77,30387604;-43,24642944;-54,55725098;535,9237061;540,4266518
77,31380804;-43,06616211;-54,61956787;535,9181519;540,413043
77,32373904;-43,13369751;-54,69087982;536,0700684;540,576291
77,33367104;-43,2885437;-54,48313904;535,7993164;540,299193
77,34360204;-43,00430298;-54,86454773;536,2521973;540,7641887
77,35353304;-43,20629883;-54,80976868;536,1645508;540,6878217
77,36346504;-43,38821411;-54,75687408;536,1265869;540,6593841
77,37339604;-43,06399536;-54,82053375;536,1802979;540,6931759
77,38332804;-43,05459595;-54,68404388;536,1414795;540,6401104
77,39325904;-43,21087646;-54,94775391;536,2336426;540,7707046
77,40319004;-43,14590454;-54,89434814;536,3967285;540,921814
77,41312204;-43,21975708;-55,02592468;536,6824341;541,2243849
77,42305304;-43,07019043;-55,05667877;536,3388062;540,8748415
77,43298504;-43,10705566;-54,88773346;536,0682983;540,5923622
77,44291604;-43,1491394;-54,78140259;536,5019531;541,0149684
77,45284704;-43,18154907;-54,8608551;535,8740845;540,4029922
77,46277904;-43,25396729;-54,47184753;535,9961548;540,4904863
77,47271004;-43,15283203;-54,34046936;536,059021;540,5315231
77,48264204;-43,35122681;-54,35552979;535,9456787;540,4365115
77,49257304;-43,18322754;-54,46694183;535,6848145;540,1755819
77,50250404;-43,21395874;-54,39818573;536,0710449;540,5541361
77,51243604;-43,20394897;-54,50443268;535,6286621;540,1253355
77,52236704;-42,96374512;-54,25827789;536,2352295;540,6829621
77,53229904;-43,16122437;-54,54725647;536,3924561;540,8836856
77,54223004;-43,15090942;-54,44445801;535,4381714;539,9261388
77,55216104;-42,94299316;-54,49684906;535,3317261;539,809285
77,56209304;-43,04638672;-54,64989471;535,7761841;540,2737471
77,57202404;-43,11581421;-54,57556915;536,0079956;540,5016536
77,58195604;-43,00854492;-54,48105621;536,0170898;540,4925911
77,59188704;-43,16101074;-54,55104065;535,7999268;540,2964468
77,60181804;-42,98449707;-54,25827026;536,1092529;540,559671
77,61175004;-43,05764771;-54,42045593;536,4665527;540,9361416
77,62168104;-43,10525513;-54,18708801;536,6282959;541,0769183
77,63161204;-43,25866699;-54,3885498;536,6182251;541,0993866
77,64154404;-43,17034912;-54,18762207;536,6351318;541,0889411
77,65147504;-43,25842285;-54,38764191;536,4717407;540,9540048
77,66140704;-43,05944824;-54,48976135;536,6364136;541,1117173
77,67133804;-43,22515869;-54,40460205;536,6703491;541,150015
77,68126904;-43,19952393;-54,28531647;535,9893799;540,4606459
77,69120104;-43,19650269;-54,51420593;536,1272583;540,620175
77,70113204;-43,24215698;-54,50656891;536,5275269;541,0199971
77,71106404;-43,25616455;-54,91848755;536,5164795;541,0518171
77,72099504;-43,02212524;-54,77492523;536,3570557;540,8605059
77,73092604;-42,91882324;-54,89562225;536,4204102;540,9273622
77,74085804;-42,91439819;-54,42953491;536,4996948;540,9585404
77,75078904;-42,96206665;-54,55069733;536,1819458;540,6594092
77,76072104;-42,99237061;-54,43591309;536,0565186;540,5258584
77,77065204;-43,06466675;-54,65237427;535,8341064;540,3328948
77,78058304;-42,80084229;-54,5683136;536,1408081;540,6076017
77,79051504;-42,8757019;-54,48655701;536,072998;540,5380375
77,80044604;-42,89630127;-54,33110809;535,7249756;540,1788699
77,81037804;-43,09274292;-54,31767273;535,75354;540,2214821
77,82030904;-43,02511597;-54,22380066;535,4992065;539,9544253
77,83024004;-43,1390686;-54,59223938;535,5380859;540,0391961
77,84017204;-43,14584351;-54,34545898;535,5049438;539,981979
77,85010304;-43,07723999;-54,65684509;535,7191772;540,2203774
77,86003504;-43,05822754;-54,542099;535,9188232;540,4052522
77,86996604;-43,33068848;-54,40075684;536,0413818;540,5343226
77,87989704;-43,17062378;-54,32576752;536,1324463;540,6042839
77,88982904;-43,17062378;-54,32576752;536,1324463;540,6042839
77,89976004;-43,16226196;-54,60062408;536,1940918;540,6924385
77,90969204;-43,1289978;-54,47612;535,8504028;540,3363881
77,91962304;-43,14031982;-54,78538513;536,0062866;540,52314
77,92955404;-43,02597046;-54,57383728;536,0015259;540,4879033
77,93948604;-43,31289673;-54,58168793;536,4691772;540,9753653
77,94941704;-42,99038696;-54,50125122;536,5724487;541,0439469
77,95934904;-43,4197998;-54,71307373;536,2962646;540,8257417
77,96928004;-43,36083984;-54,56751251;536,3149414;540,8248258
77,97921104;-43,27682495;-54,63809204;536,067688;540,5800318
77,98914304;-43,243927;-54,54817963;536,4432983;540,940804
77,99907404;-43,47283936;-54,56938934;535,7583008;540,2820216
78,00900504;-43,17578125;-54,36349487;535,6733398;540,1531863
78,01893704;-43,36978149;-54,52274323;535,8404541;540,3504971
78,02886804;-43,23556519;-54,33347321;536,0641479;540,5425156
78,03880004;-43,30160522;-54,40171051;535,3787231;539,8749414
78,04873104;-43,06427002;-54,25595093;535,9417725;540,3996882
78,05866204;-43,162323;-54,26194763;536,0286255;540,4942483
78,06859404;-43,01470947;-54,42912292;536,1819458;540,651342
78,07852504;-43,05380249;-54,57307434;536,3928223;540,8780917
78,08845704;-42,83187866;-54,54964447;536,2924805;540,7585951
78,09838804;-43,19714355;-54,63159943;536,2849731;540,7884774
78,10831904;-42,98492432;-54,46321869;536,2649536;540,7347283
78,11825104;-43,15725708;-54,67367554;536,5491943;541,0515665
78,12818204;-42,89944458;-54,40982056;536,5675049;541,0226226
78,13811404;-43,03887939;-54,64762115;536,6700439;541,1593515
78,14804504;-42,92306519;-54,49087524;536,2255249;540,6934978
78,15797604;-43,46347046;-54,52228546;535,8961792;540,413238
78,16790804;-43,03210449;-54,41157532;536,0336914;540,5039314
78,17783904;-43,20953369;-54,37915039;536,0048828;540,4862535
78,18777104;-43,11447144;-54,19760132;535,9389648;540,3950515
78,19770204;-43,15670776;-54,18484497;536,1286621;540,5852765
78,20763304;-42,85760498;-54,09089661;535,9211426;540,3462505
78,21756504;-43,1373291;-54,16138458;535,9818115;540,4357381
78,22749554;-43,15478516;-54,41166687;536,602478;541,0777988
78,23742754;-43,39590454;-54,59732819;536,265686;540,7818033
78,24735854;-43,03924561;-54,43151093;535,8343506;540,3088166
78,25728954;-43,14807129;-54,48350525;535,9445801;540,4320506
78,26722154;-42,85293579;-54,46924591;535,977478;540,4397559
78,27715254;-43,08065796;-54,52628326;536,0023804;540,4883074
78,28708354;-42,92388916;-54,46312714;535,4728394;539,9443065
78,29701554;-43,45269775;-54,49282837;535,6890259;540,2039779
78,30694654;-43,25482178;-54,17672729;535,8342285;540,3003034
78,31687854;-43,412323;-54,2678299;535,8209839;540,308943
78,32680954;-43,0413208;-54,26830292;536,1213989;540,5772455
78,33674054;-43,33108521;-54,53836823;536,2714844;540,7764062
78,34667254;-43,19503784;-54,27787018;535,4921265;539,9664027
78,35660354;-43,46057129;-54,31628418;535,6370239;540,1352621
78,36653554;-43,28048706;-54,33456421;535,1157227;539,6056727
78,37646654;-43,36053467;-54,52812195;535,5578613;540,0700648
78,38639754;-43,08267212;-54,55725098;535,8883667;540,3785264
78,39632954;-43,32418823;-54,5467453;536,0599365;540,5669138
78,40626054;-42,83581543;-54,22008514;536,0418701;540,477207
78,41619254;-42,9730835;-54,48242188;535,5119629;539,9889653
78,42612354;-42,99136353;-54,37239075;535,5927124;540,0594114
78,43605454;-43,17727661;-54,49285126;535,5802002;540,0739754
78,44598654;-43,11349487;-54,22829437;535,8355103;540,295452
78,45591754;-43,4901123;-54,40671539;535,236145;539,7492117
78,46584954;-43,12188721;-54,36693573;535,2601929;539,7395065
78,47578054;-43,27749634;-54,40771484;535,3188477;539,8142364
78,48571154;-43,08599854;-53,99706268;535,4602051;539,8978767
78,49564354;-43,27996826;-54,16233063;535,7319336;540,1994246
78,50557454;-43,3008728;-54,42363739;535,8876953;540,3818279
78,51550654;-43,44256592;-54,22773743;535,6775513;540,1651071
78,52543754;-43,37341309;-54,28397369;535,6030273;540,0912938
78,53536854;-43,36935425;-54,53970337;535,6815796;540,1946268
78,54530054;-43,06576538;-54,3002243;536,1235352;540,5845165
78,55523154;-43,23599243;-54,5171814;536,1307983;540,6271423
78,56516354;-43,14602661;-54,43572998;536,0067749;540,488752
78,57509454;-43,28390503;-54,54503632;536,4641724;540,9643848
78,58502554;-42,88598633;-54,35959625;536,0744629;540,5275232
78,59495754;-43,10787964;-54,7394104;535,8909302;540,4015002
78,60488854;-42,74032593;-54,40145874;535,7603149;540,2086349
78,61482054;-43,11929321;-54,57398987;535,7733154;540,2690435
78,62475154;-43,05819702;-54,3635025;535,6844482;540,1548175
78,63468254;-43,31365967;-54,49364471;535,6994019;540,2031836
78,64461454;-42,75427246;-54,39320374;535,5697021;540,0198647
78,65454554;-43,35992432;-54,26913452;535,6999512;540,1848384
78,66447654;-43,24395752;-54,19347382;535,934021;540,4000808
78,67440854;-43,46575928;-54,50987244;535,6496582;540,1677098
78,68433954;-43,1960144;-54,37935638;535,2631226;539,7495905
78,69427154;-43,34033203;-54,5814209;535,8112793;540,325127
78,70420254;-43,01220703;-54,47601318;535,8234253;540,3003138
78,71413354;-43,32797241;-54,56388092;535,8490601;540,3598296
78,72406554;-42,93041992;-54,32291412;535,3632202;539,8219869
78,73399654;-43,30792236;-54,40213013;535,5878296;540,0828558
78,74392854;-42,96438599;-54,16934204;535,5639038;540,008288
78,75385954;-43,12857056;-54,04759216;535,1459351;539,5946512
78,76379054;-42,88153076;-54,15420532;535,5223999;539,9590211
78,77372254;-43,17205811;-54,33744812;535,2647095;539,7450269
78,78365354;-43,21539307;-54,06983948;535,4239502;539,879546
78,79358554;-43,5753479;-54,13328552;535,6661377;540,1550098
78,80351654;-43,06860352;-53,95639801;535,2650757;539,6988964
78,81344754;-43,36050415;-54,02042389;535,4849243;539,9467045
78,82337954;-43,06759644;-54,01892853;535,4065552;539,845387
78,83331054;-43,48171997;-54,29881287;535,5474854;540,0464148
78,84324254;-43,09661865;-54,1781311;535,6305542;540,0858071
78,85317354;-43,21179199;-54,45214081;534,9118042;539,4098005
78,86310454;-43,18930054;-54,17884827;534,8248291;539,294225
78,87303654;-43,29727173;-54,4679184;535,0844116;539,5894138
78,88296754;-43,29727173;-54,4679184;535,0844116;539,5894138
78,89289954;-43,24597168;-54,80161285;535,2289429;539,7624034
78,90283054;-43,24597168;-54,80161285;535,2289429;539,7624034
78,91276154;-43,03622437;-54,53883362;535,4043579;539,8929778
78,92269354;-43,25415039;-54,75970459;535,1586914;539,6891436
78,93262454;-43,02227783;-54,6316452;535,4523926;539,9488844
78,94255654;-43,35470581;-54,64685059;535,3862305;539,9114044
78,95248754;-43,109375;-54,50382233;536,0144653;540,5003163
78,96241854;-43,53866577;-54,44057465;535,9343262;540,4488815
78,97235054;-43,00079346;-54,38053894;535,9606934;540,425921
78,98228154;-43,32019043;-54,483284;535,4248657;539,9304159
78,99221254;-43,15991211;-54,19993591;535,262085;539,7276264
79,00214454;-43,3187561;-54,29366302;535,6209717;540,1056765
79,01207554;-43,20690918;-54,10741425;535,1809692;539,6416581
79,02200754;-43,46658325;-54,35933685;535,3566284;539,8620203
79,03193854;-43,15115356;-54,08422089;535,4420166;539,8937656
79,04186954;-43,43878174;-54,38498688;535,6280518;540,1315251
79,05180154;-43,20425415;-54,30432129;535,5244751;540,0018799
79,06173254;-43,18649292;-54,53182983;535,236145;539,7374589
79,07166454;-43,12063599;-54,2494812;535,3338013;539,8005875
79,08159554;-43,25317383;-54,51908875;535,442749;539,9463914
79,09152654;-43,25747681;-54,0393219;535,2794189;539,7365227
79,10145854;-43,24008179;-54,56047821;535,491333;539,997702
79,11138954;-43,04934692;-54,2491684;535,7237549;540,1815992
79,12132154;-43,24053955;-54,45665741;536,0048218;540,4964762
79,13125254;-42,98562622;-54,31459808;535,9265137;540,3841853
79,14118354;-43,28137207;-54,55770874;535,756958;540,264138
79,15111554;-43,1468811;-54,20612335;535,7468262;540,2079404
79,16104654;-43,43243408;-54,44586945;535,612793;540,1220168
79,17097854;-43,20263672;-54,19052124;535,5132446;539,9791807
79,18090954;-43,19247437;-54,36481476;535,2435303;539,7284128
79,19084054;-43,10797119;-54,31826019;535,2210083;539,6946343
79,20077254;-43,22183228;-54,65849304;535,3331909;539,8493336
79,21070354;-43,2048645;-54,4781189;535,0911255;539,5896944
79,22063554;-43,42059326;-54,49320984;535,1470337;539,6639746
79,23056692;-43,07821655;-54,44485474;535,4552612;539,937322
79,24049792;-43,18994141;-54,69487762;535,7668457;540,2804953
79,25042992;-43,06005859;-54,17001343;535,4500122;539,9030233
79,26036092;-43,39315796;-54,61132813;535,2095337;539,7356837
79,27029292;-43,02584839;-54,33683014;535,5657959;540,0318847
79,28022392;-43,0987854;-54,48950958;535,6553955;540,1419394
79,29015492;-43,115448;-54,03186798;535,838562;540,2789549
79,30008692;-43,16195679;-54,32164764;535,526062;540,0018139
79,31001792;-43,21343994;-53,9125824;535,0079346;539,451071
79,31994892;-43,47854614;-54,41159058;535,0643311;539,5783942
79,32988092;-43,31497192;-54,06180573;535,1171265;539,5824355
79,33981192;-43,27832031;-54,43247223;535,0393677;539,5396482
79,34974392;-43,39404297;-54,43050385;534,9000244;539,4105661
79,35967492;-43,42840576;-54,56163025;534,8551636;539,3820946
79,36960592;-43,25134277;-54,10973358;534,9118652;539,3785734
79,37953792;-43,25238037;-54,5422287;535,2098389;539,7176991
79,38946892;-43,20715332;-54,15146637;534,8425903;539,3105189
79,39940092;-43,30276489;-54,71604919;535,5332642;540,0600453
79,40933192;-43,0098877;-54,14655304;535,5517578;539,9975786
79,41926292;-43,21035767;-54,4599762;535,9715576;540,461409
79,42919492;-42,99502563;-54,14461517;535,6969604;540,1402087
79,43912592;-43,16625977;-54,53878784;535,5926514;540,0900791
79,44905792;-43,08847046;-54,45107269;535,5139771;539,9969956
79,45898892;-43,18859863;-54,42584229;535,0968628;539,5888063
79,46891992;-43,21133423;-54,08614349;535,2002563;539,6590078
79,47885192;-43,42596436;-54,42795563;535,288147;539,7977557
79,48878292;-43,42776489;-54,22198486;535,7521973;540,2373657
79,49871492;-43,4772644;-54,64111328;535,5005493;540,0340379
79,50864592;-43,33016968;-54,03553009;535,4454346;539,9066174
79,51857692;-43,32516479;-54,60903168;535,4891968;540,0073112
79,52850892;-43,18951416;-54,26873779;535,2767944;539,7514953
79,53843992;-43,10580444;-54,68138885;535,3670044;539,8759062
79,54837192;-43,02737427;-54,49934387;535,230896;539,7162638
79,55830292;-43,27331543;-54,58860779;535,1445313;539,6593048
79,56823392;-42,99612427;-54,18682098;534,6253052;539,0817148
79,57816592;-43,1678772;-54,75530243;535,2918701;539,8138522
79,58809692;-43,12295532;-54,26966095;535,5003662;539,9679876
79,59802892;-43,20306396;-54,57084656;535,4713745;539,9759948
79,60795992;-43,15975952;-53,93440247;535,0598755;539,500468
79,61789092;-43,24588013;-54,06359863;534,9837646;539,4448139
79,62782292;-43,14813232;-54,00596619;534,9420776;539,3898703
79,63775392;-43,18188477;-54,31890106;535,1056519;539,5862089
79,64768592;-43,06616211;-53,91290283;534,8450317;539,2777609
79,65761692;-43,14083862;-54,51338959;534,6216431;539,1225675
79,66754792;-43,1305542;-53,97605896;534,5705566;539,0170124
79,67747992;-43,15551758;-54,34699249;534,8762207;539,3594031
79,68741092;-42,98394775;-54,15446472;534,7466431;539,1978283
79,69734192;-43,19213867;-54,62397003;534,9083862;539,42221
79,70727392;-42,94509888;-54,29006958;534,9730225;539,4328762
79,71720492;-43,137146;-54,57290649;535,1444092;539,6466938
79,72713692;-42,92211914;-54,22187805;535,031311;539,4819961
79,73706792;-43,18777466;-54,72634125;535,2772827;539,7980416
79,74699892;-42,9708252;-54,18125153;535,2037964;539,6528546
79,75693092;-43,35940552;-54,31306458;535,0057373;539,5007748
79,76686192;-43,18408203;-54,03690338;535,0460815;539,498991
79,77679392;-43,24163818;-54,50855255;535,0872192;539,59184
79,78672492;-43,04156494;-54,15148163;535,2573853;539,7086508
79,79665592;-43,22900391;-54,67546082;535,1542358;539,6741692
79,80658792;-42,97808838;-54,04222107;534,9136963;539,3517778
79,81651892;-43,2114563;-54,5555954;535,359436;539,8641206
79,82645092;-43,06222534;-54,2388382;534,829834;539,2950567
79,83638192;-43,27194214;-54,48298645;535,0219727;539,5269854
79,84631292;-43,32989502;-54,25945282;534,7347412;539,2242683
79,85624492;-43,30462646;-54,53033447;535,3336182;539,8434317
79,86617592;-43,2086792;-54,26250458;535,3811035;539,8558468
79,87610792;-43,46984863;-54,82069397;535,4240112;539,9757476
79,88603892;-43,03167725;-54,44063568;535,0011597;539,4828532
79,89596992;-43,07666016;-54,83100128;534,8487549;539,3748492
79,90590192;-42,8454895;-54,32926178;534,640625;539,0992511
79,91583292;-42,8454895;-54,32926178;534,640625;539,0992511
79,92576492;-43,07095337;-54,84546661;535,0661621;539,5914474
79,93569592;-43,15127563;-54,31636047;534,68573;539,1670701
79,94562692;-43,21337891;-54,58546448;534,6096191;539,1237464
79,95555892;-43,06112671;-54,38088226;534,7666016;539,2465662
79,96548992;-43,37176514;-54,74911499;534,8684692;539,4097283
79,97542192;-43,17001343;-54,30147552;534,7212524;539,202298
79,98535292;-42,97979736;-54,71144867;534,923584;539,4291856
79,99528392;-42,95175171;-54,36907959;534,8294678;539,2989981
80,00521592;-43,21765137;-54,46622467;535,0602417;539,5588914
80,01514692;-43,10263062;-54,22145844;534,4765625;538,9461932
80,02507792;-43,40820313;-54,45272827;534,5988159;539,115262
80,03500992;-43,21109009;-54,09613037;534,7892456;539,2523777
80,04494092;-43,32763672;-54,55431366;534,8076782;539,3261628
80,05487292;-43,29040527;-54,43358612;534,2399902;538,7480317
80,06480392;-43,3145752;-54,84668732;534,5002441;539,0499258
80,07473492;-43,19985962;-54,57369232;534,3355103;538,8496574
80,08466692;-43,2276001;-55,06477356;534,3574219;538,9235651
80,09459792;-43,20141602;-54,19535065;534,4154663;538,8908878
80,10452992;-43,32885742;-54,69108582;534,6826172;539,2161031
80,11446092;-43,21658325;-54,13804626;534,9016724;539,3685199
80,12439192;-43,38952637;-54,54060364;535,1044922;539,6240784
80,13432392;-43,29772949;-53,88063812;534,7016602;539,1508897
80,14425492;-43,45410156;-54,45655823;534,8591919;539,3775402
80,15418692;-43,15176392;-54,09137726;534,9255371;539,3823153
80,16411792;-43,25595093;-54,34725189;534,6177368;539,111144
80,17404892;-43,23022461;-54,01833344;534,5201416;538,9792338
80,18398092;-43,31771851;-54,61833954;534,8960571;539,419484
80,19391192;-43,01147461;-53,97766113;534,4180908;538,8564472
80,20384392;-43,02908325;-54,50273895;534,673584;539,1640678
80,21377492;-42,9380188;-53,84534454;534,2225342;538,6433984
80,22370592;-43,30932617;-54,54991913;534,5123901;539,0314338
80,23363779;-43,10583496;-54,14186859;534,4396973;538,9018881
80,24356879;-43,20214844;-54,52516174;534,5916138;539,0988893
80,25350079;-42,86437988;-54,25920868;534,5697021;539,0233606
80,26343179;-43,13214111;-54,46253204;535,0165405;539,5083388
80,27336279;-42,84649658;-54,07771301;534,4490967;538,8840861
80,28329479;-43,1473999;-54,7317276;534,5480347;539,0722229
80,29322579;-43,190979;-54,28031921;534,4256592;538,9087111
80,30315779;-43,43005371;-54,36793518;534,527771;539,0380134
80,31308879;-43,115448;-54,09688568;534,454895;538,9132117
80,32301979;-43,33996582;-54,52865601;534,5689087;539,0877898
80,33295179;-43,11508179;-54,02194977;534,0113525;538,465789
80,34288279;-43,37976074;-54,44538879;533,871582;538,391094
80,35281479;-43,30279541;-54,1295166;534,1187744;538,5981822
80,36274579;-43,4493103;-54,55234528;534,3724365;538,9041676
80,37267679;-43,21582031;-54,38664246;534,4466553;538,942243
80,38260879;-43,3404541;-54,59861755;534,4126587;538,9399723
80,39253979;-43,1960144;-54,27435303;534,4695435;538,9520331
80,40247179;-43,22772217;-54,91757202;534,4494019;538,9997577
80,41240279;-43,06472778;-54,50751495;534,1140747;538,6125553
80,42233379;-43,17407227;-54,48186493;534,1881104;538,6921304
80,43226579;-43,00314331;-54,20773315;534,2160645;538,678524
80,44219679;-43,2975769;-54,69400024;534,7918091;539,3221606
80,45212779;-43,18530273;-54,22416687;534,2515869;538,7299776
80,46205979;-43,32507324;-54,64176178;534,0539551;538,5874219
80,47199079;-43,09207153;-54,11253357;534,4094238;538,8678179
80,48192279;-43,34732056;-54,47792053;534,5667725;539,0811333
80,49185379;-43,08001709;-54,05561066;533,9054565;538,361341
80,50178479;-43,34347534;-54,33059692;534,5696411;539,0688006
80,51171679;-42,97744751;-54,15897369;534,3308716;538,7854264
80,52164779;-43,45278931;-54,50671387;534,2046509;538,7334552
80,53157979;-43,03030396;-54,20355225;533,9510498;538,4174549
80,54151079;-43,27902222;-54,58889008;534,1762085;538,6995846
80,55144179;-43,04290771;-54,52746582;533,9955444;538,4952905
80,56137379;-43,36270142;-54,55216217;534,2355347;538,761421
80,57130479;-43,30429077;-54,09829712;534,3557739;538,8301963
80,58123679;-43,3041687;-54,45392609;534,2837524;538,7945891
80,59116779;-43,19091797;-54,11968994;534,097229;538,5668448
80,60109879;-43,53442383;-54,35336304;533,9993896;538,5210138
80,61103079;-43,28344727;-54,14189148;534,2159424;538,6942308
80,62096179;-43,38336182;-54,46528625;534,5241089;539,0404498
80,63089379;-43,2565918;-54,11276245;534,3984375;538,870127
80,64082479;-43,25878906;-54,68925476;534,5426636;539,0715134
80,65075579;-43,27026367;-54,32315826;534,3215942;538,8161907
80,66068779;-43,38531494;-54,37471771;533,8549805;538,3679371
80,67061879;-43,26751709;-54,11263275;533,9992065;538,4750762
80,68055079;-43,31060791;-54,44957733;534,1328125;538,6449913
80,69048179;-43,2121582;-54,2486496;534,4365234;538,9179939
80,70041279;-43,44104004;-54,66889191;534,6118164;539,1526741
80,71034479;-43,43658447;-54,49974823;534,614502;539,1378535
80,72027579;-43,38201904;-54,60549164;534,8430176;539,3707563
80,73020779;-43,4402771;-54,36914825;534,6033936;539,1139493
80,74013879;-43,41491699;-54,50416565;534,06073;538,5874325
80,75006979;-43,29116821;-54,36683655;534,425415;538,925229
80,76000179;-43,37109375;-54,53001404;534,7369995;539,257112
80,76993279;-43,42434692;-54,23492432;534,2444458;538,7431937
80,77986379;-43,45501709;-54,48374176;534,166687;538,6936663
80,78979579;-43,36361694;-54,3755188;534,3577881;538,864868
80,79972679;-43,29400635;-54,59883118;534,4397583;538,9631329
80,80965879;-43,24078369;-54,43196106;534,1724243;538,6768815
80,81958979;-43,21353149;-54,41061401;534,0485229;538,5496719
80,82952079;-43,21072388;-54,38969421;533,913208;538,4131492
80,83945279;-43,23580933;-54,04725647;533,7649536;538,2336545
80,84938379;-43,22457886;-53,97021484;533,8834229;538,3425095
80,85931579;-43,33734131;-54,4769516;534,2557373;538,7718035
80,86924679;-43,56454468;-54,16226196;534,1363525;538,6400127
80,87917779;-43,21957397;-54,18193054;534,5153198;538,9900187
80,88910979;-43,16558838;-54,18167114;534,1513672;538,6247345
80,89904079;-43,42373657;-54,08226776;534,0682373;538,5530565
80,90897279;-43,33181763;-54,06564331;534,1630249;538,6379836
80,91890379;-43,26315308;-54,2739563;534,3743286;538,8629564
80,92883479;-43,40444946;-54,06742096;534,0461426;538,5281001
80,93876679;-43,40444946;-54,06742096;534,0461426;538,5281001
80,94869779;-43,34802246;-54,45638275;534,1094971;538,625569
80,95862979;-43,49716187;-54,05912781;533,8250732;538,315522
80,96856079;-43,48803711;-54,0807724;534,0168457;538,5071316
80,97849179;-43,3616333;-54,15335083;534,2857056;538,7708528
80,98842379;-43,41598511;-54,16701508;533,9869995;538,4803886
80,99835479;-43,54830933;-54,38441467;533,9178467;538,4444139
81,00828679;-43,40255737;-54,34616089;534,0318604;538,5418415
81,01821779;-43,39794922;-54,21390533;534,05896;538,5550132
81,02814879;-43,46615601;-54,61837769;534,2890015;538,8294823
81,03808079;-43,51022339;-54,32408905;534,2924805;538,806738
81,04801179;-43,55950928;-54,31450653;534,5650635;539,080053
81,05794379;-43,39816284;-54,50868988;534,4598389;538,9822976
81,06787479;-43,3430481;-54,48298645;534,3939209;538,9098981
81,07780579;-43,41830444;-54,50134277;533,9440308;538,4717017
81,08773779;-43,37161255;-54,53855896;534,4072876;538,9310719
81,09766879;-43,19360352;-54,41294098;534,3623047;538,8594698
81,10760079;-43,44052124;-54,6102829;534,1434937;538,6823124
81,11753179;-43,50506592;-54,59371185;534,0994263;538,6421458
81,12746279;-43,69134521;-54,27346039;534,0645752;538,5903013
81,13739479;-43,58789063;-54,28427887;534,0564575;538,5749595
81,14732579;-43,37414551;-54,4668808;534,3461304;538,8633822
81,15725679;-43,3208313;-54,29269409;534,4411011;538,9356934
81,16718879;-43,462677;-54,36985016;534,3427124;538,8573273
81,17711979;-43,59466553;-54,2771225;534,5935669;539,1073944
81,18705179;-43,60977173;-54,04518127;534,4713745;538,9641398
81,19698279;-43,48797607;-54,26317596;534,1998901;538,706988
81,20691379;-43,44552612;-54,30644989;534,3343506;538,8412591
81,21684579;-43,53585815;-54,35588837;534,4485474;538,9667739
81,22677679;-43,52883911;-54,34352112;534,4749146;538,9911061
81,23670821;-43,66928101;-54,09746552;534,0870361;538,5930783
81,24663921;-43,41317749;-54,21134949;533,2223511;537,726371
81,25657021;-43,42874146;-54,36947632;534,053772;538,5680337
81,26650221;-43,52337646;-54,21975708;534,083252;538,5898127
81,27643321;-43,2364502;-54,30171204;534,0779419;538,5696933
81,28636521;-43,43817139;-54,27623749;533,9193115;538,4260543
81,29629621;-43,38845825;-54,29908752;533,7553711;538,2617815
81,30622721;-43,49508667;-54,38878632;533,9672241;538,4895162
81,31615921;-43,59109497;-54,4092865;534,1676025;538,6980431
81,32609021;-43,537323;-54,02025604;534,062561;538,5503743
81,33602221;-43,63336182;-54,32439423;534,0413818;538,5677372
81,34595321;-43,50192261;-54,1784668;533,8989258;538,401139
81,35588421;-43,5909729;-54,14332581;534,0689087;538,5733672
81,36581621;-43,66448975;-54,25705719;534,0880737;538,6097719
81,37574721;-43,61590576;-54,26377106;533,8027954;538,323628
81,38567921;-43,66668701;-54,30583191;533,7028198;538,2328519
81,39561021;-43,61242676;-54,14566803;533,303894;537,8167351
81,40554121;-43,51535034;-53,99066162;534,2236328;538,7053621
81,41547321;-43,38735962;-54,34287262;534,4219971;538,9271581
81,42540421;-43,10144043;-54,20573425;533,9990234;538,4709396
81,43533621;-43,19146729;-54,1686554;533,8377686;538,3145077
81,44526721;-43,27502441;-54,01482391;534,2698364;538,7342453
81,45519821;-43,23526001;-54,06249237;533,9423218;538,4110361
81,46513021;-43,4258728;-53,95547485;533,8237305;538,2980354
81,47506121;-43,45376587;-54,21548462;533,5979614;538,1025302
81,48499321;-43,43310547;-54,12911224;534,2849121;538,7733872
81,49492421;-43,44274902;-54,08894348;534,3531494;538,8377998
81,50485521;-43,30587769;-54,02337646;533,9829712;538,4530971
81,51478721;-43,38061523;-54,42120361;534,2070313;538,7213542
81,52471821;-43,27746582;-54,40222931;534,0883179;538,5934208
81,53465021;-43,44946289;-54,21296692;533,9713745;538,4722188
81,54458121;-43,20779419;-54,01091003;534,1530151;538,6126024
81,55451221;-43,71731567;-54,05844116;534,1606445;538,6660495
81,56444421;-43,39428711;-54,22537231;533,968811;538,4664765
81,57437521;-43,62796021;-54,08996582;533,6466064;538,1522311
81,58430721;-43,57330322;-54,30622864;533,9256592;538,4462914
81,59423821;-43,61071777;-54,54210663;534,2856445;538,8301087
81,60416921;-43,23464966;-54,31227875;534,1340332;538,6262377
81,61410121;-43,38272095;-54,52923584;534,1763306;538,702005
81,62403221;-43,3296814;-54,3941803;534,531189;539,0359729
81,63396321;-43,58062744;-54,3736496;534,647583;539,1695493
81,64389521;-43,45526123;-54,29894257;534,1765137;538,6847711
81,65382621;-43,54672241;-54,1348877;534,3465576;538,8442695
81,66375821;-43,20678711;-54,44998169;534,6585083;539,1579986
81,67368921;-43,27801514;-54,264534;534,4647827;538,9529017
81,68362021;-43,28823853;-54,39984894;533,9439697;538,4509058
81,69355221;-43,37265015;-54,46099091;533,800415;538,3215298
81,70348321;-43,33248901;-54,26404572;533,5192871;538,0196288
81,71341521;-43,67468262;-54,30603027;534,2282715;538,7545535
81,72334621;-43,5005188;-54,36568451;533,8580322;538,3793471
81,73327721;-43,78485107;-54,53882599;533,8952026;538,4567616
81,74320921;-43,59210205;-54,51346588;533,7542725;538,2988136
81,75314021;-43,55709839;-54,79938507;534,0015869;538,5702259
81,76307221;-43,62734985;-54,6427002;534,132019;538,6893206
86,32432412;-41,23358154;-58,87001801;636,6185303;640,6629694
86,33425612;-40,9319458;-58,52355957;636,4099731;640,4046261
86,34418712;-40,96188354;-58,59368896;636,3985596;640,4016106
86,35411812;-40,75817871;-58,33049011;636,3233032;640,2897949
86,36405012;-40,60705566;-58,42841339;635,8014526;639,7705054
86,37398112;-40,58685303;-58,19252777;635,8510132;639,7969787
86,38391212;-40,6494751;-58,42294312;635,5241089;639,4970782
86,39384412;-40,49691772;-58,0068512;635,2613525;639,1883769
86,40377512;-40,78250122;-58,52856445;635,8551636;639,8441953
86,41370612;-40,28179932;-58,23736572;635,7664185;639,6977044
86,42363812;-40,37762451;-58,66175079;635,3233643;639,3022218
86,43356912;-40,22064209;-58,68875885;635,3438721;639,3151854
86,44350112;-40,43255615;-58,81574249;635,543335;639,5384381
86,45343212;-40,49987793;-58,53292084;635,3688965;639,3433956
86,46336312;-40,63845825;-58,42132568;635,3389282;639,3122002
86,47329512;-40,79959106;-57,92300415;635,6530151;639,5892719
86,48322612;-40,71368408;-58,41803741;635,9641724;639,9380436
86,49315712;-40,50140381;-58,27155304;635,8063354;639,7543543
86,50308912;-40,82775879;-58,564888;635,9017334;639,8966843
86,51302012;-40,72598267;-58,21355438;635,7583008;639,7155935
86,52295212;-40,96707153;-58,31858063;636,0286865;640,0092561
86,53288312;-41,07440186;-58,32091522;635,9463501;639,9345247
86,54281412;-40,94839478;-59,00322723;636,3257446;640,3659931
86,55274612;-40,60049438;-59,04502106;636,5123901;640,5331666
86,56267712;-40,37084961;-59,6333847;636,7908325;640,8498346
86,57260812;-40,06710815;-59,52958679;636,7531128;640,7836386
86,58254012;-40,3069458;-59,38162231;636,7727661;640,8044808
86,59247112;-40,03396606;-59,3408432;636,7338867;640,7449544
86,60240212;-40,39178467;-59,66121674;637,0758057;641,1369114
86,61233412;-40,38146973;-59,3336792;636,5715942;640,6048261
86,62226512;-40,29019165;-59,68335724;636,7686157;640,8273345
86,63219712;-40,06124878;-59,32428741;636,0883179;640,1036032
86,64212812;-40,1524353;-59,59752655;636,7522583;640,7944457
86,65205912;-40,32366943;-59,22647858;636,5319824;640,5519017
86,66199112;-40,92233276;-58,81505585;636,3720703;640,3930512
86,67192212;-40,99179077;-58,64826965;636,5890503;640,5978188
86,68185312;-40,87713623;-58,49634552;636,0351563;640,0261578
86,69178512;-40,48114014;-58,29074097;635,9248047;639,8725579
86,70171612;-39,88870239;-58,87503815;640,8572998;644,7910184
86,71164812;-39,45211792;-59,05568695;645,9519653;649,8445855
86,72157946;-39,44003296;-59,23040771;650,0045776;653,8881467
86,73151046;-39,82928467;-58,64506531;646,5845947;650,4592637
86,74144246;-40,3560791;-58,41562653;644,3301392;648,2301495
86,75137346;-40,24465942;-58,33998871;642,8764038;646,7714105
86,76130446;-40,12472534;-58,75847626;642,1659546;646,0957091
86,77123646;-39,82757568;-58,70667267;641,430542;645,3416532
86,78116746;-40,08544922;-58,90539551;641,4179077;645,36317
86,79109846;-40,34643555;-58,75256348;640,6773682;644,6294972
86,80103046;-40,50311279;-58,80892944;640,859436;644,8254098
86,81096146;-40,37341309;-58,72328949;640,3619385;644,3150235
86,82089346;-40,51251221;-58,71463013;640,5493774;644,5092524
86,83082446;-40,28573608;-58,64776611;640,7814331;644,7195871
86,84075546;-40,1932373;-58,75685883;640,7033691;644,6461603
86,85068746;-40,09802246;-58,65659332;640,6402588;644,5683738
86,86061846;-40,25775146;-58,64879608;640,3775635;644,3165306
86,87054946;-40,63342285;-58,54965973;640,6925659;644,6441668
86,88048146;-40,60501099;-58,52292633;640,2644043;644,2144109
86,89041246;-40,45684814;-58,64033508;640,5488281;644,4984458
86,90034446;-40,37759399;-58,69969177;640,3718872;644,3230229
86,91027546;-40,43615723;-58,72818756;640,3065186;644,264325
86,92020646;-40,56121826;-58,73303223;640,663269;644,6271836
86,93013846;-40,71499634;-58,46569061;640,7271729;644,6760876
86,94006946;-40,7956543;-58,34968567;640,4727173;644,4177782
86,95000046;-40,88516235;-58,44353485;640,2319336;644,1926514
86,95993246;-40,61700439;-58,46891785;640,2338257;644,1798716
86,96986346;-40,51654053;-58,74227905;639,8526611;643,8195969
86,97979446;-40,26300049;-58,69827271;640,1962891;644,1411995
86,98972646;-40,15057373;-58,43320465;639,590332;643,5078094
86,99965746;-40,15142822;-57,97808075;639,7490234;643,6244309
87,00958946;-40,41537476;-58,07556152;639,4890747;643,3913661
87,01952046;-40,37356567;-58,50067139;639,3978271;643,3365641
87,02945146;-40,17831421;-58,32038116;639,5684204;643,4775273
87,03938346;-40,32077026;-58,06731415;639,5450439;643,4403164
87,04931446;-40,44012451;-57,93048096;639,8213501;643,7101089
87,05924546;-40,58102417;-57,60298157;639,4197388;643,2903896
87,06917746;-40,6980896;-57,81339264;639,6530151;643,5485239
87,07910846;-40,76461792;-57,78079987;639,6459351;643,5427703
87,08903946;-40,68908691;-57,66605377;639,6126709;643,4946343
87,09897146;-40,51754761;-57,95323181;639,6013184;643,4983257
87,10890246;-40,49304199;-58,17527771;639,7418213;643,6564668
87,11883446;-40,42095947;-57,70098114;639,8167725;643,6837418
87,12876546;-40,63354492;-58,2071991;640,1242065;644,0482612
87,13869646;-40,64056396;-57,99877167;639,6735229;643,581952
87,14862846;-40,48400879;-58,27798462;639,7976685;643,7206964
87,15855946;-40,46905518;-58,2286911;639,8562012;643,7734719
87,16849046;-40,4621582;-58,50246429;639,654541;643,5974335
87,17842246;-40,36593628;-58,46614838;639,8873291;643,819457
87,18835346;-40,48403931;-58,76270294;640,0692749;644,0346958
87,19828546;-40,37606812;-58,56776428;639,6942139;643,6373957
87,20821646;-40,51293945;-58,37745667;639,6183472;643,5533045
87,21814746;-40,48788452;-58,27043915;639,6965332;643,6197382
87,22807946;-40,42648315;-58,38370514;639,3108521;643,2428182
87,23801046;-40,37179565;-58,13790131;639,6020508;643,5065507
87,24794146;-40,45016479;-58,31723022;639,7148438;643,6398034
87,25787346;-40,44998169;-58,15073395;639,6494751;643,5597563
87,26780446;-40,44998169;-58,15073395;639,6494751;643,5597563
87,27773646;-40,48571777;-58,33294678;639,3100586;643,24115
87,28766746;-40,50753784;-58,24163818;639,0096436;642,9356683
87,29759846;-40,82342529;-58,39826965;638,8266602;642,787999
87,30753046;-40,57653809;-58,23174286;639,3718262;643,2990933
87,31746146;-40,3838501;-58,41945648;639,1086426;643,0424133
87,32739246;-40,23901367;-58,15571594;639,0966187;642,9974755
87,33732446;-40,44812012;-58,26330566;639,0999146;643,0236108
87,34725546;-40,52908325;-58,12510681;639,4343262;643,3485775
87,35718646;-40,67559814;-58,27062225;639,2796631;643,2172707
87,36711846;-40,74017334;-58,06391907;639,6085815;643,5295782
87,37704946;-40,6902771;-58,02521515;639,1292114;643,0464782
87,38698146;-40,74917603;-57,94367981;638,9155273;642,8304726
87,39691246;-41,05673218;-58,01277161;639,0662231;643,0060455
87,40684346;-40,86123657;-58,11299896;638,8861694;642,8236918
87,41677546;-40,99945068;-58,21115875;639,0802002;643,0342108
87,42670646;-40,762146;-57,96131134;639,0657959;642,9822374
87,43663746;-40,97195435;-58,00859833;639,0661621;643,0002007
87,44656946;-40,50827026;-58,07732391;639,0881958;642,998925
87,45650046;-40,78887939;-58,48947906;639,2385864;643,2034843
87,46643146;-40,50521851;-58,35499573;639,1921997;643,1272397
87,47636346;-40,76376343;-58,29718018;639,4497681;643,3943204
87,48629446;-40,50918579;-58,71168518;639,296814;643,2639213
87,49622646;-40,42803955;-58,87882233;639,5030518;643,4790558
87,50615746;-40,109375;-58,7638855;639,6629028;643,6074778
87,51608846;-40,25494385;-58,8529892;639,3457642;643,3095219
87,52602046;-40,07138062;-58,94190216;639,0939941;643,0559826
87,53595146;-40,29736328;-59,0633316;639,1264038;643,113454
87,54588246;-40,39450073;-58,61053467;639,0768433;643,0288656
87,55581446;-40,54006958;-58,56077576;638,9977417;642,9548784
87,56574546;-40,56057739;-58,45903015;639,190979;643,1389634
87,57567746;-40,60046387;-58,93855286;639,5775146;643,5693808
87,58560846;-40,47418213;-58,7634201;639,2817383;643,2514593
87,59553946;-40,64160156;-58,67900848;639,0979004;643,0716073
87,60547146;-40,4213562;-58,65531158;639,1334839;643,0909281
87,61540246;-40,69476318;-58,89360046;639,4801025;643,474414
87,62533346;-40,48574829;-58,74861908;639,4315186;643,3996915
87,63526546;-40,7250061;-59,03902435;638,8873901;642,9006376
87,64519646;-40,44537354;-59,06871796;639,1306763;643,1274858
87,65512746;-40,31936646;-59,31565857;639,8609009;643,8679765
87,66505946;-40,26416016;-59,03690338;639,0845337;643,0673369
87,67499046;-40,20071411;-59,21679688;638,9309692;642,9272975
87,68492246;-40,15548706;-59,15341187;638,9416504;642,9292511
87,69485346;-40,37600708;-59,25861359;638,9588013;642,9697932
87,70478446;-40,14736938;-59,25681305;638,1646118;642,1660634
87,71471646;-40,31118774;-59,20707703;638,8087769;642,8118879
87,72464658;-40,01556396;-59,15168762;639,0072021;642,9855145
87,73457758;-40,37490845;-58,92369843;639,0093994;642,9892285
87,74450958;-40,27328491;-58,88553619;638,9736328;642,9438135
87,75444058;-40,57418823;-58,8886795;638,7103882;642,7014091
87,76437258;-40,3605957;-58,93183899;638,7865601;642,7676164
87,77430358;-40,59555054;-58,88751221;638,1442261;642,1400089
87,78423458;-40,19815063;-58,8923645;638,413147;642,3827116
87,79416658;-40,57092285;-58,98264313;638,44104;642,442148
87,80409758;-40,27041626;-58,8013382;638,473877;642,4392542
87,81402858;-40,54818726;-59,05615234;638,9072876;642,9108078
87,82396058;-40,29937744;-58,72646332;638,6842651;642,6433131
87,83389158;-40,45361328;-58,93037415;639,1502686;643,1347834
87,84382258;-40,36239624;-58,85973358;638,913147;642,8869268
87,85375458;-40,51531982;-58,9644165;638,8734131;642,8666514
87,86368558;-40,15203857;-59,12701416;638,9074707;642,8926397
87,87361758;-40,37850952;-59,45062256;639,2036133;643,2309537
87,88354858;-39,85562134;-59,14956665;639,0310059;642,9990422
87,89347958;-40,31744385;-59,23821259;638,5824585;642,5902415
87,90341158;-40,31311035;-59,32796478;638,781189;642,7957387
87,91334258;-40,69638062;-59,34544373;639,276001;643,3132072
87,92327358;-40,37969971;-59,35431671;639,1858521;643,2044842
87,93320558;-40,65496826;-59,15914154;639,0826416;643,1012776
87,94313658;-40,36782837;-58,86424255;638,7380981;642,7137144
87,95306858;-40,81304932;-59,08506012;639,2631226;643,2838325
87,96299958;-40,3762207;-59,03714752;639,2269287;643,2158972
87,97293058;-40,74163818;-59,02401733;639,0740356;643,0857942
87,98286258;-40,38439941;-59,1229248;638,8469849;642,846708
87,99279358;-40,57644653;-59,26998138;638,6528931;642,6794664
88,00272458;-40,27523804;-59,29545593;638,6311035;642,6412158
88,01265658;-40,26394653;-59,56292725;638,8580322;642,8907474
88,02258758;-39,99264526;-59,3039856;638,7114868;642,7042382
88,03251858;-40,49310303;-59,40583801;638,2730713;642,3093169
88,04245058;-40,09881592;-59,31878662;638,0670166;642,0717648
88,05238158;-40,3916626;-59,30447388;638,0949707;642,1165772
88,06231358;-40,15637207;-58,96102142;638,0065308;641,9822969
88,07224458;-40,43478394;-59,16599274;638,3258667;642,3359701
88,08217558;-40,16357422;-58,92260742;638,3892212;642,3595443
88,09210758;-40,77044678;-58,99415588;638,4423218;642,4571098
88,10203858;-40,33502197;-58,89837646;638,145874;642,1262253
88,11196958;-40,46630859;-58,92932129;638,0089111;642,0012132
88,12190158;-40,12091064;-58,90908051;638,0410767;642,0096438
88,13183258;-40,63775635;-59,22141266;638,3255615;642,3535829
88,14176458;-40,25744629;-59,10958862;638,550354;642,5427301
88,15169558;-40,64892578;-59,28548431;638,4744263;642,5081298
88,16162658;-40,29489136;-59,19541931;638,6157837;642,6180009
88,17155858;-40,57644653;-59,6469574;638,6426392;642,7041529
88,18148958;-40,18826294;-59,24604034;639,0482178;643,0457328
88,19142058;-40,58364868;-59,35716248;638,8603516;642,8941235
88,20135258;-40,19943237;-59,02655792;638,6921387;642,6723714
88,21128358;-40,34609985;-59,05914307;639,0519409;643,0421241
88,22121458;-40,25793457;-58,84432983;638,7466431;642,7134902
88,23114658;-40,6222229;-59,23448181;638,5911255;642,6177047
88,24107758;-40,38244629;-58,96748352;638,6362915;642,6229212
88,25100958;-40,89022827;-59,08657074;638,2664795;642,2984761
88,26094058;-40,38796997;-58,89672089;638,055481;642,0395694
88,27087158;-40,61868286;-58,9043808;638,588501;642,5845291
88,28080358;-40,61868286;-58,9043808;638,588501;642,5845291
88,29073458;-40,31027222;-58,67076874;638,4675293;642,4235076
88,30066558;-40,65145874;-59,09140778;638,4606934;642,4767642
88,31059758;-40,50897217;-58,8609848;638,3787231;642,3651505
88,32052858;-40,56991577;-59,25800323;638,3733521;642,40016
88,33045958;-40,53182983;-59,04325104;638,7955933;642,7975923
88,34039158;-40,73657227;-59,24204254;638,6481323;642,6822892
88,35032258;-40,32635498;-59,11592865;638,7128296;642,7090995
88,36025458;-40,35852051;-59,21379089;638,473999;642,4827863
88,37018558;-40,20721436;-59,081604;638,5881348;642,5745574
88,38011658;-40,50866699;-59,00807953;638,4717407;642,4710649
88,39004858;-40,58126831;-58,93722534;638,0946045;642,0943546
88,39997958;-40,6947937;-59,08653259;637,9421997;641,9638111
88,40991058;-40,42922974;-58,72244263;637,8869019;641,8586663
88,41984258;-40,64862061;-58,91732025;637,9269409;641,9301698
88,42977358;-40,50161743;-58,5898056;637,9954834;641,9590199
88,43970558;-40,71481323;-58,79108429;637,9402466;641,9360138
88,44963658;-40,48693848;-58,38934326;638,6324463;642,5728823
88,45956758;-40,60455322;-58,90018463;638,680481;642,6746597
88,46949958;-40,35946655;-58,68466949;638,2511597;642,2128306
88,47943058;-40,43652344;-58,88625336;638,3303223;642,314801
88,48936158;-40,15148926;-58,90148926;638,2775879;642,2459083
88,49929358;-40,10818481;-59,26533508;638,0211792;642,0218622
88,50922458;-40,15130615;-58,96797943;637,9916382;641,9678188
88,51915558;-40,2149353;-59,32172394;638,4262085;642,4362471
88,52908758;-40,22866821;-59,00770569;638,282959;642,2658257
88,53901858;-40,40805054;-59,00079346;638,1340942;642,1285124
88,54895058;-40,27218628;-58,75980377;637,7827148;641,7486696
88,55888158;-40,30953979;-59,32527161;637,6798096;641,7007764
88,56881258;-40,13546753;-58,85241699;637,7374268;641,7035828
88,57874458;-40,53314209;-58,99524689;637,5784302;641,5836885
88,58867558;-40,54037476;-58,54286957;637,5845947;641,5488329
88,59860658;-40,75088501;-58,88640594;638,0108032;642,0171559
88,60853858;-40,71395874;-58,6804657;637,7141113;641,7011074
88,61846958;-40,78823853;-58,99040985;637,9109497;641,9298471
88,62840158;-40,54605103;-58,6230545;637,8399658;641,8103044
88,63833258;-40,62643433;-59,39020538;637,9282837;641,9736745
88,64826358;-40,45843506;-59,04272461;637,9439087;641,946539
88,65819558;-40,62149048;-59,34111786;638,199585;642,2384168
88,66812658;-40,60159302;-59,25906372;637,8511353;641,8833202
88,67805758;-40,3866272;-59,63317108;637,8667603;641,9199316
88,68798958;-40,24926758;-59,14661407;638,0297852;642,0282955
88,69792058;-40,23968506;-59,5814743;638,1209106;642,1584547
88,70785258;-40,1491394;-59,10809326;637,8268433;641,8167979
88,71778358;-40,39886475;-59,51288605;638,0610962;642,1026509
88,72771571;-40,19674683;-59,09117889;637,7294922;641,7214747
88,73764771;-40,52664185;-59,22257233;637,687561;641,7126672
88,74757871;-40,51037598;-58,88430786;638,0466309;642,0373474
88,75750971;-40,6857605;-58,91496277;638,0751953;642,0796359
88,76744171;-40,62030029;-58,58771515;637,7387695;641,7112024
88,77737271;-40,71810913;-58,97032928;638,166748;642,1777499
88,78730371;-40,61154175;-58,71286774;637,9781494;641,9599811
88,79723571;-40,52255249;-59,20491791;638,3286133;642,3478171
88,80716671;-40,181427;-58,91305542;638,0371704;642,0099111
88,81709871;-40,53125;-59,35923004;637,8001709;641,837486
88,82702971;-40,14498901;-59,07687378;637,578064;641,5664305
88,83696071;-40,65390015;-59,29942322;637,8331909;641,8725268
88,84689271;-40,37625122;-58,96549988;638,147583;642,1366751
88,85682371;-40,39450073;-59,47652435;638,0682373;642,1061035
88,86675471;-40,19345093;-59,0943985;637,5100098;641,5034481
88,87668671;-40,30847168;-59,36839294;637,4477539;641,4740976
88,88661771;-40,39596558;-58,88562012;637,5465698;641,5333031
88,89654871;-40,41641235;-59,23795319;639,4556885;643,4642174
88,90648071;-40,3392334;-58,80885315;639,1245117;643,0908773
88,91641171;-40,45663452;-59,04559326;638,9005737;642,8973981
88,92634371;-40,36270142;-58,62784576;639,3505859;643,3005081
88,93627471;-40,58111572;-59,01276398;638,8087769;642,8110038
88,94620571;-40,50762939;-58,5814209;638,680481;642,6394072
88,95613771;-40,512146;-58,95937347;638,4675903;642,4626881
88,96606871;-40,21621704;-58,75771332;638,5521851;642,5096933
88,97599971;-40,34796143;-58,95713043;638,2492676;642,2351818
88,98593171;-40,21575928;-58,81453705;638,2367554;642,2013804
88,99586271;-40,41116333;-59,186203;638,3929443;642,4030044
89,00579471;-40,43847656;-58,79695892;638,5755615;642,5504654
89,01572571;-40,40283203;-59,37722015;639,0889893;643,1117938
89,02565671;-40,40307617;-59,1908493;638,9938965;643,0001283
89,03558871;-40,31814575;-59,31455231;639,1418457;643,1532227
89,04551971;-40,37310791;-59,00312042;639,045166;643,0319434
89,05545071;-40,46505737;-59,22304535;638,6928711;642,7078446
89,06538271;-40,34796143;-58,76793671;638,8846436;642,849295
89,07531371;-40,67294312;-59,19871521;638,6879883;642,713873
89,08524471;-40,37918091;-58,79261017;638,600647;642,5712689
89,09517671;-40,68716431;-59,17362976;638,2929077;642,3198579
89,10510771;-40,44039917;-58,67611694;638,350708;642,3160741
89,11503971;-40,66864014;-58,7961731;638,4133911;642,4037564
89,12497071;-40,45541382;-58,6606369;638,3520508;642,3169401
89,13490171;-40,58602905;-59,162323;638,6343994;642,6517738
89,14483371;-40,2699585;-58,81021881;637,9674683;641,9367585
89,15476471;-40,11712646;-59,19819641;637,9387207;641,9342814
89,16469571;-40,06890869;-58,86574554;638,1035156;642,064475
89,17462771;-40,46157837;-59,26911163;638,2244263;642,2463587
89,18455871;-40,05041504;-58,78897095;638,0526733;642,0057576
89,19449071;-40,31433105;-59,31702423;638,0172729;642,0356651
89,20442171;-40,12298584;-58,84408569;638,3184204;642,2794456
89,21435271;-40,32385254;-59,26403046;638,1356812;642,1490372
89,22428471;-40,15637207;-58,78295135;637,9700317;641,9296932
89,23421571;-40,4850769;-59,23284149;637,9031982;641,925277
89,24414671;-40,24377441;-58,75221252;637,6282349;641,5926665
89,25407871;-40,64303589;-59,17385864;637,4852295;641,5144735
89,26400971;-40,71350098;-58,63983154;637,3322754;641,3178995
89,27394071;-40,66183472;-58,78557587;637,6967163;641,6901361
89,28387271;-40,66183472;-58,78557587;637,6967163;641,6901361
89,29380371;-40,58374023;-58,57309723;637,1310425;641,1035899
89,30373571;-40,83389282;-59,2321167;637,4152222;641,4624041
89,31366671;-40,50125122;-58,97695923;637,7821045;641,7823976
89,32359771;-40,58023071;-59,19888306;637,894165;641,9191761
89,33352971;-40,50662231;-58,7271347;637,2398071;641,2208938
89,34346071;-40,63806152;-59,34915924;637,7303467;641,7739242
89,35339171;-40,39468384;-58,75614929;637,3834229;641,3592155
89,36332371;-40,67364502;-59,10783386;637,836731;641,8596239
89,37325471;-40,5581665;-58,77282715;637,6494141;641,6353991
89,38318571;-40,6786499;-59,08847809;637,847229;641,8685912
89,39311771;-40,52307129;-58,68494415;638,0466919;642,0199553
89,40304871;-40,77807617;-59,04283905;637,4970093;641,5226771
89,41298071;-40,58456421;-58,89779663;637,4759521;641,4761468
89,42291171;-40,68301392;-59,19796753;638,2907715;642,3197147
89,43284271;-40,66778564;-58,81575775;638,0784912;642,0726774
89,44277471;-40,8729248;-59,17414093;638,3189697;642,3575967
89,45270571;-40,48260498;-58,73242188;637,9282227;641,9040084
89,46263671;-40,85122681;-58,85112;638,1715088;642,1799994
89,47256871;-40,70437622;-58,68401337;638,0216675;642,0064703
89,48249971;-40,82498169;-59,1798172;638,1773071;642,2142985
89,49243171;-40,64599609;-59,11403656;638,3380737;642,3566476
89,50236271;-40,68936157;-59,20310974;638,7112427;642,7384257
89,51229371;-40,42681885;-59,04200745;638,2232666;642,2220989
89,52222571;-40,51293945;-59,31976318;638,3109741;642,3402776
89,53215671;-40,35671997;-59,04932404;638,0993042;642,0951717
89,54208771;-40,49868774;-59,37773895;638,4860229;642,5186854
89,55201971;-40,30496216;-59,36867523;638,2830811;642,3039943
89,56195071;-40,48025513;-59,54995728;638,6494141;642,6958243
89,57188171;-40,35565186;-59,21942902;638,0609741;642,0726798
89,58181371;-40,47912598;-59,18385315;638,088623;642,104648
89,59174471;-40,44064331;-58,89587402;637,916687;641,9048755
89,60167671;-40,64022827;-59,179245;637,90979;641,936688
89,61160771;-40,47711182;-59,16369629;638,0285034;642,0429197
89,62153871;-40,4979248;-59,06100464;637,7896729;641,7974377
89,63147071;-40,38296509;-58,99240112;637,9432983;641,9365538
89,64140171;-40,66183472;-59,39099121;637,8449097;641,8931402
89,65133271;-40,54412842;-58,86035156;637,5906982;641,5841845
89,66126471;-40,67977905;-59,07365417;638,0114136;642,0304548
89,67119571;-40,54794312;-59,13387299;638,0408325;642,0568936
89,68112671;-40,59030151;-59,43100739;638,2362061;642,2811471
89,69105871;-40,56417847;-59,09085083;637,9854736;641,9989453
89,70098971;-40,63442993;-59,35401154;637,5463867;641,5913425
89,71092171;-40,69015503;-59,01625824;637,7545166;641,7705438
89,72085183;-40,40155029;-59,05262756;637,517395;641,520013
89,73078283;-40,62854004;-58,85149384;637,5725708;641,5706973
89,74071483;-40,94506836;-58,97882843;637,9541626;641,9817088
89,75064583;-40,79971313;-59,16368103;637,6342163;641,6715293
89,76057683;-40,78372192;-59,18916321;637,7889404;641,8266133
89,77050883;-40,8972168;-58,74997711;638,1373901;642,1397596
89,78043983;-41,05361938;-59,06053925;638,284668;642,3245786
89,79037183;-40,76934814;-59,0151062;637,7336426;641,7547206
89,80030283;-40,91558838;-59,05900574;638,0584106;642,0907934
89,81023383;-40,63757324;-59,05010223;638,0721436;642,0859657
89,82016583;-40,62902832;-58,99382782;637,7635498;641,7735856
89,83009683;-40,55856323;-59,14750671;637,7248535;641,7448195
89,84002783;-40,53375244;-59,27968597;638,1571655;642,1850467
89,84995983;-40,6947937;-59,12004852;638,0232544;642,0474434
89,85989083;-40,70828247;-59,03987885;638,0373535;642,0549323
89,86982183;-40,46987915;-59,0455246;637,9263916;641,9301101
89,87975383;-40,54794312;-59,01166534;637,4663086;641,4747126
89,88968483;-40,52227783;-59,17414856;637,8195801;641,8391166
89,89961683;-40,61975098;-59,0419693;637,8725586;641,8857525
89,90954783;-40,51593018;-58,96672821;637,6281738;641,6294131
89,91947883;-40,56576538;-58,89308929;637,9721069;641,9675899
89,92941083;-40,56488037;-58,89933014;638,3242798;642,3180885
89,93934183;-40,70361328;-59,00872803;638,1630859;642,176719
89,94927283;-40,63751221;-58,82099915;638,3713379;642,3622672
89,95920483;-40,50219727;-59,01895142;638,1710815;642,1728692
89,96913583;-40,78884888;-58,97602081;638,249939;642,2654325
89,97906783;-40,6960144;-59,03017426;638,027832;642,0438003
89,98899883;-40,60006714;-58,92060852;637,9867554;641,9868407
89,99892983;-40,69137573;-59,12815094;638,1001587;642,1243951
90,00886183;-40,55465698;-59,16947174;637,5441284;641,5670053
90,01879283;-40,35827637;-59,14255524;637,5892944;641,5970236
90,02872383;-40,56838989;-59,28691101;637,6529541;641,6868566
90,03865583;-40,46350098;-59,09758759;637,5943604;641,6045418
90,04858683;-40,74475098;-59,17906189;637,9812012;642,0142593
90,05851783;-40,76461792;-59,02534485;638,0908203;642,1103023
90,06844983;-40,65429688;-58,95566559;637,8057861;641,8136514
90,07838083;-40,4715271;-58,79097748;637,0703735;641,0561476
90,08831283;-40,51724243;-58,69709015;637,0214844;641,0018462
90,09824383;-40,5423584;-59,0483017;637,0474854;641,0615285
90,10817483;-40,74862671;-58,80140686;637,1365967;641,1404673
90,11810683;-40,62524414;-59,02137756;637,1447754;641,1609769
90,12803783;-40,98336792;-59,02453613;637,3641968;641,4020983
90,13796883;-40,83105469;-59,05543518;637,4313965;641,4620056
90,14790083;-40,94616699;-58,99338531;637,2011108;641,2347961
90,15783183;-40,71051025;-58,86740112;637,3103027;641,3167225
90,16776283;-40,80407715;-58,98668671;637,7598267;641,780335
90,17769483;-40,59494019;-58,92066956;637,9169922;641,9171936
90,18762583;-40,69937134;-59,03196716;637,6986084;641,7170148
90,19755783;-40,60754395;-58,9751358;637,5805054;641,5886066
90,20748883;-40,51074219;-58,95333862;637,5690308;641,5690807
90,21741983;-40,3742981;-58,86267853;637,8497925;641,8311746
90,22735183;-40,46911621;-58,95909119;637,6091919;641,6068932
90,23728283;-40,46914673;-58,60839844;637,3845825;641,3515434
90,24721383;-40,69155884;-58,76779938;637,7462769;641,7396441
90,25714583;-40,6418457;-59,0619278;637,4592896;641,4783058
90,26707683;-40,50286865;-59,14144135;637,3984985;641,4164313
90,27700883;-40,6730957;-58,83589935;637,6912231;641,6900029
90,28693983;-40,76693726;-58,65592957;637,2633057;641,2542257
90,29687083;-40,61096191;-58,62397003;637,5621338;641,5383812
90,30680283;-40,61096191;-58,62397003;637,5621338;641,5383812
90,31673383;-40,77484131;-58,79724884;637,3582153;641,3619873
90,32666483;-40,73989868;-58,80224609;637,3865967;641,3884292
90,33659683;-40,90164185;-58,90362549;637,1327515;641,1557723
90,34652783;-40,5015564;-58,87335205;637,6603394;641,6518963
90,35645883;-40,61273193;-59,22244263;637,0588379;641,0933276
90,36639083;-40,45220947;-59,30025482;637,0082397;641,0400916
90,37632183;-40,55044556;-59,64267731;637,4336548;641,5007809
90,38625383;-40,43362427;-59,50510406;637,1166382;641,1656151
90,39618483;-40,5914917;-59,36528015;637,6818848;641,7243114
90,40611583;-40,48925781;-59,14820099;637,7059937;641,7217653
90,41604783;-40,88555908;-59,07855988;637,4352417;641,4714277
90,42597883;-40,52389526;-59,07253265;637,3104858;641,3239474
90,43590983;-40,66311646;-59,12690735;636,8027954;640,8332704
90,44584183;-40,55599976;-58,76719666;636,9180298;640,9079101
90,45577283;-40,7840271;-58,87207031;637,2313843;641,2433973
90,46570483;-40,74511719;-58,9943924;636,9970093;641,0192608
90,47563583;-40,58746338;-58,92384338;636,9504395;640,9564914
90,48556683;-40,67578125;-59,01467896;636,9507446;640,9707502
90,49549883;-41,03314209;-59,16799927;637,3965454;641,4506427
90,50542983;-40,75933838;-58,96447754;637,2615356;641,2802804
90,51536083;-40,77478027;-58,91078949;637,2920532;641,3066544
90,52529283;-40,52490234;-58,8788681;637,0284424;641,0259162
90,53522383;-40,70721436;-59,02581787;637,0101929;641,0328465
90,54515483;-40,5423584;-58,98143005;637,065979;641,0737505
90,55508683;-40,54800415;-58,97303772;636,6300659;640,6401491
90,56501783;-40,68551636;-58,7739563;637,1427002;641,1400078
90,57494983;-40,940979;-59,01120758;637,1721191;641,2072955
90,58488083;-40,76501465;-58,8990097;637,0186157;641,0332258
90,59481183;-40,91522217;-59,1703186;637,0316162;641,0806986
90,60474383;-40,64453125;-58,99961853;637,1434937;641,1589229
90,61467483;-40,90634155;-58,97239685;637,2768555;641,3055924
90,62460583;-40,62527466;-58,68662262;637,6934204;641,6754873
90,63453783;-40,90499878;-58,86910248;637,3050537;641,3240379
90,64446883;-40,69564819;-58,99132538;636,7894287;640,8095573
90,65440083;-40,85687256;-59,02510071;636,7278442;640,7617296
90,66433183;-40,70898438;-59,16384888;636,7538452;640,7909502
90,67426283;-40,89767456;-59,31000519;636,2503052;640,3161308
90,68419483;-40,80050659;-59,31583405;636,5227051;640,5811452
90,69412583;-40,96929932;-59,23358154;636,8912964;640,9505629
90,70405683;-40,62216187;-59,36875153;636,8106079;640,8607954
90,71398883;-40,91677856;-59,34625244;637,423584;641,4865438
90,7239195;-40,74636841;-59,02001953;637,140625;641,1644136
90,7338505;-40,96658325;-59,18937683;636,6268311;640,6835141
90,7437825;-40,78497314;-58,93212891;636,1253662;640,1498976
90,7537135;-40,91540527;-58,97331238;636,4842529;640,5186384
90,7636455;-40,7253418;-58,86734772;636,430542;640,4434033
90,7735765;-41,03198242;-59,01332855;636,8132324;640,8566841
90,7835075;-40,63494873;-58,86740112;636,6904907;640,6959895
90,7934395;-40,89968872;-58,96870422;637,1379395;641,1667852
90,8033705;-40,59820557;-58,76815033;636,9240723;640,9166745
90,8133015;-40,92440796;-58,84606934;636,6060181;640,6285111
90,8232335;-40,57995605;-58,67189789;636,1639404;640,1512974
90,8331645;-40,9598999;-58,96403503;636,5435181;640,5795198
90,8430955;-40,8052063;-58,81134796;636,7697754;640,780451
90,8530275;-40,91854858;-59,04734039;636,8798828;640,9187945
90,8629585;-40,47683716;-58,94644165;636,2663574;640,2717665
90,8728905;-40,73721313;-59,0391922;636,6387329;640,666858
90,8828215;-40,50424194;-58,64331055;636,6369019;640,6139058
90,8927525;-40,81628418;-58,90988159;637,03302;641,0518012
90,9026845;-40,40908813;-59,00320435;637,1167603;641,1178041
90,9126155;-40,9095459;-58,79714966;636,8905029;640,9057719
90,9225465;-40,81402588;-58,74971771;636,6187134;640,6252417
90,9324785;-41,04214478;-58,88262939;636,4599609;640,4942651
90,9424095;-40,68173218;-58,6993866;636,9827881;640,9740195
90,9523415;-40,97427368;-58,91934967;636,9212646;640,9516973
90,9622725;-40,65414429;-58,78134155;636,878479;640,8761211
90,9722035;-40,85061646;-59,09690857;636,6551514;640,695715
90,9821355;-40,59158325;-58,6676178;636,8825073;640,865738
90,9920665;-40,97424316;-58,90808868;636,9063721;640,9358613
91,0019975;-40,61056519;-58,95392609;636,6421509;640,6543621
91,0119295;-40,73587036;-58,89984894;636,9028931;640,9164521
91,0218605;-40,56384277;-58,75138092;636,8050537;640,7946836
91,0317915;-40,74835205;-58,83270264;636,3703003;640,3818191
91,0417235;-40,40948486;-58,74539185;636,6261597;640,606599
91,0516545;-40,90313721;-58,95494843;636,8049316;640,8348255
91,0615865;-40,54510498;-58,80685425;637,1258545;641,1173887
91,0715175;-40,74090576;-59,01924896;636,6331787;640,659736
91,0814485;-40,40753174;-58,87395477;636,6451416;640,6371418
91,0913805;-40,83782959;-58,92501068;637,1365356;641,1574302
91,1013115;-40,54638672;-58,53336334;637,0986938;641,0654489
91,1112425;-40,5418396;-58,5746994;636,6341553;640,6072774
91,1211745;-40,23883057;-58,3338623;636,8153076;640,746236
91,1311055;-40,69488525;-58,73049927;636,5320435;640,529771
91,1410375;-40,49459839;-58,41822052;636,1755981;640,1342771
91,1509685;-40,95318604;-58,6437912;636,7156982;640,7207957
91,1608995;-40,80166626;-58,45414734;636,2335205;640,2146171
91,1708315;-41,00302124;-59,06858063;636,3488159;640,3984389
91,1807625;-40,97613525;-58,65511322;636,3151245;640,3252327
91,1906935;-41,07992554;-58,94189453;636,5232544;640,5650323
91,2006255;-40,78308105;-58,86524963;636,248291;640,265777
91,2105565;-40,73815918;-58,94065094;636,5761719;640,5956763
91,2204875;-40,08474731;-58,79905701;636,4552002;640,4212191
91,2304195;-40,49240112;-58,95146179;636,1891479;640,1964865
91,2403505;-40,30963135;-59,07426453;636,4326782;640,4382789
91,2502825;-40,83303833;-59,11251068;636,5217285;640,5634526
91,2602135;-40,80599976;-58,82546234;636,857666;640,8691375
91,2701445;-41,10620117;-59,08117676;636,5215454;640,5778508
91,2800765;-40,91778564;-58,66606903;635,9733887;639,9829091
91,2900075;-41,07131958;-58,86496735;636,0272827;640,0645608
91,2999385;-40,78024292;-58,7744751;636,1733398;640,182775
91,3098705;-41,26324463;-58,99981689;636,6967163;640,7545102
91,3198015;-41,26324463;-58,99981689;636,6967163;640,7545102
91,3297335;-41,16616821;-58,66316223;636,4524536;640,4746254
91,3396645;-41,47335815;-58,9839859;636,1135254;640,1871345
91,3495955;-40,89852905;-58,84132385;636,0731201;640,0968717
91,3595275;-40,82830811;-59,00417328;636,2382202;640,2714394
91,3694585;-40,3895874;-58,65247345;636,3826294;640,3548098
91,3793895;-40,5534668;-58,87554932;636,0415039;640,0466457
91,3893215;-40,31072998;-58,81225586;636,3654175;640,3473908
91,3992525;-40,82006836;-59,0872345;636,1744385;640,2151946
91,4091835;-40,45175171;-58,9467926;635,9480591;639,9539065
91,4191155;-40,78082275;-58,9697876;636,2772217;640,3040014
91,4290465;-40,44549561;-59,01340485;636,6209106;640,6282884
91,4389785;-40,75152588;-58,98861694;636,3235474;640,3499049
91,4489095;-40,58908081;-58,80088806;636,4353638;640,4334393
91,4588405;-40,93972778;-58,91419983;636,2984009;640,3300705
91,4687725;-40,95065308;-58,37898254;635,9133911;639,8991347
91,4787035;-41,03604126;-58,68417358;635,7645264;639,7845902
91,4886345;-40,99441528;-58,41944122;635,960083;639,9520297
91,4985665;-41,11636353;-58,75395203;636,0636597;640,0934005
91,5084975;-41,04840088;-58,48511505;635,90271;639,9044745
91,5184295;-41,13677979;-58,93005371;635,7519531;639,8011658
91,5283605;-40,88021851;-58,80166626;635,8909302;639,911012
91,5382915;-40,76446533;-59,08678436;635,8746338;639,913697
91,5482235;-40,69891357;-59,09645844;636,1801758;640,2140338
91,5581545;-40,99084473;-59,32572937;636,010498;640,085264
91,5680855;-40,67260742;-59,09671783;636,0562134;640,0892044
91,5780175;-40,91616821;-59,35514069;636,1400146;640,2119054
91,5879485;-40,88366699;-59,12251282;635,977478;640,026795
91,5978795;-40,8916626;-59,37802124;636,2321167;640,3039777
91,6078115;-40,70480347;-59,1479187;636,1098022;640,1492309
91,6177425;-41,06729126;-59,37705231;635,9776001;640,0622349
91,6276745;-41,1015625;-59,11883545;635,9013672;639,9647834
91,6376055;-41,1668396;-59,41691589;635,9649048;640,0597149
91,6475365;-41,10568237;-59,17378235;636,5626221;640,6271813
91,6574685;-41,09283447;-59,27598572;636,8814697;640,952627
91,6673995;-41,13427734;-58,75131226;636,1920166;640,221858
91,6773305;-41,00244141;-59,12715912;636,1723633;640,2284725
91,6872625;-40,912323;-58,7232666;636,2468262;640,2595287
91,6971935;-40,91186523;-59,10119629;635,9101563;639,9597323
91,7071255;-40,79370117;-58,95204926;635,8661499;639,8947029
91,7170565;-40,9211731;-59,28570557;636,0042725;640,0709116
91,72698846;-40,62765503;-58,94823456;635,8666992;639,8843332
91,73692046;-40,81784058;-59,63408661;636,0534668;640,1455561
91,74685146;-40,59603882;-59,04658508;635,7991333;639,8242536
91,75678246;-40,55444336;-59,25704956;635,571228;639,6146079
91,76671446;-40,69293213;-58,84604645;635,4152832;639,430492
91,77664546;-40,9670105;-59,11439514;635,7283936;639,7838682
91,78657646;-40,94973755;-58,9217453;635,9197998;639,9551897
91,79650846;-40,78488159;-59,10038757;635,581665;639,6251366
91,80643946;-40,76290894;-58,7437439;635,8934326;639,9006953
91,81637146;-40,96084595;-58,78611755;635,5880737;639,6137881
91,82630246;-40,73721313;-58,66295624;635,9396973;639,9376232
91,83623346;-40,95217896;-59,06808472;635,7628174;639,8128473
91,84616546;-40,77639771;-58,97994232;635,7340088;639,7648616
91,85609646;-40,75793457;-59,45307159;635,4020996;639,4776815
91,86602746;-40,51327515;-59,17118073;635,3864136;639,4204006
91,87595946;-40,65655518;-59,28862762;635,6968384;639,7488313
91,88589046;-40,38793945;-58,92375183;635,9631348;639,9627356
91,89582146;-40,42498779;-59,49684906;635,9292603;639,9844363
91,90575346;-40,29641724;-59,07302094;635,9876099;639,9950492
91,91568446;-40,71557617;-59,45960236;636,0341187;640,1035874
91,92561646;-40,34072876;-59,42437744;635,3768921;639,4235107
91,93554746;-40,64813232;-59,74281311;635,5679932;639,6625269
91,94547846;-40,6328125;-59,28683472;635,553894;639,6051176
91,95541046;-40,84881592;-59,75766754;635,1745605;639,2857944
91,96534146;-40,68896484;-59,14426422;635,6668091;639,7076895
91,97527246;-41,00045776;-59,19231415;635,4065552;639,4734224
91,98520446;-40,86233521;-58,94646454;635,2022705;639,238876
91,99513546;-41,08120728;-59,17789459;635,4923096;639,5624788
92,00506746;-40,88378906;-58,67431641;635,3629761;639,3749064
92,01499846;-41,14663696;-58,99041748;635,2105103;639,2693544
92,02492946;-40,83331299;-58,94217682;635,4133301;639,446354
92,03486146;-40,82867432;-59,29584503;635,2410889;639,307609
92,04479246;-40,63012695;-58,89067841;635,4735107;639,4884691
92,05472346;-40,75085449;-59,06375122;635,7455444;639,7824287
92,06465546;-40,56478882;-58,89738464;635,2982788;639,3108063
92,07458646;-40,60641479;-59,12969208;636,0281372;640,0601477
92,08451846;-40,59985352;-58,69451141;635,6377563;639,6317308
92,09444946;-40,86611938;-58,92184448;635,6433716;639,675167
92,10438046;-40,5385437;-58,67619324;635,770752;639,758328
92,11431246;-40,76931763;-58,939888;635,7368164;639,763509
92,12424346;-40,55603027;-58,53515625;635,6992188;639,6754277
92,13417446;-41,02352905;-58,98236084;635,4806519;639,5291297
92,14410646;-40,8901062;-58,88420105;635,2739868;639,3061772
92,15403746;-41,04147339;-59,19132996;635,3919678;639,4614678
92,16396846;-40,92675781;-58,79173279;635,2178955;639,2442742
92,17390046;-41,277771;-59,03533173;635,2860718;639,3570347
92,18383146;-40,84152222;-58,68411255;635,4542847;639,4638402
92,19376346;-41,05395508;-58,85650635;635,270813;639,3109739
92,20369446;-40,75091553;-58,8392868;635,2976074;639,3166264
92,21362546;-40,90048218;-59,21865845;635,22229;639,2863652
92,22355746;-40,68008423;-59,14620209;635,4703979;639,5121337
92,23348846;-40,87689209;-59,30189514;635,2958374;639,3656513
92,24341946;-40,65133667;-58,75005341;635,4946899;639,4979288
92,25335146;-40,89584351;-59,24759674;635,5501099;639,6144854
92,26328246;-40,71807861;-58,88644409;635,2822876;639,3036525
92,27321346;-41,0559082;-59,04336548;635,3266602;639,3838219
92,28314546;-40,78033447;-58,87646484;635,5047607;639,5277748
92,29307646;-41,06323242;-58,89053345;635,1412354;639,1859454
92,30300846;-40,85424805;-58,60004425;635,1125488;639,1173479
92,31293946;-41,00253296;-58,80724335;635,1408081;639,1739557
92,32287046;-40,78860474;-58,25978088;634,9966431;638,9668607
92,33280246;-40,98294067;-58,9338913;634,8701172;638,9153862
92,34273346;-40,98294067;-58,9338913;634,8701172;638,9153862
92,35266446;-40,71337891;-58,44078064;634,3681641;638,3540332
92,36259646;-40,71887207;-59,01371002;634,7299194;638,7665576
92,37252746;-40,67791748;-58,30685425;634,3594971;638,3309124
92,38245946;-40,81072998;-58,70270538;634,3602905;638,3764575
92,39239046;-40,4178772;-58,76412964;634,1185303;638,1168687
92,40232146;-40,66958618;-59,07385254;634,6268921;638,6666012
92,41225346;-40,28933716;-58,79522705;634,543457;638,533874
92,42218446;-40,59539795;-59,00388336;634,8660889;638,8931017
92,43211546;-40,6086731;-58,51972961;634,5371094;638,5224869
92,44204746;-41,08895874;-58,86093903;635,1385498;639,1822042
92,45197846;-40,59741211;-58,5931015;634,7808838;638,7707506
92,46190946;-40,91262817;-58,81642914;634,7133789;638,7443063
92,47184146;-40,7902832;-58,61229706;634,4873047;638,4930606
92,48177246;-41,10458374;-58,90109253;634,5996704;638,6514442
92,49170446;-40,87219238;-58,47729492;634,8967285;638,8927813
92,50163546;-41,13516235;-58,86907196;635,1144409;639,1619687
92,51156646;-40,95663452;-58,72485352;635,0807495;639,1037574
92,52149846;-40,83554077;-59,0534668;635,0742798;639,119859
92,53142946;-40,51004028;-58,96905518;635,6409912;639,6545025
92,54136046;-40,65206909;-59,13312531;635,4071655;639,4463099
92,55129246;-40,37026978;-59,08987427;635,4111328;639,4284007
92,56122346;-40,50320435;-59,52233124;635,3449097;639,4111132
92,57115546;-40,54107666;-59,10515594;635,0217896;639,0537314
92,58108646;-40,56604004;-59,23766327;635,1690063;639,2138695
92,59101746;-40,69235229;-58,97597504;635,1110229;639,1400822
92,60094946;-40,79934692;-59,19197083;634,9498291;639,0066992
92,61088046;-40,75296021;-59,02153778;634,7904053;638,8295581
92,62081146;-40,86413574;-59,20581055;634,7598877;638,8233877
92,63074346;-40,65805054;-59,04273987;635,2299805;639,2622703
92,64067446;-40,74478149;-59,23257446;635,2750244;639,3301117
92,65060546;-40,81900024;-59,07598114;635,3375854;639,3825223
92,66053746;-40,80450439;-58,90222931;634,6387329;638,6711216
92,67046846;-40,67825317;-58,71877289;634,6574707;638,6647945
92,68040046;-40,82540894;-58,6213913;634,2276001;638,2380671
92,69033146;-40,76821899;-58,74481964;634,2247314;638,2429095
92,70026246;-40,81958008;-58,7817688;634,2674561;638,2920494
92,71019446;-40,61087036;-58,54279327;634,8388672;638,824615
92,72012546;-40,65298462;-58,68341064;634,609375;638,612141
92,73005658;-40,74835205;-58,54979706;634,4619141;638,4594171
92,73998858;-40,88394165;-59,07023621;634,5380859;638,5917099
92,74991958;-40,79837036;-58,77240753;634,7484741;638,7678203
92,75985058;-40,74682617;-58,99018097;634,8804321;638,9157287
92,76978258;-40,71212769;-58,7661972;634,6332397;638,6472362
92,77971358;-40,82516479;-58,79457092;634,7323608;638,7555601
92,78964558;-40,8147583;-58,42961121;634,5168457;638,5072368
92,79957658;-41,00045776;-58,44398499;634,6990356;638,7014974
92,80950758;-40,92156982;-58,53909302;634,7844238;638,7900007
92,81943958;-40,73577881;-58,95664978;634,7163696;638,7489022
92,82937058;-40,73690796;-58,74264526;635,0581055;639,0688471
92,83930158;-40,97283936;-58,75839996;634,9257202;638,9538272
92,84923358;-40,81091309;-58,95191956;635,5067139;639,5386171
92,85916458;-40,86605835;-58,82523346;635,213501;639,239106
92,86909658;-40,77679443;-58,89395142;635,1786499;639,2051015
92,87902758;-40,67965698;-59,06291199;635,3325806;639,3674609
92,88895858;-40,83557129;-59,1147995;635,2027588;639,2531957
92,89889058;-40,84860229;-58,98287201;634,9364624;638,9772287
92,90882158;-40,72512817;-58,84476471;635,4127197;639,4298764
92,91875258;-40,70257568;-59,02637482;634,9829712;639,0181424
92,92868458;-40,48318481;-59,09349823;634,774353;638,8031066
92,93861558;-40,62506104;-58,97449493;635,0109863;639,0362583
92,94854758;-40,71539307;-58,66650391;634,7508545;638,7551559
92,95847858;-40,86251831;-58,78700256;634,6156616;638,6412882
92,96840958;-40,94494629;-58,72705841;634,8516235;638,8755277
92,97834158;-41,1852417;-58,5632019;634,7120972;638,7372848
92,98827258;-41,01000977;-58,5303421;634,3936157;638,4065174
92,99820358;-40,78646851;-58,44525909;634,4157104;638,406358
93,00813558;-40,70343018;-58,34939575;634,765564;638,7399646
93,01806658;-40,73779297;-58,41069794;634,810791;638,7927033
93,02799758;-40,89633179;-58,4174881;634,3760986;638,3714807
93,03792958;-40,8899231;-58,45326233;634,6139526;638,6107097
93,04786058;-40,73666382;-58,50588226;633,9434814;637,9394577
93,05779258;-40,86941528;-58,73059082;634,1239014;638,1478776
93,06772358;-40,81173706;-58,89526367;634,6123047;638,6446799
93,07765458;-40,60510254;-58,68798828;634,4727783;638,4737745
93,08758658;-40,75280762;-58,89266968;634,1783447;638,2094568
93,09751758;-40,67950439;-58,6944046;634,5216675;638,5276828
93,10744858;-40,91290283;-58,78922272;634,3289795;638,3598457
93,11738058;-40,75656128;-58,6204071;634,5198364;638,5239794
93,12731158;-40,95050049;-58,58545685;634,7463989;638,7583191
93,13724358;-40,78521729;-58,72827148;634,6501465;638,6652114
93,14717458;-40,76593018;-58,93417358;634,6706543;638,703325
93,15710558;-40,89962769;-58,89424896;634,8790283;638,9152469
93,16703758;-40,99237061;-58,91039276;634,8292236;638,8731893
93,17696858;-40,87924194;-58,82132721;635,0649414;639,0919658
93,18689958;-41,01348877;-59,07515717;635,1641235;639,2225311
93,19683158;-40,74789429;-58,9228363;634,9379883;638,9667757
93,20676258;-40,66729736;-58,77785492;634,5408936;638,5536868
93,21669358;-40,66717529;-58,80682373;635,0475464;639,0598155
93,22662558;-40,89569092;-58,9029007;635,2373657;639,2718671
93,23655658;-40,47634888;-58,82666016;634,4990845;638,5045019
93,24648858;-40,84762573;-58,93107605;634,5192261;638,5577879
93,25641958;-40,66711426;-59,03226471;635,0472412;639,0802931
93,26635058;-40,96817017;-59,02258301;634,7814941;638,8345651
93,27628258;-40,78659058;-59,15111542;634,9497681;639,002041
93,28621358;-40,73648071;-58,9779892;634,4606934;638,4968563
93,29614458;-41,08947754;-58,7120285;634,9050903;638,9365549
93,30607658;-41,12435913;-58,72741699;634,3513794;638,3900022
93,31600758;-40,97290039;-58,57470703;634,1763306;638,1922854
93,32593958;-41,08804321;-58,58247375;634,1878662;638,2118639
93,33587058;-40,8843689;-58,77240753;633,9428711;637,9727983
93,34580158;-41,06750488;-58,75145721;634,0706177;638,1095689
93,35573358;-41,06750488;-58,75145721;634,0706177;638,1095689
93,36566458;-41,0524292;-58,82587433;634,4927979;638,5349606
93,37559558;-41,12805176;-58,99199677;633,8580322;637,9244292
93,38552758;-40,83099365;-58,8866806;634,2780151;638,3129418
93,39545858;-40,86413574;-58,82887268;634,2913208;638,3229539
93,40539058;-40,87231445;-58,87329865;634,4985352;638,533478
93,41532158;-40,82073975;-59,11726379;634,3285522;638,3838155
93,42525258;-40,71444702;-58,9668808;634,2868652;638,3216953
93,43518458;-40,85125732;-59,07409668;634,2678833;638,3214879
93,44511558;-40,75872803;-59,00515747;634,5371094;638,5767187
93,45504658;-40,9168396;-59,20677185;634,2969971;638,3669087
93,46497858;-40,74557495;-59,12149811;634,3026123;638,3536304
93,47490958;-40,79946899;-58,88671875;634,3571777;638,3895921
93,48484058;-40,69671631;-58,78361511;634,0794678;638,097569
93,49477258;-40,98455811;-58,78657532;634,3630981;638,3981013
93,50470358;-40,81204224;-58,8608017;633,9922485;638,0253819
93,51463558;-40,99490356;-58,93590546;633,7867432;637,839838
93,52456658;-40,99478149;-58,66040039;633,9297485;637,9565352
93,53449758;-40,88330078;-58,62889099;634,1663208;638,1815679
93,54442958;-40,72457886;-58,5355835;634,0631104;638,0602901
93,55436058;-40,86602783;-58,9295578;634,0883179;638,1306448
93,56429158;-40,78198242;-58,95137024;634,0353394;638,0746396
93,57422358;-40,85726929;-58,62976837;634,5678711;638,5790078
93,58415458;-40,53067017;-58,48873138;634,4788208;638,4567652
93,59408658;-40,86154175;-58,70042419;634,184021;638,2043387
93,60401758;-40,74551392;-58,53334808;634,1228638;638,1208006
93,61394858;-41,00811768;-58,64839935;634,0581055;638,0838358
93,62388058;-40,82568359;-58,66874695;633,8041992;637,8217002
93,63381158;-40,82064819;-58,52957153;633,7360229;637,740843
93,64374258;-40,85427856;-58,42201233;633,7285156;637,7256739
93,65367458;-40,9675293;-58,4881897;634,0923462;638,1005487
93,66360558;-40,80593872;-58,55218506;633,6640625;637,6704691
93,67353658;-41,21444702;-58,67567444;633,9997559;638,0416568
93,68346858;-41,12084961;-58,45598602;634,1073608;638,1223798
93,69339958;-41,13879395;-58,91600037;634,0386963;638,0976131
93,70333158;-40,78643799;-58,62123108;633,9063721;637,9163509
93,71326258;-41,14981079;-58,84220123;633,7666016;637,821148
93,72319287;-40,81347656;-58,6504364;633,9107056;637,925071
93,73312487;-41,04345703;-58,72949219;633,9146118;637,9509806
93,74305587;-40,78369141;-58,70954132;634,1102905;638,1269312
93,75298687;-40,86444092;-59,17645264;633,6782227;637,7459094
93,76291887;-40,5975647;-58,9057312;633,9008179;637,9249911
93,77284987;-40,85507202;-58,94896698;634,0233154;638,0671455
93,78278187;-40,83041382;-59,05945587;633,8372803;637,890931
93,79271287;-41,01617432;-59,00473022;633,8495483;637,9099738
93,80264387;-40,86819458;-58,73930359;633,3565063;637,386052
93,81257587;-41,13247681;-58,75090027;633,6403198;637,6861327
93,82250687;-40,9642334;-58,50087738;633,7077637;637,7193355
93,83243787;-41,22146606;-58,78491974;633,5820923;637,6371568
93,84236987;-41,06912231;-58,73477173;633,6821289;637,7221077
93,85230087;-41,38070679;-58,58002472;633,6257324;637,6719776
93,86223187;-40,83587646;-58,63760376;633,3450317;637,363214
93,87216387;-41,1239624;-58,52672577;633,8528442;637,8761526
93,88209487;-40,82525635;-58,57710266;633,774353;637,7835911
93,89202687;-40,89425659;-58,74395752;633,2278442;637,2603043
93,90195787;-40,76239014;-58,64511108;633,0263062;637,0424835
93,91188887;-41,20602417;-58,6649704;633,6192017;637,6619856
93,92182087;-40,65383911;-58,60612488;633,4122314;637,4154591
93,93175187;-41,02078247;-58,78160858;633,661438;637,7027521
93,94168287;-40,70175171;-59,00791931;633,68573;637,7273489
93,95161487;-41,04675293;-58,92263794;633,5948486;637,6512726
93,96154587;-40,91583252;-58,75592041;632,9683228;637,0049145
93,97147787;-41,16925049;-58,75565338;633,1630859;637,214742
93,98140887;-40,7565918;-58,81912231;633,18573;637,2165704
93,99133987;-41,07598877;-58,91899872;633,0130005;637,074677
94,00127187;-40,85601807;-58,7868576;632,9462891;636,9820356
94,01120287;-41,29998779;-58,93080902;633,4212036;637,4958435
94,02113387;-40,85238647;-58,70614624;633,3355103;637,3611203
94,03106587;-41,1373291;-58,8928299;633,9517212;638,0089577
94,04099687;-40,64480591;-58,46347046;633,626709;637,6149182
94,05092887;-41,04998779;-58,92536163;633,5083008;637,5657354
94,06085987;-40,73324585;-58,68690491;633,8004761;637,8137609
94,07079087;-40,94223022;-58,80721283;633,9031372;637,9402338
94,08072287;-40,89025879;-58,55680847;633,3869629;637,4009396
94,09065387;-41,14697266;-58,63278961;633,5067139;637,5434369
94,10058487;-40,84460449;-58,50398254;633,8475952;637,8509008
94,11051687;-40,98092651;-58,79761505;633,8295288;637,8686914
94,12044787;-40,82287598;-58,69782257;633,3621826;637,3849668
94,13037987;-41,25317383;-59,00735474;633,2297363;637,309651
94,14031087;-40,92489624;-58,62481689;633,1248779;637,1489836
94,15024187;-41,18640137;-58,7355957;633,1035767;637,1548702
94,16017387;-40,85922241;-58,37750244;633,0870361;637,0844561
94,17010487;-41,28457642;-58,6038208;633,3844604;637,4281911
94,18003587;-40,70123291;-58,46019745;633,4827271;637,4751372
94,18996787;-41,3649292;-58,51308441;633,6428223;637,6817895
94,19989887;-41,02658081;-58,26160431;633,9793701;637,9713447
94,20982987;-41,15707397;-58,66144562;633,6175537;637,6568625
94,21976187;-41,03625488;-58,65660095;633,5287476;637,5603854
94,22969287;-41,31604004;-58,82398987;633,7167358;637,7806662
94,23962487;-40,87585449;-58,73425293;633,9898682;638,0154394
94,24955587;-41,10073853;-58,88543701;633,4452515;637,5026682
94,25948687;-40,80307007;-58,73460388;633,6785889;637,7014962
97,12895279;-38,25292969;-62,60837555;744,076416;747,6849659
97,13888379;-38,09729004;-62,69210815;746,2428589;749,8400552
97,14881579;-37,94735718;-62,81786346;747,6552124;751,2485624
97,15874679;-37,69421387;-63,15544891;750,380127;753,9759939
97,16867879;-37,49685669;-62,99684143;750,7351074;754,3061831
97,17860979;-37,28048706;-63,35816956;751,0618286;754,650888
97,18854079;-36,98965454;-63,44332886;749,336853;752,9269618
97,19847279;-36,81088257;-63,26729584;748,0869141;751,6593795
97,20840379;-36,96820068;-63,44996643;747,0063477;750,6071073
97,21833479;-37,17666626;-63,29606628;747,1442871;750,7416881
97,22826679;-37,27566528;-63,14609528;746,8764648;750,4674265
97,23819779;-37,87957764;-62,91722107;746,081543;749,6873401
97,24812979;-37,84442139;-62,87717438;746,1698608;749,7700984
97,25806079;-37,92700195;-62,99252319;748,2763672;751,8803343
97,26799179;-37,89428711;-62,841362;751,2527466;754,8282606
97,27792379;-37,62789917;-62,97952271;753,6580811;757,2204317
97,28785479;-37,54827881;-63,01074982;755,1347046;758,6887701
97,29778679;-37,61273193;-63,37437439;755,5775146;759,1629664
97,30771779;-37,53631592;-63,38896179;755,828186;759,4098908
97,31764854;-37,57003784;-63,6873703;755,3157959;758,9265712
97,32758054;-37,13613892;-64,08325958;755,2265015;758,8496725
97,33751154;-36,87454224;-64,39833832;755,2197876;758,8569071
97,34744254;-36,60977173;-64,50395203;755,1119995;758,7457855
97,35737454;-36,62353516;-64,5861969;754,8517456;758,4944416
97,36730554;-36,64089966;-64,2695694;754,9868164;758,6028118
97,37723754;-36,99133301;-64,40367126;754,7872925;758,4326262
97,38716854;-37,26974487;-64,23018646;755,161377;758,8038323
97,39709954;-37,45187378;-64,12206268;755,3637695;759,0050765
97,40703154;-37,67773438;-63,71833801;754,8486938;758,4696361
97,41696254;-37,6817627;-63,44530487;754,12323;757,7249289
97,42689354;-37,6390686;-63,11096954;753,9832153;757,5555313
97,43682554;-37,82998657;-62,67800903;753,0652466;756,6154283
97,44675654;-37,88549805;-62,44542694;752,9276123;756,461983
97,45668854;-38,02416992;-62,71872711;753,277771;756,8400601
97,46661954;-38,06726074;-62,70446777;754,0610352;757,620625
97,47655054;-37,86730957;-63,29840088;754,1732788;757,7717039
97,48648254;-37,51193237;-63,0274353;752,9205933;756,4846478
97,49641354;-37,16665649;-63,17155457;752,6592407;756,2195041
97,50634454;-37,00210571;-63,39498138;752,986084;756,5554323
97,51627654;-37,09909058;-63,89110565;751,2852173;754,9091956
97,52620754;-37,25927734;-63,12660217;748,4054565;751,9866681
97,53613954;-37,36547852;-63,33753967;746,5512695;750,164396
97,54607054;-37,22436523;-63,45397186;745,7479858;749,3678124
97,55600154;-37,61547852;-63,46569824;744,9760132;748,6201168
97,56593354;-37,72299194;-63,30487061;745,2738647;748,908315
97,57586454;-38,21228027;-63,26157379;745,1973877;748,8533579
97,58579654;-37,99569702;-62,87055206;745,340271;748,9515998
97,59572754;-38,32748413;-63,0409317;745,1361694;748,779718
97,60565854;-38,27511597;-63,14105225;745,0970459;748,7465424
97,61559054;-38,24203491;-63,15155792;747,6863403;751,3224581
97,62552154;-37,92849731;-63,47003174;750,1505737;753,7857117
97,63545254;-38,04940796;-63,49251556;747,9946899;751,6482643
97,64538454;-37,47476196;-63,66197205;749,769104;753,3995711
97,65531554;-37,68173218;-63,80968475;748,1470947;751,8082629
97,66524754;-37,63677979;-63,76118469;746,8831787;750,5441349
97,67517854;-37,71734619;-63,68296814;745,479187;749,1444032
97,68510954;-37,59014893;-63,6949234;744,8464355;748,5093688
97,69504154;-37,96469116;-63,77561188;745,0090332;748,6969387
97,70497254;-37,67678833;-63,55471802;744,5164185;748,1734023
97,71490354;-37,96398926;-63,51046753;744,2940674;747,962902
97,72483554;-37,99853516;-63,17403412;743,9072266;747,5512083
97,73476654;-38,09500122;-63,08816528;743,956665;747,5980639
97,74469854;-38,3843689;-62,63519287;743,296875;746,9181826
97,75462954;-38,55996704;-62,48651123;743,185791;746,8042281
97,76456054;-38,46707153;-62,24852753;742,8626099;746,4579371
97,77449254;-38,78408813;-62,05819702;743,84375;747,4349134
97,78442354;-38,34988403;-61,85678864;743,0635986;746,6193726
97,79435454;-38,43032837;-62,12130737;742,8198242;746,4028659
97,80428654;-38,11584473;-62,13847351;744,1968384;747,758612
97,81421754;-37,79321289;-62,46665955;745,7716064;749,3368398
97,82414954;-37,48129272;-62,55442047;745,9040527;749,4603116
97,83408054;-37,89004517;-62,79614258;745,4346313;749,0339116
97,84401154;-37,47607422;-63,19163513;745,0128174;748,6265671
97,85394354;-37,79052734;-63,45140839;744,949707;748,6015437
97,86387454;-37,3682251;-63,32662964;744,4851685;748,1074871
97,87380654;-37,93301392;-63,58637238;744,4592896;748,1321903
97,88373754;-37,38711548;-63,53814697;744,7044067;748,3445369
97,89366854;-37,99325562;-63,59313965;744,914978;748,5892728
97,90360054;-37,73178101;-63,47978973;744,5023804;748,155843
97,91353154;-38,19720459;-63,41963959;744,1000366;747,773991
97,92346254;-38,12283325;-63,3006897;744,1464844;747,8063372
97,93339454;-38,15985107;-63,39030457;743,7799072;747,4510388
97,94332554;-37,91152954;-63,27713013;743,7723389;747,421281
97,95325754;-37,81231689;-63,60531616;744,8040161;748,4707275
97,96318854;-37,52481079;-63,50340271;744,6297607;748,2741972
97,97311954;-37,79412842;-63,44267273;744,5865479;748,2395981
97,98305154;-37,6913147;-63,43647766;744,5239868;748,1716306
97,99298254;-37,92803955;-63,54886627;744,0684814;747,739861
98,00291354;-37,92803955;-63,54886627;744,0684814;747,739861
98,01284554;-37,68206787;-63,32055664;743,6704712;747,3119836
98,02277654;-38,07025146;-63,45167542;743,3948364;747,0684989
98,03270854;-37,59292603;-63,3026123;743,4673462;747,1038373
98,04263954;-37,96530151;-63,14662933;743,1241455;746,7679402
98,05257054;-37,64953613;-63,14402771;743,3533325;746,9798075
98,06250254;-37,90869141;-63,08089447;742,8026123;746,4395414
98,07243354;-38,19171143;-62,8163147;742,3457031;745,9769696
98,08236454;-38,53988647;-62,97528076;742,079895;745,743776
98,09229654;-38,05026245;-62,41395569;741,8688965;745,461457
98,10222754;-38,21759033;-62,15473175;742,6810913;746,2566571
98,11215954;-38,07843018;-62,05775452;742,4973145;746,0585726
98,12209054;-38,5151062;-62,1442337;742,0184326;745,6116104
98,13202154;-38,22164917;-62,03643799;741,7683105;745,338608
98,14195354;-38,46365356;-62,37866974;742,3980713;746,006332
98,15188454;-38,23165894;-62,46074677;741,8422241;745,4481136
98,16181654;-38,27246094;-62,84133148;742,0891113;745,7278749
98,17174754;-38,0043335;-62,85073853;742,0568237;745,6828242
98,18167854;-38,0138855;-63,16356659;742,0130615;745,6661955
98,19161054;-37,53045654;-63,31026459;741,3156738;744,9601688
98,20154154;-37,97241211;-63,38661194;741,3690796;745,0421994
98,21147254;-37,67990112;-63,49687195;741,4887085;745,1557774
98,22140454;-37,9871521;-63,69872284;741,293335;744,994201
98,23133554;-37,6307373;-63,58327484;741,8742676;745,5443207
98,24126754;-37,96398926;-64,03688049;742,2228394;745,946868
98,25119854;-37,64285278;-63,6452713;742,4136353;746,0869324
98,26112954;-38,07458496;-63,70714569;741,960083;745,6628187
98,27106154;-37,76296997;-63,29776001;741,5093384;745,1635708
98,28099254;-38,18771362;-63,40065002;741,2182007;744,9042656
98,29092354;-38,11831665;-63,20311737;741,5307617;745,1949481
98,30085554;-38,51309204;-63,28408051;741,2310791;744,9239194
98,31078654;-37,99084473;-62,87792206;741,0847778;744,7171176
98,32071896;-38,3682251;-62,98212433;741,3312988;744,9905793
98,33064996;-38,11187744;-63,07286835;741,6171265;745,2695245
98,34058096;-38,09136963;-63,2562027;741,3267822;744,9950991
98,35051296;-37,8012085;-63,06855774;741,4400024;745,0770776
98,36044396;-38,09973145;-62,93024445;741,0591431;744,7015904
98,37037496;-37,83334351;-62,70790863;741,0817871;744,6917878
98,38030696;-38,2394104;-62,80382538;740,7498169;744,3902634
98,39023796;-37,94067383;-62,71697998;740,6629639;744,281224
98,40016996;-38,03738403;-62,8655777;740,8314819;744,4663915
98,41010096;-37,91448975;-62,23357391;740,6253052;744,2018335
98,42003196;-38,33895874;-62,40026855;740,4511108;744,0641886
98,42996396;-38,19946289;-62,17655945;741,3243408;744,9073109
98,43989496;-38,54522705;-62,31725311;741,019104;744,6331225
98,44982696;-38,49362183;-62,11479187;740,4058228;744,0032182
98,45975796;-38,80065918;-62,43791962;740,7420654;744,3808115
98,46968896;-38,40414429;-62,25552368;740,2194824;743,8249194
98,47962096;-38,37380981;-62,64975739;742,2122803;745,8395339
98,48955196;-37,7166748;-62,89479065;744,151062;747,7560467
98,49948296;-37,88238525;-63,55704498;744,4137573;748,0818238
98,50941496;-37,52191162;-63,44126892;742,8981934;746,5456544
98,51934596;-37,99517822;-63,83737183;742,2313232;745,939797
98,52927796;-37,61639404;-63,61504364;741,6021118;745,2754921
98,53920896;-37,66659546;-64,0994873;741,3292847;745,0480689
98,54913996;-37,48449707;-64,07685089;741,4867554;745,193625
98,55907196;-37,87716675;-64,07260132;741,9133301;745,6375576
98,56900296;-37,67559814;-63,62812805;741,5142212;745,1921427
98,57893396;-37,85275269;-63,89687347;741,0244751;744,7368086
98,58886596;-37,86309814;-63,46216583;740,8729248;744,5493613
98,59879696;-38,08465576;-63,38769531;740,8181152;744,4997789
98,60872896;-38,05477905;-63,16534424;740,895874;744,5567292
98,61865996;-38,44100952;-63,39063263;741,0341797;744,7333341
98,62859096;-38,19802856;-62,80213165;740,8138428;744,4517088
98,63852296;-38,24468994;-63,15544891;740,6047974;744,275979
98,64845396;-38,11096191;-62,90750122;740,1043091;743,750084
98,65838496;-38,31741333;-63,18914032;739,8147583;743,496448
98,66831696;-38,10165405;-62,97301483;740,0390015;743,6901642
98,67824796;-38,18591309;-63,22777557;740,1057739;743,7825436
98,68817996;-37,96881104;-63,03133392;740,0111084;743,6605544
98,69811096;-38,08013916;-62,99591064;740,0054321;743,6575968
98,70804196;-37,5406189;-62,8837738;740,2855225;743,899403
98,71797396;-37,95651245;-63,05060577;740,4399414;744,0882895
98,72790496;-37,77987671;-62,77118683;739,9249878;743,5432257
98,73783596;-38,23458862;-63,08512878;739,7069702;743,3760953
98,74776796;-38,00799561;-62,82180786;739,6995239;743,3347651
98,75769896;-38,04452515;-62,9788208;739,5952759;743,2461839
98,76763096;-38,27560425;-62,60292053;739,2332764;742,8660609
98,77756196;-38,41033936;-62,82686615;739,4899902;743,1473709
98,78749296;-38,2623291;-62,91137695;739,3682861;743,02578
98,79742496;-38,48858643;-63,23143005;739,215332;742,9124391
98,80735596;-38,37374878;-63,06858826;739,3339844;743,0107212
98,81728796;-38,40945435;-63,44991302;739,1858521;742,8976387
98,82721896;-38,10342407;-63,05374908;739,0596313;742,7225491
98,83714996;-38,21609497;-63,58492279;739,5402832;743,2518704
98,84708196;-37,85751343;-63,53048706;739,5292969;743,2179324
98,85701296;-37,83831787;-63,73789978;739,8483276;743,5521542
98,86694396;-37,71984863;-63,65621948;739,6382446;743,3300977
98,87687596;-37,98947144;-63,89643097;739,3123779;743,0402048
98,88680696;-37,90808105;-63,82978821;739,3169556;743,0348749
98,89673896;-38,17633057;-63,87776184;739,8469238;743,580037
98,90666996;-37,98101807;-63,38741302;739,7958984;743,4772984
98,91660096;-38,21194458;-63,70279694;739,822937;743,5429895
98,92653296;-38,06533813;-63,04984283;739,5028076;743,1612578
98,93646396;-38,22439575;-63,13637543;739,1522827;742,827977
98,94639496;-38,35046387;-62,77709961;739,1256104;742,7774836
98,95632696;-38,34072876;-63,07424927;739,1793823;742,85566
98,96625796;-38,25460815;-62,70780182;739,0623779;742,7037646
98,97618996;-38,33816528;-63,19628143;739,1908569;742,8773168
98,98612096;-38,39312744;-62,78594971;739,427124;743,0804663
98,99605196;-38,02722168;-63,02147675;739,1463013;742,8021478
99,00598396;-38,09539795;-62,94341278;739,0405884;742,6938291
99,01591496;-38,20697021;-63,03261566;739,177063;742,8429266
99,02584696;-38,23217773;-62,65163422;739,1107178;742,7459726
99,03577796;-38,23217773;-62,65163422;739,1107178;742,7459726
99,04570896;-38,53659058;-62,94933319;738,8598633;742,5372616
99,05564096;-38,12298584;-62,68966675;738,5401611;742,1758053
99,06557196;-38,27267456;-63,0402298;738,4472656;742,1207667
99,07550296;-38,27624512;-62,56837463;738,6652832;742,2979678
99,08543496;-38,33590698;-62,70714569;738,8384399;742,4850626
99,09536596;-38,42208862;-62,50364685;738,2984009;741,9349645
99,10529796;-38,76669312;-62,81629944;738,3101196;741,9909546
99,11522896;-38,87442017;-62,49754333;738,9440918;742,6005213
99,12515996;-38,85784912;-62,67724609;739,2955933;742,9645643
99,13509196;-38,95584106;-62,59293365;738,862793;742,5319251
99,14502296;-38,83248901;-63,27295685;739,1485596;742,8674326
99,15495396;-38,57479858;-63,10817719;739,2927246;742,9834384
99,16488596;-38,57696533;-63,47301483;739,2597046;742,9817741
99,17481696;-38,43356323;-62,98170471;739,2645264;742,9373284
99,18474896;-38,08679199;-63,78773499;743,4929199;747,1955573
99,19467996;-37,75875854;-63,30198669;746,1417847;749,7735846
99,20461096;-37,87924194;-63,71547699;745,5427856;749,2186224
99,21454296;-37,81884766;-63,19202423;743,7466431;747,3838145
99,22447396;-38,02786255;-63,54508209;742,9852905;746,6667515
99,23440496;-37,80358887;-63,21762085;742,144043;745,7904259
99,24433696;-37,62634277;-63,71733093;741,6026611;745,2852789
99,25426796;-37,57806396;-63,29632568;741,2740479;744,919962
99,26419996;-37,75491333;-63,73091888;741,6691895;745,3591417
99,27413096;-37,88696289;-63,23761749;742,2651367;745,9168529
99,28406196;-38,03219604;-63,32532501;741,7954712;745,464329
99,29399396;-37,82528687;-62,86155701;743,9137573;747,5225789
99,30392496;-37,56097412;-63,34222412;749,0671387;752,6783127
99,31385596;-37,73498535;-63,00956726;747,7251587;751,3235306
99,32378746;-37,7855835;-63,12457275;746,4419556;750,0587011
99,33371846;-37,65917969;-62,73262787;746,1083374;749,6874332
99,34365046;-37,82766724;-63,4252243;745,4313965;749,080542
99,35358146;-37,57595825;-62,95934296;744,7896729;748,3899306
99,36351246;-38,07516479;-63,39256287;744,1283569;747,7936525
99,37344446;-37,72241211;-62,94367218;743,6689453;747,2806611
99,38337546;-37,91598511;-63,40206909;743,2191772;746,8816437
99,39330646;-37,83901978;-62,98921967;742,7731323;746,3989277
99,40323846;-37,98925781;-63,28504181;742,6578369;746,3168516
99,41316946;-37,99014282;-63,07254028;742,0701294;745,7140694
99,42310146;-38,2315979;-63,47235107;742,5386353;746,2265201
99,43303246;-38,05612183;-63,04426575;741,8153687;745,4615275
99,44296346;-38,08010864;-63,21547699;743,6021118;747,2552388
99,45289546;-38,00030518;-63,07121277;743,2012329;746,840059
99,46282646;-38,39297485;-63,41960144;742,7559204;746,446531
99,47275846;-38,12869263;-62,99007416;742,3931885;746,0356513
99,48268946;-38,20523071;-63,68864441;744,993103;748,6859199
99,49262046;-37,99557495;-63,23208618;744,7804565;748,4249387
99,50255246;-38,24572754;-63,49449158;744,2937012;747,9755342
99,51248346;-38,00064087;-63,17922211;744,394104;748,0362591
99,52241446;-38,22634888;-63,4850235;743,9249268;747,6067807
99,53234646;-37,93029785;-63,11478424;743,2455444;746,8842767
99,54227746;-37,96408081;-63,59896088;743,3754883;747,0563672
99,55220946;-37,91818237;-63,26761627;742,8141479;746,4673055
99,56214046;-38,00769043;-63,52537537;742,3475952;746,0294967
99,57207146;-38,00268555;-63,16999054;741,9210205;745,5745788
99,58200346;-38,00491333;-63,2903595;741,5195313;745,1853852
99,59193446;-37,95892334;-63,167099;741,1517944;744,8066492
99,60186546;-38,2986145;-63,33170319;740,9102173;744,5976354
99,61179746;-38,01220703;-62,87631226;740,8121338;744,4467584
99,62172846;-38,37191772;-63,26262665;740,4590454;744,1465998
99,63166046;-38,12612915;-62,78684235;740,3853149;744,020298
99,64159146;-38,36984253;-63,02503967;742,7064819;746,362726
99,65152246;-38,06903076;-62,83883667;745,6481934;749,2590999
99,66145446;-38,25692749;-63,39694214;746,2999878;749,9642902
99,67138546;-37,93301392;-62,81585693;746,0924683;749,6924147
99,68131646;-37,99813843;-63,20275879;744,9910278;748,6321385
99,69124846;-37,7119751;-62,99449921;745,3825684;748,9897684
99,70117946;-37,74118042;-63,48186493;744,9885254;748,6402653
99,71111146;-37,59963989;-63,11567688;744,3641968;747,9808681
99,72104246;-37,9888916;-63,63126373;743,4484253;747,1329565
99,73097346;-37,89910889;-62,89581299;742,7675781;746,3885723
99,74090546;-38,15719604;-63,26102448;742,8742676;746,5387507
99,75083646;-37,9465332;-62,99717712;742,6321411;746,2647524
99,76076746;-38,32092285;-63,31895447;742,5854492;746,2646531
99,77069946;-38,11734009;-62,71086121;742,0946655;745,7144737
99,78063046;-38,39117432;-63,24950409;741,9729004;745,6528461
99,79056246;-38,06271362;-62,88330841;741,7306519;745,3639652
99,80049346;-38,55825806;-63,28437042;741,765564;745,458116
99,81042446;-38,23175049;-62,89109802;743,1124268;746,7483082
99,82035646;-38,34518433;-63,2583313;743,4524536;747,1234974
99,83028746;-38,21673584;-62,96229553;743,519104;747,1582346
99,84021846;-38,49246216;-63,27125549;743,4813843;747,1609533
99,85015046;-38,23132324;-62,95454407;743,1983032;746,8390902
99,86008146;-38,32611084;-63,34004974;742,7155151;746,3961342
99,87001346;-38,07196045;-63,03826904;742,1936646;745,8382755
99,87994446;-37,98083496;-63,22619629;742,5274048;746,1816418
99,88987546;-37,81005859;-63,03247833;742,4525146;746,0820534
99,89980746;-37,90087891;-63,38137817;742,961792;746,6229973
99,90973846;-37,78671265;-62,90473938;742,5302734;746,1474713
99,91967046;-37,98654175;-62,94443512;742,6724854;746,3024854
99,92960146;-38,03359985;-62,61524963;742,6176147;746,2225847
99,93953246;-38,14544678;-62,93598938;742,6729736;746,3103641
99,94946446;-38,04046631;-62,4622879;742,0973511;745,6923581
99,95939546;-38,32235718;-62,87234497;742,1717529;745,8152892
99,96932646;-38,15811157;-62,68709564;741,8164673;745,4377134
99,97925846;-38,24053955;-62,90735626;741,5874023;745,2325474
99,98918946;-38,09185791;-62,57862091;741,276062;744,8874234
99,99912146;-37,95355225;-63,07044983;740,8491821;744,4970547
100,0090525;-38,00048828;-62,79962158;740,7676392;744,3954089
100,0189835;-37,97879028;-63,17892456;741,6478271;745,3022639
100,0289155;-37,81048584;-63,03840637;741,0653076;744,7021308
100,0388465;-37,88751221;-63,26487732;741,2050781;744,864334
100,0487775;-37,87423706;-63,0638504;740,9335938;744,576455
100,0587095;-37,87423706;-63,0638504;740,9335938;744,576455
100,0686405;-37,83035278;-63,24721527;741,1674805;744,8225157
100,0785725;-37,89373779;-63,06088257;741,0529785;744,6959965
100,0885035;-37,87759399;-63,13835144;740,9425659;744,5918678
100,0984345;-37,98684692;-63,07524872;740,8580322;744,507966
100,1083665;-38,19412231;-63,1205368;740,7865601;744,4512883
100,1182975;-38,01275635;-62,87805939;740,8362427;744,4709252
100,1282285;-38,18930054;-63,02548981;740,4341431;744,0923029
100,1381605;-38,16906738;-62,77072906;740,2753906;743,9117529
100,1480915;-38,33206177;-62,94073486;739,9683228;743,6289409
100,1580235;-38,40936279;-62,73901367;739,9318848;743,5796239
100,1679545;-38,34646606;-62,73337555;740,2545166;743,8969534
100,1778855;-38,29391479;-62,6838913;740,0099487;743,6467026
100,1878175;-38,2428894;-62,95477295;740,0541382;743,7109314
100,1977485;-38,0690918;-62,6558075;739,935791;743,5589962
100,2076795;-38,16375732;-62,81797791;739,7805786;743,4230796
100,2176115;-37,92016602;-62,86765289;739,5230713;743,1585657
100,2275425;-38,02377319;-62,91100311;739,2902832;742,9358818
100,2374745;-38,00811768;-62,89157104;739,2360229;742,8794413
100,2474055;-37,9354248;-62,84204102;739,1050415;742,7411938
100,2573365;-38,08590698;-62,92617798;739,1798096;742,8304188
100,2672685;-38,26052856;-62,99817657;738,9517822;742,6185931
100,2771995;-38,30102539;-62,93054199;738,7270508;742,3913235
100,2871315;-38,26589966;-62,93751526;738,9125977;742,5747349
100,2970625;-38,38238525;-62,65467834;738,6064453;742,252179
100,3069935;-38,39001465;-62,85657501;738,550354;742,2138288
100,3169255;-38,37576294;-62,84112549;738,3446045;742,0070493
100,3268568;-38,51702881;-62,86073303;738,5609741;742,231329
100,3367878;-38,32116699;-62,83790588;738,9998169;742,6559389
100,3467198;-38,10778809;-63,16914368;739,303833;742,9755728
100,3566508;-38,01599121;-63,32051086;739,3717651;743,0513507
100,3665828;-38,09457397;-63,43757629;739,5610352;743,2536898
100,3765138;-38,18518066;-63,45603943;739,0212402;742,7228086
100,3864448;-38,29901123;-63,39391327;739,2932129;742,9939819
100,3963768;-38,16650391;-63,38013458;739,1610718;742,8545036
100,4063078;-38,04623413;-63,43932343;739,1878052;742,8799869
100,4162388;-38,12435913;-63,37762451;738,9449463;742,637074
100,4261708;-38,19470215;-63,19002533;739,7470093;743,4227951
100,4361018;-38,29055786;-63,01561737;739,1932373;742,8618828
100,4460338;-38,46426392;-62,87140656;739,3933716;743,0577846
100,4559648;-38,37997437;-63,08387756;739,0447388;742,7245276
100,4658958;-38,61160278;-62,79351807;738,7976074;742,4660171
100,4758278;-38,70645142;-62,80914307;738,6068726;742,2824867
100,4857588;-38,63778687;-62,98995209;738,2668457;741,9558936
100,4956898;-38,12820435;-63,29691315;745,5253906;749,1784615
100,5056218;-37,92028809;-63,11021423;748,4989624;752,1113908
100,5155528;-37,98754883;-63,03656769;747,5715332;751,1856362
100,5254848;-38,01318359;-62,86927795;745,6612549;749,2718167
100,5354158;-38,02444458;-62,99516296;743,9329224;747,563002
100,5453468;-38,05041504;-62,80433655;742,4645386;746,0869988
100,5552788;-38,05203247;-63,25563049;741,8353271;745,4990842
100,5652098;-37,86120605;-63,04266357;741,8894043;745,5251415
100,5751408;-37,88168335;-63,01804352;741,083252;744,7218824
100,5850728;-38,24276733;-62,93718719;740,3441772;743,9980508
100,5950038;-38,36907959;-62,68202209;740,211853;743,8513356
100,6049358;-38,25973511;-62,64086151;740,2952881;743,925264
100,6148668;-38,09481812;-62,67713165;739,8829346;743,5095123
100,6247978;-38,24688721;-63,08406067;739,776062;743,4453881
100,6347298;-38,30953979;-63,2924881;740,1896973;743,8779119
100,6446608;-38,23782349;-63,24643707;739,6329956;743,3163601
100,6545918;-38,48809814;-63,31590271;739,4508057;743,1539082
100,6645238;-38,41555786;-63,15470886;739,1973267;742,8842171
100,6744548;-38,38101196;-63,09221649;739,2942505;742,9735653
100,6843868;-38,09249878;-63,21475983;740,0789185;743,7499243
100,6943178;-38,0814209;-63,45832062;740,6015015;744,2900893
100,7042488;-37,92102051;-63,37780762;740,7476196;744,4204365
100,7141808;-37,88018799;-63,66391754;740,449585;744,1462161
100,7241118;-37,73303223;-63,64572906;740,0855103;743,7749142
100,7340438;-37,98034668;-63,57160187;739,7668457;743,4640821
100,7439748;-37,77822876;-63,47634888;739,6394043;743,3188346
100,7539058;-38,10925293;-63,60531616;739,5273438;743,2352545
100,7638378;-37,77514648;-63,86912537;740,1954346;743,9055775
100,7737688;-37,69180298;-64,07563782;740,2611084;743,9844541
100,7836998;-37,58847046;-63,8658905;740,3865356;744,0859945
100,7936318;-37,71847534;-63,78200531;740,3085327;744,0077629
100,8035628;-37,69644165;-63,50891876;740,2459106;743,9209721
100,8134948;-37,65713501;-63,66268921;739,9868774;743,6743754
100,8234258;-37,80554199;-63,73206329;740,5505981;744,2487644
100,8333568;-37,87585449;-63,89337158;740,3734131;744,0898696
100,8432888;-37,67431641;-63,91588593;740,1756592;743,8848036
100,8532198;-37,78741455;-63,79405975;739,5375366;743,2451405
100,8631508;-37,82843018;-63,69416809;739,6522827;743,3528345
100,8730828;-37,9552002;-63,68364716;739,3485718;743,0561989
100,8830138;-37,98965454;-63,48072815;738,9298096;742,6239157
100,8929458;-38,07516479;-63,85361481;738,7880249;742,5191903
100,9028768;-38,04595947;-63,91988373;738,5869751;742,323357
100,9128078;-38,15594482;-63,84011841;738,7406006;742,4749907
100,9227398;-37,97525024;-63,79244232;738,8121338;742,5328036
100,9326708;-38,24041748;-63,60938263;738,8288574;742,5473477
100,9426018;-37,91516113;-63,76261902;739,0614014;742,7751921
100,9525338;-38,0975647;-63,89872742;739,1092529;742,8438326
100,9624648;-38,34564209;-63,57813263;738,7334595;742,455178
100,9723968;-38,45510864;-63,43972778;738,5339966;742,2505362
100,9823278;-38,02029419;-63,50970459;739,0302124;742,7278642
100,9922588;-38,04870605;-63,44254303;738,7415771;742,4363798
101,0021908;-37,98016357;-63,61553955;738,6677856;742,3742501
101,0121218;-38,20303345;-63,73627472;738,3774414;742,1071556
101,0220528;-37,87783813;-63,66757965;738,1776123;741,8857585
101,0319848;-38,27694702;-63,4705658;738,5106812;742,2207647
101,0419158;-38,09628296;-63,2904129;738,0700073;741,7576011
101,0518478;-38,15170288;-63,62713623;738,1856079;741,9042773
101,0617788;-37,99121094;-63,41606903;738,0388184;741,7319107
101,0717098;-38,32531738;-63,30308533;738,2602539;741,9597786
101,0816418;-38,32531738;-63,30308533;738,2602539;741,9597786
101,0915728;-38,37796021;-63,21900177;738,5220337;742,2158071
101,1015038;-38,38421631;-63,30877686;738,3081665;742,0109824
101,1114358;-38,19229126;-63,20641327;738,1987305;741,8834595
101,1213668;-38,19638062;-63,34254456;738,2374268;741,9337839
101,1312988;-38,28585815;-63,28275299;738,5146484;742,2091348
101,1412298;-38,51089478;-63,0366745;738,583252;742,2680994
101,1511608;-38,42349243;-62,77934265;738,8806763;742,5377192
101,1610928;-38,70541382;-62,89173126;739,0657959;742,7460734
101,1710238;-38,40945435;-62,94697571;738,4151001;742,0879112
101,1809558;-38,64263916;-62,6554718;738,3942871;742,0546374
101,1908868;-38,36016846;-62,74607086;738,2543335;741,9083723
101,2008178;-38,36340332;-62,91907501;738,140625;741,8100451
101,2107498;-38,28289795;-62,84832001;737,7680054;741,4291074
101,2206808;-38,47259521;-63,14809418;738,071228;741,7661087
101,2306118;-38,25961304;-62,91073608;738,1389771;741,8023377
101,2405438;-38,43939209;-62,97940063;737,6177979;741,2988652
101,2504748;-37,81396484;-62,80677795;737,6921387;741,3260273
101,2604068;-38,15209961;-63,04658508;737,4830322;741,1556364
101,2703378;-37,94589233;-62,97281647;737,7602539;741,4146334
101,2802688;-38,21133423;-62,89694214;738,0088501;741,6691946
101,2902008;-37,90585327;-62,60925293;738,4761353;742,0941818
101,3001318;-38,31289673;-62,84373474;738,3430176;742,0024425
101,3100628;-37,96520996;-62,66553497;739,6966553;743,316533
101,3199942;-37,98742676;-63,18206787;743,0537109;746,7019724
101,3299252;-37,72467041;-63,01635742;744,7109375;748,3238554
101,3398572;-38,06976318;-63,30554199;744,8740845;748,5280891
101,3497882;-37,76394653;-63,04798126;742,4210205;746,0496869
101,3597192;-37,91983032;-63,11280823;741,3533936;745,0006673
101,3696512;-37,65353394;-62,93062592;746,0790405;749,6745874
101,3795822;-38,10421753;-63,07554626;745,8652344;749,496767
101,3895132;-37,84082031;-62,97027588;744,1182861;747,7360544
101,3994452;-37,97463989;-62,96005249;742,9215698;746,5510702
101,4093762;-37,48504639;-62,98644257;748,6027222;752,1824621
101,4193082;-37,48126221;-63,74928284;752,7141113;756,3381185
101,4292392;-37,18405151;-63,45557404;751,2789307;754,8703831
101,4391702;-37,34313965;-63,65086365;749,0021973;752,628882
101,4491022;-37,00912476;-63,64118958;747,7115479;751,3271159
101,4590332;-37,38919067;-63,69226074;746,4019165;750,0469829
101,4689642;-37,37442017;-63,50567627;745,2565918;748,8906501
101,4788962;-37,71578979;-63,71894836;744,407959;748,0814091
101,4888272;-37,43963623;-63,27611542;743,8330078;747,4577825
101,4987592;-37,85452271;-63,2721405;743,6635132;747,3096744
101,5086902;-37,60375977;-63,41564941;743,3466797;746,9938912
101,5186212;-38,04327393;-63,60373688;743,1377563;746,8242437
101,5285532;-37,84179688;-63,31427765;743,0488281;746,7009176
101,5384842;-38,19726563;-63,1685791;743,2130737;746,8701182
101,5484152;-37,76889038;-63,06263733;742,6505737;746,2796125
101,5583472;-38,01831055;-63,28026581;742,2905884;745,9524794
101,5682782;-37,82595825;-63,19828796;742,3808594;746,0255807
101,5782102;-37,93499756;-63,37329865;742,3071289;745,9725951
101,5881412;-37,53900146;-63,27118683;742,1525879;745,7901068
101,5980722;-37,88446045;-63,61215973;742,0193481;745,7039977
101,6080042;-37,51446533;-63,66498566;741,937561;745,608416
101,6179352;-37,72689819;-63,79627228;741,5010986;745,1960564
101,6278672;-37,51812744;-63,81020355;742,1511841;745,833582
101,6377982;-38,07376099;-63,70691681;742,2632446;745,9644139
101,6477292;-37,66873169;-63,56295776;742,1159058;745,784956
101,6576612;-38,10040283;-63,48675537;741,7094116;745,3959083
101,6675922;-38,08001709;-63,23802185;741,7778931;745,4418675
101,6775232;-38,30575562;-63,32396698;741,892395;745,5746653
101,6874552;-37,76315308;-63,07783508;741,4535522;745,0894169
101,6973862;-38,01803589;-63,03694153;741,559021;745,2038705
101,7073182;-37,81985474;-63,10704803;741,4075317;745,0489709
101,7172492;-38,0826416;-63,37983704;741,5078125;745,1852973
101,7271802;-37,80032349;-63,46146393;741,1896362;744,8612614
101,7371122;-37,90261841;-63,87140656;741,2338257;744,9454674
101,7470432;-37,684021;-63,61940002;741,3820801;745,0603346
101,7569742;-38,01428223;-63,69086456;740,9468384;744,6501388
101,7669062;-37,71762085;-63,46596527;740,5205688;744,1916827
101,7768372;-38,40203857;-63,68736267;740,5294189;744,2544034
101,7867692;-37,86907959;-63,47364044;740,4962158;744,1757963
101,7967002;-38,19638062;-63,57943726;740,7015381;744,4058549
101,8066312;-37,87704468;-63,21620941;740,5370483;744,1949204
101,8165632;-38,32214355;-63,11737823;740,4316406;744,1044312
101,8264942;-38,28048706;-62,97779846;740,1355591;743,7958353
101,8364252;-38,40548706;-63,12799835;740,4745483;744,1523247
101,8463572;-37,99130249;-62,89831543;739,6326904;743,2738754
101,8562882;-37,88339233;-63,40325165;740,2285767;743,9042072
101,8662202;-37,62661743;-63,16943359;739,9299316;743,5741008
101,8761512;-37,91146851;-63,60778046;740,6057129;744,2983616
101,8860822;-37,7555542;-63,5290451;740,2023315;743,8823247
101,8960142;-38,14523315;-63,80075836;740,2944336;744,0170993
101,9059452;-37,74639893;-63,66962433;740,3140259;744,0050192
101,9158762;-37,97433472;-64,08934784;740,0764771;743,8162989
101,9258082;-37,6953125;-63,51351929;739,8135986;743,4911327
101,9357392;-38,1300354;-63,54204559;740,0550537;743,7559907
101,9456712;-38,04220581;-63,11555481;739,8727417;743,5337629
101,9556022;-38,26077271;-63,22805786;739,9205322;743,6020899
101,9655332;-38,17996216;-63,02482605;739,8244629;743,4850867
101,9754652;-38,56118774;-63,02126312;739,9785767;743,6578102
101,9853962;-38,1182251;-63,03548431;739,8309326;743,4892603
101,9953272;-38,34255981;-63,31876373;739,4580688;743,1538558
102,0052592;-38,20220947;-62,98321533;739,1954346;742,8567727
102,0151902;-38,49963379;-62,97466278;739,0595093;742,7361498
102,0251222;-38,24899292;-62,72836304;739,1585693;742,8009313
102,0350532;-38,31262207;-62,9391098;738,9705811;742,6349764
102,0449842;-38,17449951;-62,70645905;738,9057617;742,5436803
102,0549162;-38,37417603;-63,02169037;738,9415894;742,6163096
102,0648472;-38,19839478;-62,74411011;738,9000854;742,5424412
102,0747782;-38,56652832;-62,81165314;738,4367065;742,1060911
102,0847102;-38,2911377;-62,37070465;738,3640747;741,9823602
102,0946412;-38,69564819;-62,61672211;738,6570435;742,3155898
102,1045732;-38,69564819;-62,61672211;738,6570435;742,3155898
102,1145042;-38,66769409;-62,4068222;738,3859863;742,0267292
102,1244352;-38,7956543;-62,64332581;737,9735107;741,6429003
102,1343672;-38,48602295;-62,71337891;738,262085;741,9198393
102,1442982;-38,37167358;-63,05155945;737,7611084;741,4440893
102,1542292;-38,24401855;-62,77361298;737,7891235;741,4417861
102,1641612;-38,62719727;-63,13265228;737,3030396;741,0084779
102,1740922;-38,49377441;-63,11717224;738,293335;741,985577
102,1840242;-38,43771362;-63,31212616;738,2086792;741,9150472
102,1939552;-38,4559021;-63,10807037;738,3493652;742,0385907
102,2038862;-38,2416687;-63,67842102;738,251709;741,9790781
102,2138182;-38,06536865;-63,23056793;737,9262695;741,6078858
102,2237492;-38,10531616;-63,61667633;738,3778687;742,0922945
102,2336812;-38,03448486;-63,2094574;737,9116821;741,5899866
102,2436122;-38,36691284;-63,65644836;738,1131592;741,8458055
102,2535432;-38,49942017;-63,38024902;737,7592163;741,4768523
102,2634752;-38,65890503;-63,47718048;737,2568359;740,9935934
102,2734062;-37,89138794;-63,12221527;745,5665894;749,1927059
102,2833372;-37,67932129;-63,67726898;747,8320313;751,4833816
102,2932692;-37,80737305;-63,26937103;747,1925049;750,8189197
102,3032002;-37,89425659;-63,51010895;746,9915161;750,643613
102,3131322;-37,96655273;-63,31640625;747,4304199;751,0676794
102,3230636;-38,09240723;-63,4489975;746,1934204;749,8542708
102,3329946;-38,13903809;-63,21298218;744,772522;748,422726
102,3429266;-38,23181152;-63,44870758;744,2948608;747,9720916
102,3528576;-38,06924438;-63,16280365;743,4388428;747,0877593
102,3627886;-38,20016479;-63,70711517;742,7923584;746,497379
102,3727206;-37,93728638;-63,2025528;742,1600342;745,8118507
102,3826516;-38,10131836;-63,34081268;742,020874;745,6934668
102,3925836;-37,98114014;-63,02268982;741,6685791;745,3098065
102,4025146;-38,20697021;-63,22590637;741,4456787;745,1167575
102,4124456;-38,34225464;-62,69836426;741,0018311;744,6374467
102,4223776;-38,23526001;-63,18148041;741,0928955;744,7633949
102,4323086;-38,28417969;-62,78230286;740,6366577;744,2781434
102,4422396;-38,65924072;-63,07798767;740,8371582;744,5220375
102,4521716;-38,45248413;-62,75823212;740,8624268;744,5094523
102,4621026;-38,65109253;-62,93946075;740,5411377;744,2153313
102,4720346;-38,2762146;-62,91898346;740,9047852;744,5560877
102,4819656;-38,30819702;-63,46828461;740,7556763;744,4559846
102,4918966;-38,14309692;-63,09086609;744,866272;748,5059227
102,5018286;-37,9552002;-63,56109619;746,5997925;750,2611947
102,5117596;-37,78842163;-63,05101013;746,4014282;750,0123244
102,5216906;-37,93328857;-63,13745117;744,425293;748,0603511
102,5316226;-37,84115601;-63,07743835;742,6622925;746,2961858
102,5415536;-37,92745972;-63,37772369;741,7159424;745,3843084
102,5514856;-38,04684448;-63,21228027;741,2877197;744,9502253
102,5614166;-38,42959595;-63,46629333;741,6554565;745,3573777
102,5713476;-38,39498901;-63,17537689;741,755249;745,4301797
102,5812796;-38,35452271;-63,78573608;745,3606567;749,0675525
102,5912106;-38,13238525;-63,41390228;746,3705444;750,0295937
102,6011416;-38,21844482;-63,7828598;746,0358887;749,7322522
102,6110736;-37,92156982;-63,32540131;745,2115479;748,858066
102,6210046;-37,99703979;-63,66924286;746,34198;750,0159322
102,6309366;-37,84759521;-63,04904175;746,8520508;750,4635953
102,6408676;-38,17373657;-63,40833282;746,7588501;750,4176377
102,6507986;-38,19216919;-63,02984619;745,3900146;749,0244837
102,6607306;-38,26675415;-63,55413818;745,1157227;748,7996482
102,6706616;-37,9281311;-63,09706116;744,3345947;747,9664238
102,6805926;-38,07226563;-63,36802673;743,8499756;747,5144082
102,6905246;-37,86013794;-63,13272858;743,652771;747,2874783
102,7004556;-38,31488037;-63,34061432;743,3944702;747,071216
102,7103876;-38,12722778;-62,92729187;743,0401611;746,6740993
102,7203186;-38,32769775;-63,33267212;743,006958;746,6855961
102,7302496;-38,2767334;-63,00492859;742,6584473;746,3084474
102,7401816;-38,25436401;-63,3380661;742,9924316;746,6678381
102,7501126;-37,93273926;-62,79819489;742,3905029;746,0068129
102,7600446;-38,11975098;-63,2430954;742,249939;745,9140543
102,7699756;-37,85848999;-62,73635101;742,1253052;745,7339228
102,7799066;-38,23742676;-62,98582458;741,958313;745,6081096
102,7898386;-38,19390869;-62,77346802;741,6260376;745,257313
102,7997696;-38,35702515;-63,20458984;741,8519287;745,5269047
102,8097006;-38,09155273;-62,92935181;741,706543;745,3453331
102,8196326;-38,18338013;-63,30095673;741,5616455;745,237315
102,8295636;-37,8237915;-63,05247498;741,3916016;745,0286979
102,8394956;-38,12130737;-63,38367462;741,5691528;745,2486382
102,8494266;-37,95895386;-63,16856384;741,5025024;745,1557628
102,8593576;-38,22833252;-63,88143921;741,5286865;745,2563563
102,8692896;-38,04504395;-63,2488327;741,0581055;744,7247518
102,8792206;-38,18588257;-63,64655304;741,0040894;744,7120959
102,8891516;-38,06561279;-63,20692444;741,2963867;744,959354
102,8990836;-38,06140137;-63,75537872;743,2769165;746,976568
102,9090146;-37,61022949;-63,6007843;746,8035889;750,4499913
102,9189466;-37,8394165;-64,05539703;748,5335083;752,2215953
102,9288776;-37,63473511;-63,43887329;749,6956787;753,315654
102,9388086;-37,92346191;-63,58154297;748,0514526;751,7059115
102,9487406;-37,98394775;-63,29037476;744,7276001;748,3766767
102,9586716;-37,97543335;-63,74860382;743,848938;747,5408086
102,9686026;-37,73736572;-63,21086884;742,6875;746,3273044
102,9785346;-38,13534546;-63,42144775;741,8605957;745,5425729
102,9884656;-37,91009521;-63,09890747;741,1002197;744,7470598
102,9983976;-38,31005859;-63,40715027;740,9865112;744,6805605
103,0083286;-38,10467529;-63,1856842;740,9302979;744,5952614
103,0182596;-38,14907837;-63,75115967;740,2234497;743,9424158
103,0281916;-37,84014893;-63,45051575;740,2513428;743,9286897
103,0381226;-37,62295532;-63,93213654;746,6921997;750,3679404
103,0480546;-37,62225342;-63,43258667;746,5388794;750,1729304
103,0579856;-37,91079712;-63,70027161;745,9312744;749,6055091
103,0679166;-37,5652771;-63,24195099;744,7304688;748,3543048
103,0778486;-37,80621338;-63,36274719;744,4506836;748,0982341
103,0877796;-37,72235107;-63,25156403;744,2573853;747,8922326
103,0977106;-38,0848999;-63,85385132;743,9506836;747,6566014
103,1076426;-37,94540405;-63,39479828;743,7252808;747,3861434
103,1175736;-38,04483032;-63,74417877;743,2072754;746,9054717
103,1275056;-38,04483032;-63,74417877;743,2072754;746,9054717
103,1374366;-37,84451294;-63,40740967;743,1412354;746,8009122
103,1473676;-38,00604248;-63,77254486;742,8829346;746,5831844
103,1572996;-37,70614624;-63,3453598;742,8337402;746,4826547
103,1672306;-37,9828186;-63,94680786;743,3517456;747,0633885
103,1771616;-37,66409302;-63,77104187;743,1123657;746,7940263
103,1870936;-37,92333984;-63,90101624;742,8571777;746,5643349
103,1970246;-37,76974487;-63,72524261;742,7798462;746,4645739
103,2069566;-37,90390015;-64,08798981;742,1842651;745,90982
103,2168876;-37,73641968;-63,50006866;741,972229;745,6400504
103,2268186;-37,82006836;-63,88301086;743,6380615;747,3345725
103,2367506;-37,89929199;-63,50469971;742,7741699;746,4466965
103,2466816;-38,05688477;-63,76037598;742,3264771;746,0310386
103,2566126;-37,7272644;-63,53044891;746,5595093;750,207015
103,2665446;-38,02590942;-63,77062988;749,548584;753,2169294
103,2764756;-37,73220825;-63,43653107;747,8070068;751,4407711
103,2864076;-38,12017822;-63,36826324;746,2814941;749,9364995
103,2963386;-37,87942505;-63,08420563;744,7546387;748,3808787
103,3062696;-38,01293945;-63,40694427;744,0976563;747,7611558
103,3162016;-37,90759277;-63,12387085;743,2910767;746,9292023
103,326132;-38,10678101;-63,35571289;742,6488647;746,3199109
103,336063;-37,96261597;-63,05962372;742,680542;746,3190094
103,345995;-38,15505981;-63,3508606;742,913208;746,5850084
103,355926;-37,93707275;-63,08827209;742,5612793;746,2014507
103,365858;-37,95614624;-63,40416718;742,7426758;746,4096997
103,375789;-38,04693604;-63,04541016;743,0187378;746,6586488
103,38572;-38,34741211;-63,35775757;742,5280151;746,2121566
103,395652;-38,10842896;-63,11392212;741,7351074;745,3902261
103,405583;-37,93807983;-63,42602539;741,765564;745,4383345
103,415515;-37,98580933;-63,17449188;742,0266113;745,6791737
103,425446;-38,26052856;-63,38790894;742,3192139;746,0024868
103,435377;-38,20819092;-63,0340271;741,7418213;745,3952535
103,445309;-38,237854;-63,06044769;741,2905273;744,9499308
103,45524;-38,31704712;-62,96879578;740,9885254;744,6457279
103,465171;-38,62982178;-63,20652008;741,0333862;744,7266658
103,475103;-38,44900513;-63,1060791;741,0817871;744,7569526
103,485034;-38,30828857;-63,26760864;740,776123;744,4592533
103,494966;-38,22692871;-63,11530304;740,5218506;744,189123
103,504897;-38,32675171;-62,99625397;740,6768188;744,3383759
103,514828;-38,2961731;-63,20014191;740,6032104;744,2808409
103,52476;-38,24169922;-63,31710815;740,5912476;744,2760776
103,534691;-38,41912842;-63,13299561;740,2644653;743,9444087
103,544622;-38,47790527;-63,33944702;739,7324829;743,4356603
103,554554;-38,5055542;-63,01014709;740,4985962;744,1714368
103,564485;-38,40505981;-63,06700134;740,5427246;744,2149705
103,574417;-38,13983154;-62,88121796;740,4801025;744,1232939
103,584348;-38,28741455;-63,34832764;741,3361816;745,0223292
103,594279;-38,42984009;-62,86808777;741,135376;744,7891612
103,604211;-38,46881104;-62,91738892;741,0644531;744,7247619
103,614142;-38,47198486;-62,90048218;740,5750122;744,2364631
103,624073;-38,63442993;-63,06256866;740,7263184;744,4091519
103,634005;-37,91378784;-63,11876678;748,4093628;752,0226116
103,643936;-37,84112549;-63,29546356;753,0392456;756,6415082
103,653868;-37,93841553;-63,24544525;749,5687256;753,1882793
103,663799;-37,93209839;-63,14196014;745,3751221;749,0058904
103,67373;-38,36791992;-63,28637695;743,0615845;746,7380941
103,683662;-38,35775757;-63,14425659;742,1080322;745,7766731
103,693593;-38,39459229;-62,93275452;742,156311;745,8087331
103,703524;-38,22164917;-63,05469513;741,338501;744,9963504
103,713456;-38,28704834;-63,06108093;740,9345703;744,5983048
103,723387;-38,21972656;-63,04371643;741,3046875;744,9616751
103,733319;-38,25598145;-63,02059937;741,1373291;744,7950434
103,74325;-38,322052;-63,29309082;740,6940308;744,3804419
103,753181;-38,42755127;-63,2061615;740,5710449;744,2561173
103,763113;-38,37716675;-63,33433533;740,5718994;744,265264
103,773044;-38,47439575;-62,99284363;740,5233154;744,1929576
103,782976;-38,38439941;-63,02432251;740,1925659;743,8618568
103,792907;-38,38064575;-63,47785187;740,437439;744,143879
103,802838;-38,35040283;-63,21312714;740,0490112;743,7332801
103,81277;-38,42446899;-63,29890442;740,3342896;744,0282598
103,822701;-38,32034302;-63,1254425;739,9396973;743,6155094
103,832632;-38,30865479;-62,70022583;739,5471191;743,1882755
103,842564;-38,26345825;-63,25482178;739,7402954;743,4251606
103,852495;-38,45541382;-63,26248169;739,5552368;743,2515784
103,862427;-38,27789307;-63,27832794;739,0875244;742,7783738
103,872358;-38,31561279;-63,22615814;738,9628906;742,6518612
103,882289;-38,34411621;-62,98712921;738,9530029;742,6231819
103,892221;-38,33709717;-63,22127533;738,7874146;742,4779502
103,902152;-38,10290527;-62,94914246;739,0712891;742,7252495
103,912083;-38,28503418;-63,31822968;741,4634399;745,1462775
103,922015;-37,7677002;-63,32200623;748,6871948;752,3088404
103,931946;-37,79003906;-63,44060516;749,0159302;752,6471026
103,941878;-37,87167358;-63,17580414;746,1606445;749,7874054
103,951809;-38,40789795;-63,1914444;743,6940918;747,3615105
103,96174;-38,41448975;-62,99721527;742,168457;745,8272862
103,971672;-38,56741333;-62,88460541;741,942688;745,6010134
103,981603;-38,50439453;-63,04598999;741,3098145;744,9816281
103,991534;-38,59585571;-63,04220581;740,7405396;744,4195771
104,001466;-38,35064697;-62,99164581;740,3338013;743,9978877
104,011397;-38,35397339;-63,2192688;740,7589722;744,4404329
104,021329;-38,3107605;-63,1897049;740,5787964;744,256412
104,03126;-38,12884521;-63,30828857;740,0874023;743,7681839
104,041191;-38,01989746;-63,26892853;740,1077881;743,7795425
104,051123;-38,28863525;-63,43900299;739,8900757;743,5911853
104,061054;-38,37612915;-63,40714264;739,5933838;743,2977643
104,070986;-38,4357605;-63,37432861;739,734436;743,4383963
104,080917;-38,2171936;-63,09734344;739,7523193;743,4213628
104,090848;-38,41702271;-63,07069397;739,305603;742,9848954
104,10078;-38,38967896;-63,28559113;739,0512085;742,7486266
104,110711;-38,31231689;-63,3390274;739,4650879;743,1610069
104,120642;-38,41003418;-63,15656281;739,1568604;742,8438237
104,130574;-38,37564087;-63,03739166;738,6550903;742,3326377
104,140505;-38,41412354;-62,95050049;738,4432983;742,1165106
104,150437;-38,41412354;-62,95050049;738,4432983;742,1165106
104,160368;-38,28439331;-63,06658936;738,8486328;742,5229907
104,170299;-38,04171753;-62,85519409;738,5888062;742,2340414
104,180231;-38,21691895;-62,9250946;738,2164307;741,878426
104,190162;-38,07904053;-62,81234741;738,2102051;741,8555865
104,200093;-38,37237549;-62,97985077;738,5424805;742,2155322
104,210025;-38,25091553;-62,86579132;738,5547485;742,2118005
104,219956;-38,2984314;-62,86445618;738,5444946;742,2039344
104,229888;-38,27990723;-62,69790649;738,0300293;741,6769532
104,239819;-38,25479126;-62,84099579;738,1970215;741,853936
104,24975;-38,16921997;-62,63136292;737,7371826;741,3742156
104,259682;-38,56491089;-62,8364563;737,8029175;741,4774559
104,269613;-37,83636475;-63,0476532;743,710022;747,3360649
104,279544;-38,06677246;-63,31155396;745,8953857;749,5447675
104,289476;-37,86300659;-63,27598572;745,9829102;749,6185429
104,299407;-38,00192261;-63,22042084;745,7592773;749,398337
104,309339;-37,89862061;-63,0046463;745,3704224;748,9879555
104,31927;-37,90679932;-63,1536026;745,3433228;748,973946
104,3292018;-37,91598511;-63,20406342;745,1361694;748,7725199
104,3391338;-38,02816772;-63,33287048;745,25177;748,9041292
104,3490648;-37,70303345;-63,48690033;745,4353027;749,0833704
104,3589968;-37,98272705;-63,67641449;745,0286865;748,7089669
104,3689278;-37,74029541;-63,40856171;744,9343872;748,5801339
104,3788588;-37,8972168;-63,43340302;744,8789673;748,5350169
104,3887908;-37,95040894;-63,19868469;743,9884033;747,6316283
104,3987218;-37,77883911;-63,76517487;747,0135498;750,681345
104,4086528;-37,6739502;-63,64273834;746,9691162;750,621466
104,4185848;-37,75524902;-63,7791214;746,536377;750,2065031
104,4285158;-37,62246704;-63,48244476;746,7572632;750,3944835
104,4384478;-38,08053589;-63,4138031;746,784668;750,4390568
104,4483788;-37,80740356;-63,29963684;746,8292236;750,4599477
104,4583098;-38,05862427;-63,38678741;746,8863525;750,5368527
104,4682418;-37,64059448;-63,28759003;746,5497437;750,1724156
104,4781728;-37,85079956;-63,16438293;746,6350708;750,2575233
104,4881038;-37,65393066;-63,09559631;746,3881836;749,9961289
104,4980358;-37,83032227;-63,19395447;745,6101074;749,2389749
104,5079668;-37,81732178;-63,0980835;746,0279541;749,6460673
104,5178988;-38,03353882;-63,02000427;745,2537231;748,8799522
104,5278298;-37,7739563;-63,06784058;745,6733398;749,2884318
104,5377608;-37,90881348;-63,29399109;746,0134277;749,6527475
104,5476928;-37,3949585;-63,20467377;747,8109131;751,4082615
104,5576238;-37,85739136;-63,27706146;748,0895996;751,7148513
104,5675548;-37,71133423;-63,27815247;747,7454224;751,3650817
104,5774868;-38,09469604;-63,26531219;747,1995239;750,8400856
104,5874178;-37,81396484;-63,07463074;746,6280518;750,2411297
104,5973498;-37,79803467;-63,09012604;747,1432495;750,7543478
104,6072808;-37,71292114;-63,12088776;747,0552979;750,6651244
104,6172118;-37,77560425;-63,21591949;748,5372314;752,1510723
104,6271438;-37,74819946;-63,26335907;748,6536865;752,2695803
104,6370748;-38,08944702;-63,16439819;747,9544067;751,5825582
104,6470058;-37,83526611;-63,13731384;747,5402832;751,155312
104,6569378;-37,8458252;-63,41213226;748,4907837;752,1248954
104,6668688;-37,7154541;-63,27013397;747,9204712;751,5388191
104,6768008;-37,96072388;-63,42364502;748,4303589;752,0715241
104,6867318;-37,7605896;-63,09339905;747,4307861;751,0388933
104,6966628;-37,81829834;-63,42665863;746,6789551;750,3216821
104,7065948;-37,58618164;-63,38545227;746,4682007;750,0968012
104,7165258;-37,9128418;-63,33092499;746,1668091;749,8087067
104,7264578;-37,79528809;-63,34007263;745,6662598;749,3054247
104,7363888;-37,96316528;-63,41786194;745,4240112;749,0794241
104,7463198;-37,47842407;-63,3706665;745,2967529;748,9243777
104,7562518;-37,53860474;-63,14735413;746,164856;749,7724504
104,7661828;-37,18255615;-63,14450836;747,2822266;750,8664978
104,7761138;-37,69961548;-63,07867432;746,9317627;750,5379659
104,7860458;-37,40423584;-63,30698395;746,7584839;750,369965
104,7959768;-37,80117798;-63,45288849;747,8400879;751,4785394
104,8059088;-37,70770264;-63,41545868;747,6628418;751,294294
104,8158398;-37,70184326;-63,85601807;746,9522705;750,6242165
104,8257708;-37,35546875;-63,78546143;748,4603271;752,1016404
104,8357028;-37,57543945;-63,94881439;748,9501953;752,6139512
104,8456338;-37,44784546;-63,80762482;748,9829712;752,6282251
104,8555648;-37,70907593;-63,97603607;749,2037964;752,8753125
104,8654968;-37,4208374;-63,74580383;748,6046143;752,2451163
104,8754278;-37,99389648;-63,79634857;748,1919556;751,8674834
104,8853598;-37,78652954;-63,39801025;747,2550659;750,8909795
104,8952908;-38,37020874;-63,60287476;746,7442627;750,4296053
104,9052218;-38,08596802;-63,3571167;746,354187;750,0061584
104,9151538;-38,65859985;-62,9993515;745,9751587;749,6281365
104,9250848;-38,13555908;-63,11226654;746,3988647;750,0324955
104,9350168;-38,54544067;-63,16790771;746,78302;750,4404137
104,9449478;-38,27362061;-62,9677124;746,3479614;749,9767212
104,9548788;-38,70367432;-63,16978455;745,4414063;749,1136671
104,9648108;-38,20144653;-63,11358643;744,5838623;748,2297798
104,9747418;-38,23379517;-63,2050705;745,0900879;748,7429085
104,9846728;-37,56109619;-63,40196228;745,0994873;748,7348601
104,9946048;-37,84753418;-63,84693909;744,7640381;748,4532984
105,0045358;-37,49752808;-63,84391785;743,7224731;747,3989748
105,0144678;-38,06903076;-64,07814026;743,3994751;747,1265212
105,0243988;-37,64440918;-63,75920105;742,8034668;746,4846466
105,0343298;-37,87493896;-63,9977417;742,9794312;746,6918086
105,0442618;-37,87072754;-64,01833344;742,5932007;746,3090517
105,0541928;-38,16156006;-64,00822449;746,1308594;749,8430614
105,0641238;-37,72793579;-63,5359726;746,7778931;750,4248387
