$MeshFormat
2.2 0 8
$EndMeshFormat
$PhysicalNames
9
3 100 "Wafer"
3 230 "bias1"
3 250 "bias2"
3 270 "bias3"
3 290 "bias4"
3 330 "readOut1"
3 350 "readOut2"
3 370 "readOut3"
3 390 "readOut4"
$EndPhysicalNames
$Nodes
4818
1 0 0 0
2 0 0.254 0
3 0 -0.254 0
4 0 0.254 0.00279
5 0 -0.254 0.00279
6 0.07845010363484341 0.205 0.00279
7 -0.07845010363484341 0.205 0.00279
8 0.07845010363484341 -0.205 0.00279
9 -0.07845010363484341 -0.205 0.00279
10 0.205 0.07845010363484341 0.00279
11 0.205 -0.07845010363484341 0.00279
12 -0.205 0.07845010363484341 0.00279
13 -0.205 -0.07845010363484341 0.00279
14 0.1378858223313768 0.1378858223313768 0.00279
15 0.1378858223313768 -0.1378858223313768 0.00279
16 -0.1378858223313768 -0.1378858223313768 0.00279
17 -0.1378858223313768 0.1378858223313768 0.00279
18 0.1378858223313768 0 0.00279
19 -0.1378858223313768 0 0.00279
20 0 0.1378858223313768 0.00279
21 0 -0.1378858223313768 0.00279
22 0.1453858223313768 0.0075 0.00279
23 0.1453858223313768 -0.0075 0.00279
24 0.1303858223313767 -0.0075 0.00279
25 0.1303858223313767 0.0075 0.00279
26 0.1453858223313768 0.0075 0.00329
27 0.1453858223313768 -0.0075 0.00329
28 0.1303858223313767 -0.0075 0.00329
29 0.1303858223313767 0.0075 0.00329
30 -0.1303858223313767 0.0075 0.00279
31 -0.1303858223313767 -0.0075 0.00279
32 -0.1453858223313768 -0.0075 0.00279
33 -0.1453858223313768 0.0075 0.00279
34 -0.1303858223313767 0.0075 0.00329
35 -0.1303858223313767 -0.0075 0.00329
36 -0.1453858223313768 -0.0075 0.00329
37 -0.1453858223313768 0.0075 0.00329
38 0.0075 -0.1303858223313767 0.00279
39 0.0075 -0.1453858223313768 0.00279
40 -0.0075 -0.1453858223313768 0.00279
41 -0.0075 -0.1303858223313767 0.00279
42 0.0075 -0.1303858223313767 0.00329
43 0.0075 -0.1453858223313768 0.00329
44 -0.0075 -0.1453858223313768 0.00329
45 -0.0075 -0.1303858223313767 0.00329
46 0.0075 0.1453858223313768 0.00279
47 0.0075 0.1303858223313767 0.00279
48 -0.0075 0.1303858223313767 0.00279
49 -0.0075 0.1453858223313768 0.00279
50 0.0075 0.1453858223313768 0.00329
51 0.0075 0.1303858223313767 0.00329
52 -0.0075 0.1303858223313767 0.00329
53 -0.0075 0.1453858223313768 0.00329
54 0.1413858223313768 0.1413858223313768 0.00279
55 0.1413858223313768 0.1343858223313767 0.00279
56 0.1343858223313767 0.1343858223313767 0.00279
57 0.1343858223313767 0.1413858223313768 0.00279
58 0.1413858223313768 0.1413858223313768 0.00329
59 0.1413858223313768 0.1343858223313767 0.00329
60 0.1343858223313767 0.1343858223313767 0.00329
61 0.1343858223313767 0.1413858223313768 0.00329
62 0.1413858223313768 -0.1343858223313767 0.00279
63 0.1413858223313768 -0.1413858223313768 0.00279
64 0.1343858223313767 -0.1413858223313768 0.00279
65 0.1343858223313767 -0.1343858223313767 0.00279
66 0.1413858223313768 -0.1343858223313767 0.00329
67 0.1413858223313768 -0.1413858223313768 0.00329
68 0.1343858223313767 -0.1413858223313768 0.00329
69 0.1343858223313767 -0.1343858223313767 0.00329
70 -0.1343858223313767 0.1413858223313768 0.00279
71 -0.1413858223313768 0.1413858223313768 0.00279
72 -0.1413858223313768 0.1343858223313767 0.00279
73 -0.1343858223313767 0.1343858223313767 0.00279
74 -0.1343858223313767 0.1413858223313768 0.00329
75 -0.1413858223313768 0.1413858223313768 0.00329
76 -0.1413858223313768 0.1343858223313767 0.00329
77 -0.1343858223313767 0.1343858223313767 0.00329
78 -0.1343858223313767 -0.1343858223313767 0.00279
79 -0.1413858223313768 -0.1343858223313767 0.00279
80 -0.1413858223313768 -0.1413858223313768 0.00279
81 -0.1343858223313767 -0.1413858223313768 0.00279
82 -0.1343858223313767 -0.1343858223313767 0.00329
83 -0.1413858223313768 -0.1343858223313767 0.00329
84 -0.1413858223313768 -0.1413858223313768 0.00329
85 -0.1343858223313767 -0.1413858223313768 0.00329
86 0.01049654345919843 0.2537830226303744 0
87 0.02097515374997242 0.2531324612236941 0
88 0.03141792834241422 0.2520494272532094 0
89 0.04180702593130648 0.2505357710642915 0
90 0.0521246969176911 0.248594078713148 0
91 0.06235331373376311 0.2462276675485899 0
92 0.0724754009592728 0.2434405805443962 0
93 0.08247366517798957 0.2402375793919612 0
94 0.09233102452321287 0.2366241363650248 0
95 0.1020306378618543 0.2326064249703846 0
96 0.1115559335672322 0.2281913094005626 0
97 0.1208906378314168 0.2233863328064482 0
98 0.1300188024687587 0.2181997044099508 0
99 0.1389248321630966 0.2126402854786822 0
100 0.1475935111120924 0.2067175741866295 0
101 0.1560100290231758 0.2004416893866839 0
102 0.1641600064166791 0.1938233533227508 0
103 0.1720295191929384 0.1868738733109753 0
104 0.1796051224213832 0.1796051224213829 0
105 0.1868738733109757 0.172029519192938 0
106 0.193823353322751 0.1641600064166788 0
107 0.2004416893866842 0.1560100290231753 0
108 0.2067175741866297 0.1475935111120921 0
109 0.2126402854786825 0.1389248321630961 0
110 0.2181997044099511 0.1300188024687582 0
111 0.2233863328064485 0.1208906378314163 0
112 0.2281913094005629 0.1115559335672315 0
113 0.2326064249703848 0.1020306378618537 0
114 0.2366241363650251 0.09233102452321214 0
115 0.2402375793919614 0.08247366517798903 0
116 0.2434405805443964 0.07247540095927203 0
117 0.2462276675485901 0.06235331373376234 0
118 0.2485940787131482 0.05212469691769032 0
119 0.2505357710642916 0.0418070259313057 0
120 0.2520494272532095 0.03141792834241366 0
121 0.2531324612236942 0.02097515374997186 0
122 0.2537830226303745 0.01049654345919786 0
123 0.254 -6.145819530373187e-16 0
124 0.2537830226303744 -0.01049654345919909 0
125 0.2531324612236941 -0.02097515374997286 0
126 0.2520494272532094 -0.03141792834241488 0
127 0.2505357710642914 -0.04180702593130691 0
128 0.248594078713148 -0.05212469691769153 0
129 0.2462276675485898 -0.06235331373376354 0
130 0.243440580544396 -0.07247540095927321 0
131 0.2402375793919611 -0.08247366517798999 0
132 0.2366241363650247 -0.09233102452321307 0
133 0.2326064249703844 -0.1020306378618547 0
134 0.2281913094005625 -0.1115559335672324 0
135 0.2233863328064481 -0.1208906378314169 0
136 0.2181997044099507 -0.1300188024687589 0
137 0.2126402854786821 -0.1389248321630967 0
138 0.2067175741866294 -0.1475935111120925 0
139 0.2004416893866839 -0.1560100290231758 0
140 0.1938233533227508 -0.1641600064166791 0
141 0.1868738733109753 -0.1720295191929384 0
142 0.179605122421383 -0.1796051224213832 0
143 0.1720295191929382 -0.1868738733109755 0
144 0.164160006416679 -0.1938233533227508 0
145 0.1560100290231755 -0.2004416893866841 0
146 0.1475935111120923 -0.2067175741866295 0
147 0.1389248321630965 -0.2126402854786822 0
148 0.1300188024687586 -0.2181997044099509 0
149 0.1208906378314167 -0.2233863328064482 0
150 0.1115559335672319 -0.2281913094005627 0
151 0.1020306378618544 -0.2326064249703845 0
152 0.09233102452321279 -0.2366241363650249 0
153 0.08247366517798968 -0.2402375793919612 0
154 0.07247540095927291 -0.2434405805443961 0
155 0.06235331373376302 -0.2462276675485899 0
156 0.052124696917691 -0.2485940787131481 0
157 0.0418070259313066 -0.2505357710642914 0
158 0.03141792834241434 -0.2520494272532094 0
159 0.02097515374997232 -0.2531324612236941 0
160 0.01049654345919855 -0.2537830226303744 0
161 -0.01049654345919857 -0.2537830226303744 0
162 -0.0209751537499724 -0.2531324612236941 0
163 -0.03141792834241431 -0.2520494272532094 0
164 -0.04180702593130645 -0.2505357710642915 0
165 -0.05212469691769113 -0.248594078713148 0
166 -0.06235331373376303 -0.2462276675485899 0
167 -0.07247540095927282 -0.2434405805443962 0
168 -0.08247366517798965 -0.2402375793919612 0
169 -0.09233102452321286 -0.2366241363650248 0
170 -0.1020306378618543 -0.2326064249703846 0
171 -0.1115559335672321 -0.2281913094005626 0
172 -0.1208906378314168 -0.2233863328064482 0
173 -0.1300188024687587 -0.2181997044099508 0
174 -0.1389248321630965 -0.2126402854786822 0
175 -0.1475935111120924 -0.2067175741866295 0
176 -0.1560100290231757 -0.2004416893866839 0
177 -0.1641600064166791 -0.1938233533227507 0
178 -0.1720295191929384 -0.1868738733109753 0
179 -0.1796051224213832 -0.1796051224213829 0
180 -0.1868738733109756 -0.1720295191929381 0
181 -0.193823353322751 -0.1641600064166788 0
182 -0.2004416893866842 -0.1560100290231754 0
183 -0.2067175741866297 -0.1475935111120921 0
184 -0.2126402854786824 -0.1389248321630961 0
185 -0.218199704409951 -0.1300188024687583 0
186 -0.2233863328064484 -0.1208906378314163 0
187 -0.2281913094005628 -0.1115559335672317 0
188 -0.2326064249703848 -0.1020306378618537 0
189 -0.236624136365025 -0.09233102452321233 0
190 -0.2402375793919614 -0.082473665177989 0
191 -0.2434405805443964 -0.07247540095927221 0
192 -0.2462276675485901 -0.06235331373376231 0
193 -0.2485940787131481 -0.05212469691769051 0
194 -0.2505357710642916 -0.04180702593130577 0
195 -0.2520494272532095 -0.03141792834241374 0
196 -0.2531324612236942 -0.02097515374997171 0
197 -0.2537830226303745 -0.01049654345919794 0
198 -0.254 5.328882951224911e-16 0
199 -0.2537830226303744 0.01049654345919912 0
200 -0.2531324612236941 0.020975153749973 0
201 -0.2520494272532094 0.03141792834241491 0
202 -0.2505357710642914 0.04180702593130694 0
203 -0.248594078713148 0.05212469691769155 0
204 -0.2462276675485898 0.06235331373376345 0
205 -0.243440580544396 0.07247540095927324 0
206 -0.2402375793919611 0.08247366517799001 0
207 -0.2366241363650247 0.0923310245232131 0
208 -0.2326064249703844 0.1020306378618547 0
209 -0.2281913094005625 0.1115559335672324 0
210 -0.2233863328064481 0.120890637831417 0
211 -0.2181997044099507 0.130018802468759 0
212 -0.2126402854786821 0.1389248321630968 0
213 -0.2067175741866293 0.1475935111120926 0
214 -0.2004416893866839 0.1560100290231758 0
215 -0.1938233533227506 0.1641600064166792 0
216 -0.1868738733109753 0.1720295191929384 0
217 -0.1796051224213829 0.1796051224213833 0
218 -0.1720295191929381 0.1868738733109756 0
219 -0.1641600064166788 0.193823353322751 0
220 -0.1560100290231755 0.2004416893866841 0
221 -0.1475935111120921 0.2067175741866297 0
222 -0.1389248321630962 0.2126402854786824 0
223 -0.1300188024687585 0.2181997044099509 0
224 -0.1208906378314166 0.2233863328064483 0
225 -0.1115559335672319 0.2281913094005627 0
226 -0.1020306378618541 0.2326064249703846 0
227 -0.09233102452321275 0.2366241363650249 0
228 -0.08247366517798965 0.2402375793919612 0
229 -0.07247540095927267 0.2434405805443962 0
230 -0.06235331373376298 0.2462276675485899 0
231 -0.05212469691769097 0.2485940787131481 0
232 -0.04180702593130635 0.2505357710642915 0
233 -0.03141792834241432 0.2520494272532094 0
234 -0.02097515374997229 0.2531324612236941 0
235 -0.01049654345919852 0.2537830226303744 0
236 0.01049654345919843 0.2537830226303744 0.00279
237 0.02097515374997242 0.2531324612236941 0.00279
238 0.03141792834241422 0.2520494272532094 0.00279
239 0.04180702593130648 0.2505357710642915 0.00279
240 0.0521246969176911 0.248594078713148 0.00279
241 0.06235331373376311 0.2462276675485899 0.00279
242 0.0724754009592728 0.2434405805443962 0.00279
243 0.08247366517798957 0.2402375793919612 0.00279
244 0.09233102452321287 0.2366241363650248 0.00279
245 0.1020306378618543 0.2326064249703846 0.00279
246 0.1115559335672322 0.2281913094005626 0.00279
247 0.1208906378314168 0.2233863328064482 0.00279
248 0.1300188024687587 0.2181997044099508 0.00279
249 0.1389248321630966 0.2126402854786822 0.00279
250 0.1475935111120924 0.2067175741866295 0.00279
251 0.1560100290231758 0.2004416893866839 0.00279
252 0.1641600064166791 0.1938233533227508 0.00279
253 0.1720295191929384 0.1868738733109753 0.00279
254 0.1796051224213832 0.1796051224213829 0.00279
255 0.1868738733109757 0.172029519192938 0.00279
256 0.193823353322751 0.1641600064166788 0.00279
257 0.2004416893866842 0.1560100290231753 0.00279
258 0.2067175741866297 0.1475935111120921 0.00279
259 0.2126402854786825 0.1389248321630961 0.00279
260 0.2181997044099511 0.1300188024687582 0.00279
261 0.2233863328064485 0.1208906378314163 0.00279
262 0.2281913094005629 0.1115559335672315 0.00279
263 0.2326064249703848 0.1020306378618537 0.00279
264 0.2366241363650251 0.09233102452321214 0.00279
265 0.2402375793919614 0.08247366517798903 0.00279
266 0.2434405805443964 0.07247540095927203 0.00279
267 0.2462276675485901 0.06235331373376234 0.00279
268 0.2485940787131482 0.05212469691769032 0.00279
269 0.2505357710642916 0.0418070259313057 0.00279
270 0.2520494272532095 0.03141792834241366 0.00279
271 0.2531324612236942 0.02097515374997186 0.00279
272 0.2537830226303745 0.01049654345919786 0.00279
273 0.254 -6.145819530373187e-16 0.00279
274 0.2537830226303744 -0.01049654345919909 0.00279
275 0.2531324612236941 -0.02097515374997286 0.00279
276 0.2520494272532094 -0.03141792834241488 0.00279
277 0.2505357710642914 -0.04180702593130691 0.00279
278 0.248594078713148 -0.05212469691769153 0.00279
279 0.2462276675485898 -0.06235331373376354 0.00279
280 0.243440580544396 -0.07247540095927321 0.00279
281 0.2402375793919611 -0.08247366517798999 0.00279
282 0.2366241363650247 -0.09233102452321307 0.00279
283 0.2326064249703844 -0.1020306378618547 0.00279
284 0.2281913094005625 -0.1115559335672324 0.00279
285 0.2233863328064481 -0.1208906378314169 0.00279
286 0.2181997044099507 -0.1300188024687589 0.00279
287 0.2126402854786821 -0.1389248321630967 0.00279
288 0.2067175741866294 -0.1475935111120925 0.00279
289 0.2004416893866839 -0.1560100290231758 0.00279
290 0.1938233533227508 -0.1641600064166791 0.00279
291 0.1868738733109753 -0.1720295191929384 0.00279
292 0.179605122421383 -0.1796051224213832 0.00279
293 0.1720295191929382 -0.1868738733109755 0.00279
294 0.164160006416679 -0.1938233533227508 0.00279
295 0.1560100290231755 -0.2004416893866841 0.00279
296 0.1475935111120923 -0.2067175741866295 0.00279
297 0.1389248321630965 -0.2126402854786822 0.00279
298 0.1300188024687586 -0.2181997044099509 0.00279
299 0.1208906378314167 -0.2233863328064482 0.00279
300 0.1115559335672319 -0.2281913094005627 0.00279
301 0.1020306378618544 -0.2326064249703845 0.00279
302 0.09233102452321279 -0.2366241363650249 0.00279
303 0.08247366517798968 -0.2402375793919612 0.00279
304 0.07247540095927291 -0.2434405805443961 0.00279
305 0.06235331373376302 -0.2462276675485899 0.00279
306 0.052124696917691 -0.2485940787131481 0.00279
307 0.0418070259313066 -0.2505357710642914 0.00279
308 0.03141792834241434 -0.2520494272532094 0.00279
309 0.02097515374997232 -0.2531324612236941 0.00279
310 0.01049654345919855 -0.2537830226303744 0.00279
311 -0.01049654345919857 -0.2537830226303744 0.00279
312 -0.0209751537499724 -0.2531324612236941 0.00279
313 -0.03141792834241431 -0.2520494272532094 0.00279
314 -0.04180702593130645 -0.2505357710642915 0.00279
315 -0.05212469691769113 -0.248594078713148 0.00279
316 -0.06235331373376303 -0.2462276675485899 0.00279
317 -0.07247540095927282 -0.2434405805443962 0.00279
318 -0.08247366517798965 -0.2402375793919612 0.00279
319 -0.09233102452321286 -0.2366241363650248 0.00279
320 -0.1020306378618543 -0.2326064249703846 0.00279
321 -0.1115559335672321 -0.2281913094005626 0.00279
322 -0.1208906378314168 -0.2233863328064482 0.00279
323 -0.1300188024687587 -0.2181997044099508 0.00279
324 -0.1389248321630965 -0.2126402854786822 0.00279
325 -0.1475935111120924 -0.2067175741866295 0.00279
326 -0.1560100290231757 -0.2004416893866839 0.00279
327 -0.1641600064166791 -0.1938233533227507 0.00279
328 -0.1720295191929384 -0.1868738733109753 0.00279
329 -0.1796051224213832 -0.1796051224213829 0.00279
330 -0.1868738733109756 -0.1720295191929381 0.00279
331 -0.193823353322751 -0.1641600064166788 0.00279
332 -0.2004416893866842 -0.1560100290231754 0.00279
333 -0.2067175741866297 -0.1475935111120921 0.00279
334 -0.2126402854786824 -0.1389248321630961 0.00279
335 -0.218199704409951 -0.1300188024687583 0.00279
336 -0.2233863328064484 -0.1208906378314163 0.00279
337 -0.2281913094005628 -0.1115559335672317 0.00279
338 -0.2326064249703848 -0.1020306378618537 0.00279
339 -0.236624136365025 -0.09233102452321233 0.00279
340 -0.2402375793919614 -0.082473665177989 0.00279
341 -0.2434405805443964 -0.07247540095927221 0.00279
342 -0.2462276675485901 -0.06235331373376231 0.00279
343 -0.2485940787131481 -0.05212469691769051 0.00279
344 -0.2505357710642916 -0.04180702593130577 0.00279
345 -0.2520494272532095 -0.03141792834241374 0.00279
346 -0.2531324612236942 -0.02097515374997171 0.00279
347 -0.2537830226303745 -0.01049654345919794 0.00279
348 -0.254 5.328882951224911e-16 0.00279
349 -0.2537830226303744 0.01049654345919912 0.00279
350 -0.2531324612236941 0.020975153749973 0.00279
351 -0.2520494272532094 0.03141792834241491 0.00279
352 -0.2505357710642914 0.04180702593130694 0.00279
353 -0.248594078713148 0.05212469691769155 0.00279
354 -0.2462276675485898 0.06235331373376345 0.00279
355 -0.243440580544396 0.07247540095927324 0.00279
356 -0.2402375793919611 0.08247366517799001 0.00279
357 -0.2366241363650247 0.0923310245232131 0.00279
358 -0.2326064249703844 0.1020306378618547 0.00279
359 -0.2281913094005625 0.1115559335672324 0.00279
360 -0.2233863328064481 0.120890637831417 0.00279
361 -0.2181997044099507 0.130018802468759 0.00279
362 -0.2126402854786821 0.1389248321630968 0.00279
363 -0.2067175741866293 0.1475935111120926 0.00279
364 -0.2004416893866839 0.1560100290231758 0.00279
365 -0.1938233533227506 0.1641600064166792 0.00279
366 -0.1868738733109753 0.1720295191929384 0.00279
367 -0.1796051224213829 0.1796051224213833 0.00279
368 -0.1720295191929381 0.1868738733109756 0.00279
369 -0.1641600064166788 0.193823353322751 0.00279
370 -0.1560100290231755 0.2004416893866841 0.00279
371 -0.1475935111120921 0.2067175741866297 0.00279
372 -0.1389248321630962 0.2126402854786824 0.00279
373 -0.1300188024687585 0.2181997044099509 0.00279
374 -0.1208906378314166 0.2233863328064483 0.00279
375 -0.1115559335672319 0.2281913094005627 0.00279
376 -0.1020306378618541 0.2326064249703846 0.00279
377 -0.09233102452321275 0.2366241363650249 0.00279
378 -0.08247366517798965 0.2402375793919612 0.00279
379 -0.07247540095927267 0.2434405805443962 0.00279
380 -0.06235331373376298 0.2462276675485899 0.00279
381 -0.05212469691769097 0.2485940787131481 0.00279
382 -0.04180702593130635 0.2505357710642915 0.00279
383 -0.03141792834241432 0.2520494272532094 0.00279
384 -0.02097515374997229 0.2531324612236941 0.00279
385 -0.01049654345919852 0.2537830226303744 0.00279
386 0.1979694502019357 0.08548065343290767 0.00279
387 0.1909389004038715 0.09251120323097194 0.00279
388 0.1839083506058072 0.0995417530290362 0.00279
389 0.1768778008077429 0.1065723028271005 0.00279
390 0.1698472510096787 0.1136028526251647 0.00279
391 0.1628167012116144 0.120633402423229 0.00279
392 0.1557861514135501 0.1276639522212933 0.00279
393 0.1487556016154858 0.1346945020193576 0.00279
394 0.1417250518174216 0.1417250518174218 0.00279
395 0.1346945020193573 0.1487556016154861 0.00279
396 0.1276639522212931 0.1557861514135503 0.00279
397 0.1206334024232289 0.1628167012116145 0.00279
398 0.1136028526251646 0.1698472510096787 0.00279
399 0.1065723028271004 0.176877800807743 0.00279
400 0.0995417530290362 0.1839083506058072 0.00279
401 0.09251120323097196 0.1909389004038714 0.00279
402 0.08548065343290773 0.1979694502019357 0.00279
403 -0.06799008981686429 0.205 0.00279
404 -0.05753007599888516 0.205 0.00279
405 -0.04707006218090604 0.205 0.00279
406 -0.0366100483629269 0.205 0.00279
407 -0.0261500345449478 0.205 0.00279
408 -0.01569002072696869 0.205 0.00279
409 -0.005230006908989546 0.205 0.00279
410 0.005230006908989573 0.205 0.00279
411 0.01569002072696868 0.205 0.00279
412 0.02615003454494777 0.205 0.00279
413 0.03661004836292689 0.205 0.00279
414 0.04707006218090599 0.205 0.00279
415 0.05753007599888514 0.205 0.00279
416 0.06799008981686426 0.205 0.00279
417 0.06799008981686429 -0.205 0.00279
418 0.05753007599888516 -0.205 0.00279
419 0.04707006218090604 -0.205 0.00279
420 0.0366100483629269 -0.205 0.00279
421 0.0261500345449478 -0.205 0.00279
422 0.01569002072696869 -0.205 0.00279
423 0.005230006908989546 -0.205 0.00279
424 -0.005230006908989573 -0.205 0.00279
425 -0.01569002072696868 -0.205 0.00279
426 -0.02615003454494777 -0.205 0.00279
427 -0.03661004836292689 -0.205 0.00279
428 -0.04707006218090599 -0.205 0.00279
429 -0.05753007599888514 -0.205 0.00279
430 -0.06799008981686426 -0.205 0.00279
431 -0.08548065343290767 -0.1979694502019357 0.00279
432 -0.09251120323097194 -0.1909389004038715 0.00279
433 -0.0995417530290362 -0.1839083506058072 0.00279
434 -0.1065723028271005 -0.1768778008077429 0.00279
435 -0.1136028526251647 -0.1698472510096787 0.00279
436 -0.120633402423229 -0.1628167012116144 0.00279
437 -0.1276639522212933 -0.1557861514135501 0.00279
438 -0.1346945020193576 -0.1487556016154858 0.00279
439 -0.1417250518174218 -0.1417250518174216 0.00279
440 -0.1487556016154861 -0.1346945020193573 0.00279
441 -0.1557861514135503 -0.1276639522212931 0.00279
442 -0.1628167012116145 -0.1206334024232289 0.00279
443 -0.1698472510096787 -0.1136028526251646 0.00279
444 -0.176877800807743 -0.1065723028271004 0.00279
445 -0.1839083506058072 -0.0995417530290362 0.00279
446 -0.1909389004038714 -0.09251120323097196 0.00279
447 -0.1979694502019357 -0.08548065343290773 0.00279
448 0.205 0.06799008981686429 0.00279
449 0.205 0.05753007599888516 0.00279
450 0.205 0.04707006218090604 0.00279
451 0.205 0.0366100483629269 0.00279
452 0.205 0.0261500345449478 0.00279
453 0.205 0.01569002072696869 0.00279
454 0.205 0.005230006908989546 0.00279
455 0.205 -0.005230006908989573 0.00279
456 0.205 -0.01569002072696868 0.00279
457 0.205 -0.02615003454494777 0.00279
458 0.205 -0.03661004836292689 0.00279
459 0.205 -0.04707006218090599 0.00279
460 0.205 -0.05753007599888514 0.00279
461 0.205 -0.06799008981686426 0.00279
462 0.1979694502019357 -0.08548065343290767 0.00279
463 0.1909389004038715 -0.09251120323097194 0.00279
464 0.1839083506058072 -0.0995417530290362 0.00279
465 0.1768778008077429 -0.1065723028271005 0.00279
466 0.1698472510096787 -0.1136028526251647 0.00279
467 0.1628167012116144 -0.120633402423229 0.00279
468 0.1557861514135501 -0.1276639522212933 0.00279
469 0.1487556016154858 -0.1346945020193576 0.00279
470 0.1417250518174216 -0.1417250518174218 0.00279
471 0.1346945020193573 -0.1487556016154861 0.00279
472 0.1276639522212931 -0.1557861514135503 0.00279
473 0.1206334024232289 -0.1628167012116145 0.00279
474 0.1136028526251646 -0.1698472510096787 0.00279
475 0.1065723028271004 -0.176877800807743 0.00279
476 0.0995417530290362 -0.1839083506058072 0.00279
477 0.09251120323097196 -0.1909389004038714 0.00279
478 0.08548065343290773 -0.1979694502019357 0.00279
479 -0.1979694502019357 0.08548065343290767 0.00279
480 -0.1909389004038715 0.09251120323097194 0.00279
481 -0.1839083506058072 0.0995417530290362 0.00279
482 -0.1768778008077429 0.1065723028271005 0.00279
483 -0.1698472510096787 0.1136028526251647 0.00279
484 -0.1628167012116144 0.120633402423229 0.00279
485 -0.1557861514135501 0.1276639522212933 0.00279
486 -0.1487556016154858 0.1346945020193576 0.00279
487 -0.1417250518174216 0.1417250518174218 0.00279
488 -0.1346945020193573 0.1487556016154861 0.00279
489 -0.1276639522212931 0.1557861514135503 0.00279
490 -0.1206334024232289 0.1628167012116145 0.00279
491 -0.1136028526251646 0.1698472510096787 0.00279
492 -0.1065723028271004 0.176877800807743 0.00279
493 -0.0995417530290362 0.1839083506058072 0.00279
494 -0.09251120323097196 0.1909389004038714 0.00279
495 -0.08548065343290773 0.1979694502019357 0.00279
496 -0.205 -0.06799008981686429 0.00279
497 -0.205 -0.05753007599888516 0.00279
498 -0.205 -0.04707006218090604 0.00279
499 -0.205 -0.0366100483629269 0.00279
500 -0.205 -0.0261500345449478 0.00279
501 -0.205 -0.01569002072696869 0.00279
502 -0.205 -0.005230006908989546 0.00279
503 -0.205 0.005230006908989573 0.00279
504 -0.205 0.01569002072696868 0.00279
505 -0.205 0.02615003454494777 0.00279
506 -0.205 0.03661004836292689 0.00279
507 -0.205 0.04707006218090599 0.00279
508 -0.205 0.05753007599888514 0.00279
509 -0.205 0.06799008981686426 0.00279
510 0.1453858223313768 -8.673617379884035e-19 0.00279
511 0.1378858223313768 -0.0075 0.00279
512 0.1303858223313767 8.673617379884035e-19 0.00279
513 0.1378858223313768 0.0075 0.00279
514 0.1453858223313768 -8.673617379884035e-19 0.00329
515 0.1378858223313768 -0.0075 0.00329
516 0.1303858223313767 8.673617379884035e-19 0.00329
517 0.1378858223313768 0.0075 0.00329
518 -0.1303858223313767 -8.673617379884035e-19 0.00279
519 -0.1378858223313768 -0.0075 0.00279
520 -0.1453858223313768 8.673617379884035e-19 0.00279
521 -0.1378858223313768 0.0075 0.00279
522 -0.1303858223313767 -8.673617379884035e-19 0.00329
523 -0.1378858223313768 -0.0075 0.00329
524 -0.1453858223313768 8.673617379884035e-19 0.00329
525 -0.1378858223313768 0.0075 0.00329
526 0.0075 -0.1378858223313768 0.00279
527 -8.673617379884035e-19 -0.1453858223313768 0.00279
528 -0.0075 -0.1378858223313768 0.00279
529 8.673617379884035e-19 -0.1303858223313767 0.00279
530 0.0075 -0.1378858223313768 0.00329
531 -8.673617379884035e-19 -0.1453858223313768 0.00329
532 -0.0075 -0.1378858223313768 0.00329
533 8.673617379884035e-19 -0.1303858223313767 0.00329
534 0.0075 0.1378858223313768 0.00279
535 -8.673617379884035e-19 0.1303858223313767 0.00279
536 -0.0075 0.1378858223313768 0.00279
537 8.673617379884035e-19 0.1453858223313768 0.00279
538 0.0075 0.1378858223313768 0.00329
539 -8.673617379884035e-19 0.1303858223313767 0.00329
540 -0.0075 0.1378858223313768 0.00329
541 8.673617379884035e-19 0.1453858223313768 0.00329
542 -0.04630041931454273 0.2409668849389695 0
543 0.04528430652207475 -0.2406295597066212 0
544 0.2415913772975984 0.04462621082109402 0
545 -0.2417017205634383 -0.0472753629224263 0
546 -0.2021716336455739 0.1381299531993961 0
547 0.202016378678757 -0.1382876571379041 0
548 0.1374400814597389 0.202708132799885 0
549 -0.138945109987926 -0.2032394903883154 0
550 0.1296867057674856 -0.2078615375822084 0
551 -0.04587378326496756 -0.2397890197625021 0
552 -0.240988295684874 0.04619704377880027 0
553 0.2386600428925361 -0.05369156522598725 0
554 0.05571849548875802 0.2391121356718155 0
555 -0.1295566821517042 0.2070677020631218 0
556 0.2026888961270145 0.1387738188512077 0
557 -0.2079099846613111 -0.129709539690342 0
558 0.1695223978829929 -0.1766788330213548 0
559 0.2258549116040749 0.09240274193123116 0
560 0.2447873436312326 -0.005523021393457686 0
561 -0.1702296430340728 0.1759466672445605 0
562 -0.2258651208684325 0.09424803432793373 0
563 0.006088037115412211 0.2448764833269838 0
564 -0.1768777210194877 -0.1701436204653392 0
565 -0.09257999686332502 -0.2248564359190041 0
566 0.004887978604521343 -0.2452589989420493 0
567 0.08427301139414664 -0.2298941342712979 0
568 0.09304059310075692 0.2279592259886883 0
569 0.2229882274136796 -0.1030679999920974 0
570 0.1693073495962647 0.1765265565230643 0
571 -0.2298439749832654 -0.08474906958143026 0
572 -0.08318743825669168 0.2309302037873897 0
573 -0.2435608909886551 0.004181578940084613 0
574 0.1122723858890371 -0.2179510801397108 0
575 0.1138808379252307 0.2177765224834309 0
576 0.02395475219529156 0.2427508275018314 0
577 0.2331899500414162 0.07439117899513584 0
578 0.2177047300739069 0.1120620539042312 0
579 0.2298941342712978 -0.08427301139414696 0
580 -0.01517244589967861 -0.2443829992188671 0
581 0.07556388202601182 0.2324585739830794 0
582 -0.2445194046608299 -0.02446021640731868 0
583 -0.2317499676234232 0.07426039087869613 0
584 -0.2177224213018382 0.1121844912228773 0
585 -0.2362878107970228 -0.06427771855232343 0
586 0.1543533705577786 0.1900744338916746 0
587 0.146647386079975 -0.1967553776301586 0
588 0.2433139869275486 -0.02556283699253829 0
589 -0.2221497191260579 -0.1029696834704327 0
590 0.1839141480456927 0.1620685648868145 0
591 0.245136183701887 0.01503519524283864 0
592 -0.111919390474393 0.2191600736016775 0
593 -0.1636604158743067 -0.1838838788723611 0
594 -0.1120620539042317 -0.2177047300739066 0
595 -0.06492842994564886 0.2359903785585996 0
596 -0.1459162054769751 0.196457814848013 0
597 -0.01398233643243524 0.2449534294498165 0
598 -0.1837363751649115 0.1615465267068263 0
599 -0.1965636953341013 -0.1458678526840933 0
600 0.1831849582008468 -0.1623446634712014 0
601 -0.0758566426101112 -0.2326371271787805 0
602 0.06461470637313699 -0.2365269031663318 0
603 0.2133663152297801 -0.1200187097822874 0
604 0.02518392892517899 -0.2431530464259638 0
605 -0.2441066478836655 0.02584583863404659 0
606 0.09402245528907557 -0.2263407516310389 0
607 0.08612603445350421 -0.2196537691917119 0
608 0.0762453586535887 -0.2231624171619508 0
609 0.07813168701133356 -0.2128437649336929 0
610 0.06821054949206069 -0.2162751056114301 0
611 0.07012668312528997 -0.2060254481467577 0
612 0.08002007579379948 -0.2025130685255877 0
613 0.07202025089029457 -0.195710443954508 0
614 0.06213174550052519 -0.1992375752513602 0
615 0.06402190321367257 -0.1889128032612669 0
616 0.07391022351075718 -0.1853849949243781 0
617 0.06591115753150933 -0.1785855112961543 0
618 0.05602277395782917 -0.1821131664671068 0
619 0.05791199596054309 -0.1717857849902775 0
620 0.06780040273671922 -0.168258189893108 0
621 0.05980121868502614 -0.1614584029304869 0
622 0.04991281164927037 -0.1649859980606092 0
623 0.0518020253477768 -0.1546585922333031 0
624 0.06169043033574483 -0.1511309935117172 0
625 0.05369123737266351 -0.144331183503358 0
626 0.04380283271355565 -0.1478587828006952 0
627 0.04569204449513463 -0.1375313736525601 0
628 0.05558044914984864 -0.134003774317358 0
629 0.04758125620787603 -0.1272039643479282 0
630 0.0376928488439369 -0.1307315648536997 0
631 0.03958206325758809 -0.1204041543631909 0
632 0.04947046792442863 -0.1168765550503121 0
633 0.04147127497235059 -0.1100767450622795 0
634 0.03158286312462481 -0.1136043463153122 0
635 0.03347208202004155 -0.1032769350738217 0
636 0.043360486687219 -0.09974933576156292 0
637 0.03536129373486024 -0.09294952577301359 0
638 0.02547287986409138 -0.0964771277476467 0
639 0.02736210078249506 -0.08614971578445244 0
640 0.03725050544968189 -0.08262211647221089 0
641 0.02925131249731531 -0.0758223064836472 0
642 0.01936289660354923 -0.07934990917996443 0
643 0.02125211954494856 -0.06902249649508319 0
644 0.03114052421213565 -0.06549489718284211 0
645 0.02314133125976884 -0.05869508719427802 0
646 0.01325291334300648 -0.0622226906122811 0
647 0.01514213830740205 -0.05189527720571391 0
648 0.02503054297458917 -0.04836767789347286 0
649 0.01703135002222236 -0.04156786790490875 0
650 0.00714293306757096 -0.04509547125980124 0
651 0.009032157069855558 -0.03476805791634465 0
652 0.01892056173704266 -0.03124045860410358 0
653 0.01092136878467585 -0.02444064861553949 0
654 0.001032955801012349 -0.02796824574099929 0
655 0.002922169475486213 -0.0176408366877701 0
656 0.01281057944002565 -0.01411323899153344 0
657 0.004811386311080428 -0.007313428949102523 0
658 -0.005077017120057789 -0.01084102863841128 0
659 -0.003187805611245664 -0.0005136192747614991 0
660 0.006700599021606744 0.003013980047953669 0
661 -0.001298593764809078 0.009813789985892942 0
662 -0.01118699840433767 0.006286190665214403 0
663 0.00858981092431407 0.01334138929144222 0
664 -0.009297786662971602 0.01661359995792154 0
665 -0.01918618975149614 0.01308600248941163 0
666 -0.01729697933876966 0.02341341024966858 0
667 -0.02718538239023345 0.01988581283444503 0
668 -0.02529617219277015 0.0302132203481747 0
669 -0.03518457684356283 0.02668562105425724 0
670 -0.03329536537890303 0.03701303006027046 0
671 -0.04318377008505111 0.03348543070195126 0
672 -0.04507298180636483 0.0231580213934664 0
673 -0.02340696075340936 0.0405406293233796 0
674 -0.03140615375168612 0.04734043925767694 0
675 -0.0215177490990996 0.05086803855268494 0
676 -0.05307217483425881 0.02995783129297311 0
677 -0.05496138713305562 0.0196304236792729 0
678 -0.02951694206155153 0.05766784852933237 0
679 -0.01962853739847871 0.0611954478367152 0
680 -0.06296057959877532 0.02643023226191615 0
681 -0.06484979192638154 0.01610282468023707 0
682 -0.02762773035321216 0.06799525782248347 0
683 -0.0177393256871052 0.07152285713344889 0
684 -0.07284898430320713 0.02290263304873992 0
685 -0.0747381960242348 0.01257522376444555 0
686 -0.02573851864004659 0.07832266712133441 0
687 -0.01585011397313526 0.08185026643324979 0
688 -0.0827373888817127 0.01937503348575122 0
689 -0.08462660058175267 0.009047624143154768 0
690 -0.08084817715107767 0.02970244274201334 0
691 -0.02384930692564389 0.08865007642164648 0
692 -0.01396090225852637 0.09217767573380543 0
693 -0.005961709306171046 0.08537786574522768 0
694 -0.004072497591403919 0.09570527504597025 0
695 0.00392669536096811 0.08890546505741223 0
696 0.005815907075780318 0.09923287435820798 0
697 0.01381510002814673 0.09243306436964335 0
698 -0.09073658180084868 0.02617484338055714 0
699 -0.08884737008048996 0.03650225266573596 0
700 0.01570431174296494 0.1027604736704462 0
701 0.023703504695332 0.0959606636818823 0
702 -0.02196009521092849 0.09897748572232783 0
703 -0.09873577474385131 0.03297465334268797 0
704 -0.09684656302747036 0.04330206263908759 0
705 0.0255927164101519 0.1062880729826871 0
706 0.03359190936251879 0.09948826299412303 0
707 0.01759352345778497 0.1130878829712511 0
708 0.03548112107733892 0.1098156722949282 0
709 0.04348031402970585 0.1030158623063641 0
710 -0.1067349676937597 0.03977446332431107 0
711 -0.1048457559785298 0.05010187262395943 0
712 0.04536952574452602 0.1133432716071693 0
713 0.05336871869689295 0.1065434616186052 0
714 0.05147950698207276 0.09621605231779998 0
715 0.06136791164925987 0.09974365163004117 0
716 0.05947869993443968 0.08941624232923592 0
717 0.0693671046016268 0.09294384164147713 0
718 0.06747789288680664 0.08261643234067188 0
719 0.07736629755399375 0.08614403165291307 0
720 0.07547708583917359 0.07581662235210783 0
721 0.08536549050636069 0.079344221664349 0
722 0.0834762787915405 0.06901681236354375 0
723 0.09336468345872762 0.07254441167578492 0
724 0.09147547174390744 0.0622170023749797 0
725 0.1013638764110945 0.06574460168722089 0
726 0.09947466469627431 0.05541719238641555 0
727 0.1093630693634614 0.05894479169865682 0
728 0.1074738576486412 0.04861738239785147 0
729 0.1173622623158284 0.05214498171009273 0
730 0.1154730506010082 0.04181757240928755 0
731 -0.1147341606454989 0.04657427331110292 0
732 -0.1166233723602828 0.03624686401019519 0
733 -0.1128449489305742 0.05690168261161275 0
734 0.07925550926881392 0.09647144095371821 0
735 0.1253614552681953 0.04534517172152874 0
736 0.1234722435533752 0.03501776242072351 0
737 0.113583838886188 0.03149016310848218 0
738 0.121583031838555 0.02469035311991827 0
739 -0.07662740762692241 0.00224781414762548 0
740 -0.08651581226546054 -0.001279785245360651 0
741 -0.07851661931786851 -0.008079595220467237 0
742 -0.08840502398107666 -0.01160719454392291 0
743 -0.08040583102884237 -0.01840700453211319 0
744 -0.09029423569517588 -0.0219346038467602 0
745 -0.08229504299224558 -0.0287344131361137 0
746 -0.09218344745151905 -0.03226201303117084 0
747 -0.08418425839553212 -0.03906182163549278 0
748 -0.09407265978800414 -0.04258942217900593 0
749 -0.08607347057936338 -0.04938923147618212 0
750 -0.1020718521945853 -0.03578961239565383 0
751 -0.09596187168460371 -0.05291683154429679 0
752 -0.08796267876253339 -0.05971664154360853 0
753 -0.09785108284111212 -0.06324424098361983 0
754 -0.08985188979569332 -0.07004405099527024 0
755 -0.09974029434927036 -0.07357165033265407 0
756 -0.09174110136245985 -0.08037146032925639 0
757 0.1112522810782818 0.06927220099946192 0
758 0.1314714365057421 0.02821795243215955 0
759 0.129582224790922 0.01789054313135432 0
760 0.1196938201237349 0.01436294381911305 0
761 0.1276930130761019 0.00756313383054907 0
762 -0.1016295060049713 -0.0838990596470276 0
763 -0.09363031304275127 -0.09069886963785311 0
764 -0.1096286989532256 -0.07709924965938518 0
765 -0.124622565312539 0.04304667399844677 0
766 -0.1265117770273348 0.03271926469757244 0
767 0.1178046084089149 0.004035534518307823 0
768 0.1258038013612818 -0.002764275470256151 0
769 0.1356922060284692 0.000763323841985042 0
770 0.1338029943136489 -0.009564085458820117 0
771 0.1239145896464617 -0.01309168477106139 0
772 0.1319137825988287 -0.01989149475962534 0
773 0.1220253779316417 -0.02341909407186664 0
774 0.1300245708840086 -0.03021890406043058 0
775 -0.08374190837392194 -0.08717127032598894 0
776 -0.08563112007928893 -0.0974986796289305 0
777 -0.03184849987812142 0.09544988641007977 0
778 -0.02995928816331972 0.1057772957108632 0
779 -0.03984769283051082 0.1022496963986172 0
780 -0.03795848111569447 0.1125771056994179 0
781 -0.04784688578288281 0.1090495063871752 0
782 -0.04595767406806352 0.1193769156879794 0
783 -0.05584607873525092 0.1158493163757378 0
784 -0.053956867020431 0.1261767256765428 0
785 -0.06384527168761812 0.1226491263643015 0
786 -0.04406846235324409 0.1297043249887838 0
787 0.05525793041171317 0.1168708709194104 0
788 0.04725873745934623 0.1236706809079745 0
789 0.05714714212653339 0.1271982802202157 0
790 0.04914794917416643 0.1339980902087798 0
791 -0.09551952474832527 -0.1010262789407527 0
792 -0.08752033179441737 -0.1078260889296659 0
793 -0.07763192712697337 -0.1042984896174829 0
794 -0.0795211388418022 -0.1146258989182862 0
795 -0.1345109699796791 0.0395190746860729 0
796 -0.1364001816944915 0.0291916653852456 0
797 0.1399129755511961 -0.02669130474818912 0
798 0.138023763836376 -0.03701871404899441 0
799 0.1281353591691886 -0.04054631336123583 0
800 0.1361345521215557 -0.04734612334979969 0
801 0.1262461474543686 -0.05087372266204106 0
802 0.1342453404067357 -0.05767353265060495 0
803 -0.06963273417457368 -0.1110982996060545 0
804 -0.07152194588938846 -0.1214257089068609 0
805 -0.06195605997279811 0.1329765356651066 0
806 -0.07184446463998512 0.1294489363528654 0
807 -0.08940954350899073 -0.1181534982305271 0
808 -0.1443993746468533 0.03599147537379537 0
809 -0.1462885863616714 0.02566406607298407 0
810 -0.1425101629320322 0.04631888467459819 0
811 0.05903635384135358 0.1375256895210209 0
812 0.05103716088898665 0.144325499509585 0
813 0.08958626002908721 0.05188959307417437 0
814 0.1243569357395485 -0.06120113196284637 0
815 0.1323561286919157 -0.0680009419514102 0
816 -0.0616335432358683 -0.1178981092262564 0
817 -0.06352275327262399 -0.128225518834033 0
818 0.1460229567887438 -0.04381852403755828 0
819 -0.06995525292516505 0.1397763456536706 0
820 -0.07984365759235208 0.1362487463414293 0
821 0.1224677240247273 -0.07152854126365185 0
822 0.1304669169770949 -0.07832835125221559 0
823 0.1163577427871813 -0.05440132197428234 0
824 -0.05974433069600593 -0.1075707000763778 0
825 -0.05363435148262578 -0.1246979208722078 0
826 -0.0555235599846416 -0.135025328883992 0
827 -0.06541196470776459 -0.1385529281860007 0
828 -0.05741277170878443 -0.1453527381830918 0
829 -0.04752436703382846 -0.1418251388722718 0
830 -0.04941357874890766 -0.1521525481730296 0
831 -0.152398567599217 0.04279128536235063 0
832 -0.1505093558843962 0.05311869466315438 0
833 -0.07807428323689489 -0.05618904363777064 0
834 0.1403553216442827 -0.07480075193997401 0
835 0.1384661099294627 -0.08512816124077931 0
836 0.1285777052622743 -0.08865576055302081 0
837 0.06092556555617375 0.1478530988218261 0
838 0.05292637260380686 0.1546529088103902 0
839 -0.03952517408046886 -0.1486249488610174 0
840 -0.04141438579512365 -0.1589523581618529 0
841 0.1365768982146426 -0.09545557054158454 0
842 0.1266884935474548 -0.09898316985382588 0
843 -0.06730117637752528 -0.1488803374950487 0
844 0.06892475850854067 0.1410532888332621 0
845 0.06558868117198641 0.07228902303986652 0
846 0.04303796793661973 0.151125309498149 0
847 0.0449271796514399 0.1614527187989542 0
848 0.03503877498425281 0.157925119486713 0
849 -0.07795444587753199 0.1465761556422346 0
850 -0.06806604121034496 0.1501037549544758 0
851 -0.08784285054471906 0.1430485563299933 0
852 -0.08973206225953917 0.1327211470291882 0
853 -0.09773125521190613 0.1395209570177522 0
854 -0.09962046692672624 0.1291935477169469 0
855 -0.1076196598790932 0.1359933577055109 0
856 -0.1095088715939133 0.1256659484047057 0
857 0.07081397022336089 0.1513806981340673 0
858 0.07881316317572779 0.1445808881455032 0
859 0.1346876864998226 -0.1057829798423898 0
860 0.1247992818326356 -0.1093105791546311 0
861 -0.03152598112770032 -0.155424758849655 0
862 -0.03341519284245348 -0.1657521681504726 0
863 -0.1603977605515829 0.04959109535091197 0
864 -0.1585085488367625 0.0599185046517167 0
865 0.03692798669907289 0.1682525287875182 0
866 0.02703958203188587 0.164724929475277 0
867 0.1483545145966498 -0.08160056192853789 0
868 -0.1175080645462802 0.1324657583932697 0
869 -0.1193972762611003 0.1221383490924645 0
870 0.116800088880268 -0.1025107691660673 0
871 0.01192588831332644 0.082105655068838 0
872 -0.07240664228066118 -0.02520682340966733 0
873 -0.0296367698953617 -0.1450973509114527 0
874 -0.02352678817521594 -0.1622245688382405 0
875 -0.02541599989001633 -0.1725519781390495 0
876 -0.04330359750962944 -0.1692797674627161 0
877 -0.04973609749770315 0.09872209708636991 0
878 0.1327984747850029 -0.116110389143195 0
879 0.1229100701178159 -0.1196379884554363 0
880 0.08070237489054803 0.1549082974463084 0
881 0.08870156784291491 0.1481084874577444 0
882 -0.07606523416271189 0.1569035649430398 0
883 -0.06617682949552484 0.1604311642552811 0
884 0.0289287937467059 0.1750523387760822 0
885 0.0190403890795189 0.171524739463841 0
886 -0.1015096786415463 0.1188661384161418 0
887 0.04681639136625998 0.1717801280997595 0
888 -0.1273964692134673 0.1289381590810284 0
889 -0.1683969535039495 0.05639090533947531 0
890 -0.1702861652187697 0.04606349603867008 0
891 -0.1665077417891291 0.06671831464028034 0
892 -0.01552759522281773 -0.1690243788268102 0
893 -0.01741680693763255 -0.1793517881276163 0
894 -0.1382893934093042 0.01886425608441904 0
895 -0.1481777980764895 0.01533665677217282 0
896 -0.1029565442633696 0.06042928192380468 0
897 0.14268687945219 -0.1125827898309537 0
898 -0.105730448164273 0.146320767006316 0
899 0.1309092630701829 -0.1264377984440001 0
900 0.1210208584029958 -0.1299653977562415 0
901 0.020929600794339 0.1818521487646461 0
902 0.01104119612715193 0.1783245494524049 0
903 0.009151984412331832 0.1679971401515997 0
904 0.001152791459964864 0.1747969501401637 0
905 0.09059077955773516 0.1584358967585495 0
906 0.098589972510102 0.1516360867699854 0
907 -0.07417602244789176 0.167230974243845 0
908 -0.06428761778070471 0.1707585735560863 0
909 -0.156619337121942 0.07024591395252143 0
910 -0.1646185300743089 0.0770457239410854 0
911 0.003042003174785014 0.1851243594409689 0
912 -0.007528402270442791 -0.1758241888153756 0
913 -0.0068464014924021 0.1815967601287277 0
914 -0.1401786051241228 0.008536846783609255 0
915 -0.1500670097913095 0.005009247471367298 0
916 0.1290200513553629 -0.1367652077448054 0
917 0.1191316466881759 -0.1402928070570467 0
918 -0.009417613985261577 -0.1861515981161811 0
919 -0.1782853581711364 0.05286330602723397 0
920 -0.1801745698859566 0.04253589672642884 0
921 -0.01930601865244828 -0.1896791974284228 0
922 -0.1420678168389427 -0.001790562517196741 0
923 -0.1519562215061298 -0.00531816182943804 0
924 -0.1599554144584966 0.001481648159126087 0
925 -0.1618446261733169 -0.008845761141679093 0
926 -0.1698438191256836 -0.002045951153114962 0
927 -0.1717330308405041 -0.01237336045392011 0
928 -0.1637338378881373 -0.01917317044248429 0
929 -0.1736222425553244 -0.02270076975472531 0
930 -0.1656230496029576 -0.02950057974328946 0
931 -0.1755114542701447 -0.03302817905553049 0
932 -0.1675122613177779 -0.03982798904409465 0
933 -0.177400665984965 -0.0433555883563357 0
934 -0.1694014730325982 -0.05015539834489984 0
935 -0.1797322237928708 -0.005573550465355944 0
936 -0.1792898776997853 -0.05368299765714089 0
937 -0.1712906847474185 -0.06048280764570503 0
938 -0.1595130683654111 -0.04662779903265882 0
939 -0.1853998589373317 -0.03655577836777142 0
940 0.09670076079528178 0.1413086774691802 0
941 0.1065891654624689 0.1448362767814213 0
942 0.1046999537476486 0.1345088674806161 0
943 0.1145883584148358 0.1380364667928572 0
944 0.1126991467000156 0.127709057492052 0
945 0.1225875513672027 0.1312366568042933 0
946 0.1206983396523826 0.1209092475034879 0
947 0.1305867443195697 0.1244368468157292 0
948 0.1286975326047496 0.1141094375149239 0
949 0.1385859372719367 0.1176370368271652 0
950 0.1366967255571166 0.1073096275263599 0
951 0.1465851302243038 0.1108372268386013 0
952 0.1446959185094837 0.100509817537796 0
953 0.1545843231766708 0.1040374168500373 0
954 0.1526951114618507 0.09371000754923201 0
955 0.1625835161290378 0.09723760686147336 0
956 0.1606943044142178 0.08691019756066805 0
957 0.124476763082023 0.1415640661050983 0
958 0.1705827090814048 0.09043779687290929 0
959 0.1686934973665848 0.08011038757210408 0
960 -0.1811790894146054 -0.06401040695794598 0
961 -0.1731798964622388 -0.07081021694651024 0
962 0.0004707906819261575 -0.1826239988039399 0
963 0.1111324537358081 -0.1334929970684827 0
964 -0.0007364202548552612 0.1644695408393585 0
965 -0.005639190698477074 -0.1654967812403836 0
966 -0.1109557372156557 0.06722909191214042 0
967 -0.1010673325484764 0.07075669122440363 0
968 0.1004791842249222 0.1619634960707906 0
969 0.09247999127255545 0.1687633060593548 0
970 -0.1547301254071218 0.08057332325332649 0
971 -0.1627293183594887 0.08737313324189054 0
972 -0.1726177230266757 0.0838455339296494 0
973 -0.1707285113118556 0.09417294323045458 0
974 0.1564735348914907 0.1143648261508425 0
975 -0.01162934444679758 0.0543956378473414 0
976 -0.0562884248283378 0.1639587635675223 0
977 -0.05439921311351768 0.1742861728683275 0
978 -0.03751613502079369 0.06446765850977647 0
979 -0.07228681073307161 0.1775583835446503 0
980 -0.08217521540025866 0.1740307842324091 0
981 -0.004957189777581974 0.1919241694295329 0
982 -0.1881737628383235 0.04933570671499281 0
983 -0.1900629745531437 0.03900829741418759 0
984 -0.001418421032893567 -0.1929514081047452 0
985 0.1271308396405428 -0.1470926170456106 0
986 0.1172424349733559 -0.1506202163578519 0
987 0.1785819020337718 0.08363798688434536 0
988 0.1766926903189519 0.07331057758354016 0
989 0.1370192443077299 -0.1435650177333693 0
990 0.008469983634293641 -0.1894238087925038 0
991 0.1668042856517646 0.06978297827129888 0
992 0.174803478604132 0.06298316828273487 0
993 0.1846918832713188 0.0665107675949763 0
994 0.1828026715564989 0.05618335829417097 0
995 0.1729142668893119 0.05265575898192962 0
996 0.1809134598416787 0.04585594899336572 0
997 0.1908018645088659 0.04938354830560698 0
998 0.188912652794046 0.03905613900480173 0
999 0.1790242481268586 0.03552853969256043 0
1000 0.1870234410792259 0.02872872970399649 0
1001 0.177135036412039 0.02520113039175512 0
1002 0.1851342293644061 0.01840132040319125 0
1003 0.195022634031593 0.02192891971543261 0
1004 0.1931334223167731 0.01160151041462737 0
1005 0.183245017649586 0.00807391110238603 0
1006 0.191244210601953 0.001274101113822121 0
1007 0.181355805934766 -0.002253498198419182 0
1008 0.189354998887133 -0.009053308186983126 0
1009 -0.1830683011294252 -0.07433781625875105 0
1010 -0.175069108177059 -0.08113762624731542 0
1011 -0.1651807035098719 -0.07761002693507438 0
1012 -0.1670699152246922 -0.08793743623587956 0
1013 -0.1571815105575051 -0.08440983692363851 0
1014 -0.1590707222723254 -0.09473724622444375 0
1015 -0.1689591269395125 -0.0982648455366848 0
1016 -0.1609599339871457 -0.1050646555252489 0
1017 -0.1510715293199585 -0.1015370562130079 0
1018 -0.1529607410347789 -0.1118644655138131 0
1019 -0.1430723363675917 -0.1083368662015721 0
1020 -0.1449615480824121 -0.1186642755023773 0
1021 -0.1548499527495993 -0.1221918748146184 0
1022 -0.1468507597972324 -0.1289916848031826 0
1023 -0.1369623551300453 -0.1254640854909415 0
1024 -0.1388515668448655 -0.1357914947917468 0
1025 0.006580771919473793 -0.1997512180933091 0
1026 0.1023683959397426 0.1722909053715958 0
1027 0.09436920298737575 0.17909071536016 0
1028 -0.08028600368543855 0.1843581935332142 0
1029 -0.09017440835262561 0.180830594220973 0
1030 0.19924340355432 -0.005525708874741826 0
1031 0.1973541918395 -0.01585311817554709 0
1032 0.187465787172313 -0.0193807174877884 0
1033 0.1954649801246799 -0.02618052747635232 0
1034 0.01646917658666078 -0.1962236187810677 0
1035 0.185576575457493 -0.02970812678859362 0
1036 0.1935757684098599 -0.03650793677715757 0
1037 0.1836873637426729 -0.04003553608939882 0
1038 0.1916865566950398 -0.04683534607796282 0
1039 0.1817981520278528 -0.05036294539020404 0
1040 0.1897973449802196 -0.05716275537876803 0
1041 -0.08695815836002319 0.04682966195059444 0
1042 -0.1289631621776784 -0.1322638954795056 0
1043 -0.1308523738924986 -0.1425913047803109 0
1044 -0.002183285876587936 0.1060326843467704 0
1045 -0.1209639692253115 -0.1390637054680697 0
1046 -0.1228531809401317 -0.149391114768875 0
1047 -0.1129647762729446 -0.1458635154566338 0
1048 -0.1148539879877648 -0.1561909247574391 0
1049 0.1098054154565479 0.01083534450687181 0
1050 -0.1439570285537629 -0.01211797181800217 0
1051 -0.1891782823669715 -0.057210596969382 0
1052 -0.1255072574986472 0.1392655683818336 0
1053 -0.1353956621658342 0.1357379690695923 0
1054 -0.1335064504510142 0.1460653783703976 0
1055 0.03081800546152605 0.1853797480768874 0
1056 0.1140261849792747 -0.01661928408330268 0
1057 0.02281881250915921 0.1921795580654514 0
1058 0.03270721717634629 0.1957071573776925 0
1059 -0.0686282193787259 -0.00455200545954948 0
1060 0.01658900388033692 0.006541579301762826 0
1061 0.01847821563956401 0.01686898858902131 0
1062 0.02647740858745834 0.01006917860182159 0
1063 0.02836662031001664 0.02039658790026621 0
1064 0.03636581326184541 0.01359677791186625 0
1065 0.03825502497833116 0.02392418721216336 0
1066 0.04625421793042041 0.01712437722368394 0
1067 0.04436500621555386 0.006796967922892859 0
1068 0.05425341088296459 0.0103245672350657 0
1069 0.05236419916817386 -2.842065748505029e-06 0
1070 0.03025583202577636 0.03072399720078479 0
1071 0.06225260383540316 0.003524757246479675 0
1072 0.06036339212059957 -0.006802652054330599 0
1073 0.04814342964547196 0.02745178652441857 0
1074 0.07025179678779178 -0.003275052742091094 0
1075 0.06836258507297741 -0.01360246204289808 0
1076 0.0721410085026129 0.007052356558713834 0
1077 0.1508058997470305 0.08338259824842667 0
1078 -0.09829342864761328 -0.01513479385799794 0
1079 0.1724719207962249 0.1007652061737145 0
1080 -0.02807007644850803 0.1161047050116583 0
1081 0.04959029526725257 0.08588864301699474 0
1082 0.05847418040578899 -0.01713006135513874 0
1083 0.06647337335815744 -0.02392987134370335 0
1084 -0.02107541136301095 0.002758595913914276 0
1085 -0.09451500522301316 0.005520024757821889 0
1086 -0.04640002016115073 0.1674863628797635 0
1087 -0.04451080844633055 0.1778137721805687 0
1088 0.007262772697511697 0.1576697308507945 0
1089 -0.002625631969675381 0.1541421315385533 0
1090 0.09525389517354794 0.08287182097659004 0
1091 -0.07039759901825152 0.1878857928454555 0
1092 -0.06573448340243837 0.1123217170634964 0
1093 -0.1058502756953776 -0.05644443101635076 0
1094 -0.1090665255008312 0.07755650121293327 0
1095 -0.09917812083364339 0.0810841005251724 0
1096 -0.09117892788127635 0.07428429053660804 0
1097 -0.1528409136923017 0.09090073255413146 0
1098 0.1404751489867569 0.1279644461279704 0
1099 0.01035919563720667 -0.17909640057021 0
1100 -0.1433948551182012 0.1425377790581563 0
1101 -0.1452840668330212 0.132210369757351 0
1102 -0.1247423926549519 -0.1597185240696803 0
1103 -0.1167431997025849 -0.1665183340582443 0
1104 -0.1068547950353978 -0.1629907347460031 0
1105 -0.1087440067502179 -0.1733181440468083 0
1106 -0.09885560208303081 -0.1697905447345671 0
1107 -0.00330763274771366 -0.2032788174055513 0
1108 -0.1007448137978509 -0.1801179540353723 0
1109 -0.09085640913066381 -0.1765903547231311 0
1110 0.1252416279257228 -0.1574200263464159 0
1111 0.1153532232585358 -0.1609476256586572 0
1112 0.1073540303061689 -0.1541478156700933 0
1113 -0.1806169159790426 0.09064534391821345 0
1114 -0.1787277042642224 0.1009727532190187 0
1115 -0.1708483386543329 -0.10859225483749 0
1116 -0.1788475316066997 -0.101792444848926 0
1117 -0.1407407785596856 -0.146118904092552 0
1118 -0.1980621675055106 0.04580810740275154 0
1119 -0.1999513792203307 0.03548069810194632 0
1120 -0.1961729557906904 0.05613551670355677 0
1121 0.02470802422397941 0.2025069673662567 0
1122 0.198801057461233 0.04258373831704301 0
1123 0.203464173077047 -0.03298033746491637 0
1124 -0.1567391644644197 -0.1325192841154235 0
1125 0.2030218269839601 0.01512910972686876 0
1126 -0.09274562084548396 -0.1869177640239363 0
1127 -0.08285721617829683 -0.1833901647116952 0
1128 -0.1532832597853882 0.1390101797459154 0
1129 0.200690269176053 0.05291114761784829 0
1130 -0.1415056434033811 0.1528651883589615 0
1131 -0.1316172387361939 0.1563927876712026 0
1132 0.1996857496474067 -0.05363515606652685 0
1133 0.1977965379325866 -0.06396256536733207 0
1134 0.1879081332653995 -0.06749016467957324 0
1135 0.1959073262177664 -0.07428997466813729 0
1136 0.1860189215505793 -0.07781757398037845 0
1137 0.2072425965066871 -0.01232551886330577 0
1138 0.1054648185913489 -0.1644752249708985 0
1139 0.1134640115437159 -0.1712750349594624 0
1140 0.1775773825051259 -0.02290831680002968 0
1141 0.1436913989808369 -0.006036486146578969 0
1142 0.1394706294581091 0.02141814244359553 0
1143 0.07636177802534481 -0.0204022720314624 0
1144 0.07447256631052467 -0.03072968133226761 0
1145 0.06458416164333752 -0.03425728064450863 0
1146 0.07258335459570442 -0.04105709063307281 0
1147 0.08247175926289153 -0.03752949132083176 0
1148 0.08058254754807118 -0.04785690062163693 0
1149 0.07069414288088412 -0.05138449993387798 0
1150 0.07869333583325086 -0.0581843099224421 0
1151 0.1413598411729292 0.03174555174440075 0
1152 0.08448079832018857 0.1755631160479188 0
1153 0.08637001003500884 0.1858905253487241 0
1154 -0.127073950462858 -0.1219364861787003 0
1155 -0.1115179106575072 -0.08742665896260537 0
1156 -0.1195171036074322 -0.08062684897459739 0
1157 0.01047902268211529 0.02366879857913565 0
1158 0.06880493116606382 -0.06171190923468315 0
1159 0.0768041241184306 -0.06851171922324728 0
1160 0.07692395146090752 0.134253478844698 0
1161 0.03314956326943264 0.1475977101859078 0
1162 -0.1321794121717557 0.001737036795044306 0
1163 0.1108099349851954 0.1173816481912467 0
1164 0.1268083208899295 0.1037820282141186 0
1165 0.03459642889116644 0.2060345666784979 0
1166 0.04259562184353338 0.1992347566899338 0
1167 0.1042576076545629 0.1826183146724011 0
1168 0.1122568006069298 0.1758185046838368 0
1169 0.01457996487184083 -0.2065510280818729 0
1170 0.0244683695390278 -0.2030234287696316 0
1171 0.1940181145029463 -0.08461738396894246 0
1172 0.1841297098357591 -0.08814498328118364 0
1173 -0.08474642789311702 -0.1937175740125004 0
1174 -0.07485802322592991 -0.1901899747002594 0
1175 -0.08828519663780555 0.1911580035217782 0
1176 -0.09817360130499257 0.187630404209537 0
1177 -0.2060613604578775 0.05260791739131556 0
1178 -0.2041721487430574 0.0629353266921208 0
1179 -0.01062482492204238 0.1609419415271174 0
1180 -0.01251403663686245 0.1506145322263121 0
1181 -0.004514843684495501 0.1438147222377481 0
1182 0.1272506669830153 0.05567258102233391 0
1183 -0.1679546074108632 0.008281458147690149 0
1184 -0.146730932454755 0.07377351326476235 0
1185 -0.08928971616645401 0.0846116998374071 0
1186 -0.08129052321408672 0.07781188984884199 0
1187 -0.1292856809282872 0.1186107497802231 0
1188 -0.1212864879759203 0.1118109397916593 0
1189 -0.1688392995970354 0.1045003525312598 0
1190 -0.1768384925494022 0.1113001625198239 0
1191 -0.126631604369772 -0.1700459333704855 0
1192 0.1921289027881261 -0.09494479326974768 0
1193 0.182240498120939 -0.09847239258198889 0
1194 0.1035756068765289 -0.1748026342717037 0
1195 0.0263575816350276 -0.1926960202709028 0
1196 0.09746562563898187 -0.1576754149823346 0
1197 0.08669252878561789 -0.06498411991100585 0
1198 0.08480331707079743 -0.0753115292118114 0
1199 0.0749149124036103 -0.07883912852405243 0
1200 0.08291410535597707 -0.08563893851261657 0
1201 0.09280251002316417 -0.08211133920037557 0
1202 0.09091329830834384 -0.09243874850118074 0
1203 0.08102489364115671 -0.09596634781342171 0
1204 0.08902408659352351 -0.1027661578019859 0
1205 0.173356612982399 0.004546311790144788 0
1206 0.08014020145498352 0.000252546570148561 0
1207 0.1780197285982123 -0.07101776399181468 0
1208 0.08202941316980455 0.01057995587095352 0
1209 -0.0969663903682107 -0.1594631354337618 0
1210 0.0764816053678217 0.182362926036483 0
1211 0.07837081708264199 0.1926903353372882 0
1212 0.1121369732644546 -0.02694669338410793 0
1213 -0.07530036933015113 -0.1420805275064373 0
1214 -0.05118296310576852 0.04028524060990125 0
1215 0.060805738213697 -0.05491209924611902 0
1216 -0.07296881151110965 -0.1798625653994541 0
1217 -0.06496961855874273 -0.1866623753880183 0
1218 -0.0668588302735631 -0.1969897846888235 0
1219 -0.05697042560637589 -0.1934621853765825 0
1220 -0.05885963732119635 -0.2037895946773877 0
1221 -0.04897123265400917 -0.2002619953651469 0
1222 -0.1185125840749639 0.02591945470899702 0
1223 0.07403022021743785 0.01737976585951759 0
1224 0.08391862488462615 0.02090736517175832 0
1225 0.07591943193225908 0.02770717516032248 0
1226 0.1502437263114698 -0.07127315262773264 0
1227 0.04247579450099166 -0.003530441377991062 0
1228 -0.1000628130198126 0.1773029949087317 0
1229 -0.1080620059721796 0.1841028048972956 0
1230 -0.04696219359671216 0.01283061200360387 0
1231 0.07913568192633637 -0.1062937571142268 0
1232 0.0871348748787031 -0.113093567102791 0
1233 -0.1552922988426848 -0.07408242762283335 0
1234 -0.01484559444476903 0.1883965701172916 0
1235 -0.01295638272994886 0.1987239794180969 0
1236 -0.003067978062761751 0.2022515787303381 0
1237 -0.01106717101512863 0.2090513887189021 0
1238 -0.02095557568231572 0.2055237894066609 0
1239 -0.001329856571390948 0.2124012477924277 0
1240 -0.1919521862679637 0.02868088811338223 0
1241 -0.2018405909351508 0.02515328880114109 0
1242 -0.2098397838875178 0.03195309878970515 0
1243 -0.211728995602338 0.02162568948889996 0
1244 -0.2037298026499709 0.01482587950033589 0
1245 -0.2136182073171581 0.01129828018809471 0
1246 -0.205619014364791 0.004498470199530689 0
1247 -0.2155074190319781 0.0009708708872893858 0
1248 -0.2075082260796111 -0.005828939101274517 0
1249 -0.1396164316885609 0.1631925976597667 0
1250 -0.1106332184650381 -0.1836455533476136 0
1251 -0.1886161089314095 0.0974451539067776 0
1252 -0.1807367433215201 -0.1121198541497312 0
1253 -0.1887359362738869 -0.1053200441611671 0
1254 0.111574799828896 -0.1816024442602675 0
1255 0.1214632044960829 -0.1780748449480262 0
1256 0.2076849425997737 -0.06043496605509086 0
1257 0.08825922174982906 0.1962179346495294 0
1258 0.2086894621284201 0.04611133762928437 0
1259 0.04448483355835346 0.2095621659907392 0
1260 0.02720317906853582 0.212723530391305 0
1261 -0.2173966307467981 -0.009356538413515903 0
1262 -0.2093974377944312 -0.01615634840207973 0
1263 0.08026002879746218 0.2030177446380934 0
1264 0.0225791578242075 -0.2133508380704374 0
1265 0.03246756249139475 -0.2098232387581955 0
1266 -0.05086044436882966 -0.210589404665952 0
1267 -0.04097203970164247 -0.2070618053537111 0
1268 -0.01906636396749548 0.2158511987074661 0
1269 -0.02895476863468264 0.212323599395225 0
1270 0.1902396910733059 -0.1052722025705529 0
1271 0.1803512864061188 -0.108799801882794 0
1272 0.1723520934537519 -0.10199999189423 0
1273 0.1704628817389318 -0.1123274011950352 0
1274 0.1784620746912986 -0.1191272111835992 0
1275 0.1685736700241116 -0.1226548104958404 0
1276 0.1765728629764785 -0.1294546204844044 0
1277 0.1666844583092913 -0.1329822197966456 0
1278 0.01269075315701957 -0.2168784373826806 0
1279 0.1141460123217501 0.1861459139846418 0
1280 0.1221452052741169 0.1793461039960776 0
1281 0.2105786738432399 0.05643874693008966 0
1282 -0.1495048363557481 0.1596649983475256 0
1283 -0.06874804198838344 -0.2073171939896287 0
1284 0.101686394976503 -0.185130043899096 0
1285 0.1737989590754858 -0.04356313540163997 0
1286 0.09047095221525919 -0.04432930130939563 0
1287 0.1493590341252962 0.0249457417558368 0
1288 0.1041377803120876 -0.02014688339554404 0
1289 0.1512482458401163 0.03527315105664205 0
1290 -0.03651161549396361 0.1710139621920047 0
1291 -0.03840082720878377 0.1606865528911993 0
1292 0.05248402651072051 0.2027623560021751 0
1293 0.05437323822554071 0.2130897653029804 0
1294 -0.1110755645581243 -0.1355361061558286 0
1295 -0.1214063153200891 -0.0909542582758978 0
1296 -0.1099512176869996 0.1737753955964904 0
1297 -0.1179504106393666 0.1805752055850542 0
1298 -0.1905053206462298 0.08711774460597235 0
1299 0.05891652649887671 -0.06523950854692419 0
1300 -0.1721753769335899 0.03573608673786473 0
1301 -0.1472931058903179 -0.08088223761139751 0
1302 -0.1454038941754975 -0.07055482831059234 0
1303 0.07113648897396962 -0.09949394712566273 0
1304 -0.1208441418828535 0.06370149259992949 0
1305 -0.03084398034950281 0.2019961900944199 0
1306 -0.03884317330186988 0.2087960000829839 0
1307 0.07724647021151597 -0.116621166415032 0
1308 0.08524566316388335 -0.1234209764035966 0
1309 -0.01440324835168256 0.1402871229255069 0
1310 -0.006404055399315598 0.1334873129369429 0
1311 0.003484349267871447 0.1370149122491841 0
1312 -0.07940131149926613 0.08813929914964599 0
1313 -0.07140211854689908 0.08133948916108161 0
1314 -0.07329133026171922 0.07101207986027636 0
1315 -0.06340292559453201 0.07453967917251714 0
1316 -0.0652921373093522 0.06421226987171198 0
1317 0.1202559935592965 0.1690186946952725 0
1318 0.1301443982264838 0.1725462940075135 0
1319 -0.087400504451633 0.09493910913820981 0
1320 -0.1311748926431074 0.1082833404794179 0
1321 -0.1071773137860074 0.08788391051372808 0
1322 -0.1170657184531947 0.08435631120148776 0
1323 -0.1669500878822151 0.1148277618320649 0
1324 -0.174949280834582 0.1216275718206291 0
1325 -0.184837685501769 0.1180999725083881 0
1326 -0.1985045135985966 0.09391755459453663 0
1327 -0.219285842461618 -0.01968394771432116 0
1328 -0.2112866495092511 -0.026483757702885 0
1329 -0.1476156246409279 0.1699924076483308 0
1330 -0.09463483256030414 -0.1972451733247416 0
1331 -0.02706555691986236 0.2226510086960302 0
1332 0.1096855880832085 -0.1919298536155039 0
1333 0.2039065191701333 -0.08108978465670134 0
1334 -0.09628438959017258 0.1979578135103422 0
1335 -0.08639598492298557 0.2014854128225834 0
1336 -0.2142838041940834 0.05944856705069015 0
1337 -0.2122085501593976 0.06974194329248648 0
1338 0.03067517616704482 -0.220574018155462 0
1339 0.04057971839931023 -0.217116980525963 0
1340 -0.221175054176438 -0.03001135701512646 0
1341 -0.2131758612240709 -0.03681116700369025 0
1342 -0.2197281885547049 0.02842549947746411 0
1343 -0.04286125141646295 -0.2173892146545162 0
1344 -0.03297284674927569 -0.2138616153422753 0
1345 -0.05274965608365011 -0.2209168139667572 0
1346 -0.1829484737869489 0.1284273818091932 0
1347 0.1746836512616582 -0.1397820297852096 0
1348 0.1647952465944711 -0.1433096290974508 0
1349 -0.2272850354139852 -0.01288413772575728 0
1350 0.04637404527317355 0.2198895752915444 0
1351 -0.03486194230073224 -0.2241888879902675 0
1352 -0.02497363443634846 -0.2206614025553708 0
1353 0.2185778667956071 0.04963893694152589 0
1354 0.2166886550807873 0.03931152764072061 0
1355 -0.1906251479887073 -0.1156474534619722 0
1356 -0.1826259550363405 -0.1224472634505365 0
1357 -0.1986243409410741 -0.1088476434734079 0
1358 -0.1967351292262528 -0.09852023417260274 0
1359 -0.09435264051903702 0.2082774413754041 0
1360 0.200128095740493 -0.1017446032583116 0
1361 0.09979717483114361 -0.195457463116162 0
1362 0.04237479592926133 -0.2063779621948793 0
1363 0.09368720201173414 -0.1783302341610912 0
1364 0.09702327954589179 -0.10956596779055 0
1365 0.100801702975531 -0.08891114918893973 0
1366 0.1026909146903512 -0.07858373988813454 0
1367 -0.02308443885532825 -0.2103340122341231 0
1368 -0.01508524536516851 -0.2171338215900358 0
1369 0.09002860612217214 0.003780145882389153 0
1370 0.1582429192638371 -0.07807296261629665 0
1371 0.1601321309786575 -0.06774555331549177 0
1372 0.1563537075490169 -0.08840037191710173 0
1373 -0.04708202093918866 -0.1899345860643417 0
1374 -0.02240244130404954 0.1470869329140709 0
1375 0.1061468193693833 0.1929457239732063 0
1376 0.1160352240365706 0.1964733232854469 0
1377 -0.07718958103750459 -0.1524079368086085 0
1378 0.08580783659944637 0.03123477447256353 0
1379 0.07780864364707957 0.03803458446112769 0
1380 0.1567960536421042 -0.1365098191088867 0
1381 0.2095741543145938 -0.05010755675428568 0
1382 0.1624636887865648 -0.1055275912064713 0
1383 0.06848241241545472 0.1891627360250471 0
1384 0.1714674012675789 -0.005781097510660448 0
1385 0.1634682083152119 0.001018712477903461 0
1386 0.1615789966003919 -0.00930869682290179 0
1387 0.06659320070063435 0.1788353267242418 0
1388 0.03170269764769855 0.0891608536933178 0
1389 0.2091318082215071 -0.001998109562500492 0
1390 0.2171310011738742 -0.008797919551064303 0
1391 0.2190202128886948 0.00152948974974104 0
1392 -0.1391740855954743 0.1150831504679818 0
1393 -0.06308040684392242 -0.1763349660872131 0
1394 -0.1557346449357705 -0.02597298043104842 0
1395 0.1060269920269075 -0.009819474094738847 0
1396 -0.1019520247346327 0.1669755856079264 0
1397 0.09380702955181325 0.02443496448399938 0
1398 0.06514633507890022 0.1203984702316516 0
1399 0.0509173335465099 -0.05843969855836006 0
1400 0.154906841927284 -0.1468372284096919 0
1401 0.1629060348796509 -0.153637038398256 0
1402 0.1530176302124639 -0.1571646377104972 0
1403 0.08813939440735222 -0.006547263418416095 0
1404 -0.1134071223673616 -0.09775406826454443 0
1405 -0.1232955270337212 -0.1012816675769745 0
1406 -0.1152963340811562 -0.1080814775655839 0
1407 0.0528065452613302 -0.0481122892575549 0
1408 -0.1346307973221389 -0.1632461233819215 0
1409 -0.1365200090369593 -0.1735735326827267 0
1410 -0.1445192019893263 -0.1667737226941624 0
1411 -0.1285208160845921 -0.1803733426712908 0
1412 -0.1176278918922049 -0.07029943967388494 0
1413 0.09481154908046144 0.130981268168375 0
1414 0.2152417894590542 -0.01912532885186964 0
1415 -0.08518877398867025 -0.1456081268202642 0
1416 -0.007408574888598217 0.02694100930515159 0
1417 -0.01673480615958925 0.1780691608164865 0
1418 -0.1942837440758702 0.06646292600436189 0
1419 -0.1377272199737407 0.1735200069605718 0
1420 0.1474698224104762 0.01461833245503157 0
1421 0.157358227077664 0.01814593176727268 0
1422 0.03925954450697926 0.1304704908965385 0
1423 0.09935483735380192 -0.1473480056815294 0
1424 0.08946643268661467 -0.150875604993771 0
1425 0.08757722097114475 -0.1612030142966126 0
1426 -0.1006249864580341 0.02264724404008174 0
1427 0.02458819687189262 -0.0002582306987562009 0
1428 0.05059481479590029 0.1924349467013698 0
1429 0.06792023897989241 0.03450698514888657 0
1430 0.06980945069471274 0.04483439444969184 0
1431 -0.2178389768398847 0.03875290877826926 0
1432 0.1432490528877493 0.04207296104520603 0
1433 0.1531374575549364 0.04560056035744731 0
1434 0.05992104602752555 0.0413067951374507 0
1435 0.06181025774234582 0.05163420443825589 0
1436 0.05192185307515869 0.04810660512601481 0
1437 0.05381106478997896 0.05843401442682 0
1438 0.04392266012279183 0.05490641511457891 0
1439 0.04581187183761211 0.06523382441538413 0
1440 0.03592346717042497 0.06170622510314304 0
1441 0.03403425545560471 0.05137881580233784 0
1442 0.02603506250323787 0.05817862579090194 0
1443 0.02414585078841759 0.04785121649009676 0
1444 0.01614665783605075 0.05465102647866085 0
1445 0.02792427421805808 0.06850603509170715 0
1446 0.01425744612123048 0.04432361717785568 0
1447 -0.1411831246527714 -0.09800945690076686 0
1448 -0.05251000139869736 0.1846135821691326 0
1449 0.1451382646025694 0.05240037034601128 0
1450 -0.1406209512172091 0.0566462939753952 0
1451 -0.08663563960793719 -0.2040449833133057 0
1452 -0.1966153018837763 0.1042449638953419 0
1453 -0.1561769910288565 0.02213646676073745 0
1454 0.001595137553051299 0.1266875029483789 0
1455 0.2025794808908729 0.06323855691865357 0
1456 0.2124678855580597 0.06676615623089502 0
1457 0.2044686926056926 0.07356596621945886 0
1458 0.07535725849669736 -0.1269485757158378 0
1459 0.01148354222023835 0.1302151022606201 0
1460 0.01337275393505849 0.1405425115614253 0
1461 -0.03462240377914329 0.1813413714928097 0
1462 -0.195730609697604 0.008026069511771903 0
1463 -0.06951290683207884 0.09166689846188646 0
1464 -0.02429165301886959 0.1367595236132656 0
1465 -0.1118404294018196 0.1634479862956851 0
1466 -0.008293267114135874 0.1231599036361378 0
1467 0.1282551865116634 0.1622188847067083 0
1468 0.1381435911788506 0.1657464840189493 0
1469 0.1362543794640302 0.1554190747181441 0
1470 0.1461427841312174 0.1589466740303851 0
1471 0.1480319958460379 0.1692740833311903 0
1472 0.1560311887984046 0.1624742733426259 0
1473 0.154141977083584 0.1521468640418206 0
1474 -0.1589508949298483 0.1080279518435008 0
1475 -0.03229084597123656 0.1435593336018295 0
1476 -0.1995090331272445 -0.01262874908983848 0
1477 -0.1730600691197619 0.1319549811214344 0
1478 -0.1810592620721289 0.1387547911099985 0
1479 -0.1711708574049419 0.1422823904222395 0
1480 -0.1159704892959249 0.190648341813544 0
1481 -0.1259344853202967 0.1873326367282321 0
1482 -0.2235066119843452 0.007770680875853492 0
1483 0.1639870967764525 0.1556823815529222 0
1484 0.1621339558735642 0.1453483737530663 0
1485 0.2175733472669607 -0.05690736674284971 0
1486 0.2189080347702292 -0.04647851732225235 0
1487 0.2156841355521406 -0.06723477604365491 0
1488 0.2251301941262414 -0.0155977295396281 0
1489 0.2232409824114214 -0.02592513884043343 0
1490 0.09018102672163072 0.2064539800266218 0
1491 0.08200691437699972 0.2136768526722205 0
1492 0.172029574703138 0.1488746533654971 0
1493 0.1701391606279195 0.1385474640146604 0
1494 0.1800508057700972 0.1420125420691943 0
1495 0.1781430285663831 0.1317370871831663 0
1496 0.1602505555673328 0.135019901360748 0
1497 0.1319987283410469 0.1828326691248025 0
1498 0.186361094027666 -0.1259086962308977 0
1499 0.2143570972728795 0.07709356553170048 0
1500 0.2063579043205123 0.08389337552026417 0
1501 -0.138178749239295 -0.1836298188048714 0
1502 -0.08442145422300118 0.2115922360775638 0
1503 -0.07649336042493782 0.2049762477938539 0
1504 -0.07452354931252914 0.2150782405646296 0
1505 -0.06660100241205986 0.2084907872450707 0
1506 -0.01709528192732604 0.2259491128656462 0
1507 -0.2228177795264591 -0.04038385651371106 0
1508 -0.2150239918780908 -0.04714609133745868 0
1509 -0.2051698214282376 -0.0436122294977477 0
1510 -0.2070578920024794 -0.05393984754946889 0
1511 -0.2169191239722 -0.05743573984263326 0
1512 -0.2089479002570842 -0.06426099817615515 0
1513 -0.2185523981837048 -0.06741267439110038 0
1514 -0.2107945884779821 -0.07452895190588384 0
1515 -0.09619031799996167 -0.20717999211599 0
1516 -0.104362342434661 -0.2005834984521093 0
1517 -0.06461088640267522 0.2185350165827656 0
1518 0.1979233104445519 -0.1120142841115483 0
1519 0.05037713024314009 -0.2131914924980233 0
1520 0.04846594839612923 -0.2234228587353227 0
1521 0.07957802801942251 -0.1544032043072465 0
1522 0.110690107642718 -0.08538354987669851 0
1523 0.08146723973424652 -0.1440757950054133 0
1524 0.1691358434596711 0.03200094038031919 0
1525 0.1022485685972673 -0.03047429269634926 0
1526 0.09424937564489969 -0.0236744827077854 0
1527 0.1662421122162039 -0.08487277260486029 0
1528 -0.05670789581347972 0.2120044060314569 0
1529 -0.05471765503981145 0.2220484819250133 0
1530 0.1719097473606654 -0.05389054470244535 0
1531 0.1639105544082987 -0.0470907347138811 0
1532 0.165799766123119 -0.03676332541307591 0
1533 0.09569624126663359 0.03476237378480469 0
1534 0.07223711482254816 0.2098728377488777 0
1535 0.1550266692697566 0.05592796965825254 0
1536 0.1470274763173896 0.06272777964681646 0
1537 -0.02851242254159661 0.1642141522034404 0
1538 0.0716986624095331 0.05516180375049719 0
1539 -0.1030763716057572 -0.1423359161443927 0
1540 -0.1011871598909369 -0.1320085068435875 0
1541 -0.200393725313417 0.08359014529373134 0
1542 0.07270318193818115 0.1617081074348725 0
1543 -0.1091863528433038 -0.1252086968550234 0
1544 -0.08329956227364979 -0.1352807175194955 0
1545 0.2049110386987801 0.02545651902767398 0
1546 0.2129102316511476 0.0186567090391101 0
1547 -0.0554037326421651 0.06773986918395307 0
1548 -0.05351452092734493 0.07806727848475821 0
1549 -0.05729294435698532 0.05741245988314787 0
1550 -0.06718134902417242 0.05388486057090671 0
1551 -0.05861748942168573 0.2017338997985258 0
1552 0.0148196195567922 0.1989793680540154 0
1553 0.1102477615496346 -0.03727410268491316 0
1554 -0.04073238501668991 0.1984685907821788 0
1555 -0.1374047012231307 -0.07735463829915648 0
1556 -0.1355154895083104 -0.06702722899835128 0
1557 -0.1435146824606772 -0.06022741900978715 0
1558 -0.1336262777934902 -0.05669981969754607 0
1559 -0.141625470745857 -0.04990000970898197 0
1560 -0.1317370660786699 -0.04637241039674082 0
1561 -0.1397362590310368 -0.03957260040817677 0
1562 -0.1298478543638498 -0.03604500109593562 0
1563 -0.1218486614114828 -0.04284481108449965 0
1564 -0.1199594496966626 -0.03251740178369442 0
1565 -0.1279586426490295 -0.02571759179513042 0
1566 -0.1180702379818425 -0.02218999248288921 0
1567 0.04902812183168959 -0.06876710785916522 0
1568 0.05702731478405642 -0.07556691784772934 0
1569 0.0429181405941431 -0.05163988856979593 0
1570 0.0448073523089634 -0.04131247926899077 0
1571 0.1521329380262901 -0.06094574332692747 0
1572 -0.06919038808389323 -0.1592077467974002 0
1573 -0.07907879274967178 -0.162735346109899 0
1574 0.006258253168863636 0.05112342716641979 0
1575 0.008147464883683897 0.06145083646722502 0
1576 0.004369041454043414 0.04079601786561456 0
1577 0.02137194688742542 0.1337427015728613 0
1578 -0.1647383574167865 -0.1257194741268594 0
1579 -0.1666275691316069 -0.1360468834276646 0
1580 -0.1586283761792399 -0.1428466934162288 0
1581 -0.1685167808464272 -0.1463742927284698 0
1582 -0.1605175878940601 -0.153174102717034 0
1583 -0.1765077575251148 -0.1395759857577522 0
1584 -0.1784100953114047 -0.1498576049183011 0
1585 -0.1260694309342092 -0.0153901824943252 0
1586 -0.1161810262670224 -0.01186258318208402 0
1587 0.06735806554432917 -0.1201487657272731 0
1588 -0.1849575128442454 -0.08466522555955648 0
1589 0.1183667818444763 0.1586912853944674 0
1590 0.1964694996533254 0.08036577620802279 0
1591 0.1983587113681451 0.09069318550882784 0
1592 0.2080393705039998 0.09397639614066326 0
1593 0.2002132988277427 0.1009798633628988 0
1594 -0.1151765067383739 0.09468372050229117 0
1595 -0.1052881020711867 0.0982113198145322 0
1596 -0.125064911405561 0.09115612119004983 0
1597 -0.1269541231203811 0.08082871188924481 0
1598 -0.1349533160727479 0.08762852187780831 0
1599 -0.1410632973102944 0.1047557411671768 0
1600 0.1903537477065744 0.09748620692293579 0
1601 0.1922419976365267 0.1078124847946651 0
1602 -0.1570616832150281 0.1183553611443058 0
1603 -0.2009464143519036 -0.07105409718134587 0
1604 -0.2028352439079213 -0.08138038798492195 0
1605 -0.2125012174247441 -0.08464621118952582 0
1606 -0.02695263791851917 -0.2307366365933689 0
1607 -0.2083850701684303 0.09038647904742163 0
1608 0.0956425853970243 -0.2160655132372088 0
1609 -0.1926329435503605 0.1246210820771625 0
1610 -0.02532454672128351 0.2328814357370193 0
1611 0.2017634298835473 0.1111612612980881 0
1612 0.1940745356106994 0.1181153702963546 0
1613 0.1842378473900994 0.11461348748573 0
1614 -0.2277273815070718 0.03522530946602825 0
1615 -0.2258381697922515 0.04555271876683342 0
1616 0.2038998058870121 0.1204834772745557 0
1617 0.22525720688433 -0.06401930735247685 0
1618 -0.1039331271427631 0.2041545971664986 0
1619 -0.1920280704776597 -0.1260385972823423 0
1620 -0.1570094730880836 0.1663743382697539 0
1621 -0.1593108149862632 0.1561223206908955 0
1622 -0.1549077827852465 0.1767095781319451 0
1623 -0.1672324091447136 0.1646615295631367 0
1624 0.05641139963784639 0.2229964405487522 0
1625 0.1071636442094921 -0.202214286444242 0
1626 -0.03491674958993845 0.2289505487524777 0
1627 -0.2062420028639546 -0.1019967272589459 0
1628 -0.2085370222433632 -0.1114914451072152 0
1629 0.1076836464164264 0.202858593315432 0
1630 0.1608752739996478 -0.1635676635686254 0
1631 0.1511048269701133 -0.1674259163228964 0
1632 0.1431252936240217 -0.1606812152413375 0
1633 0.1412354265889924 -0.1710067875785758 0
1634 0.1491613495509242 -0.1776012104890579 0
1635 0.1392217181751666 -0.1810957407714342 0
1636 0.1165860503378295 -0.1986856419596023 0
1637 -0.09351688885485729 0.217866958166077 0
1638 -0.2310634588436249 -0.03353895632736797 0
1639 -0.2293921179152964 0.02485683649024364 0
1640 -0.1297211330790183 -0.1904612750239174 0
1641 0.18747142459218 0.1353655112853564 0
1642 0.1888855019862226 0.1452852161786723 0
1643 0.2081853235596294 -0.1088178910350761 0
1644 0.2097817648667747 -0.09818546750948608 0
1645 0.2260153064625079 0.04294188950035721 0
1646 0.2245942224855768 0.03252884474338941 0
1647 0.2280521549535147 0.05314845753556437 0
1648 -0.2228066617707195 0.06655653884378065 0
1649 -0.2205573009485193 0.07684277073678387 0
1650 -0.2343484918225311 0.06258614568972794 0
1651 -0.179982338131158 0.1507061462224004 0
1652 -0.1880128561109879 0.145463909361199 0
1653 0.1179244357513912 0.2068007325862522 0
1654 -0.08852485132275739 -0.2143723926141109 0
1655 0.07386279189039556 0.2209787843401751 0
1656 -0.07239860212765893 0.2262083375206198 0
1657 0.1721205639572896 -0.1603368767147375 0
1658 -0.03463626032856672 0.2402489282839266 0
1659 0.1259236287037578 0.2000009225976877 0
1660 0.15804304587206 0.1727816835861101 0
1661 0.2246585072232595 -0.07509671709853573 0
1662 0.2223562902252468 0.07029375554313683 0
1663 0.150586870675539 0.1795127073090843 0
1664 -0.1229936683023971 0.1976786087079426 0
1665 -0.1342565186877562 0.1944966970387677 0
1666 -0.1198717899330747 0.2057924968358771 0
1667 0.2345762527003415 0.03603931696439851 0
1668 0.2326870409855219 0.02571190766359325 0
1669 0.04907402016408255 0.2312238016565008 0
1670 0.03850997951682138 0.2268571881241337 0
1671 0.03989554255789631 0.2353545493813249 0
1672 0.03092035096879107 0.2336077346901541 0
1673 0.2241467774624885 0.08079503879041905 0
1674 0.2303393614256494 0.06314907850670705 0
1675 0.233301574586347 -0.02208056914222825 0
1676 0.2312401753637886 -0.03272494882899719 0
1677 0.2351512365640008 -0.01087041622228268 0
1678 0.2422124999848575 -0.03668576027261481 0
1679 0.2346621846452742 -0.04408975129386614 0
1680 0.09749804370323369 -0.2057373775936027 0
1681 -0.2241817367323944 0.05573180099162811 0
1682 0.05831465119853716 -0.219789135308147 0
1683 0.0879875196896986 -0.2093191733448947 0
1684 0.08190934427466173 -0.1921848496026914 0
1685 0.05413339567994408 -0.1924401073411911 0
1686 0.04613435614625608 -0.185640726655982 0
1687 0.04802359506976298 -0.1753133978527597 0
1688 0.04002440673903081 -0.1685136003121571 0
1689 0.0381351904306941 -0.1788409939628792 0
1690 0.03013600197798974 -0.1720411996510399 0
1691 0.03202521420866637 -0.1617137925916787 0
1692 0.02213680962348338 -0.1652413936841976 0
1693 0.02402601829194527 -0.1549139856845961 0
1694 0.01413761486227158 -0.1584415867916982 0
1695 0.01602682379748841 -0.1481141774965319 0
1696 0.006138420251396173 -0.1516417788142329 0
1697 0.00802762924092024 -0.1413143694036213 0
1698 -0.001860774239717159 -0.1448419706388261 0
1699 2.843469412239998e-05 -0.1345145612930181 0
1700 0.009916838452181692 -0.1309869597342629 0
1701 0.001917643901744967 -0.1241871516257603 0
1702 -0.007970759930734438 -0.127714753272355 0
1703 -0.006081550666602252 -0.117387343538299 0
1704 -0.01596995450206642 -0.1209149451884015 0
1705 -0.01408074522901371 -0.110587535443796 0
1706 -0.004192341395508883 -0.1070599337960152 0
1707 -0.01219153595488374 -0.1002601256979167 0
1708 -0.02207993978885256 -0.1037877273462463 0
1709 -0.02019073051388431 -0.09346031759937484 0
1710 -0.0103023266800601 -0.08993271595121649 0
1711 -0.01830152123881336 -0.08313290785238182 0
1712 -0.0281899250726786 -0.08666050950058872 0
1713 -0.02630071579753627 -0.0763330997535112 0
1714 -0.03618911768304508 -0.0798606999888485 0
1715 -0.03429991003151615 -0.06953329141914222 0
1716 -0.02441150646826513 -0.06600568996717805 0
1717 -0.03241070101794382 -0.0592058818617379 0
1718 -0.04418831104052061 -0.07306089097572992 0
1719 -0.02252229723725822 -0.05567828025209917 0
1720 -0.03052149179374165 -0.04887847215159295 0
1721 -0.04040989562722858 -0.05240607379952127 0
1722 -0.03852068636050134 -0.04207866405853865 0
1723 -0.02863228252977819 -0.0385510624126145 0
1724 -0.03663147708861394 -0.03175125431381404 0
1725 -0.04840909019570098 -0.04560626570770896 0
1726 -0.02674307325561034 -0.0282236526662362 0
1727 -0.0347422680831805 -0.02142384488369745 0
1728 -0.01452310267784983 -0.06247808835048431 0
1729 -0.03807832578458834 -0.09018810553834801 0
1730 -0.04463067169283382 -0.02495144626815539 0
1731 -0.04274146269427719 -0.0146240368463974 0
1732 -0.01874387020245463 -0.03502345410473973 0
1733 0.01180604772434476 -0.1206595499908702 0
1734 -0.02485386391830446 -0.01789624166585561 0
1735 -0.01263389111004133 -0.05215067590308097 0
1736 -0.008413117404972005 -0.07960530620420318 0
1737 -0.0004139228462769856 -0.08640511430310682 0
1738 -0.05029829947108338 -0.055933675454968 0
1739 -0.0582974914087641 -0.04913386570385022 0
1740 -0.06018669678560411 -0.05946126846646287 0
1741 -0.05640828047603324 -0.03880645803789238 0
1742 -0.05262986620686128 -0.01815163811663071 0
1743 -0.05074065693170285 -0.007824228369534071 0
1744 -0.04085225006868661 -0.004296621926336667 0
1745 -0.00463469846900717 -0.05895048625740171 0
1746 0.001475286428864448 -0.07607770455603041 0
1747 0.01980524333481514 -0.1274593582844313 0
1748 0.02591523004101288 -0.144586575696107 0
1749 -0.01785916323536319 -0.1312423542980785 0
1750 -0.02585835770141006 -0.1244425460901898 0
1751 -0.06629667415042677 -0.04233404755294517 0
1752 -0.002745480710814732 -0.04862307226998017 0
1753 -0.04885143462919812 0.002503186074449804 0
1754 0.009474482951252434 -0.082877512350467 0
1755 0.007585272039686699 -0.09320492235128142 0
1756 0.005253713475263076 -0.05542288292411045 0
1757 -0.0008562584898270275 -0.03829565635118806 0
1758 -0.008855456329365756 -0.03149584492024737 0
1759 0.02169445302047587 -0.1171319483140492 0
1760 0.01369525724084027 -0.1103321402418378 0
1761 0.01747368308536224 -0.08967731965245686 0
1762 0.01136369909594038 -0.07255010133379364 0
1763 0.02969365245719666 -0.1239317565797626 0
1764 0.02358366692352875 -0.1068045380322661 0
1765 0.06024358700440167 -0.2095678513517547 0
1766 0.07579956783232707 -0.1750579278988931 0
1767 0.08379872271089946 -0.1818576791723936 0
1768 0.08983502461263715 -0.1989782628378685 0
1769 0.07768880869410992 -0.1647305939363256 0
1770 -0.01074467413576246 -0.04182326234357832 0
1771 -0.01685466389655632 -0.02469604291248653 0
1772 -0.01496544997782954 -0.01436863307667748 0
1773 -0.02296464788336771 -0.007568825328069901 0
1774 0.06968962335241523 -0.1579308036190579 0
1775 0.07157883505639981 -0.1476033942981602 0
1776 0.06357964208767444 -0.140803584279219 0
1777 0.1125793193575386 -0.07505614057589344 0
1778 0.1045801264051723 -0.06825633058732895 0
1779 0.1088008959278978 -0.09571095917750386 0
1780 0.1205785123099063 -0.08185595056445702 0
1781 0.1003593568824471 -0.04080170199715431 0
1782 0.1559113614559317 -0.04029092472531701 0
1783 0.1578005731707515 -0.0299635154245118 0
1784 -0.01319603711158501 -0.2068064163609775 0
1785 -0.005196843784556248 -0.2136062259087944 0
1786 -0.007086055436933877 -0.2239336351361425 0
1787 0.002802348726231881 -0.2204060364168249 0
1788 0.001054666367340693 -0.2301501497468905 0
1789 -0.008987806728173991 -0.2351643794318012 0
1790 0.01084802636298865 -0.2269145179436368 0
1791 0.02071383116126471 -0.2237002542640127 0
1792 0.02868913906175672 -0.230478057359807 0
1793 0.01826659264932933 -0.2340118165895577 0
1794 0.03504897231707158 -0.2400859832766933 0
1795 0.03915849607176226 -0.2294906786263266 0
1796 -0.0211952297789218 -0.2000066060371074 0
1797 0.1535798036480247 -0.002508886834337803 0
1798 0.1516905919332045 -0.01283629613514293 0
1799 0.1672466317448514 0.02167353107951392 0
1800 0.1611366505073035 0.03880075036888331 0
1801 0.1144685310723604 -0.06472873127508781 0
1802 0.1064693381199938 -0.05792892128652318 0
1803 0.09658093345280588 -0.06145652059876421 0
1804 0.1569158809845772 0.06625537895905757 0
1805 0.147912168503564 -0.03349111473675295 0
1806 -0.04681790304178076 0.2155273195943899 0
1807 -0.04473105939416223 0.2252864633928103 0
1808 -0.05295139297435816 0.2322816887794988 0
1809 0.1036954342190007 0.02796256379624079 0
1810 0.2227830320604052 0.02218716286655704 0
1811 0.2303912408941635 0.01545887631196116 0
1812 0.06423463839363114 0.2166954261952047 0
1813 0.06615085460754824 0.2269447739160266 0
1814 0.08370897141260125 0.2241276701224461 0
1815 0.2207048257831241 -0.0361342013348149 0
1816 -0.03040163425641665 0.153886742902635 0
1817 -0.0402900389236038 0.150359143590394 0
1818 0.09802779907454004 -0.003019664106174923 0
1819 0.09991701078936008 0.007307745194630251 0
1820 -0.2103507056484307 0.08011222202433682 0
1821 0.09236016393007941 -0.03400189200859049 0
1822 0.1660276820770474 0.166024248342922 0
1823 -0.031083634398604 -0.2035342052934647 0
1824 0.09809432784855041 0.1996612166480551 0
1825 0.09985817450363649 0.2098235950438157 0
1826 0.06236811778321027 0.2063012941496377 0
1827 -0.1454764836839271 0.1799357747646999 0
1828 -0.1531926947414067 0.1885033291660684 0
1829 -0.1251847387481725 -0.1116090768778641 0
1830 0.03580363982794767 -0.1410589729648013 0
1831 0.03391442662849019 -0.1513863832571281 0
1832 0.06048250056397137 0.1959644358194813 0
1833 0.1630258622221236 0.04912815966968866 0
1834 -0.1081818333146795 -0.01866239317057987 0
1835 -0.1062926215998635 -0.008334983869763292 0
1836 -0.1142918145522069 -0.001535173881265598 0
1837 -0.1044034098858849 0.001992425433414251 0
1838 -0.1124026028375276 0.008792235419937384 0
1839 0.2208390591644369 0.01186977112794279 0
1840 0.2283665296661948 0.00515625418285932 0
1841 0.1710250551744908 0.04232834968112455 0
1842 -0.05508121389155537 -0.1831347760757773 0
1843 -0.04519280922438183 -0.179607176763534 0
1844 -0.03719361627200345 -0.1864069867521002 0
1845 -0.1513803103977895 0.1493350759893224 0
1846 0.1028107420328283 0.1241814581798108 0
1847 0.1009215303180083 0.1138540488790055 0
1848 0.1089207232703754 0.1070542388904414 0
1849 0.09903231860318823 0.1035266395782003 0
1850 0.1070315115555554 0.0967268295896362 0
1851 0.09103312565082111 0.1103264495667643 0
1852 0.09292233736564123 0.1206538588675696 0
1853 0.0830339326984541 0.1171262595553283 0
1854 0.1540221497411111 -0.05061833402612227 0
1855 -0.2015079267684352 -0.1204270169593409 0
1856 0.2110092923631477 0.008331445084537616 0
1857 0.1469076489749171 -0.140037418421128 0
1858 0.1487968606897373 -0.1297100091203227 0
1859 0.1601560682894157 -0.1744953448516729 0
1860 0.1568792556289553 -0.1846721988617709 0
1861 -0.04551532797467511 0.07126746849655188 0
1862 -0.04362611626010735 0.08159487779705887 0
1863 -0.05918215606952717 0.04708505058502973 0
1864 -0.06907056073861287 0.04355745127054917 0
1865 -0.04929375140196033 0.05061264989771864 0
1866 0.1643529005013846 -0.09520018190566595 0
1867 0.1544644958341973 -0.09872778121790721 0
1868 0.1525752841193777 -0.1090551905187126 0
1869 -0.1312947199859501 -0.09448185758844196 0
1870 0.1844551867101792 -0.1362330513748254 0
1871 0.1825051031170493 -0.1461346413023249 0
1872 0.1920256257067328 -0.142430220144361 0
1873 -0.05319200217675112 -0.1728073667749691 0
1874 -0.05130279046229937 -0.1624799574740963 0
1875 0.2114112406508812 -0.03977061206344261 0
1876 0.2132360660288991 -0.02943142445326467 0
1877 -0.2023005677168705 0.07327214976870074 0
1878 -0.1923974708091556 0.07679190426779627 0
1879 -0.184395829150034 0.06999078681037461 0
1880 0.04070641012871315 0.1889073473891286 0
1881 -0.123737873126303 -0.05317222038530486 0
1882 0.05570027650479923 0.06876142372762524 0
1883 0.1348075138422966 0.09698221822555463 0
1884 0.1249191091751095 0.09345461891331332 0
1885 0.1329183021274765 0.08665480892474933 0
1886 0.1230298974602894 0.08312720961250808 0
1887 0.1310290904126562 0.07632739962394411 0
1888 0.1211406857454689 0.07279980031170294 0
1889 -0.2215799877184259 0.01809124623082898 0
1890 -0.2315058049367127 0.014570490864418 0
1891 -0.2332754664781072 0.00436938547945752 0
1892 -0.03692041068228766 0.2190208994867808 0
1893 -0.2253758986702611 -0.002535677772310915 0
1894 -0.2352958093231685 -0.005730539737938069 0
1895 -0.2371734400811724 -0.01641173703799844 0
1896 -0.2286508523480896 -0.02330729258311047 0
1897 0.1150307045079225 0.08992701960107218 0
1898 0.04770108355243233 0.07556123371618938 0
1899 -0.0931879669385698 -0.1388083168321516 0
1900 -0.170091766766403 -0.1562606380599507 0
1901 -0.1619836612631218 -0.1629918362549571 0
1902 -0.1524478718840667 -0.1598889667451178 0
1903 0.1389084560225502 -0.133237608432564 0
1904 -0.09495735131114003 0.05362947193562845 0
1905 -0.08506894664401023 0.05715707124803122 0
1906 -0.1119602567638752 -0.03931721176153121 0
1907 -0.09929794817612675 -0.1216810975427798 0
1908 -0.1072971411285361 -0.1148812875542059 0
1909 0.1409174950798433 0.07985499893618543 0
1910 -0.165060876167395 0.1251551711328701 0
1911 0.140137933146075 0.1760522567353499 0
1912 0.1429012703633188 0.1863422702268169 0
1913 -0.1542877793140374 0.03246387606154557 0
1914 -0.08406442711507883 0.1637033749316038 0
1915 0.05614262259781441 0.02065197653586186 0
1916 0.0955764138903949 -0.168002824380946 0
1917 -0.03418005768605673 0.1332319243010244 0
1918 0.1130216654506286 -0.1231655877676777 0
1919 0.1031332607834391 -0.1266931870799188 0
1920 0.1050224724982599 -0.1163657777791139 0
1921 -0.1302902004569358 0.0120644460958505 0
1922 -0.01130682555147065 -0.1964790072421642 0
1923 0.01293040784197211 0.1886519587532101 0
1924 -0.1538454332209501 -0.01564557113024327 0
1925 -0.1458462402685833 -0.02244538111880743 0
1926 0.007705118790598585 0.1095602836590107 0
1927 0.02930668443770641 0.2230801890237352 0
1928 0.02087114414398117 0.2298746916439907 0
1929 0.01462040832580284 0.2393570425047236 0
1930 0.009831088202640741 0.2301737675702082 0
1931 0.01447010799316348 0.2209949379293681 0
1932 0.1450177819398877 -0.1503629907583664 0
1933 -0.1515138754130441 -0.05342760902122299 0
1934 0.1588050926993975 0.07658278825986276 0
1935 -0.02051322958922958 0.1574143422148764 0
1936 -0.1641761839812233 0.02893627674930137 0
1937 -0.0353044045572062 -0.1760795774512906 0
1938 0.1794665942199459 -0.01258090749922442 0
1939 0.02225663907356605 0.03752380718930112 0
1940 -0.2246159335914142 -0.05068551713099493 0
1941 0.1742413051685718 -0.09167258259342471 0
1942 0.1586852653569243 -0.1261824098080816 0
1943 0.0876970483142667 0.0415621837733688 0
1944 0.09758545298145391 0.04508978308561001 0
1945 0.1149108771654485 -0.1128381784668725 0
1946 -0.1198396223541864 0.170247796284249 0
1947 -0.1217288340690067 0.1599203869834438 0
1948 -0.1946921010183269 0.1145259231261821 0
1949 -0.2021521446239766 0.1218828425886999 0
1950 -0.206359156246137 0.1113802650516608 0
1951 -0.1576238566505908 -0.03630038973185361 0
1952 0.09624953160745171 0.189404071775346 0
1953 0.0872547022211809 0.0896716309651541 0
1954 -0.08896719741601283 -0.1662629454222949 0
1955 0.1079162037417275 0.0005079352060664488 0
1956 -0.05206765530561102 0.1365041349773479 0
1957 -0.0814103505569627 -0.1249533082190308 0
1958 0.06281477727099402 0.1581805081226314 0
1959 0.0647039889858142 0.1685079174234366 0
1960 0.08259158660536828 0.1652357067471136 0
1961 -0.07839442199880842 0.1946794754438576 0
1962 -0.1917218918273467 0.1358714705203893 0
1963 0.00336450095737207 -0.06575029369012483 0
1964 0.03913971716450242 -0.07229470717140614 0
1965 -0.01540776775870026 0.03374081938694759 0
1966 -0.1816214355076911 -0.01590095976616126 0
1967 0.03737033279215906 0.1201430815957334 0
1968 -0.03763596365945832 -0.1382975427729564 0
1969 -0.1486201441695753 0.06344610396395749 0
1970 0.04159110231488563 0.09268845300555886 0
1971 0.03970189060006535 0.0823610437047536 0
1972 0.02981348593287828 0.07883344439251246 0
1973 -0.095842043497086 0.1498483663185573 0
1974 0.1644727278438577 0.1075650161622785 0
1975 0.1663619395586771 0.1178924254630829 0
1976 0.1351292680526658 -0.1538902839100132 0
1977 0.05047498745341771 -0.01033025136657327 0
1978 0.04058658278622507 -0.01385785067881264 0
1979 0.04858577573860271 -0.02065766066738006 0
1980 0.03869737107141463 -0.02418525997962082 0
1981 0.03069817811904764 -0.01738544999105665 0
1982 0.04713891011686922 -0.07909451715997025 0
1983 0.05513810306923612 -0.0858943271485345 0
1984 -0.1632914917950516 -0.06728261763426918 0
1985 -0.117185545795753 -0.1184088868664404 0
1986 -0.07095977248495584 0.03323004205820551 0
1987 -0.01207169054375774 0.1025050850345497 0
1988 0.05481558431862699 0.1649803181111954 0
1989 0.05670479603344709 0.1753077274120007 0
1990 0.2015662737991381 -0.04330615753404864 0
1991 -0.009189495949991751 0.2193109254561505 0
1992 -0.007859782744737972 0.2296839505207974 0
1993 0.03491894764177628 -0.04484007858123181 0
1994 0.01715117736469882 0.1611973301630358 0
1995 -0.01363838394223556 -0.1586969718544165 0
1996 0.0951340678310711 -0.1198933770913551 0
1997 0.09324485611625172 -0.1302207863921609 0
1998 -0.02473399911195607 0.1848689708050504 0
1999 -0.02284478739713594 0.1951963801058556 0
2000 -0.07751209978444584 0.09846670845045051 0
2001 -0.0855112927368126 0.1052665184390144 0
2002 -0.1100710450523222 -0.02898980245892678 0
2003 0.1464653028818298 -0.09192797122934318 0
2004 -0.06673900692832183 0.005775409116520891 0
2005 -0.09306813959612009 0.06395688123586946 0
2006 0.1188091279375625 0.1105818382026827 0
2007 0.1332392735942625 -0.1642154990598914 0
2008 -0.03908282788084694 -0.1967343959282382 0
2009 0.1522513292160662 0.1418197174590335 0
2010 -0.02396914895709089 -0.1141151369675595 0
2011 -0.03196834360509754 -0.1073153289737258 0
2012 -0.0338575521811223 -0.1176427378983729 0
2013 -0.0418567448658612 -0.1108429208389109 0
2014 -0.03996753573209081 -0.1005155103618715 0
2015 0.05135967963952642 -0.1065491457500177 0
2016 -0.007850921020804515 0.07505045644464299 0
2017 -0.009740132735271833 0.06472304714425464 0
2018 0.0001482719314576099 0.06825064645595522 0
2019 0.1159153966940946 -0.006291874782497463 0
2020 -0.01641231195287856 -0.0728054980974817 0
2021 -0.006523907186411841 -0.06927789619262102 0
2022 -0.07996349001598387 -0.06651645129737607 0
2023 0.004691560357049361 -0.2100786272148388 0
2024 0.2057957308849535 -0.07076237535589613 0
2025 -0.04129455841013339 0.04381283995572386 0
2026 0.08158706707672031 0.05868940306273848 0
2027 0.07358787412435333 0.06548921305130247 0
2028 -0.07051743217197176 -0.01487941791846446 0
2029 -0.08185269753796695 -0.07684386094647579 0
2030 -0.07385350384691017 -0.08364367100205404 0
2031 -0.1835106472225115 -0.02622836906696648 0
2032 -0.1933990518896984 -0.02975596837920754 0
2033 0.1324759560343897 0.1347642561165343 0
2034 -0.1190747575105048 -0.1287362961672613 0
2035 0.1695781895527589 -0.01610850681146565 0
2036 -0.06151371387971188 0.08486708847332232 0
2037 0.04102892887932277 -0.06196729787060106 0
2038 -0.02063308450150608 -0.04535086786128428 0
2039 0.07125631631644698 0.1032712509422822 0
2040 0.05758948821961944 0.07908883302843062 0
2041 0.001910595990024199 0.2234620465481797 0
2042 0.09891249126071161 -0.0992385584897449 0
2043 0.1445760911670099 -0.1022553805301484 0
2044 0.06269494992851729 -0.04458468994531382 0
2045 -0.02007088349613226 0.1093048950231048 0
2046 -0.01818167178132086 0.1196323043238993 0
2047 -0.1825066990587723 0.08031823969347504 0
2048 0.1620213426934779 -0.05741814401468658 0
2049 0.1700205356458452 -0.06421795400325063 0
2050 -0.1001826403926492 -0.02546220312684824 0
2051 -0.05817763654315795 0.1536313542667171 0
2052 0.08681235612809472 0.1377810781569392 0
2053 -0.008735613207222321 0.1712693508279226 0
2054 0.06691571945124353 -0.07203931853548831 0
2055 0.2137949238373204 -0.07756218534446037 0
2056 0.06369946945716613 0.06196161373906114 0
2057 0.04203344840797158 0.04457900581377373 0
2058 0.01469979205674396 -0.003785829965860282 0
2059 -0.04217925063842385 0.1400317342895889 0
2060 -0.06006684825797803 0.1433039449659118 0
2061 -0.04873157796905669 0.2052684007707427 0
2062 -0.06107136780531643 0.03675764134642915 0
2063 -0.07574271543862396 -0.09397108031402633 0
2064 -0.0658543107742731 -0.09044348100169934 0
2065 -0.06396509903009447 -0.08011607170364299 0
2066 -0.05596590764319747 -0.0869158826757875 0
2067 -0.05785511965157705 -0.09724329073023112 0
2068 -0.1156188528314601 0.1427931676940749 0
2069 0.07825098974016365 -0.01007486273065676 0
2070 0.08625018269253217 -0.01687467271922146 0
2071 -0.09640421693381865 -0.004807384554301442 0
2072 -0.118632411417405 -0.1768457433590496 0
2073 0.0546957569761505 -0.03778487995674968 0
2074 0.09191781783699271 0.01410755518319431 0
2075 0.004931214889605129 0.1954517687417741 0
2076 -0.09262579351925943 0.01584743408985574 0
2077 -0.1077394873175211 -0.0667718403399606 0
2078 -0.08317973492895864 0.06748448054818296 0
2079 -0.09539969740399967 0.1017389191267732 0
2080 0.03781267888524519 0.07203363440394832 0
2081 0.01992508126569154 0.07530584508027176 0
2082 -0.01307621601845366 -0.004041219316489051 0
2083 -0.03096382367756782 -0.000768979445750731 0
2084 -0.03707379508250836 0.01635820802285072 0
2085 -0.1035187177057633 -0.09422646895103261 0
2086 0.07459239365300135 0.1720355167356777 0
2087 -0.03007913341619869 -0.09698791655335916 0
2088 -0.03940534672265388 0.05414024922426953 0
2089 -0.07373367635480527 0.1191215270520603 0
2090 -0.08173286930717219 0.1259213370406242 0
2091 0.1422445333591028 -0.06447334263916885 0
2092 -0.1487399715120526 -0.1393190941039878 0
2093 0.0368081593565962 -0.03451266928042653 0
2094 0.02691975468940939 -0.03804026859266767 0
2095 0.04524969840204703 -0.08942192646077195 0
2096 0.01526196564987863 0.1508699208622305 0
2097 0.005373560982691556 0.1473423215499893 0
2098 -0.1204068073454929 -0.1871332398351585 0
2099 -0.1218568718066958 -0.1975308304254397 0
2100 0.03302973592695596 -0.05516748788203698 0
2101 -0.07341115767175677 -0.1317531181953097 0
2102 -0.1745071115925393 0.07351821905715065 0
2103 0.01236823440482595 0.03399620787753378 0
2104 -0.04229910432284834 -0.06273348311916953 0
2105 0.000590618019320743 0.02014119926835692 0
2106 -0.2079505721726976 0.04228050809051039 0
2107 0.02326115860224559 0.1440701108736665 0
2108 0.06502650773642323 -0.08236672783629347 0
2109 0.02880896640422891 -0.02771285929186228 0
2110 -0.1189549301680196 0.07402890190069583 0
2111 -0.1025141981743801 0.01231983474357385 0
2112 -0.08595363882989894 0.1533759656307985 0
2113 -0.1628491457019661 -0.1153920648260542 0
2114 0.02036742735597738 0.02719639788934047 0
2115 0.2109949216104495 0.1044873330395846 0
2116 0.1018062225041804 0.01763515449543558 0
2117 0.1116946271713678 0.02116275380767694 0
2118 0.226777806265089 -0.005022127711345845 0
2119 0.1418021872660159 -0.01636389544738404 0
2120 -0.05773529045007119 0.1055219070749326 0
2121 -0.1054079294154065 -0.104553878253016 0
2122 -0.1872890706521516 -0.04688318766857648 0
2123 0.1799089403130325 -0.06069035469100923 0
2124 -0.080968004463674 -0.1730627554108538 0
2125 -0.1387317395023882 0.0669737032761986 0
2126 -0.1326217582648558 0.04984648398686953 0
2127 0.07969785536189999 0.04836199376193313 0
2128 -0.1496246636982239 -0.04310019972041778 0
2129 -0.1614022800802313 -0.05695520833346396 0
2130 -0.003630151497674649 0.04759582785494512 0
2131 0.01835838837897451 -0.1858962104747633 0
2132 0.05324889135440233 -0.09622173644931491 0
2133 0.06124808430676878 -0.1030215464378784 0
2134 0.1182469545020016 -0.04407391267347709 0
2135 -0.1622869722664033 0.03926368605010739 0
2136 -0.1740645886484103 0.02540867743705954 0
2137 0.0641418155502175 0.01385216654728666 0
2138 0.03214504374074794 0.0410514065015438 0
2139 0.1455806106956573 0.004290923154226154 0
2140 0.08436097097771203 -0.02720208202002652 0
2141 -0.1938413979827838 0.01835347881257689 0
2142 -0.1858422050304169 0.01155366882401277 0
2143 -0.09740873646147086 -0.1113536882419372 0
2144 0.1441337450739229 -0.05414593333836362 0
2145 -0.04651988021595051 -0.03527885604163945 0
2146 0.2011306606736102 0.004802057983768927 0
2147 0.02080977327528398 -0.02091304924943145 0
2148 -0.09162127397435924 0.1223937377283831 0
2149 -0.002303132066633363 -0.09673252404144371 0
2150 0.1032530881259148 0.07607201098802607 0
2151 0.1375814177432893 0.01109073314279028 0
2152 -0.1372848738806541 0.1254105597687871 0
2153 0.03447660154526869 0.003269368611596869 0
2154 -0.05218750273949224 -0.06626108000510041 0
2155 0.02269898493281068 -0.01058563993114837 0
2156 -0.0474045396865389 0.06094005919923625 0
2157 -0.1327415856073187 -0.1529187140811162 0
2158 0.05003264136033073 0.03777919582521199 0
2159 0.1055846459338209 0.03828997309704611 0
2160 -0.1227333535977238 0.05337408329926593 0
2161 0.02181429298051225 0.08563325438107759 0
2162 -0.1491823176051382 -0.09120964691220268 0
2163 0.05658496869097013 -0.02745747065594435 0
2164 0.1882811881589656 -0.1155869363065524 0
2165 0.1955359714259127 -0.1222895702152062 0
2166 -0.0545190732136628 -0.02847904826368412 0
2167 0.06325712336408001 0.1100710609308464 0
2168 0.06703554679372045 0.1307258795324568 0
2169 0.07503473974608726 0.1239260695438928 0
2170 -0.1580662027436763 0.01180905745993139 0
2171 0.03258738979270605 -0.007058040677694675 0
2172 -0.06774352282921317 -0.1007708902474381 0
2173 0.1012440490686205 -0.1370205963807246 0
2174 -0.03562692330696762 0.07479506780940758 0
2175 -0.1039610640975936 -0.04611702166165036 0
2176 -0.1138494685028126 -0.04964462105986841 0
2177 -0.1157386802292237 -0.05997203036024659 0
2178 -0.1113980833087333 0.1153385391039007 0
2179 -0.001740939782623153 0.05792323715602352 0
2180 -0.09728890911882071 0.09141150982597047 0
2181 0.07302570068878997 -0.08916653782485756 0
2182 0.1761305168833921 -0.0813451732926196 0
2183 -0.1086241794089089 0.02944705402443418 0
2184 -0.0950771786538015 -0.1491357261328814 0
2185 0.1084783771772891 0.1551636860822264 0
2186 -0.1331839317005719 -0.1048092668892926 0
2187 0.1103675888921094 0.1654910953830316 0
2188 -0.1867212323581511 0.1077648215292554 0
2189 -0.09129875522420611 -0.128480907531262 0
2190 -0.01351855614644268 0.04406822856464565 0
2191 -0.1769583198918792 -0.09146503554812074 0
2192 0.1352498599353824 0.04887277103376999 0
2193 -0.07895896540919238 0.04002985196647639 0
2194 -0.0456351575502092 -0.1314977336225348 0
2195 0.1592474387924837 0.02847334106807799 0
2196 -0.07518054197659538 0.0606846705596291 0
2197 0.002037483646213438 0.0785780557566844 0
2198 0.027481928124972 0.1166154822834922 0
2199 -0.1763961464563163 0.06319071532803912 0
2200 -0.1862846327470618 0.05966315959809319 0
2201 0.06924727725914698 -0.1098213564264636 0
2202 0.04114875622179944 0.1407979001973438 0
2203 -0.0216375772913407 -0.1518971625083223 0
2204 -0.1284009887421204 0.02239185539666965 0
2205 0.2147812383983828 0.02898744860765503 0
2206 0.206797216252336 0.03578448337310245 0
2207 -0.07196429823097367 -0.07331626338333778 0
2208 0.06603102726505441 0.02417957584808678 0
2209 0.1201361662168216 -0.0337465033726719 0
2210 0.04014423669310495 0.0342515965129827 0
2211 -0.1256270848509126 -0.06349962968370815 0
2212 0.1169199162227424 0.1002544289018774 0
2213 0.1728243195535225 -0.149617245857938 0
2214 0.01803586955087102 0.06497843577946617 0
2215 -0.1026072097138661 -0.1904138176386987 0
2216 0.04669656402378292 -0.03098506996818537 0
2217 0.1333606482205623 0.03854536173296476 0
2218 -0.139293912938012 -0.08768204759994763 0
2219 0.05803183431268158 0.03097938583665274 0
2220 -0.1608401066446685 0.09770054254269568 0
2221 0.1193908709880161 -0.1883949173262307 0
2222 0.1275382785070429 -0.1970457078880983 0
2223 0.1428067067946636 0.09018240823699065 0
2224 -0.1976198214124242 -0.002301339789033218 0
2225 0.06313729602159834 -0.09269413713709025 0
2226 0.2053339661726446 -0.02264937588087598 0
2227 -0.1534030871278644 -0.06375501832202818 0
2228 0.1092432420209885 -0.1438204063692881 0
2229 -0.123618045783827 0.1495929776826387 0
2230 -0.04462267901050269 -0.2280072956114355 0
2231 -0.05431617328884993 -0.2313427591343858 0
2232 -0.06227628410699273 -0.2240985162053107 0
2233 0.1554690153628443 0.007818522466467434 0
2234 0.2019781848651622 -0.09141193788474243 0
2235 -0.06068855292870937 -0.2140593544659117 0
2236 -0.07027455898133414 -0.2172334303033412 0
2237 -0.1294055082717596 -0.08415444828749273 0
2238 -0.1123796819434055 -0.193934551941374 0
2239 -0.1143942438849297 -0.2061401500176799 0
2240 -0.1243000465618661 -0.2078279712614654 0
2241 0.1239937217886371 0.1896256400827807 0
2242 0.175688170790306 -0.03323572610083481 0
2243 -0.01629246006650243 0.1299597136247021 0
2244 0.05746966087465883 -0.123676365034943 0
2245 0.06546885382251495 -0.1304761750152123 0
2246 -0.005519363183024859 0.0372684185903523 0
2247 0.1649150739369447 0.05945556897049365 0
2248 -0.1350731434152752 -0.1151366761901246 0
2249 -0.07107959979689556 -0.169535156098538 0
2250 -0.1049655833206461 -0.1526633254451853 0
2251 -0.1275162965589584 -0.07382703898619848 0
2252 -0.07674723494075009 -0.2005173840010646 0
2253 0.002479829748113719 0.03046860858102413 0
2254 0.0946917217379848 -0.07178392989957008 0
2255 -0.06239840606588455 0.1810859828568914 0
2256 0.03126035155461243 0.1372703008851025 0
2257 -0.04828923187597087 0.1571589535789583 0
2258 0.1233521583302649 -0.1677467127680396 0
2259 0.03435991344570247 -0.1995095509708413 0
2260 -0.1060085571240048 0.1940330578916649 0
2261 -0.1540401793428809 -0.1698667717809497 0
2262 -0.1460634974871746 -0.1766949920870025 0
2263 -0.1466946042295477 -0.1867737339392368 0
2264 0.002360002543513154 -0.1722965913810713 0
2265 0.1484743419391238 0.1211646361394064 0
2266 -0.1426182364315682 -0.1564321557332772 0
2267 0.1371390716502025 0.05920018033457514 0
2268 -0.0593019834172368 -0.1556801474850619 0
2269 0.058593887931748 0.1856354516804509 0
2270 0.1407976677373699 -0.1229101991317588 0
2271 0.1752458246972189 0.01487372109094994 0
2272 -0.2065037065509631 0.1007173645831008 0
2273 0.196911340052869 0.03225642152367504 0
2274 -0.09206362006744567 0.1705031849201678 0
2275 -0.1307325465500385 0.06017389328768302 0
2276 -0.02919442309793968 -0.1932067964798653 0
2277 0.1605744770717445 -0.1158550005072764 0
2278 0.144253333057614 0.1486193085159163 0
2279 -0.1378470473162165 -0.02924519110737154 0
2280 0.2278405061351315 -0.05281780772641 0
2281 -0.05017844359079097 0.146831544278153 0
2282 -0.2160257700315315 0.04906240351154115 0
2283 -0.05062037414811736 0.1949398411932751 0
2284 -0.1477354519834037 -0.03277279041961261 0
2285 0.02515037031706578 0.1543975201744718 0
2286 -0.06850395204226709 0.1982013429089864 0
2287 -0.1746253927050271 -0.1292473239420749 0
2288 -0.1844081854409808 -0.1327681280335502 0
2289 -0.1727373221393288 -0.118919705888791 0
2290 0.1083585498348146 -0.04760151198571818 0
2291 0.1653574200300316 0.0113461217787087 0
2292 0.2203953721335529 0.0599058552813198 0
2293 -0.1288433348352036 0.07050130258844654 0
2294 -0.1278362955946475 0.1770405431319153 0
2295 -0.1297276070693893 0.1667190197818582 0
2296 0.01003667659854066 0.07177824576807343 0
2297 -0.1820637816007767 0.03220848742562375 0
2298 0.1926910762236859 0.05971095760641234 0
2299 -0.08707798570231193 -0.1559355361212849 0
2300 -0.13571261063777 0.183458545212077 0
2301 0.116477570129656 0.1483638760936622 0
2302 -0.1359578356013962 -0.01891778180656635 0
2303 0.150686072404557 -0.1193825998195176 0
2304 0.01948273517260518 0.1234152922720562 0
2305 0.07036683191088144 0.1995015639530709 0
2306 0.05935887259147646 -0.1133489557378147 0
2307 -0.0327331920643231 0.1916687807936148 0
2308 -0.04262152747555027 0.1881409897685966 0
2309 0.1131414927931023 0.07959961030026706 0
2310 0.03667151050001481 0.2163590426012242 0
2311 0.1192514740306485 0.06247239101089783 0
2312 -0.09395283178226585 0.1601757756193624 0
2313 -0.03373771159270406 0.08512247710955526 0
2314 0.08492314441327438 0.1274536688561338 0
2315 0.2162463089876991 0.08742097483250585 0
2316 0.009594330505418225 0.1198876929598151 0
2317 -0.0002940741617686834 0.1163600936475743 0
2318 -0.01018247882895056 0.1128324943353394 0
2319 -0.1340686238865759 -0.008590372505761048 0
2320 0.02937113983979223 0.1269428915842974 0
2321 0.1293623628638901 -0.1851311037416971 0
2322 0.1313123573414432 -0.1745451148112774 0
2323 0.1051422998407354 0.08639942028883106 0
2324 -0.07706975369210106 0.05035726126103116 0
2325 -0.06050832006398313 0.1914110217798498 0
2326 -0.06119119512964522 -0.1660075567863085 0
2327 0.04870558311166021 0.1821075898951721 0
2328 -0.1368425277875684 0.07730111257700464 0
2329 0.08858174050043778 -0.05465671061020105 0
2330 0.006644154677067629 0.2055718144307445 0
2331 0.01684026918041984 0.2106836961548378 0
2332 0.1676889778379387 -0.02643591611227076 0
2333 -0.04173690454527861 0.09192228709787405 0
2334 0.2113041384362989 -0.08778176515561903 0
2335 -0.07857599753525882 -0.2107762644706876 0
2336 -0.1509517019774816 0.1012281418549368 0
2337 -0.166065395696043 0.0186088674484954 0
2338 0.09714310688836809 0.09319923027739516 0
2339 -0.05162530921252003 0.08839468778556894 0
2340 -0.1506154704101122 -0.1496299861346996 0
2341 0.03881719508565636 0.1785799468374246 0
2342 -0.1759538003632299 0.01508126813625423 0
2343 0.07314552803126707 0.1135986602430874 0
2344 -0.1038412364494529 0.1566481763071211 0
2345 -0.06762369511725866 0.1019943077626914 0
2346 0.07346804677443321 -0.1372759850030411 0
2347 -0.05962450216489061 0.0951944977741286 0
2348 0.1596897848855713 -0.01963610612370674 0
2349 -0.07562288806962547 0.1087941177512553 0
2350 0.08914391393600109 0.09999904026595917 0
2351 -0.09351048568917941 0.1120663284275781 0
2352 0.09613858735971988 -0.01334707340698013 0
2353 -0.1448417207399349 0.08410092256556752 0
2354 -0.03606926940087615 0.1229045150002207 0
2355 0.1945802879385056 0.07003836690721771 0
2356 -0.1868467245590659 -0.09499263486036186 0
2357 -0.1241802192193898 -0.005062773193517774 0
2358 -0.1033988903563664 0.108538729115337 0
2359 -0.1490624902626614 0.1115555511557417 0
2360 -0.01862401787440942 0.1677417515156814 0
2361 -0.1877314167452374 0.001226259523208066 0
2362 -0.1204017957897796 0.01559204540817859 0
2363 -0.1778430120780502 0.004753858835449097 0
2364 -0.02618086473368896 0.1264321143124617 0
2365 -0.0266232108267764 0.1745415615042455 0
2366 0.1498013802183835 -0.02316370543594781 0
2367 0.1865810949861386 0.07683817689578147 0
2368 0.1263659747968432 0.1518914754059033 0
2369 -0.1132872950235535 0.1050111298030958 0
2370 0.003806853207010282 -0.113859741890318 0
2371 -0.2219641212659307 -0.07747232050478374 0
2372 -0.08362208102199226 0.1155939277398192 0
2373 -0.1896206284600577 -0.009101149777597278 0
2374 -0.01708140482528163 -0.2273177607383381 0
2375 0.08114472098363412 0.1067988502545232 0
2376 -0.1222910075045992 0.005264636107371235 0
2377 -0.1137296411166398 0.1531205769948799 0
2378 -0.1105133911239323 0.01911964472420046 0
2379 -0.1839529933155969 0.02188107812481823 0
2380 -0.1231756996907406 0.1014835304908545 0
2381 0.1291398786978358 0.06599999032313907 0
2382 0.1390282833650229 0.06952758963538033 0
2383 0.1343651278560794 0.1450916727150619 0
2384 0.1884693449160911 0.08716445476751057 0
2385 0.1069116842130807 -0.106038368478309 0
2386 -0.191509840174878 -0.01942855907840242 0
2387 -0.02730521156787441 -0.1828793873963908 0
2388 -0.08014911082478904 -0.2223123793445904 0
2389 0.1489166880322101 0.07305518894762154 0
2390 -0.163171664452575 0.1354825804336749 0
2391 -0.1429525090251147 0.09442833186637209 0
2392 -0.1330641043579277 0.09795593117861315 0
2393 -0.147173278547841 0.1218829604565463 0
2394 -0.1690428453736774 0.1531042733326353 0
2395 0.1423640748008083 0.1382919077291212 0
2396 0.1804699916662464 0.09396407618456168 0
2397 0.005696062549415613 -0.1035323321369709 0
2398 0.1186893005950856 -0.0921833598652621 0
2399 -0.2013982448420646 -0.02295615839064374 0
2400 0.1681313239310252 -0.07454536330405588 0
2401 -0.1612266254001058 0.1458894701024472 0
2402 -0.155172471500208 0.1286827704451105 0
2403 0.09847014516762639 -0.05112911129795943 0
2404 0.1823603254634115 0.1042928054859547 0
2405 -0.2032863154163068 -0.03328377644236431 0
2406 0.150363032852733 0.1314921407113211 0
2407 0.1743591842130224 0.1110914942576804 0
2408 -0.195286932273844 -0.04008362122274744 0
2409 0.1583624260138089 0.1246922940982148 0
2410 0.01558446913732878 -0.1000047301624631 0
2411 -0.1971767739554016 -0.05041091528259441 0
2412 0.1860340556575772 0.1249544507376225 0
2413 0.1682512424266641 0.1282181994825324 0
2414 -0.1948442730854522 -0.08819072038874531 0
2415 0.1966770113469113 0.1296525713610299 0
2416 -0.1990636673687629 -0.06073644434583714 0
2417 -0.2047343221786171 -0.09172042418403749 0
2418 -0.1910654100713799 -0.06753579621404225 0
2419 0.1762312163020705 0.1214178574349691 0
2420 -0.1929528592317213 -0.07786067393122714 0
2421 0.09135564440143359 -0.1405481956930005 0
2422 0.08335645144782429 -0.133748385702175 0
2423 -0.2153914349137257 -0.09533460988468001 0
2424 -0.009859968200549542 -0.1380421618368043 0
2425 0.01791603467135958 -0.1377867679938077 0
2426 0.08568798935176837 -0.171530378974377 0
2427 0.02780444232890189 -0.1342591666918765 0
2428 0.04191361954779837 -0.1581861915425952 0
2429 0.09178564390292983 -0.1886564221315504 0
2430 0.05224437866642211 -0.2027680427571393 0
2431 0.04424880487430199 -0.1959841355859002 0
2432 0.02824679213050245 -0.1823686084745254 0
2433 -0.03285305272089737 -0.01109642501601796 0
2434 0.02024759926247442 -0.1755688011339926 0
2435 0.03624710644374744 -0.1891733393201718 0
2436 0.0122484068958213 -0.1687689935047599 0
2437 -0.07429585957001725 -0.0355342314323643 0
2438 -0.006966247955919457 -0.02116843575647981 0
2439 0.004249212855477374 -0.1619691846873021 0
2440 -0.003749981001054564 -0.1551693757295152 0
2441 -0.01174917477129086 -0.1483695667514261 0
2442 -0.01974836851983403 -0.1415697575835125 0
2443 -0.02774756196440742 -0.1347699486432045 0
2444 -0.05685060421780411 0.009303013715233253 0
2445 -0.03574675628177696 -0.1279701398720593 0
2446 -0.05174514651412946 -0.1143705100020905 0
2447 -0.04374595147928748 -0.1211703271843627 0
2448 -0.04985593711186426 -0.1040430998386884 0
2449 -0.0290746085939344 0.009558401376666538 0
2450 -0.04796672429183845 -0.09371569492570846 0
2451 -0.04607751358832807 -0.08338829390921519 0
2452 -0.05407670554779583 -0.07658848345527991 0
2453 -0.03896303313007111 0.006030785063726411 0
2454 -0.06207590033377204 -0.069788669313172 0
2455 -0.07007509404025408 -0.06298885624525975 0
2456 -0.06818588716130389 -0.05266145178930594 0
2457 -0.07618507218225637 -0.04586163792067683 0
2458 -0.06440745947976423 -0.03200664782229948 0
2459 -0.0625182472378763 -0.02167924181920291 0
2460 -0.06062903825051493 -0.01135183032425695 0
2461 -0.05873982616490248 -0.001024413765202503 0
2462 -0.03675057319873281 -0.2345156140270077 0
2463 -0.02904273510317493 -0.2404415305906935 0
2464 -0.2182546231354365 0.08705957663784233 0
2465 -0.2159831296092274 0.09680951192755589 0
2466 -0.1864136861437639 -0.1429463226946475 0
2467 -0.1889102891116592 -0.1547643614399703 0
2468 0.05670340685086509 -0.2297684005017271 0
2469 -0.06480423463825892 -0.2348418269207563 0
2470 -0.1937118043514884 -0.1360839425628554 0
2471 0.2322571337916847 -0.07033642992060443 0
2472 -0.2263908308610831 -0.06054686488604565 0
2473 -0.2337644278549462 -0.05382275268268825 0
2474 0.1380078543097736 -0.1915769902935707 0
2475 -0.2288814547221329 0.08453591038040988 0
2476 -0.1030823107229742 0.2138018536415051 0
2477 0.174165185742923 0.1590817654589833 0
2478 0.190234398847343 -0.1533182039599449 0
2479 -0.1784883079253887 -0.1600443153106645 0
2480 0.1348124363435654 0.1930227136039891 0
2481 0.1612096743329871 0.1826776847645408 0
2482 -0.1646904176557614 -0.1726910964907004 0
2483 0.181953642320434 0.1520397777010802 0
2484 0.01489710918082777 -0.2440480226447721 0
2485 -0.2410379739809637 -0.03570714520339616 0
2486 0.1029157594960612 0.2205421357741551 0
2487 0.1212293575980819 -0.2133498034324396 0
2488 0.07437307850326175 -0.2332337873757712 0
2489 -0.005069024158200612 -0.2452201926132027 0
2490 -0.2263172342355421 -0.09404895011345545 0
2491 0.2225299077405823 0.1031459065214931 0
2492 -0.2332802590019025 -0.07503556311756134 0
2493 0.2385369227804088 0.05537206693938134 0
2494 0.1455184498099449 0.1965511356826131 0
2495 0.2451059681953843 0.004559737575818611 0
2496 0.208510103116262 -0.1290994967889723 0
2497 -0.1771592704855481 0.1688054380819174 0
2498 0.138066427989911 -0.2020995788432246 0
2499 -0.004740353034174028 0.2453091878875528 0
2500 0.2267460601497982 -0.09335731488493931 0
2501 0.1768346051506079 -0.1698430985254372 0
2502 0.1766488935323811 0.1692226294710175 0
2503 0.2427176393922673 0.02630925766224346 0
2504 -0.2448998098365217 0.0153951108077383 0
2505 0.2445696590586589 -0.01538575022746706 0
2506 0.2182685630873489 -0.1118473150799129 0
2507 -0.242683231104249 0.03634834529584538 0
2508 -0.1035086615796538 -0.2216672551951094 0
2509 -0.2126547486512927 0.1210441567593188 0
2510 -0.2081087325194058 0.1299079013924989 0
2511 -0.2451427728307195 -0.006202835217952831 0
2512 -0.212985213132355 -0.1208236829497683 0
2513 -0.08461559389214067 -0.2310675179346392 0
2514 -0.2404044122917719 0.05488554352792905 0
2515 0.0919519066019477 0.2170972432713245 0
2516 0.06633773087843997 -0.2263683824345491 0
2517 0.1938594189000352 -0.1326168815131339 0
2518 0.06521118057347722 0.236625742658207 0
2519 -0.2183703079046212 -0.1124046556415371 0
2520 -0.1392495499183248 0.2034760147230429 0
2521 0.0003816599471507348 0.2358809426042576 0
2522 0.1033295892826199 -0.222255161381116 0
2523 -0.147319012994696 -0.196929134204536 0
2524 -0.1628425885184393 0.1824297665171566 0
2525 0.2135961091182098 0.1210910546193519 0
2526 -0.1906300090007591 0.1542277307121078 0
2527 -0.104932630491596 -0.2112405041589212 0
2528 0.2079838144132867 0.1301341972839742 0
2529 0.1286981599390389 0.2091645545693097 0
2530 0.2362084133931975 -0.0004662367557290763 0
2531 -0.023522157360072 0.243065788066832 0
2532 0.05482576755531399 -0.2389929249782105 0
2533 0.1911993895074043 0.1545562615927601 0
2534 -0.2223241151097916 0.1036274822945343 0
2535 0.1472854106671745 -0.1873353904404977 0
2536 0.2206512953838194 -0.08503444575873249 0
2537 -0.2028541813947051 -0.13802972030985 0
2538 0.008281682517725143 -0.2365182101219498 0
2539 -0.08327306290494702 0.2213442060870538 0
2540 0.007707054253856843 0.2146227485711116 0
2541 0.1047675655706654 -0.2122539927948591 0
2542 -0.01593187482703664 0.2357765284468823 0
2543 -0.07509270729345235 0.2353614159605933 0
2544 -0.2317409492035645 -0.04398905825745508 0
2545 0.2442940935415416 0.03603994794429107 0
2546 -0.09363946272146222 0.227414217774962 0
2547 -0.01961168763201388 -0.2366489127319709 0
2548 -0.1132999490267253 0.2003044143987746 0
2549 -0.05557945793086462 -0.2402376165791794 0
2550 -0.2467502202853581 -0.01570929717448792 0
2551 0.2371204704064066 0.009592316312109772 0
2552 0.2429329154600214 -0.04567975992829333 0
2553 -0.06192139329803052 0.2270127806732994 0
2554 -0.1029457185911703 0.2233618142505448 0
2555 -0.1977834418880627 0.1474797665423663 0
2556 0.03463051211081319 0.2433252138854251 0
2557 0.2167330840893611 0.09628667049309558 0
2558 0.2041001724243308 -0.1197050671097683 0
2559 0.1222825747831672 0.2150655693710784 0
2560 0.04888758507922907 -0.2324608845096416 0
2561 0.113853908502157 -0.2085037357387657 0
2562 -0.1753337566239558 0.1593062077572381 0
2563 -0.221287715054794 -0.08687867535912377 0
2564 0.231843053710241 0.08498743288473735 0
2565 0.2177288837020143 -0.0950206426939012 0
2566 -0.09714729165145879 -0.2158633160006271 0
2567 -0.1384396302182905 -0.193753769032555 0
2568 -0.155674436483095 -0.1913644773401865 0
2569 -0.1549844232713889 -0.179568446124862 0
2570 -0.03711593282652428 -0.2433256988874721 0
2571 -0.1713726392327755 -0.1786395183121518 0
2572 -0.05571516777445732 0.2408242111697857 0
2573 0.1976323683801088 0.1471779197477948 0
2574 -0.1430446605662519 0.188425612648275 0
2575 -0.2352554656588406 0.0312659324408512 0
2576 -0.1996124619838496 0.1300273899667782 0
2577 -0.1215712540069949 0.2145776364058108 0
2578 -0.2272950840219288 -0.0689490282903629 0
2579 0.0468644390712627 0.2415680406419341 0
2580 0.1541964175631919 -0.1926056019283724 0
2581 0.1679017818559908 -0.1689843633363655 0
2582 -0.1200179040831559 -0.2150423406313611 0
2583 0.1801738687352102 -0.1543503262612293 0
2584 0.2356138562994447 -0.06261563748641921 0
2585 -0.1303417540343527 -0.2008810805069926 0
2586 -0.2333969022998155 0.04140090087851566 0
2587 0.05851319009434248 0.2313805788902605 0
2588 -0.07077236983795827 -0.2259085212546516 0
2589 -0.214222752383721 -0.1052687954417018 0
2590 -0.1119203298781161 0.2095997135232421 0
2591 -0.2135762845083048 0.1049362848597518 0
2592 -0.2325418306221435 0.05111167470635098 0
2593 -0.2370928581183128 0.02053281479986776 0
2594 -0.199581744356018 -0.1299986436466212 0
2595 -0.0001123508243204721 -0.2385913830823365 0
2596 0.2098246667288418 0.113803797998844 0
2597 -0.1625358849402931 0.1727217979266389 0
2598 0.1985025253686192 -0.1478489061558704 0
2599 0.238768219003156 0.06571500631546227 0
2600 -0.1704263749260325 -0.1644263013163224 0
2601 0.237644000921733 0.01919445346140956 0
2602 -0.2383611562565796 0.01048804960212562 0
2603 -0.04220460256382421 0.233398290249391 0
2604 0.01529501390831013 0.2471320027079394 0
2605 0.1218612084923112 -0.2051658912028453 0
2606 0.1650235087609417 -0.183190971354094 0
2607 -0.2362114376378404 -0.02699293081775827 0
2608 0.1080447671634201 0.2112762084418815 0
2609 -0.1325061090432 -0.2085577064090813 0
2610 0.2261923228985693 -0.04244510430458927 0
2611 0.1945516384406198 0.1394181482832341 0
2612 0.2334314029352771 0.04669875399987247 0
2613 0.007730298397751632 0.2375720590015433 0
2614 0.2145954792430221 -0.1043911479627653 0
2615 0.2004932994090876 -0.1288215273195172 0
2616 -0.007807143776365108 0.2381254540411822 0
2617 0.2341304661995043 -0.07799629545634951 0
2618 -0.02277968495538491 -0.2456373366685123 0
2619 -0.2415441061958968 -0.05598316234112442 0
2620 0.02223370176485124 0.2189691090010836 0
2621 0.08545871728010627 0.2325918877049287 0
2622 -0.1856487639941838 -0.1643839571075735 0
2623 -0.04630041931454273 0.2409668849389695 0.00279
2624 0.04528430652207475 -0.2406295597066212 0.00279
2625 0.2415913772975984 0.04462621082109402 0.00279
2626 -0.2417017205634383 -0.0472753629224263 0.00279
2627 -0.2021716336455739 0.1381299531993961 0.00279
2628 0.202016378678757 -0.1382876571379041 0.00279
2629 0.1374400814597389 0.202708132799885 0.00279
2630 -0.138945109987926 -0.2032394903883154 0.00279
2631 0.1296867057674856 -0.2078615375822084 0.00279
2632 -0.04587378326496756 -0.2397890197625021 0.00279
2633 -0.240988295684874 0.04619704377880027 0.00279
2634 0.2386600428925361 -0.05369156522598725 0.00279
2635 0.05571849548875802 0.2391121356718155 0.00279
2636 -0.1295566821517042 0.2070677020631218 0.00279
2637 0.2026888961270145 0.1387738188512077 0.00279
2638 -0.2079099846613111 -0.129709539690342 0.00279
2639 0.1695223978829929 -0.1766788330213548 0.00279
2640 0.2258549116040749 0.09240274193123116 0.00279
2641 0.2447873436312326 -0.005523021393457686 0.00279
2642 -0.1702296430340728 0.1759466672445605 0.00279
2643 -0.2258651208684325 0.09424803432793373 0.00279
2644 0.006088037115412211 0.2448764833269838 0.00279
2645 -0.1768777210194877 -0.1701436204653392 0.00279
2646 -0.09257999686332502 -0.2248564359190041 0.00279
2647 0.004887978604521343 -0.2452589989420493 0.00279
2648 0.08427301139414664 -0.2298941342712979 0.00279
2649 0.09304059310075692 0.2279592259886883 0.00279
2650 0.2229882274136796 -0.1030679999920974 0.00279
2651 0.1693073495962647 0.1765265565230643 0.00279
2652 -0.2298439749832654 -0.08474906958143026 0.00279
2653 -0.08318743825669168 0.2309302037873897 0.00279
2654 -0.2435608909886551 0.004181578940084613 0.00279
2655 0.1122723858890371 -0.2179510801397108 0.00279
2656 0.1138808379252307 0.2177765224834309 0.00279
2657 0.02395475219529156 0.2427508275018314 0.00279
2658 0.2331899500414162 0.07439117899513584 0.00279
2659 0.2177047300739069 0.1120620539042312 0.00279
2660 0.2298941342712978 -0.08427301139414696 0.00279
2661 -0.01517244589967861 -0.2443829992188671 0.00279
2662 0.07556388202601182 0.2324585739830794 0.00279
2663 -0.2445194046608299 -0.02446021640731868 0.00279
2664 -0.2317499676234232 0.07426039087869613 0.00279
2665 -0.2177224213018382 0.1121844912228773 0.00279
2666 -0.2362878107970228 -0.06427771855232343 0.00279
2667 0.1543533705577786 0.1900744338916746 0.00279
2668 0.146647386079975 -0.1967553776301586 0.00279
2669 0.2433139869275486 -0.02556283699253829 0.00279
2670 -0.2221497191260579 -0.1029696834704327 0.00279
2671 0.1839141480456927 0.1620685648868145 0.00279
2672 0.245136183701887 0.01503519524283864 0.00279
2673 -0.111919390474393 0.2191600736016775 0.00279
2674 -0.1636604158743067 -0.1838838788723611 0.00279
2675 -0.1120620539042317 -0.2177047300739066 0.00279
2676 -0.06492842994564886 0.2359903785585996 0.00279
2677 -0.1459162054769751 0.196457814848013 0.00279
2678 -0.01398233643243524 0.2449534294498165 0.00279
2679 -0.1837363751649115 0.1615465267068263 0.00279
2680 -0.1965636953341013 -0.1458678526840933 0.00279
2681 0.1831849582008468 -0.1623446634712014 0.00279
2682 -0.0758566426101112 -0.2326371271787805 0.00279
2683 0.06461470637313699 -0.2365269031663318 0.00279
2684 0.2133663152297801 -0.1200187097822874 0.00279
2685 0.02518392892517899 -0.2431530464259638 0.00279
2686 -0.2441066478836655 0.02584583863404659 0.00279
2687 0.09402245528907557 -0.2263407516310389 0.00279
2688 0.08612603445350421 -0.2196537691917119 0.00279
2689 0.0762453586535887 -0.2231624171619508 0.00279
2690 0.07813168701133356 -0.2128437649336929 0.00279
2691 0.06821054949206069 -0.2162751056114301 0.00279
2692 0.07012668312528997 -0.2060254481467577 0.00279
2693 0.08002007579379948 -0.2025130685255877 0.00279
2694 0.07202025089029457 -0.195710443954508 0.00279
2695 0.06213174550052519 -0.1992375752513602 0.00279
2696 0.06402190321367257 -0.1889128032612669 0.00279
2697 0.07391022351075718 -0.1853849949243781 0.00279
2698 0.06591115753150933 -0.1785855112961543 0.00279
2699 0.05602277395782917 -0.1821131664671068 0.00279
2700 0.05791199596054309 -0.1717857849902775 0.00279
2701 0.06780040273671922 -0.168258189893108 0.00279
2702 0.05980121868502614 -0.1614584029304869 0.00279
2703 0.04991281164927037 -0.1649859980606092 0.00279
2704 0.0518020253477768 -0.1546585922333031 0.00279
2705 0.06169043033574483 -0.1511309935117172 0.00279
2706 0.05369123737266351 -0.144331183503358 0.00279
2707 0.04380283271355565 -0.1478587828006952 0.00279
2708 0.04569204449513463 -0.1375313736525601 0.00279
2709 0.05558044914984864 -0.134003774317358 0.00279
2710 0.04758125620787603 -0.1272039643479282 0.00279
2711 0.0376928488439369 -0.1307315648536997 0.00279
2712 0.03958206325758809 -0.1204041543631909 0.00279
2713 0.04947046792442863 -0.1168765550503121 0.00279
2714 0.04147127497235059 -0.1100767450622795 0.00279
2715 0.03158286312462481 -0.1136043463153122 0.00279
2716 0.03347208202004155 -0.1032769350738217 0.00279
2717 0.043360486687219 -0.09974933576156292 0.00279
2718 0.03536129373486024 -0.09294952577301359 0.00279
2719 0.02547287986409138 -0.0964771277476467 0.00279
2720 0.02736210078249506 -0.08614971578445244 0.00279
2721 0.03725050544968189 -0.08262211647221089 0.00279
2722 0.02925131249731531 -0.0758223064836472 0.00279
2723 0.01936289660354923 -0.07934990917996443 0.00279
2724 0.02125211954494856 -0.06902249649508319 0.00279
2725 0.03114052421213565 -0.06549489718284211 0.00279
2726 0.02314133125976884 -0.05869508719427802 0.00279
2727 0.01325291334300648 -0.0622226906122811 0.00279
2728 0.01514213830740205 -0.05189527720571391 0.00279
2729 0.02503054297458917 -0.04836767789347286 0.00279
2730 0.01703135002222236 -0.04156786790490875 0.00279
2731 0.00714293306757096 -0.04509547125980124 0.00279
2732 0.009032157069855558 -0.03476805791634465 0.00279
2733 0.01892056173704266 -0.03124045860410358 0.00279
2734 0.01092136878467585 -0.02444064861553949 0.00279
2735 0.001032955801012349 -0.02796824574099929 0.00279
2736 0.002922169475486213 -0.0176408366877701 0.00279
2737 0.01281057944002565 -0.01411323899153344 0.00279
2738 0.004811386311080428 -0.007313428949102523 0.00279
2739 -0.005077017120057789 -0.01084102863841128 0.00279
2740 -0.003187805611245664 -0.0005136192747614991 0.00279
2741 0.006700599021606744 0.003013980047953669 0.00279
2742 -0.001298593764809078 0.009813789985892942 0.00279
2743 -0.01118699840433767 0.006286190665214403 0.00279
2744 0.00858981092431407 0.01334138929144222 0.00279
2745 -0.009297786662971602 0.01661359995792154 0.00279
2746 -0.01918618975149614 0.01308600248941163 0.00279
2747 -0.01729697933876966 0.02341341024966858 0.00279
2748 -0.02718538239023345 0.01988581283444503 0.00279
2749 -0.02529617219277015 0.0302132203481747 0.00279
2750 -0.03518457684356283 0.02668562105425724 0.00279
2751 -0.03329536537890303 0.03701303006027046 0.00279
2752 -0.04318377008505111 0.03348543070195126 0.00279
2753 -0.04507298180636483 0.0231580213934664 0.00279
2754 -0.02340696075340936 0.0405406293233796 0.00279
2755 -0.03140615375168612 0.04734043925767694 0.00279
2756 -0.0215177490990996 0.05086803855268494 0.00279
2757 -0.05307217483425881 0.02995783129297311 0.00279
2758 -0.05496138713305562 0.0196304236792729 0.00279
2759 -0.02951694206155153 0.05766784852933237 0.00279
2760 -0.01962853739847871 0.0611954478367152 0.00279
2761 -0.06296057959877532 0.02643023226191615 0.00279
2762 -0.06484979192638154 0.01610282468023707 0.00279
2763 -0.02762773035321216 0.06799525782248347 0.00279
2764 -0.0177393256871052 0.07152285713344889 0.00279
2765 -0.07284898430320713 0.02290263304873992 0.00279
2766 -0.0747381960242348 0.01257522376444555 0.00279
2767 -0.02573851864004659 0.07832266712133441 0.00279
2768 -0.01585011397313526 0.08185026643324979 0.00279
2769 -0.0827373888817127 0.01937503348575122 0.00279
2770 -0.08462660058175267 0.009047624143154768 0.00279
2771 -0.08084817715107767 0.02970244274201334 0.00279
2772 -0.02384930692564389 0.08865007642164648 0.00279
2773 -0.01396090225852637 0.09217767573380543 0.00279
2774 -0.005961709306171046 0.08537786574522768 0.00279
2775 -0.004072497591403919 0.09570527504597025 0.00279
2776 0.00392669536096811 0.08890546505741223 0.00279
2777 0.005815907075780318 0.09923287435820798 0.00279
2778 0.01381510002814673 0.09243306436964335 0.00279
2779 -0.09073658180084868 0.02617484338055714 0.00279
2780 -0.08884737008048996 0.03650225266573596 0.00279
2781 0.01570431174296494 0.1027604736704462 0.00279
2782 0.023703504695332 0.0959606636818823 0.00279
2783 -0.02196009521092849 0.09897748572232783 0.00279
2784 -0.09873577474385131 0.03297465334268797 0.00279
2785 -0.09684656302747036 0.04330206263908759 0.00279
2786 0.0255927164101519 0.1062880729826871 0.00279
2787 0.03359190936251879 0.09948826299412303 0.00279
2788 0.01759352345778497 0.1130878829712511 0.00279
2789 0.03548112107733892 0.1098156722949282 0.00279
2790 0.04348031402970585 0.1030158623063641 0.00279
2791 -0.1067349676937597 0.03977446332431107 0.00279
2792 -0.1048457559785298 0.05010187262395943 0.00279
2793 0.04536952574452602 0.1133432716071693 0.00279
2794 0.05336871869689295 0.1065434616186052 0.00279
2795 0.05147950698207276 0.09621605231779998 0.00279
2796 0.06136791164925987 0.09974365163004117 0.00279
2797 0.05947869993443968 0.08941624232923592 0.00279
2798 0.0693671046016268 0.09294384164147713 0.00279
2799 0.06747789288680664 0.08261643234067188 0.00279
2800 0.07736629755399375 0.08614403165291307 0.00279
2801 0.07547708583917359 0.07581662235210783 0.00279
2802 0.08536549050636069 0.079344221664349 0.00279
2803 0.0834762787915405 0.06901681236354375 0.00279
2804 0.09336468345872762 0.07254441167578492 0.00279
2805 0.09147547174390744 0.0622170023749797 0.00279
2806 0.1013638764110945 0.06574460168722089 0.00279
2807 0.09947466469627431 0.05541719238641555 0.00279
2808 0.1093630693634614 0.05894479169865682 0.00279
2809 0.1074738576486412 0.04861738239785147 0.00279
2810 0.1173622623158284 0.05214498171009273 0.00279
2811 0.1154730506010082 0.04181757240928755 0.00279
2812 -0.1147341606454989 0.04657427331110292 0.00279
2813 -0.1166233723602828 0.03624686401019519 0.00279
2814 -0.1128449489305742 0.05690168261161275 0.00279
2815 0.07925550926881392 0.09647144095371821 0.00279
2816 0.1253614552681953 0.04534517172152874 0.00279
2817 0.1234722435533752 0.03501776242072351 0.00279
2818 0.113583838886188 0.03149016310848218 0.00279
2819 0.121583031838555 0.02469035311991827 0.00279
2820 -0.07662740762692241 0.00224781414762548 0.00279
2821 -0.08651581226546054 -0.001279785245360651 0.00279
2822 -0.07851661931786851 -0.008079595220467237 0.00279
2823 -0.08840502398107666 -0.01160719454392291 0.00279
2824 -0.08040583102884237 -0.01840700453211319 0.00279
2825 -0.09029423569517588 -0.0219346038467602 0.00279
2826 -0.08229504299224558 -0.0287344131361137 0.00279
2827 -0.09218344745151905 -0.03226201303117084 0.00279
2828 -0.08418425839553212 -0.03906182163549278 0.00279
2829 -0.09407265978800414 -0.04258942217900593 0.00279
2830 -0.08607347057936338 -0.04938923147618212 0.00279
2831 -0.1020718521945853 -0.03578961239565383 0.00279
2832 -0.09596187168460371 -0.05291683154429679 0.00279
2833 -0.08796267876253339 -0.05971664154360853 0.00279
2834 -0.09785108284111212 -0.06324424098361983 0.00279
2835 -0.08985188979569332 -0.07004405099527024 0.00279
2836 -0.09974029434927036 -0.07357165033265407 0.00279
2837 -0.09174110136245985 -0.08037146032925639 0.00279
2838 0.1112522810782818 0.06927220099946192 0.00279
2839 0.1314714365057421 0.02821795243215955 0.00279
2840 0.129582224790922 0.01789054313135432 0.00279
2841 0.1196938201237349 0.01436294381911305 0.00279
2842 0.1276930130761019 0.00756313383054907 0.00279
2843 -0.1016295060049713 -0.0838990596470276 0.00279
2844 -0.09363031304275127 -0.09069886963785311 0.00279
2845 -0.1096286989532256 -0.07709924965938518 0.00279
2846 -0.124622565312539 0.04304667399844677 0.00279
2847 -0.1265117770273348 0.03271926469757244 0.00279
2848 0.1178046084089149 0.004035534518307823 0.00279
2849 0.1258038013612818 -0.002764275470256151 0.00279
2850 0.1356922060284692 0.000763323841985042 0.00279
2851 0.1338029943136489 -0.009564085458820117 0.00279
2852 0.1239145896464617 -0.01309168477106139 0.00279
2853 0.1319137825988287 -0.01989149475962534 0.00279
2854 0.1220253779316417 -0.02341909407186664 0.00279
2855 0.1300245708840086 -0.03021890406043058 0.00279
2856 -0.08374190837392194 -0.08717127032598894 0.00279
2857 -0.08563112007928893 -0.0974986796289305 0.00279
2858 -0.03184849987812142 0.09544988641007977 0.00279
2859 -0.02995928816331972 0.1057772957108632 0.00279
2860 -0.03984769283051082 0.1022496963986172 0.00279
2861 -0.03795848111569447 0.1125771056994179 0.00279
2862 -0.04784688578288281 0.1090495063871752 0.00279
2863 -0.04595767406806352 0.1193769156879794 0.00279
2864 -0.05584607873525092 0.1158493163757378 0.00279
2865 -0.053956867020431 0.1261767256765428 0.00279
2866 -0.06384527168761812 0.1226491263643015 0.00279
2867 -0.04406846235324409 0.1297043249887838 0.00279
2868 0.05525793041171317 0.1168708709194104 0.00279
2869 0.04725873745934623 0.1236706809079745 0.00279
2870 0.05714714212653339 0.1271982802202157 0.00279
2871 0.04914794917416643 0.1339980902087798 0.00279
2872 -0.09551952474832527 -0.1010262789407527 0.00279
2873 -0.08752033179441737 -0.1078260889296659 0.00279
2874 -0.07763192712697337 -0.1042984896174829 0.00279
2875 -0.0795211388418022 -0.1146258989182862 0.00279
2876 -0.1345109699796791 0.0395190746860729 0.00279
2877 -0.1364001816944915 0.0291916653852456 0.00279
2878 0.1399129755511961 -0.02669130474818912 0.00279
2879 0.138023763836376 -0.03701871404899441 0.00279
2880 0.1281353591691886 -0.04054631336123583 0.00279
2881 0.1361345521215557 -0.04734612334979969 0.00279
2882 0.1262461474543686 -0.05087372266204106 0.00279
2883 0.1342453404067357 -0.05767353265060495 0.00279
2884 -0.06963273417457368 -0.1110982996060545 0.00279
2885 -0.07152194588938846 -0.1214257089068609 0.00279
2886 -0.06195605997279811 0.1329765356651066 0.00279
2887 -0.07184446463998512 0.1294489363528654 0.00279
2888 -0.08940954350899073 -0.1181534982305271 0.00279
2889 -0.1443993746468533 0.03599147537379537 0.00279
2890 -0.1462885863616714 0.02566406607298407 0.00279
2891 -0.1425101629320322 0.04631888467459819 0.00279
2892 0.05903635384135358 0.1375256895210209 0.00279
2893 0.05103716088898665 0.144325499509585 0.00279
2894 0.08958626002908721 0.05188959307417437 0.00279
2895 0.1243569357395485 -0.06120113196284637 0.00279
2896 0.1323561286919157 -0.0680009419514102 0.00279
2897 -0.0616335432358683 -0.1178981092262564 0.00279
2898 -0.06352275327262399 -0.128225518834033 0.00279
2899 0.1460229567887438 -0.04381852403755828 0.00279
2900 -0.06995525292516505 0.1397763456536706 0.00279
2901 -0.07984365759235208 0.1362487463414293 0.00279
2902 0.1224677240247273 -0.07152854126365185 0.00279
2903 0.1304669169770949 -0.07832835125221559 0.00279
2904 0.1163577427871813 -0.05440132197428234 0.00279
2905 -0.05974433069600593 -0.1075707000763778 0.00279
2906 -0.05363435148262578 -0.1246979208722078 0.00279
2907 -0.0555235599846416 -0.135025328883992 0.00279
2908 -0.06541196470776459 -0.1385529281860007 0.00279
2909 -0.05741277170878443 -0.1453527381830918 0.00279
2910 -0.04752436703382846 -0.1418251388722718 0.00279
2911 -0.04941357874890766 -0.1521525481730296 0.00279
2912 -0.152398567599217 0.04279128536235063 0.00279
2913 -0.1505093558843962 0.05311869466315438 0.00279
2914 -0.07807428323689489 -0.05618904363777064 0.00279
2915 0.1403553216442827 -0.07480075193997401 0.00279
2916 0.1384661099294627 -0.08512816124077931 0.00279
2917 0.1285777052622743 -0.08865576055302081 0.00279
2918 0.06092556555617375 0.1478530988218261 0.00279
2919 0.05292637260380686 0.1546529088103902 0.00279
2920 -0.03952517408046886 -0.1486249488610174 0.00279
2921 -0.04141438579512365 -0.1589523581618529 0.00279
2922 0.1365768982146426 -0.09545557054158454 0.00279
2923 0.1266884935474548 -0.09898316985382588 0.00279
2924 -0.06730117637752528 -0.1488803374950487 0.00279
2925 0.06892475850854067 0.1410532888332621 0.00279
2926 0.06558868117198641 0.07228902303986652 0.00279
2927 0.04303796793661973 0.151125309498149 0.00279
2928 0.0449271796514399 0.1614527187989542 0.00279
2929 0.03503877498425281 0.157925119486713 0.00279
2930 -0.07795444587753199 0.1465761556422346 0.00279
2931 -0.06806604121034496 0.1501037549544758 0.00279
2932 -0.08784285054471906 0.1430485563299933 0.00279
2933 -0.08973206225953917 0.1327211470291882 0.00279
2934 -0.09773125521190613 0.1395209570177522 0.00279
2935 -0.09962046692672624 0.1291935477169469 0.00279
2936 -0.1076196598790932 0.1359933577055109 0.00279
2937 -0.1095088715939133 0.1256659484047057 0.00279
2938 0.07081397022336089 0.1513806981340673 0.00279
2939 0.07881316317572779 0.1445808881455032 0.00279
2940 0.1346876864998226 -0.1057829798423898 0.00279
2941 0.1247992818326356 -0.1093105791546311 0.00279
2942 -0.03152598112770032 -0.155424758849655 0.00279
2943 -0.03341519284245348 -0.1657521681504726 0.00279
2944 -0.1603977605515829 0.04959109535091197 0.00279
2945 -0.1585085488367625 0.0599185046517167 0.00279
2946 0.03692798669907289 0.1682525287875182 0.00279
2947 0.02703958203188587 0.164724929475277 0.00279
2948 0.1483545145966498 -0.08160056192853789 0.00279
2949 -0.1175080645462802 0.1324657583932697 0.00279
2950 -0.1193972762611003 0.1221383490924645 0.00279
2951 0.116800088880268 -0.1025107691660673 0.00279
2952 0.01192588831332644 0.082105655068838 0.00279
2953 -0.07240664228066118 -0.02520682340966733 0.00279
2954 -0.0296367698953617 -0.1450973509114527 0.00279
2955 -0.02352678817521594 -0.1622245688382405 0.00279
2956 -0.02541599989001633 -0.1725519781390495 0.00279
2957 -0.04330359750962944 -0.1692797674627161 0.00279
2958 -0.04973609749770315 0.09872209708636991 0.00279
2959 0.1327984747850029 -0.116110389143195 0.00279
2960 0.1229100701178159 -0.1196379884554363 0.00279
2961 0.08070237489054803 0.1549082974463084 0.00279
2962 0.08870156784291491 0.1481084874577444 0.00279
2963 -0.07606523416271189 0.1569035649430398 0.00279
2964 -0.06617682949552484 0.1604311642552811 0.00279
2965 0.0289287937467059 0.1750523387760822 0.00279
2966 0.0190403890795189 0.171524739463841 0.00279
2967 -0.1015096786415463 0.1188661384161418 0.00279
2968 0.04681639136625998 0.1717801280997595 0.00279
2969 -0.1273964692134673 0.1289381590810284 0.00279
2970 -0.1683969535039495 0.05639090533947531 0.00279
2971 -0.1702861652187697 0.04606349603867008 0.00279
2972 -0.1665077417891291 0.06671831464028034 0.00279
2973 -0.01552759522281773 -0.1690243788268102 0.00279
2974 -0.01741680693763255 -0.1793517881276163 0.00279
2975 -0.1382893934093042 0.01886425608441904 0.00279
2976 -0.1481777980764895 0.01533665677217282 0.00279
2977 -0.1029565442633696 0.06042928192380468 0.00279
2978 0.14268687945219 -0.1125827898309537 0.00279
2979 -0.105730448164273 0.146320767006316 0.00279
2980 0.1309092630701829 -0.1264377984440001 0.00279
2981 0.1210208584029958 -0.1299653977562415 0.00279
2982 0.020929600794339 0.1818521487646461 0.00279
2983 0.01104119612715193 0.1783245494524049 0.00279
2984 0.009151984412331832 0.1679971401515997 0.00279
2985 0.001152791459964864 0.1747969501401637 0.00279
2986 0.09059077955773516 0.1584358967585495 0.00279
2987 0.098589972510102 0.1516360867699854 0.00279
2988 -0.07417602244789176 0.167230974243845 0.00279
2989 -0.06428761778070471 0.1707585735560863 0.00279
2990 -0.156619337121942 0.07024591395252143 0.00279
2991 -0.1646185300743089 0.0770457239410854 0.00279
2992 0.003042003174785014 0.1851243594409689 0.00279
2993 -0.007528402270442791 -0.1758241888153756 0.00279
2994 -0.0068464014924021 0.1815967601287277 0.00279
2995 -0.1401786051241228 0.008536846783609255 0.00279
2996 -0.1500670097913095 0.005009247471367298 0.00279
2997 0.1290200513553629 -0.1367652077448054 0.00279
2998 0.1191316466881759 -0.1402928070570467 0.00279
2999 -0.009417613985261577 -0.1861515981161811 0.00279
3000 -0.1782853581711364 0.05286330602723397 0.00279
3001 -0.1801745698859566 0.04253589672642884 0.00279
3002 -0.01930601865244828 -0.1896791974284228 0.00279
3003 -0.1420678168389427 -0.001790562517196741 0.00279
3004 -0.1519562215061298 -0.00531816182943804 0.00279
3005 -0.1599554144584966 0.001481648159126087 0.00279
3006 -0.1618446261733169 -0.008845761141679093 0.00279
3007 -0.1698438191256836 -0.002045951153114962 0.00279
3008 -0.1717330308405041 -0.01237336045392011 0.00279
3009 -0.1637338378881373 -0.01917317044248429 0.00279
3010 -0.1736222425553244 -0.02270076975472531 0.00279
3011 -0.1656230496029576 -0.02950057974328946 0.00279
3012 -0.1755114542701447 -0.03302817905553049 0.00279
3013 -0.1675122613177779 -0.03982798904409465 0.00279
3014 -0.177400665984965 -0.0433555883563357 0.00279
3015 -0.1694014730325982 -0.05015539834489984 0.00279
3016 -0.1797322237928708 -0.005573550465355944 0.00279
3017 -0.1792898776997853 -0.05368299765714089 0.00279
3018 -0.1712906847474185 -0.06048280764570503 0.00279
3019 -0.1595130683654111 -0.04662779903265882 0.00279
3020 -0.1853998589373317 -0.03655577836777142 0.00279
3021 0.09670076079528178 0.1413086774691802 0.00279
3022 0.1065891654624689 0.1448362767814213 0.00279
3023 0.1046999537476486 0.1345088674806161 0.00279
3024 0.1145883584148358 0.1380364667928572 0.00279
3025 0.1126991467000156 0.127709057492052 0.00279
3026 0.1225875513672027 0.1312366568042933 0.00279
3027 0.1206983396523826 0.1209092475034879 0.00279
3028 0.1305867443195697 0.1244368468157292 0.00279
3029 0.1286975326047496 0.1141094375149239 0.00279
3030 0.1385859372719367 0.1176370368271652 0.00279
3031 0.1366967255571166 0.1073096275263599 0.00279
3032 0.1465851302243038 0.1108372268386013 0.00279
3033 0.1446959185094837 0.100509817537796 0.00279
3034 0.1545843231766708 0.1040374168500373 0.00279
3035 0.1526951114618507 0.09371000754923201 0.00279
3036 0.1625835161290378 0.09723760686147336 0.00279
3037 0.1606943044142178 0.08691019756066805 0.00279
3038 0.124476763082023 0.1415640661050983 0.00279
3039 0.1705827090814048 0.09043779687290929 0.00279
3040 0.1686934973665848 0.08011038757210408 0.00279
3041 -0.1811790894146054 -0.06401040695794598 0.00279
3042 -0.1731798964622388 -0.07081021694651024 0.00279
3043 0.0004707906819261575 -0.1826239988039399 0.00279
3044 0.1111324537358081 -0.1334929970684827 0.00279
3045 -0.0007364202548552612 0.1644695408393585 0.00279
3046 -0.005639190698477074 -0.1654967812403836 0.00279
3047 -0.1109557372156557 0.06722909191214042 0.00279
3048 -0.1010673325484764 0.07075669122440363 0.00279
3049 0.1004791842249222 0.1619634960707906 0.00279
3050 0.09247999127255545 0.1687633060593548 0.00279
3051 -0.1547301254071218 0.08057332325332649 0.00279
3052 -0.1627293183594887 0.08737313324189054 0.00279
3053 -0.1726177230266757 0.0838455339296494 0.00279
3054 -0.1707285113118556 0.09417294323045458 0.00279
3055 0.1564735348914907 0.1143648261508425 0.00279
3056 -0.01162934444679758 0.0543956378473414 0.00279
3057 -0.0562884248283378 0.1639587635675223 0.00279
3058 -0.05439921311351768 0.1742861728683275 0.00279
3059 -0.03751613502079369 0.06446765850977647 0.00279
3060 -0.07228681073307161 0.1775583835446503 0.00279
3061 -0.08217521540025866 0.1740307842324091 0.00279
3062 -0.004957189777581974 0.1919241694295329 0.00279
3063 -0.1881737628383235 0.04933570671499281 0.00279
3064 -0.1900629745531437 0.03900829741418759 0.00279
3065 -0.001418421032893567 -0.1929514081047452 0.00279
3066 0.1271308396405428 -0.1470926170456106 0.00279
3067 0.1172424349733559 -0.1506202163578519 0.00279
3068 0.1785819020337718 0.08363798688434536 0.00279
3069 0.1766926903189519 0.07331057758354016 0.00279
3070 0.1370192443077299 -0.1435650177333693 0.00279
3071 0.008469983634293641 -0.1894238087925038 0.00279
3072 0.1668042856517646 0.06978297827129888 0.00279
3073 0.174803478604132 0.06298316828273487 0.00279
3074 0.1846918832713188 0.0665107675949763 0.00279
3075 0.1828026715564989 0.05618335829417097 0.00279
3076 0.1729142668893119 0.05265575898192962 0.00279
3077 0.1809134598416787 0.04585594899336572 0.00279
3078 0.1908018645088659 0.04938354830560698 0.00279
3079 0.188912652794046 0.03905613900480173 0.00279
3080 0.1790242481268586 0.03552853969256043 0.00279
3081 0.1870234410792259 0.02872872970399649 0.00279
3082 0.177135036412039 0.02520113039175512 0.00279
3083 0.1851342293644061 0.01840132040319125 0.00279
3084 0.195022634031593 0.02192891971543261 0.00279
3085 0.1931334223167731 0.01160151041462737 0.00279
3086 0.183245017649586 0.00807391110238603 0.00279
3087 0.191244210601953 0.001274101113822121 0.00279
3088 0.181355805934766 -0.002253498198419182 0.00279
3089 0.189354998887133 -0.009053308186983126 0.00279
3090 -0.1830683011294252 -0.07433781625875105 0.00279
3091 -0.175069108177059 -0.08113762624731542 0.00279
3092 -0.1651807035098719 -0.07761002693507438 0.00279
3093 -0.1670699152246922 -0.08793743623587956 0.00279
3094 -0.1571815105575051 -0.08440983692363851 0.00279
3095 -0.1590707222723254 -0.09473724622444375 0.00279
3096 -0.1689591269395125 -0.0982648455366848 0.00279
3097 -0.1609599339871457 -0.1050646555252489 0.00279
3098 -0.1510715293199585 -0.1015370562130079 0.00279
3099 -0.1529607410347789 -0.1118644655138131 0.00279
3100 -0.1430723363675917 -0.1083368662015721 0.00279
3101 -0.1449615480824121 -0.1186642755023773 0.00279
3102 -0.1548499527495993 -0.1221918748146184 0.00279
3103 -0.1468507597972324 -0.1289916848031826 0.00279
3104 -0.1369623551300453 -0.1254640854909415 0.00279
3105 -0.1388515668448655 -0.1357914947917468 0.00279
3106 0.006580771919473793 -0.1997512180933091 0.00279
3107 0.1023683959397426 0.1722909053715958 0.00279
3108 0.09436920298737575 0.17909071536016 0.00279
3109 -0.08028600368543855 0.1843581935332142 0.00279
3110 -0.09017440835262561 0.180830594220973 0.00279
3111 0.19924340355432 -0.005525708874741826 0.00279
3112 0.1973541918395 -0.01585311817554709 0.00279
3113 0.187465787172313 -0.0193807174877884 0.00279
3114 0.1954649801246799 -0.02618052747635232 0.00279
3115 0.01646917658666078 -0.1962236187810677 0.00279
3116 0.185576575457493 -0.02970812678859362 0.00279
3117 0.1935757684098599 -0.03650793677715757 0.00279
3118 0.1836873637426729 -0.04003553608939882 0.00279
3119 0.1916865566950398 -0.04683534607796282 0.00279
3120 0.1817981520278528 -0.05036294539020404 0.00279
3121 0.1897973449802196 -0.05716275537876803 0.00279
3122 -0.08695815836002319 0.04682966195059444 0.00279
3123 -0.1289631621776784 -0.1322638954795056 0.00279
3124 -0.1308523738924986 -0.1425913047803109 0.00279
3125 -0.002183285876587936 0.1060326843467704 0.00279
3126 -0.1209639692253115 -0.1390637054680697 0.00279
3127 -0.1228531809401317 -0.149391114768875 0.00279
3128 -0.1129647762729446 -0.1458635154566338 0.00279
3129 -0.1148539879877648 -0.1561909247574391 0.00279
3130 0.1098054154565479 0.01083534450687181 0.00279
3131 -0.1439570285537629 -0.01211797181800217 0.00279
3132 -0.1891782823669715 -0.057210596969382 0.00279
3133 -0.1255072574986472 0.1392655683818336 0.00279
3134 -0.1353956621658342 0.1357379690695923 0.00279
3135 -0.1335064504510142 0.1460653783703976 0.00279
3136 0.03081800546152605 0.1853797480768874 0.00279
3137 0.1140261849792747 -0.01661928408330268 0.00279
3138 0.02281881250915921 0.1921795580654514 0.00279
3139 0.03270721717634629 0.1957071573776925 0.00279
3140 -0.0686282193787259 -0.00455200545954948 0.00279
3141 0.01658900388033692 0.006541579301762826 0.00279
3142 0.01847821563956401 0.01686898858902131 0.00279
3143 0.02647740858745834 0.01006917860182159 0.00279
3144 0.02836662031001664 0.02039658790026621 0.00279
3145 0.03636581326184541 0.01359677791186625 0.00279
3146 0.03825502497833116 0.02392418721216336 0.00279
3147 0.04625421793042041 0.01712437722368394 0.00279
3148 0.04436500621555386 0.006796967922892859 0.00279
3149 0.05425341088296459 0.0103245672350657 0.00279
3150 0.05236419916817386 -2.842065748505029e-06 0.00279
3151 0.03025583202577636 0.03072399720078479 0.00279
3152 0.06225260383540316 0.003524757246479675 0.00279
3153 0.06036339212059957 -0.006802652054330599 0.00279
3154 0.04814342964547196 0.02745178652441857 0.00279
3155 0.07025179678779178 -0.003275052742091094 0.00279
3156 0.06836258507297741 -0.01360246204289808 0.00279
3157 0.0721410085026129 0.007052356558713834 0.00279
3158 0.1508058997470305 0.08338259824842667 0.00279
3159 -0.09829342864761328 -0.01513479385799794 0.00279
3160 0.1724719207962249 0.1007652061737145 0.00279
3161 -0.02807007644850803 0.1161047050116583 0.00279
3162 0.04959029526725257 0.08588864301699474 0.00279
3163 0.05847418040578899 -0.01713006135513874 0.00279
3164 0.06647337335815744 -0.02392987134370335 0.00279
3165 -0.02107541136301095 0.002758595913914276 0.00279
3166 -0.09451500522301316 0.005520024757821889 0.00279
3167 -0.04640002016115073 0.1674863628797635 0.00279
3168 -0.04451080844633055 0.1778137721805687 0.00279
3169 0.007262772697511697 0.1576697308507945 0.00279
3170 -0.002625631969675381 0.1541421315385533 0.00279
3171 0.09525389517354794 0.08287182097659004 0.00279
3172 -0.07039759901825152 0.1878857928454555 0.00279
3173 -0.06573448340243837 0.1123217170634964 0.00279
3174 -0.1058502756953776 -0.05644443101635076 0.00279
3175 -0.1090665255008312 0.07755650121293327 0.00279
3176 -0.09917812083364339 0.0810841005251724 0.00279
3177 -0.09117892788127635 0.07428429053660804 0.00279
3178 -0.1528409136923017 0.09090073255413146 0.00279
3179 0.1404751489867569 0.1279644461279704 0.00279
3180 0.01035919563720667 -0.17909640057021 0.00279
3181 -0.1433948551182012 0.1425377790581563 0.00279
3182 -0.1452840668330212 0.132210369757351 0.00279
3183 -0.1247423926549519 -0.1597185240696803 0.00279
3184 -0.1167431997025849 -0.1665183340582443 0.00279
3185 -0.1068547950353978 -0.1629907347460031 0.00279
3186 -0.1087440067502179 -0.1733181440468083 0.00279
3187 -0.09885560208303081 -0.1697905447345671 0.00279
3188 -0.00330763274771366 -0.2032788174055513 0.00279
3189 -0.1007448137978509 -0.1801179540353723 0.00279
3190 -0.09085640913066381 -0.1765903547231311 0.00279
3191 0.1252416279257228 -0.1574200263464159 0.00279
3192 0.1153532232585358 -0.1609476256586572 0.00279
3193 0.1073540303061689 -0.1541478156700933 0.00279
3194 -0.1806169159790426 0.09064534391821345 0.00279
3195 -0.1787277042642224 0.1009727532190187 0.00279
3196 -0.1708483386543329 -0.10859225483749 0.00279
3197 -0.1788475316066997 -0.101792444848926 0.00279
3198 -0.1407407785596856 -0.146118904092552 0.00279
3199 -0.1980621675055106 0.04580810740275154 0.00279
3200 -0.1999513792203307 0.03548069810194632 0.00279
3201 -0.1961729557906904 0.05613551670355677 0.00279
3202 0.02470802422397941 0.2025069673662567 0.00279
3203 0.198801057461233 0.04258373831704301 0.00279
3204 0.203464173077047 -0.03298033746491637 0.00279
3205 -0.1567391644644197 -0.1325192841154235 0.00279
3206 0.2030218269839601 0.01512910972686876 0.00279
3207 -0.09274562084548396 -0.1869177640239363 0.00279
3208 -0.08285721617829683 -0.1833901647116952 0.00279
3209 -0.1532832597853882 0.1390101797459154 0.00279
3210 0.200690269176053 0.05291114761784829 0.00279
3211 -0.1415056434033811 0.1528651883589615 0.00279
3212 -0.1316172387361939 0.1563927876712026 0.00279
3213 0.1996857496474067 -0.05363515606652685 0.00279
3214 0.1977965379325866 -0.06396256536733207 0.00279
3215 0.1879081332653995 -0.06749016467957324 0.00279
3216 0.1959073262177664 -0.07428997466813729 0.00279
3217 0.1860189215505793 -0.07781757398037845 0.00279
3218 0.2072425965066871 -0.01232551886330577 0.00279
3219 0.1054648185913489 -0.1644752249708985 0.00279
3220 0.1134640115437159 -0.1712750349594624 0.00279
3221 0.1775773825051259 -0.02290831680002968 0.00279
3222 0.1436913989808369 -0.006036486146578969 0.00279
3223 0.1394706294581091 0.02141814244359553 0.00279
3224 0.07636177802534481 -0.0204022720314624 0.00279
3225 0.07447256631052467 -0.03072968133226761 0.00279
3226 0.06458416164333752 -0.03425728064450863 0.00279
3227 0.07258335459570442 -0.04105709063307281 0.00279
3228 0.08247175926289153 -0.03752949132083176 0.00279
3229 0.08058254754807118 -0.04785690062163693 0.00279
3230 0.07069414288088412 -0.05138449993387798 0.00279
3231 0.07869333583325086 -0.0581843099224421 0.00279
3232 0.1413598411729292 0.03174555174440075 0.00279
3233 0.08448079832018857 0.1755631160479188 0.00279
3234 0.08637001003500884 0.1858905253487241 0.00279
3235 -0.127073950462858 -0.1219364861787003 0.00279
3236 -0.1115179106575072 -0.08742665896260537 0.00279
3237 -0.1195171036074322 -0.08062684897459739 0.00279
3238 0.01047902268211529 0.02366879857913565 0.00279
3239 0.06880493116606382 -0.06171190923468315 0.00279
3240 0.0768041241184306 -0.06851171922324728 0.00279
3241 0.07692395146090752 0.134253478844698 0.00279
3242 0.03314956326943264 0.1475977101859078 0.00279
3243 -0.1321794121717557 0.001737036795044306 0.00279
3244 0.1108099349851954 0.1173816481912467 0.00279
3245 0.1268083208899295 0.1037820282141186 0.00279
3246 0.03459642889116644 0.2060345666784979 0.00279
3247 0.04259562184353338 0.1992347566899338 0.00279
3248 0.1042576076545629 0.1826183146724011 0.00279
3249 0.1122568006069298 0.1758185046838368 0.00279
3250 0.01457996487184083 -0.2065510280818729 0.00279
3251 0.0244683695390278 -0.2030234287696316 0.00279
3252 0.1940181145029463 -0.08461738396894246 0.00279
3253 0.1841297098357591 -0.08814498328118364 0.00279
3254 -0.08474642789311702 -0.1937175740125004 0.00279
3255 -0.07485802322592991 -0.1901899747002594 0.00279
3256 -0.08828519663780555 0.1911580035217782 0.00279
3257 -0.09817360130499257 0.187630404209537 0.00279
3258 -0.2060613604578775 0.05260791739131556 0.00279
3259 -0.2041721487430574 0.0629353266921208 0.00279
3260 -0.01062482492204238 0.1609419415271174 0.00279
3261 -0.01251403663686245 0.1506145322263121 0.00279
3262 -0.004514843684495501 0.1438147222377481 0.00279
3263 0.1272506669830153 0.05567258102233391 0.00279
3264 -0.1679546074108632 0.008281458147690149 0.00279
3265 -0.146730932454755 0.07377351326476235 0.00279
3266 -0.08928971616645401 0.0846116998374071 0.00279
3267 -0.08129052321408672 0.07781188984884199 0.00279
3268 -0.1292856809282872 0.1186107497802231 0.00279
3269 -0.1212864879759203 0.1118109397916593 0.00279
3270 -0.1688392995970354 0.1045003525312598 0.00279
3271 -0.1768384925494022 0.1113001625198239 0.00279
3272 -0.126631604369772 -0.1700459333704855 0.00279
3273 0.1921289027881261 -0.09494479326974768 0.00279
3274 0.182240498120939 -0.09847239258198889 0.00279
3275 0.1035756068765289 -0.1748026342717037 0.00279
3276 0.0263575816350276 -0.1926960202709028 0.00279
3277 0.09746562563898187 -0.1576754149823346 0.00279
3278 0.08669252878561789 -0.06498411991100585 0.00279
3279 0.08480331707079743 -0.0753115292118114 0.00279
3280 0.0749149124036103 -0.07883912852405243 0.00279
3281 0.08291410535597707 -0.08563893851261657 0.00279
3282 0.09280251002316417 -0.08211133920037557 0.00279
3283 0.09091329830834384 -0.09243874850118074 0.00279
3284 0.08102489364115671 -0.09596634781342171 0.00279
3285 0.08902408659352351 -0.1027661578019859 0.00279
3286 0.173356612982399 0.004546311790144788 0.00279
3287 0.08014020145498352 0.000252546570148561 0.00279
3288 0.1780197285982123 -0.07101776399181468 0.00279
3289 0.08202941316980455 0.01057995587095352 0.00279
3290 -0.0969663903682107 -0.1594631354337618 0.00279
3291 0.0764816053678217 0.182362926036483 0.00279
3292 0.07837081708264199 0.1926903353372882 0.00279
3293 0.1121369732644546 -0.02694669338410793 0.00279
3294 -0.07530036933015113 -0.1420805275064373 0.00279
3295 -0.05118296310576852 0.04028524060990125 0.00279
3296 0.060805738213697 -0.05491209924611902 0.00279
3297 -0.07296881151110965 -0.1798625653994541 0.00279
3298 -0.06496961855874273 -0.1866623753880183 0.00279
3299 -0.0668588302735631 -0.1969897846888235 0.00279
3300 -0.05697042560637589 -0.1934621853765825 0.00279
3301 -0.05885963732119635 -0.2037895946773877 0.00279
3302 -0.04897123265400917 -0.2002619953651469 0.00279
3303 -0.1185125840749639 0.02591945470899702 0.00279
3304 0.07403022021743785 0.01737976585951759 0.00279
3305 0.08391862488462615 0.02090736517175832 0.00279
3306 0.07591943193225908 0.02770717516032248 0.00279
3307 0.1502437263114698 -0.07127315262773264 0.00279
3308 0.04247579450099166 -0.003530441377991062 0.00279
3309 -0.1000628130198126 0.1773029949087317 0.00279
3310 -0.1080620059721796 0.1841028048972956 0.00279
3311 -0.04696219359671216 0.01283061200360387 0.00279
3312 0.07913568192633637 -0.1062937571142268 0.00279
3313 0.0871348748787031 -0.113093567102791 0.00279
3314 -0.1552922988426848 -0.07408242762283335 0.00279
3315 -0.01484559444476903 0.1883965701172916 0.00279
3316 -0.01295638272994886 0.1987239794180969 0.00279
3317 -0.003067978062761751 0.2022515787303381 0.00279
3318 -0.01106717101512863 0.2090513887189021 0.00279
3319 -0.02095557568231572 0.2055237894066609 0.00279
3320 -0.001329856571390948 0.2124012477924277 0.00279
3321 -0.1919521862679637 0.02868088811338223 0.00279
3322 -0.2018405909351508 0.02515328880114109 0.00279
3323 -0.2098397838875178 0.03195309878970515 0.00279
3324 -0.211728995602338 0.02162568948889996 0.00279
3325 -0.2037298026499709 0.01482587950033589 0.00279
3326 -0.2136182073171581 0.01129828018809471 0.00279
3327 -0.205619014364791 0.004498470199530689 0.00279
3328 -0.2155074190319781 0.0009708708872893858 0.00279
3329 -0.2075082260796111 -0.005828939101274517 0.00279
3330 -0.1396164316885609 0.1631925976597667 0.00279
3331 -0.1106332184650381 -0.1836455533476136 0.00279
3332 -0.1886161089314095 0.0974451539067776 0.00279
3333 -0.1807367433215201 -0.1121198541497312 0.00279
3334 -0.1887359362738869 -0.1053200441611671 0.00279
3335 0.111574799828896 -0.1816024442602675 0.00279
3336 0.1214632044960829 -0.1780748449480262 0.00279
3337 0.2076849425997737 -0.06043496605509086 0.00279
3338 0.08825922174982906 0.1962179346495294 0.00279
3339 0.2086894621284201 0.04611133762928437 0.00279
3340 0.04448483355835346 0.2095621659907392 0.00279
3341 0.02720317906853582 0.212723530391305 0.00279
3342 -0.2173966307467981 -0.009356538413515903 0.00279
3343 -0.2093974377944312 -0.01615634840207973 0.00279
3344 0.08026002879746218 0.2030177446380934 0.00279
3345 0.0225791578242075 -0.2133508380704374 0.00279
3346 0.03246756249139475 -0.2098232387581955 0.00279
3347 -0.05086044436882966 -0.210589404665952 0.00279
3348 -0.04097203970164247 -0.2070618053537111 0.00279
3349 -0.01906636396749548 0.2158511987074661 0.00279
3350 -0.02895476863468264 0.212323599395225 0.00279
3351 0.1902396910733059 -0.1052722025705529 0.00279
3352 0.1803512864061188 -0.108799801882794 0.00279
3353 0.1723520934537519 -0.10199999189423 0.00279
3354 0.1704628817389318 -0.1123274011950352 0.00279
3355 0.1784620746912986 -0.1191272111835992 0.00279
3356 0.1685736700241116 -0.1226548104958404 0.00279
3357 0.1765728629764785 -0.1294546204844044 0.00279
3358 0.1666844583092913 -0.1329822197966456 0.00279
3359 0.01269075315701957 -0.2168784373826806 0.00279
3360 0.1141460123217501 0.1861459139846418 0.00279
3361 0.1221452052741169 0.1793461039960776 0.00279
3362 0.2105786738432399 0.05643874693008966 0.00279
3363 -0.1495048363557481 0.1596649983475256 0.00279
3364 -0.06874804198838344 -0.2073171939896287 0.00279
3365 0.101686394976503 -0.185130043899096 0.00279
3366 0.1737989590754858 -0.04356313540163997 0.00279
3367 0.09047095221525919 -0.04432930130939563 0.00279
3368 0.1493590341252962 0.0249457417558368 0.00279
3369 0.1041377803120876 -0.02014688339554404 0.00279
3370 0.1512482458401163 0.03527315105664205 0.00279
3371 -0.03651161549396361 0.1710139621920047 0.00279
3372 -0.03840082720878377 0.1606865528911993 0.00279
3373 0.05248402651072051 0.2027623560021751 0.00279
3374 0.05437323822554071 0.2130897653029804 0.00279
3375 -0.1110755645581243 -0.1355361061558286 0.00279
3376 -0.1214063153200891 -0.0909542582758978 0.00279
3377 -0.1099512176869996 0.1737753955964904 0.00279
3378 -0.1179504106393666 0.1805752055850542 0.00279
3379 -0.1905053206462298 0.08711774460597235 0.00279
3380 0.05891652649887671 -0.06523950854692419 0.00279
3381 -0.1721753769335899 0.03573608673786473 0.00279
3382 -0.1472931058903179 -0.08088223761139751 0.00279
3383 -0.1454038941754975 -0.07055482831059234 0.00279
3384 0.07113648897396962 -0.09949394712566273 0.00279
3385 -0.1208441418828535 0.06370149259992949 0.00279
3386 -0.03084398034950281 0.2019961900944199 0.00279
3387 -0.03884317330186988 0.2087960000829839 0.00279
3388 0.07724647021151597 -0.116621166415032 0.00279
3389 0.08524566316388335 -0.1234209764035966 0.00279
3390 -0.01440324835168256 0.1402871229255069 0.00279
3391 -0.006404055399315598 0.1334873129369429 0.00279
3392 0.003484349267871447 0.1370149122491841 0.00279
3393 -0.07940131149926613 0.08813929914964599 0.00279
3394 -0.07140211854689908 0.08133948916108161 0.00279
3395 -0.07329133026171922 0.07101207986027636 0.00279
3396 -0.06340292559453201 0.07453967917251714 0.00279
3397 -0.0652921373093522 0.06421226987171198 0.00279
3398 0.1202559935592965 0.1690186946952725 0.00279
3399 0.1301443982264838 0.1725462940075135 0.00279
3400 -0.087400504451633 0.09493910913820981 0.00279
3401 -0.1311748926431074 0.1082833404794179 0.00279
3402 -0.1071773137860074 0.08788391051372808 0.00279
3403 -0.1170657184531947 0.08435631120148776 0.00279
3404 -0.1669500878822151 0.1148277618320649 0.00279
3405 -0.174949280834582 0.1216275718206291 0.00279
3406 -0.184837685501769 0.1180999725083881 0.00279
3407 -0.1985045135985966 0.09391755459453663 0.00279
3408 -0.219285842461618 -0.01968394771432116 0.00279
3409 -0.2112866495092511 -0.026483757702885 0.00279
3410 -0.1476156246409279 0.1699924076483308 0.00279
3411 -0.09463483256030414 -0.1972451733247416 0.00279
3412 -0.02706555691986236 0.2226510086960302 0.00279
3413 0.1096855880832085 -0.1919298536155039 0.00279
3414 0.2039065191701333 -0.08108978465670134 0.00279
3415 -0.09628438959017258 0.1979578135103422 0.00279
3416 -0.08639598492298557 0.2014854128225834 0.00279
3417 -0.2142838041940834 0.05944856705069015 0.00279
3418 -0.2122085501593976 0.06974194329248648 0.00279
3419 0.03067517616704482 -0.220574018155462 0.00279
3420 0.04057971839931023 -0.217116980525963 0.00279
3421 -0.221175054176438 -0.03001135701512646 0.00279
3422 -0.2131758612240709 -0.03681116700369025 0.00279
3423 -0.2197281885547049 0.02842549947746411 0.00279
3424 -0.04286125141646295 -0.2173892146545162 0.00279
3425 -0.03297284674927569 -0.2138616153422753 0.00279
3426 -0.05274965608365011 -0.2209168139667572 0.00279
3427 -0.1829484737869489 0.1284273818091932 0.00279
3428 0.1746836512616582 -0.1397820297852096 0.00279
3429 0.1647952465944711 -0.1433096290974508 0.00279
3430 -0.2272850354139852 -0.01288413772575728 0.00279
3431 0.04637404527317355 0.2198895752915444 0.00279
3432 -0.03486194230073224 -0.2241888879902675 0.00279
3433 -0.02497363443634846 -0.2206614025553708 0.00279
3434 0.2185778667956071 0.04963893694152589 0.00279
3435 0.2166886550807873 0.03931152764072061 0.00279
3436 -0.1906251479887073 -0.1156474534619722 0.00279
3437 -0.1826259550363405 -0.1224472634505365 0.00279
3438 -0.1986243409410741 -0.1088476434734079 0.00279
3439 -0.1967351292262528 -0.09852023417260274 0.00279
3440 -0.09435264051903702 0.2082774413754041 0.00279
3441 0.200128095740493 -0.1017446032583116 0.00279
3442 0.09979717483114361 -0.195457463116162 0.00279
3443 0.04237479592926133 -0.2063779621948793 0.00279
3444 0.09368720201173414 -0.1783302341610912 0.00279
3445 0.09702327954589179 -0.10956596779055 0.00279
3446 0.100801702975531 -0.08891114918893973 0.00279
3447 0.1026909146903512 -0.07858373988813454 0.00279
3448 -0.02308443885532825 -0.2103340122341231 0.00279
3449 -0.01508524536516851 -0.2171338215900358 0.00279
3450 0.09002860612217214 0.003780145882389153 0.00279
3451 0.1582429192638371 -0.07807296261629665 0.00279
3452 0.1601321309786575 -0.06774555331549177 0.00279
3453 0.1563537075490169 -0.08840037191710173 0.00279
3454 -0.04708202093918866 -0.1899345860643417 0.00279
3455 -0.02240244130404954 0.1470869329140709 0.00279
3456 0.1061468193693833 0.1929457239732063 0.00279
3457 0.1160352240365706 0.1964733232854469 0.00279
3458 -0.07718958103750459 -0.1524079368086085 0.00279
3459 0.08580783659944637 0.03123477447256353 0.00279
3460 0.07780864364707957 0.03803458446112769 0.00279
3461 0.1567960536421042 -0.1365098191088867 0.00279
3462 0.2095741543145938 -0.05010755675428568 0.00279
3463 0.1624636887865648 -0.1055275912064713 0.00279
3464 0.06848241241545472 0.1891627360250471 0.00279
3465 0.1714674012675789 -0.005781097510660448 0.00279
3466 0.1634682083152119 0.001018712477903461 0.00279
3467 0.1615789966003919 -0.00930869682290179 0.00279
3468 0.06659320070063435 0.1788353267242418 0.00279
3469 0.03170269764769855 0.0891608536933178 0.00279
3470 0.2091318082215071 -0.001998109562500492 0.00279
3471 0.2171310011738742 -0.008797919551064303 0.00279
3472 0.2190202128886948 0.00152948974974104 0.00279
3473 -0.1391740855954743 0.1150831504679818 0.00279
3474 -0.06308040684392242 -0.1763349660872131 0.00279
3475 -0.1557346449357705 -0.02597298043104842 0.00279
3476 0.1060269920269075 -0.009819474094738847 0.00279
3477 -0.1019520247346327 0.1669755856079264 0.00279
3478 0.09380702955181325 0.02443496448399938 0.00279
3479 0.06514633507890022 0.1203984702316516 0.00279
3480 0.0509173335465099 -0.05843969855836006 0.00279
3481 0.154906841927284 -0.1468372284096919 0.00279
3482 0.1629060348796509 -0.153637038398256 0.00279
3483 0.1530176302124639 -0.1571646377104972 0.00279
3484 0.08813939440735222 -0.006547263418416095 0.00279
3485 -0.1134071223673616 -0.09775406826454443 0.00279
3486 -0.1232955270337212 -0.1012816675769745 0.00279
3487 -0.1152963340811562 -0.1080814775655839 0.00279
3488 0.0528065452613302 -0.0481122892575549 0.00279
3489 -0.1346307973221389 -0.1632461233819215 0.00279
3490 -0.1365200090369593 -0.1735735326827267 0.00279
3491 -0.1445192019893263 -0.1667737226941624 0.00279
3492 -0.1285208160845921 -0.1803733426712908 0.00279
3493 -0.1176278918922049 -0.07029943967388494 0.00279
3494 0.09481154908046144 0.130981268168375 0.00279
3495 0.2152417894590542 -0.01912532885186964 0.00279
3496 -0.08518877398867025 -0.1456081268202642 0.00279
3497 -0.007408574888598217 0.02694100930515159 0.00279
3498 -0.01673480615958925 0.1780691608164865 0.00279
3499 -0.1942837440758702 0.06646292600436189 0.00279
3500 -0.1377272199737407 0.1735200069605718 0.00279
3501 0.1474698224104762 0.01461833245503157 0.00279
3502 0.157358227077664 0.01814593176727268 0.00279
3503 0.03925954450697926 0.1304704908965385 0.00279
3504 0.09935483735380192 -0.1473480056815294 0.00279
3505 0.08946643268661467 -0.150875604993771 0.00279
3506 0.08757722097114475 -0.1612030142966126 0.00279
3507 -0.1006249864580341 0.02264724404008174 0.00279
3508 0.02458819687189262 -0.0002582306987562009 0.00279
3509 0.05059481479590029 0.1924349467013698 0.00279
3510 0.06792023897989241 0.03450698514888657 0.00279
3511 0.06980945069471274 0.04483439444969184 0.00279
3512 -0.2178389768398847 0.03875290877826926 0.00279
3513 0.1432490528877493 0.04207296104520603 0.00279
3514 0.1531374575549364 0.04560056035744731 0.00279
3515 0.05992104602752555 0.0413067951374507 0.00279
3516 0.06181025774234582 0.05163420443825589 0.00279
3517 0.05192185307515869 0.04810660512601481 0.00279
3518 0.05381106478997896 0.05843401442682 0.00279
3519 0.04392266012279183 0.05490641511457891 0.00279
3520 0.04581187183761211 0.06523382441538413 0.00279
3521 0.03592346717042497 0.06170622510314304 0.00279
3522 0.03403425545560471 0.05137881580233784 0.00279
3523 0.02603506250323787 0.05817862579090194 0.00279
3524 0.02414585078841759 0.04785121649009676 0.00279
3525 0.01614665783605075 0.05465102647866085 0.00279
3526 0.02792427421805808 0.06850603509170715 0.00279
3527 0.01425744612123048 0.04432361717785568 0.00279
3528 -0.1411831246527714 -0.09800945690076686 0.00279
3529 -0.05251000139869736 0.1846135821691326 0.00279
3530 0.1451382646025694 0.05240037034601128 0.00279
3531 -0.1406209512172091 0.0566462939753952 0.00279
3532 -0.08663563960793719 -0.2040449833133057 0.00279
3533 -0.1966153018837763 0.1042449638953419 0.00279
3534 -0.1561769910288565 0.02213646676073745 0.00279
3535 0.001595137553051299 0.1266875029483789 0.00279
3536 0.2025794808908729 0.06323855691865357 0.00279
3537 0.2124678855580597 0.06676615623089502 0.00279
3538 0.2044686926056926 0.07356596621945886 0.00279
3539 0.07535725849669736 -0.1269485757158378 0.00279
3540 0.01148354222023835 0.1302151022606201 0.00279
3541 0.01337275393505849 0.1405425115614253 0.00279
3542 -0.03462240377914329 0.1813413714928097 0.00279
3543 -0.195730609697604 0.008026069511771903 0.00279
3544 -0.06951290683207884 0.09166689846188646 0.00279
3545 -0.02429165301886959 0.1367595236132656 0.00279
3546 -0.1118404294018196 0.1634479862956851 0.00279
3547 -0.008293267114135874 0.1231599036361378 0.00279
3548 0.1282551865116634 0.1622188847067083 0.00279
3549 0.1381435911788506 0.1657464840189493 0.00279
3550 0.1362543794640302 0.1554190747181441 0.00279
3551 0.1461427841312174 0.1589466740303851 0.00279
3552 0.1480319958460379 0.1692740833311903 0.00279
3553 0.1560311887984046 0.1624742733426259 0.00279
3554 0.154141977083584 0.1521468640418206 0.00279
3555 -0.1589508949298483 0.1080279518435008 0.00279
3556 -0.03229084597123656 0.1435593336018295 0.00279
3557 -0.1995090331272445 -0.01262874908983848 0.00279
3558 -0.1730600691197619 0.1319549811214344 0.00279
3559 -0.1810592620721289 0.1387547911099985 0.00279
3560 -0.1711708574049419 0.1422823904222395 0.00279
3561 -0.1159704892959249 0.190648341813544 0.00279
3562 -0.1259344853202967 0.1873326367282321 0.00279
3563 -0.2235066119843452 0.007770680875853492 0.00279
3564 0.1639870967764525 0.1556823815529222 0.00279
3565 0.1621339558735642 0.1453483737530663 0.00279
3566 0.2175733472669607 -0.05690736674284971 0.00279
3567 0.2189080347702292 -0.04647851732225235 0.00279
3568 0.2156841355521406 -0.06723477604365491 0.00279
3569 0.2251301941262414 -0.0155977295396281 0.00279
3570 0.2232409824114214 -0.02592513884043343 0.00279
3571 0.09018102672163072 0.2064539800266218 0.00279
3572 0.08200691437699972 0.2136768526722205 0.00279
3573 0.172029574703138 0.1488746533654971 0.00279
3574 0.1701391606279195 0.1385474640146604 0.00279
3575 0.1800508057700972 0.1420125420691943 0.00279
3576 0.1781430285663831 0.1317370871831663 0.00279
3577 0.1602505555673328 0.135019901360748 0.00279
3578 0.1319987283410469 0.1828326691248025 0.00279
3579 0.186361094027666 -0.1259086962308977 0.00279
3580 0.2143570972728795 0.07709356553170048 0.00279
3581 0.2063579043205123 0.08389337552026417 0.00279
3582 -0.138178749239295 -0.1836298188048714 0.00279
3583 -0.08442145422300118 0.2115922360775638 0.00279
3584 -0.07649336042493782 0.2049762477938539 0.00279
3585 -0.07452354931252914 0.2150782405646296 0.00279
3586 -0.06660100241205986 0.2084907872450707 0.00279
3587 -0.01709528192732604 0.2259491128656462 0.00279
3588 -0.2228177795264591 -0.04038385651371106 0.00279
3589 -0.2150239918780908 -0.04714609133745868 0.00279
3590 -0.2051698214282376 -0.0436122294977477 0.00279
3591 -0.2070578920024794 -0.05393984754946889 0.00279
3592 -0.2169191239722 -0.05743573984263326 0.00279
3593 -0.2089479002570842 -0.06426099817615515 0.00279
3594 -0.2185523981837048 -0.06741267439110038 0.00279
3595 -0.2107945884779821 -0.07452895190588384 0.00279
3596 -0.09619031799996167 -0.20717999211599 0.00279
3597 -0.104362342434661 -0.2005834984521093 0.00279
3598 -0.06461088640267522 0.2185350165827656 0.00279
3599 0.1979233104445519 -0.1120142841115483 0.00279
3600 0.05037713024314009 -0.2131914924980233 0.00279
3601 0.04846594839612923 -0.2234228587353227 0.00279
3602 0.07957802801942251 -0.1544032043072465 0.00279
3603 0.110690107642718 -0.08538354987669851 0.00279
3604 0.08146723973424652 -0.1440757950054133 0.00279
3605 0.1691358434596711 0.03200094038031919 0.00279
3606 0.1022485685972673 -0.03047429269634926 0.00279
3607 0.09424937564489969 -0.0236744827077854 0.00279
3608 0.1662421122162039 -0.08487277260486029 0.00279
3609 -0.05670789581347972 0.2120044060314569 0.00279
3610 -0.05471765503981145 0.2220484819250133 0.00279
3611 0.1719097473606654 -0.05389054470244535 0.00279
3612 0.1639105544082987 -0.0470907347138811 0.00279
3613 0.165799766123119 -0.03676332541307591 0.00279
3614 0.09569624126663359 0.03476237378480469 0.00279
3615 0.07223711482254816 0.2098728377488777 0.00279
3616 0.1550266692697566 0.05592796965825254 0.00279
3617 0.1470274763173896 0.06272777964681646 0.00279
3618 -0.02851242254159661 0.1642141522034404 0.00279
3619 0.0716986624095331 0.05516180375049719 0.00279
3620 -0.1030763716057572 -0.1423359161443927 0.00279
3621 -0.1011871598909369 -0.1320085068435875 0.00279
3622 -0.200393725313417 0.08359014529373134 0.00279
3623 0.07270318193818115 0.1617081074348725 0.00279
3624 -0.1091863528433038 -0.1252086968550234 0.00279
3625 -0.08329956227364979 -0.1352807175194955 0.00279
3626 0.2049110386987801 0.02545651902767398 0.00279
3627 0.2129102316511476 0.0186567090391101 0.00279
3628 -0.0554037326421651 0.06773986918395307 0.00279
3629 -0.05351452092734493 0.07806727848475821 0.00279
3630 -0.05729294435698532 0.05741245988314787 0.00279
3631 -0.06718134902417242 0.05388486057090671 0.00279
3632 -0.05861748942168573 0.2017338997985258 0.00279
3633 0.0148196195567922 0.1989793680540154 0.00279
3634 0.1102477615496346 -0.03727410268491316 0.00279
3635 -0.04073238501668991 0.1984685907821788 0.00279
3636 -0.1374047012231307 -0.07735463829915648 0.00279
3637 -0.1355154895083104 -0.06702722899835128 0.00279
3638 -0.1435146824606772 -0.06022741900978715 0.00279
3639 -0.1336262777934902 -0.05669981969754607 0.00279
3640 -0.141625470745857 -0.04990000970898197 0.00279
3641 -0.1317370660786699 -0.04637241039674082 0.00279
3642 -0.1397362590310368 -0.03957260040817677 0.00279
3643 -0.1298478543638498 -0.03604500109593562 0.00279
3644 -0.1218486614114828 -0.04284481108449965 0.00279
3645 -0.1199594496966626 -0.03251740178369442 0.00279
3646 -0.1279586426490295 -0.02571759179513042 0.00279
3647 -0.1180702379818425 -0.02218999248288921 0.00279
3648 0.04902812183168959 -0.06876710785916522 0.00279
3649 0.05702731478405642 -0.07556691784772934 0.00279
3650 0.0429181405941431 -0.05163988856979593 0.00279
3651 0.0448073523089634 -0.04131247926899077 0.00279
3652 0.1521329380262901 -0.06094574332692747 0.00279
3653 -0.06919038808389323 -0.1592077467974002 0.00279
3654 -0.07907879274967178 -0.162735346109899 0.00279
3655 0.006258253168863636 0.05112342716641979 0.00279
3656 0.008147464883683897 0.06145083646722502 0.00279
3657 0.004369041454043414 0.04079601786561456 0.00279
3658 0.02137194688742542 0.1337427015728613 0.00279
3659 -0.1647383574167865 -0.1257194741268594 0.00279
3660 -0.1666275691316069 -0.1360468834276646 0.00279
3661 -0.1586283761792399 -0.1428466934162288 0.00279
3662 -0.1685167808464272 -0.1463742927284698 0.00279
3663 -0.1605175878940601 -0.153174102717034 0.00279
3664 -0.1765077575251148 -0.1395759857577522 0.00279
3665 -0.1784100953114047 -0.1498576049183011 0.00279
3666 -0.1260694309342092 -0.0153901824943252 0.00279
3667 -0.1161810262670224 -0.01186258318208402 0.00279
3668 0.06735806554432917 -0.1201487657272731 0.00279
3669 -0.1849575128442454 -0.08466522555955648 0.00279
3670 0.1183667818444763 0.1586912853944674 0.00279
3671 0.1964694996533254 0.08036577620802279 0.00279
3672 0.1983587113681451 0.09069318550882784 0.00279
3673 0.2080393705039998 0.09397639614066326 0.00279
3674 0.2002132988277427 0.1009798633628988 0.00279
3675 -0.1151765067383739 0.09468372050229117 0.00279
3676 -0.1052881020711867 0.0982113198145322 0.00279
3677 -0.125064911405561 0.09115612119004983 0.00279
3678 -0.1269541231203811 0.08082871188924481 0.00279
3679 -0.1349533160727479 0.08762852187780831 0.00279
3680 -0.1410632973102944 0.1047557411671768 0.00279
3681 0.1903537477065744 0.09748620692293579 0.00279
3682 0.1922419976365267 0.1078124847946651 0.00279
3683 -0.1570616832150281 0.1183553611443058 0.00279
3684 -0.2009464143519036 -0.07105409718134587 0.00279
3685 -0.2028352439079213 -0.08138038798492195 0.00279
3686 -0.2125012174247441 -0.08464621118952582 0.00279
3687 -0.02695263791851917 -0.2307366365933689 0.00279
3688 -0.2083850701684303 0.09038647904742163 0.00279
3689 0.0956425853970243 -0.2160655132372088 0.00279
3690 -0.1926329435503605 0.1246210820771625 0.00279
3691 -0.02532454672128351 0.2328814357370193 0.00279
3692 0.2017634298835473 0.1111612612980881 0.00279
3693 0.1940745356106994 0.1181153702963546 0.00279
3694 0.1842378473900994 0.11461348748573 0.00279
3695 -0.2277273815070718 0.03522530946602825 0.00279
3696 -0.2258381697922515 0.04555271876683342 0.00279
3697 0.2038998058870121 0.1204834772745557 0.00279
3698 0.22525720688433 -0.06401930735247685 0.00279
3699 -0.1039331271427631 0.2041545971664986 0.00279
3700 -0.1920280704776597 -0.1260385972823423 0.00279
3701 -0.1570094730880836 0.1663743382697539 0.00279
3702 -0.1593108149862632 0.1561223206908955 0.00279
3703 -0.1549077827852465 0.1767095781319451 0.00279
3704 -0.1672324091447136 0.1646615295631367 0.00279
3705 0.05641139963784639 0.2229964405487522 0.00279
3706 0.1071636442094921 -0.202214286444242 0.00279
3707 -0.03491674958993845 0.2289505487524777 0.00279
3708 -0.2062420028639546 -0.1019967272589459 0.00279
3709 -0.2085370222433632 -0.1114914451072152 0.00279
3710 0.1076836464164264 0.202858593315432 0.00279
3711 0.1608752739996478 -0.1635676635686254 0.00279
3712 0.1511048269701133 -0.1674259163228964 0.00279
3713 0.1431252936240217 -0.1606812152413375 0.00279
3714 0.1412354265889924 -0.1710067875785758 0.00279
3715 0.1491613495509242 -0.1776012104890579 0.00279
3716 0.1392217181751666 -0.1810957407714342 0.00279
3717 0.1165860503378295 -0.1986856419596023 0.00279
3718 -0.09351688885485729 0.217866958166077 0.00279
3719 -0.2310634588436249 -0.03353895632736797 0.00279
3720 -0.2293921179152964 0.02485683649024364 0.00279
3721 -0.1297211330790183 -0.1904612750239174 0.00279
3722 0.18747142459218 0.1353655112853564 0.00279
3723 0.1888855019862226 0.1452852161786723 0.00279
3724 0.2081853235596294 -0.1088178910350761 0.00279
3725 0.2097817648667747 -0.09818546750948608 0.00279
3726 0.2260153064625079 0.04294188950035721 0.00279
3727 0.2245942224855768 0.03252884474338941 0.00279
3728 0.2280521549535147 0.05314845753556437 0.00279
3729 -0.2228066617707195 0.06655653884378065 0.00279
3730 -0.2205573009485193 0.07684277073678387 0.00279
3731 -0.2343484918225311 0.06258614568972794 0.00279
3732 -0.179982338131158 0.1507061462224004 0.00279
3733 -0.1880128561109879 0.145463909361199 0.00279
3734 0.1179244357513912 0.2068007325862522 0.00279
3735 -0.08852485132275739 -0.2143723926141109 0.00279
3736 0.07386279189039556 0.2209787843401751 0.00279
3737 -0.07239860212765893 0.2262083375206198 0.00279
3738 0.1721205639572896 -0.1603368767147375 0.00279
3739 -0.03463626032856672 0.2402489282839266 0.00279
3740 0.1259236287037578 0.2000009225976877 0.00279
3741 0.15804304587206 0.1727816835861101 0.00279
3742 0.2246585072232595 -0.07509671709853573 0.00279
3743 0.2223562902252468 0.07029375554313683 0.00279
3744 0.150586870675539 0.1795127073090843 0.00279
3745 -0.1229936683023971 0.1976786087079426 0.00279
3746 -0.1342565186877562 0.1944966970387677 0.00279
3747 -0.1198717899330747 0.2057924968358771 0.00279
3748 0.2345762527003415 0.03603931696439851 0.00279
3749 0.2326870409855219 0.02571190766359325 0.00279
3750 0.04907402016408255 0.2312238016565008 0.00279
3751 0.03850997951682138 0.2268571881241337 0.00279
3752 0.03989554255789631 0.2353545493813249 0.00279
3753 0.03092035096879107 0.2336077346901541 0.00279
3754 0.2241467774624885 0.08079503879041905 0.00279
3755 0.2303393614256494 0.06314907850670705 0.00279
3756 0.233301574586347 -0.02208056914222825 0.00279
3757 0.2312401753637886 -0.03272494882899719 0.00279
3758 0.2351512365640008 -0.01087041622228268 0.00279
3759 0.2422124999848575 -0.03668576027261481 0.00279
3760 0.2346621846452742 -0.04408975129386614 0.00279
3761 0.09749804370323369 -0.2057373775936027 0.00279
3762 -0.2241817367323944 0.05573180099162811 0.00279
3763 0.05831465119853716 -0.219789135308147 0.00279
3764 0.0879875196896986 -0.2093191733448947 0.00279
3765 0.08190934427466173 -0.1921848496026914 0.00279
3766 0.05413339567994408 -0.1924401073411911 0.00279
3767 0.04613435614625608 -0.185640726655982 0.00279
3768 0.04802359506976298 -0.1753133978527597 0.00279
3769 0.04002440673903081 -0.1685136003121571 0.00279
3770 0.0381351904306941 -0.1788409939628792 0.00279
3771 0.03013600197798974 -0.1720411996510399 0.00279
3772 0.03202521420866637 -0.1617137925916787 0.00279
3773 0.02213680962348338 -0.1652413936841976 0.00279
3774 0.02402601829194527 -0.1549139856845961 0.00279
3775 0.01413761486227158 -0.1584415867916982 0.00279
3776 0.01602682379748841 -0.1481141774965319 0.00279
3777 0.006138420251396173 -0.1516417788142329 0.00279
3778 0.00802762924092024 -0.1413143694036213 0.00279
3779 -0.001860774239717159 -0.1448419706388261 0.00279
3780 2.843469412239998e-05 -0.1345145612930181 0.00279
3781 0.009916838452181692 -0.1309869597342629 0.00279
3782 0.001917643901744967 -0.1241871516257603 0.00279
3783 -0.007970759930734438 -0.127714753272355 0.00279
3784 -0.006081550666602252 -0.117387343538299 0.00279
3785 -0.01596995450206642 -0.1209149451884015 0.00279
3786 -0.01408074522901371 -0.110587535443796 0.00279
3787 -0.004192341395508883 -0.1070599337960152 0.00279
3788 -0.01219153595488374 -0.1002601256979167 0.00279
3789 -0.02207993978885256 -0.1037877273462463 0.00279
3790 -0.02019073051388431 -0.09346031759937484 0.00279
3791 -0.0103023266800601 -0.08993271595121649 0.00279
3792 -0.01830152123881336 -0.08313290785238182 0.00279
3793 -0.0281899250726786 -0.08666050950058872 0.00279
3794 -0.02630071579753627 -0.0763330997535112 0.00279
3795 -0.03618911768304508 -0.0798606999888485 0.00279
3796 -0.03429991003151615 -0.06953329141914222 0.00279
3797 -0.02441150646826513 -0.06600568996717805 0.00279
3798 -0.03241070101794382 -0.0592058818617379 0.00279
3799 -0.04418831104052061 -0.07306089097572992 0.00279
3800 -0.02252229723725822 -0.05567828025209917 0.00279
3801 -0.03052149179374165 -0.04887847215159295 0.00279
3802 -0.04040989562722858 -0.05240607379952127 0.00279
3803 -0.03852068636050134 -0.04207866405853865 0.00279
3804 -0.02863228252977819 -0.0385510624126145 0.00279
3805 -0.03663147708861394 -0.03175125431381404 0.00279
3806 -0.04840909019570098 -0.04560626570770896 0.00279
3807 -0.02674307325561034 -0.0282236526662362 0.00279
3808 -0.0347422680831805 -0.02142384488369745 0.00279
3809 -0.01452310267784983 -0.06247808835048431 0.00279
3810 -0.03807832578458834 -0.09018810553834801 0.00279
3811 -0.04463067169283382 -0.02495144626815539 0.00279
3812 -0.04274146269427719 -0.0146240368463974 0.00279
3813 -0.01874387020245463 -0.03502345410473973 0.00279
3814 0.01180604772434476 -0.1206595499908702 0.00279
3815 -0.02485386391830446 -0.01789624166585561 0.00279
3816 -0.01263389111004133 -0.05215067590308097 0.00279
3817 -0.008413117404972005 -0.07960530620420318 0.00279
3818 -0.0004139228462769856 -0.08640511430310682 0.00279
3819 -0.05029829947108338 -0.055933675454968 0.00279
3820 -0.0582974914087641 -0.04913386570385022 0.00279
3821 -0.06018669678560411 -0.05946126846646287 0.00279
3822 -0.05640828047603324 -0.03880645803789238 0.00279
3823 -0.05262986620686128 -0.01815163811663071 0.00279
3824 -0.05074065693170285 -0.007824228369534071 0.00279
3825 -0.04085225006868661 -0.004296621926336667 0.00279
3826 -0.00463469846900717 -0.05895048625740171 0.00279
3827 0.001475286428864448 -0.07607770455603041 0.00279
3828 0.01980524333481514 -0.1274593582844313 0.00279
3829 0.02591523004101288 -0.144586575696107 0.00279
3830 -0.01785916323536319 -0.1312423542980785 0.00279
3831 -0.02585835770141006 -0.1244425460901898 0.00279
3832 -0.06629667415042677 -0.04233404755294517 0.00279
3833 -0.002745480710814732 -0.04862307226998017 0.00279
3834 -0.04885143462919812 0.002503186074449804 0.00279
3835 0.009474482951252434 -0.082877512350467 0.00279
3836 0.007585272039686699 -0.09320492235128142 0.00279
3837 0.005253713475263076 -0.05542288292411045 0.00279
3838 -0.0008562584898270275 -0.03829565635118806 0.00279
3839 -0.008855456329365756 -0.03149584492024737 0.00279
3840 0.02169445302047587 -0.1171319483140492 0.00279
3841 0.01369525724084027 -0.1103321402418378 0.00279
3842 0.01747368308536224 -0.08967731965245686 0.00279
3843 0.01136369909594038 -0.07255010133379364 0.00279
3844 0.02969365245719666 -0.1239317565797626 0.00279
3845 0.02358366692352875 -0.1068045380322661 0.00279
3846 0.06024358700440167 -0.2095678513517547 0.00279
3847 0.07579956783232707 -0.1750579278988931 0.00279
3848 0.08379872271089946 -0.1818576791723936 0.00279
3849 0.08983502461263715 -0.1989782628378685 0.00279
3850 0.07768880869410992 -0.1647305939363256 0.00279
3851 -0.01074467413576246 -0.04182326234357832 0.00279
3852 -0.01685466389655632 -0.02469604291248653 0.00279
3853 -0.01496544997782954 -0.01436863307667748 0.00279
3854 -0.02296464788336771 -0.007568825328069901 0.00279
3855 0.06968962335241523 -0.1579308036190579 0.00279
3856 0.07157883505639981 -0.1476033942981602 0.00279
3857 0.06357964208767444 -0.140803584279219 0.00279
3858 0.1125793193575386 -0.07505614057589344 0.00279
3859 0.1045801264051723 -0.06825633058732895 0.00279
3860 0.1088008959278978 -0.09571095917750386 0.00279
3861 0.1205785123099063 -0.08185595056445702 0.00279
3862 0.1003593568824471 -0.04080170199715431 0.00279
3863 0.1559113614559317 -0.04029092472531701 0.00279
3864 0.1578005731707515 -0.0299635154245118 0.00279
3865 -0.01319603711158501 -0.2068064163609775 0.00279
3866 -0.005196843784556248 -0.2136062259087944 0.00279
3867 -0.007086055436933877 -0.2239336351361425 0.00279
3868 0.002802348726231881 -0.2204060364168249 0.00279
3869 0.001054666367340693 -0.2301501497468905 0.00279
3870 -0.008987806728173991 -0.2351643794318012 0.00279
3871 0.01084802636298865 -0.2269145179436368 0.00279
3872 0.02071383116126471 -0.2237002542640127 0.00279
3873 0.02868913906175672 -0.230478057359807 0.00279
3874 0.01826659264932933 -0.2340118165895577 0.00279
3875 0.03504897231707158 -0.2400859832766933 0.00279
3876 0.03915849607176226 -0.2294906786263266 0.00279
3877 -0.0211952297789218 -0.2000066060371074 0.00279
3878 0.1535798036480247 -0.002508886834337803 0.00279
3879 0.1516905919332045 -0.01283629613514293 0.00279
3880 0.1672466317448514 0.02167353107951392 0.00279
3881 0.1611366505073035 0.03880075036888331 0.00279
3882 0.1144685310723604 -0.06472873127508781 0.00279
3883 0.1064693381199938 -0.05792892128652318 0.00279
3884 0.09658093345280588 -0.06145652059876421 0.00279
3885 0.1569158809845772 0.06625537895905757 0.00279
3886 0.147912168503564 -0.03349111473675295 0.00279
3887 -0.04681790304178076 0.2155273195943899 0.00279
3888 -0.04473105939416223 0.2252864633928103 0.00279
3889 -0.05295139297435816 0.2322816887794988 0.00279
3890 0.1036954342190007 0.02796256379624079 0.00279
3891 0.2227830320604052 0.02218716286655704 0.00279
3892 0.2303912408941635 0.01545887631196116 0.00279
3893 0.06423463839363114 0.2166954261952047 0.00279
3894 0.06615085460754824 0.2269447739160266 0.00279
3895 0.08370897141260125 0.2241276701224461 0.00279
3896 0.2207048257831241 -0.0361342013348149 0.00279
3897 -0.03040163425641665 0.153886742902635 0.00279
3898 -0.0402900389236038 0.150359143590394 0.00279
3899 0.09802779907454004 -0.003019664106174923 0.00279
3900 0.09991701078936008 0.007307745194630251 0.00279
3901 -0.2103507056484307 0.08011222202433682 0.00279
3902 0.09236016393007941 -0.03400189200859049 0.00279
3903 0.1660276820770474 0.166024248342922 0.00279
3904 -0.031083634398604 -0.2035342052934647 0.00279
3905 0.09809432784855041 0.1996612166480551 0.00279
3906 0.09985817450363649 0.2098235950438157 0.00279
3907 0.06236811778321027 0.2063012941496377 0.00279
3908 -0.1454764836839271 0.1799357747646999 0.00279
3909 -0.1531926947414067 0.1885033291660684 0.00279
3910 -0.1251847387481725 -0.1116090768778641 0.00279
3911 0.03580363982794767 -0.1410589729648013 0.00279
3912 0.03391442662849019 -0.1513863832571281 0.00279
3913 0.06048250056397137 0.1959644358194813 0.00279
3914 0.1630258622221236 0.04912815966968866 0.00279
3915 -0.1081818333146795 -0.01866239317057987 0.00279
3916 -0.1062926215998635 -0.008334983869763292 0.00279
3917 -0.1142918145522069 -0.001535173881265598 0.00279
3918 -0.1044034098858849 0.001992425433414251 0.00279
3919 -0.1124026028375276 0.008792235419937384 0.00279
3920 0.2208390591644369 0.01186977112794279 0.00279
3921 0.2283665296661948 0.00515625418285932 0.00279
3922 0.1710250551744908 0.04232834968112455 0.00279
3923 -0.05508121389155537 -0.1831347760757773 0.00279
3924 -0.04519280922438183 -0.179607176763534 0.00279
3925 -0.03719361627200345 -0.1864069867521002 0.00279
3926 -0.1513803103977895 0.1493350759893224 0.00279
3927 0.1028107420328283 0.1241814581798108 0.00279
3928 0.1009215303180083 0.1138540488790055 0.00279
3929 0.1089207232703754 0.1070542388904414 0.00279
3930 0.09903231860318823 0.1035266395782003 0.00279
3931 0.1070315115555554 0.0967268295896362 0.00279
3932 0.09103312565082111 0.1103264495667643 0.00279
3933 0.09292233736564123 0.1206538588675696 0.00279
3934 0.0830339326984541 0.1171262595553283 0.00279
3935 0.1540221497411111 -0.05061833402612227 0.00279
3936 -0.2015079267684352 -0.1204270169593409 0.00279
3937 0.2110092923631477 0.008331445084537616 0.00279
3938 0.1469076489749171 -0.140037418421128 0.00279
3939 0.1487968606897373 -0.1297100091203227 0.00279
3940 0.1601560682894157 -0.1744953448516729 0.00279
3941 0.1568792556289553 -0.1846721988617709 0.00279
3942 -0.04551532797467511 0.07126746849655188 0.00279
3943 -0.04362611626010735 0.08159487779705887 0.00279
3944 -0.05918215606952717 0.04708505058502973 0.00279
3945 -0.06907056073861287 0.04355745127054917 0.00279
3946 -0.04929375140196033 0.05061264989771864 0.00279
3947 0.1643529005013846 -0.09520018190566595 0.00279
3948 0.1544644958341973 -0.09872778121790721 0.00279
3949 0.1525752841193777 -0.1090551905187126 0.00279
3950 -0.1312947199859501 -0.09448185758844196 0.00279
3951 0.1844551867101792 -0.1362330513748254 0.00279
3952 0.1825051031170493 -0.1461346413023249 0.00279
3953 0.1920256257067328 -0.142430220144361 0.00279
3954 -0.05319200217675112 -0.1728073667749691 0.00279
3955 -0.05130279046229937 -0.1624799574740963 0.00279
3956 0.2114112406508812 -0.03977061206344261 0.00279
3957 0.2132360660288991 -0.02943142445326467 0.00279
3958 -0.2023005677168705 0.07327214976870074 0.00279
3959 -0.1923974708091556 0.07679190426779627 0.00279
3960 -0.184395829150034 0.06999078681037461 0.00279
3961 0.04070641012871315 0.1889073473891286 0.00279
3962 -0.123737873126303 -0.05317222038530486 0.00279
3963 0.05570027650479923 0.06876142372762524 0.00279
3964 0.1348075138422966 0.09698221822555463 0.00279
3965 0.1249191091751095 0.09345461891331332 0.00279
3966 0.1329183021274765 0.08665480892474933 0.00279
3967 0.1230298974602894 0.08312720961250808 0.00279
3968 0.1310290904126562 0.07632739962394411 0.00279
3969 0.1211406857454689 0.07279980031170294 0.00279
3970 -0.2215799877184259 0.01809124623082898 0.00279
3971 -0.2315058049367127 0.014570490864418 0.00279
3972 -0.2332754664781072 0.00436938547945752 0.00279
3973 -0.03692041068228766 0.2190208994867808 0.00279
3974 -0.2253758986702611 -0.002535677772310915 0.00279
3975 -0.2352958093231685 -0.005730539737938069 0.00279
3976 -0.2371734400811724 -0.01641173703799844 0.00279
3977 -0.2286508523480896 -0.02330729258311047 0.00279
3978 0.1150307045079225 0.08992701960107218 0.00279
3979 0.04770108355243233 0.07556123371618938 0.00279
3980 -0.0931879669385698 -0.1388083168321516 0.00279
3981 -0.170091766766403 -0.1562606380599507 0.00279
3982 -0.1619836612631218 -0.1629918362549571 0.00279
3983 -0.1524478718840667 -0.1598889667451178 0.00279
3984 0.1389084560225502 -0.133237608432564 0.00279
3985 -0.09495735131114003 0.05362947193562845 0.00279
3986 -0.08506894664401023 0.05715707124803122 0.00279
3987 -0.1119602567638752 -0.03931721176153121 0.00279
3988 -0.09929794817612675 -0.1216810975427798 0.00279
3989 -0.1072971411285361 -0.1148812875542059 0.00279
3990 0.1409174950798433 0.07985499893618543 0.00279
3991 -0.165060876167395 0.1251551711328701 0.00279
3992 0.140137933146075 0.1760522567353499 0.00279
3993 0.1429012703633188 0.1863422702268169 0.00279
3994 -0.1542877793140374 0.03246387606154557 0.00279
3995 -0.08406442711507883 0.1637033749316038 0.00279
3996 0.05614262259781441 0.02065197653586186 0.00279
3997 0.0955764138903949 -0.168002824380946 0.00279
3998 -0.03418005768605673 0.1332319243010244 0.00279
3999 0.1130216654506286 -0.1231655877676777 0.00279
4000 0.1031332607834391 -0.1266931870799188 0.00279
4001 0.1050224724982599 -0.1163657777791139 0.00279
4002 -0.1302902004569358 0.0120644460958505 0.00279
4003 -0.01130682555147065 -0.1964790072421642 0.00279
4004 0.01293040784197211 0.1886519587532101 0.00279
4005 -0.1538454332209501 -0.01564557113024327 0.00279
4006 -0.1458462402685833 -0.02244538111880743 0.00279
4007 0.007705118790598585 0.1095602836590107 0.00279
4008 0.02930668443770641 0.2230801890237352 0.00279
4009 0.02087114414398117 0.2298746916439907 0.00279
4010 0.01462040832580284 0.2393570425047236 0.00279
4011 0.009831088202640741 0.2301737675702082 0.00279
4012 0.01447010799316348 0.2209949379293681 0.00279
4013 0.1450177819398877 -0.1503629907583664 0.00279
4014 -0.1515138754130441 -0.05342760902122299 0.00279
4015 0.1588050926993975 0.07658278825986276 0.00279
4016 -0.02051322958922958 0.1574143422148764 0.00279
4017 -0.1641761839812233 0.02893627674930137 0.00279
4018 -0.0353044045572062 -0.1760795774512906 0.00279
4019 0.1794665942199459 -0.01258090749922442 0.00279
4020 0.02225663907356605 0.03752380718930112 0.00279
4021 -0.2246159335914142 -0.05068551713099493 0.00279
4022 0.1742413051685718 -0.09167258259342471 0.00279
4023 0.1586852653569243 -0.1261824098080816 0.00279
4024 0.0876970483142667 0.0415621837733688 0.00279
4025 0.09758545298145391 0.04508978308561001 0.00279
4026 0.1149108771654485 -0.1128381784668725 0.00279
4027 -0.1198396223541864 0.170247796284249 0.00279
4028 -0.1217288340690067 0.1599203869834438 0.00279
4029 -0.1946921010183269 0.1145259231261821 0.00279
4030 -0.2021521446239766 0.1218828425886999 0.00279
4031 -0.206359156246137 0.1113802650516608 0.00279
4032 -0.1576238566505908 -0.03630038973185361 0.00279
4033 0.09624953160745171 0.189404071775346 0.00279
4034 0.0872547022211809 0.0896716309651541 0.00279
4035 -0.08896719741601283 -0.1662629454222949 0.00279
4036 0.1079162037417275 0.0005079352060664488 0.00279
4037 -0.05206765530561102 0.1365041349773479 0.00279
4038 -0.0814103505569627 -0.1249533082190308 0.00279
4039 0.06281477727099402 0.1581805081226314 0.00279
4040 0.0647039889858142 0.1685079174234366 0.00279
4041 0.08259158660536828 0.1652357067471136 0.00279
4042 -0.07839442199880842 0.1946794754438576 0.00279
4043 -0.1917218918273467 0.1358714705203893 0.00279
4044 0.00336450095737207 -0.06575029369012483 0.00279
4045 0.03913971716450242 -0.07229470717140614 0.00279
4046 -0.01540776775870026 0.03374081938694759 0.00279
4047 -0.1816214355076911 -0.01590095976616126 0.00279
4048 0.03737033279215906 0.1201430815957334 0.00279
4049 -0.03763596365945832 -0.1382975427729564 0.00279
4050 -0.1486201441695753 0.06344610396395749 0.00279
4051 0.04159110231488563 0.09268845300555886 0.00279
4052 0.03970189060006535 0.0823610437047536 0.00279
4053 0.02981348593287828 0.07883344439251246 0.00279
4054 -0.095842043497086 0.1498483663185573 0.00279
4055 0.1644727278438577 0.1075650161622785 0.00279
4056 0.1663619395586771 0.1178924254630829 0.00279
4057 0.1351292680526658 -0.1538902839100132 0.00279
4058 0.05047498745341771 -0.01033025136657327 0.00279
4059 0.04058658278622507 -0.01385785067881264 0.00279
4060 0.04858577573860271 -0.02065766066738006 0.00279
4061 0.03869737107141463 -0.02418525997962082 0.00279
4062 0.03069817811904764 -0.01738544999105665 0.00279
4063 0.04713891011686922 -0.07909451715997025 0.00279
4064 0.05513810306923612 -0.0858943271485345 0.00279
4065 -0.1632914917950516 -0.06728261763426918 0.00279
4066 -0.117185545795753 -0.1184088868664404 0.00279
4067 -0.07095977248495584 0.03323004205820551 0.00279
4068 -0.01207169054375774 0.1025050850345497 0.00279
4069 0.05481558431862699 0.1649803181111954 0.00279
4070 0.05670479603344709 0.1753077274120007 0.00279
4071 0.2015662737991381 -0.04330615753404864 0.00279
4072 -0.009189495949991751 0.2193109254561505 0.00279
4073 -0.007859782744737972 0.2296839505207974 0.00279
4074 0.03491894764177628 -0.04484007858123181 0.00279
4075 0.01715117736469882 0.1611973301630358 0.00279
4076 -0.01363838394223556 -0.1586969718544165 0.00279
4077 0.0951340678310711 -0.1198933770913551 0.00279
4078 0.09324485611625172 -0.1302207863921609 0.00279
4079 -0.02473399911195607 0.1848689708050504 0.00279
4080 -0.02284478739713594 0.1951963801058556 0.00279
4081 -0.07751209978444584 0.09846670845045051 0.00279
4082 -0.0855112927368126 0.1052665184390144 0.00279
4083 -0.1100710450523222 -0.02898980245892678 0.00279
4084 0.1464653028818298 -0.09192797122934318 0.00279
4085 -0.06673900692832183 0.005775409116520891 0.00279
4086 -0.09306813959612009 0.06395688123586946 0.00279
4087 0.1188091279375625 0.1105818382026827 0.00279
4088 0.1332392735942625 -0.1642154990598914 0.00279
4089 -0.03908282788084694 -0.1967343959282382 0.00279
4090 0.1522513292160662 0.1418197174590335 0.00279
4091 -0.02396914895709089 -0.1141151369675595 0.00279
4092 -0.03196834360509754 -0.1073153289737258 0.00279
4093 -0.0338575521811223 -0.1176427378983729 0.00279
4094 -0.0418567448658612 -0.1108429208389109 0.00279
4095 -0.03996753573209081 -0.1005155103618715 0.00279
4096 0.05135967963952642 -0.1065491457500177 0.00279
4097 -0.007850921020804515 0.07505045644464299 0.00279
4098 -0.009740132735271833 0.06472304714425464 0.00279
4099 0.0001482719314576099 0.06825064645595522 0.00279
4100 0.1159153966940946 -0.006291874782497463 0.00279
4101 -0.01641231195287856 -0.0728054980974817 0.00279
4102 -0.006523907186411841 -0.06927789619262102 0.00279
4103 -0.07996349001598387 -0.06651645129737607 0.00279
4104 0.004691560357049361 -0.2100786272148388 0.00279
4105 0.2057957308849535 -0.07076237535589613 0.00279
4106 -0.04129455841013339 0.04381283995572386 0.00279
4107 0.08158706707672031 0.05868940306273848 0.00279
4108 0.07358787412435333 0.06548921305130247 0.00279
4109 -0.07051743217197176 -0.01487941791846446 0.00279
4110 -0.08185269753796695 -0.07684386094647579 0.00279
4111 -0.07385350384691017 -0.08364367100205404 0.00279
4112 -0.1835106472225115 -0.02622836906696648 0.00279
4113 -0.1933990518896984 -0.02975596837920754 0.00279
4114 0.1324759560343897 0.1347642561165343 0.00279
4115 -0.1190747575105048 -0.1287362961672613 0.00279
4116 0.1695781895527589 -0.01610850681146565 0.00279
4117 -0.06151371387971188 0.08486708847332232 0.00279
4118 0.04102892887932277 -0.06196729787060106 0.00279
4119 -0.02063308450150608 -0.04535086786128428 0.00279
4120 0.07125631631644698 0.1032712509422822 0.00279
4121 0.05758948821961944 0.07908883302843062 0.00279
4122 0.001910595990024199 0.2234620465481797 0.00279
4123 0.09891249126071161 -0.0992385584897449 0.00279
4124 0.1445760911670099 -0.1022553805301484 0.00279
4125 0.06269494992851729 -0.04458468994531382 0.00279
4126 -0.02007088349613226 0.1093048950231048 0.00279
4127 -0.01818167178132086 0.1196323043238993 0.00279
4128 -0.1825066990587723 0.08031823969347504 0.00279
4129 0.1620213426934779 -0.05741814401468658 0.00279
4130 0.1700205356458452 -0.06421795400325063 0.00279
4131 -0.1001826403926492 -0.02546220312684824 0.00279
4132 -0.05817763654315795 0.1536313542667171 0.00279
4133 0.08681235612809472 0.1377810781569392 0.00279
4134 -0.008735613207222321 0.1712693508279226 0.00279
4135 0.06691571945124353 -0.07203931853548831 0.00279
4136 0.2137949238373204 -0.07756218534446037 0.00279
4137 0.06369946945716613 0.06196161373906114 0.00279
4138 0.04203344840797158 0.04457900581377373 0.00279
4139 0.01469979205674396 -0.003785829965860282 0.00279
4140 -0.04217925063842385 0.1400317342895889 0.00279
4141 -0.06006684825797803 0.1433039449659118 0.00279
4142 -0.04873157796905669 0.2052684007707427 0.00279
4143 -0.06107136780531643 0.03675764134642915 0.00279
4144 -0.07574271543862396 -0.09397108031402633 0.00279
4145 -0.0658543107742731 -0.09044348100169934 0.00279
4146 -0.06396509903009447 -0.08011607170364299 0.00279
4147 -0.05596590764319747 -0.0869158826757875 0.00279
4148 -0.05785511965157705 -0.09724329073023112 0.00279
4149 -0.1156188528314601 0.1427931676940749 0.00279
4150 0.07825098974016365 -0.01007486273065676 0.00279
4151 0.08625018269253217 -0.01687467271922146 0.00279
4152 -0.09640421693381865 -0.004807384554301442 0.00279
4153 -0.118632411417405 -0.1768457433590496 0.00279
4154 0.0546957569761505 -0.03778487995674968 0.00279
4155 0.09191781783699271 0.01410755518319431 0.00279
4156 0.004931214889605129 0.1954517687417741 0.00279
4157 -0.09262579351925943 0.01584743408985574 0.00279
4158 -0.1077394873175211 -0.0667718403399606 0.00279
4159 -0.08317973492895864 0.06748448054818296 0.00279
4160 -0.09539969740399967 0.1017389191267732 0.00279
4161 0.03781267888524519 0.07203363440394832 0.00279
4162 0.01992508126569154 0.07530584508027176 0.00279
4163 -0.01307621601845366 -0.004041219316489051 0.00279
4164 -0.03096382367756782 -0.000768979445750731 0.00279
4165 -0.03707379508250836 0.01635820802285072 0.00279
4166 -0.1035187177057633 -0.09422646895103261 0.00279
4167 0.07459239365300135 0.1720355167356777 0.00279
4168 -0.03007913341619869 -0.09698791655335916 0.00279
4169 -0.03940534672265388 0.05414024922426953 0.00279
4170 -0.07373367635480527 0.1191215270520603 0.00279
4171 -0.08173286930717219 0.1259213370406242 0.00279
4172 0.1422445333591028 -0.06447334263916885 0.00279
4173 -0.1487399715120526 -0.1393190941039878 0.00279
4174 0.0368081593565962 -0.03451266928042653 0.00279
4175 0.02691975468940939 -0.03804026859266767 0.00279
4176 0.04524969840204703 -0.08942192646077195 0.00279
4177 0.01526196564987863 0.1508699208622305 0.00279
4178 0.005373560982691556 0.1473423215499893 0.00279
4179 -0.1204068073454929 -0.1871332398351585 0.00279
4180 -0.1218568718066958 -0.1975308304254397 0.00279
4181 0.03302973592695596 -0.05516748788203698 0.00279
4182 -0.07341115767175677 -0.1317531181953097 0.00279
4183 -0.1745071115925393 0.07351821905715065 0.00279
4184 0.01236823440482595 0.03399620787753378 0.00279
4185 -0.04229910432284834 -0.06273348311916953 0.00279
4186 0.000590618019320743 0.02014119926835692 0.00279
4187 -0.2079505721726976 0.04228050809051039 0.00279
4188 0.02326115860224559 0.1440701108736665 0.00279
4189 0.06502650773642323 -0.08236672783629347 0.00279
4190 0.02880896640422891 -0.02771285929186228 0.00279
4191 -0.1189549301680196 0.07402890190069583 0.00279
4192 -0.1025141981743801 0.01231983474357385 0.00279
4193 -0.08595363882989894 0.1533759656307985 0.00279
4194 -0.1628491457019661 -0.1153920648260542 0.00279
4195 0.02036742735597738 0.02719639788934047 0.00279
4196 0.2109949216104495 0.1044873330395846 0.00279
4197 0.1018062225041804 0.01763515449543558 0.00279
4198 0.1116946271713678 0.02116275380767694 0.00279
4199 0.226777806265089 -0.005022127711345845 0.00279
4200 0.1418021872660159 -0.01636389544738404 0.00279
4201 -0.05773529045007119 0.1055219070749326 0.00279
4202 -0.1054079294154065 -0.104553878253016 0.00279
4203 -0.1872890706521516 -0.04688318766857648 0.00279
4204 0.1799089403130325 -0.06069035469100923 0.00279
4205 -0.080968004463674 -0.1730627554108538 0.00279
4206 -0.1387317395023882 0.0669737032761986 0.00279
4207 -0.1326217582648558 0.04984648398686953 0.00279
4208 0.07969785536189999 0.04836199376193313 0.00279
4209 -0.1496246636982239 -0.04310019972041778 0.00279
4210 -0.1614022800802313 -0.05695520833346396 0.00279
4211 -0.003630151497674649 0.04759582785494512 0.00279
4212 0.01835838837897451 -0.1858962104747633 0.00279
4213 0.05324889135440233 -0.09622173644931491 0.00279
4214 0.06124808430676878 -0.1030215464378784 0.00279
4215 0.1182469545020016 -0.04407391267347709 0.00279
4216 -0.1622869722664033 0.03926368605010739 0.00279
4217 -0.1740645886484103 0.02540867743705954 0.00279
4218 0.0641418155502175 0.01385216654728666 0.00279
4219 0.03214504374074794 0.0410514065015438 0.00279
4220 0.1455806106956573 0.004290923154226154 0.00279
4221 0.08436097097771203 -0.02720208202002652 0.00279
4222 -0.1938413979827838 0.01835347881257689 0.00279
4223 -0.1858422050304169 0.01155366882401277 0.00279
4224 -0.09740873646147086 -0.1113536882419372 0.00279
4225 0.1441337450739229 -0.05414593333836362 0.00279
4226 -0.04651988021595051 -0.03527885604163945 0.00279
4227 0.2011306606736102 0.004802057983768927 0.00279
4228 0.02080977327528398 -0.02091304924943145 0.00279
4229 -0.09162127397435924 0.1223937377283831 0.00279
4230 -0.002303132066633363 -0.09673252404144371 0.00279
4231 0.1032530881259148 0.07607201098802607 0.00279
4232 0.1375814177432893 0.01109073314279028 0.00279
4233 -0.1372848738806541 0.1254105597687871 0.00279
4234 0.03447660154526869 0.003269368611596869 0.00279
4235 -0.05218750273949224 -0.06626108000510041 0.00279
4236 0.02269898493281068 -0.01058563993114837 0.00279
4237 -0.0474045396865389 0.06094005919923625 0.00279
4238 -0.1327415856073187 -0.1529187140811162 0.00279
4239 0.05003264136033073 0.03777919582521199 0.00279
4240 0.1055846459338209 0.03828997309704611 0.00279
4241 -0.1227333535977238 0.05337408329926593 0.00279
4242 0.02181429298051225 0.08563325438107759 0.00279
4243 -0.1491823176051382 -0.09120964691220268 0.00279
4244 0.05658496869097013 -0.02745747065594435 0.00279
4245 0.1882811881589656 -0.1155869363065524 0.00279
4246 0.1955359714259127 -0.1222895702152062 0.00279
4247 -0.0545190732136628 -0.02847904826368412 0.00279
4248 0.06325712336408001 0.1100710609308464 0.00279
4249 0.06703554679372045 0.1307258795324568 0.00279
4250 0.07503473974608726 0.1239260695438928 0.00279
4251 -0.1580662027436763 0.01180905745993139 0.00279
4252 0.03258738979270605 -0.007058040677694675 0.00279
4253 -0.06774352282921317 -0.1007708902474381 0.00279
4254 0.1012440490686205 -0.1370205963807246 0.00279
4255 -0.03562692330696762 0.07479506780940758 0.00279
4256 -0.1039610640975936 -0.04611702166165036 0.00279
4257 -0.1138494685028126 -0.04964462105986841 0.00279
4258 -0.1157386802292237 -0.05997203036024659 0.00279
4259 -0.1113980833087333 0.1153385391039007 0.00279
4260 -0.001740939782623153 0.05792323715602352 0.00279
4261 -0.09728890911882071 0.09141150982597047 0.00279
4262 0.07302570068878997 -0.08916653782485756 0.00279
4263 0.1761305168833921 -0.0813451732926196 0.00279
4264 -0.1086241794089089 0.02944705402443418 0.00279
4265 -0.0950771786538015 -0.1491357261328814 0.00279
4266 0.1084783771772891 0.1551636860822264 0.00279
4267 -0.1331839317005719 -0.1048092668892926 0.00279
4268 0.1103675888921094 0.1654910953830316 0.00279
4269 -0.1867212323581511 0.1077648215292554 0.00279
4270 -0.09129875522420611 -0.128480907531262 0.00279
4271 -0.01351855614644268 0.04406822856464565 0.00279
4272 -0.1769583198918792 -0.09146503554812074 0.00279
4273 0.1352498599353824 0.04887277103376999 0.00279
4274 -0.07895896540919238 0.04002985196647639 0.00279
4275 -0.0456351575502092 -0.1314977336225348 0.00279
4276 0.1592474387924837 0.02847334106807799 0.00279
4277 -0.07518054197659538 0.0606846705596291 0.00279
4278 0.002037483646213438 0.0785780557566844 0.00279
4279 0.027481928124972 0.1166154822834922 0.00279
4280 -0.1763961464563163 0.06319071532803912 0.00279
4281 -0.1862846327470618 0.05966315959809319 0.00279
4282 0.06924727725914698 -0.1098213564264636 0.00279
4283 0.04114875622179944 0.1407979001973438 0.00279
4284 -0.0216375772913407 -0.1518971625083223 0.00279
4285 -0.1284009887421204 0.02239185539666965 0.00279
4286 0.2147812383983828 0.02898744860765503 0.00279
4287 0.206797216252336 0.03578448337310245 0.00279
4288 -0.07196429823097367 -0.07331626338333778 0.00279
4289 0.06603102726505441 0.02417957584808678 0.00279
4290 0.1201361662168216 -0.0337465033726719 0.00279
4291 0.04014423669310495 0.0342515965129827 0.00279
4292 -0.1256270848509126 -0.06349962968370815 0.00279
4293 0.1169199162227424 0.1002544289018774 0.00279
4294 0.1728243195535225 -0.149617245857938 0.00279
4295 0.01803586955087102 0.06497843577946617 0.00279
4296 -0.1026072097138661 -0.1904138176386987 0.00279
4297 0.04669656402378292 -0.03098506996818537 0.00279
4298 0.1333606482205623 0.03854536173296476 0.00279
4299 -0.139293912938012 -0.08768204759994763 0.00279
4300 0.05803183431268158 0.03097938583665274 0.00279
4301 -0.1608401066446685 0.09770054254269568 0.00279
4302 0.1193908709880161 -0.1883949173262307 0.00279
4303 0.1275382785070429 -0.1970457078880983 0.00279
4304 0.1428067067946636 0.09018240823699065 0.00279
4305 -0.1976198214124242 -0.002301339789033218 0.00279
4306 0.06313729602159834 -0.09269413713709025 0.00279
4307 0.2053339661726446 -0.02264937588087598 0.00279
4308 -0.1534030871278644 -0.06375501832202818 0.00279
4309 0.1092432420209885 -0.1438204063692881 0.00279
4310 -0.123618045783827 0.1495929776826387 0.00279
4311 -0.04462267901050269 -0.2280072956114355 0.00279
4312 -0.05431617328884993 -0.2313427591343858 0.00279
4313 -0.06227628410699273 -0.2240985162053107 0.00279
4314 0.1554690153628443 0.007818522466467434 0.00279
4315 0.2019781848651622 -0.09141193788474243 0.00279
4316 -0.06068855292870937 -0.2140593544659117 0.00279
4317 -0.07027455898133414 -0.2172334303033412 0.00279
4318 -0.1294055082717596 -0.08415444828749273 0.00279
4319 -0.1123796819434055 -0.193934551941374 0.00279
4320 -0.1143942438849297 -0.2061401500176799 0.00279
4321 -0.1243000465618661 -0.2078279712614654 0.00279
4322 0.1239937217886371 0.1896256400827807 0.00279
4323 0.175688170790306 -0.03323572610083481 0.00279
4324 -0.01629246006650243 0.1299597136247021 0.00279
4325 0.05746966087465883 -0.123676365034943 0.00279
4326 0.06546885382251495 -0.1304761750152123 0.00279
4327 -0.005519363183024859 0.0372684185903523 0.00279
4328 0.1649150739369447 0.05945556897049365 0.00279
4329 -0.1350731434152752 -0.1151366761901246 0.00279
4330 -0.07107959979689556 -0.169535156098538 0.00279
4331 -0.1049655833206461 -0.1526633254451853 0.00279
4332 -0.1275162965589584 -0.07382703898619848 0.00279
4333 -0.07674723494075009 -0.2005173840010646 0.00279
4334 0.002479829748113719 0.03046860858102413 0.00279
4335 0.0946917217379848 -0.07178392989957008 0.00279
4336 -0.06239840606588455 0.1810859828568914 0.00279
4337 0.03126035155461243 0.1372703008851025 0.00279
4338 -0.04828923187597087 0.1571589535789583 0.00279
4339 0.1233521583302649 -0.1677467127680396 0.00279
4340 0.03435991344570247 -0.1995095509708413 0.00279
4341 -0.1060085571240048 0.1940330578916649 0.00279
4342 -0.1540401793428809 -0.1698667717809497 0.00279
4343 -0.1460634974871746 -0.1766949920870025 0.00279
4344 -0.1466946042295477 -0.1867737339392368 0.00279
4345 0.002360002543513154 -0.1722965913810713 0.00279
4346 0.1484743419391238 0.1211646361394064 0.00279
4347 -0.1426182364315682 -0.1564321557332772 0.00279
4348 0.1371390716502025 0.05920018033457514 0.00279
4349 -0.0593019834172368 -0.1556801474850619 0.00279
4350 0.058593887931748 0.1856354516804509 0.00279
4351 0.1407976677373699 -0.1229101991317588 0.00279
4352 0.1752458246972189 0.01487372109094994 0.00279
4353 -0.2065037065509631 0.1007173645831008 0.00279
4354 0.196911340052869 0.03225642152367504 0.00279
4355 -0.09206362006744567 0.1705031849201678 0.00279
4356 -0.1307325465500385 0.06017389328768302 0.00279
4357 -0.02919442309793968 -0.1932067964798653 0.00279
4358 0.1605744770717445 -0.1158550005072764 0.00279
4359 0.144253333057614 0.1486193085159163 0.00279
4360 -0.1378470473162165 -0.02924519110737154 0.00279
4361 0.2278405061351315 -0.05281780772641 0.00279
4362 -0.05017844359079097 0.146831544278153 0.00279
4363 -0.2160257700315315 0.04906240351154115 0.00279
4364 -0.05062037414811736 0.1949398411932751 0.00279
4365 -0.1477354519834037 -0.03277279041961261 0.00279
4366 0.02515037031706578 0.1543975201744718 0.00279
4367 -0.06850395204226709 0.1982013429089864 0.00279
4368 -0.1746253927050271 -0.1292473239420749 0.00279
4369 -0.1844081854409808 -0.1327681280335502 0.00279
4370 -0.1727373221393288 -0.118919705888791 0.00279
4371 0.1083585498348146 -0.04760151198571818 0.00279
4372 0.1653574200300316 0.0113461217787087 0.00279
4373 0.2203953721335529 0.0599058552813198 0.00279
4374 -0.1288433348352036 0.07050130258844654 0.00279
4375 -0.1278362955946475 0.1770405431319153 0.00279
4376 -0.1297276070693893 0.1667190197818582 0.00279
4377 0.01003667659854066 0.07177824576807343 0.00279
4378 -0.1820637816007767 0.03220848742562375 0.00279
4379 0.1926910762236859 0.05971095760641234 0.00279
4380 -0.08707798570231193 -0.1559355361212849 0.00279
4381 -0.13571261063777 0.183458545212077 0.00279
4382 0.116477570129656 0.1483638760936622 0.00279
4383 -0.1359578356013962 -0.01891778180656635 0.00279
4384 0.150686072404557 -0.1193825998195176 0.00279
4385 0.01948273517260518 0.1234152922720562 0.00279
4386 0.07036683191088144 0.1995015639530709 0.00279
4387 0.05935887259147646 -0.1133489557378147 0.00279
4388 -0.0327331920643231 0.1916687807936148 0.00279
4389 -0.04262152747555027 0.1881409897685966 0.00279
4390 0.1131414927931023 0.07959961030026706 0.00279
4391 0.03667151050001481 0.2163590426012242 0.00279
4392 0.1192514740306485 0.06247239101089783 0.00279
4393 -0.09395283178226585 0.1601757756193624 0.00279
4394 -0.03373771159270406 0.08512247710955526 0.00279
4395 0.08492314441327438 0.1274536688561338 0.00279
4396 0.2162463089876991 0.08742097483250585 0.00279
4397 0.009594330505418225 0.1198876929598151 0.00279
4398 -0.0002940741617686834 0.1163600936475743 0.00279
4399 -0.01018247882895056 0.1128324943353394 0.00279
4400 -0.1340686238865759 -0.008590372505761048 0.00279
4401 0.02937113983979223 0.1269428915842974 0.00279
4402 0.1293623628638901 -0.1851311037416971 0.00279
4403 0.1313123573414432 -0.1745451148112774 0.00279
4404 0.1051422998407354 0.08639942028883106 0.00279
4405 -0.07706975369210106 0.05035726126103116 0.00279
4406 -0.06050832006398313 0.1914110217798498 0.00279
4407 -0.06119119512964522 -0.1660075567863085 0.00279
4408 0.04870558311166021 0.1821075898951721 0.00279
4409 -0.1368425277875684 0.07730111257700464 0.00279
4410 0.08858174050043778 -0.05465671061020105 0.00279
4411 0.006644154677067629 0.2055718144307445 0.00279
4412 0.01684026918041984 0.2106836961548378 0.00279
4413 0.1676889778379387 -0.02643591611227076 0.00279
4414 -0.04173690454527861 0.09192228709787405 0.00279
4415 0.2113041384362989 -0.08778176515561903 0.00279
4416 -0.07857599753525882 -0.2107762644706876 0.00279
4417 -0.1509517019774816 0.1012281418549368 0.00279
4418 -0.166065395696043 0.0186088674484954 0.00279
4419 0.09714310688836809 0.09319923027739516 0.00279
4420 -0.05162530921252003 0.08839468778556894 0.00279
4421 -0.1506154704101122 -0.1496299861346996 0.00279
4422 0.03881719508565636 0.1785799468374246 0.00279
4423 -0.1759538003632299 0.01508126813625423 0.00279
4424 0.07314552803126707 0.1135986602430874 0.00279
4425 -0.1038412364494529 0.1566481763071211 0.00279
4426 -0.06762369511725866 0.1019943077626914 0.00279
4427 0.07346804677443321 -0.1372759850030411 0.00279
4428 -0.05962450216489061 0.0951944977741286 0.00279
4429 0.1596897848855713 -0.01963610612370674 0.00279
4430 -0.07562288806962547 0.1087941177512553 0.00279
4431 0.08914391393600109 0.09999904026595917 0.00279
4432 -0.09351048568917941 0.1120663284275781 0.00279
4433 0.09613858735971988 -0.01334707340698013 0.00279
4434 -0.1448417207399349 0.08410092256556752 0.00279
4435 -0.03606926940087615 0.1229045150002207 0.00279
4436 0.1945802879385056 0.07003836690721771 0.00279
4437 -0.1868467245590659 -0.09499263486036186 0.00279
4438 -0.1241802192193898 -0.005062773193517774 0.00279
4439 -0.1033988903563664 0.108538729115337 0.00279
4440 -0.1490624902626614 0.1115555511557417 0.00279
4441 -0.01862401787440942 0.1677417515156814 0.00279
4442 -0.1877314167452374 0.001226259523208066 0.00279
4443 -0.1204017957897796 0.01559204540817859 0.00279
4444 -0.1778430120780502 0.004753858835449097 0.00279
4445 -0.02618086473368896 0.1264321143124617 0.00279
4446 -0.0266232108267764 0.1745415615042455 0.00279
4447 0.1498013802183835 -0.02316370543594781 0.00279
4448 0.1865810949861386 0.07683817689578147 0.00279
4449 0.1263659747968432 0.1518914754059033 0.00279
4450 -0.1132872950235535 0.1050111298030958 0.00279
4451 0.003806853207010282 -0.113859741890318 0.00279
4452 -0.2219641212659307 -0.07747232050478374 0.00279
4453 -0.08362208102199226 0.1155939277398192 0.00279
4454 -0.1896206284600577 -0.009101149777597278 0.00279
4455 -0.01708140482528163 -0.2273177607383381 0.00279
4456 0.08114472098363412 0.1067988502545232 0.00279
4457 -0.1222910075045992 0.005264636107371235 0.00279
4458 -0.1137296411166398 0.1531205769948799 0.00279
4459 -0.1105133911239323 0.01911964472420046 0.00279
4460 -0.1839529933155969 0.02188107812481823 0.00279
4461 -0.1231756996907406 0.1014835304908545 0.00279
4462 0.1291398786978358 0.06599999032313907 0.00279
4463 0.1390282833650229 0.06952758963538033 0.00279
4464 0.1343651278560794 0.1450916727150619 0.00279
4465 0.1884693449160911 0.08716445476751057 0.00279
4466 0.1069116842130807 -0.106038368478309 0.00279
4467 -0.191509840174878 -0.01942855907840242 0.00279
4468 -0.02730521156787441 -0.1828793873963908 0.00279
4469 -0.08014911082478904 -0.2223123793445904 0.00279
4470 0.1489166880322101 0.07305518894762154 0.00279
4471 -0.163171664452575 0.1354825804336749 0.00279
4472 -0.1429525090251147 0.09442833186637209 0.00279
4473 -0.1330641043579277 0.09795593117861315 0.00279
4474 -0.147173278547841 0.1218829604565463 0.00279
4475 -0.1690428453736774 0.1531042733326353 0.00279
4476 0.1423640748008083 0.1382919077291212 0.00279
4477 0.1804699916662464 0.09396407618456168 0.00279
4478 0.005696062549415613 -0.1035323321369709 0.00279
4479 0.1186893005950856 -0.0921833598652621 0.00279
4480 -0.2013982448420646 -0.02295615839064374 0.00279
4481 0.1681313239310252 -0.07454536330405588 0.00279
4482 -0.1612266254001058 0.1458894701024472 0.00279
4483 -0.155172471500208 0.1286827704451105 0.00279
4484 0.09847014516762639 -0.05112911129795943 0.00279
4485 0.1823603254634115 0.1042928054859547 0.00279
4486 -0.2032863154163068 -0.03328377644236431 0.00279
4487 0.150363032852733 0.1314921407113211 0.00279
4488 0.1743591842130224 0.1110914942576804 0.00279
4489 -0.195286932273844 -0.04008362122274744 0.00279
4490 0.1583624260138089 0.1246922940982148 0.00279
4491 0.01558446913732878 -0.1000047301624631 0.00279
4492 -0.1971767739554016 -0.05041091528259441 0.00279
4493 0.1860340556575772 0.1249544507376225 0.00279
4494 0.1682512424266641 0.1282181994825324 0.00279
4495 -0.1948442730854522 -0.08819072038874531 0.00279
4496 0.1966770113469113 0.1296525713610299 0.00279
4497 -0.1990636673687629 -0.06073644434583714 0.00279
4498 -0.2047343221786171 -0.09172042418403749 0.00279
4499 -0.1910654100713799 -0.06753579621404225 0.00279
4500 0.1762312163020705 0.1214178574349691 0.00279
4501 -0.1929528592317213 -0.07786067393122714 0.00279
4502 0.09135564440143359 -0.1405481956930005 0.00279
4503 0.08335645144782429 -0.133748385702175 0.00279
4504 -0.2153914349137257 -0.09533460988468001 0.00279
4505 -0.009859968200549542 -0.1380421618368043 0.00279
4506 0.01791603467135958 -0.1377867679938077 0.00279
4507 0.08568798935176837 -0.171530378974377 0.00279
4508 0.02780444232890189 -0.1342591666918765 0.00279
4509 0.04191361954779837 -0.1581861915425952 0.00279
4510 0.09178564390292983 -0.1886564221315504 0.00279
4511 0.05224437866642211 -0.2027680427571393 0.00279
4512 0.04424880487430199 -0.1959841355859002 0.00279
4513 0.02824679213050245 -0.1823686084745254 0.00279
4514 -0.03285305272089737 -0.01109642501601796 0.00279
4515 0.02024759926247442 -0.1755688011339926 0.00279
4516 0.03624710644374744 -0.1891733393201718 0.00279
4517 0.0122484068958213 -0.1687689935047599 0.00279
4518 -0.07429585957001725 -0.0355342314323643 0.00279
4519 -0.006966247955919457 -0.02116843575647981 0.00279
4520 0.004249212855477374 -0.1619691846873021 0.00279
4521 -0.003749981001054564 -0.1551693757295152 0.00279
4522 -0.01174917477129086 -0.1483695667514261 0.00279
4523 -0.01974836851983403 -0.1415697575835125 0.00279
4524 -0.02774756196440742 -0.1347699486432045 0.00279
4525 -0.05685060421780411 0.009303013715233253 0.00279
4526 -0.03574675628177696 -0.1279701398720593 0.00279
4527 -0.05174514651412946 -0.1143705100020905 0.00279
4528 -0.04374595147928748 -0.1211703271843627 0.00279
4529 -0.04985593711186426 -0.1040430998386884 0.00279
4530 -0.0290746085939344 0.009558401376666538 0.00279
4531 -0.04796672429183845 -0.09371569492570846 0.00279
4532 -0.04607751358832807 -0.08338829390921519 0.00279
4533 -0.05407670554779583 -0.07658848345527991 0.00279
4534 -0.03896303313007111 0.006030785063726411 0.00279
4535 -0.06207590033377204 -0.069788669313172 0.00279
4536 -0.07007509404025408 -0.06298885624525975 0.00279
4537 -0.06818588716130389 -0.05266145178930594 0.00279
4538 -0.07618507218225637 -0.04586163792067683 0.00279
4539 -0.06440745947976423 -0.03200664782229948 0.00279
4540 -0.0625182472378763 -0.02167924181920291 0.00279
4541 -0.06062903825051493 -0.01135183032425695 0.00279
4542 -0.05873982616490248 -0.001024413765202503 0.00279
4543 -0.03675057319873281 -0.2345156140270077 0.00279
4544 -0.02904273510317493 -0.2404415305906935 0.00279
4545 -0.2182546231354365 0.08705957663784233 0.00279
4546 -0.2159831296092274 0.09680951192755589 0.00279
4547 -0.1864136861437639 -0.1429463226946475 0.00279
4548 -0.1889102891116592 -0.1547643614399703 0.00279
4549 0.05670340685086509 -0.2297684005017271 0.00279
4550 -0.06480423463825892 -0.2348418269207563 0.00279
4551 -0.1937118043514884 -0.1360839425628554 0.00279
4552 0.2322571337916847 -0.07033642992060443 0.00279
4553 -0.2263908308610831 -0.06054686488604565 0.00279
4554 -0.2337644278549462 -0.05382275268268825 0.00279
4555 0.1380078543097736 -0.1915769902935707 0.00279
4556 -0.2288814547221329 0.08453591038040988 0.00279
4557 -0.1030823107229742 0.2138018536415051 0.00279
4558 0.174165185742923 0.1590817654589833 0.00279
4559 0.190234398847343 -0.1533182039599449 0.00279
4560 -0.1784883079253887 -0.1600443153106645 0.00279
4561 0.1348124363435654 0.1930227136039891 0.00279
4562 0.1612096743329871 0.1826776847645408 0.00279
4563 -0.1646904176557614 -0.1726910964907004 0.00279
4564 0.181953642320434 0.1520397777010802 0.00279
4565 0.01489710918082777 -0.2440480226447721 0.00279
4566 -0.2410379739809637 -0.03570714520339616 0.00279
4567 0.1029157594960612 0.2205421357741551 0.00279
4568 0.1212293575980819 -0.2133498034324396 0.00279
4569 0.07437307850326175 -0.2332337873757712 0.00279
4570 -0.005069024158200612 -0.2452201926132027 0.00279
4571 -0.2263172342355421 -0.09404895011345545 0.00279
4572 0.2225299077405823 0.1031459065214931 0.00279
4573 -0.2332802590019025 -0.07503556311756134 0.00279
4574 0.2385369227804088 0.05537206693938134 0.00279
4575 0.1455184498099449 0.1965511356826131 0.00279
4576 0.2451059681953843 0.004559737575818611 0.00279
4577 0.208510103116262 -0.1290994967889723 0.00279
4578 -0.1771592704855481 0.1688054380819174 0.00279
4579 0.138066427989911 -0.2020995788432246 0.00279
4580 -0.004740353034174028 0.2453091878875528 0.00279
4581 0.2267460601497982 -0.09335731488493931 0.00279
4582 0.1768346051506079 -0.1698430985254372 0.00279
4583 0.1766488935323811 0.1692226294710175 0.00279
4584 0.2427176393922673 0.02630925766224346 0.00279
4585 -0.2448998098365217 0.0153951108077383 0.00279
4586 0.2445696590586589 -0.01538575022746706 0.00279
4587 0.2182685630873489 -0.1118473150799129 0.00279
4588 -0.242683231104249 0.03634834529584538 0.00279
4589 -0.1035086615796538 -0.2216672551951094 0.00279
4590 -0.2126547486512927 0.1210441567593188 0.00279
4591 -0.2081087325194058 0.1299079013924989 0.00279
4592 -0.2451427728307195 -0.006202835217952831 0.00279
4593 -0.212985213132355 -0.1208236829497683 0.00279
4594 -0.08461559389214067 -0.2310675179346392 0.00279
4595 -0.2404044122917719 0.05488554352792905 0.00279
4596 0.0919519066019477 0.2170972432713245 0.00279
4597 0.06633773087843997 -0.2263683824345491 0.00279
4598 0.1938594189000352 -0.1326168815131339 0.00279
4599 0.06521118057347722 0.236625742658207 0.00279
4600 -0.2183703079046212 -0.1124046556415371 0.00279
4601 -0.1392495499183248 0.2034760147230429 0.00279
4602 0.0003816599471507348 0.2358809426042576 0.00279
4603 0.1033295892826199 -0.222255161381116 0.00279
4604 -0.147319012994696 -0.196929134204536 0.00279
4605 -0.1628425885184393 0.1824297665171566 0.00279
4606 0.2135961091182098 0.1210910546193519 0.00279
4607 -0.1906300090007591 0.1542277307121078 0.00279
4608 -0.104932630491596 -0.2112405041589212 0.00279
4609 0.2079838144132867 0.1301341972839742 0.00279
4610 0.1286981599390389 0.2091645545693097 0.00279
4611 0.2362084133931975 -0.0004662367557290763 0.00279
4612 -0.023522157360072 0.243065788066832 0.00279
4613 0.05482576755531399 -0.2389929249782105 0.00279
4614 0.1911993895074043 0.1545562615927601 0.00279
4615 -0.2223241151097916 0.1036274822945343 0.00279
4616 0.1472854106671745 -0.1873353904404977 0.00279
4617 0.2206512953838194 -0.08503444575873249 0.00279
4618 -0.2028541813947051 -0.13802972030985 0.00279
4619 0.008281682517725143 -0.2365182101219498 0.00279
4620 -0.08327306290494702 0.2213442060870538 0.00279
4621 0.007707054253856843 0.2146227485711116 0.00279
4622 0.1047675655706654 -0.2122539927948591 0.00279
4623 -0.01593187482703664 0.2357765284468823 0.00279
4624 -0.07509270729345235 0.2353614159605933 0.00279
4625 -0.2317409492035645 -0.04398905825745508 0.00279
4626 0.2442940935415416 0.03603994794429107 0.00279
4627 -0.09363946272146222 0.227414217774962 0.00279
4628 -0.01961168763201388 -0.2366489127319709 0.00279
4629 -0.1132999490267253 0.2003044143987746 0.00279
4630 -0.05557945793086462 -0.2402376165791794 0.00279
4631 -0.2467502202853581 -0.01570929717448792 0.00279
4632 0.2371204704064066 0.009592316312109772 0.00279
4633 0.2429329154600214 -0.04567975992829333 0.00279
4634 -0.06192139329803052 0.2270127806732994 0.00279
4635 -0.1029457185911703 0.2233618142505448 0.00279
4636 -0.1977834418880627 0.1474797665423663 0.00279
4637 0.03463051211081319 0.2433252138854251 0.00279
4638 0.2167330840893611 0.09628667049309558 0.00279
4639 0.2041001724243308 -0.1197050671097683 0.00279
4640 0.1222825747831672 0.2150655693710784 0.00279
4641 0.04888758507922907 -0.2324608845096416 0.00279
4642 0.113853908502157 -0.2085037357387657 0.00279
4643 -0.1753337566239558 0.1593062077572381 0.00279
4644 -0.221287715054794 -0.08687867535912377 0.00279
4645 0.231843053710241 0.08498743288473735 0.00279
4646 0.2177288837020143 -0.0950206426939012 0.00279
4647 -0.09714729165145879 -0.2158633160006271 0.00279
4648 -0.1384396302182905 -0.193753769032555 0.00279
4649 -0.155674436483095 -0.1913644773401865 0.00279
4650 -0.1549844232713889 -0.179568446124862 0.00279
4651 -0.03711593282652428 -0.2433256988874721 0.00279
4652 -0.1713726392327755 -0.1786395183121518 0.00279
4653 -0.05571516777445732 0.2408242111697857 0.00279
4654 0.1976323683801088 0.1471779197477948 0.00279
4655 -0.1430446605662519 0.188425612648275 0.00279
4656 -0.2352554656588406 0.0312659324408512 0.00279
4657 -0.1996124619838496 0.1300273899667782 0.00279
4658 -0.1215712540069949 0.2145776364058108 0.00279
4659 -0.2272950840219288 -0.0689490282903629 0.00279
4660 0.0468644390712627 0.2415680406419341 0.00279
4661 0.1541964175631919 -0.1926056019283724 0.00279
4662 0.1679017818559908 -0.1689843633363655 0.00279
4663 -0.1200179040831559 -0.2150423406313611 0.00279
4664 0.1801738687352102 -0.1543503262612293 0.00279
4665 0.2356138562994447 -0.06261563748641921 0.00279
4666 -0.1303417540343527 -0.2008810805069926 0.00279
4667 -0.2333969022998155 0.04140090087851566 0.00279
4668 0.05851319009434248 0.2313805788902605 0.00279
4669 -0.07077236983795827 -0.2259085212546516 0.00279
4670 -0.214222752383721 -0.1052687954417018 0.00279
4671 -0.1119203298781161 0.2095997135232421 0.00279
4672 -0.2135762845083048 0.1049362848597518 0.00279
4673 -0.2325418306221435 0.05111167470635098 0.00279
4674 -0.2370928581183128 0.02053281479986776 0.00279
4675 -0.199581744356018 -0.1299986436466212 0.00279
4676 -0.0001123508243204721 -0.2385913830823365 0.00279
4677 0.2098246667288418 0.113803797998844 0.00279
4678 -0.1625358849402931 0.1727217979266389 0.00279
4679 0.1985025253686192 -0.1478489061558704 0.00279
4680 0.238768219003156 0.06571500631546227 0.00279
4681 -0.1704263749260325 -0.1644263013163224 0.00279
4682 0.237644000921733 0.01919445346140956 0.00279
4683 -0.2383611562565796 0.01048804960212562 0.00279
4684 -0.04220460256382421 0.233398290249391 0.00279
4685 0.01529501390831013 0.2471320027079394 0.00279
4686 0.1218612084923112 -0.2051658912028453 0.00279
4687 0.1650235087609417 -0.183190971354094 0.00279
4688 -0.2362114376378404 -0.02699293081775827 0.00279
4689 0.1080447671634201 0.2112762084418815 0.00279
4690 -0.1325061090432 -0.2085577064090813 0.00279
4691 0.2261923228985693 -0.04244510430458927 0.00279
4692 0.1945516384406198 0.1394181482832341 0.00279
4693 0.2334314029352771 0.04669875399987247 0.00279
4694 0.007730298397751632 0.2375720590015433 0.00279
4695 0.2145954792430221 -0.1043911479627653 0.00279
4696 0.2004932994090876 -0.1288215273195172 0.00279
4697 -0.007807143776365108 0.2381254540411822 0.00279
4698 0.2341304661995043 -0.07799629545634951 0.00279
4699 -0.02277968495538491 -0.2456373366685123 0.00279
4700 -0.2415441061958968 -0.05598316234112442 0.00279
4701 0.02223370176485124 0.2189691090010836 0.00279
4702 0.08545871728010627 0.2325918877049287 0.00279
4703 -0.1856487639941838 -0.1643839571075735 0.00279
4704 0.1416358223313768 0.003749999999999999 0.00279
4705 0.1397608223313768 -0.001875000000000002 0.00279
4706 0.1346045723313767 -0.003281249999999996 0.00279
4707 0.1355713692063767 0.002314453125000005 0.00279
4708 0.1416358223313768 0.003749999999999999 0.00329
4709 0.1397608223313768 -0.001875000000000002 0.00329
4710 0.1346045723313767 -0.003281249999999996 0.00329
4711 0.1355713692063767 0.002314453125000005 0.00329
4712 -0.1341358223313767 0.003749999999999999 0.00279
4713 -0.1360108223313767 -0.001875000000000002 0.00279
4714 -0.1411670723313768 -0.003281249999999996 0.00279
4715 -0.1402002754563768 0.002314453125000005 0.00279
4716 -0.1341358223313767 0.003749999999999999 0.00329
4717 -0.1360108223313767 -0.001875000000000002 0.00329
4718 -0.1411670723313768 -0.003281249999999996 0.00329
4719 -0.1402002754563768 0.002314453125000005 0.00329
4720 0.00375 -0.1341358223313767 0.00279
4721 0.001874999999999994 -0.1397608223313767 0.00279
4722 -0.003281250000000005 -0.1411670723313768 0.00279
4723 -0.002314453124999992 -0.1355713692063767 0.00279
4724 0.00375 -0.1341358223313767 0.00329
4725 0.001874999999999994 -0.1397608223313767 0.00329
4726 -0.003281250000000005 -0.1411670723313768 0.00329
4727 -0.002314453124999992 -0.1355713692063767 0.00329
4728 0.00375 0.1416358223313768 0.00279
4729 0.001874999999999994 0.1360108223313768 0.00279
4730 -0.003281250000000005 0.1346045723313767 0.00279
4731 -0.002314453124999992 0.1402002754563768 0.00279
4732 0.00375 0.1416358223313768 0.00329
4733 0.001874999999999994 0.1360108223313768 0.00329
4734 -0.003281250000000005 0.1346045723313767 0.00329
4735 -0.002314453124999992 0.1402002754563768 0.00329
4736 0.1378858223313768 0.1378858223313768 0.00279
4737 0.1378858223313768 0.1378858223313768 0.00329
4738 0.1378858223313768 -0.1378858223313768 0.00279
4739 0.1378858223313768 -0.1378858223313768 0.00329
4740 -0.1378858223313768 0.1378858223313768 0.00279
4741 -0.1378858223313768 0.1378858223313768 0.00329
4742 -0.1378858223313768 -0.1378858223313768 0.00279
4743 -0.1378858223313768 -0.1378858223313768 0.00329
4744 -0.132833438927853 0.2126358973172517 0.001395
4745 -0.07668059114357155 0.2396798586323169 0.001395
4746 -0.2180802619558972 0.1239845323531649 0.001395
4747 0.1519606164636331 0.1956890863203239 0.001395
4748 0.1106624862875 0.1334181305885085 0.001395
4749 -0.06046556401136719 -0.2300943674201509 0.001395
4750 -0.1893252872877757 -0.04117419575303177 0.001395
4751 -0.05680287820624513 -0.2094794512697505 0.001395
4752 -0.06558703470474271 0.09628523466623548 0.001395
4753 0.09420102706861042 0.1950944076909769 0.001395
4754 -0.06641614179044611 0.2297371655841729 0.001395
4755 -0.09670069005582996 0.2228809967305279 0.001395
4756 -0.07051101261428776 0.219940531556005 0.001395
4757 -0.1063119225812844 0.2091853881104153 0.001395
4758 -0.01469814574707366 0.1723600877200302 0.001395
4759 -0.008440715811831218 0.1391963860333993 0.001395
4760 -0.113434743721249 0.121047612200357 0.001395
4761 -0.1766910438517069 0.09526368012256228 0.001395
4762 -0.007703472321564189 0.05901397404920652 0.001395
4763 -0.01744442821951743 0.03944989242499095 0.001395
4764 -0.05329334787851199 0.05401255489156558 0.001395
4765 -0.08869992140060692 0.02046577031872137 0.001395
4766 -0.066886451942788 0.02181189666363105 0.001395
4767 -0.209249608716543 -0.03219290038297986 0.001395
4768 -0.2405896054265446 -0.02905343080949103 0.001395
4769 -0.1852524102396361 -0.05259226076503312 0.001395
4770 -0.173327345159934 -0.05477373454924859 0.001395
4771 -0.1354465041788679 -0.1892816209537813 0.001395
4772 -0.1201837207511639 -0.2038329839015284 0.001395
4773 -0.0190467615422662 -0.2217043282945816 0.001395
4774 -0.07282136281341439 -0.1958990477967159 0.001395
4775 -0.03515695575026336 -0.1921160597200679 0.001395
4776 -0.007823305737185853 -0.1437512330756856 0.001395
4777 -0.04767182017070749 -0.1257886605597018 0.001395
4778 -0.03793087473434985 -0.106224586724836 0.001395
4779 -0.07444330182715844 -0.01949774862008166 0.001395
4780 0.03040328071977346 0.01468751480465135 0.001395
4781 0.03695560805429177 -0.05054915167768824 0.001395
4782 0.001180397955643067 -0.0440047332936565 0.001395
4783 0.04554459579663091 -0.1214948912538104 0.001395
4784 0.1503911750091655 -0.08730963502499427 0.001395
4785 0.08740215091887626 0.07363514856789255 0.001395
4786 0.1481793647574718 0.153237615529374 0.001395
4787 0.1138811020681294 0.2020442163957104 0.001395
4788 0.1951548107389465 0.1582420990108714 0.001395
4789 0.1760494675888316 0.1533320655085201 0.001395
4790 0.07985955922666553 0.219594435711614 0.001395
4791 0.02524874910268794 0.2354110846119921 0.001395
4792 -0.001855842269187679 0.2296756465577449 0.001395
4793 0.09844252381240676 0.1676725691672471 0.001395
4794 0.130439282324164 0.1404733316455648 0.001395
4795 0.069072207206236 0.1250168064360004 0.001395
4796 0.07721884885629834 0.1021805140501746 0.001395
4797 0.06355202075947083 0.07799809613632301 0.001395
4798 0.07228845720031093 -0.008984125838548643 0.001395
4799 0.137286520347898 0.0431636979373136 0.001395
4800 0.1806185624462874 0.07792891378788899 0.001395
4801 0.1922618675383959 0.1242407974650023 0.001395
4802 0.2223417979608916 0.05423108325280335 0.001395
4803 0.2260457746818273 -0.0371014181561338 0.001395
4804 0.1876132358700086 -0.03541719988505001 0.001395
4805 0.1626111374842601 -0.1215640736037328 0.001395
4806 0.2060317280556323 -0.1029159872676246 0.001395
4807 0.07928313062403221 -0.1223302395114888 0.001395
4808 0.04510224970435374 -0.07338544406351385 0.001395
4809 0.02984110406595415 -0.1399682384509282 0.001395
4810 0.0714313863645485 -0.1315669119113637 0.001395
4811 0.06428764385634594 -0.2208108744513754 0.001395
4812 0.1863286385113204 -0.141599304273837 0.001395
4813 0.1349825838952143 -0.1378559446369129 0.001395
4814 0.1627585861819555 -0.1376005560009943 0.001395
4815 0.1416358223313768 0.00625 0.00304
4816 -0.1347608223313767 -0.005625 0.00304
4817 -0.005771484374999998 0.1411573067063767 0.00304
4818 0.1378858223313768 -0.1355524889980434 0.00304
$EndNodes
$Elements
23347
1 15 2 0 100 1
2 15 2 0 101 2
3 15 2 0 102 3
4 15 2 0 103 4
5 15 2 0 104 5
6 15 2 0 211 6
7 15 2 0 212 7
8 15 2 0 213 8
9 15 2 0 214 9
10 15 2 0 215 10
11 15 2 0 216 11
12 15 2 0 217 12
13 15 2 0 218 13
14 15 2 0 221 14
15 15 2 0 222 15
16 15 2 0 223 16
17 15 2 0 224 17
18 15 2 0 225 18
19 15 2 0 226 19
20 15 2 0 227 20
21 15 2 0 228 21
22 15 2 0 231 22
23 15 2 0 232 23
24 15 2 0 233 24
25 15 2 0 234 25
26 15 2 0 235 26
27 15 2 0 236 27
28 15 2 0 237 28
29 15 2 0 238 29
30 15 2 0 251 30
31 15 2 0 252 31
32 15 2 0 253 32
33 15 2 0 254 33
34 15 2 0 255 34
35 15 2 0 256 35
36 15 2 0 257 36
37 15 2 0 258 37
38 15 2 0 271 38
39 15 2 0 272 39
40 15 2 0 273 40
41 15 2 0 274 41
42 15 2 0 275 42
43 15 2 0 276 43
44 15 2 0 277 44
45 15 2 0 278 45
46 15 2 0 291 46
47 15 2 0 292 47
48 15 2 0 293 48
49 15 2 0 294 49
50 15 2 0 295 50
51 15 2 0 296 51
52 15 2 0 297 52
53 15 2 0 298 53
54 15 2 0 331 54
55 15 2 0 332 55
56 15 2 0 333 56
57 15 2 0 334 57
58 15 2 0 335 58
59 15 2 0 336 59
60 15 2 0 337 60
61 15 2 0 338 61
62 15 2 0 351 62
63 15 2 0 352 63
64 15 2 0 353 64
65 15 2 0 354 65
66 15 2 0 355 66
67 15 2 0 356 67
68 15 2 0 357 68
69 15 2 0 358 69
70 15 2 0 371 70
71 15 2 0 372 71
72 15 2 0 373 72
73 15 2 0 374 73
74 15 2 0 375 74
75 15 2 0 376 75
76 15 2 0 377 76
77 15 2 0 378 77
78 15 2 0 391 78
79 15 2 0 392 79
80 15 2 0 393 80
81 15 2 0 394 81
82 15 2 0 395 82
83 15 2 0 396 83
84 15 2 0 397 84
85 15 2 0 398 85
86 1 2 0 101 2 86
87 1 2 0 101 86 87
88 1 2 0 101 87 88
89 1 2 0 101 88 89
90 1 2 0 101 89 90
91 1 2 0 101 90 91
92 1 2 0 101 91 92
93 1 2 0 101 92 93
94 1 2 0 101 93 94
95 1 2 0 101 94 95
96 1 2 0 101 95 96
97 1 2 0 101 96 97
98 1 2 0 101 97 98
99 1 2 0 101 98 99
100 1 2 0 101 99 100
101 1 2 0 101 100 101
102 1 2 0 101 101 102
103 1 2 0 101 102 103
104 1 2 0 101 103 104
105 1 2 0 101 104 105
106 1 2 0 101 105 106
107 1 2 0 101 106 107
108 1 2 0 101 107 108
109 1 2 0 101 108 109
110 1 2 0 101 109 110
111 1 2 0 101 110 111
112 1 2 0 101 111 112
113 1 2 0 101 112 113
114 1 2 0 101 113 114
115 1 2 0 101 114 115
116 1 2 0 101 115 116
117 1 2 0 101 116 117
118 1 2 0 101 117 118
119 1 2 0 101 118 119
120 1 2 0 101 119 120
121 1 2 0 101 120 121
122 1 2 0 101 121 122
123 1 2 0 101 122 123
124 1 2 0 101 123 124
125 1 2 0 101 124 125
126 1 2 0 101 125 126
127 1 2 0 101 126 127
128 1 2 0 101 127 128
129 1 2 0 101 128 129
130 1 2 0 101 129 130
131 1 2 0 101 130 131
132 1 2 0 101 131 132
133 1 2 0 101 132 133
134 1 2 0 101 133 134
135 1 2 0 101 134 135
136 1 2 0 101 135 136
137 1 2 0 101 136 137
138 1 2 0 101 137 138
139 1 2 0 101 138 139
140 1 2 0 101 139 140
141 1 2 0 101 140 141
142 1 2 0 101 141 142
143 1 2 0 101 142 143
144 1 2 0 101 143 144
145 1 2 0 101 144 145
146 1 2 0 101 145 146
147 1 2 0 101 146 147
148 1 2 0 101 147 148
149 1 2 0 101 148 149
150 1 2 0 101 149 150
151 1 2 0 101 150 151
152 1 2 0 101 151 152
153 1 2 0 101 152 153
154 1 2 0 101 153 154
155 1 2 0 101 154 155
156 1 2 0 101 155 156
157 1 2 0 101 156 157
158 1 2 0 101 157 158
159 1 2 0 101 158 159
160 1 2 0 101 159 160
161 1 2 0 101 160 3
162 1 2 0 102 3 161
163 1 2 0 102 161 162
164 1 2 0 102 162 163
165 1 2 0 102 163 164
166 1 2 0 102 164 165
167 1 2 0 102 165 166
168 1 2 0 102 166 167
169 1 2 0 102 167 168
170 1 2 0 102 168 169
171 1 2 0 102 169 170
172 1 2 0 102 170 171
173 1 2 0 102 171 172
174 1 2 0 102 172 173
175 1 2 0 102 173 174
176 1 2 0 102 174 175
177 1 2 0 102 175 176
178 1 2 0 102 176 177
179 1 2 0 102 177 178
180 1 2 0 102 178 179
181 1 2 0 102 179 180
182 1 2 0 102 180 181
183 1 2 0 102 181 182
184 1 2 0 102 182 183
185 1 2 0 102 183 184
186 1 2 0 102 184 185
187 1 2 0 102 185 186
188 1 2 0 102 186 187
189 1 2 0 102 187 188
190 1 2 0 102 188 189
191 1 2 0 102 189 190
192 1 2 0 102 190 191
193 1 2 0 102 191 192
194 1 2 0 102 192 193
195 1 2 0 102 193 194
196 1 2 0 102 194 195
197 1 2 0 102 195 196
198 1 2 0 102 196 197
199 1 2 0 102 197 198
200 1 2 0 102 198 199
201 1 2 0 102 199 200
202 1 2 0 102 200 201
203 1 2 0 102 201 202
204 1 2 0 102 202 203
205 1 2 0 102 203 204
206 1 2 0 102 204 205
207 1 2 0 102 205 206
208 1 2 0 102 206 207
209 1 2 0 102 207 208
210 1 2 0 102 208 209
211 1 2 0 102 209 210
212 1 2 0 102 210 211
213 1 2 0 102 211 212
214 1 2 0 102 212 213
215 1 2 0 102 213 214
216 1 2 0 102 214 215
217 1 2 0 102 215 216
218 1 2 0 102 216 217
219 1 2 0 102 217 218
220 1 2 0 102 218 219
221 1 2 0 102 219 220
222 1 2 0 102 220 221
223 1 2 0 102 221 222
224 1 2 0 102 222 223
225 1 2 0 102 223 224
226 1 2 0 102 224 225
227 1 2 0 102 225 226
228 1 2 0 102 226 227
229 1 2 0 102 227 228
230 1 2 0 102 228 229
231 1 2 0 102 229 230
232 1 2 0 102 230 231
233 1 2 0 102 231 232
234 1 2 0 102 232 233
235 1 2 0 102 233 234
236 1 2 0 102 234 235
237 1 2 0 102 235 2
238 1 2 0 103 2 4
239 1 2 0 104 3 5
240 1 2 0 105 4 236
241 1 2 0 105 236 237
242 1 2 0 105 237 238
243 1 2 0 105 238 239
244 1 2 0 105 239 240
245 1 2 0 105 240 241
246 1 2 0 105 241 242
247 1 2 0 105 242 243
248 1 2 0 105 243 244
249 1 2 0 105 244 245
250 1 2 0 105 245 246
251 1 2 0 105 246 247
252 1 2 0 105 247 248
253 1 2 0 105 248 249
254 1 2 0 105 249 250
255 1 2 0 105 250 251
256 1 2 0 105 251 252
257 1 2 0 105 252 253
258 1 2 0 105 253 254
259 1 2 0 105 254 255
260 1 2 0 105 255 256
261 1 2 0 105 256 257
262 1 2 0 105 257 258
263 1 2 0 105 258 259
264 1 2 0 105 259 260
265 1 2 0 105 260 261
266 1 2 0 105 261 262
267 1 2 0 105 262 263
268 1 2 0 105 263 264
269 1 2 0 105 264 265
270 1 2 0 105 265 266
271 1 2 0 105 266 267
272 1 2 0 105 267 268
273 1 2 0 105 268 269
274 1 2 0 105 269 270
275 1 2 0 105 270 271
276 1 2 0 105 271 272
277 1 2 0 105 272 273
278 1 2 0 105 273 274
279 1 2 0 105 274 275
280 1 2 0 105 275 276
281 1 2 0 105 276 277
282 1 2 0 105 277 278
283 1 2 0 105 278 279
284 1 2 0 105 279 280
285 1 2 0 105 280 281
286 1 2 0 105 281 282
287 1 2 0 105 282 283
288 1 2 0 105 283 284
289 1 2 0 105 284 285
290 1 2 0 105 285 286
291 1 2 0 105 286 287
292 1 2 0 105 287 288
293 1 2 0 105 288 289
294 1 2 0 105 289 290
295 1 2 0 105 290 291
296 1 2 0 105 291 292
297 1 2 0 105 292 293
298 1 2 0 105 293 294
299 1 2 0 105 294 295
300 1 2 0 105 295 296
301 1 2 0 105 296 297
302 1 2 0 105 297 298
303 1 2 0 105 298 299
304 1 2 0 105 299 300
305 1 2 0 105 300 301
306 1 2 0 105 301 302
307 1 2 0 105 302 303
308 1 2 0 105 303 304
309 1 2 0 105 304 305
310 1 2 0 105 305 306
311 1 2 0 105 306 307
312 1 2 0 105 307 308
313 1 2 0 105 308 309
314 1 2 0 105 309 310
315 1 2 0 105 310 5
316 1 2 0 106 5 311
317 1 2 0 106 311 312
318 1 2 0 106 312 313
319 1 2 0 106 313 314
320 1 2 0 106 314 315
321 1 2 0 106 315 316
322 1 2 0 106 316 317
323 1 2 0 106 317 318
324 1 2 0 106 318 319
325 1 2 0 106 319 320
326 1 2 0 106 320 321
327 1 2 0 106 321 322
328 1 2 0 106 322 323
329 1 2 0 106 323 324
330 1 2 0 106 324 325
331 1 2 0 106 325 326
332 1 2 0 106 326 327
333 1 2 0 106 327 328
334 1 2 0 106 328 329
335 1 2 0 106 329 330
336 1 2 0 106 330 331
337 1 2 0 106 331 332
338 1 2 0 106 332 333
339 1 2 0 106 333 334
340 1 2 0 106 334 335
341 1 2 0 106 335 336
342 1 2 0 106 336 337
343 1 2 0 106 337 338
344 1 2 0 106 338 339
345 1 2 0 106 339 340
346 1 2 0 106 340 341
347 1 2 0 106 341 342
348 1 2 0 106 342 343
349 1 2 0 106 343 344
350 1 2 0 106 344 345
351 1 2 0 106 345 346
352 1 2 0 106 346 347
353 1 2 0 106 347 348
354 1 2 0 106 348 349
355 1 2 0 106 349 350
356 1 2 0 106 350 351
357 1 2 0 106 351 352
358 1 2 0 106 352 353
359 1 2 0 106 353 354
360 1 2 0 106 354 355
361 1 2 0 106 355 356
362 1 2 0 106 356 357
363 1 2 0 106 357 358
364 1 2 0 106 358 359
365 1 2 0 106 359 360
366 1 2 0 106 360 361
367 1 2 0 106 361 362
368 1 2 0 106 362 363
369 1 2 0 106 363 364
370 1 2 0 106 364 365
371 1 2 0 106 365 366
372 1 2 0 106 366 367
373 1 2 0 106 367 368
374 1 2 0 106 368 369
375 1 2 0 106 369 370
376 1 2 0 106 370 371
377 1 2 0 106 371 372
378 1 2 0 106 372 373
379 1 2 0 106 373 374
380 1 2 0 106 374 375
381 1 2 0 106 375 376
382 1 2 0 106 376 377
383 1 2 0 106 377 378
384 1 2 0 106 378 379
385 1 2 0 106 379 380
386 1 2 0 106 380 381
387 1 2 0 106 381 382
388 1 2 0 106 382 383
389 1 2 0 106 383 384
390 1 2 0 106 384 385
391 1 2 0 106 385 4
392 1 2 0 211 10 386
393 1 2 0 211 386 387
394 1 2 0 211 387 388
395 1 2 0 211 388 389
396 1 2 0 211 389 390
397 1 2 0 211 390 391
398 1 2 0 211 391 392
399 1 2 0 211 392 393
400 1 2 0 211 393 394
401 1 2 0 211 394 395
402 1 2 0 211 395 396
403 1 2 0 211 396 397
404 1 2 0 211 397 398
405 1 2 0 211 398 399
406 1 2 0 211 399 400
407 1 2 0 211 400 401
408 1 2 0 211 401 402
409 1 2 0 211 402 6
410 1 2 0 212 7 403
411 1 2 0 212 403 404
412 1 2 0 212 404 405
413 1 2 0 212 405 406
414 1 2 0 212 406 407
415 1 2 0 212 407 408
416 1 2 0 212 408 409
417 1 2 0 212 409 410
418 1 2 0 212 410 411
419 1 2 0 212 411 412
420 1 2 0 212 412 413
421 1 2 0 212 413 414
422 1 2 0 212 414 415
423 1 2 0 212 415 416
424 1 2 0 212 416 6
425 1 2 0 213 8 417
426 1 2 0 213 417 418
427 1 2 0 213 418 419
428 1 2 0 213 419 420
429 1 2 0 213 420 421
430 1 2 0 213 421 422
431 1 2 0 213 422 423
432 1 2 0 213 423 424
433 1 2 0 213 424 425
434 1 2 0 213 425 426
435 1 2 0 213 426 427
436 1 2 0 213 427 428
437 1 2 0 213 428 429
438 1 2 0 213 429 430
439 1 2 0 213 430 9
440 1 2 0 214 9 431
441 1 2 0 214 431 432
442 1 2 0 214 432 433
443 1 2 0 214 433 434
444 1 2 0 214 434 435
445 1 2 0 214 435 436
446 1 2 0 214 436 437
447 1 2 0 214 437 438
448 1 2 0 214 438 439
449 1 2 0 214 439 440
450 1 2 0 214 440 441
451 1 2 0 214 441 442
452 1 2 0 214 442 443
453 1 2 0 214 443 444
454 1 2 0 214 444 445
455 1 2 0 214 445 446
456 1 2 0 214 446 447
457 1 2 0 214 447 13
458 1 2 0 215 10 448
459 1 2 0 215 448 449
460 1 2 0 215 449 450
461 1 2 0 215 450 451
462 1 2 0 215 451 452
463 1 2 0 215 452 453
464 1 2 0 215 453 454
465 1 2 0 215 454 455
466 1 2 0 215 455 456
467 1 2 0 215 456 457
468 1 2 0 215 457 458
469 1 2 0 215 458 459
470 1 2 0 215 459 460
471 1 2 0 215 460 461
472 1 2 0 215 461 11
473 1 2 0 216 11 462
474 1 2 0 216 462 463
475 1 2 0 216 463 464
476 1 2 0 216 464 465
477 1 2 0 216 465 466
478 1 2 0 216 466 467
479 1 2 0 216 467 468
480 1 2 0 216 468 469
481 1 2 0 216 469 470
482 1 2 0 216 470 471
483 1 2 0 216 471 472
484 1 2 0 216 472 473
485 1 2 0 216 473 474
486 1 2 0 216 474 475
487 1 2 0 216 475 476
488 1 2 0 216 476 477
489 1 2 0 216 477 478
490 1 2 0 216 478 8
491 1 2 0 217 12 479
492 1 2 0 217 479 480
493 1 2 0 217 480 481
494 1 2 0 217 481 482
495 1 2 0 217 482 483
496 1 2 0 217 483 484
497 1 2 0 217 484 485
498 1 2 0 217 485 486
499 1 2 0 217 486 487
500 1 2 0 217 487 488
501 1 2 0 217 488 489
502 1 2 0 217 489 490
503 1 2 0 217 490 491
504 1 2 0 217 491 492
505 1 2 0 217 492 493
506 1 2 0 217 493 494
507 1 2 0 217 494 495
508 1 2 0 217 495 7
509 1 2 0 218 13 496
510 1 2 0 218 496 497
511 1 2 0 218 497 498
512 1 2 0 218 498 499
513 1 2 0 218 499 500
514 1 2 0 218 500 501
515 1 2 0 218 501 502
516 1 2 0 218 502 503
517 1 2 0 218 503 504
518 1 2 0 218 504 505
519 1 2 0 218 505 506
520 1 2 0 218 506 507
521 1 2 0 218 507 508
522 1 2 0 218 508 509
523 1 2 0 218 509 12
524 1 2 0 231 22 510
525 1 2 0 231 510 23
526 1 2 0 232 23 511
527 1 2 0 232 511 24
528 1 2 0 233 24 512
529 1 2 0 233 512 25
530 1 2 0 234 25 513
531 1 2 0 234 513 22
532 1 2 0 235 22 26
533 1 2 0 236 23 27
534 1 2 0 237 26 514
535 1 2 0 237 514 27
536 1 2 0 238 24 28
537 1 2 0 239 27 515
538 1 2 0 239 515 28
539 1 2 0 240 25 29
540 1 2 0 241 28 516
541 1 2 0 241 516 29
542 1 2 0 242 29 517
543 1 2 0 242 517 26
544 1 2 0 251 30 518
545 1 2 0 251 518 31
546 1 2 0 252 31 519
547 1 2 0 252 519 32
548 1 2 0 253 32 520
549 1 2 0 253 520 33
550 1 2 0 254 33 521
551 1 2 0 254 521 30
552 1 2 0 255 30 34
553 1 2 0 256 31 35
554 1 2 0 257 34 522
555 1 2 0 257 522 35
556 1 2 0 258 32 36
557 1 2 0 259 35 523
558 1 2 0 259 523 36
559 1 2 0 260 33 37
560 1 2 0 261 36 524
561 1 2 0 261 524 37
562 1 2 0 262 37 525
563 1 2 0 262 525 34
564 1 2 0 271 38 526
565 1 2 0 271 526 39
566 1 2 0 272 39 527
567 1 2 0 272 527 40
568 1 2 0 273 40 528
569 1 2 0 273 528 41
570 1 2 0 274 41 529
571 1 2 0 274 529 38
572 1 2 0 275 38 42
573 1 2 0 276 39 43
574 1 2 0 277 42 530
575 1 2 0 277 530 43
576 1 2 0 278 40 44
577 1 2 0 279 43 531
578 1 2 0 279 531 44
579 1 2 0 280 41 45
580 1 2 0 281 44 532
581 1 2 0 281 532 45
582 1 2 0 282 45 533
583 1 2 0 282 533 42
584 1 2 0 291 46 534
585 1 2 0 291 534 47
586 1 2 0 292 47 535
587 1 2 0 292 535 48
588 1 2 0 293 48 536
589 1 2 0 293 536 49
590 1 2 0 294 49 537
591 1 2 0 294 537 46
592 1 2 0 295 46 50
593 1 2 0 296 47 51
594 1 2 0 297 50 538
595 1 2 0 297 538 51
596 1 2 0 298 48 52
597 1 2 0 299 51 539
598 1 2 0 299 539 52
599 1 2 0 300 49 53
600 1 2 0 301 52 540
601 1 2 0 301 540 53
602 1 2 0 302 53 541
603 1 2 0 302 541 50
604 1 2 0 331 54 55
605 1 2 0 332 55 56
606 1 2 0 333 56 57
607 1 2 0 334 57 54
608 1 2 0 335 54 58
609 1 2 0 336 55 59
610 1 2 0 337 58 59
611 1 2 0 338 56 60
612 1 2 0 339 59 60
613 1 2 0 340 57 61
614 1 2 0 341 60 61
615 1 2 0 342 61 58
616 1 2 0 351 62 63
617 1 2 0 352 63 64
618 1 2 0 353 64 65
619 1 2 0 354 65 62
620 1 2 0 355 62 66
621 1 2 0 356 63 67
622 1 2 0 357 66 67
623 1 2 0 358 64 68
624 1 2 0 359 67 68
625 1 2 0 360 65 69
626 1 2 0 361 68 69
627 1 2 0 362 69 66
628 1 2 0 371 70 71
629 1 2 0 372 71 72
630 1 2 0 373 72 73
631 1 2 0 374 73 70
632 1 2 0 375 70 74
633 1 2 0 376 71 75
634 1 2 0 377 74 75
635 1 2 0 378 72 76
636 1 2 0 379 75 76
637 1 2 0 380 73 77
638 1 2 0 381 76 77
639 1 2 0 382 77 74
640 1 2 0 391 78 79
641 1 2 0 392 79 80
642 1 2 0 393 80 81
643 1 2 0 394 81 78
644 1 2 0 395 78 82
645 1 2 0 396 79 83
646 1 2 0 397 82 83
647 1 2 0 398 80 84
648 1 2 0 399 83 84
649 1 2 0 400 81 85
650 1 2 0 401 84 85
651 1 2 0 402 85 82
652 2 2 0 100 86 563 2
653 2 2 0 100 2 2499 235
654 2 2 0 100 563 2499 2
655 2 2 0 100 3 566 160
656 2 2 0 100 161 2489 3
657 2 2 0 100 3 2489 566
658 2 2 0 100 87 2604 86
659 2 2 0 100 86 2604 563
660 2 2 0 100 88 576 87
661 2 2 0 100 576 2604 87
662 2 2 0 100 89 2556 88
663 2 2 0 100 88 2556 576
664 2 2 0 100 90 2579 89
665 2 2 0 100 89 2579 2556
666 2 2 0 100 91 554 90
667 2 2 0 100 554 2579 90
668 2 2 0 100 92 2518 91
669 2 2 0 100 91 2518 554
670 2 2 0 100 93 581 92
671 2 2 0 100 581 2518 92
672 2 2 0 100 94 2621 93
673 2 2 0 100 93 2621 581
674 2 2 0 100 95 568 94
675 2 2 0 100 568 2621 94
676 2 2 0 100 96 2486 95
677 2 2 0 100 95 2486 568
678 2 2 0 100 97 575 96
679 2 2 0 100 575 2486 96
680 2 2 0 100 98 2559 97
681 2 2 0 100 97 2559 575
682 2 2 0 100 99 2529 98
683 2 2 0 100 2529 2559 98
684 2 2 0 100 100 548 99
685 2 2 0 100 548 2529 99
686 2 2 0 100 101 2494 100
687 2 2 0 100 100 2494 548
688 2 2 0 100 102 586 101
689 2 2 0 100 586 2494 101
690 2 2 0 100 103 2481 102
691 2 2 0 100 102 2481 586
692 2 2 0 100 104 570 103
693 2 2 0 100 570 2481 103
694 2 2 0 100 105 2502 104
695 2 2 0 100 104 2502 570
696 2 2 0 100 106 590 105
697 2 2 0 100 590 2502 105
698 2 2 0 100 107 2533 106
699 2 2 0 100 106 2533 590
700 2 2 0 100 108 2573 107
701 2 2 0 100 107 2573 2533
702 2 2 0 100 109 556 108
703 2 2 0 100 556 2573 108
704 2 2 0 100 110 2528 109
705 2 2 0 100 109 2528 556
706 2 2 0 100 111 2525 110
707 2 2 0 100 2525 2528 110
708 2 2 0 100 112 578 111
709 2 2 0 100 578 2525 111
710 2 2 0 100 113 2491 112
711 2 2 0 100 112 2491 578
712 2 2 0 100 114 559 113
713 2 2 0 100 559 2491 113
714 2 2 0 100 115 2564 114
715 2 2 0 100 114 2564 559
716 2 2 0 100 116 577 115
717 2 2 0 100 577 2564 115
718 2 2 0 100 117 2599 116
719 2 2 0 100 116 2599 577
720 2 2 0 100 118 2493 117
721 2 2 0 100 2493 2599 117
722 2 2 0 100 119 544 118
723 2 2 0 100 544 2493 118
724 2 2 0 100 120 2545 119
725 2 2 0 100 119 2545 544
726 2 2 0 100 121 2503 120
727 2 2 0 100 2503 2545 120
728 2 2 0 100 122 591 121
729 2 2 0 100 591 2503 121
730 2 2 0 100 123 2495 122
731 2 2 0 100 122 2495 591
732 2 2 0 100 124 560 123
733 2 2 0 100 560 2495 123
734 2 2 0 100 125 2505 124
735 2 2 0 100 124 2505 560
736 2 2 0 100 126 588 125
737 2 2 0 100 588 2505 125
738 2 2 0 100 127 1678 126
739 2 2 0 100 126 1678 588
740 2 2 0 100 128 2552 127
741 2 2 0 100 127 2552 1678
742 2 2 0 100 129 553 128
743 2 2 0 100 553 2552 128
744 2 2 0 100 130 2584 129
745 2 2 0 100 129 2584 553
746 2 2 0 100 131 2617 130
747 2 2 0 100 2471 2584 130
748 2 2 0 100 130 2617 2471
749 2 2 0 100 132 579 131
750 2 2 0 100 579 2617 131
751 2 2 0 100 133 2500 132
752 2 2 0 100 132 2500 579
753 2 2 0 100 134 569 133
754 2 2 0 100 569 2500 133
755 2 2 0 100 135 2506 134
756 2 2 0 100 134 2506 569
757 2 2 0 100 136 603 135
758 2 2 0 100 603 2506 135
759 2 2 0 100 137 2496 136
760 2 2 0 100 136 2496 603
761 2 2 0 100 138 547 137
762 2 2 0 100 547 2496 137
763 2 2 0 100 139 2598 138
764 2 2 0 100 138 2598 547
765 2 2 0 100 140 2478 139
766 2 2 0 100 2478 2598 139
767 2 2 0 100 141 600 140
768 2 2 0 100 600 2478 140
769 2 2 0 100 142 2501 141
770 2 2 0 100 141 2501 600
771 2 2 0 100 143 558 142
772 2 2 0 100 558 2501 142
773 2 2 0 100 144 2606 143
774 2 2 0 100 143 2606 558
775 2 2 0 100 145 2580 144
776 2 2 0 100 144 2580 1860
777 2 2 0 100 1860 2606 144
778 2 2 0 100 146 587 145
779 2 2 0 100 587 2580 145
780 2 2 0 100 147 2498 146
781 2 2 0 100 146 2498 587
782 2 2 0 100 148 550 147
783 2 2 0 100 550 2498 147
784 2 2 0 100 149 2487 148
785 2 2 0 100 148 2487 550
786 2 2 0 100 150 574 149
787 2 2 0 100 574 2487 149
788 2 2 0 100 151 2522 150
789 2 2 0 100 150 2522 574
790 2 2 0 100 152 606 151
791 2 2 0 100 606 2522 151
792 2 2 0 100 153 567 152
793 2 2 0 100 567 606 152
794 2 2 0 100 154 2488 153
795 2 2 0 100 153 2488 567
796 2 2 0 100 155 602 154
797 2 2 0 100 602 2488 154
798 2 2 0 100 156 2532 155
799 2 2 0 100 155 2532 602
800 2 2 0 100 157 543 156
801 2 2 0 100 543 2532 156
802 2 2 0 100 158 1794 157
803 2 2 0 100 157 1794 543
804 2 2 0 100 159 604 158
805 2 2 0 100 604 1794 158
806 2 2 0 100 160 2484 159
807 2 2 0 100 159 2484 604
808 2 2 0 100 566 2484 160
809 2 2 0 100 162 580 161
810 2 2 0 100 580 2489 161
811 2 2 0 100 163 2618 162
812 2 2 0 100 162 2618 580
813 2 2 0 100 164 2570 163
814 2 2 0 100 163 2570 2463
815 2 2 0 100 2463 2618 163
816 2 2 0 100 165 551 164
817 2 2 0 100 551 2570 164
818 2 2 0 100 166 2549 165
819 2 2 0 100 165 2549 551
820 2 2 0 100 167 2469 166
821 2 2 0 100 2469 2549 166
822 2 2 0 100 168 601 167
823 2 2 0 100 601 2469 167
824 2 2 0 100 169 2513 168
825 2 2 0 100 168 2513 601
826 2 2 0 100 170 565 169
827 2 2 0 100 565 2513 169
828 2 2 0 100 171 2508 170
829 2 2 0 100 170 2508 565
830 2 2 0 100 172 594 171
831 2 2 0 100 594 2508 171
832 2 2 0 100 173 2582 172
833 2 2 0 100 172 2582 594
834 2 2 0 100 174 2609 173
835 2 2 0 100 2240 2582 173
836 2 2 0 100 173 2609 2240
837 2 2 0 100 175 549 174
838 2 2 0 100 549 2609 174
839 2 2 0 100 176 2523 175
840 2 2 0 100 175 2523 549
841 2 2 0 100 177 2568 176
842 2 2 0 100 176 2568 2523
843 2 2 0 100 178 593 177
844 2 2 0 100 593 2568 177
845 2 2 0 100 179 2571 178
846 2 2 0 100 178 2571 593
847 2 2 0 100 180 564 179
848 2 2 0 100 564 2571 179
849 2 2 0 100 181 2622 180
850 2 2 0 100 180 2622 564
851 2 2 0 100 182 2467 181
852 2 2 0 100 2467 2622 181
853 2 2 0 100 183 599 182
854 2 2 0 100 599 2467 182
855 2 2 0 100 184 2537 183
856 2 2 0 100 183 2537 599
857 2 2 0 100 185 557 184
858 2 2 0 100 557 2537 184
859 2 2 0 100 186 2512 185
860 2 2 0 100 185 2512 557
861 2 2 0 100 187 2519 186
862 2 2 0 100 186 2519 2512
863 2 2 0 100 188 589 187
864 2 2 0 100 589 2519 187
865 2 2 0 100 189 2490 188
866 2 2 0 100 188 2490 589
867 2 2 0 100 190 571 189
868 2 2 0 100 571 2490 189
869 2 2 0 100 191 2492 190
870 2 2 0 100 190 2492 571
871 2 2 0 100 192 585 191
872 2 2 0 100 585 2492 191
873 2 2 0 100 193 2619 192
874 2 2 0 100 192 2619 585
875 2 2 0 100 194 545 193
876 2 2 0 100 545 2619 193
877 2 2 0 100 195 2485 194
878 2 2 0 100 194 2485 545
879 2 2 0 100 196 582 195
880 2 2 0 100 582 2485 195
881 2 2 0 100 197 2550 196
882 2 2 0 100 196 2550 582
883 2 2 0 100 198 2511 197
884 2 2 0 100 2511 2550 197
885 2 2 0 100 199 573 198
886 2 2 0 100 573 2511 198
887 2 2 0 100 200 2504 199
888 2 2 0 100 199 2504 573
889 2 2 0 100 201 605 200
890 2 2 0 100 605 2504 200
891 2 2 0 100 202 2507 201
892 2 2 0 100 201 2507 605
893 2 2 0 100 203 552 202
894 2 2 0 100 552 2507 202
895 2 2 0 100 204 2514 203
896 2 2 0 100 203 2514 552
897 2 2 0 100 205 1650 204
898 2 2 0 100 1650 2514 204
899 2 2 0 100 206 583 205
900 2 2 0 100 583 1650 205
901 2 2 0 100 207 2475 206
902 2 2 0 100 206 2475 583
903 2 2 0 100 208 562 207
904 2 2 0 100 562 2475 207
905 2 2 0 100 209 2534 208
906 2 2 0 100 208 2534 562
907 2 2 0 100 210 584 209
908 2 2 0 100 584 2534 209
909 2 2 0 100 211 2509 210
910 2 2 0 100 210 2509 584
911 2 2 0 100 212 2510 211
912 2 2 0 100 211 2510 2509
913 2 2 0 100 213 546 212
914 2 2 0 100 546 2510 212
915 2 2 0 100 214 2555 213
916 2 2 0 100 213 2555 546
917 2 2 0 100 215 2526 214
918 2 2 0 100 2526 2555 214
919 2 2 0 100 216 598 215
920 2 2 0 100 598 2526 215
921 2 2 0 100 217 2497 216
922 2 2 0 100 216 2497 598
923 2 2 0 100 218 561 217
924 2 2 0 100 561 2497 217
925 2 2 0 100 219 2524 218
926 2 2 0 100 218 2524 561
927 2 2 0 100 220 1828 219
928 2 2 0 100 1828 2524 219
929 2 2 0 100 221 596 220
930 2 2 0 100 596 1828 220
931 2 2 0 100 222 2520 221
932 2 2 0 100 221 2520 596
933 2 2 0 100 223 555 222
934 2 2 0 100 555 2520 222
935 2 2 0 100 224 2577 223
936 2 2 0 100 223 2577 555
937 2 2 0 100 225 592 224
938 2 2 0 100 592 2577 224
939 2 2 0 100 226 2554 225
940 2 2 0 100 225 2554 592
941 2 2 0 100 227 2546 226
942 2 2 0 100 2546 2554 226
943 2 2 0 100 228 572 227
944 2 2 0 100 572 2546 227
945 2 2 0 100 229 2543 228
946 2 2 0 100 228 2543 572
947 2 2 0 100 230 595 229
948 2 2 0 100 595 2543 229
949 2 2 0 100 231 2572 230
950 2 2 0 100 230 2572 595
951 2 2 0 100 232 542 231
952 2 2 0 100 542 2572 231
953 2 2 0 100 233 1658 232
954 2 2 0 100 232 1658 542
955 2 2 0 100 234 2531 233
956 2 2 0 100 233 2531 1658
957 2 2 0 100 235 597 234
958 2 2 0 100 597 2531 234
959 2 2 0 100 235 2499 597
960 2 2 0 100 1658 2603 542
961 2 2 0 100 1808 2572 542
962 2 2 0 100 542 2603 1808
963 2 2 0 100 1794 1795 543
964 2 2 0 100 1795 2560 543
965 2 2 0 100 543 2560 2532
966 2 2 0 100 544 2545 1667
967 2 2 0 100 1667 2612 544
968 2 2 0 100 544 2612 2493
969 2 2 0 100 545 2544 2473
970 2 2 0 100 2473 2619 545
971 2 2 0 100 2485 2544 545
972 2 2 0 100 546 2555 1962
973 2 2 0 100 1962 2576 546
974 2 2 0 100 546 2576 2510
975 2 2 0 100 1872 2517 547
976 2 2 0 100 547 2598 1872
977 2 2 0 100 547 2615 2496
978 2 2 0 100 2517 2615 547
979 2 2 0 100 548 2480 1659
980 2 2 0 100 1659 2529 548
981 2 2 0 100 548 2494 2480
982 2 2 0 100 2523 2567 549
983 2 2 0 100 2567 2585 549
984 2 2 0 100 2585 2609 549
985 2 2 0 100 2222 2498 550
986 2 2 0 100 550 2605 2222
987 2 2 0 100 2487 2605 550
988 2 2 0 100 551 2231 2230
989 2 2 0 100 2230 2462 551
990 2 2 0 100 551 2549 2231
991 2 2 0 100 2462 2570 551
992 2 2 0 100 552 2586 2507
993 2 2 0 100 2514 2592 552
994 2 2 0 100 552 2592 2586
995 2 2 0 100 553 2280 1679
996 2 2 0 100 1679 2552 553
997 2 2 0 100 553 2584 2280
998 2 2 0 100 1669 2579 554
999 2 2 0 100 554 2587 1669
1000 2 2 0 100 2518 2587 554
1001 2 2 0 100 1664 1665 555
1002 2 2 0 100 555 1666 1664
1003 2 2 0 100 1665 2520 555
1004 2 2 0 100 555 2577 1666
1005 2 2 0 100 556 2528 2415
1006 2 2 0 100 2415 2611 556
1007 2 2 0 100 556 2611 2573
1008 2 2 0 100 557 2512 1855
1009 2 2 0 100 1855 2594 557
1010 2 2 0 100 557 2594 2537
1011 2 2 0 100 1859 2581 558
1012 2 2 0 100 558 2606 1859
1013 2 2 0 100 558 2581 2501
1014 2 2 0 100 1673 2315 559
1015 2 2 0 100 559 2564 1673
1016 2 2 0 100 2315 2557 559
1017 2 2 0 100 559 2557 2491
1018 2 2 0 100 560 2505 1677
1019 2 2 0 100 1677 2530 560
1020 2 2 0 100 560 2530 2495
1021 2 2 0 100 1623 2497 561
1022 2 2 0 100 561 2597 1623
1023 2 2 0 100 2524 2597 561
1024 2 2 0 100 562 2465 2464
1025 2 2 0 100 2464 2475 562
1026 2 2 0 100 562 2534 2465
1027 2 2 0 100 563 2604 1929
1028 2 2 0 100 1929 2613 563
1029 2 2 0 100 563 2521 2499
1030 2 2 0 100 563 2613 2521
1031 2 2 0 100 2479 2600 564
1032 2 2 0 100 564 2622 2479
1033 2 2 0 100 2482 2571 564
1034 2 2 0 100 564 2600 2482
1035 2 2 0 100 1654 2388 565
1036 2 2 0 100 565 2566 1654
1037 2 2 0 100 2388 2513 565
1038 2 2 0 100 2508 2566 565
1039 2 2 0 100 566 2538 2484
1040 2 2 0 100 2489 2595 566
1041 2 2 0 100 566 2595 2538
1042 2 2 0 100 567 607 606
1043 2 2 0 100 567 608 607
1044 2 2 0 100 567 2488 608
1045 2 2 0 100 568 2515 1814
1046 2 2 0 100 1814 2621 568
1047 2 2 0 100 2486 2515 568
1048 2 2 0 100 569 2565 2500
1049 2 2 0 100 2506 2614 569
1050 2 2 0 100 569 2614 2565
1051 2 2 0 100 570 1822 1660
1052 2 2 0 100 1660 2481 570
1053 2 2 0 100 570 2502 1822
1054 2 2 0 100 571 2492 2371
1055 2 2 0 100 2371 2563 571
1056 2 2 0 100 571 2563 2490
1057 2 2 0 100 1656 2539 572
1058 2 2 0 100 572 2543 1656
1059 2 2 0 100 2539 2546 572
1060 2 2 0 100 1891 1894 573
1061 2 2 0 100 573 2602 1891
1062 2 2 0 100 1894 2511 573
1063 2 2 0 100 2504 2602 573
1064 2 2 0 100 574 2561 2487
1065 2 2 0 100 2522 2541 574
1066 2 2 0 100 2541 2561 574
1067 2 2 0 100 575 2559 1653
1068 2 2 0 100 1653 2608 575
1069 2 2 0 100 575 2608 2486
1070 2 2 0 100 1672 1928 576
1071 2 2 0 100 576 2556 1672
1072 2 2 0 100 1928 1929 576
1073 2 2 0 100 1929 2604 576
1074 2 2 0 100 1662 1673 577
1075 2 2 0 100 577 1674 1662
1076 2 2 0 100 1673 2564 577
1077 2 2 0 100 577 2599 1674
1078 2 2 0 100 578 2491 2115
1079 2 2 0 100 2115 2596 578
1080 2 2 0 100 578 2596 2525
1081 2 2 0 100 579 2536 1661
1082 2 2 0 100 1661 2617 579
1083 2 2 0 100 2500 2536 579
1084 2 2 0 100 1789 2489 580
1085 2 2 0 100 580 2547 1789
1086 2 2 0 100 580 2618 2547
1087 2 2 0 100 1655 1813 581
1088 2 2 0 100 581 1814 1655
1089 2 2 0 100 1813 2518 581
1090 2 2 0 100 581 2621 1814
1091 2 2 0 100 582 2550 1895
1092 2 2 0 100 1895 2607 582
1093 2 2 0 100 582 2607 2485
1094 2 2 0 100 583 1649 1648
1095 2 2 0 100 1648 1650 583
1096 2 2 0 100 583 2475 1649
1097 2 2 0 100 584 2509 1950
1098 2 2 0 100 1950 2591 584
1099 2 2 0 100 584 2591 2534
1100 2 2 0 100 585 2473 2472
1101 2 2 0 100 2472 2578 585
1102 2 2 0 100 585 2619 2473
1103 2 2 0 100 585 2578 2492
1104 2 2 0 100 1663 1912 586
1105 2 2 0 100 586 2481 1663
1106 2 2 0 100 1912 2494 586
1107 2 2 0 100 587 2498 2474
1108 2 2 0 100 2474 2535 587
1109 2 2 0 100 2535 2580 587
1110 2 2 0 100 588 1676 1675
1111 2 2 0 100 1675 2505 588
1112 2 2 0 100 588 1678 1676
1113 2 2 0 100 589 2490 2423
1114 2 2 0 100 2423 2589 589
1115 2 2 0 100 589 2589 2519
1116 2 2 0 100 590 2483 2477
1117 2 2 0 100 2477 2502 590
1118 2 2 0 100 590 2533 2483
1119 2 2 0 100 2495 2551 591
1120 2 2 0 100 591 2601 2503
1121 2 2 0 100 2551 2601 591
1122 2 2 0 100 592 2554 2476
1123 2 2 0 100 2476 2590 592
1124 2 2 0 100 592 2590 2577
1125 2 2 0 100 2482 2569 593
1126 2 2 0 100 593 2571 2482
1127 2 2 0 100 593 2569 2568
1128 2 2 0 100 2239 2527 594
1129 2 2 0 100 594 2582 2239
1130 2 2 0 100 594 2527 2508
1131 2 2 0 100 1656 2543 595
1132 2 2 0 100 595 2553 1656
1133 2 2 0 100 1808 2553 595
1134 2 2 0 100 595 2572 1808
1135 2 2 0 100 596 2520 1665
1136 2 2 0 100 1665 2574 596
1137 2 2 0 100 596 2574 1828
1138 2 2 0 100 2499 2616 597
1139 2 2 0 100 597 2542 2531
1140 2 2 0 100 597 2616 2542
1141 2 2 0 100 1651 2526 598
1142 2 2 0 100 598 2562 1651
1143 2 2 0 100 2497 2562 598
1144 2 2 0 100 2466 2467 599
1145 2 2 0 100 599 2470 2466
1146 2 2 0 100 599 2537 2470
1147 2 2 0 100 600 2501 1657
1148 2 2 0 100 1657 2583 600
1149 2 2 0 100 600 2583 2478
1150 2 2 0 100 601 2513 2388
1151 2 2 0 100 2388 2588 601
1152 2 2 0 100 601 2588 2469
1153 2 2 0 100 2468 2516 602
1154 2 2 0 100 602 2532 2468
1155 2 2 0 100 602 2516 2488
1156 2 2 0 100 1643 2506 603
1157 2 2 0 100 603 2558 1643
1158 2 2 0 100 2496 2558 603
1159 2 2 0 100 604 1793 1792
1160 2 2 0 100 1792 1794 604
1161 2 2 0 100 604 2484 1793
1162 2 2 0 100 605 2593 2504
1163 2 2 0 100 2507 2575 605
1164 2 2 0 100 2575 2593 605
1165 2 2 0 100 607 1608 606
1166 2 2 0 100 1608 2522 606
1167 2 2 0 100 608 609 607
1168 2 2 0 100 609 1683 607
1169 2 2 0 100 607 1683 1608
1170 2 2 0 100 608 610 609
1171 2 2 0 100 608 2516 610
1172 2 2 0 100 2488 2516 608
1173 2 2 0 100 610 611 609
1174 2 2 0 100 611 612 609
1175 2 2 0 100 612 1683 609
1176 2 2 0 100 610 1765 611
1177 2 2 0 100 1682 1765 610
1178 2 2 0 100 610 2516 1682
1179 2 2 0 100 611 613 612
1180 2 2 0 100 611 614 613
1181 2 2 0 100 611 1765 614
1182 2 2 0 100 613 1684 612
1183 2 2 0 100 612 1768 1683
1184 2 2 0 100 1684 1768 612
1185 2 2 0 100 614 615 613
1186 2 2 0 100 615 616 613
1187 2 2 0 100 616 1684 613
1188 2 2 0 100 614 1685 615
1189 2 2 0 100 614 2430 1685
1190 2 2 0 100 1765 2430 614
1191 2 2 0 100 615 617 616
1192 2 2 0 100 615 618 617
1193 2 2 0 100 615 1685 618
1194 2 2 0 100 617 1766 616
1195 2 2 0 100 616 1767 1684
1196 2 2 0 100 1766 1767 616
1197 2 2 0 100 618 619 617
1198 2 2 0 100 619 620 617
1199 2 2 0 100 620 1766 617
1200 2 2 0 100 618 1687 619
1201 2 2 0 100 1685 1686 618
1202 2 2 0 100 1686 1687 618
1203 2 2 0 100 619 621 620
1204 2 2 0 100 619 622 621
1205 2 2 0 100 619 1687 622
1206 2 2 0 100 621 1774 620
1207 2 2 0 100 620 1769 1766
1208 2 2 0 100 620 1774 1769
1209 2 2 0 100 622 623 621
1210 2 2 0 100 623 624 621
1211 2 2 0 100 624 1774 621
1212 2 2 0 100 622 2428 623
1213 2 2 0 100 1687 1688 622
1214 2 2 0 100 1688 2428 622
1215 2 2 0 100 623 625 624
1216 2 2 0 100 623 626 625
1217 2 2 0 100 623 2428 626
1218 2 2 0 100 625 1776 624
1219 2 2 0 100 624 1775 1774
1220 2 2 0 100 624 1776 1775
1221 2 2 0 100 626 627 625
1222 2 2 0 100 627 628 625
1223 2 2 0 100 628 1776 625
1224 2 2 0 100 626 1830 627
1225 2 2 0 100 626 1831 1830
1226 2 2 0 100 626 2428 1831
1227 2 2 0 100 627 629 628
1228 2 2 0 100 627 630 629
1229 2 2 0 100 627 1830 630
1230 2 2 0 100 629 2244 628
1231 2 2 0 100 628 2245 1776
1232 2 2 0 100 2244 2245 628
1233 2 2 0 100 630 631 629
1234 2 2 0 100 631 632 629
1235 2 2 0 100 632 2244 629
1236 2 2 0 100 630 1763 631
1237 2 2 0 100 630 2427 1763
1238 2 2 0 100 1830 2427 630
1239 2 2 0 100 631 633 632
1240 2 2 0 100 631 634 633
1241 2 2 0 100 631 1763 634
1242 2 2 0 100 633 2015 632
1243 2 2 0 100 2015 2306 632
1244 2 2 0 100 632 2306 2244
1245 2 2 0 100 634 635 633
1246 2 2 0 100 635 636 633
1247 2 2 0 100 636 2015 633
1248 2 2 0 100 634 1764 635
1249 2 2 0 100 634 1763 1759
1250 2 2 0 100 1759 1764 634
1251 2 2 0 100 635 637 636
1252 2 2 0 100 635 638 637
1253 2 2 0 100 635 1764 638
1254 2 2 0 100 637 2095 636
1255 2 2 0 100 636 2132 2015
1256 2 2 0 100 2095 2132 636
1257 2 2 0 100 638 639 637
1258 2 2 0 100 639 640 637
1259 2 2 0 100 640 2095 637
1260 2 2 0 100 638 1761 639
1261 2 2 0 100 638 2410 1761
1262 2 2 0 100 1764 2410 638
1263 2 2 0 100 639 641 640
1264 2 2 0 100 639 642 641
1265 2 2 0 100 639 1761 642
1266 2 2 0 100 641 1964 640
1267 2 2 0 100 1964 1982 640
1268 2 2 0 100 1982 2095 640
1269 2 2 0 100 642 643 641
1270 2 2 0 100 643 644 641
1271 2 2 0 100 644 1964 641
1272 2 2 0 100 642 1762 643
1273 2 2 0 100 642 1761 1754
1274 2 2 0 100 1754 1762 642
1275 2 2 0 100 643 645 644
1276 2 2 0 100 643 646 645
1277 2 2 0 100 643 1762 646
1278 2 2 0 100 645 2100 644
1279 2 2 0 100 644 2037 1964
1280 2 2 0 100 644 2100 2037
1281 2 2 0 100 646 647 645
1282 2 2 0 100 647 648 645
1283 2 2 0 100 648 2100 645
1284 2 2 0 100 646 1756 647
1285 2 2 0 100 646 1963 1756
1286 2 2 0 100 1762 1963 646
1287 2 2 0 100 647 649 648
1288 2 2 0 100 647 650 649
1289 2 2 0 100 647 1756 650
1290 2 2 0 100 649 2094 648
1291 2 2 0 100 648 2094 1993
1292 2 2 0 100 1993 2100 648
1293 2 2 0 100 650 651 649
1294 2 2 0 100 651 652 649
1295 2 2 0 100 652 2094 649
1296 2 2 0 100 650 1757 651
1297 2 2 0 100 650 1756 1752
1298 2 2 0 100 1752 1757 650
1299 2 2 0 100 651 653 652
1300 2 2 0 100 651 654 653
1301 2 2 0 100 651 1757 654
1302 2 2 0 100 653 2147 652
1303 2 2 0 100 652 2109 2094
1304 2 2 0 100 652 2147 2109
1305 2 2 0 100 654 655 653
1306 2 2 0 100 655 656 653
1307 2 2 0 100 656 2147 653
1308 2 2 0 100 654 2438 655
1309 2 2 0 100 1757 1758 654
1310 2 2 0 100 1758 2438 654
1311 2 2 0 100 655 657 656
1312 2 2 0 100 655 658 657
1313 2 2 0 100 655 2438 658
1314 2 2 0 100 657 2058 656
1315 2 2 0 100 2058 2155 656
1316 2 2 0 100 656 2155 2147
1317 2 2 0 100 658 659 657
1318 2 2 0 100 659 660 657
1319 2 2 0 100 660 2058 657
1320 2 2 0 100 658 2082 659
1321 2 2 0 100 1772 2082 658
1322 2 2 0 100 658 2438 1772
1323 2 2 0 100 659 661 660
1324 2 2 0 100 659 662 661
1325 2 2 0 100 659 2082 662
1326 2 2 0 100 661 663 660
1327 2 2 0 100 663 1060 660
1328 2 2 0 100 1060 2058 660
1329 2 2 0 100 662 664 661
1330 2 2 0 100 661 2105 663
1331 2 2 0 100 664 2105 661
1332 2 2 0 100 662 665 664
1333 2 2 0 100 662 1084 665
1334 2 2 0 100 662 2082 1084
1335 2 2 0 100 663 1061 1060
1336 2 2 0 100 663 1157 1061
1337 2 2 0 100 663 2105 1157
1338 2 2 0 100 665 666 664
1339 2 2 0 100 666 1416 664
1340 2 2 0 100 1416 2105 664
1341 2 2 0 100 665 667 666
1342 2 2 0 100 665 2449 667
1343 2 2 0 100 1084 2449 665
1344 2 2 0 100 667 668 666
1345 2 2 0 100 668 1965 666
1346 2 2 0 100 666 1965 1416
1347 2 2 0 100 667 669 668
1348 2 2 0 100 667 2084 669
1349 2 2 0 100 667 2449 2084
1350 2 2 0 100 669 670 668
1351 2 2 0 100 670 673 668
1352 2 2 0 100 673 1965 668
1353 2 2 0 100 669 671 670
1354 2 2 0 100 669 672 671
1355 2 2 0 100 669 2084 672
1356 2 2 0 100 671 2025 670
1357 2 2 0 100 670 674 673
1358 2 2 0 100 670 2025 674
1359 2 2 0 100 672 676 671
1360 2 2 0 100 676 1214 671
1361 2 2 0 100 1214 2025 671
1362 2 2 0 100 672 677 676
1363 2 2 0 100 672 1230 677
1364 2 2 0 100 672 2084 1230
1365 2 2 0 100 674 675 673
1366 2 2 0 100 675 2190 673
1367 2 2 0 100 673 2190 1965
1368 2 2 0 100 674 678 675
1369 2 2 0 100 674 2088 678
1370 2 2 0 100 2025 2088 674
1371 2 2 0 100 678 679 675
1372 2 2 0 100 679 975 675
1373 2 2 0 100 975 2190 675
1374 2 2 0 100 677 680 676
1375 2 2 0 100 680 2062 676
1376 2 2 0 100 676 2062 1214
1377 2 2 0 100 677 681 680
1378 2 2 0 100 677 2444 681
1379 2 2 0 100 1230 2444 677
1380 2 2 0 100 678 682 679
1381 2 2 0 100 678 978 682
1382 2 2 0 100 678 2088 978
1383 2 2 0 100 682 683 679
1384 2 2 0 100 683 2017 679
1385 2 2 0 100 679 2017 975
1386 2 2 0 100 681 684 680
1387 2 2 0 100 684 1986 680
1388 2 2 0 100 1986 2062 680
1389 2 2 0 100 681 685 684
1390 2 2 0 100 681 2004 685
1391 2 2 0 100 681 2444 2004
1392 2 2 0 100 682 686 683
1393 2 2 0 100 682 2174 686
1394 2 2 0 100 978 2174 682
1395 2 2 0 100 686 687 683
1396 2 2 0 100 687 2016 683
1397 2 2 0 100 2016 2017 683
1398 2 2 0 100 685 688 684
1399 2 2 0 100 688 690 684
1400 2 2 0 100 690 1986 684
1401 2 2 0 100 685 689 688
1402 2 2 0 100 685 739 689
1403 2 2 0 100 685 2004 739
1404 2 2 0 100 686 691 687
1405 2 2 0 100 686 2313 691
1406 2 2 0 100 2174 2313 686
1407 2 2 0 100 691 692 687
1408 2 2 0 100 692 693 687
1409 2 2 0 100 693 2016 687
1410 2 2 0 100 689 2076 688
1411 2 2 0 100 688 698 690
1412 2 2 0 100 688 2076 698
1413 2 2 0 100 739 740 689
1414 2 2 0 100 740 1085 689
1415 2 2 0 100 1085 2076 689
1416 2 2 0 100 698 699 690
1417 2 2 0 100 699 2193 690
1418 2 2 0 100 690 2193 1986
1419 2 2 0 100 691 702 692
1420 2 2 0 100 691 777 702
1421 2 2 0 100 691 2313 777
1422 2 2 0 100 692 694 693
1423 2 2 0 100 692 1987 694
1424 2 2 0 100 702 1987 692
1425 2 2 0 100 694 695 693
1426 2 2 0 100 695 2197 693
1427 2 2 0 100 693 2197 2016
1428 2 2 0 100 694 696 695
1429 2 2 0 100 694 1044 696
1430 2 2 0 100 694 1987 1044
1431 2 2 0 100 696 697 695
1432 2 2 0 100 697 871 695
1433 2 2 0 100 871 2197 695
1434 2 2 0 100 696 700 697
1435 2 2 0 100 696 1926 700
1436 2 2 0 100 1044 1926 696
1437 2 2 0 100 700 701 697
1438 2 2 0 100 701 2161 697
1439 2 2 0 100 697 2161 871
1440 2 2 0 100 698 703 699
1441 2 2 0 100 698 1426 703
1442 2 2 0 100 698 2076 1426
1443 2 2 0 100 703 704 699
1444 2 2 0 100 704 1041 699
1445 2 2 0 100 1041 2193 699
1446 2 2 0 100 700 705 701
1447 2 2 0 100 700 707 705
1448 2 2 0 100 700 1926 707
1449 2 2 0 100 705 706 701
1450 2 2 0 100 706 1388 701
1451 2 2 0 100 1388 2161 701
1452 2 2 0 100 777 778 702
1453 2 2 0 100 778 2045 702
1454 2 2 0 100 702 2045 1987
1455 2 2 0 100 703 710 704
1456 2 2 0 100 703 2183 710
1457 2 2 0 100 1426 2183 703
1458 2 2 0 100 710 711 704
1459 2 2 0 100 711 1904 704
1460 2 2 0 100 704 1904 1041
1461 2 2 0 100 705 708 706
1462 2 2 0 100 707 2198 705
1463 2 2 0 100 705 2198 708
1464 2 2 0 100 708 709 706
1465 2 2 0 100 709 1970 706
1466 2 2 0 100 706 1970 1388
1467 2 2 0 100 1926 2316 707
1468 2 2 0 100 707 2304 2198
1469 2 2 0 100 707 2316 2304
1470 2 2 0 100 708 712 709
1471 2 2 0 100 708 1967 712
1472 2 2 0 100 708 2198 1967
1473 2 2 0 100 712 713 709
1474 2 2 0 100 713 714 709
1475 2 2 0 100 714 1970 709
1476 2 2 0 100 710 731 711
1477 2 2 0 100 710 732 731
1478 2 2 0 100 710 2183 732
1479 2 2 0 100 731 733 711
1480 2 2 0 100 733 896 711
1481 2 2 0 100 896 1904 711
1482 2 2 0 100 712 787 713
1483 2 2 0 100 712 788 787
1484 2 2 0 100 712 1967 788
1485 2 2 0 100 713 715 714
1486 2 2 0 100 713 2167 715
1487 2 2 0 100 787 2167 713
1488 2 2 0 100 715 716 714
1489 2 2 0 100 716 1081 714
1490 2 2 0 100 1081 1970 714
1491 2 2 0 100 715 717 716
1492 2 2 0 100 715 2039 717
1493 2 2 0 100 715 2167 2039
1494 2 2 0 100 717 718 716
1495 2 2 0 100 718 2040 716
1496 2 2 0 100 716 2040 1081
1497 2 2 0 100 717 719 718
1498 2 2 0 100 717 734 719
1499 2 2 0 100 717 2039 734
1500 2 2 0 100 719 720 718
1501 2 2 0 100 720 845 718
1502 2 2 0 100 845 2040 718
1503 2 2 0 100 719 721 720
1504 2 2 0 100 719 1953 721
1505 2 2 0 100 734 1953 719
1506 2 2 0 100 721 722 720
1507 2 2 0 100 722 2027 720
1508 2 2 0 100 720 2027 845
1509 2 2 0 100 721 723 722
1510 2 2 0 100 721 1090 723
1511 2 2 0 100 721 1953 1090
1512 2 2 0 100 723 724 722
1513 2 2 0 100 724 2026 722
1514 2 2 0 100 2026 2027 722
1515 2 2 0 100 723 725 724
1516 2 2 0 100 723 2150 725
1517 2 2 0 100 1090 2150 723
1518 2 2 0 100 725 726 724
1519 2 2 0 100 726 813 724
1520 2 2 0 100 813 2026 724
1521 2 2 0 100 725 727 726
1522 2 2 0 100 725 757 727
1523 2 2 0 100 725 2150 757
1524 2 2 0 100 727 728 726
1525 2 2 0 100 728 1944 726
1526 2 2 0 100 726 1944 813
1527 2 2 0 100 727 729 728
1528 2 2 0 100 727 2311 729
1529 2 2 0 100 757 2311 727
1530 2 2 0 100 729 730 728
1531 2 2 0 100 730 2159 728
1532 2 2 0 100 728 2159 1944
1533 2 2 0 100 729 735 730
1534 2 2 0 100 729 1182 735
1535 2 2 0 100 729 2311 1182
1536 2 2 0 100 735 736 730
1537 2 2 0 100 736 737 730
1538 2 2 0 100 737 2159 730
1539 2 2 0 100 732 765 731
1540 2 2 0 100 731 2160 733
1541 2 2 0 100 765 2160 731
1542 2 2 0 100 732 766 765
1543 2 2 0 100 732 1222 766
1544 2 2 0 100 732 2183 1222
1545 2 2 0 100 733 966 896
1546 2 2 0 100 733 1304 966
1547 2 2 0 100 733 2160 1304
1548 2 2 0 100 734 2350 1953
1549 2 2 0 100 2039 2375 734
1550 2 2 0 100 734 2375 2350
1551 2 2 0 100 735 2217 736
1552 2 2 0 100 1182 2192 735
1553 2 2 0 100 2192 2217 735
1554 2 2 0 100 736 738 737
1555 2 2 0 100 736 758 738
1556 2 2 0 100 736 2217 758
1557 2 2 0 100 738 2117 737
1558 2 2 0 100 737 2117 1809
1559 2 2 0 100 1809 2159 737
1560 2 2 0 100 758 759 738
1561 2 2 0 100 759 760 738
1562 2 2 0 100 760 2117 738
1563 2 2 0 100 739 741 740
1564 2 2 0 100 739 1059 741
1565 2 2 0 100 739 2004 1059
1566 2 2 0 100 741 742 740
1567 2 2 0 100 742 2071 740
1568 2 2 0 100 740 2071 1085
1569 2 2 0 100 741 743 742
1570 2 2 0 100 741 2028 743
1571 2 2 0 100 1059 2028 741
1572 2 2 0 100 743 744 742
1573 2 2 0 100 744 1078 742
1574 2 2 0 100 1078 2071 742
1575 2 2 0 100 743 745 744
1576 2 2 0 100 743 872 745
1577 2 2 0 100 743 2028 872
1578 2 2 0 100 745 746 744
1579 2 2 0 100 746 2050 744
1580 2 2 0 100 744 2050 1078
1581 2 2 0 100 745 747 746
1582 2 2 0 100 745 2437 747
1583 2 2 0 100 872 2437 745
1584 2 2 0 100 747 748 746
1585 2 2 0 100 748 750 746
1586 2 2 0 100 750 2050 746
1587 2 2 0 100 747 749 748
1588 2 2 0 100 747 2457 749
1589 2 2 0 100 2437 2457 747
1590 2 2 0 100 749 751 748
1591 2 2 0 100 748 2175 750
1592 2 2 0 100 751 2175 748
1593 2 2 0 100 749 752 751
1594 2 2 0 100 749 833 752
1595 2 2 0 100 749 2457 833
1596 2 2 0 100 1906 2002 750
1597 2 2 0 100 750 2175 1906
1598 2 2 0 100 2002 2050 750
1599 2 2 0 100 752 753 751
1600 2 2 0 100 753 1093 751
1601 2 2 0 100 1093 2175 751
1602 2 2 0 100 752 754 753
1603 2 2 0 100 752 2022 754
1604 2 2 0 100 833 2022 752
1605 2 2 0 100 754 755 753
1606 2 2 0 100 755 2077 753
1607 2 2 0 100 753 2077 1093
1608 2 2 0 100 754 756 755
1609 2 2 0 100 754 2029 756
1610 2 2 0 100 2022 2029 754
1611 2 2 0 100 756 762 755
1612 2 2 0 100 762 764 755
1613 2 2 0 100 764 2077 755
1614 2 2 0 100 756 763 762
1615 2 2 0 100 756 775 763
1616 2 2 0 100 756 2029 775
1617 2 2 0 100 757 2309 1888
1618 2 2 0 100 1888 2311 757
1619 2 2 0 100 2150 2309 757
1620 2 2 0 100 758 1142 759
1621 2 2 0 100 758 1151 1142
1622 2 2 0 100 758 2217 1151
1623 2 2 0 100 759 761 760
1624 2 2 0 100 759 2151 761
1625 2 2 0 100 1142 2151 759
1626 2 2 0 100 761 767 760
1627 2 2 0 100 767 1049 760
1628 2 2 0 100 1049 2117 760
1629 2 2 0 100 761 768 767
1630 2 2 0 100 761 769 768
1631 2 2 0 100 761 2151 769
1632 2 2 0 100 763 2085 762
1633 2 2 0 100 762 1155 764
1634 2 2 0 100 762 2085 1155
1635 2 2 0 100 775 776 763
1636 2 2 0 100 776 791 763
1637 2 2 0 100 791 2085 763
1638 2 2 0 100 1155 1156 764
1639 2 2 0 100 1156 1412 764
1640 2 2 0 100 1412 2077 764
1641 2 2 0 100 766 795 765
1642 2 2 0 100 795 2126 765
1643 2 2 0 100 2126 2160 765
1644 2 2 0 100 766 796 795
1645 2 2 0 100 766 2204 796
1646 2 2 0 100 1222 2204 766
1647 2 2 0 100 768 2019 767
1648 2 2 0 100 767 1955 1049
1649 2 2 0 100 767 2019 1955
1650 2 2 0 100 769 770 768
1651 2 2 0 100 770 771 768
1652 2 2 0 100 771 2019 768
1653 2 2 0 100 769 1141 770
1654 2 2 0 100 769 2139 1141
1655 2 2 0 100 769 2151 2139
1656 2 2 0 100 770 772 771
1657 2 2 0 100 770 2119 772
1658 2 2 0 100 1141 2119 770
1659 2 2 0 100 772 773 771
1660 2 2 0 100 773 1056 771
1661 2 2 0 100 1056 2019 771
1662 2 2 0 100 772 774 773
1663 2 2 0 100 772 797 774
1664 2 2 0 100 772 2119 797
1665 2 2 0 100 774 2209 773
1666 2 2 0 100 773 1212 1056
1667 2 2 0 100 773 2209 1212
1668 2 2 0 100 797 798 774
1669 2 2 0 100 798 799 774
1670 2 2 0 100 799 2209 774
1671 2 2 0 100 775 2063 776
1672 2 2 0 100 2029 2030 775
1673 2 2 0 100 2030 2063 775
1674 2 2 0 100 776 792 791
1675 2 2 0 100 776 793 792
1676 2 2 0 100 776 2063 793
1677 2 2 0 100 777 779 778
1678 2 2 0 100 777 2333 779
1679 2 2 0 100 2313 2333 777
1680 2 2 0 100 779 780 778
1681 2 2 0 100 780 1080 778
1682 2 2 0 100 1080 2045 778
1683 2 2 0 100 779 781 780
1684 2 2 0 100 779 877 781
1685 2 2 0 100 779 2333 877
1686 2 2 0 100 781 782 780
1687 2 2 0 100 782 2354 780
1688 2 2 0 100 780 2354 1080
1689 2 2 0 100 781 783 782
1690 2 2 0 100 781 2120 783
1691 2 2 0 100 877 2120 781
1692 2 2 0 100 783 784 782
1693 2 2 0 100 784 786 782
1694 2 2 0 100 786 2354 782
1695 2 2 0 100 783 785 784
1696 2 2 0 100 783 1092 785
1697 2 2 0 100 783 2120 1092
1698 2 2 0 100 785 805 784
1699 2 2 0 100 784 1956 786
1700 2 2 0 100 805 1956 784
1701 2 2 0 100 785 806 805
1702 2 2 0 100 785 2089 806
1703 2 2 0 100 1092 2089 785
1704 2 2 0 100 786 2059 1917
1705 2 2 0 100 1917 2354 786
1706 2 2 0 100 1956 2059 786
1707 2 2 0 100 788 789 787
1708 2 2 0 100 789 1398 787
1709 2 2 0 100 1398 2167 787
1710 2 2 0 100 788 790 789
1711 2 2 0 100 788 1422 790
1712 2 2 0 100 788 1967 1422
1713 2 2 0 100 790 811 789
1714 2 2 0 100 811 2168 789
1715 2 2 0 100 789 2168 1398
1716 2 2 0 100 790 812 811
1717 2 2 0 100 790 2202 812
1718 2 2 0 100 1422 2202 790
1719 2 2 0 100 792 2143 791
1720 2 2 0 100 791 2121 2085
1721 2 2 0 100 791 2143 2121
1722 2 2 0 100 793 794 792
1723 2 2 0 100 794 807 792
1724 2 2 0 100 807 2143 792
1725 2 2 0 100 793 803 794
1726 2 2 0 100 793 2172 803
1727 2 2 0 100 2063 2172 793
1728 2 2 0 100 803 804 794
1729 2 2 0 100 804 1957 794
1730 2 2 0 100 794 1957 807
1731 2 2 0 100 796 808 795
1732 2 2 0 100 808 810 795
1733 2 2 0 100 810 2126 795
1734 2 2 0 100 796 809 808
1735 2 2 0 100 796 894 809
1736 2 2 0 100 796 2204 894
1737 2 2 0 100 797 1805 798
1738 2 2 0 100 797 2366 1805
1739 2 2 0 100 2119 2366 797
1740 2 2 0 100 798 800 799
1741 2 2 0 100 798 818 800
1742 2 2 0 100 798 1805 818
1743 2 2 0 100 800 801 799
1744 2 2 0 100 801 2134 799
1745 2 2 0 100 2134 2209 799
1746 2 2 0 100 800 802 801
1747 2 2 0 100 800 2144 802
1748 2 2 0 100 818 2144 800
1749 2 2 0 100 802 814 801
1750 2 2 0 100 814 823 801
1751 2 2 0 100 823 2134 801
1752 2 2 0 100 802 815 814
1753 2 2 0 100 802 2091 815
1754 2 2 0 100 802 2144 2091
1755 2 2 0 100 803 816 804
1756 2 2 0 100 803 824 816
1757 2 2 0 100 803 2172 824
1758 2 2 0 100 816 817 804
1759 2 2 0 100 817 2101 804
1760 2 2 0 100 804 2101 1957
1761 2 2 0 100 806 819 805
1762 2 2 0 100 819 2060 805
1763 2 2 0 100 805 2060 1956
1764 2 2 0 100 806 820 819
1765 2 2 0 100 806 2090 820
1766 2 2 0 100 2089 2090 806
1767 2 2 0 100 1907 2143 807
1768 2 2 0 100 807 2189 1907
1769 2 2 0 100 1957 2189 807
1770 2 2 0 100 809 1913 808
1771 2 2 0 100 808 831 810
1772 2 2 0 100 808 1913 831
1773 2 2 0 100 894 895 809
1774 2 2 0 100 895 1453 809
1775 2 2 0 100 1453 1913 809
1776 2 2 0 100 831 832 810
1777 2 2 0 100 832 1450 810
1778 2 2 0 100 1450 2126 810
1779 2 2 0 100 812 837 811
1780 2 2 0 100 837 844 811
1781 2 2 0 100 844 2168 811
1782 2 2 0 100 812 838 837
1783 2 2 0 100 812 846 838
1784 2 2 0 100 812 2202 846
1785 2 2 0 100 813 1944 1943
1786 2 2 0 100 1943 2127 813
1787 2 2 0 100 813 2127 2026
1788 2 2 0 100 815 821 814
1789 2 2 0 100 821 1801 814
1790 2 2 0 100 814 1801 823
1791 2 2 0 100 815 822 821
1792 2 2 0 100 815 834 822
1793 2 2 0 100 815 2091 834
1794 2 2 0 100 816 825 817
1795 2 2 0 100 824 2446 816
1796 2 2 0 100 816 2446 825
1797 2 2 0 100 825 826 817
1798 2 2 0 100 826 827 817
1799 2 2 0 100 827 2101 817
1800 2 2 0 100 818 1805 1782
1801 2 2 0 100 1782 1854 818
1802 2 2 0 100 1854 2144 818
1803 2 2 0 100 820 849 819
1804 2 2 0 100 849 850 819
1805 2 2 0 100 850 2060 819
1806 2 2 0 100 820 851 849
1807 2 2 0 100 820 852 851
1808 2 2 0 100 820 2090 852
1809 2 2 0 100 822 1780 821
1810 2 2 0 100 821 1780 1777
1811 2 2 0 100 1777 1801 821
1812 2 2 0 100 834 835 822
1813 2 2 0 100 835 836 822
1814 2 2 0 100 836 1780 822
1815 2 2 0 100 1801 1802 823
1816 2 2 0 100 1802 2290 823
1817 2 2 0 100 823 2290 2134
1818 2 2 0 100 824 2172 2067
1819 2 2 0 100 2067 2448 824
1820 2 2 0 100 824 2448 2446
1821 2 2 0 100 825 2194 826
1822 2 2 0 100 825 2447 2194
1823 2 2 0 100 2446 2447 825
1824 2 2 0 100 826 828 827
1825 2 2 0 100 826 829 828
1826 2 2 0 100 826 2194 829
1827 2 2 0 100 828 843 827
1828 2 2 0 100 843 1213 827
1829 2 2 0 100 1213 2101 827
1830 2 2 0 100 829 830 828
1831 2 2 0 100 830 2268 828
1832 2 2 0 100 828 2268 843
1833 2 2 0 100 829 839 830
1834 2 2 0 100 829 1968 839
1835 2 2 0 100 829 2194 1968
1836 2 2 0 100 839 840 830
1837 2 2 0 100 840 1874 830
1838 2 2 0 100 1874 2268 830
1839 2 2 0 100 831 863 832
1840 2 2 0 100 831 2135 863
1841 2 2 0 100 1913 2135 831
1842 2 2 0 100 863 864 832
1843 2 2 0 100 864 1969 832
1844 2 2 0 100 832 1969 1450
1845 2 2 0 100 833 2455 2022
1846 2 2 0 100 833 2456 2455
1847 2 2 0 100 833 2457 2456
1848 2 2 0 100 834 867 835
1849 2 2 0 100 834 1226 867
1850 2 2 0 100 834 2091 1226
1851 2 2 0 100 835 841 836
1852 2 2 0 100 835 2003 841
1853 2 2 0 100 867 2003 835
1854 2 2 0 100 841 842 836
1855 2 2 0 100 842 2398 836
1856 2 2 0 100 836 2398 1780
1857 2 2 0 100 838 1958 837
1858 2 2 0 100 837 857 844
1859 2 2 0 100 837 1958 857
1860 2 2 0 100 846 847 838
1861 2 2 0 100 847 1988 838
1862 2 2 0 100 838 1988 1958
1863 2 2 0 100 839 861 840
1864 2 2 0 100 839 873 861
1865 2 2 0 100 839 1968 873
1866 2 2 0 100 861 862 840
1867 2 2 0 100 862 876 840
1868 2 2 0 100 876 1874 840
1869 2 2 0 100 841 859 842
1870 2 2 0 100 841 2043 859
1871 2 2 0 100 2003 2043 841
1872 2 2 0 100 859 860 842
1873 2 2 0 100 860 870 842
1874 2 2 0 100 870 2398 842
1875 2 2 0 100 843 1377 1213
1876 2 2 0 100 843 1572 1377
1877 2 2 0 100 843 2268 1572
1878 2 2 0 100 857 858 844
1879 2 2 0 100 858 1160 844
1880 2 2 0 100 1160 2168 844
1881 2 2 0 100 1882 2040 845
1882 2 2 0 100 845 2056 1882
1883 2 2 0 100 2027 2056 845
1884 2 2 0 100 846 848 847
1885 2 2 0 100 846 1161 848
1886 2 2 0 100 846 2202 1161
1887 2 2 0 100 848 865 847
1888 2 2 0 100 865 887 847
1889 2 2 0 100 887 1988 847
1890 2 2 0 100 848 866 865
1891 2 2 0 100 848 2285 866
1892 2 2 0 100 1161 2285 848
1893 2 2 0 100 849 882 850
1894 2 2 0 100 851 2112 849
1895 2 2 0 100 849 2112 882
1896 2 2 0 100 882 883 850
1897 2 2 0 100 883 2051 850
1898 2 2 0 100 2051 2060 850
1899 2 2 0 100 852 853 851
1900 2 2 0 100 853 1973 851
1901 2 2 0 100 1973 2112 851
1902 2 2 0 100 852 854 853
1903 2 2 0 100 852 2148 854
1904 2 2 0 100 2090 2148 852
1905 2 2 0 100 854 855 853
1906 2 2 0 100 855 898 853
1907 2 2 0 100 898 1973 853
1908 2 2 0 100 854 856 855
1909 2 2 0 100 854 886 856
1910 2 2 0 100 854 2148 886
1911 2 2 0 100 856 868 855
1912 2 2 0 100 868 2068 855
1913 2 2 0 100 855 2068 898
1914 2 2 0 100 856 869 868
1915 2 2 0 100 856 2178 869
1916 2 2 0 100 886 2178 856
1917 2 2 0 100 857 880 858
1918 2 2 0 100 857 1542 880
1919 2 2 0 100 857 1958 1542
1920 2 2 0 100 880 881 858
1921 2 2 0 100 881 2052 858
1922 2 2 0 100 858 2052 1160
1923 2 2 0 100 859 878 860
1924 2 2 0 100 859 897 878
1925 2 2 0 100 859 2043 897
1926 2 2 0 100 860 1945 870
1927 2 2 0 100 878 879 860
1928 2 2 0 100 879 1945 860
1929 2 2 0 100 861 874 862
1930 2 2 0 100 873 2203 861
1931 2 2 0 100 861 2203 874
1932 2 2 0 100 874 875 862
1933 2 2 0 100 875 1937 862
1934 2 2 0 100 862 1937 876
1935 2 2 0 100 863 889 864
1936 2 2 0 100 863 890 889
1937 2 2 0 100 863 2135 890
1938 2 2 0 100 889 891 864
1939 2 2 0 100 891 909 864
1940 2 2 0 100 909 1969 864
1941 2 2 0 100 866 884 865
1942 2 2 0 100 884 2341 865
1943 2 2 0 100 865 2341 887
1944 2 2 0 100 866 885 884
1945 2 2 0 100 866 1994 885
1946 2 2 0 100 866 2285 1994
1947 2 2 0 100 1226 1370 867
1948 2 2 0 100 1370 1372 867
1949 2 2 0 100 1372 2003 867
1950 2 2 0 100 869 888 868
1951 2 2 0 100 888 1052 868
1952 2 2 0 100 1052 2068 868
1953 2 2 0 100 869 1187 888
1954 2 2 0 100 869 1188 1187
1955 2 2 0 100 869 2178 1188
1956 2 2 0 100 870 2385 1779
1957 2 2 0 100 1779 2398 870
1958 2 2 0 100 1945 2385 870
1959 2 2 0 100 871 2161 2081
1960 2 2 0 100 2081 2296 871
1961 2 2 0 100 871 2296 2197
1962 2 2 0 100 2028 2459 872
1963 2 2 0 100 872 2458 2437
1964 2 2 0 100 872 2459 2458
1965 2 2 0 100 1968 2443 873
1966 2 2 0 100 873 2442 2203
1967 2 2 0 100 873 2443 2442
1968 2 2 0 100 874 892 875
1969 2 2 0 100 874 1995 892
1970 2 2 0 100 874 2203 1995
1971 2 2 0 100 892 893 875
1972 2 2 0 100 893 2387 875
1973 2 2 0 100 875 2387 1937
1974 2 2 0 100 1843 1873 876
1975 2 2 0 100 876 1937 1843
1976 2 2 0 100 1873 1874 876
1977 2 2 0 100 877 2347 2120
1978 2 2 0 100 2333 2339 877
1979 2 2 0 100 2339 2347 877
1980 2 2 0 100 878 899 879
1981 2 2 0 100 897 2270 878
1982 2 2 0 100 878 2270 899
1983 2 2 0 100 899 900 879
1984 2 2 0 100 900 1918 879
1985 2 2 0 100 1918 1945 879
1986 2 2 0 100 880 905 881
1987 2 2 0 100 880 1960 905
1988 2 2 0 100 1542 1960 880
1989 2 2 0 100 905 906 881
1990 2 2 0 100 906 940 881
1991 2 2 0 100 940 2052 881
1992 2 2 0 100 882 907 883
1993 2 2 0 100 882 1914 907
1994 2 2 0 100 882 2112 1914
1995 2 2 0 100 907 908 883
1996 2 2 0 100 908 976 883
1997 2 2 0 100 976 2051 883
1998 2 2 0 100 885 901 884
1999 2 2 0 100 901 1055 884
2000 2 2 0 100 1055 2341 884
2001 2 2 0 100 885 902 901
2002 2 2 0 100 885 903 902
2003 2 2 0 100 885 1994 903
2004 2 2 0 100 2148 2351 886
2005 2 2 0 100 886 2358 2178
2006 2 2 0 100 2351 2358 886
2007 2 2 0 100 887 1989 1988
2008 2 2 0 100 887 2327 1989
2009 2 2 0 100 887 2341 2327
2010 2 2 0 100 888 1053 1052
2011 2 2 0 100 888 2152 1053
2012 2 2 0 100 1187 2152 888
2013 2 2 0 100 890 919 889
2014 2 2 0 100 889 2199 891
2015 2 2 0 100 919 2199 889
2016 2 2 0 100 890 920 919
2017 2 2 0 100 890 1300 920
2018 2 2 0 100 890 2135 1300
2019 2 2 0 100 891 910 909
2020 2 2 0 100 891 2102 910
2021 2 2 0 100 891 2199 2102
2022 2 2 0 100 892 912 893
2023 2 2 0 100 892 965 912
2024 2 2 0 100 892 1995 965
2025 2 2 0 100 912 918 893
2026 2 2 0 100 918 921 893
2027 2 2 0 100 921 2387 893
2028 2 2 0 100 894 914 895
2029 2 2 0 100 894 1921 914
2030 2 2 0 100 894 2204 1921
2031 2 2 0 100 914 915 895
2032 2 2 0 100 915 2170 895
2033 2 2 0 100 895 2170 1453
2034 2 2 0 100 966 967 896
2035 2 2 0 100 967 2005 896
2036 2 2 0 100 896 2005 1904
2037 2 2 0 100 897 2043 1868
2038 2 2 0 100 1868 2303 897
2039 2 2 0 100 897 2303 2270
2040 2 2 0 100 898 2344 1973
2041 2 2 0 100 2068 2377 898
2042 2 2 0 100 898 2377 2344
2043 2 2 0 100 899 916 900
2044 2 2 0 100 899 1903 916
2045 2 2 0 100 899 2270 1903
2046 2 2 0 100 916 917 900
2047 2 2 0 100 917 963 900
2048 2 2 0 100 963 1918 900
2049 2 2 0 100 902 1923 901
2050 2 2 0 100 901 1057 1055
2051 2 2 0 100 901 1923 1057
2052 2 2 0 100 903 904 902
2053 2 2 0 100 904 911 902
2054 2 2 0 100 911 1923 902
2055 2 2 0 100 903 964 904
2056 2 2 0 100 903 1088 964
2057 2 2 0 100 903 1994 1088
2058 2 2 0 100 904 913 911
2059 2 2 0 100 904 2053 913
2060 2 2 0 100 964 2053 904
2061 2 2 0 100 905 968 906
2062 2 2 0 100 905 969 968
2063 2 2 0 100 905 1960 969
2064 2 2 0 100 906 941 940
2065 2 2 0 100 906 2185 941
2066 2 2 0 100 968 2185 906
2067 2 2 0 100 907 979 908
2068 2 2 0 100 907 980 979
2069 2 2 0 100 907 1914 980
2070 2 2 0 100 908 977 976
2071 2 2 0 100 908 2255 977
2072 2 2 0 100 979 2255 908
2073 2 2 0 100 910 970 909
2074 2 2 0 100 970 1184 909
2075 2 2 0 100 1184 1969 909
2076 2 2 0 100 910 971 970
2077 2 2 0 100 910 972 971
2078 2 2 0 100 910 2102 972
2079 2 2 0 100 913 981 911
2080 2 2 0 100 981 2075 911
2081 2 2 0 100 911 2075 1923
2082 2 2 0 100 912 962 918
2083 2 2 0 100 912 2264 962
2084 2 2 0 100 965 2264 912
2085 2 2 0 100 913 1234 981
2086 2 2 0 100 913 1417 1234
2087 2 2 0 100 913 2053 1417
2088 2 2 0 100 914 922 915
2089 2 2 0 100 914 1162 922
2090 2 2 0 100 914 1921 1162
2091 2 2 0 100 922 923 915
2092 2 2 0 100 923 924 915
2093 2 2 0 100 924 2170 915
2094 2 2 0 100 916 985 917
2095 2 2 0 100 916 989 985
2096 2 2 0 100 916 1903 989
2097 2 2 0 100 917 2228 963
2098 2 2 0 100 985 986 917
2099 2 2 0 100 986 2228 917
2100 2 2 0 100 918 1922 921
2101 2 2 0 100 962 984 918
2102 2 2 0 100 984 1922 918
2103 2 2 0 100 920 982 919
2104 2 2 0 100 982 2200 919
2105 2 2 0 100 919 2200 2199
2106 2 2 0 100 920 983 982
2107 2 2 0 100 920 2297 983
2108 2 2 0 100 1300 2297 920
2109 2 2 0 100 921 1922 1796
2110 2 2 0 100 1796 2276 921
2111 2 2 0 100 2276 2387 921
2112 2 2 0 100 922 1050 923
2113 2 2 0 100 922 2319 1050
2114 2 2 0 100 1162 2319 922
2115 2 2 0 100 923 925 924
2116 2 2 0 100 923 1924 925
2117 2 2 0 100 1050 1924 923
2118 2 2 0 100 925 926 924
2119 2 2 0 100 926 1183 924
2120 2 2 0 100 1183 2170 924
2121 2 2 0 100 925 927 926
2122 2 2 0 100 925 928 927
2123 2 2 0 100 925 1924 928
2124 2 2 0 100 927 935 926
2125 2 2 0 100 935 2363 926
2126 2 2 0 100 926 2363 1183
2127 2 2 0 100 928 929 927
2128 2 2 0 100 929 1966 927
2129 2 2 0 100 927 1966 935
2130 2 2 0 100 928 930 929
2131 2 2 0 100 928 1394 930
2132 2 2 0 100 928 1924 1394
2133 2 2 0 100 930 931 929
2134 2 2 0 100 931 2031 929
2135 2 2 0 100 929 2031 1966
2136 2 2 0 100 930 932 931
2137 2 2 0 100 930 1951 932
2138 2 2 0 100 1394 1951 930
2139 2 2 0 100 932 933 931
2140 2 2 0 100 933 939 931
2141 2 2 0 100 939 2031 931
2142 2 2 0 100 932 934 933
2143 2 2 0 100 932 938 934
2144 2 2 0 100 932 1951 938
2145 2 2 0 100 934 936 933
2146 2 2 0 100 936 2122 933
2147 2 2 0 100 933 2122 939
2148 2 2 0 100 934 937 936
2149 2 2 0 100 934 2129 937
2150 2 2 0 100 938 2129 934
2151 2 2 0 100 1966 2373 935
2152 2 2 0 100 2361 2363 935
2153 2 2 0 100 935 2373 2361
2154 2 2 0 100 937 960 936
2155 2 2 0 100 960 1051 936
2156 2 2 0 100 1051 2122 936
2157 2 2 0 100 937 961 960
2158 2 2 0 100 937 1984 961
2159 2 2 0 100 937 2129 1984
2160 2 2 0 100 938 2128 1933
2161 2 2 0 100 1933 2129 938
2162 2 2 0 100 1951 2128 938
2163 2 2 0 100 939 2032 2031
2164 2 2 0 100 939 2408 2032
2165 2 2 0 100 2122 2408 939
2166 2 2 0 100 941 942 940
2167 2 2 0 100 942 1413 940
2168 2 2 0 100 1413 2052 940
2169 2 2 0 100 941 943 942
2170 2 2 0 100 941 2301 943
2171 2 2 0 100 2185 2301 941
2172 2 2 0 100 943 944 942
2173 2 2 0 100 944 1846 942
2174 2 2 0 100 942 1846 1413
2175 2 2 0 100 943 945 944
2176 2 2 0 100 943 957 945
2177 2 2 0 100 943 2301 957
2178 2 2 0 100 945 946 944
2179 2 2 0 100 946 1163 944
2180 2 2 0 100 1163 1846 944
2181 2 2 0 100 945 947 946
2182 2 2 0 100 945 2033 947
2183 2 2 0 100 957 2033 945
2184 2 2 0 100 947 948 946
2185 2 2 0 100 948 2006 946
2186 2 2 0 100 946 2006 1163
2187 2 2 0 100 947 949 948
2188 2 2 0 100 947 1098 949
2189 2 2 0 100 947 2033 1098
2190 2 2 0 100 949 950 948
2191 2 2 0 100 950 1164 948
2192 2 2 0 100 1164 2006 948
2193 2 2 0 100 949 951 950
2194 2 2 0 100 949 2265 951
2195 2 2 0 100 1098 2265 949
2196 2 2 0 100 951 952 950
2197 2 2 0 100 952 1883 950
2198 2 2 0 100 950 1883 1164
2199 2 2 0 100 951 953 952
2200 2 2 0 100 951 974 953
2201 2 2 0 100 951 2265 974
2202 2 2 0 100 953 954 952
2203 2 2 0 100 954 2223 952
2204 2 2 0 100 952 2223 1883
2205 2 2 0 100 953 955 954
2206 2 2 0 100 953 1974 955
2207 2 2 0 100 974 1974 953
2208 2 2 0 100 955 956 954
2209 2 2 0 100 956 1077 954
2210 2 2 0 100 1077 2223 954
2211 2 2 0 100 955 958 956
2212 2 2 0 100 955 1079 958
2213 2 2 0 100 955 1974 1079
2214 2 2 0 100 958 959 956
2215 2 2 0 100 959 1934 956
2216 2 2 0 100 956 1934 1077
2217 2 2 0 100 957 2383 2033
2218 2 2 0 100 2301 2368 957
2219 2 2 0 100 2368 2383 957
2220 2 2 0 100 958 987 959
2221 2 2 0 100 958 2396 987
2222 2 2 0 100 1079 2396 958
2223 2 2 0 100 987 988 959
2224 2 2 0 100 988 991 959
2225 2 2 0 100 991 1934 959
2226 2 2 0 100 961 1009 960
2227 2 2 0 100 1009 2418 960
2228 2 2 0 100 960 2418 1051
2229 2 2 0 100 961 1010 1009
2230 2 2 0 100 961 1011 1010
2231 2 2 0 100 961 1984 1011
2232 2 2 0 100 962 990 984
2233 2 2 0 100 962 1099 990
2234 2 2 0 100 962 2264 1099
2235 2 2 0 100 963 1919 1918
2236 2 2 0 100 963 2173 1919
2237 2 2 0 100 963 2228 2173
2238 2 2 0 100 1088 1089 964
2239 2 2 0 100 1089 1179 964
2240 2 2 0 100 1179 2053 964
2241 2 2 0 100 1995 2440 965
2242 2 2 0 100 965 2439 2264
2243 2 2 0 100 965 2440 2439
2244 2 2 0 100 966 1094 967
2245 2 2 0 100 966 2110 1094
2246 2 2 0 100 1304 2110 966
2247 2 2 0 100 1094 1095 967
2248 2 2 0 100 1095 1096 967
2249 2 2 0 100 1096 2005 967
2250 2 2 0 100 969 1026 968
2251 2 2 0 100 1026 2187 968
2252 2 2 0 100 968 2187 2185
2253 2 2 0 100 969 1027 1026
2254 2 2 0 100 969 1152 1027
2255 2 2 0 100 969 1960 1152
2256 2 2 0 100 971 1097 970
2257 2 2 0 100 1097 2353 970
2258 2 2 0 100 970 2353 1184
2259 2 2 0 100 972 973 971
2260 2 2 0 100 973 2220 971
2261 2 2 0 100 971 2220 1097
2262 2 2 0 100 972 1113 973
2263 2 2 0 100 972 2047 1113
2264 2 2 0 100 972 2102 2047
2265 2 2 0 100 1113 1114 973
2266 2 2 0 100 1114 1189 973
2267 2 2 0 100 1189 2220 973
2268 2 2 0 100 974 1975 1974
2269 2 2 0 100 974 2409 1975
2270 2 2 0 100 2265 2409 974
2271 2 2 0 100 2017 2179 975
2272 2 2 0 100 975 2179 2130
2273 2 2 0 100 2130 2190 975
2274 2 2 0 100 977 1086 976
2275 2 2 0 100 1086 2257 976
2276 2 2 0 100 976 2257 2051
2277 2 2 0 100 977 1087 1086
2278 2 2 0 100 977 1448 1087
2279 2 2 0 100 977 2255 1448
2280 2 2 0 100 978 2156 1861
2281 2 2 0 100 1861 2174 978
2282 2 2 0 100 2088 2156 978
2283 2 2 0 100 980 1028 979
2284 2 2 0 100 1028 1091 979
2285 2 2 0 100 1091 2255 979
2286 2 2 0 100 980 1029 1028
2287 2 2 0 100 980 2274 1029
2288 2 2 0 100 1914 2274 980
2289 2 2 0 100 1234 1235 981
2290 2 2 0 100 1235 1236 981
2291 2 2 0 100 1236 2075 981
2292 2 2 0 100 983 1118 982
2293 2 2 0 100 1118 1120 982
2294 2 2 0 100 1120 2200 982
2295 2 2 0 100 983 1119 1118
2296 2 2 0 100 983 1240 1119
2297 2 2 0 100 983 2297 1240
2298 2 2 0 100 990 1025 984
2299 2 2 0 100 1025 1107 984
2300 2 2 0 100 1107 1922 984
2301 2 2 0 100 985 1110 986
2302 2 2 0 100 989 1976 985
2303 2 2 0 100 985 1976 1110
2304 2 2 0 100 1110 1111 986
2305 2 2 0 100 1111 1112 986
2306 2 2 0 100 1112 2228 986
2307 2 2 0 100 987 2367 988
2308 2 2 0 100 987 2384 2367
2309 2 2 0 100 987 2396 2384
2310 2 2 0 100 988 992 991
2311 2 2 0 100 988 993 992
2312 2 2 0 100 988 2367 993
2313 2 2 0 100 989 1903 1857
2314 2 2 0 100 1857 1932 989
2315 2 2 0 100 1932 1976 989
2316 2 2 0 100 990 1034 1025
2317 2 2 0 100 990 2131 1034
2318 2 2 0 100 1099 2131 990
2319 2 2 0 100 992 2247 991
2320 2 2 0 100 1804 1934 991
2321 2 2 0 100 991 2247 1804
2322 2 2 0 100 993 994 992
2323 2 2 0 100 994 995 992
2324 2 2 0 100 995 2247 992
2325 2 2 0 100 993 2298 994
2326 2 2 0 100 993 2355 2298
2327 2 2 0 100 993 2367 2355
2328 2 2 0 100 994 996 995
2329 2 2 0 100 994 997 996
2330 2 2 0 100 994 2298 997
2331 2 2 0 100 996 1841 995
2332 2 2 0 100 995 1841 1833
2333 2 2 0 100 1833 2247 995
2334 2 2 0 100 997 998 996
2335 2 2 0 100 998 999 996
2336 2 2 0 100 999 1841 996
2337 2 2 0 100 997 1122 998
2338 2 2 0 100 997 1129 1122
2339 2 2 0 100 997 2298 1129
2340 2 2 0 100 998 1000 999
2341 2 2 0 100 998 2273 1000
2342 2 2 0 100 1122 2273 998
2343 2 2 0 100 1000 1001 999
2344 2 2 0 100 1001 1524 999
2345 2 2 0 100 1524 1841 999
2346 2 2 0 100 1000 1002 1001
2347 2 2 0 100 1000 1003 1002
2348 2 2 0 100 1000 2273 1003
2349 2 2 0 100 1002 2271 1001
2350 2 2 0 100 1001 1799 1524
2351 2 2 0 100 1001 2271 1799
2352 2 2 0 100 1003 1004 1002
2353 2 2 0 100 1004 1005 1002
2354 2 2 0 100 1005 2271 1002
2355 2 2 0 100 1003 1125 1004
2356 2 2 0 100 1003 1545 1125
2357 2 2 0 100 1003 2273 1545
2358 2 2 0 100 1004 1006 1005
2359 2 2 0 100 1004 2146 1006
2360 2 2 0 100 1125 2146 1004
2361 2 2 0 100 1006 1007 1005
2362 2 2 0 100 1007 1205 1005
2363 2 2 0 100 1205 2271 1005
2364 2 2 0 100 1006 1008 1007
2365 2 2 0 100 1006 1030 1008
2366 2 2 0 100 1006 2146 1030
2367 2 2 0 100 1008 1938 1007
2368 2 2 0 100 1007 1384 1205
2369 2 2 0 100 1007 1938 1384
2370 2 2 0 100 1030 1031 1008
2371 2 2 0 100 1031 1032 1008
2372 2 2 0 100 1032 1938 1008
2373 2 2 0 100 1010 1588 1009
2374 2 2 0 100 1588 2420 1009
2375 2 2 0 100 1009 2420 2418
2376 2 2 0 100 1011 1012 1010
2377 2 2 0 100 1012 2191 1010
2378 2 2 0 100 1010 2191 1588
2379 2 2 0 100 1011 1013 1012
2380 2 2 0 100 1011 1233 1013
2381 2 2 0 100 1011 1984 1233
2382 2 2 0 100 1013 1014 1012
2383 2 2 0 100 1014 1015 1012
2384 2 2 0 100 1015 2191 1012
2385 2 2 0 100 1013 2162 1014
2386 2 2 0 100 1233 1301 1013
2387 2 2 0 100 1301 2162 1013
2388 2 2 0 100 1014 1016 1015
2389 2 2 0 100 1014 1017 1016
2390 2 2 0 100 1014 2162 1017
2391 2 2 0 100 1016 1115 1015
2392 2 2 0 100 1115 1116 1015
2393 2 2 0 100 1116 2191 1015
2394 2 2 0 100 1017 1018 1016
2395 2 2 0 100 1018 2113 1016
2396 2 2 0 100 1016 2113 1115
2397 2 2 0 100 1017 1019 1018
2398 2 2 0 100 1017 1447 1019
2399 2 2 0 100 1017 2162 1447
2400 2 2 0 100 1019 1020 1018
2401 2 2 0 100 1020 1021 1018
2402 2 2 0 100 1021 2113 1018
2403 2 2 0 100 1019 2248 1020
2404 2 2 0 100 1447 2186 1019
2405 2 2 0 100 2186 2248 1019
2406 2 2 0 100 1020 1022 1021
2407 2 2 0 100 1020 1023 1022
2408 2 2 0 100 1020 2248 1023
2409 2 2 0 100 1022 1124 1021
2410 2 2 0 100 1124 1578 1021
2411 2 2 0 100 1578 2113 1021
2412 2 2 0 100 1023 1024 1022
2413 2 2 0 100 1024 2092 1022
2414 2 2 0 100 1022 2092 1124
2415 2 2 0 100 1023 1042 1024
2416 2 2 0 100 1023 1154 1042
2417 2 2 0 100 1023 2248 1154
2418 2 2 0 100 1042 1043 1024
2419 2 2 0 100 1043 1117 1024
2420 2 2 0 100 1117 2092 1024
2421 2 2 0 100 1034 1169 1025
2422 2 2 0 100 1025 2023 1107
2423 2 2 0 100 1169 2023 1025
2424 2 2 0 100 1027 1167 1026
2425 2 2 0 100 1167 1168 1026
2426 2 2 0 100 1168 2187 1026
2427 2 2 0 100 1152 1153 1027
2428 2 2 0 100 1153 1952 1027
2429 2 2 0 100 1027 1952 1167
2430 2 2 0 100 1029 1175 1028
2431 2 2 0 100 1028 1961 1091
2432 2 2 0 100 1175 1961 1028
2433 2 2 0 100 1029 1176 1175
2434 2 2 0 100 1029 1228 1176
2435 2 2 0 100 1029 2274 1228
2436 2 2 0 100 1030 1137 1031
2437 2 2 0 100 1030 1389 1137
2438 2 2 0 100 1030 2146 1389
2439 2 2 0 100 1031 1033 1032
2440 2 2 0 100 1031 2226 1033
2441 2 2 0 100 1137 2226 1031
2442 2 2 0 100 1033 1035 1032
2443 2 2 0 100 1035 1140 1032
2444 2 2 0 100 1140 1938 1032
2445 2 2 0 100 1033 1036 1035
2446 2 2 0 100 1033 1123 1036
2447 2 2 0 100 1033 2226 1123
2448 2 2 0 100 1034 1170 1169
2449 2 2 0 100 1034 1195 1170
2450 2 2 0 100 1034 2131 1195
2451 2 2 0 100 1036 1037 1035
2452 2 2 0 100 1037 2242 1035
2453 2 2 0 100 1035 2242 1140
2454 2 2 0 100 1036 1038 1037
2455 2 2 0 100 1036 1990 1038
2456 2 2 0 100 1123 1990 1036
2457 2 2 0 100 1038 1039 1037
2458 2 2 0 100 1039 1285 1037
2459 2 2 0 100 1285 2242 1037
2460 2 2 0 100 1038 1040 1039
2461 2 2 0 100 1038 1132 1040
2462 2 2 0 100 1038 1990 1132
2463 2 2 0 100 1040 2123 1039
2464 2 2 0 100 1039 1530 1285
2465 2 2 0 100 1039 2123 1530
2466 2 2 0 100 1132 1133 1040
2467 2 2 0 100 1133 1134 1040
2468 2 2 0 100 1134 2123 1040
2469 2 2 0 100 1904 1905 1041
2470 2 2 0 100 1905 2324 1041
2471 2 2 0 100 1041 2324 2193
2472 2 2 0 100 1042 1045 1043
2473 2 2 0 100 1042 2034 1045
2474 2 2 0 100 1154 2034 1042
2475 2 2 0 100 1045 1046 1043
2476 2 2 0 100 1046 2157 1043
2477 2 2 0 100 1043 2157 1117
2478 2 2 0 100 1044 2317 1926
2479 2 2 0 100 1987 2318 1044
2480 2 2 0 100 1044 2318 2317
2481 2 2 0 100 1045 1047 1046
2482 2 2 0 100 1045 1294 1047
2483 2 2 0 100 1045 2034 1294
2484 2 2 0 100 1047 1048 1046
2485 2 2 0 100 1048 1102 1046
2486 2 2 0 100 1102 2157 1046
2487 2 2 0 100 1047 2250 1048
2488 2 2 0 100 1294 1539 1047
2489 2 2 0 100 1539 2250 1047
2490 2 2 0 100 1048 1103 1102
2491 2 2 0 100 1048 1104 1103
2492 2 2 0 100 1048 2250 1104
2493 2 2 0 100 1049 1955 1819
2494 2 2 0 100 1819 2116 1049
2495 2 2 0 100 2116 2117 1049
2496 2 2 0 100 1050 1925 1924
2497 2 2 0 100 1050 2302 1925
2498 2 2 0 100 1050 2319 2302
2499 2 2 0 100 1051 2411 2122
2500 2 2 0 100 1051 2416 2411
2501 2 2 0 100 1051 2418 2416
2502 2 2 0 100 1053 1054 1052
2503 2 2 0 100 1054 2229 1052
2504 2 2 0 100 1052 2229 2068
2505 2 2 0 100 1053 1100 1054
2506 2 2 0 100 1053 1101 1100
2507 2 2 0 100 1053 2152 1101
2508 2 2 0 100 1100 1130 1054
2509 2 2 0 100 1130 1131 1054
2510 2 2 0 100 1131 2229 1054
2511 2 2 0 100 1057 1058 1055
2512 2 2 0 100 1058 1880 1055
2513 2 2 0 100 1880 2341 1055
2514 2 2 0 100 1212 1288 1056
2515 2 2 0 100 1288 1395 1056
2516 2 2 0 100 1395 2019 1056
2517 2 2 0 100 1057 1121 1058
2518 2 2 0 100 1057 1552 1121
2519 2 2 0 100 1057 1923 1552
2520 2 2 0 100 1121 1165 1058
2521 2 2 0 100 1165 1166 1058
2522 2 2 0 100 1166 1880 1058
2523 2 2 0 100 2004 2461 1059
2524 2 2 0 100 1059 2460 2028
2525 2 2 0 100 1059 2461 2460
2526 2 2 0 100 1061 1062 1060
2527 2 2 0 100 1062 1427 1060
2528 2 2 0 100 1427 2058 1060
2529 2 2 0 100 1061 1063 1062
2530 2 2 0 100 1061 2114 1063
2531 2 2 0 100 1157 2114 1061
2532 2 2 0 100 1063 1064 1062
2533 2 2 0 100 1064 2153 1062
2534 2 2 0 100 1062 2153 1427
2535 2 2 0 100 1063 1065 1064
2536 2 2 0 100 1063 1070 1065
2537 2 2 0 100 1063 2114 1070
2538 2 2 0 100 1065 1066 1064
2539 2 2 0 100 1066 1067 1064
2540 2 2 0 100 1067 2153 1064
2541 2 2 0 100 1065 1073 1066
2542 2 2 0 100 1070 2210 1065
2543 2 2 0 100 1065 2210 1073
2544 2 2 0 100 1066 1068 1067
2545 2 2 0 100 1066 1915 1068
2546 2 2 0 100 1073 1915 1066
2547 2 2 0 100 1068 1069 1067
2548 2 2 0 100 1069 1227 1067
2549 2 2 0 100 1227 2153 1067
2550 2 2 0 100 1068 1071 1069
2551 2 2 0 100 1068 2137 1071
2552 2 2 0 100 1915 2137 1068
2553 2 2 0 100 1071 1072 1069
2554 2 2 0 100 1072 1977 1069
2555 2 2 0 100 1069 1977 1227
2556 2 2 0 100 1070 2114 1939
2557 2 2 0 100 1939 2138 1070
2558 2 2 0 100 2138 2210 1070
2559 2 2 0 100 1071 1074 1072
2560 2 2 0 100 1071 1076 1074
2561 2 2 0 100 1071 2137 1076
2562 2 2 0 100 1074 1075 1072
2563 2 2 0 100 1075 1082 1072
2564 2 2 0 100 1082 1977 1072
2565 2 2 0 100 1073 2219 1915
2566 2 2 0 100 1073 2210 2158
2567 2 2 0 100 2158 2219 1073
2568 2 2 0 100 1074 2069 1075
2569 2 2 0 100 1076 1206 1074
2570 2 2 0 100 1206 2069 1074
2571 2 2 0 100 1075 1083 1082
2572 2 2 0 100 1075 1143 1083
2573 2 2 0 100 1075 2069 1143
2574 2 2 0 100 1076 1208 1206
2575 2 2 0 100 1076 1223 1208
2576 2 2 0 100 1076 2137 1223
2577 2 2 0 100 1909 2223 1077
2578 2 2 0 100 1077 2389 1909
2579 2 2 0 100 1934 2389 1077
2580 2 2 0 100 1834 1835 1078
2581 2 2 0 100 1078 2050 1834
2582 2 2 0 100 1835 2071 1078
2583 2 2 0 100 1974 2407 1079
2584 2 2 0 100 1079 2404 2396
2585 2 2 0 100 1079 2407 2404
2586 2 2 0 100 1080 2046 2045
2587 2 2 0 100 1080 2364 2046
2588 2 2 0 100 2354 2364 1080
2589 2 2 0 100 1898 1971 1081
2590 2 2 0 100 1081 2040 1898
2591 2 2 0 100 1081 1971 1970
2592 2 2 0 100 1083 2163 1082
2593 2 2 0 100 1082 1979 1977
2594 2 2 0 100 1082 2163 1979
2595 2 2 0 100 1143 1144 1083
2596 2 2 0 100 1144 1145 1083
2597 2 2 0 100 1145 2163 1083
2598 2 2 0 100 1084 2082 1773
2599 2 2 0 100 1773 2083 1084
2600 2 2 0 100 2083 2449 1084
2601 2 2 0 100 1085 2071 1837
2602 2 2 0 100 1837 2111 1085
2603 2 2 0 100 1085 2111 2076
2604 2 2 0 100 1087 1290 1086
2605 2 2 0 100 1290 1291 1086
2606 2 2 0 100 1291 2257 1086
2607 2 2 0 100 1087 1461 1290
2608 2 2 0 100 1448 2308 1087
2609 2 2 0 100 1087 2308 1461
2610 2 2 0 100 1088 2097 1089
2611 2 2 0 100 1994 2096 1088
2612 2 2 0 100 2096 2097 1088
2613 2 2 0 100 1089 1180 1179
2614 2 2 0 100 1089 1181 1180
2615 2 2 0 100 1089 2097 1181
2616 2 2 0 100 1953 2338 1090
2617 2 2 0 100 1090 2323 2150
2618 2 2 0 100 1090 2338 2323
2619 2 2 0 100 1961 2286 1091
2620 2 2 0 100 1091 2325 2255
2621 2 2 0 100 2286 2325 1091
2622 2 2 0 100 1092 2349 2089
2623 2 2 0 100 2120 2345 1092
2624 2 2 0 100 2345 2349 1092
2625 2 2 0 100 2077 2177 1093
2626 2 2 0 100 1093 2176 2175
2627 2 2 0 100 1093 2177 2176
2628 2 2 0 100 1094 1321 1095
2629 2 2 0 100 1094 1322 1321
2630 2 2 0 100 1094 2110 1322
2631 2 2 0 100 1095 1185 1096
2632 2 2 0 100 1095 2180 1185
2633 2 2 0 100 1321 2180 1095
2634 2 2 0 100 1185 1186 1096
2635 2 2 0 100 1186 2078 1096
2636 2 2 0 100 1096 2078 2005
2637 2 2 0 100 2220 2336 1097
2638 2 2 0 100 2336 2391 1097
2639 2 2 0 100 1097 2391 2353
2640 2 2 0 100 2033 2395 1098
2641 2 2 0 100 1098 2406 2265
2642 2 2 0 100 2395 2406 1098
2643 2 2 0 100 1099 2434 2131
2644 2 2 0 100 2264 2436 1099
2645 2 2 0 100 1099 2436 2434
2646 2 2 0 100 1101 1128 1100
2647 2 2 0 100 1128 1845 1100
2648 2 2 0 100 1100 1845 1130
2649 2 2 0 100 1101 2402 1128
2650 2 2 0 100 2152 2393 1101
2651 2 2 0 100 2393 2402 1101
2652 2 2 0 100 1103 1191 1102
2653 2 2 0 100 1191 1408 1102
2654 2 2 0 100 1408 2157 1102
2655 2 2 0 100 1104 1105 1103
2656 2 2 0 100 1105 2072 1103
2657 2 2 0 100 1103 2072 1191
2658 2 2 0 100 1104 1106 1105
2659 2 2 0 100 1104 1209 1106
2660 2 2 0 100 1104 2250 1209
2661 2 2 0 100 1106 1108 1105
2662 2 2 0 100 1108 1250 1105
2663 2 2 0 100 1250 2072 1105
2664 2 2 0 100 1106 1109 1108
2665 2 2 0 100 1106 1954 1109
2666 2 2 0 100 1209 1954 1106
2667 2 2 0 100 1107 1785 1784
2668 2 2 0 100 1784 1922 1107
2669 2 2 0 100 1107 2023 1785
2670 2 2 0 100 1109 1126 1108
2671 2 2 0 100 1126 2215 1108
2672 2 2 0 100 1108 2215 1250
2673 2 2 0 100 1109 1127 1126
2674 2 2 0 100 1109 2124 1127
2675 2 2 0 100 1954 2124 1109
2676 2 2 0 100 1110 2258 1111
2677 2 2 0 100 1976 2007 1110
2678 2 2 0 100 2007 2258 1110
2679 2 2 0 100 1111 1138 1112
2680 2 2 0 100 1111 1139 1138
2681 2 2 0 100 1111 2258 1139
2682 2 2 0 100 1138 1196 1112
2683 2 2 0 100 1196 1423 1112
2684 2 2 0 100 1423 2228 1112
2685 2 2 0 100 1113 1251 1114
2686 2 2 0 100 1113 1298 1251
2687 2 2 0 100 1113 2047 1298
2688 2 2 0 100 1114 1190 1189
2689 2 2 0 100 1114 2188 1190
2690 2 2 0 100 1251 2188 1114
2691 2 2 0 100 1115 1252 1116
2692 2 2 0 100 1115 2289 1252
2693 2 2 0 100 2113 2289 1115
2694 2 2 0 100 1252 1253 1116
2695 2 2 0 100 1253 2356 1116
2696 2 2 0 100 1116 2356 2191
2697 2 2 0 100 1117 2340 2092
2698 2 2 0 100 2157 2266 1117
2699 2 2 0 100 2266 2340 1117
2700 2 2 0 100 1119 2106 1118
2701 2 2 0 100 1118 1177 1120
2702 2 2 0 100 1118 2106 1177
2703 2 2 0 100 1240 1241 1119
2704 2 2 0 100 1241 1242 1119
2705 2 2 0 100 1242 2106 1119
2706 2 2 0 100 1177 1178 1120
2707 2 2 0 100 1178 1418 1120
2708 2 2 0 100 1418 2200 1120
2709 2 2 0 100 1121 1260 1165
2710 2 2 0 100 1121 2331 1260
2711 2 2 0 100 1552 2331 1121
2712 2 2 0 100 1129 1258 1122
2713 2 2 0 100 1258 2206 1122
2714 2 2 0 100 2206 2273 1122
2715 2 2 0 100 1123 1876 1875
2716 2 2 0 100 1875 1990 1123
2717 2 2 0 100 1123 2226 1876
2718 2 2 0 100 1124 1579 1578
2719 2 2 0 100 1124 1580 1579
2720 2 2 0 100 1124 2092 1580
2721 2 2 0 100 1545 1546 1125
2722 2 2 0 100 1546 1856 1125
2723 2 2 0 100 1856 2146 1125
2724 2 2 0 100 1127 1173 1126
2725 2 2 0 100 1173 1330 1126
2726 2 2 0 100 1330 2215 1126
2727 2 2 0 100 1127 1174 1173
2728 2 2 0 100 1127 1216 1174
2729 2 2 0 100 1127 2124 1216
2730 2 2 0 100 1128 2401 1845
2731 2 2 0 100 2390 2401 1128
2732 2 2 0 100 1128 2402 2390
2733 2 2 0 100 1129 1281 1258
2734 2 2 0 100 1129 1455 1281
2735 2 2 0 100 1129 2298 1455
2736 2 2 0 100 1130 1249 1131
2737 2 2 0 100 1130 1282 1249
2738 2 2 0 100 1130 1845 1282
2739 2 2 0 100 1249 2295 1131
2740 2 2 0 100 1947 2229 1131
2741 2 2 0 100 1131 2295 1947
2742 2 2 0 100 1132 1256 1133
2743 2 2 0 100 1132 1381 1256
2744 2 2 0 100 1132 1990 1381
2745 2 2 0 100 1133 1135 1134
2746 2 2 0 100 1133 2024 1135
2747 2 2 0 100 1256 2024 1133
2748 2 2 0 100 1135 1136 1134
2749 2 2 0 100 1136 1207 1134
2750 2 2 0 100 1207 2123 1134
2751 2 2 0 100 1135 1171 1136
2752 2 2 0 100 1135 1333 1171
2753 2 2 0 100 1135 2024 1333
2754 2 2 0 100 1171 1172 1136
2755 2 2 0 100 1172 2182 1136
2756 2 2 0 100 1136 2182 1207
2757 2 2 0 100 1389 1390 1137
2758 2 2 0 100 1390 1414 1137
2759 2 2 0 100 1414 2226 1137
2760 2 2 0 100 1139 1194 1138
2761 2 2 0 100 1194 1916 1138
2762 2 2 0 100 1138 1916 1196
2763 2 2 0 100 1139 1254 1194
2764 2 2 0 100 1139 1255 1254
2765 2 2 0 100 1139 2258 1255
2766 2 2 0 100 1140 2035 1938
2767 2 2 0 100 1140 2332 2035
2768 2 2 0 100 2242 2332 1140
2769 2 2 0 100 1797 1798 1141
2770 2 2 0 100 1141 2139 1797
2771 2 2 0 100 1798 2119 1141
2772 2 2 0 100 1151 1287 1142
2773 2 2 0 100 1287 1420 1142
2774 2 2 0 100 1420 2151 1142
2775 2 2 0 100 1143 2140 1144
2776 2 2 0 100 2069 2070 1143
2777 2 2 0 100 2070 2140 1143
2778 2 2 0 100 1144 1146 1145
2779 2 2 0 100 1144 1147 1146
2780 2 2 0 100 1144 2140 1147
2781 2 2 0 100 1146 2044 1145
2782 2 2 0 100 2044 2073 1145
2783 2 2 0 100 2073 2163 1145
2784 2 2 0 100 1147 1148 1146
2785 2 2 0 100 1148 1149 1146
2786 2 2 0 100 1149 2044 1146
2787 2 2 0 100 1147 1286 1148
2788 2 2 0 100 1147 1821 1286
2789 2 2 0 100 1147 2140 1821
2790 2 2 0 100 1148 1150 1149
2791 2 2 0 100 1148 2329 1150
2792 2 2 0 100 1286 2329 1148
2793 2 2 0 100 1150 1158 1149
2794 2 2 0 100 1158 1215 1149
2795 2 2 0 100 1215 2044 1149
2796 2 2 0 100 1150 1159 1158
2797 2 2 0 100 1150 1197 1159
2798 2 2 0 100 1150 2329 1197
2799 2 2 0 100 1151 1289 1287
2800 2 2 0 100 1151 1432 1289
2801 2 2 0 100 1151 2217 1432
2802 2 2 0 100 1152 1210 1153
2803 2 2 0 100 1152 2086 1210
2804 2 2 0 100 1960 2086 1152
2805 2 2 0 100 1210 1211 1153
2806 2 2 0 100 1211 1257 1153
2807 2 2 0 100 1257 1952 1153
2808 2 2 0 100 1829 1985 1154
2809 2 2 0 100 1154 2248 1829
2810 2 2 0 100 1985 2034 1154
2811 2 2 0 100 1155 1295 1156
2812 2 2 0 100 1155 1404 1295
2813 2 2 0 100 1155 2085 1404
2814 2 2 0 100 1295 2237 1156
2815 2 2 0 100 1156 2251 1412
2816 2 2 0 100 2237 2251 1156
2817 2 2 0 100 2103 2114 1157
2818 2 2 0 100 1157 2253 2103
2819 2 2 0 100 2105 2253 1157
2820 2 2 0 100 1159 2054 1158
2821 2 2 0 100 1158 1299 1215
2822 2 2 0 100 1158 2054 1299
2823 2 2 0 100 1197 1198 1159
2824 2 2 0 100 1198 1199 1159
2825 2 2 0 100 1199 2054 1159
2826 2 2 0 100 2052 2314 1160
2827 2 2 0 100 1160 2169 2168
2828 2 2 0 100 1160 2314 2169
2829 2 2 0 100 1161 2256 2107
2830 2 2 0 100 2107 2285 1161
2831 2 2 0 100 2202 2256 1161
2832 2 2 0 100 1921 2376 1162
2833 2 2 0 100 1162 2357 2319
2834 2 2 0 100 1162 2376 2357
2835 2 2 0 100 1163 1847 1846
2836 2 2 0 100 1163 1848 1847
2837 2 2 0 100 1163 2006 1848
2838 2 2 0 100 1883 1884 1164
2839 2 2 0 100 1884 2212 1164
2840 2 2 0 100 1164 2212 2006
2841 2 2 0 100 1165 1259 1166
2842 2 2 0 100 1165 2310 1259
2843 2 2 0 100 1260 2310 1165
2844 2 2 0 100 1259 1292 1166
2845 2 2 0 100 1292 1428 1166
2846 2 2 0 100 1428 1880 1166
2847 2 2 0 100 1167 1279 1168
2848 2 2 0 100 1167 1375 1279
2849 2 2 0 100 1167 1952 1375
2850 2 2 0 100 1279 1280 1168
2851 2 2 0 100 1280 1317 1168
2852 2 2 0 100 1317 2187 1168
2853 2 2 0 100 1170 1264 1169
2854 2 2 0 100 1264 1278 1169
2855 2 2 0 100 1278 2023 1169
2856 2 2 0 100 1195 2259 1170
2857 2 2 0 100 1170 1265 1264
2858 2 2 0 100 1170 2259 1265
2859 2 2 0 100 1171 1192 1172
2860 2 2 0 100 1171 2234 1192
2861 2 2 0 100 1333 2234 1171
2862 2 2 0 100 1192 1193 1172
2863 2 2 0 100 1193 1941 1172
2864 2 2 0 100 1941 2182 1172
2865 2 2 0 100 1174 2252 1173
2866 2 2 0 100 1173 1451 1330
2867 2 2 0 100 1173 2252 1451
2868 2 2 0 100 1216 1217 1174
2869 2 2 0 100 1217 1218 1174
2870 2 2 0 100 1218 2252 1174
2871 2 2 0 100 1176 1334 1175
2872 2 2 0 100 1334 1335 1175
2873 2 2 0 100 1335 1961 1175
2874 2 2 0 100 1228 1229 1176
2875 2 2 0 100 1229 2260 1176
2876 2 2 0 100 1176 2260 1334
2877 2 2 0 100 1177 1336 1178
2878 2 2 0 100 1177 2282 1336
2879 2 2 0 100 2106 2282 1177
2880 2 2 0 100 1336 1337 1178
2881 2 2 0 100 1337 1877 1178
2882 2 2 0 100 1178 1877 1418
2883 2 2 0 100 1180 1935 1179
2884 2 2 0 100 1935 2360 1179
2885 2 2 0 100 1179 2360 2053
2886 2 2 0 100 1181 1309 1180
2887 2 2 0 100 1309 1374 1180
2888 2 2 0 100 1374 1935 1180
2889 2 2 0 100 1181 1310 1309
2890 2 2 0 100 1181 1311 1310
2891 2 2 0 100 1181 2097 1311
2892 2 2 0 100 1182 2267 2192
2893 2 2 0 100 1182 2381 2267
2894 2 2 0 100 2311 2381 1182
2895 2 2 0 100 1183 2337 2170
2896 2 2 0 100 1183 2342 2337
2897 2 2 0 100 1183 2363 2342
2898 2 2 0 100 1184 2125 1969
2899 2 2 0 100 1184 2328 2125
2900 2 2 0 100 1184 2353 2328
2901 2 2 0 100 1185 1312 1186
2902 2 2 0 100 1185 1319 1312
2903 2 2 0 100 1185 2180 1319
2904 2 2 0 100 1312 1313 1186
2905 2 2 0 100 1313 1314 1186
2906 2 2 0 100 1314 2078 1186
2907 2 2 0 100 1188 1320 1187
2908 2 2 0 100 1320 1392 1187
2909 2 2 0 100 1392 2152 1187
2910 2 2 0 100 1188 2380 1320
2911 2 2 0 100 2178 2369 1188
2912 2 2 0 100 2369 2380 1188
2913 2 2 0 100 1190 1323 1189
2914 2 2 0 100 1323 1474 1189
2915 2 2 0 100 1474 2220 1189
2916 2 2 0 100 1190 1324 1323
2917 2 2 0 100 1190 1325 1324
2918 2 2 0 100 1190 2188 1325
2919 2 2 0 100 1191 1409 1408
2920 2 2 0 100 1191 1411 1409
2921 2 2 0 100 1191 2072 1411
2922 2 2 0 100 1192 1270 1193
2923 2 2 0 100 1192 1360 1270
2924 2 2 0 100 1192 2234 1360
2925 2 2 0 100 1270 1271 1193
2926 2 2 0 100 1271 1272 1193
2927 2 2 0 100 1272 1941 1193
2928 2 2 0 100 1254 1284 1194
2929 2 2 0 100 1284 1363 1194
2930 2 2 0 100 1363 1916 1194
2931 2 2 0 100 2131 2432 1195
2932 2 2 0 100 1195 2435 2259
2933 2 2 0 100 2432 2435 1195
2934 2 2 0 100 1196 1424 1423
2935 2 2 0 100 1196 1425 1424
2936 2 2 0 100 1196 1916 1425
2937 2 2 0 100 1197 2254 1198
2938 2 2 0 100 1803 2254 1197
2939 2 2 0 100 1197 2329 1803
2940 2 2 0 100 1198 1200 1199
2941 2 2 0 100 1198 1201 1200
2942 2 2 0 100 1198 2254 1201
2943 2 2 0 100 1200 2181 1199
2944 2 2 0 100 1199 2108 2054
2945 2 2 0 100 1199 2181 2108
2946 2 2 0 100 1201 1202 1200
2947 2 2 0 100 1202 1203 1200
2948 2 2 0 100 1203 2181 1200
2949 2 2 0 100 1201 1365 1202
2950 2 2 0 100 1201 1366 1365
2951 2 2 0 100 1201 2254 1366
2952 2 2 0 100 1202 1204 1203
2953 2 2 0 100 1202 2042 1204
2954 2 2 0 100 1365 2042 1202
2955 2 2 0 100 1204 1231 1203
2956 2 2 0 100 1231 1303 1203
2957 2 2 0 100 1303 2181 1203
2958 2 2 0 100 1204 1232 1231
2959 2 2 0 100 1204 1364 1232
2960 2 2 0 100 1204 2042 1364
2961 2 2 0 100 1384 1385 1205
2962 2 2 0 100 1385 2291 1205
2963 2 2 0 100 1205 2291 2271
2964 2 2 0 100 1208 1369 1206
2965 2 2 0 100 1369 1403 1206
2966 2 2 0 100 1403 2069 1206
2967 2 2 0 100 2049 2123 1207
2968 2 2 0 100 1207 2400 2049
2969 2 2 0 100 2182 2400 1207
2970 2 2 0 100 1223 1224 1208
2971 2 2 0 100 1224 2074 1208
2972 2 2 0 100 1208 2074 1369
2973 2 2 0 100 1209 2299 1954
2974 2 2 0 100 1209 2250 2184
2975 2 2 0 100 2184 2299 1209
2976 2 2 0 100 1210 1383 1211
2977 2 2 0 100 1210 1387 1383
2978 2 2 0 100 1210 2086 1387
2979 2 2 0 100 1211 1263 1257
2980 2 2 0 100 1211 2305 1263
2981 2 2 0 100 1383 2305 1211
2982 2 2 0 100 1212 1525 1288
2983 2 2 0 100 1212 1553 1525
2984 2 2 0 100 1212 2209 1553
2985 2 2 0 100 1377 1415 1213
2986 2 2 0 100 1415 1544 1213
2987 2 2 0 100 1544 2101 1213
2988 2 2 0 100 1863 1865 1214
2989 2 2 0 100 1214 2062 1863
2990 2 2 0 100 1865 2025 1214
2991 2 2 0 100 1299 1399 1215
2992 2 2 0 100 1399 1407 1215
2993 2 2 0 100 1407 2044 1215
2994 2 2 0 100 1216 1393 1217
2995 2 2 0 100 1216 2249 1393
2996 2 2 0 100 2124 2249 1216
2997 2 2 0 100 1217 1219 1218
2998 2 2 0 100 1217 1842 1219
2999 2 2 0 100 1393 1842 1217
3000 2 2 0 100 1219 1220 1218
3001 2 2 0 100 1220 1283 1218
3002 2 2 0 100 1283 2252 1218
3003 2 2 0 100 1219 1221 1220
3004 2 2 0 100 1219 1373 1221
3005 2 2 0 100 1219 1842 1373
3006 2 2 0 100 1221 1266 1220
3007 2 2 0 100 1266 2235 1220
3008 2 2 0 100 1220 2235 1283
3009 2 2 0 100 1221 1267 1266
3010 2 2 0 100 1221 2008 1267
3011 2 2 0 100 1373 2008 1221
3012 2 2 0 100 2183 2378 1222
3013 2 2 0 100 1222 2362 2204
3014 2 2 0 100 1222 2378 2362
3015 2 2 0 100 1223 1225 1224
3016 2 2 0 100 1223 2208 1225
3017 2 2 0 100 2137 2208 1223
3018 2 2 0 100 1225 1378 1224
3019 2 2 0 100 1378 1397 1224
3020 2 2 0 100 1397 2074 1224
3021 2 2 0 100 1225 1379 1378
3022 2 2 0 100 1225 1429 1379
3023 2 2 0 100 1225 2208 1429
3024 2 2 0 100 1226 1371 1370
3025 2 2 0 100 1226 1571 1371
3026 2 2 0 100 1226 2091 1571
3027 2 2 0 100 1977 1978 1227
3028 2 2 0 100 1978 2171 1227
3029 2 2 0 100 1227 2171 2153
3030 2 2 0 100 1228 1296 1229
3031 2 2 0 100 1228 1396 1296
3032 2 2 0 100 1228 2274 1396
3033 2 2 0 100 1296 1297 1229
3034 2 2 0 100 1297 1480 1229
3035 2 2 0 100 1480 2260 1229
3036 2 2 0 100 1753 2444 1230
3037 2 2 0 100 1230 2453 1753
3038 2 2 0 100 2084 2453 1230
3039 2 2 0 100 1232 1307 1231
3040 2 2 0 100 1231 2201 1303
3041 2 2 0 100 1307 2201 1231
3042 2 2 0 100 1232 1308 1307
3043 2 2 0 100 1232 1996 1308
3044 2 2 0 100 1364 1996 1232
3045 2 2 0 100 1233 1302 1301
3046 2 2 0 100 1233 2227 1302
3047 2 2 0 100 1984 2227 1233
3048 2 2 0 100 1234 1999 1235
3049 2 2 0 100 1417 1998 1234
3050 2 2 0 100 1998 1999 1234
3051 2 2 0 100 1235 1237 1236
3052 2 2 0 100 1235 1238 1237
3053 2 2 0 100 1235 1999 1238
3054 2 2 0 100 1237 1239 1236
3055 2 2 0 100 1239 2330 1236
3056 2 2 0 100 1236 2330 2075
3057 2 2 0 100 1238 1268 1237
3058 2 2 0 100 1237 1991 1239
3059 2 2 0 100 1268 1991 1237
3060 2 2 0 100 1238 1269 1268
3061 2 2 0 100 1238 1305 1269
3062 2 2 0 100 1238 1999 1305
3063 2 2 0 100 1991 2041 1239
3064 2 2 0 100 2041 2540 1239
3065 2 2 0 100 1239 2540 2330
3066 2 2 0 100 1240 2141 1241
3067 2 2 0 100 1240 2379 2141
3068 2 2 0 100 2297 2379 1240
3069 2 2 0 100 1241 1243 1242
3070 2 2 0 100 1241 1244 1243
3071 2 2 0 100 1241 2141 1244
3072 2 2 0 100 1243 1342 1242
3073 2 2 0 100 1342 1431 1242
3074 2 2 0 100 1431 2106 1242
3075 2 2 0 100 1244 1245 1243
3076 2 2 0 100 1245 1889 1243
3077 2 2 0 100 1243 1889 1342
3078 2 2 0 100 1244 1246 1245
3079 2 2 0 100 1244 1462 1246
3080 2 2 0 100 1244 2141 1462
3081 2 2 0 100 1246 1247 1245
3082 2 2 0 100 1247 1482 1245
3083 2 2 0 100 1482 1889 1245
3084 2 2 0 100 1246 1248 1247
3085 2 2 0 100 1246 2224 1248
3086 2 2 0 100 1462 2224 1246
3087 2 2 0 100 1248 1261 1247
3088 2 2 0 100 1261 1893 1247
3089 2 2 0 100 1247 1893 1482
3090 2 2 0 100 1248 1262 1261
3091 2 2 0 100 1248 1476 1262
3092 2 2 0 100 1248 2224 1476
3093 2 2 0 100 1282 1329 1249
3094 2 2 0 100 1329 1419 1249
3095 2 2 0 100 1419 2295 1249
3096 2 2 0 100 1250 2098 2072
3097 2 2 0 100 1250 2238 2098
3098 2 2 0 100 2215 2238 1250
3099 2 2 0 100 1298 1326 1251
3100 2 2 0 100 1326 1452 1251
3101 2 2 0 100 1452 2188 1251
3102 2 2 0 100 1252 1355 1253
3103 2 2 0 100 1252 1356 1355
3104 2 2 0 100 1252 2289 1356
3105 2 2 0 100 1355 1357 1253
3106 2 2 0 100 1357 1358 1253
3107 2 2 0 100 1358 2356 1253
3108 2 2 0 100 1255 2221 1254
3109 2 2 0 100 1254 1332 1284
3110 2 2 0 100 1254 2221 1332
3111 2 2 0 100 1255 2321 2221
3112 2 2 0 100 2258 2322 1255
3113 2 2 0 100 1255 2322 2321
3114 2 2 0 100 1381 1485 1256
3115 2 2 0 100 1485 1487 1256
3116 2 2 0 100 1487 2024 1256
3117 2 2 0 100 1263 1490 1257
3118 2 2 0 100 1490 1824 1257
3119 2 2 0 100 1824 1952 1257
3120 2 2 0 100 1281 1353 1258
3121 2 2 0 100 1353 1354 1258
3122 2 2 0 100 1354 2206 1258
3123 2 2 0 100 1259 1293 1292
3124 2 2 0 100 1259 1350 1293
3125 2 2 0 100 1259 2310 1350
3126 2 2 0 100 1927 2310 1260
3127 2 2 0 100 1260 2620 1927
3128 2 2 0 100 2331 2620 1260
3129 2 2 0 100 1262 1327 1261
3130 2 2 0 100 1327 1349 1261
3131 2 2 0 100 1349 1893 1261
3132 2 2 0 100 1262 1328 1327
3133 2 2 0 100 1262 2399 1328
3134 2 2 0 100 1476 2399 1262
3135 2 2 0 100 1263 1491 1490
3136 2 2 0 100 1263 1534 1491
3137 2 2 0 100 1263 2305 1534
3138 2 2 0 100 1265 1338 1264
3139 2 2 0 100 1264 1791 1278
3140 2 2 0 100 1338 1791 1264
3141 2 2 0 100 1265 1339 1338
3142 2 2 0 100 1265 1362 1339
3143 2 2 0 100 1265 2259 1362
3144 2 2 0 100 1267 1343 1266
3145 2 2 0 100 1343 1345 1266
3146 2 2 0 100 1345 2235 1266
3147 2 2 0 100 1267 1344 1343
3148 2 2 0 100 1267 1823 1344
3149 2 2 0 100 1267 2008 1823
3150 2 2 0 100 1269 1331 1268
3151 2 2 0 100 1331 1506 1268
3152 2 2 0 100 1506 1991 1268
3153 2 2 0 100 1305 1306 1269
3154 2 2 0 100 1306 1892 1269
3155 2 2 0 100 1269 1892 1331
3156 2 2 0 100 1270 2164 1271
3157 2 2 0 100 1360 1518 1270
3158 2 2 0 100 1518 2164 1270
3159 2 2 0 100 1271 1273 1272
3160 2 2 0 100 1271 1274 1273
3161 2 2 0 100 1271 2164 1274
3162 2 2 0 100 1273 1382 1272
3163 2 2 0 100 1382 1866 1272
3164 2 2 0 100 1866 1941 1272
3165 2 2 0 100 1274 1275 1273
3166 2 2 0 100 1275 2277 1273
3167 2 2 0 100 1273 2277 1382
3168 2 2 0 100 1274 1276 1275
3169 2 2 0 100 1274 1498 1276
3170 2 2 0 100 1274 2164 1498
3171 2 2 0 100 1276 1277 1275
3172 2 2 0 100 1277 1942 1275
3173 2 2 0 100 1942 2277 1275
3174 2 2 0 100 1276 1347 1277
3175 2 2 0 100 1276 1870 1347
3176 2 2 0 100 1498 1870 1276
3177 2 2 0 100 1347 1348 1277
3178 2 2 0 100 1348 1380 1277
3179 2 2 0 100 1380 1942 1277
3180 2 2 0 100 1278 1790 1787
3181 2 2 0 100 1787 2023 1278
3182 2 2 0 100 1278 1791 1790
3183 2 2 0 100 1279 2241 1280
3184 2 2 0 100 1375 1376 1279
3185 2 2 0 100 1376 2241 1279
3186 2 2 0 100 1280 1318 1317
3187 2 2 0 100 1280 1497 1318
3188 2 2 0 100 1280 2241 1497
3189 2 2 0 100 1281 2292 1353
3190 2 2 0 100 1455 1456 1281
3191 2 2 0 100 1456 2292 1281
3192 2 2 0 100 1282 1620 1329
3193 2 2 0 100 1282 1621 1620
3194 2 2 0 100 1282 1845 1621
3195 2 2 0 100 2235 2236 1283
3196 2 2 0 100 2236 2335 1283
3197 2 2 0 100 1283 2335 2252
3198 2 2 0 100 1332 1361 1284
3199 2 2 0 100 1361 2429 1284
3200 2 2 0 100 1284 2429 1363
3201 2 2 0 100 1530 1531 1285
3202 2 2 0 100 1531 1532 1285
3203 2 2 0 100 1532 2242 1285
3204 2 2 0 100 1286 1821 1781
3205 2 2 0 100 1781 2403 1286
3206 2 2 0 100 1286 2403 2329
3207 2 2 0 100 1289 2195 1287
3208 2 2 0 100 1287 1421 1420
3209 2 2 0 100 1287 2195 1421
3210 2 2 0 100 1288 2352 1395
3211 2 2 0 100 1525 1526 1288
3212 2 2 0 100 1526 2352 1288
3213 2 2 0 100 1432 1433 1289
3214 2 2 0 100 1433 1800 1289
3215 2 2 0 100 1800 2195 1289
3216 2 2 0 100 1290 1537 1291
3217 2 2 0 100 1461 2365 1290
3218 2 2 0 100 1290 2365 1537
3219 2 2 0 100 1537 1816 1291
3220 2 2 0 100 1816 1817 1291
3221 2 2 0 100 1817 2257 1291
3222 2 2 0 100 1293 1826 1292
3223 2 2 0 100 1292 1832 1428
3224 2 2 0 100 1826 1832 1292
3225 2 2 0 100 1350 1624 1293
3226 2 2 0 100 1624 1812 1293
3227 2 2 0 100 1812 1826 1293
3228 2 2 0 100 1294 1540 1539
3229 2 2 0 100 1294 1543 1540
3230 2 2 0 100 1294 2034 1543
3231 2 2 0 100 1404 1405 1295
3232 2 2 0 100 1405 1869 1295
3233 2 2 0 100 1869 2237 1295
3234 2 2 0 100 1296 1946 1297
3235 2 2 0 100 1396 1465 1296
3236 2 2 0 100 1465 1946 1296
3237 2 2 0 100 1297 1481 1480
3238 2 2 0 100 1297 2294 1481
3239 2 2 0 100 1946 2294 1297
3240 2 2 0 100 1298 1541 1326
3241 2 2 0 100 1298 1878 1541
3242 2 2 0 100 1298 2047 1878
3243 2 2 0 100 1299 1567 1399
3244 2 2 0 100 1299 1568 1567
3245 2 2 0 100 1299 2054 1568
3246 2 2 0 100 1300 2135 1936
3247 2 2 0 100 1936 2136 1300
3248 2 2 0 100 2136 2297 1300
3249 2 2 0 100 1302 1555 1301
3250 2 2 0 100 1555 2218 1301
3251 2 2 0 100 1301 2218 2162
3252 2 2 0 100 1302 1556 1555
3253 2 2 0 100 1302 1557 1556
3254 2 2 0 100 1302 2227 1557
3255 2 2 0 100 1303 2201 2133
3256 2 2 0 100 2133 2225 1303
3257 2 2 0 100 1303 2225 2181
3258 2 2 0 100 1304 2293 2110
3259 2 2 0 100 2160 2275 1304
3260 2 2 0 100 2275 2293 1304
3261 2 2 0 100 1305 1554 1306
3262 2 2 0 100 1305 2307 1554
3263 2 2 0 100 1999 2307 1305
3264 2 2 0 100 1554 2061 1306
3265 2 2 0 100 1806 1892 1306
3266 2 2 0 100 1306 2061 1806
3267 2 2 0 100 1308 1458 1307
3268 2 2 0 100 1458 1587 1307
3269 2 2 0 100 1587 2201 1307
3270 2 2 0 100 1308 2422 1458
3271 2 2 0 100 1996 1997 1308
3272 2 2 0 100 1997 2422 1308
3273 2 2 0 100 1310 2243 1309
3274 2 2 0 100 1309 1464 1374
3275 2 2 0 100 1309 2243 1464
3276 2 2 0 100 1311 1454 1310
3277 2 2 0 100 1454 1466 1310
3278 2 2 0 100 1466 2243 1310
3279 2 2 0 100 1311 1459 1454
3280 2 2 0 100 1311 1460 1459
3281 2 2 0 100 1311 2097 1460
3282 2 2 0 100 1312 1463 1313
3283 2 2 0 100 1319 2000 1312
3284 2 2 0 100 1312 2000 1463
3285 2 2 0 100 1313 1315 1314
3286 2 2 0 100 1313 2036 1315
3287 2 2 0 100 1463 2036 1313
3288 2 2 0 100 1315 1316 1314
3289 2 2 0 100 1316 2196 1314
3290 2 2 0 100 1314 2196 2078
3291 2 2 0 100 1315 1547 1316
3292 2 2 0 100 1315 1548 1547
3293 2 2 0 100 1315 2036 1548
3294 2 2 0 100 1547 1549 1316
3295 2 2 0 100 1549 1550 1316
3296 2 2 0 100 1550 2196 1316
3297 2 2 0 100 1318 1467 1317
3298 2 2 0 100 1467 1589 1317
3299 2 2 0 100 1589 2187 1317
3300 2 2 0 100 1318 1468 1467
3301 2 2 0 100 1318 1911 1468
3302 2 2 0 100 1497 1911 1318
3303 2 2 0 100 1319 2001 2000
3304 2 2 0 100 1319 2079 2001
3305 2 2 0 100 1319 2180 2079
3306 2 2 0 100 1320 1599 1392
3307 2 2 0 100 1320 2392 1599
3308 2 2 0 100 2380 2392 1320
3309 2 2 0 100 1322 1594 1321
3310 2 2 0 100 1594 1595 1321
3311 2 2 0 100 1595 2180 1321
3312 2 2 0 100 1322 1596 1594
3313 2 2 0 100 1322 1597 1596
3314 2 2 0 100 1322 2110 1597
3315 2 2 0 100 1324 1910 1323
3316 2 2 0 100 1323 1602 1474
3317 2 2 0 100 1323 1910 1602
3318 2 2 0 100 1325 1346 1324
3319 2 2 0 100 1346 1477 1324
3320 2 2 0 100 1477 1910 1324
3321 2 2 0 100 1325 1609 1346
3322 2 2 0 100 1325 1948 1609
3323 2 2 0 100 1325 2188 1948
3324 2 2 0 100 1326 2272 1452
3325 2 2 0 100 1541 1607 1326
3326 2 2 0 100 1607 2272 1326
3327 2 2 0 100 1328 1340 1327
3328 2 2 0 100 1340 1896 1327
3329 2 2 0 100 1327 1896 1349
3330 2 2 0 100 1328 1341 1340
3331 2 2 0 100 1328 2405 1341
3332 2 2 0 100 2399 2405 1328
3333 2 2 0 100 1329 1827 1419
3334 2 2 0 100 1620 1622 1329
3335 2 2 0 100 1622 1827 1329
3336 2 2 0 100 1451 1515 1330
3337 2 2 0 100 1515 1516 1330
3338 2 2 0 100 1516 2215 1330
3339 2 2 0 100 1331 1610 1506
3340 2 2 0 100 1331 1626 1610
3341 2 2 0 100 1331 1892 1626
3342 2 2 0 100 1332 1625 1361
3343 2 2 0 100 1332 1636 1625
3344 2 2 0 100 1332 2221 1636
3345 2 2 0 100 2024 2055 1333
3346 2 2 0 100 2055 2334 1333
3347 2 2 0 100 1333 2334 2234
3348 2 2 0 100 1334 1359 1335
3349 2 2 0 100 1334 1618 1359
3350 2 2 0 100 1334 2260 1618
3351 2 2 0 100 1359 1502 1335
3352 2 2 0 100 1502 1503 1335
3353 2 2 0 100 1503 1961 1335
3354 2 2 0 100 1336 1648 1337
3355 2 2 0 100 1336 1681 1648
3356 2 2 0 100 1336 2282 1681
3357 2 2 0 100 1648 1649 1337
3358 2 2 0 100 1649 1820 1337
3359 2 2 0 100 1820 1877 1337
3360 2 2 0 100 1339 1795 1338
3361 2 2 0 100 1338 1792 1791
3362 2 2 0 100 1338 1795 1792
3363 2 2 0 100 1362 1519 1339
3364 2 2 0 100 1519 1520 1339
3365 2 2 0 100 1520 1795 1339
3366 2 2 0 100 1341 1507 1340
3367 2 2 0 100 1507 1638 1340
3368 2 2 0 100 1638 1896 1340
3369 2 2 0 100 1341 1508 1507
3370 2 2 0 100 1341 1509 1508
3371 2 2 0 100 1341 2405 1509
3372 2 2 0 100 1342 1614 1431
3373 2 2 0 100 1342 1639 1614
3374 2 2 0 100 1342 1889 1639
3375 2 2 0 100 1344 1351 1343
3376 2 2 0 100 1343 2230 1345
3377 2 2 0 100 1351 2230 1343
3378 2 2 0 100 1344 1352 1351
3379 2 2 0 100 1344 1367 1352
3380 2 2 0 100 1344 1823 1367
3381 2 2 0 100 2230 2231 1345
3382 2 2 0 100 2231 2232 1345
3383 2 2 0 100 2232 2235 1345
3384 2 2 0 100 1346 1478 1477
3385 2 2 0 100 1346 1962 1478
3386 2 2 0 100 1609 1962 1346
3387 2 2 0 100 1347 2213 1348
3388 2 2 0 100 1870 1871 1347
3389 2 2 0 100 1871 2213 1347
3390 2 2 0 100 1348 1400 1380
3391 2 2 0 100 1348 1401 1400
3392 2 2 0 100 1348 2213 1401
3393 2 2 0 100 1349 1894 1893
3394 2 2 0 100 1349 1895 1894
3395 2 2 0 100 1349 1896 1895
3396 2 2 0 100 1350 1669 1624
3397 2 2 0 100 1350 1670 1669
3398 2 2 0 100 1350 2310 1670
3399 2 2 0 100 1352 1606 1351
3400 2 2 0 100 1606 2462 1351
3401 2 2 0 100 1351 2462 2230
3402 2 2 0 100 1367 1368 1352
3403 2 2 0 100 1368 2374 1352
3404 2 2 0 100 1352 2374 1606
3405 2 2 0 100 1353 1645 1354
3406 2 2 0 100 1353 1647 1645
3407 2 2 0 100 1353 2292 1647
3408 2 2 0 100 1645 1646 1354
3409 2 2 0 100 1646 2205 1354
3410 2 2 0 100 2205 2206 1354
3411 2 2 0 100 1356 1619 1355
3412 2 2 0 100 1355 1855 1357
3413 2 2 0 100 1619 1855 1355
3414 2 2 0 100 1356 2288 1619
3415 2 2 0 100 2287 2288 1356
3416 2 2 0 100 1356 2289 2287
3417 2 2 0 100 1357 1627 1358
3418 2 2 0 100 1357 1628 1627
3419 2 2 0 100 1357 1855 1628
3420 2 2 0 100 1627 2417 1358
3421 2 2 0 100 1358 2414 2356
3422 2 2 0 100 1358 2417 2414
3423 2 2 0 100 1359 1637 1502
3424 2 2 0 100 1618 2476 1359
3425 2 2 0 100 1359 2476 1637
3426 2 2 0 100 1360 1643 1518
3427 2 2 0 100 1360 1644 1643
3428 2 2 0 100 1360 2234 1644
3429 2 2 0 100 1625 1680 1361
3430 2 2 0 100 1680 1768 1361
3431 2 2 0 100 1768 2429 1361
3432 2 2 0 100 1362 2430 1519
3433 2 2 0 100 2259 2431 1362
3434 2 2 0 100 1362 2431 2430
3435 2 2 0 100 1767 2426 1363
3436 2 2 0 100 1363 2429 1767
3437 2 2 0 100 1363 2426 1916
3438 2 2 0 100 1920 1996 1364
3439 2 2 0 100 1364 2385 1920
3440 2 2 0 100 2042 2385 1364
3441 2 2 0 100 1366 1522 1365
3442 2 2 0 100 1522 1779 1365
3443 2 2 0 100 1779 2042 1365
3444 2 2 0 100 1366 1777 1522
3445 2 2 0 100 1366 1778 1777
3446 2 2 0 100 1366 2254 1778
3447 2 2 0 100 1367 1784 1368
3448 2 2 0 100 1367 1796 1784
3449 2 2 0 100 1367 1823 1796
3450 2 2 0 100 1784 1785 1368
3451 2 2 0 100 1785 1786 1368
3452 2 2 0 100 1786 2374 1368
3453 2 2 0 100 1369 1818 1403
3454 2 2 0 100 1369 1819 1818
3455 2 2 0 100 1369 2074 1819
3456 2 2 0 100 1371 2400 1370
3457 2 2 0 100 1370 1527 1372
3458 2 2 0 100 1370 2400 1527
3459 2 2 0 100 1571 2048 1371
3460 2 2 0 100 2048 2049 1371
3461 2 2 0 100 2049 2400 1371
3462 2 2 0 100 1527 1866 1372
3463 2 2 0 100 1866 1867 1372
3464 2 2 0 100 1867 2003 1372
3465 2 2 0 100 1842 1843 1373
3466 2 2 0 100 1843 1844 1373
3467 2 2 0 100 1844 2008 1373
3468 2 2 0 100 1464 1475 1374
3469 2 2 0 100 1475 1816 1374
3470 2 2 0 100 1816 1935 1374
3471 2 2 0 100 1375 1629 1376
3472 2 2 0 100 1375 1824 1629
3473 2 2 0 100 1375 1952 1824
3474 2 2 0 100 1629 1653 1376
3475 2 2 0 100 1653 1659 1376
3476 2 2 0 100 1659 2241 1376
3477 2 2 0 100 1377 2299 1415
3478 2 2 0 100 1572 1573 1377
3479 2 2 0 100 1573 2299 1377
3480 2 2 0 100 1379 1943 1378
3481 2 2 0 100 1378 1533 1397
3482 2 2 0 100 1378 1943 1533
3483 2 2 0 100 1429 1430 1379
3484 2 2 0 100 1430 2127 1379
3485 2 2 0 100 1379 2127 1943
3486 2 2 0 100 1400 1857 1380
3487 2 2 0 100 1857 1858 1380
3488 2 2 0 100 1858 1942 1380
3489 2 2 0 100 1381 1486 1485
3490 2 2 0 100 1381 1875 1486
3491 2 2 0 100 1381 1990 1875
3492 2 2 0 100 1382 1867 1866
3493 2 2 0 100 1382 1868 1867
3494 2 2 0 100 1382 2277 1868
3495 2 2 0 100 1387 2269 1383
3496 2 2 0 100 1383 2269 1832
3497 2 2 0 100 1832 2305 1383
3498 2 2 0 100 1384 1386 1385
3499 2 2 0 100 1384 2035 1386
3500 2 2 0 100 1938 2035 1384
3501 2 2 0 100 1386 1797 1385
3502 2 2 0 100 1797 2233 1385
3503 2 2 0 100 2233 2291 1385
3504 2 2 0 100 1386 1798 1797
3505 2 2 0 100 1386 2348 1798
3506 2 2 0 100 2035 2348 1386
3507 2 2 0 100 1959 1989 1387
3508 2 2 0 100 1387 2086 1959
3509 2 2 0 100 1989 2269 1387
3510 2 2 0 100 1970 1971 1388
3511 2 2 0 100 1971 1972 1388
3512 2 2 0 100 1972 2161 1388
3513 2 2 0 100 1389 1391 1390
3514 2 2 0 100 1389 1856 1391
3515 2 2 0 100 1389 2146 1856
3516 2 2 0 100 1391 2118 1390
3517 2 2 0 100 1390 1488 1414
3518 2 2 0 100 1390 2118 1488
3519 2 2 0 100 1839 1840 1391
3520 2 2 0 100 1391 1856 1839
3521 2 2 0 100 1840 2118 1391
3522 2 2 0 100 1599 2359 1392
3523 2 2 0 100 1392 2393 2152
3524 2 2 0 100 2359 2393 1392
3525 2 2 0 100 1393 1873 1842
3526 2 2 0 100 1393 2326 1873
3527 2 2 0 100 2249 2326 1393
3528 2 2 0 100 1924 1925 1394
3529 2 2 0 100 1925 2284 1394
3530 2 2 0 100 1394 2284 1951
3531 2 2 0 100 1818 1955 1395
3532 2 2 0 100 1395 2352 1818
3533 2 2 0 100 1955 2019 1395
3534 2 2 0 100 1396 2344 1465
3535 2 2 0 100 2274 2312 1396
3536 2 2 0 100 2312 2344 1396
3537 2 2 0 100 1533 1809 1397
3538 2 2 0 100 1809 2116 1397
3539 2 2 0 100 1397 2116 2074
3540 2 2 0 100 1398 2343 2167
3541 2 2 0 100 2168 2169 1398
3542 2 2 0 100 2169 2343 1398
3543 2 2 0 100 1399 1569 1407
3544 2 2 0 100 1567 2037 1399
3545 2 2 0 100 1399 2037 1569
3546 2 2 0 100 1401 1402 1400
3547 2 2 0 100 1402 1932 1400
3548 2 2 0 100 1400 1932 1857
3549 2 2 0 100 1401 1630 1402
3550 2 2 0 100 1401 1657 1630
3551 2 2 0 100 1401 2213 1657
3552 2 2 0 100 1630 1631 1402
3553 2 2 0 100 1631 1632 1402
3554 2 2 0 100 1632 1932 1402
3555 2 2 0 100 1818 2352 1403
3556 2 2 0 100 1403 2070 2069
3557 2 2 0 100 1403 2352 2070
3558 2 2 0 100 1404 1406 1405
3559 2 2 0 100 1404 2121 1406
3560 2 2 0 100 2085 2121 1404
3561 2 2 0 100 1406 1829 1405
3562 2 2 0 100 1829 2186 1405
3563 2 2 0 100 1405 2186 1869
3564 2 2 0 100 1406 1985 1829
3565 2 2 0 100 1908 1985 1406
3566 2 2 0 100 1406 2121 1908
3567 2 2 0 100 1569 1570 1407
3568 2 2 0 100 1570 2073 1407
3569 2 2 0 100 1407 2073 2044
3570 2 2 0 100 1409 1410 1408
3571 2 2 0 100 1410 2266 1408
3572 2 2 0 100 1408 2266 2157
3573 2 2 0 100 1409 2262 1410
3574 2 2 0 100 1411 1501 1409
3575 2 2 0 100 1501 2262 1409
3576 2 2 0 100 1410 2261 1902
3577 2 2 0 100 1902 2266 1410
3578 2 2 0 100 1410 2262 2261
3579 2 2 0 100 1411 1640 1501
3580 2 2 0 100 1411 2098 1640
3581 2 2 0 100 2072 2098 1411
3582 2 2 0 100 1412 2177 2077
3583 2 2 0 100 1412 2211 2177
3584 2 2 0 100 1412 2251 2211
3585 2 2 0 100 1846 1852 1413
3586 2 2 0 100 1852 2314 1413
3587 2 2 0 100 1413 2314 2052
3588 2 2 0 100 1488 1489 1414
3589 2 2 0 100 1489 1876 1414
3590 2 2 0 100 1876 2226 1414
3591 2 2 0 100 1415 1899 1544
3592 2 2 0 100 1415 2184 1899
3593 2 2 0 100 1415 2299 2184
3594 2 2 0 100 1965 2246 1416
3595 2 2 0 100 1416 2253 2105
3596 2 2 0 100 2246 2253 1416
3597 2 2 0 100 1417 2365 1998
3598 2 2 0 100 2053 2360 1417
3599 2 2 0 100 2360 2365 1417
3600 2 2 0 100 1877 1878 1418
3601 2 2 0 100 1878 1879 1418
3602 2 2 0 100 1879 2200 1418
3603 2 2 0 100 1827 2300 1419
3604 2 2 0 100 2294 2295 1419
3605 2 2 0 100 1419 2300 2294
3606 2 2 0 100 1421 2233 1420
3607 2 2 0 100 2139 2151 1420
3608 2 2 0 100 1420 2233 2139
3609 2 2 0 100 1421 2195 1799
3610 2 2 0 100 1799 2291 1421
3611 2 2 0 100 1421 2291 2233
3612 2 2 0 100 1967 2320 1422
3613 2 2 0 100 1422 2256 2202
3614 2 2 0 100 1422 2320 2256
3615 2 2 0 100 1424 2421 1423
3616 2 2 0 100 2173 2228 1423
3617 2 2 0 100 1423 2421 2173
3618 2 2 0 100 1425 1521 1424
3619 2 2 0 100 1521 1523 1424
3620 2 2 0 100 1523 2421 1424
3621 2 2 0 100 1425 1769 1521
3622 2 2 0 100 1425 2426 1769
3623 2 2 0 100 1916 2426 1425
3624 2 2 0 100 2076 2111 1426
3625 2 2 0 100 2111 2378 1426
3626 2 2 0 100 1426 2378 2183
3627 2 2 0 100 1427 2155 2058
3628 2 2 0 100 2153 2171 1427
3629 2 2 0 100 1427 2171 2155
3630 2 2 0 100 1832 2269 1428
3631 2 2 0 100 1428 2327 1880
3632 2 2 0 100 2269 2327 1428
3633 2 2 0 100 1429 1434 1430
3634 2 2 0 100 1429 2219 1434
3635 2 2 0 100 2208 2219 1429
3636 2 2 0 100 1434 1435 1430
3637 2 2 0 100 1435 1538 1430
3638 2 2 0 100 1538 2127 1430
3639 2 2 0 100 1614 1615 1431
3640 2 2 0 100 1615 2282 1431
3641 2 2 0 100 1431 2282 2106
3642 2 2 0 100 1432 1449 1433
3643 2 2 0 100 1432 2192 1449
3644 2 2 0 100 1432 2217 2192
3645 2 2 0 100 1449 1535 1433
3646 2 2 0 100 1535 1833 1433
3647 2 2 0 100 1433 1833 1800
3648 2 2 0 100 1434 1436 1435
3649 2 2 0 100 1434 2158 1436
3650 2 2 0 100 1434 2219 2158
3651 2 2 0 100 1436 1437 1435
3652 2 2 0 100 1437 2056 1435
3653 2 2 0 100 1435 2056 1538
3654 2 2 0 100 1436 1438 1437
3655 2 2 0 100 1436 2057 1438
3656 2 2 0 100 1436 2158 2057
3657 2 2 0 100 1438 1439 1437
3658 2 2 0 100 1439 1882 1437
3659 2 2 0 100 1882 2056 1437
3660 2 2 0 100 1438 1440 1439
3661 2 2 0 100 1438 1441 1440
3662 2 2 0 100 1438 2057 1441
3663 2 2 0 100 1440 2080 1439
3664 2 2 0 100 1439 1898 1882
3665 2 2 0 100 1439 2080 1898
3666 2 2 0 100 1441 1442 1440
3667 2 2 0 100 1442 1445 1440
3668 2 2 0 100 1445 2080 1440
3669 2 2 0 100 1441 1443 1442
3670 2 2 0 100 1441 2138 1443
3671 2 2 0 100 2057 2138 1441
3672 2 2 0 100 1443 1444 1442
3673 2 2 0 100 1444 2214 1442
3674 2 2 0 100 1442 2214 1445
3675 2 2 0 100 1443 1446 1444
3676 2 2 0 100 1443 1939 1446
3677 2 2 0 100 1443 2138 1939
3678 2 2 0 100 1446 1574 1444
3679 2 2 0 100 1574 1575 1444
3680 2 2 0 100 1575 2214 1444
3681 2 2 0 100 1972 2080 1445
3682 2 2 0 100 1445 2081 1972
3683 2 2 0 100 1445 2214 2081
3684 2 2 0 100 1446 1576 1574
3685 2 2 0 100 1446 2103 1576
3686 2 2 0 100 1939 2103 1446
3687 2 2 0 100 1869 2186 1447
3688 2 2 0 100 1447 2218 1869
3689 2 2 0 100 2162 2218 1447
3690 2 2 0 100 2255 2325 1448
3691 2 2 0 100 2283 2308 1448
3692 2 2 0 100 1448 2325 2283
3693 2 2 0 100 1449 1536 1535
3694 2 2 0 100 1449 2267 1536
3695 2 2 0 100 2192 2267 1449
3696 2 2 0 100 1969 2125 1450
3697 2 2 0 100 2125 2275 1450
3698 2 2 0 100 1450 2275 2126
3699 2 2 0 100 1451 1654 1515
3700 2 2 0 100 1451 2335 1654
3701 2 2 0 100 2252 2335 1451
3702 2 2 0 100 1452 1950 1948
3703 2 2 0 100 1948 2188 1452
3704 2 2 0 100 1452 2272 1950
3705 2 2 0 100 1453 1936 1913
3706 2 2 0 100 1453 2337 1936
3707 2 2 0 100 2170 2337 1453
3708 2 2 0 100 1459 2316 1454
3709 2 2 0 100 1454 2317 1466
3710 2 2 0 100 2316 2317 1454
3711 2 2 0 100 1455 1457 1456
3712 2 2 0 100 1455 2355 1457
3713 2 2 0 100 2298 2355 1455
3714 2 2 0 100 1457 1499 1456
3715 2 2 0 100 1499 1662 1456
3716 2 2 0 100 1662 2292 1456
3717 2 2 0 100 1457 1500 1499
3718 2 2 0 100 1457 1590 1500
3719 2 2 0 100 1457 2355 1590
3720 2 2 0 100 1458 2245 1587
3721 2 2 0 100 1458 2346 2245
3722 2 2 0 100 1458 2422 2346
3723 2 2 0 100 1460 1577 1459
3724 2 2 0 100 1577 2304 1459
3725 2 2 0 100 2304 2316 1459
3726 2 2 0 100 1460 2107 1577
3727 2 2 0 100 1460 2097 2096
3728 2 2 0 100 2096 2107 1460
3729 2 2 0 100 1461 2307 1998
3730 2 2 0 100 1998 2365 1461
3731 2 2 0 100 1461 2308 2307
3732 2 2 0 100 2141 2142 1462
3733 2 2 0 100 2142 2361 1462
3734 2 2 0 100 1462 2361 2224
3735 2 2 0 100 2000 2345 1463
3736 2 2 0 100 1463 2347 2036
3737 2 2 0 100 2345 2347 1463
3738 2 2 0 100 1464 1917 1475
3739 2 2 0 100 1464 2364 1917
3740 2 2 0 100 2243 2364 1464
3741 2 2 0 100 1465 1947 1946
3742 2 2 0 100 1465 2377 1947
3743 2 2 0 100 2344 2377 1465
3744 2 2 0 100 2046 2243 1466
3745 2 2 0 100 1466 2318 2046
3746 2 2 0 100 2317 2318 1466
3747 2 2 0 100 1468 1469 1467
3748 2 2 0 100 1469 2368 1467
3749 2 2 0 100 1467 2368 1589
3750 2 2 0 100 1468 1470 1469
3751 2 2 0 100 1468 1471 1470
3752 2 2 0 100 1468 1911 1471
3753 2 2 0 100 1470 2278 1469
3754 2 2 0 100 2278 2383 1469
3755 2 2 0 100 1469 2383 2368
3756 2 2 0 100 1471 1472 1470
3757 2 2 0 100 1472 1473 1470
3758 2 2 0 100 1473 2278 1470
3759 2 2 0 100 1471 1660 1472
3760 2 2 0 100 1471 1663 1660
3761 2 2 0 100 1471 1911 1663
3762 2 2 0 100 1472 1483 1473
3763 2 2 0 100 1472 1822 1483
3764 2 2 0 100 1660 1822 1472
3765 2 2 0 100 1483 1484 1473
3766 2 2 0 100 1484 2009 1473
3767 2 2 0 100 2009 2278 1473
3768 2 2 0 100 1602 2359 1474
3769 2 2 0 100 1474 2336 2220
3770 2 2 0 100 1474 2359 2336
3771 2 2 0 100 1475 1817 1816
3772 2 2 0 100 1475 2059 1817
3773 2 2 0 100 1917 2059 1475
3774 2 2 0 100 2224 2373 1476
3775 2 2 0 100 2373 2386 1476
3776 2 2 0 100 2386 2399 1476
3777 2 2 0 100 1478 1479 1477
3778 2 2 0 100 1479 2390 1477
3779 2 2 0 100 1477 2390 1910
3780 2 2 0 100 1478 1651 1479
3781 2 2 0 100 1478 1652 1651
3782 2 2 0 100 1478 1962 1652
3783 2 2 0 100 1651 2394 1479
3784 2 2 0 100 1479 2401 2390
3785 2 2 0 100 2394 2401 1479
3786 2 2 0 100 1481 1664 1480
3787 2 2 0 100 1664 2548 1480
3788 2 2 0 100 1480 2548 2260
3789 2 2 0 100 1481 1665 1664
3790 2 2 0 100 1481 2300 1665
3791 2 2 0 100 2294 2300 1481
3792 2 2 0 100 1482 1890 1889
3793 2 2 0 100 1482 1891 1890
3794 2 2 0 100 1482 1893 1891
3795 2 2 0 100 1483 1492 1484
3796 2 2 0 100 1483 2477 1492
3797 2 2 0 100 1822 2477 1483
3798 2 2 0 100 1492 1493 1484
3799 2 2 0 100 1493 1496 1484
3800 2 2 0 100 1496 2009 1484
3801 2 2 0 100 1486 2280 1485
3802 2 2 0 100 1485 1617 1487
3803 2 2 0 100 1485 2280 1617
3804 2 2 0 100 1486 1875 1815
3805 2 2 0 100 1815 2610 1486
3806 2 2 0 100 1486 2610 2280
3807 2 2 0 100 1617 1661 1487
3808 2 2 0 100 1661 2055 1487
3809 2 2 0 100 1487 2055 2024
3810 2 2 0 100 1488 1675 1489
3811 2 2 0 100 1488 1677 1675
3812 2 2 0 100 1488 2118 1677
3813 2 2 0 100 1675 1676 1489
3814 2 2 0 100 1676 1815 1489
3815 2 2 0 100 1815 1876 1489
3816 2 2 0 100 1491 2515 1490
3817 2 2 0 100 1490 1825 1824
3818 2 2 0 100 1490 2515 1825
3819 2 2 0 100 1534 1655 1491
3820 2 2 0 100 1655 1814 1491
3821 2 2 0 100 1814 2515 1491
3822 2 2 0 100 1492 1494 1493
3823 2 2 0 100 1492 2483 1494
3824 2 2 0 100 2477 2483 1492
3825 2 2 0 100 1494 1495 1493
3826 2 2 0 100 1495 2413 1493
3827 2 2 0 100 1493 2413 1496
3828 2 2 0 100 1494 1641 1495
3829 2 2 0 100 1494 1642 1641
3830 2 2 0 100 1494 2483 1642
3831 2 2 0 100 1641 2412 1495
3832 2 2 0 100 2412 2419 1495
3833 2 2 0 100 1495 2419 2413
3834 2 2 0 100 1496 2406 2009
3835 2 2 0 100 1496 2409 2406
3836 2 2 0 100 1496 2413 2409
3837 2 2 0 100 1497 1912 1911
3838 2 2 0 100 1497 2480 1912
3839 2 2 0 100 2241 2480 1497
3840 2 2 0 100 1498 2517 1870
3841 2 2 0 100 2164 2165 1498
3842 2 2 0 100 2165 2517 1498
3843 2 2 0 100 1500 2315 1499
3844 2 2 0 100 1499 1673 1662
3845 2 2 0 100 1499 2315 1673
3846 2 2 0 100 1590 1591 1500
3847 2 2 0 100 1591 1592 1500
3848 2 2 0 100 1592 2315 1500
3849 2 2 0 100 1640 2567 1501
3850 2 2 0 100 1501 2263 2262
3851 2 2 0 100 1501 2567 2263
3852 2 2 0 100 1502 1504 1503
3853 2 2 0 100 1502 2539 1504
3854 2 2 0 100 1637 2539 1502
3855 2 2 0 100 1504 1505 1503
3856 2 2 0 100 1505 2286 1503
3857 2 2 0 100 1503 2286 1961
3858 2 2 0 100 1504 1517 1505
3859 2 2 0 100 1504 1656 1517
3860 2 2 0 100 1504 2539 1656
3861 2 2 0 100 1517 1528 1505
3862 2 2 0 100 1528 1551 1505
3863 2 2 0 100 1551 2286 1505
3864 2 2 0 100 1610 2542 1506
3865 2 2 0 100 1506 1992 1991
3866 2 2 0 100 1506 2542 1992
3867 2 2 0 100 1508 1940 1507
3868 2 2 0 100 1507 2544 1638
3869 2 2 0 100 1940 2544 1507
3870 2 2 0 100 1509 1510 1508
3871 2 2 0 100 1510 1511 1508
3872 2 2 0 100 1511 1940 1508
3873 2 2 0 100 1509 2411 1510
3874 2 2 0 100 2405 2408 1509
3875 2 2 0 100 2408 2411 1509
3876 2 2 0 100 1510 1512 1511
3877 2 2 0 100 1510 2416 1512
3878 2 2 0 100 2411 2416 1510
3879 2 2 0 100 1512 1513 1511
3880 2 2 0 100 1513 2472 1511
3881 2 2 0 100 1511 2472 1940
3882 2 2 0 100 1512 1514 1513
3883 2 2 0 100 1512 1603 1514
3884 2 2 0 100 1512 2416 1603
3885 2 2 0 100 1514 2371 1513
3886 2 2 0 100 2371 2578 1513
3887 2 2 0 100 1513 2578 2472
3888 2 2 0 100 1603 1604 1514
3889 2 2 0 100 1604 1605 1514
3890 2 2 0 100 1605 2371 1514
3891 2 2 0 100 1515 2527 1516
3892 2 2 0 100 1654 2566 1515
3893 2 2 0 100 1515 2566 2527
3894 2 2 0 100 1516 2238 2215
3895 2 2 0 100 1516 2239 2238
3896 2 2 0 100 1516 2527 2239
3897 2 2 0 100 1517 1529 1528
3898 2 2 0 100 1517 2553 1529
3899 2 2 0 100 1656 2553 1517
3900 2 2 0 100 1643 2558 1518
3901 2 2 0 100 1518 2165 2164
3902 2 2 0 100 1518 2558 2165
3903 2 2 0 100 1519 1682 1520
3904 2 2 0 100 1519 1765 1682
3905 2 2 0 100 1519 2430 1765
3906 2 2 0 100 1682 2468 1520
3907 2 2 0 100 1520 2560 1795
3908 2 2 0 100 2468 2560 1520
3909 2 2 0 100 1521 1775 1523
3910 2 2 0 100 1769 1774 1521
3911 2 2 0 100 1774 1775 1521
3912 2 2 0 100 1777 1780 1522
3913 2 2 0 100 1522 2398 1779
3914 2 2 0 100 1780 2398 1522
3915 2 2 0 100 1775 2346 1523
3916 2 2 0 100 2346 2422 1523
3917 2 2 0 100 1523 2422 2421
3918 2 2 0 100 1799 2195 1524
3919 2 2 0 100 1800 1841 1524
3920 2 2 0 100 1524 2195 1800
3921 2 2 0 100 1525 1821 1526
3922 2 2 0 100 1553 1781 1525
3923 2 2 0 100 1781 1821 1525
3924 2 2 0 100 1821 2140 1526
3925 2 2 0 100 1526 2140 2070
3926 2 2 0 100 2070 2352 1526
3927 2 2 0 100 1527 1941 1866
3928 2 2 0 100 1527 2182 1941
3929 2 2 0 100 1527 2400 2182
3930 2 2 0 100 1529 1806 1528
3931 2 2 0 100 1528 2061 1551
3932 2 2 0 100 1806 2061 1528
3933 2 2 0 100 1529 1807 1806
3934 2 2 0 100 1529 1808 1807
3935 2 2 0 100 1529 2553 1808
3936 2 2 0 100 1530 2048 1531
3937 2 2 0 100 1530 2049 2048
3938 2 2 0 100 1530 2123 2049
3939 2 2 0 100 1531 1782 1532
3940 2 2 0 100 1531 1854 1782
3941 2 2 0 100 1531 2048 1854
3942 2 2 0 100 1782 1783 1532
3943 2 2 0 100 1783 2332 1532
3944 2 2 0 100 1532 2332 2242
3945 2 2 0 100 1533 2159 1809
3946 2 2 0 100 1943 1944 1533
3947 2 2 0 100 1944 2159 1533
3948 2 2 0 100 1534 1812 1655
3949 2 2 0 100 1534 1826 1812
3950 2 2 0 100 1534 2305 1826
3951 2 2 0 100 1536 1804 1535
3952 2 2 0 100 1804 2247 1535
3953 2 2 0 100 1535 2247 1833
3954 2 2 0 100 1536 2389 1804
3955 2 2 0 100 2267 2382 1536
3956 2 2 0 100 2382 2389 1536
3957 2 2 0 100 1537 1935 1816
3958 2 2 0 100 1537 2360 1935
3959 2 2 0 100 1537 2365 2360
3960 2 2 0 100 1538 2027 2026
3961 2 2 0 100 2026 2127 1538
3962 2 2 0 100 1538 2056 2027
3963 2 2 0 100 1540 1899 1539
3964 2 2 0 100 1899 2184 1539
3965 2 2 0 100 2184 2250 1539
3966 2 2 0 100 1543 1907 1540
3967 2 2 0 100 1540 2189 1899
3968 2 2 0 100 1907 2189 1540
3969 2 2 0 100 1541 1820 1607
3970 2 2 0 100 1541 1877 1820
3971 2 2 0 100 1541 1878 1877
3972 2 2 0 100 1958 1959 1542
3973 2 2 0 100 1959 2086 1542
3974 2 2 0 100 1542 2086 1960
3975 2 2 0 100 1543 1908 1907
3976 2 2 0 100 1543 1985 1908
3977 2 2 0 100 1543 2034 1985
3978 2 2 0 100 1899 2189 1544
3979 2 2 0 100 1957 2101 1544
3980 2 2 0 100 1544 2189 1957
3981 2 2 0 100 1545 2205 1546
3982 2 2 0 100 1545 2206 2205
3983 2 2 0 100 1545 2273 2206
3984 2 2 0 100 1810 1839 1546
3985 2 2 0 100 1546 2205 1810
3986 2 2 0 100 1839 1856 1546
3987 2 2 0 100 1548 1861 1547
3988 2 2 0 100 1547 2156 1549
3989 2 2 0 100 1861 2156 1547
3990 2 2 0 100 1548 1862 1861
3991 2 2 0 100 1548 2339 1862
3992 2 2 0 100 2036 2339 1548
3993 2 2 0 100 1549 1863 1550
3994 2 2 0 100 1549 1865 1863
3995 2 2 0 100 1549 2156 1865
3996 2 2 0 100 1863 1864 1550
3997 2 2 0 100 1864 2324 1550
3998 2 2 0 100 1550 2324 2196
3999 2 2 0 100 2061 2283 1551
4000 2 2 0 100 2283 2325 1551
4001 2 2 0 100 1551 2325 2286
4002 2 2 0 100 1923 2075 1552
4003 2 2 0 100 2075 2330 1552
4004 2 2 0 100 2330 2331 1552
4005 2 2 0 100 1553 2290 1781
4006 2 2 0 100 1553 2209 2134
4007 2 2 0 100 2134 2290 1553
4008 2 2 0 100 1554 2283 2061
4009 2 2 0 100 1554 2308 2283
4010 2 2 0 100 2307 2308 1554
4011 2 2 0 100 1556 2251 1555
4012 2 2 0 100 1555 2237 2218
4013 2 2 0 100 1555 2251 2237
4014 2 2 0 100 1557 1558 1556
4015 2 2 0 100 1558 2211 1556
4016 2 2 0 100 2211 2251 1556
4017 2 2 0 100 1557 1559 1558
4018 2 2 0 100 1557 1933 1559
4019 2 2 0 100 1557 2227 1933
4020 2 2 0 100 1559 1560 1558
4021 2 2 0 100 1560 1881 1558
4022 2 2 0 100 1881 2211 1558
4023 2 2 0 100 1559 1561 1560
4024 2 2 0 100 1559 2128 1561
4025 2 2 0 100 1933 2128 1559
4026 2 2 0 100 1561 1562 1560
4027 2 2 0 100 1562 1563 1560
4028 2 2 0 100 1563 1881 1560
4029 2 2 0 100 1561 2279 1562
4030 2 2 0 100 2128 2284 1561
4031 2 2 0 100 1561 2284 2279
4032 2 2 0 100 1562 1564 1563
4033 2 2 0 100 1562 1565 1564
4034 2 2 0 100 1562 2279 1565
4035 2 2 0 100 1564 1906 1563
4036 2 2 0 100 1563 2176 1881
4037 2 2 0 100 1906 2176 1563
4038 2 2 0 100 1565 1566 1564
4039 2 2 0 100 1566 2002 1564
4040 2 2 0 100 1564 2002 1906
4041 2 2 0 100 1565 1585 1566
4042 2 2 0 100 1565 2302 1585
4043 2 2 0 100 2279 2302 1565
4044 2 2 0 100 1585 1586 1566
4045 2 2 0 100 1586 1834 1566
4046 2 2 0 100 1834 2002 1566
4047 2 2 0 100 1568 1982 1567
4048 2 2 0 100 1567 1982 1964
4049 2 2 0 100 1964 2037 1567
4050 2 2 0 100 1568 1983 1982
4051 2 2 0 100 1568 2108 1983
4052 2 2 0 100 2054 2108 1568
4053 2 2 0 100 1569 1993 1570
4054 2 2 0 100 1569 2100 1993
4055 2 2 0 100 2037 2100 1569
4056 2 2 0 100 1993 2093 1570
4057 2 2 0 100 1570 2216 2073
4058 2 2 0 100 2093 2216 1570
4059 2 2 0 100 1854 2048 1571
4060 2 2 0 100 1571 2144 1854
4061 2 2 0 100 2091 2144 1571
4062 2 2 0 100 1572 2249 1573
4063 2 2 0 100 1572 2326 2249
4064 2 2 0 100 2268 2326 1572
4065 2 2 0 100 1573 2124 1954
4066 2 2 0 100 1954 2299 1573
4067 2 2 0 100 1573 2249 2124
4068 2 2 0 100 1574 2179 1575
4069 2 2 0 100 1576 2130 1574
4070 2 2 0 100 2130 2179 1574
4071 2 2 0 100 1575 2179 2018
4072 2 2 0 100 2018 2296 1575
4073 2 2 0 100 1575 2296 2214
4074 2 2 0 100 2103 2253 1576
4075 2 2 0 100 1576 2246 2130
4076 2 2 0 100 1576 2253 2246
4077 2 2 0 100 2107 2256 1577
4078 2 2 0 100 2256 2320 1577
4079 2 2 0 100 1577 2320 2304
4080 2 2 0 100 1579 2287 1578
4081 2 2 0 100 1578 2289 2113
4082 2 2 0 100 2287 2289 1578
4083 2 2 0 100 1580 1581 1579
4084 2 2 0 100 1581 1583 1579
4085 2 2 0 100 1583 2287 1579
4086 2 2 0 100 1580 1582 1581
4087 2 2 0 100 1580 2340 1582
4088 2 2 0 100 2092 2340 1580
4089 2 2 0 100 1582 1900 1581
4090 2 2 0 100 1581 1584 1583
4091 2 2 0 100 1581 1900 1584
4092 2 2 0 100 1582 1901 1900
4093 2 2 0 100 1582 1902 1901
4094 2 2 0 100 1582 2340 1902
4095 2 2 0 100 1584 2466 1583
4096 2 2 0 100 1583 2288 2287
4097 2 2 0 100 1583 2466 2288
4098 2 2 0 100 1900 2479 1584
4099 2 2 0 100 1584 2467 2466
4100 2 2 0 100 1584 2479 2467
4101 2 2 0 100 1585 2357 1586
4102 2 2 0 100 2302 2319 1585
4103 2 2 0 100 2319 2357 1585
4104 2 2 0 100 1586 1835 1834
4105 2 2 0 100 1586 1836 1835
4106 2 2 0 100 1586 2357 1836
4107 2 2 0 100 1587 2306 2201
4108 2 2 0 100 1587 2245 2244
4109 2 2 0 100 2244 2306 1587
4110 2 2 0 100 2191 2356 1588
4111 2 2 0 100 2356 2414 1588
4112 2 2 0 100 2414 2420 1588
4113 2 2 0 100 2185 2187 1589
4114 2 2 0 100 1589 2301 2185
4115 2 2 0 100 1589 2368 2301
4116 2 2 0 100 1590 2384 1591
4117 2 2 0 100 2355 2367 1590
4118 2 2 0 100 2367 2384 1590
4119 2 2 0 100 1591 1593 1592
4120 2 2 0 100 1591 1600 1593
4121 2 2 0 100 1591 2384 1600
4122 2 2 0 100 1593 2115 1592
4123 2 2 0 100 2115 2557 1592
4124 2 2 0 100 1592 2557 2315
4125 2 2 0 100 1600 1601 1593
4126 2 2 0 100 1601 1611 1593
4127 2 2 0 100 1611 2115 1593
4128 2 2 0 100 1594 2369 1595
4129 2 2 0 100 1596 2380 1594
4130 2 2 0 100 1594 2380 2369
4131 2 2 0 100 2079 2180 1595
4132 2 2 0 100 1595 2358 2079
4133 2 2 0 100 1595 2369 2358
4134 2 2 0 100 1597 1598 1596
4135 2 2 0 100 1598 2392 1596
4136 2 2 0 100 1596 2392 2380
4137 2 2 0 100 1597 2328 1598
4138 2 2 0 100 2110 2293 1597
4139 2 2 0 100 2293 2328 1597
4140 2 2 0 100 2328 2353 1598
4141 2 2 0 100 2353 2391 1598
4142 2 2 0 100 2391 2392 1598
4143 2 2 0 100 2336 2359 1599
4144 2 2 0 100 1599 2391 2336
4145 2 2 0 100 1599 2392 2391
4146 2 2 0 100 1600 2404 1601
4147 2 2 0 100 2384 2396 1600
4148 2 2 0 100 2396 2404 1600
4149 2 2 0 100 1601 1612 1611
4150 2 2 0 100 1601 1613 1612
4151 2 2 0 100 1601 2404 1613
4152 2 2 0 100 1910 2402 1602
4153 2 2 0 100 1602 2393 2359
4154 2 2 0 100 1602 2402 2393
4155 2 2 0 100 1603 2420 1604
4156 2 2 0 100 2416 2418 1603
4157 2 2 0 100 2418 2420 1603
4158 2 2 0 100 1604 2417 1605
4159 2 2 0 100 2414 2417 1604
4160 2 2 0 100 1604 2420 2414
4161 2 2 0 100 1605 2563 2371
4162 2 2 0 100 2417 2423 1605
4163 2 2 0 100 2423 2563 1605
4164 2 2 0 100 2374 2547 1606
4165 2 2 0 100 1606 2463 2462
4166 2 2 0 100 1606 2547 2463
4167 2 2 0 100 1820 2464 1607
4168 2 2 0 100 1607 2465 2272
4169 2 2 0 100 2464 2465 1607
4170 2 2 0 100 1608 1683 1680
4171 2 2 0 100 1680 2541 1608
4172 2 2 0 100 1608 2541 2522
4173 2 2 0 100 1948 1949 1609
4174 2 2 0 100 1949 2576 1609
4175 2 2 0 100 1609 2576 1962
4176 2 2 0 100 1626 1658 1610
4177 2 2 0 100 1658 2531 1610
4178 2 2 0 100 2531 2542 1610
4179 2 2 0 100 1612 1616 1611
4180 2 2 0 100 1616 2596 1611
4181 2 2 0 100 1611 2596 2115
4182 2 2 0 100 1613 2412 1612
4183 2 2 0 100 1612 2415 1616
4184 2 2 0 100 2412 2415 1612
4185 2 2 0 100 2404 2407 1613
4186 2 2 0 100 2407 2419 1613
4187 2 2 0 100 1613 2419 2412
4188 2 2 0 100 1614 2586 1615
4189 2 2 0 100 1639 2575 1614
4190 2 2 0 100 2575 2586 1614
4191 2 2 0 100 1681 2282 1615
4192 2 2 0 100 1615 2592 1681
4193 2 2 0 100 2586 2592 1615
4194 2 2 0 100 2415 2528 1616
4195 2 2 0 100 1616 2528 2525
4196 2 2 0 100 2525 2596 1616
4197 2 2 0 100 1617 2471 1661
4198 2 2 0 100 2280 2584 1617
4199 2 2 0 100 1617 2584 2471
4200 2 2 0 100 2260 2548 1618
4201 2 2 0 100 1618 2590 2476
4202 2 2 0 100 2548 2590 1618
4203 2 2 0 100 1619 2594 1855
4204 2 2 0 100 2288 2470 1619
4205 2 2 0 100 2470 2594 1619
4206 2 2 0 100 1621 1623 1620
4207 2 2 0 100 1620 2597 1622
4208 2 2 0 100 1623 2597 1620
4209 2 2 0 100 1621 2394 1623
4210 2 2 0 100 1845 2401 1621
4211 2 2 0 100 1621 2401 2394
4212 2 2 0 100 1622 1828 1827
4213 2 2 0 100 1622 2524 1828
4214 2 2 0 100 1622 2597 2524
4215 2 2 0 100 2394 2562 1623
4216 2 2 0 100 1623 2562 2497
4217 2 2 0 100 1669 2587 1624
4218 2 2 0 100 1624 1813 1812
4219 2 2 0 100 1624 2587 1813
4220 2 2 0 100 1636 2561 1625
4221 2 2 0 100 1625 2541 1680
4222 2 2 0 100 1625 2561 2541
4223 2 2 0 100 1626 2603 1658
4224 2 2 0 100 1626 1892 1807
4225 2 2 0 100 1807 2603 1626
4226 2 2 0 100 1628 2589 1627
4227 2 2 0 100 1627 2423 2417
4228 2 2 0 100 1627 2589 2423
4229 2 2 0 100 1855 2512 1628
4230 2 2 0 100 2512 2519 1628
4231 2 2 0 100 2519 2589 1628
4232 2 2 0 100 1629 2608 1653
4233 2 2 0 100 1824 1825 1629
4234 2 2 0 100 1825 2608 1629
4235 2 2 0 100 1630 1859 1631
4236 2 2 0 100 1657 2581 1630
4237 2 2 0 100 1630 2581 1859
4238 2 2 0 100 1631 1633 1632
4239 2 2 0 100 1631 1634 1633
4240 2 2 0 100 1631 1859 1634
4241 2 2 0 100 1633 2007 1632
4242 2 2 0 100 1632 1976 1932
4243 2 2 0 100 1632 2007 1976
4244 2 2 0 100 1634 1635 1633
4245 2 2 0 100 1635 2322 1633
4246 2 2 0 100 1633 2322 2007
4247 2 2 0 100 1634 2535 1635
4248 2 2 0 100 1859 1860 1634
4249 2 2 0 100 1860 2535 1634
4250 2 2 0 100 2321 2322 1635
4251 2 2 0 100 1635 2474 2321
4252 2 2 0 100 1635 2535 2474
4253 2 2 0 100 2221 2222 1636
4254 2 2 0 100 2222 2605 1636
4255 2 2 0 100 1636 2605 2561
4256 2 2 0 100 2476 2554 1637
4257 2 2 0 100 1637 2546 2539
4258 2 2 0 100 1637 2554 2546
4259 2 2 0 100 1638 2607 1896
4260 2 2 0 100 1638 2544 2485
4261 2 2 0 100 2485 2607 1638
4262 2 2 0 100 1889 1890 1639
4263 2 2 0 100 1890 2593 1639
4264 2 2 0 100 1639 2593 2575
4265 2 2 0 100 2098 2099 1640
4266 2 2 0 100 2099 2585 1640
4267 2 2 0 100 1640 2585 2567
4268 2 2 0 100 1642 2611 1641
4269 2 2 0 100 1641 2415 2412
4270 2 2 0 100 1641 2611 2415
4271 2 2 0 100 2483 2533 1642
4272 2 2 0 100 2533 2573 1642
4273 2 2 0 100 2573 2611 1642
4274 2 2 0 100 1644 2614 1643
4275 2 2 0 100 1643 2614 2506
4276 2 2 0 100 2234 2334 1644
4277 2 2 0 100 2334 2565 1644
4278 2 2 0 100 2565 2614 1644
4279 2 2 0 100 1645 1667 1646
4280 2 2 0 100 1647 2612 1645
4281 2 2 0 100 1645 2612 1667
4282 2 2 0 100 1667 1668 1646
4283 2 2 0 100 1668 1810 1646
4284 2 2 0 100 1810 2205 1646
4285 2 2 0 100 1647 2292 1674
4286 2 2 0 100 1674 2493 1647
4287 2 2 0 100 2493 2612 1647
4288 2 2 0 100 1648 1681 1650
4289 2 2 0 100 1649 2464 1820
4290 2 2 0 100 1649 2475 2464
4291 2 2 0 100 1681 2592 1650
4292 2 2 0 100 1650 2592 2514
4293 2 2 0 100 1652 2526 1651
4294 2 2 0 100 1651 2562 2394
4295 2 2 0 100 1962 2555 1652
4296 2 2 0 100 1652 2555 2526
4297 2 2 0 100 1653 2529 1659
4298 2 2 0 100 1653 2559 2529
4299 2 2 0 100 2335 2388 1654
4300 2 2 0 100 1812 1813 1655
4301 2 2 0 100 2213 2583 1657
4302 2 2 0 100 2501 2581 1657
4303 2 2 0 100 1659 2480 2241
4304 2 2 0 100 1663 2481 1660
4305 2 2 0 100 1661 2536 2055
4306 2 2 0 100 2471 2617 1661
4307 2 2 0 100 1674 2292 1662
4308 2 2 0 100 1911 1912 1663
4309 2 2 0 100 1666 2548 1664
4310 2 2 0 100 2300 2574 1665
4311 2 2 0 100 1666 2590 2548
4312 2 2 0 100 2577 2590 1666
4313 2 2 0 100 1667 2503 1668
4314 2 2 0 100 1667 2545 2503
4315 2 2 0 100 1668 1811 1810
4316 2 2 0 100 1668 2601 1811
4317 2 2 0 100 2503 2601 1668
4318 2 2 0 100 1670 1671 1669
4319 2 2 0 100 1671 2579 1669
4320 2 2 0 100 1670 1672 1671
4321 2 2 0 100 1670 1927 1672
4322 2 2 0 100 1670 2310 1927
4323 2 2 0 100 1672 2556 1671
4324 2 2 0 100 2556 2579 1671
4325 2 2 0 100 1927 1928 1672
4326 2 2 0 100 1674 2599 2493
4327 2 2 0 100 1677 2505 1675
4328 2 2 0 100 1678 1679 1676
4329 2 2 0 100 1679 2610 1676
4330 2 2 0 100 1676 2610 1815
4331 2 2 0 100 2118 2530 1677
4332 2 2 0 100 1678 2552 1679
4333 2 2 0 100 2280 2610 1679
4334 2 2 0 100 1683 1768 1680
4335 2 2 0 100 1682 2516 2468
4336 2 2 0 100 1767 2429 1684
4337 2 2 0 100 1684 2429 1768
4338 2 2 0 100 1685 2431 1686
4339 2 2 0 100 2430 2431 1685
4340 2 2 0 100 1686 1689 1687
4341 2 2 0 100 1686 2435 1689
4342 2 2 0 100 2431 2435 1686
4343 2 2 0 100 1687 1689 1688
4344 2 2 0 100 1689 1690 1688
4345 2 2 0 100 1690 1691 1688
4346 2 2 0 100 1691 2428 1688
4347 2 2 0 100 1689 2432 1690
4348 2 2 0 100 1689 2435 2432
4349 2 2 0 100 1690 1692 1691
4350 2 2 0 100 1690 2434 1692
4351 2 2 0 100 2432 2434 1690
4352 2 2 0 100 1692 1693 1691
4353 2 2 0 100 1693 1831 1691
4354 2 2 0 100 1831 2428 1691
4355 2 2 0 100 1692 1694 1693
4356 2 2 0 100 1692 2436 1694
4357 2 2 0 100 2434 2436 1692
4358 2 2 0 100 1694 1695 1693
4359 2 2 0 100 1695 1748 1693
4360 2 2 0 100 1748 1831 1693
4361 2 2 0 100 1694 1696 1695
4362 2 2 0 100 1694 2439 1696
4363 2 2 0 100 2436 2439 1694
4364 2 2 0 100 1696 1697 1695
4365 2 2 0 100 1697 2425 1695
4366 2 2 0 100 1695 2425 1748
4367 2 2 0 100 1696 1698 1697
4368 2 2 0 100 1696 2440 1698
4369 2 2 0 100 2439 2440 1696
4370 2 2 0 100 1698 1699 1697
4371 2 2 0 100 1699 1700 1697
4372 2 2 0 100 1700 2425 1697
4373 2 2 0 100 1698 2424 1699
4374 2 2 0 100 1698 2441 2424
4375 2 2 0 100 2440 2441 1698
4376 2 2 0 100 1699 1701 1700
4377 2 2 0 100 1699 1702 1701
4378 2 2 0 100 1699 2424 1702
4379 2 2 0 100 1701 1733 1700
4380 2 2 0 100 1733 1747 1700
4381 2 2 0 100 1747 2425 1700
4382 2 2 0 100 1702 1703 1701
4383 2 2 0 100 1703 2370 1701
4384 2 2 0 100 1701 2370 1733
4385 2 2 0 100 1702 1704 1703
4386 2 2 0 100 1702 1749 1704
4387 2 2 0 100 1702 2424 1749
4388 2 2 0 100 1704 1705 1703
4389 2 2 0 100 1705 1706 1703
4390 2 2 0 100 1706 2370 1703
4391 2 2 0 100 1704 2010 1705
4392 2 2 0 100 1749 1750 1704
4393 2 2 0 100 1750 2010 1704
4394 2 2 0 100 1705 1707 1706
4395 2 2 0 100 1705 1708 1707
4396 2 2 0 100 1705 2010 1708
4397 2 2 0 100 1707 2149 1706
4398 2 2 0 100 2149 2397 1706
4399 2 2 0 100 1706 2397 2370
4400 2 2 0 100 1708 1709 1707
4401 2 2 0 100 1709 1710 1707
4402 2 2 0 100 1710 2149 1707
4403 2 2 0 100 1708 2087 1709
4404 2 2 0 100 2010 2011 1708
4405 2 2 0 100 2011 2087 1708
4406 2 2 0 100 1709 1711 1710
4407 2 2 0 100 1709 1712 1711
4408 2 2 0 100 1709 2087 1712
4409 2 2 0 100 1711 1736 1710
4410 2 2 0 100 1736 1737 1710
4411 2 2 0 100 1737 2149 1710
4412 2 2 0 100 1712 1713 1711
4413 2 2 0 100 1713 2020 1711
4414 2 2 0 100 1711 2020 1736
4415 2 2 0 100 1712 1714 1713
4416 2 2 0 100 1712 1729 1714
4417 2 2 0 100 1712 2087 1729
4418 2 2 0 100 1714 1715 1713
4419 2 2 0 100 1715 1716 1713
4420 2 2 0 100 1716 2020 1713
4421 2 2 0 100 1714 1718 1715
4422 2 2 0 100 1714 2451 1718
4423 2 2 0 100 1729 2451 1714
4424 2 2 0 100 1715 1717 1716
4425 2 2 0 100 1715 2104 1717
4426 2 2 0 100 1718 2104 1715
4427 2 2 0 100 1717 1719 1716
4428 2 2 0 100 1719 1728 1716
4429 2 2 0 100 1728 2020 1716
4430 2 2 0 100 1717 1720 1719
4431 2 2 0 100 1717 1721 1720
4432 2 2 0 100 1717 2104 1721
4433 2 2 0 100 1718 2154 2104
4434 2 2 0 100 1718 2452 2154
4435 2 2 0 100 2451 2452 1718
4436 2 2 0 100 1720 2038 1719
4437 2 2 0 100 1719 1735 1728
4438 2 2 0 100 1719 2038 1735
4439 2 2 0 100 1721 1722 1720
4440 2 2 0 100 1722 1723 1720
4441 2 2 0 100 1723 2038 1720
4442 2 2 0 100 1721 1725 1722
4443 2 2 0 100 1721 1738 1725
4444 2 2 0 100 1721 2104 1738
4445 2 2 0 100 1722 1724 1723
4446 2 2 0 100 1722 2145 1724
4447 2 2 0 100 1725 2145 1722
4448 2 2 0 100 1724 1726 1723
4449 2 2 0 100 1726 1732 1723
4450 2 2 0 100 1732 2038 1723
4451 2 2 0 100 1724 1727 1726
4452 2 2 0 100 1724 1730 1727
4453 2 2 0 100 1724 2145 1730
4454 2 2 0 100 1738 1739 1725
4455 2 2 0 100 1739 1741 1725
4456 2 2 0 100 1741 2145 1725
4457 2 2 0 100 1727 1734 1726
4458 2 2 0 100 1726 1771 1732
4459 2 2 0 100 1734 1771 1726
4460 2 2 0 100 1730 1731 1727
4461 2 2 0 100 1731 2433 1727
4462 2 2 0 100 1727 2433 1734
4463 2 2 0 100 1735 1745 1728
4464 2 2 0 100 1745 2021 1728
4465 2 2 0 100 1728 2021 2020
4466 2 2 0 100 1729 2087 2014
4467 2 2 0 100 2014 2450 1729
4468 2 2 0 100 2450 2451 1729
4469 2 2 0 100 1730 1742 1731
4470 2 2 0 100 1730 2166 1742
4471 2 2 0 100 2145 2166 1730
4472 2 2 0 100 1742 1743 1731
4473 2 2 0 100 1743 1744 1731
4474 2 2 0 100 1744 2433 1731
4475 2 2 0 100 1758 1770 1732
4476 2 2 0 100 1732 1771 1758
4477 2 2 0 100 1770 2038 1732
4478 2 2 0 100 1733 1759 1747
4479 2 2 0 100 1733 1760 1759
4480 2 2 0 100 1733 2370 1760
4481 2 2 0 100 1734 1772 1771
4482 2 2 0 100 1734 1773 1772
4483 2 2 0 100 1734 2433 1773
4484 2 2 0 100 1735 1752 1745
4485 2 2 0 100 1735 1770 1752
4486 2 2 0 100 1735 2038 1770
4487 2 2 0 100 1736 1746 1737
4488 2 2 0 100 1736 2021 1746
4489 2 2 0 100 2020 2021 1736
4490 2 2 0 100 1746 1754 1737
4491 2 2 0 100 1754 1755 1737
4492 2 2 0 100 1755 2149 1737
4493 2 2 0 100 1738 1740 1739
4494 2 2 0 100 1738 2154 1740
4495 2 2 0 100 2104 2154 1738
4496 2 2 0 100 1740 2456 1739
4497 2 2 0 100 1739 1751 1741
4498 2 2 0 100 1739 2456 1751
4499 2 2 0 100 2154 2454 1740
4500 2 2 0 100 2454 2455 1740
4501 2 2 0 100 2455 2456 1740
4502 2 2 0 100 1751 2458 1741
4503 2 2 0 100 1741 2166 2145
4504 2 2 0 100 1741 2458 2166
4505 2 2 0 100 1742 2460 1743
4506 2 2 0 100 2166 2459 1742
4507 2 2 0 100 2459 2460 1742
4508 2 2 0 100 1743 1753 1744
4509 2 2 0 100 1743 2461 1753
4510 2 2 0 100 2460 2461 1743
4511 2 2 0 100 1753 2453 1744
4512 2 2 0 100 2083 2433 1744
4513 2 2 0 100 1744 2453 2083
4514 2 2 0 100 1752 1756 1745
4515 2 2 0 100 1756 1963 1745
4516 2 2 0 100 1963 2021 1745
4517 2 2 0 100 1746 1762 1754
4518 2 2 0 100 1746 1963 1762
4519 2 2 0 100 1746 2021 1963
4520 2 2 0 100 1759 1763 1747
4521 2 2 0 100 1763 2427 1747
4522 2 2 0 100 1747 2427 2425
4523 2 2 0 100 1830 1831 1748
4524 2 2 0 100 1748 2427 1830
4525 2 2 0 100 2425 2427 1748
4526 2 2 0 100 1749 2443 1750
4527 2 2 0 100 2424 2442 1749
4528 2 2 0 100 2442 2443 1749
4529 2 2 0 100 1750 2012 2010
4530 2 2 0 100 1750 2445 2012
4531 2 2 0 100 2443 2445 1750
4532 2 2 0 100 1751 2457 2437
4533 2 2 0 100 2437 2458 1751
4534 2 2 0 100 2456 2457 1751
4535 2 2 0 100 1752 1770 1757
4536 2 2 0 100 1753 2461 2444
4537 2 2 0 100 1754 1761 1755
4538 2 2 0 100 1761 2410 1755
4539 2 2 0 100 1755 2397 2149
4540 2 2 0 100 1755 2410 2397
4541 2 2 0 100 1757 1770 1758
4542 2 2 0 100 1771 2438 1758
4543 2 2 0 100 1760 1764 1759
4544 2 2 0 100 1760 2410 1764
4545 2 2 0 100 2370 2397 1760
4546 2 2 0 100 2397 2410 1760
4547 2 2 0 100 1766 2426 1767
4548 2 2 0 100 1769 2426 1766
4549 2 2 0 100 1772 2438 1771
4550 2 2 0 100 1773 2082 1772
4551 2 2 0 100 1773 2433 2083
4552 2 2 0 100 1776 2346 1775
4553 2 2 0 100 2245 2346 1776
4554 2 2 0 100 1778 1801 1777
4555 2 2 0 100 1778 1802 1801
4556 2 2 0 100 1778 1803 1802
4557 2 2 0 100 1778 2254 1803
4558 2 2 0 100 1779 2385 2042
4559 2 2 0 100 2290 2403 1781
4560 2 2 0 100 1782 1805 1783
4561 2 2 0 100 1805 2366 1783
4562 2 2 0 100 1783 2348 2332
4563 2 2 0 100 1783 2366 2348
4564 2 2 0 100 1796 1922 1784
4565 2 2 0 100 1785 1787 1786
4566 2 2 0 100 1785 2023 1787
4567 2 2 0 100 1787 1788 1786
4568 2 2 0 100 1788 1789 1786
4569 2 2 0 100 1789 2374 1786
4570 2 2 0 100 1787 1790 1788
4571 2 2 0 100 1788 2595 1789
4572 2 2 0 100 1790 2538 1788
4573 2 2 0 100 2538 2595 1788
4574 2 2 0 100 1789 2547 2374
4575 2 2 0 100 1789 2595 2489
4576 2 2 0 100 1791 1793 1790
4577 2 2 0 100 1793 2538 1790
4578 2 2 0 100 1792 1793 1791
4579 2 2 0 100 1792 1795 1794
4580 2 2 0 100 2484 2538 1793
4581 2 2 0 100 1823 2276 1796
4582 2 2 0 100 2139 2233 1797
4583 2 2 0 100 1798 2366 2119
4584 2 2 0 100 2348 2366 1798
4585 2 2 0 100 2271 2291 1799
4586 2 2 0 100 1833 1841 1800
4587 2 2 0 100 1803 2403 1802
4588 2 2 0 100 1802 2403 2290
4589 2 2 0 100 2329 2403 1803
4590 2 2 0 100 1804 2389 1934
4591 2 2 0 100 1807 1892 1806
4592 2 2 0 100 1808 2603 1807
4593 2 2 0 100 1809 2117 2116
4594 2 2 0 100 1811 1839 1810
4595 2 2 0 100 1811 1840 1839
4596 2 2 0 100 1811 2551 1840
4597 2 2 0 100 1811 2601 2551
4598 2 2 0 100 1813 2587 2518
4599 2 2 0 100 1875 1876 1815
4600 2 2 0 100 2059 2281 1817
4601 2 2 0 100 1817 2281 2257
4602 2 2 0 100 1819 1955 1818
4603 2 2 0 100 2074 2116 1819
4604 2 2 0 100 1822 2502 2477
4605 2 2 0 100 2008 2276 1823
4606 2 2 0 100 1825 2515 2486
4607 2 2 0 100 2486 2608 1825
4608 2 2 0 100 1826 2305 1832
4609 2 2 0 100 1828 2574 1827
4610 2 2 0 100 1827 2574 2300
4611 2 2 0 100 1829 2248 2186
4612 2 2 0 100 1834 2050 2002
4613 2 2 0 100 1836 1837 1835
4614 2 2 0 100 1837 2071 1835
4615 2 2 0 100 1836 1838 1837
4616 2 2 0 100 1836 2376 1838
4617 2 2 0 100 2357 2376 1836
4618 2 2 0 100 1838 2111 1837
4619 2 2 0 100 1838 2378 2111
4620 2 2 0 100 1838 2376 2362
4621 2 2 0 100 2362 2378 1838
4622 2 2 0 100 1840 2530 2118
4623 2 2 0 100 1840 2551 2530
4624 2 2 0 100 1842 1873 1843
4625 2 2 0 100 1843 1937 1844
4626 2 2 0 100 1937 2387 1844
4627 2 2 0 100 1844 2276 2008
4628 2 2 0 100 1844 2387 2276
4629 2 2 0 100 1847 1852 1846
4630 2 2 0 100 1848 1849 1847
4631 2 2 0 100 1849 1851 1847
4632 2 2 0 100 1851 1852 1847
4633 2 2 0 100 1848 1850 1849
4634 2 2 0 100 1848 2212 1850
4635 2 2 0 100 2006 2212 1848
4636 2 2 0 100 1850 2338 1849
4637 2 2 0 100 1849 2350 1851
4638 2 2 0 100 2338 2350 1849
4639 2 2 0 100 1850 2212 1897
4640 2 2 0 100 1897 2323 1850
4641 2 2 0 100 2323 2338 1850
4642 2 2 0 100 1851 1853 1852
4643 2 2 0 100 1851 2375 1853
4644 2 2 0 100 2350 2375 1851
4645 2 2 0 100 1853 2314 1852
4646 2 2 0 100 2169 2314 1853
4647 2 2 0 100 1853 2343 2169
4648 2 2 0 100 1853 2375 2343
4649 2 2 0 100 1857 1903 1858
4650 2 2 0 100 1903 2270 1858
4651 2 2 0 100 1858 2303 1942
4652 2 2 0 100 2270 2303 1858
4653 2 2 0 100 1859 2606 1860
4654 2 2 0 100 1860 2580 2535
4655 2 2 0 100 1862 2174 1861
4656 2 2 0 100 1862 2313 2174
4657 2 2 0 100 1862 2333 2313
4658 2 2 0 100 1862 2339 2333
4659 2 2 0 100 1863 2062 1864
4660 2 2 0 100 1864 2062 1986
4661 2 2 0 100 1986 2193 1864
4662 2 2 0 100 2193 2324 1864
4663 2 2 0 100 1865 2088 2025
4664 2 2 0 100 1865 2156 2088
4665 2 2 0 100 1868 2043 1867
4666 2 2 0 100 1867 2043 2003
4667 2 2 0 100 2277 2303 1868
4668 2 2 0 100 2218 2237 1869
4669 2 2 0 100 1870 1872 1871
4670 2 2 0 100 1870 2517 1872
4671 2 2 0 100 1872 2478 1871
4672 2 2 0 100 1871 2583 2213
4673 2 2 0 100 2478 2583 1871
4674 2 2 0 100 1872 2598 2478
4675 2 2 0 100 1873 2326 1874
4676 2 2 0 100 1874 2326 2268
4677 2 2 0 100 1878 2047 1879
4678 2 2 0 100 2047 2102 1879
4679 2 2 0 100 2102 2199 1879
4680 2 2 0 100 2199 2200 1879
4681 2 2 0 100 2327 2341 1880
4682 2 2 0 100 2176 2177 1881
4683 2 2 0 100 2177 2211 1881
4684 2 2 0 100 1898 2040 1882
4685 2 2 0 100 1883 1885 1884
4686 2 2 0 100 1883 2223 1885
4687 2 2 0 100 1885 1886 1884
4688 2 2 0 100 1886 1897 1884
4689 2 2 0 100 1897 2212 1884
4690 2 2 0 100 1885 1887 1886
4691 2 2 0 100 1885 1909 1887
4692 2 2 0 100 1885 2223 1909
4693 2 2 0 100 1887 1888 1886
4694 2 2 0 100 1888 2309 1886
4695 2 2 0 100 1886 2309 1897
4696 2 2 0 100 1887 2381 1888
4697 2 2 0 100 1909 2382 1887
4698 2 2 0 100 1887 2382 2381
4699 2 2 0 100 1888 2381 2311
4700 2 2 0 100 1891 2602 1890
4701 2 2 0 100 1890 2602 2593
4702 2 2 0 100 1893 1894 1891
4703 2 2 0 100 1895 2511 1894
4704 2 2 0 100 1896 2607 1895
4705 2 2 0 100 1895 2550 2511
4706 2 2 0 100 2309 2323 1897
4707 2 2 0 100 1898 2080 1971
4708 2 2 0 100 1901 2600 1900
4709 2 2 0 100 1900 2600 2479
4710 2 2 0 100 1902 2261 1901
4711 2 2 0 100 2261 2482 1901
4712 2 2 0 100 2482 2600 1901
4713 2 2 0 100 1902 2340 2266
4714 2 2 0 100 1904 2005 1905
4715 2 2 0 100 2005 2078 1905
4716 2 2 0 100 2078 2196 1905
4717 2 2 0 100 2196 2324 1905
4718 2 2 0 100 2175 2176 1906
4719 2 2 0 100 1908 2143 1907
4720 2 2 0 100 2121 2143 1908
4721 2 2 0 100 1909 2389 2382
4722 2 2 0 100 2390 2402 1910
4723 2 2 0 100 2480 2494 1912
4724 2 2 0 100 1936 2135 1913
4725 2 2 0 100 2112 2312 1914
4726 2 2 0 100 1914 2312 2274
4727 2 2 0 100 1915 2208 2137
4728 2 2 0 100 1915 2219 2208
4729 2 2 0 100 1917 2364 2354
4730 2 2 0 100 1919 1920 1918
4731 2 2 0 100 1920 1945 1918
4732 2 2 0 100 1919 1996 1920
4733 2 2 0 100 1919 1997 1996
4734 2 2 0 100 1919 2173 1997
4735 2 2 0 100 1920 2385 1945
4736 2 2 0 100 2204 2362 1921
4737 2 2 0 100 2362 2376 1921
4738 2 2 0 100 2279 2284 1925
4739 2 2 0 100 1925 2302 2279
4740 2 2 0 100 1926 2317 2316
4741 2 2 0 100 1927 2620 1928
4742 2 2 0 100 1928 1930 1929
4743 2 2 0 100 1928 1931 1930
4744 2 2 0 100 1928 2620 1931
4745 2 2 0 100 1930 2613 1929
4746 2 2 0 100 1931 2041 1930
4747 2 2 0 100 2041 2521 1930
4748 2 2 0 100 2521 2613 1930
4749 2 2 0 100 1931 2540 2041
4750 2 2 0 100 2331 2540 1931
4751 2 2 0 100 1931 2620 2331
4752 2 2 0 100 1933 2227 2129
4753 2 2 0 100 1936 2337 2136
4754 2 2 0 100 1939 2114 2103
4755 2 2 0 100 2472 2473 1940
4756 2 2 0 100 2473 2544 1940
4757 2 2 0 100 1942 2303 2277
4758 2 2 0 100 1947 2295 1946
4759 2 2 0 100 1946 2295 2294
4760 2 2 0 100 1947 2377 2229
4761 2 2 0 100 1948 1950 1949
4762 2 2 0 100 1950 2509 1949
4763 2 2 0 100 2509 2510 1949
4764 2 2 0 100 2510 2576 1949
4765 2 2 0 100 2272 2591 1950
4766 2 2 0 100 1951 2284 2128
4767 2 2 0 100 1953 2350 2338
4768 2 2 0 100 1956 2281 2059
4769 2 2 0 100 2060 2281 1956
4770 2 2 0 100 1958 1988 1959
4771 2 2 0 100 1988 1989 1959
4772 2 2 0 100 2190 2246 1965
4773 2 2 0 100 2031 2386 1966
4774 2 2 0 100 1966 2386 2373
4775 2 2 0 100 2198 2320 1967
4776 2 2 0 100 2194 2445 1968
4777 2 2 0 100 1968 2445 2443
4778 2 2 0 100 1971 2080 1972
4779 2 2 0 100 2081 2161 1972
4780 2 2 0 100 1973 2312 2112
4781 2 2 0 100 1973 2344 2312
4782 2 2 0 100 1975 2407 1974
4783 2 2 0 100 1975 2419 2407
4784 2 2 0 100 2409 2413 1975
4785 2 2 0 100 2413 2419 1975
4786 2 2 0 100 1977 1979 1978
4787 2 2 0 100 1979 1980 1978
4788 2 2 0 100 1980 1981 1978
4789 2 2 0 100 1981 2171 1978
4790 2 2 0 100 1979 2216 1980
4791 2 2 0 100 2163 2216 1979
4792 2 2 0 100 1980 2109 1981
4793 2 2 0 100 2093 2109 1980
4794 2 2 0 100 1980 2216 2093
4795 2 2 0 100 2109 2147 1981
4796 2 2 0 100 2147 2155 1981
4797 2 2 0 100 2155 2171 1981
4798 2 2 0 100 1983 2095 1982
4799 2 2 0 100 1983 2132 2095
4800 2 2 0 100 2108 2225 1983
4801 2 2 0 100 1983 2225 2132
4802 2 2 0 100 2129 2227 1984
4803 2 2 0 100 2045 2318 1987
4804 2 2 0 100 1989 2327 2269
4805 2 2 0 100 1992 2041 1991
4806 2 2 0 100 1992 2521 2041
4807 2 2 0 100 1992 2616 2521
4808 2 2 0 100 2542 2616 1992
4809 2 2 0 100 1993 2094 2093
4810 2 2 0 100 1994 2285 2096
4811 2 2 0 100 2203 2441 1995
4812 2 2 0 100 1995 2441 2440
4813 2 2 0 100 2173 2421 1997
4814 2 2 0 100 2421 2422 1997
4815 2 2 0 100 1998 2307 1999
4816 2 2 0 100 2001 2349 2000
4817 2 2 0 100 2000 2349 2345
4818 2 2 0 100 2079 2351 2001
4819 2 2 0 100 2001 2372 2349
4820 2 2 0 100 2351 2372 2001
4821 2 2 0 100 2444 2461 2004
4822 2 2 0 100 2007 2322 2258
4823 2 2 0 100 2009 2395 2278
4824 2 2 0 100 2009 2406 2395
4825 2 2 0 100 2010 2012 2011
4826 2 2 0 100 2012 2013 2011
4827 2 2 0 100 2013 2014 2011
4828 2 2 0 100 2014 2087 2011
4829 2 2 0 100 2012 2447 2013
4830 2 2 0 100 2445 2447 2012
4831 2 2 0 100 2013 2448 2014
4832 2 2 0 100 2013 2447 2446
4833 2 2 0 100 2446 2448 2013
4834 2 2 0 100 2448 2450 2014
4835 2 2 0 100 2132 2133 2015
4836 2 2 0 100 2133 2306 2015
4837 2 2 0 100 2016 2018 2017
4838 2 2 0 100 2016 2197 2018
4839 2 2 0 100 2018 2179 2017
4840 2 2 0 100 2197 2296 2018
4841 2 2 0 100 2022 2207 2029
4842 2 2 0 100 2022 2455 2207
4843 2 2 0 100 2028 2460 2459
4844 2 2 0 100 2029 2207 2030
4845 2 2 0 100 2030 2064 2063
4846 2 2 0 100 2030 2065 2064
4847 2 2 0 100 2030 2207 2065
4848 2 2 0 100 2032 2386 2031
4849 2 2 0 100 2032 2399 2386
4850 2 2 0 100 2032 2405 2399
4851 2 2 0 100 2032 2408 2405
4852 2 2 0 100 2383 2395 2033
4853 2 2 0 100 2332 2348 2035
4854 2 2 0 100 2036 2347 2339
4855 2 2 0 100 2167 2343 2039
4856 2 2 0 100 2343 2375 2039
4857 2 2 0 100 2046 2318 2045
4858 2 2 0 100 2046 2364 2243
4859 2 2 0 100 2051 2281 2060
4860 2 2 0 100 2257 2281 2051
4861 2 2 0 100 2055 2536 2334
4862 2 2 0 100 2057 2210 2138
4863 2 2 0 100 2158 2210 2057
4864 2 2 0 100 2064 2172 2063
4865 2 2 0 100 2065 2066 2064
4866 2 2 0 100 2066 2067 2064
4867 2 2 0 100 2067 2172 2064
4868 2 2 0 100 2065 2452 2066
4869 2 2 0 100 2207 2454 2065
4870 2 2 0 100 2065 2454 2452
4871 2 2 0 100 2066 2450 2067
4872 2 2 0 100 2066 2451 2450
4873 2 2 0 100 2066 2452 2451
4874 2 2 0 100 2067 2450 2448
4875 2 2 0 100 2229 2377 2068
4876 2 2 0 100 2073 2216 2163
4877 2 2 0 100 2079 2358 2351
4878 2 2 0 100 2214 2296 2081
4879 2 2 0 100 2083 2453 2449
4880 2 2 0 100 2449 2453 2084
4881 2 2 0 100 2089 2372 2090
4882 2 2 0 100 2349 2372 2089
4883 2 2 0 100 2090 2372 2148
4884 2 2 0 100 2094 2109 2093
4885 2 2 0 100 2096 2285 2107
4886 2 2 0 100 2098 2238 2099
4887 2 2 0 100 2238 2239 2099
4888 2 2 0 100 2239 2240 2099
4889 2 2 0 100 2240 2585 2099
4890 2 2 0 100 2181 2225 2108
4891 2 2 0 100 2491 2557 2115
4892 2 2 0 100 2120 2347 2345
4893 2 2 0 100 2122 2411 2408
4894 2 2 0 100 2125 2293 2275
4895 2 2 0 100 2125 2328 2293
4896 2 2 0 100 2126 2275 2160
4897 2 2 0 100 2130 2246 2190
4898 2 2 0 100 2131 2434 2432
4899 2 2 0 100 2132 2225 2133
4900 2 2 0 100 2201 2306 2133
4901 2 2 0 100 2136 2379 2297
4902 2 2 0 100 2337 2342 2136
4903 2 2 0 100 2342 2379 2136
4904 2 2 0 100 2141 2379 2142
4905 2 2 0 100 2342 2363 2142
4906 2 2 0 100 2142 2379 2342
4907 2 2 0 100 2142 2363 2361
4908 2 2 0 100 2148 2372 2351
4909 2 2 0 100 2150 2323 2309
4910 2 2 0 100 2452 2454 2154
4911 2 2 0 100 2165 2615 2517
4912 2 2 0 100 2558 2615 2165
4913 2 2 0 100 2458 2459 2166
4914 2 2 0 100 2358 2369 2178
4915 2 2 0 100 2194 2447 2445
4916 2 2 0 100 2304 2320 2198
4917 2 2 0 100 2203 2442 2441
4918 2 2 0 100 2207 2455 2454
4919 2 2 0 100 2221 2321 2222
4920 2 2 0 100 2321 2474 2222
4921 2 2 0 100 2474 2498 2222
4922 2 2 0 100 2361 2373 2224
4923 2 2 0 100 2231 2469 2232
4924 2 2 0 100 2231 2549 2469
4925 2 2 0 100 2232 2236 2235
4926 2 2 0 100 2232 2588 2236
4927 2 2 0 100 2469 2588 2232
4928 2 2 0 100 2236 2388 2335
4929 2 2 0 100 2236 2588 2388
4930 2 2 0 100 2239 2582 2240
4931 2 2 0 100 2240 2609 2585
4932 2 2 0 100 2259 2435 2431
4933 2 2 0 100 2262 2569 2261
4934 2 2 0 100 2261 2569 2482
4935 2 2 0 100 2263 2569 2262
4936 2 2 0 100 2263 2567 2523
4937 2 2 0 100 2523 2568 2263
4938 2 2 0 100 2568 2569 2263
4939 2 2 0 100 2264 2439 2436
4940 2 2 0 100 2406 2409 2265
4941 2 2 0 100 2381 2382 2267
4942 2 2 0 100 2465 2591 2272
4943 2 2 0 100 2278 2395 2383
4944 2 2 0 100 2466 2470 2288
4945 2 2 0 100 2330 2540 2331
4946 2 2 0 100 2536 2565 2334
4947 2 2 0 100 2492 2578 2371
4948 2 2 0 100 2490 2563 2423
4949 2 2 0 100 2441 2442 2424
4950 2 2 0 100 2463 2570 2462
4951 2 2 0 100 2547 2618 2463
4952 2 2 0 100 2534 2591 2465
4953 2 2 0 100 2479 2622 2467
4954 2 2 0 100 2532 2560 2468
4955 2 2 0 100 2537 2594 2470
4956 2 2 0 100 2561 2605 2487
4957 2 2 0 100 2530 2551 2495
4958 2 2 0 100 2496 2615 2558
4959 2 2 0 100 2521 2616 2499
4960 2 2 0 100 2500 2565 2536
4961 2 2 0 100 2593 2602 2504
4962 2 2 0 100 2507 2586 2575
4963 2 2 0 100 2527 2566 2508
4964 2 2 0 101 2 4 86
4965 2 2 0 101 310 5 3
4966 2 2 0 101 160 310 3
4967 2 2 0 101 4 236 86
4968 2 2 0 101 86 236 87
4969 2 2 0 101 237 88 87
4970 2 2 0 101 236 237 87
4971 2 2 0 101 88 238 89
4972 2 2 0 101 237 238 88
4973 2 2 0 101 89 240 90
4974 2 2 0 101 238 239 89
4975 2 2 0 101 239 240 89
4976 2 2 0 101 240 91 90
4977 2 2 0 101 91 242 92
4978 2 2 0 101 240 241 91
4979 2 2 0 101 91 241 242
4980 2 2 0 101 92 243 93
4981 2 2 0 101 242 243 92
4982 2 2 0 101 93 244 94
4983 2 2 0 101 243 244 93
4984 2 2 0 101 94 245 95
4985 2 2 0 101 94 244 245
4986 2 2 0 101 95 246 96
4987 2 2 0 101 245 246 95
4988 2 2 0 101 96 247 97
4989 2 2 0 101 246 247 96
4990 2 2 0 101 97 247 98
4991 2 2 0 101 98 249 99
4992 2 2 0 101 247 248 98
4993 2 2 0 101 98 248 249
4994 2 2 0 101 99 250 100
4995 2 2 0 101 249 250 99
4996 2 2 0 101 100 251 101
4997 2 2 0 101 250 251 100
4998 2 2 0 101 251 102 101
4999 2 2 0 101 102 252 103
5000 2 2 0 101 251 252 102
5001 2 2 0 101 253 104 103
5002 2 2 0 101 252 253 103
5003 2 2 0 101 104 254 105
5004 2 2 0 101 253 254 104
5005 2 2 0 101 105 255 106
5006 2 2 0 101 254 255 105
5007 2 2 0 101 106 257 107
5008 2 2 0 101 255 256 106
5009 2 2 0 101 106 256 257
5010 2 2 0 101 107 258 108
5011 2 2 0 101 257 258 107
5012 2 2 0 101 108 259 109
5013 2 2 0 101 108 258 259
5014 2 2 0 101 259 110 109
5015 2 2 0 101 110 260 111
5016 2 2 0 101 259 260 110
5017 2 2 0 101 111 262 112
5018 2 2 0 101 260 261 111
5019 2 2 0 101 261 262 111
5020 2 2 0 101 112 263 113
5021 2 2 0 101 262 263 112
5022 2 2 0 101 113 263 114
5023 2 2 0 101 114 265 115
5024 2 2 0 101 263 264 114
5025 2 2 0 101 264 265 114
5026 2 2 0 101 115 266 116
5027 2 2 0 101 115 265 266
5028 2 2 0 101 116 267 117
5029 2 2 0 101 266 267 116
5030 2 2 0 101 117 268 118
5031 2 2 0 101 117 267 268
5032 2 2 0 101 118 268 119
5033 2 2 0 101 119 269 120
5034 2 2 0 101 268 269 119
5035 2 2 0 101 120 271 121
5036 2 2 0 101 269 270 120
5037 2 2 0 101 270 271 120
5038 2 2 0 101 121 272 122
5039 2 2 0 101 121 271 272
5040 2 2 0 101 122 273 123
5041 2 2 0 101 272 273 122
5042 2 2 0 101 123 273 124
5043 2 2 0 101 124 274 125
5044 2 2 0 101 273 274 124
5045 2 2 0 101 125 275 126
5046 2 2 0 101 274 275 125
5047 2 2 0 101 126 276 127
5048 2 2 0 101 275 276 126
5049 2 2 0 101 127 278 128
5050 2 2 0 101 276 277 127
5051 2 2 0 101 277 278 127
5052 2 2 0 101 128 279 129
5053 2 2 0 101 278 279 128
5054 2 2 0 101 279 130 129
5055 2 2 0 101 130 280 131
5056 2 2 0 101 279 280 130
5057 2 2 0 101 131 281 132
5058 2 2 0 101 280 281 131
5059 2 2 0 101 132 282 133
5060 2 2 0 101 281 282 132
5061 2 2 0 101 133 283 134
5062 2 2 0 101 282 283 133
5063 2 2 0 101 134 285 135
5064 2 2 0 101 283 284 134
5065 2 2 0 101 284 285 134
5066 2 2 0 101 135 286 136
5067 2 2 0 101 285 286 135
5068 2 2 0 101 136 286 137
5069 2 2 0 101 287 138 137
5070 2 2 0 101 286 287 137
5071 2 2 0 101 138 288 139
5072 2 2 0 101 287 288 138
5073 2 2 0 101 139 290 140
5074 2 2 0 101 288 289 139
5075 2 2 0 101 289 290 139
5076 2 2 0 101 140 291 141
5077 2 2 0 101 140 290 291
5078 2 2 0 101 291 142 141
5079 2 2 0 101 142 293 143
5080 2 2 0 101 291 292 142
5081 2 2 0 101 142 292 293
5082 2 2 0 101 293 144 143
5083 2 2 0 101 144 294 145
5084 2 2 0 101 293 294 144
5085 2 2 0 101 295 146 145
5086 2 2 0 101 294 295 145
5087 2 2 0 101 146 296 147
5088 2 2 0 101 295 296 146
5089 2 2 0 101 297 148 147
5090 2 2 0 101 296 297 147
5091 2 2 0 101 148 298 149
5092 2 2 0 101 297 298 148
5093 2 2 0 101 149 299 150
5094 2 2 0 101 298 299 149
5095 2 2 0 101 150 301 151
5096 2 2 0 101 299 300 150
5097 2 2 0 101 300 301 150
5098 2 2 0 101 301 152 151
5099 2 2 0 101 152 302 153
5100 2 2 0 101 301 302 152
5101 2 2 0 101 153 303 154
5102 2 2 0 101 302 303 153
5103 2 2 0 101 154 304 155
5104 2 2 0 101 303 304 154
5105 2 2 0 101 155 305 156
5106 2 2 0 101 304 305 155
5107 2 2 0 101 156 307 157
5108 2 2 0 101 305 306 156
5109 2 2 0 101 306 307 156
5110 2 2 0 101 157 307 158
5111 2 2 0 101 158 309 159
5112 2 2 0 101 307 308 158
5113 2 2 0 101 308 309 158
5114 2 2 0 101 159 310 160
5115 2 2 0 101 309 310 159
5116 2 2 0 102 385 4 2
5117 2 2 0 102 235 385 2
5118 2 2 0 102 3 5 161
5119 2 2 0 102 5 311 161
5120 2 2 0 102 161 312 162
5121 2 2 0 102 311 312 161
5122 2 2 0 102 162 313 163
5123 2 2 0 102 312 313 162
5124 2 2 0 102 163 313 164
5125 2 2 0 102 164 314 165
5126 2 2 0 102 313 314 164
5127 2 2 0 102 165 315 166
5128 2 2 0 102 314 315 165
5129 2 2 0 102 166 317 167
5130 2 2 0 102 315 316 166
5131 2 2 0 102 316 317 166
5132 2 2 0 102 167 318 168
5133 2 2 0 102 317 318 167
5134 2 2 0 102 318 169 168
5135 2 2 0 102 169 319 170
5136 2 2 0 102 318 319 169
5137 2 2 0 102 170 320 171
5138 2 2 0 102 319 320 170
5139 2 2 0 102 171 321 172
5140 2 2 0 102 320 321 171
5141 2 2 0 102 172 322 173
5142 2 2 0 102 321 322 172
5143 2 2 0 102 173 323 174
5144 2 2 0 102 322 323 173
5145 2 2 0 102 174 325 175
5146 2 2 0 102 323 324 174
5147 2 2 0 102 324 325 174
5148 2 2 0 102 325 176 175
5149 2 2 0 102 176 326 177
5150 2 2 0 102 325 326 176
5151 2 2 0 102 177 328 178
5152 2 2 0 102 326 327 177
5153 2 2 0 102 327 328 177
5154 2 2 0 102 178 329 179
5155 2 2 0 102 328 329 178
5156 2 2 0 102 329 180 179
5157 2 2 0 102 180 330 181
5158 2 2 0 102 329 330 180
5159 2 2 0 102 181 332 182
5160 2 2 0 102 330 331 181
5161 2 2 0 102 331 332 181
5162 2 2 0 102 182 333 183
5163 2 2 0 102 332 333 182
5164 2 2 0 102 183 333 184
5165 2 2 0 102 184 335 185
5166 2 2 0 102 333 334 184
5167 2 2 0 102 334 335 184
5168 2 2 0 102 185 336 186
5169 2 2 0 102 335 336 185
5170 2 2 0 102 186 337 187
5171 2 2 0 102 336 337 186
5172 2 2 0 102 187 338 188
5173 2 2 0 102 337 338 187
5174 2 2 0 102 338 189 188
5175 2 2 0 102 189 339 190
5176 2 2 0 102 338 339 189
5177 2 2 0 102 190 340 191
5178 2 2 0 102 339 340 190
5179 2 2 0 102 191 342 192
5180 2 2 0 102 340 341 191
5181 2 2 0 102 341 342 191
5182 2 2 0 102 192 343 193
5183 2 2 0 102 342 343 192
5184 2 2 0 102 193 344 194
5185 2 2 0 102 343 344 193
5186 2 2 0 102 194 345 195
5187 2 2 0 102 344 345 194
5188 2 2 0 102 195 346 196
5189 2 2 0 102 345 346 195
5190 2 2 0 102 196 347 197
5191 2 2 0 102 346 347 196
5192 2 2 0 102 347 198 197
5193 2 2 0 102 198 348 199
5194 2 2 0 102 347 348 198
5195 2 2 0 102 199 350 200
5196 2 2 0 102 348 349 199
5197 2 2 0 102 349 350 199
5198 2 2 0 102 200 350 201
5199 2 2 0 102 201 351 202
5200 2 2 0 102 350 351 201
5201 2 2 0 102 202 353 203
5202 2 2 0 102 351 352 202
5203 2 2 0 102 352 353 202
5204 2 2 0 102 203 354 204
5205 2 2 0 102 203 353 354
5206 2 2 0 102 204 355 205
5207 2 2 0 102 354 355 204
5208 2 2 0 102 205 355 206
5209 2 2 0 102 206 357 207
5210 2 2 0 102 355 356 206
5211 2 2 0 102 356 357 206
5212 2 2 0 102 207 358 208
5213 2 2 0 102 357 358 207
5214 2 2 0 102 208 359 209
5215 2 2 0 102 358 359 208
5216 2 2 0 102 209 359 210
5217 2 2 0 102 360 211 210
5218 2 2 0 102 359 360 210
5219 2 2 0 102 211 362 212
5220 2 2 0 102 360 361 211
5221 2 2 0 102 211 361 362
5222 2 2 0 102 212 363 213
5223 2 2 0 102 362 363 212
5224 2 2 0 102 213 364 214
5225 2 2 0 102 363 364 213
5226 2 2 0 102 214 364 215
5227 2 2 0 102 215 365 216
5228 2 2 0 102 364 365 215
5229 2 2 0 102 216 366 217
5230 2 2 0 102 365 366 216
5231 2 2 0 102 217 367 218
5232 2 2 0 102 366 367 217
5233 2 2 0 102 218 368 219
5234 2 2 0 102 367 368 218
5235 2 2 0 102 219 369 220
5236 2 2 0 102 368 369 219
5237 2 2 0 102 220 370 221
5238 2 2 0 102 369 370 220
5239 2 2 0 102 221 371 222
5240 2 2 0 102 370 371 221
5241 2 2 0 102 222 372 223
5242 2 2 0 102 371 372 222
5243 2 2 0 102 223 374 224
5244 2 2 0 102 372 373 223
5245 2 2 0 102 373 374 223
5246 2 2 0 102 374 225 224
5247 2 2 0 102 225 375 226
5248 2 2 0 102 374 375 225
5249 2 2 0 102 226 377 227
5250 2 2 0 102 375 376 226
5251 2 2 0 102 376 377 226
5252 2 2 0 102 227 378 228
5253 2 2 0 102 377 378 227
5254 2 2 0 102 228 379 229
5255 2 2 0 102 378 379 228
5256 2 2 0 102 379 230 229
5257 2 2 0 102 230 380 231
5258 2 2 0 102 379 380 230
5259 2 2 0 102 231 381 232
5260 2 2 0 102 380 381 231
5261 2 2 0 102 382 233 232
5262 2 2 0 102 381 382 232
5263 2 2 0 102 233 384 234
5264 2 2 0 102 382 383 233
5265 2 2 0 102 233 383 384
5266 2 2 0 102 234 385 235
5267 2 2 0 102 384 385 234
5268 2 2 0 103 236 4 2644
5269 2 2 0 103 4 385 4580
5270 2 2 0 103 2644 4 4580
5271 2 2 0 103 5 310 2647
5272 2 2 0 103 311 5 4570
5273 2 2 0 103 5 2647 4570
5274 2 2 0 103 237 236 4685
5275 2 2 0 103 236 2644 4685
5276 2 2 0 103 238 237 2657
5277 2 2 0 103 2657 237 4685
5278 2 2 0 103 239 238 4637
5279 2 2 0 103 238 2657 4637
5280 2 2 0 103 240 239 4660
5281 2 2 0 103 239 4637 4660
5282 2 2 0 103 241 240 2635
5283 2 2 0 103 2635 240 4660
5284 2 2 0 103 242 241 4599
5285 2 2 0 103 241 2635 4599
5286 2 2 0 103 243 242 2662
5287 2 2 0 103 2662 242 4599
5288 2 2 0 103 244 243 4702
5289 2 2 0 103 243 2662 4702
5290 2 2 0 103 245 244 2649
5291 2 2 0 103 2649 244 4702
5292 2 2 0 103 246 245 4567
5293 2 2 0 103 245 2649 4567
5294 2 2 0 103 247 246 2656
5295 2 2 0 103 2656 246 4567
5296 2 2 0 103 248 247 4640
5297 2 2 0 103 247 2656 4640
5298 2 2 0 103 249 248 4610
5299 2 2 0 103 4610 248 4640
5300 2 2 0 103 250 249 2629
5301 2 2 0 103 2629 249 4610
5302 2 2 0 103 251 250 4575
5303 2 2 0 103 250 2629 4575
5304 2 2 0 103 252 251 2667
5305 2 2 0 103 2667 251 4575
5306 2 2 0 103 253 252 4562
5307 2 2 0 103 252 2667 4562
5308 2 2 0 103 254 253 2651
5309 2 2 0 103 2651 253 4562
5310 2 2 0 103 255 254 4583
5311 2 2 0 103 254 2651 4583
5312 2 2 0 103 256 255 2671
5313 2 2 0 103 2671 255 4583
5314 2 2 0 103 257 256 4614
5315 2 2 0 103 256 2671 4614
5316 2 2 0 103 258 257 4654
5317 2 2 0 103 257 4614 4654
5318 2 2 0 103 259 258 2637
5319 2 2 0 103 2637 258 4654
5320 2 2 0 103 260 259 4609
5321 2 2 0 103 259 2637 4609
5322 2 2 0 103 261 260 4606
5323 2 2 0 103 4606 260 4609
5324 2 2 0 103 262 261 2659
5325 2 2 0 103 2659 261 4606
5326 2 2 0 103 263 262 4572
5327 2 2 0 103 262 2659 4572
5328 2 2 0 103 264 263 2640
5329 2 2 0 103 2640 263 4572
5330 2 2 0 103 265 264 4645
5331 2 2 0 103 264 2640 4645
5332 2 2 0 103 266 265 2658
5333 2 2 0 103 2658 265 4645
5334 2 2 0 103 267 266 4680
5335 2 2 0 103 266 2658 4680
5336 2 2 0 103 268 267 4574
5337 2 2 0 103 4574 267 4680
5338 2 2 0 103 269 268 2625
5339 2 2 0 103 2625 268 4574
5340 2 2 0 103 270 269 4626
5341 2 2 0 103 269 2625 4626
5342 2 2 0 103 271 270 4584
5343 2 2 0 103 4584 270 4626
5344 2 2 0 103 272 271 2672
5345 2 2 0 103 2672 271 4584
5346 2 2 0 103 273 272 4576
5347 2 2 0 103 272 2672 4576
5348 2 2 0 103 274 273 2641
5349 2 2 0 103 2641 273 4576
5350 2 2 0 103 275 274 4586
5351 2 2 0 103 274 2641 4586
5352 2 2 0 103 276 275 2669
5353 2 2 0 103 2669 275 4586
5354 2 2 0 103 277 276 3759
5355 2 2 0 103 276 2669 3759
5356 2 2 0 103 278 277 4633
5357 2 2 0 103 277 3759 4633
5358 2 2 0 103 279 278 2634
5359 2 2 0 103 2634 278 4633
5360 2 2 0 103 280 279 4665
5361 2 2 0 103 279 2634 4665
5362 2 2 0 103 281 280 4698
5363 2 2 0 103 4552 280 4665
5364 2 2 0 103 280 4552 4698
5365 2 2 0 103 282 281 2660
5366 2 2 0 103 2660 281 4698
5367 2 2 0 103 283 282 4581
5368 2 2 0 103 282 2660 4581
5369 2 2 0 103 284 283 2650
5370 2 2 0 103 2650 283 4581
5371 2 2 0 103 285 284 4587
5372 2 2 0 103 284 2650 4587
5373 2 2 0 103 286 285 2684
5374 2 2 0 103 2684 285 4587
5375 2 2 0 103 287 286 4577
5376 2 2 0 103 286 2684 4577
5377 2 2 0 103 288 287 2628
5378 2 2 0 103 2628 287 4577
5379 2 2 0 103 289 288 4679
5380 2 2 0 103 288 2628 4679
5381 2 2 0 103 290 289 4559
5382 2 2 0 103 4559 289 4679
5383 2 2 0 103 291 290 2681
5384 2 2 0 103 2681 290 4559
5385 2 2 0 103 292 291 4582
5386 2 2 0 103 291 2681 4582
5387 2 2 0 103 293 292 2639
5388 2 2 0 103 2639 292 4582
5389 2 2 0 103 294 293 4687
5390 2 2 0 103 293 2639 4687
5391 2 2 0 103 295 294 4661
5392 2 2 0 103 294 3941 4661
5393 2 2 0 103 3941 294 4687
5394 2 2 0 103 296 295 2668
5395 2 2 0 103 2668 295 4661
5396 2 2 0 103 297 296 4579
5397 2 2 0 103 296 2668 4579
5398 2 2 0 103 298 297 2631
5399 2 2 0 103 2631 297 4579
5400 2 2 0 103 299 298 4568
5401 2 2 0 103 298 2631 4568
5402 2 2 0 103 300 299 2655
5403 2 2 0 103 2655 299 4568
5404 2 2 0 103 301 300 4603
5405 2 2 0 103 300 2655 4603
5406 2 2 0 103 302 301 2687
5407 2 2 0 103 2687 301 4603
5408 2 2 0 103 303 302 2648
5409 2 2 0 103 2648 302 2687
5410 2 2 0 103 304 303 4569
5411 2 2 0 103 303 2648 4569
5412 2 2 0 103 305 304 2683
5413 2 2 0 103 2683 304 4569
5414 2 2 0 103 306 305 4613
5415 2 2 0 103 305 2683 4613
5416 2 2 0 103 307 306 2624
5417 2 2 0 103 2624 306 4613
5418 2 2 0 103 308 307 3875
5419 2 2 0 103 307 2624 3875
5420 2 2 0 103 309 308 2685
5421 2 2 0 103 2685 308 3875
5422 2 2 0 103 310 309 4565
5423 2 2 0 103 309 2685 4565
5424 2 2 0 103 2647 310 4565
5425 2 2 0 103 312 311 2661
5426 2 2 0 103 2661 311 4570
5427 2 2 0 103 313 312 4699
5428 2 2 0 103 312 2661 4699
5429 2 2 0 103 314 313 4651
5430 2 2 0 103 313 4544 4651
5431 2 2 0 103 4544 313 4699
5432 2 2 0 103 315 314 2632
5433 2 2 0 103 2632 314 4651
5434 2 2 0 103 316 315 4630
5435 2 2 0 103 315 2632 4630
5436 2 2 0 103 317 316 4550
5437 2 2 0 103 4550 316 4630
5438 2 2 0 103 318 317 2682
5439 2 2 0 103 2682 317 4550
5440 2 2 0 103 319 318 4594
5441 2 2 0 103 318 2682 4594
5442 2 2 0 103 320 319 2646
5443 2 2 0 103 2646 319 4594
5444 2 2 0 103 321 320 4589
5445 2 2 0 103 320 2646 4589
5446 2 2 0 103 322 321 2675
5447 2 2 0 103 2675 321 4589
5448 2 2 0 103 323 322 4663
5449 2 2 0 103 322 2675 4663
5450 2 2 0 103 324 323 4690
5451 2 2 0 103 4321 323 4663
5452 2 2 0 103 323 4321 4690
5453 2 2 0 103 325 324 2630
5454 2 2 0 103 2630 324 4690
5455 2 2 0 103 326 325 4604
5456 2 2 0 103 325 2630 4604
5457 2 2 0 103 327 326 4649
5458 2 2 0 103 326 4604 4649
5459 2 2 0 103 328 327 2674
5460 2 2 0 103 2674 327 4649
5461 2 2 0 103 329 328 4652
5462 2 2 0 103 328 2674 4652
5463 2 2 0 103 330 329 2645
5464 2 2 0 103 2645 329 4652
5465 2 2 0 103 331 330 4703
5466 2 2 0 103 330 2645 4703
5467 2 2 0 103 332 331 4548
5468 2 2 0 103 4548 331 4703
5469 2 2 0 103 333 332 2680
5470 2 2 0 103 2680 332 4548
5471 2 2 0 103 334 333 4618
5472 2 2 0 103 333 2680 4618
5473 2 2 0 103 335 334 2638
5474 2 2 0 103 2638 334 4618
5475 2 2 0 103 336 335 4593
5476 2 2 0 103 335 2638 4593
5477 2 2 0 103 337 336 4600
5478 2 2 0 103 336 4593 4600
5479 2 2 0 103 338 337 2670
5480 2 2 0 103 2670 337 4600
5481 2 2 0 103 339 338 4571
5482 2 2 0 103 338 2670 4571
5483 2 2 0 103 340 339 2652
5484 2 2 0 103 2652 339 4571
5485 2 2 0 103 341 340 4573
5486 2 2 0 103 340 2652 4573
5487 2 2 0 103 342 341 2666
5488 2 2 0 103 2666 341 4573
5489 2 2 0 103 343 342 4700
5490 2 2 0 103 342 2666 4700
5491 2 2 0 103 344 343 2626
5492 2 2 0 103 2626 343 4700
5493 2 2 0 103 345 344 4566
5494 2 2 0 103 344 2626 4566
5495 2 2 0 103 346 345 2663
5496 2 2 0 103 2663 345 4566
5497 2 2 0 103 347 346 4631
5498 2 2 0 103 346 2663 4631
5499 2 2 0 103 348 347 4592
5500 2 2 0 103 4592 347 4631
5501 2 2 0 103 349 348 2654
5502 2 2 0 103 2654 348 4592
5503 2 2 0 103 350 349 4585
5504 2 2 0 103 349 2654 4585
5505 2 2 0 103 351 350 2686
5506 2 2 0 103 2686 350 4585
5507 2 2 0 103 352 351 4588
5508 2 2 0 103 351 2686 4588
5509 2 2 0 103 353 352 2633
5510 2 2 0 103 2633 352 4588
5511 2 2 0 103 354 353 4595
5512 2 2 0 103 353 2633 4595
5513 2 2 0 103 355 354 3731
5514 2 2 0 103 3731 354 4595
5515 2 2 0 103 356 355 2664
5516 2 2 0 103 2664 355 3731
5517 2 2 0 103 357 356 4556
5518 2 2 0 103 356 2664 4556
5519 2 2 0 103 358 357 2643
5520 2 2 0 103 2643 357 4556
5521 2 2 0 103 359 358 4615
5522 2 2 0 103 358 2643 4615
5523 2 2 0 103 360 359 2665
5524 2 2 0 103 2665 359 4615
5525 2 2 0 103 361 360 4590
5526 2 2 0 103 360 2665 4590
5527 2 2 0 103 362 361 4591
5528 2 2 0 103 361 4590 4591
5529 2 2 0 103 363 362 2627
5530 2 2 0 103 2627 362 4591
5531 2 2 0 103 364 363 4636
5532 2 2 0 103 363 2627 4636
5533 2 2 0 103 365 364 4607
5534 2 2 0 103 4607 364 4636
5535 2 2 0 103 366 365 2679
5536 2 2 0 103 2679 365 4607
5537 2 2 0 103 367 366 4578
5538 2 2 0 103 366 2679 4578
5539 2 2 0 103 368 367 2642
5540 2 2 0 103 2642 367 4578
5541 2 2 0 103 369 368 4605
5542 2 2 0 103 368 2642 4605
5543 2 2 0 103 370 369 3909
5544 2 2 0 103 3909 369 4605
5545 2 2 0 103 371 370 2677
5546 2 2 0 103 2677 370 3909
5547 2 2 0 103 372 371 4601
5548 2 2 0 103 371 2677 4601
5549 2 2 0 103 373 372 2636
5550 2 2 0 103 2636 372 4601
5551 2 2 0 103 374 373 4658
5552 2 2 0 103 373 2636 4658
5553 2 2 0 103 375 374 2673
5554 2 2 0 103 2673 374 4658
5555 2 2 0 103 376 375 4635
5556 2 2 0 103 375 2673 4635
5557 2 2 0 103 377 376 4627
5558 2 2 0 103 4627 376 4635
5559 2 2 0 103 378 377 2653
5560 2 2 0 103 2653 377 4627
5561 2 2 0 103 379 378 4624
5562 2 2 0 103 378 2653 4624
5563 2 2 0 103 380 379 2676
5564 2 2 0 103 2676 379 4624
5565 2 2 0 103 381 380 4653
5566 2 2 0 103 380 2676 4653
5567 2 2 0 103 382 381 2623
5568 2 2 0 103 2623 381 4653
5569 2 2 0 103 383 382 3739
5570 2 2 0 103 382 2623 3739
5571 2 2 0 103 384 383 4612
5572 2 2 0 103 383 3739 4612
5573 2 2 0 103 385 384 2678
5574 2 2 0 103 2678 384 4612
5575 2 2 0 103 385 2678 4580
5576 2 2 0 103 3739 2623 4684
5577 2 2 0 103 3889 2623 4653
5578 2 2 0 103 2623 3889 4684
5579 2 2 0 103 3875 2624 3876
5580 2 2 0 103 3876 2624 4641
5581 2 2 0 103 2624 4613 4641
5582 2 2 0 103 2625 3748 4626
5583 2 2 0 103 3748 2625 4693
5584 2 2 0 103 2625 4574 4693
5585 2 2 0 103 2626 4554 4625
5586 2 2 0 103 4554 2626 4700
5587 2 2 0 103 4566 2626 4625
5588 2 2 0 103 2627 4043 4636
5589 2 2 0 103 4043 2627 4657
5590 2 2 0 103 2627 4591 4657
5591 2 2 0 103 3953 2628 4598
5592 2 2 0 103 2628 3953 4679
5593 2 2 0 103 2628 4577 4696
5594 2 2 0 103 4598 2628 4696
5595 2 2 0 103 2629 3740 4561
5596 2 2 0 103 3740 2629 4610
5597 2 2 0 103 2629 4561 4575
5598 2 2 0 103 4604 2630 4648
5599 2 2 0 103 4648 2630 4666
5600 2 2 0 103 4666 2630 4690
5601 2 2 0 103 4303 2631 4579
5602 2 2 0 103 2631 4303 4686
5603 2 2 0 103 4568 2631 4686
5604 2 2 0 103 2632 4311 4312
5605 2 2 0 103 4311 2632 4543
5606 2 2 0 103 2632 4312 4630
5607 2 2 0 103 4543 2632 4651
5608 2 2 0 103 2633 4588 4667
5609 2 2 0 103 4595 2633 4673
5610 2 2 0 103 2633 4667 4673
5611 2 2 0 103 2634 3760 4361
5612 2 2 0 103 3760 2634 4633
5613 2 2 0 103 2634 4361 4665
5614 2 2 0 103 3750 2635 4660
5615 2 2 0 103 2635 3750 4668
5616 2 2 0 103 4599 2635 4668
5617 2 2 0 103 3745 2636 3746
5618 2 2 0 103 2636 3745 3747
5619 2 2 0 103 3746 2636 4601
5620 2 2 0 103 2636 3747 4658
5621 2 2 0 103 2637 4496 4609
5622 2 2 0 103 4496 2637 4692
5623 2 2 0 103 2637 4654 4692
5624 2 2 0 103 2638 3936 4593
5625 2 2 0 103 3936 2638 4675
5626 2 2 0 103 2638 4618 4675
5627 2 2 0 103 3940 2639 4662
5628 2 2 0 103 2639 3940 4687
5629 2 2 0 103 2639 4582 4662
5630 2 2 0 103 3754 2640 4396
5631 2 2 0 103 2640 3754 4645
5632 2 2 0 103 4396 2640 4638
5633 2 2 0 103 2640 4572 4638
5634 2 2 0 103 2641 3758 4586
5635 2 2 0 103 3758 2641 4611
5636 2 2 0 103 2641 4576 4611
5637 2 2 0 103 3704 2642 4578
5638 2 2 0 103 2642 3704 4678
5639 2 2 0 103 4605 2642 4678
5640 2 2 0 103 2643 4545 4546
5641 2 2 0 103 4545 2643 4556
5642 2 2 0 103 2643 4546 4615
5643 2 2 0 103 2644 4010 4685
5644 2 2 0 103 4010 2644 4694
5645 2 2 0 103 2644 4580 4602
5646 2 2 0 103 2644 4602 4694
5647 2 2 0 103 4560 2645 4681
5648 2 2 0 103 2645 4560 4703
5649 2 2 0 103 4563 2645 4652
5650 2 2 0 103 2645 4563 4681
5651 2 2 0 103 3735 2646 4469
5652 2 2 0 103 2646 3735 4647
5653 2 2 0 103 4469 2646 4594
5654 2 2 0 103 4589 2646 4647
5655 2 2 0 103 2647 4565 4619
5656 2 2 0 103 4570 2647 4676
5657 2 2 0 103 2647 4619 4676
5658 2 2 0 103 2648 2687 2688
5659 2 2 0 103 2648 2688 2689
5660 2 2 0 103 2648 2689 4569
5661 2 2 0 103 2649 3895 4596
5662 2 2 0 103 3895 2649 4702
5663 2 2 0 103 4567 2649 4596
5664 2 2 0 103 2650 4581 4646
5665 2 2 0 103 4587 2650 4695
5666 2 2 0 103 2650 4646 4695
5667 2 2 0 103 2651 3741 3903
5668 2 2 0 103 3741 2651 4562
5669 2 2 0 103 2651 3903 4583
5670 2 2 0 103 2652 4452 4573
5671 2 2 0 103 4452 2652 4644
5672 2 2 0 103 2652 4571 4644
5673 2 2 0 103 3737 2653 4620
5674 2 2 0 103 2653 3737 4624
5675 2 2 0 103 4620 2653 4627
5676 2 2 0 103 3972 2654 3975
5677 2 2 0 103 2654 3972 4683
5678 2 2 0 103 3975 2654 4592
5679 2 2 0 103 4585 2654 4683
5680 2 2 0 103 2655 4568 4642
5681 2 2 0 103 4603 2655 4622
5682 2 2 0 103 4622 2655 4642
5683 2 2 0 103 2656 3734 4640
5684 2 2 0 103 3734 2656 4689
5685 2 2 0 103 2656 4567 4689
5686 2 2 0 103 3753 2657 4009
5687 2 2 0 103 2657 3753 4637
5688 2 2 0 103 4009 2657 4010
5689 2 2 0 103 4010 2657 4685
5690 2 2 0 103 3743 2658 3754
5691 2 2 0 103 2658 3743 3755
5692 2 2 0 103 3754 2658 4645
5693 2 2 0 103 2658 3755 4680
5694 2 2 0 103 2659 4196 4572
5695 2 2 0 103 4196 2659 4677
5696 2 2 0 103 2659 4606 4677
5697 2 2 0 103 2660 3742 4617
5698 2 2 0 103 3742 2660 4698
5699 2 2 0 103 4581 2660 4617
5700 2 2 0 103 3870 2661 4570
5701 2 2 0 103 2661 3870 4628
5702 2 2 0 103 2661 4628 4699
5703 2 2 0 103 3736 2662 3894
5704 2 2 0 103 2662 3736 3895
5705 2 2 0 103 3894 2662 4599
5706 2 2 0 103 2662 3895 4702
5707 2 2 0 103 2663 3976 4631
5708 2 2 0 103 3976 2663 4688
5709 2 2 0 103 2663 4566 4688
5710 2 2 0 103 2664 3729 3730
5711 2 2 0 103 3729 2664 3731
5712 2 2 0 103 2664 3730 4556
5713 2 2 0 103 2665 4031 4590
5714 2 2 0 103 4031 2665 4672
5715 2 2 0 103 2665 4615 4672
5716 2 2 0 103 2666 4553 4554
5717 2 2 0 103 4553 2666 4659
5718 2 2 0 103 2666 4554 4700
5719 2 2 0 103 2666 4573 4659
5720 2 2 0 103 3744 2667 3993
5721 2 2 0 103 2667 3744 4562
5722 2 2 0 103 3993 2667 4575
5723 2 2 0 103 2668 4555 4579
5724 2 2 0 103 4555 2668 4616
5725 2 2 0 103 4616 2668 4661
5726 2 2 0 103 2669 3756 3757
5727 2 2 0 103 3756 2669 4586
5728 2 2 0 103 2669 3757 3759
5729 2 2 0 103 2670 4504 4571
5730 2 2 0 103 4504 2670 4670
5731 2 2 0 103 2670 4600 4670
5732 2 2 0 103 2671 4558 4564
5733 2 2 0 103 4558 2671 4583
5734 2 2 0 103 2671 4564 4614
5735 2 2 0 103 4576 2672 4632
5736 2 2 0 103 2672 4584 4682
5737 2 2 0 103 4632 2672 4682
5738 2 2 0 103 2673 4557 4635
5739 2 2 0 103 4557 2673 4671
5740 2 2 0 103 2673 4658 4671
5741 2 2 0 103 4563 2674 4650
5742 2 2 0 103 2674 4563 4652
5743 2 2 0 103 2674 4649 4650
5744 2 2 0 103 4320 2675 4608
5745 2 2 0 103 2675 4320 4663
5746 2 2 0 103 2675 4589 4608
5747 2 2 0 103 3737 2676 4624
5748 2 2 0 103 2676 3737 4634
5749 2 2 0 103 3889 2676 4634
5750 2 2 0 103 2676 3889 4653
5751 2 2 0 103 2677 3746 4601
5752 2 2 0 103 3746 2677 4655
5753 2 2 0 103 2677 3909 4655
5754 2 2 0 103 4580 2678 4697
5755 2 2 0 103 2678 4612 4623
5756 2 2 0 103 2678 4623 4697
5757 2 2 0 103 3732 2679 4607
5758 2 2 0 103 2679 3732 4643
5759 2 2 0 103 4578 2679 4643
5760 2 2 0 103 4547 2680 4548
5761 2 2 0 103 2680 4547 4551
5762 2 2 0 103 2680 4551 4618
5763 2 2 0 103 2681 3738 4582
5764 2 2 0 103 3738 2681 4664
5765 2 2 0 103 2681 4559 4664
5766 2 2 0 103 2682 4469 4594
5767 2 2 0 103 4469 2682 4669
5768 2 2 0 103 2682 4550 4669
5769 2 2 0 103 4549 2683 4597
5770 2 2 0 103 2683 4549 4613
5771 2 2 0 103 2683 4569 4597
5772 2 2 0 103 3724 2684 4587
5773 2 2 0 103 2684 3724 4639
5774 2 2 0 103 4577 2684 4639
5775 2 2 0 103 2685 3873 3874
5776 2 2 0 103 3873 2685 3875
5777 2 2 0 103 2685 3874 4565
5778 2 2 0 103 2686 4585 4674
5779 2 2 0 103 4588 2686 4656
5780 2 2 0 103 4656 2686 4674
5781 2 2 0 103 2688 2687 3689
5782 2 2 0 103 3689 2687 4603
5783 2 2 0 103 2689 2688 2690
5784 2 2 0 103 2690 2688 3764
5785 2 2 0 103 2688 3689 3764
5786 2 2 0 103 2689 2690 2691
5787 2 2 0 103 2689 2691 4597
5788 2 2 0 103 4569 2689 4597
5789 2 2 0 103 2691 2690 2692
5790 2 2 0 103 2692 2690 2693
5791 2 2 0 103 2693 2690 3764
5792 2 2 0 103 2691 2692 3846
5793 2 2 0 103 3763 2691 3846
5794 2 2 0 103 2691 3763 4597
5795 2 2 0 103 2692 2693 2694
5796 2 2 0 103 2692 2694 2695
5797 2 2 0 103 2692 2695 3846
5798 2 2 0 103 2694 2693 3765
5799 2 2 0 103 2693 3764 3849
5800 2 2 0 103 3765 2693 3849
5801 2 2 0 103 2695 2694 2696
5802 2 2 0 103 2696 2694 2697
5803 2 2 0 103 2697 2694 3765
5804 2 2 0 103 2695 2696 3766
5805 2 2 0 103 2695 3766 4511
5806 2 2 0 103 3846 2695 4511
5807 2 2 0 103 2696 2697 2698
5808 2 2 0 103 2696 2698 2699
5809 2 2 0 103 2696 2699 3766
5810 2 2 0 103 2698 2697 3847
5811 2 2 0 103 2697 3765 3848
5812 2 2 0 103 3847 2697 3848
5813 2 2 0 103 2699 2698 2700
5814 2 2 0 103 2700 2698 2701
5815 2 2 0 103 2701 2698 3847
5816 2 2 0 103 2699 2700 3768
5817 2 2 0 103 3766 2699 3767
5818 2 2 0 103 3767 2699 3768
5819 2 2 0 103 2700 2701 2702
5820 2 2 0 103 2700 2702 2703
5821 2 2 0 103 2700 2703 3768
5822 2 2 0 103 2702 2701 3855
5823 2 2 0 103 2701 3847 3850
5824 2 2 0 103 2701 3850 3855
5825 2 2 0 103 2703 2702 2704
5826 2 2 0 103 2704 2702 2705
5827 2 2 0 103 2705 2702 3855
5828 2 2 0 103 2703 2704 4509
5829 2 2 0 103 3768 2703 3769
5830 2 2 0 103 3769 2703 4509
5831 2 2 0 103 2704 2705 2706
5832 2 2 0 103 2704 2706 2707
5833 2 2 0 103 2704 2707 4509
5834 2 2 0 103 2706 2705 3857
5835 2 2 0 103 2705 3855 3856
5836 2 2 0 103 2705 3856 3857
5837 2 2 0 103 2707 2706 2708
5838 2 2 0 103 2708 2706 2709
5839 2 2 0 103 2709 2706 3857
5840 2 2 0 103 2707 2708 3911
5841 2 2 0 103 2707 3911 3912
5842 2 2 0 103 2707 3912 4509
5843 2 2 0 103 2708 2709 2710
5844 2 2 0 103 2708 2710 2711
5845 2 2 0 103 2708 2711 3911
5846 2 2 0 103 2710 2709 4325
5847 2 2 0 103 2709 3857 4326
5848 2 2 0 103 4325 2709 4326
5849 2 2 0 103 2711 2710 2712
5850 2 2 0 103 2712 2710 2713
5851 2 2 0 103 2713 2710 4325
5852 2 2 0 103 2711 2712 3844
5853 2 2 0 103 2711 3844 4508
5854 2 2 0 103 3911 2711 4508
5855 2 2 0 103 2712 2713 2714
5856 2 2 0 103 2712 2714 2715
5857 2 2 0 103 2712 2715 3844
5858 2 2 0 103 2714 2713 4096
5859 2 2 0 103 4096 2713 4387
5860 2 2 0 103 2713 4325 4387
5861 2 2 0 103 2715 2714 2716
5862 2 2 0 103 2716 2714 2717
5863 2 2 0 103 2717 2714 4096
5864 2 2 0 103 2715 2716 3845
5865 2 2 0 103 2715 3840 3844
5866 2 2 0 103 3840 2715 3845
5867 2 2 0 103 2716 2717 2718
5868 2 2 0 103 2716 2718 2719
5869 2 2 0 103 2716 2719 3845
5870 2 2 0 103 2718 2717 4176
5871 2 2 0 103 2717 4096 4213
5872 2 2 0 103 4176 2717 4213
5873 2 2 0 103 2719 2718 2720
5874 2 2 0 103 2720 2718 2721
5875 2 2 0 103 2721 2718 4176
5876 2 2 0 103 2719 2720 3842
5877 2 2 0 103 2719 3842 4491
5878 2 2 0 103 3845 2719 4491
5879 2 2 0 103 2720 2721 2722
5880 2 2 0 103 2720 2722 2723
5881 2 2 0 103 2720 2723 3842
5882 2 2 0 103 2722 2721 4045
5883 2 2 0 103 4045 2721 4063
5884 2 2 0 103 4063 2721 4176
5885 2 2 0 103 2723 2722 2724
5886 2 2 0 103 2724 2722 2725
5887 2 2 0 103 2725 2722 4045
5888 2 2 0 103 2723 2724 3843
5889 2 2 0 103 2723 3835 3842
5890 2 2 0 103 3835 2723 3843
5891 2 2 0 103 2724 2725 2726
5892 2 2 0 103 2724 2726 2727
5893 2 2 0 103 2724 2727 3843
5894 2 2 0 103 2726 2725 4181
5895 2 2 0 103 2725 4045 4118
5896 2 2 0 103 2725 4118 4181
5897 2 2 0 103 2727 2726 2728
5898 2 2 0 103 2728 2726 2729
5899 2 2 0 103 2729 2726 4181
5900 2 2 0 103 2727 2728 3837
5901 2 2 0 103 2727 3837 4044
5902 2 2 0 103 3843 2727 4044
5903 2 2 0 103 2728 2729 2730
5904 2 2 0 103 2728 2730 2731
5905 2 2 0 103 2728 2731 3837
5906 2 2 0 103 2730 2729 4175
5907 2 2 0 103 2729 4074 4175
5908 2 2 0 103 4074 2729 4181
5909 2 2 0 103 2731 2730 2732
5910 2 2 0 103 2732 2730 2733
5911 2 2 0 103 2733 2730 4175
5912 2 2 0 103 2731 2732 3838
5913 2 2 0 103 2731 3833 3837
5914 2 2 0 103 3833 2731 3838
5915 2 2 0 103 2732 2733 2734
5916 2 2 0 103 2732 2734 2735
5917 2 2 0 103 2732 2735 3838
5918 2 2 0 103 2734 2733 4228
5919 2 2 0 103 2733 4175 4190
5920 2 2 0 103 2733 4190 4228
5921 2 2 0 103 2735 2734 2736
5922 2 2 0 103 2736 2734 2737
5923 2 2 0 103 2737 2734 4228
5924 2 2 0 103 2735 2736 4519
5925 2 2 0 103 3838 2735 3839
5926 2 2 0 103 3839 2735 4519
5927 2 2 0 103 2736 2737 2738
5928 2 2 0 103 2736 2738 2739
5929 2 2 0 103 2736 2739 4519
5930 2 2 0 103 2738 2737 4139
5931 2 2 0 103 4139 2737 4236
5932 2 2 0 103 2737 4228 4236
5933 2 2 0 103 2739 2738 2740
5934 2 2 0 103 2740 2738 2741
5935 2 2 0 103 2741 2738 4139
5936 2 2 0 103 2739 2740 4163
5937 2 2 0 103 3853 2739 4163
5938 2 2 0 103 2739 3853 4519
5939 2 2 0 103 2740 2741 2742
5940 2 2 0 103 2740 2742 2743
5941 2 2 0 103 2740 2743 4163
5942 2 2 0 103 2742 2741 2744
5943 2 2 0 103 2744 2741 3141
5944 2 2 0 103 3141 2741 4139
5945 2 2 0 103 2743 2742 2745
5946 2 2 0 103 2742 2744 4186
5947 2 2 0 103 2745 2742 4186
5948 2 2 0 103 2743 2745 2746
5949 2 2 0 103 2743 2746 3165
5950 2 2 0 103 2743 3165 4163
5951 2 2 0 103 2744 3141 3142
5952 2 2 0 103 2744 3142 3238
5953 2 2 0 103 2744 3238 4186
5954 2 2 0 103 2746 2745 2747
5955 2 2 0 103 2747 2745 3497
5956 2 2 0 103 3497 2745 4186
5957 2 2 0 103 2746 2747 2748
5958 2 2 0 103 2746 2748 4530
5959 2 2 0 103 3165 2746 4530
5960 2 2 0 103 2748 2747 2749
5961 2 2 0 103 2749 2747 4046
5962 2 2 0 103 2747 3497 4046
5963 2 2 0 103 2748 2749 2750
5964 2 2 0 103 2748 2750 4165
5965 2 2 0 103 2748 4165 4530
5966 2 2 0 103 2750 2749 2751
5967 2 2 0 103 2751 2749 2754
5968 2 2 0 103 2754 2749 4046
5969 2 2 0 103 2750 2751 2752
5970 2 2 0 103 2750 2752 2753
5971 2 2 0 103 2750 2753 4165
5972 2 2 0 103 2752 2751 4106
5973 2 2 0 103 2751 2754 2755
5974 2 2 0 103 2751 2755 4106
5975 2 2 0 103 2753 2752 2757
5976 2 2 0 103 2757 2752 3295
5977 2 2 0 103 3295 2752 4106
5978 2 2 0 103 2753 2757 2758
5979 2 2 0 103 2753 2758 3311
5980 2 2 0 103 2753 3311 4165
5981 2 2 0 103 2755 2754 2756
5982 2 2 0 103 2756 2754 4271
5983 2 2 0 103 2754 4046 4271
5984 2 2 0 103 2755 2756 2759
5985 2 2 0 103 2755 2759 4169
5986 2 2 0 103 4106 2755 4169
5987 2 2 0 103 2759 2756 2760
5988 2 2 0 103 2760 2756 3056
5989 2 2 0 103 3056 2756 4271
5990 2 2 0 103 2758 2757 2761
5991 2 2 0 103 2761 2757 4143
5992 2 2 0 103 2757 3295 4143
5993 2 2 0 103 2758 2761 2762
5994 2 2 0 103 2758 2762 4525
5995 2 2 0 103 3311 2758 4525
5996 2 2 0 103 2759 2760 2763
5997 2 2 0 103 2759 2763 3059
5998 2 2 0 103 2759 3059 4169
5999 2 2 0 103 2763 2760 2764
6000 2 2 0 103 2764 2760 4098
6001 2 2 0 103 2760 3056 4098
6002 2 2 0 103 2762 2761 2765
6003 2 2 0 103 2765 2761 4067
6004 2 2 0 103 4067 2761 4143
6005 2 2 0 103 2762 2765 2766
6006 2 2 0 103 2762 2766 4085
6007 2 2 0 103 2762 4085 4525
6008 2 2 0 103 2763 2764 2767
6009 2 2 0 103 2763 2767 4255
6010 2 2 0 103 3059 2763 4255
6011 2 2 0 103 2767 2764 2768
6012 2 2 0 103 2768 2764 4097
6013 2 2 0 103 4097 2764 4098
6014 2 2 0 103 2766 2765 2769
6015 2 2 0 103 2769 2765 2771
6016 2 2 0 103 2771 2765 4067
6017 2 2 0 103 2766 2769 2770
6018 2 2 0 103 2766 2770 2820
6019 2 2 0 103 2766 2820 4085
6020 2 2 0 103 2767 2768 2772
6021 2 2 0 103 2767 2772 4394
6022 2 2 0 103 4255 2767 4394
6023 2 2 0 103 2772 2768 2773
6024 2 2 0 103 2773 2768 2774
6025 2 2 0 103 2774 2768 4097
6026 2 2 0 103 2770 2769 4157
6027 2 2 0 103 2769 2771 2779
6028 2 2 0 103 2769 2779 4157
6029 2 2 0 103 2820 2770 2821
6030 2 2 0 103 2821 2770 3166
6031 2 2 0 103 3166 2770 4157
6032 2 2 0 103 2779 2771 2780
6033 2 2 0 103 2780 2771 4274
6034 2 2 0 103 2771 4067 4274
6035 2 2 0 103 2772 2773 2783
6036 2 2 0 103 2772 2783 2858
6037 2 2 0 103 2772 2858 4394
6038 2 2 0 103 2773 2774 2775
6039 2 2 0 103 2773 2775 4068
6040 2 2 0 103 2783 2773 4068
6041 2 2 0 103 2775 2774 2776
6042 2 2 0 103 2776 2774 4278
6043 2 2 0 103 2774 4097 4278
6044 2 2 0 103 2775 2776 2777
6045 2 2 0 103 2775 2777 3125
6046 2 2 0 103 2775 3125 4068
6047 2 2 0 103 2777 2776 2778
6048 2 2 0 103 2778 2776 2952
6049 2 2 0 103 2952 2776 4278
6050 2 2 0 103 2777 2778 2781
6051 2 2 0 103 2777 2781 4007
6052 2 2 0 103 3125 2777 4007
6053 2 2 0 103 2781 2778 2782
6054 2 2 0 103 2782 2778 4242
6055 2 2 0 103 2778 2952 4242
6056 2 2 0 103 2779 2780 2784
6057 2 2 0 103 2779 2784 3507
6058 2 2 0 103 2779 3507 4157
6059 2 2 0 103 2784 2780 2785
6060 2 2 0 103 2785 2780 3122
6061 2 2 0 103 3122 2780 4274
6062 2 2 0 103 2781 2782 2786
6063 2 2 0 103 2781 2786 2788
6064 2 2 0 103 2781 2788 4007
6065 2 2 0 103 2786 2782 2787
6066 2 2 0 103 2787 2782 3469
6067 2 2 0 103 3469 2782 4242
6068 2 2 0 103 2858 2783 2859
6069 2 2 0 103 2859 2783 4126
6070 2 2 0 103 2783 4068 4126
6071 2 2 0 103 2784 2785 2791
6072 2 2 0 103 2784 2791 4264
6073 2 2 0 103 3507 2784 4264
6074 2 2 0 103 2791 2785 2792
6075 2 2 0 103 2792 2785 3985
6076 2 2 0 103 2785 3122 3985
6077 2 2 0 103 2786 2787 2789
6078 2 2 0 103 2788 2786 4279
6079 2 2 0 103 2786 2789 4279
6080 2 2 0 103 2789 2787 2790
6081 2 2 0 103 2790 2787 4051
6082 2 2 0 103 2787 3469 4051
6083 2 2 0 103 4007 2788 4397
6084 2 2 0 103 2788 4279 4385
6085 2 2 0 103 2788 4385 4397
6086 2 2 0 103 2789 2790 2793
6087 2 2 0 103 2789 2793 4048
6088 2 2 0 103 2789 4048 4279
6089 2 2 0 103 2793 2790 2794
6090 2 2 0 103 2794 2790 2795
6091 2 2 0 103 2795 2790 4051
6092 2 2 0 103 2791 2792 2812
6093 2 2 0 103 2791 2812 2813
6094 2 2 0 103 2791 2813 4264
6095 2 2 0 103 2812 2792 2814
6096 2 2 0 103 2814 2792 2977
6097 2 2 0 103 2977 2792 3985
6098 2 2 0 103 2793 2794 2868
6099 2 2 0 103 2793 2868 2869
6100 2 2 0 103 2793 2869 4048
6101 2 2 0 103 2794 2795 2796
6102 2 2 0 103 2794 2796 4248
6103 2 2 0 103 2868 2794 4248
6104 2 2 0 103 2796 2795 2797
6105 2 2 0 103 2797 2795 3162
6106 2 2 0 103 3162 2795 4051
6107 2 2 0 103 2796 2797 2798
6108 2 2 0 103 2796 2798 4120
6109 2 2 0 103 2796 4120 4248
6110 2 2 0 103 2798 2797 2799
6111 2 2 0 103 2799 2797 4121
6112 2 2 0 103 2797 3162 4121
6113 2 2 0 103 2798 2799 2800
6114 2 2 0 103 2798 2800 2815
6115 2 2 0 103 2798 2815 4120
6116 2 2 0 103 2800 2799 2801
6117 2 2 0 103 2801 2799 2926
6118 2 2 0 103 2926 2799 4121
6119 2 2 0 103 2800 2801 2802
6120 2 2 0 103 2800 2802 4034
6121 2 2 0 103 2815 2800 4034
6122 2 2 0 103 2802 2801 2803
6123 2 2 0 103 2803 2801 4108
6124 2 2 0 103 2801 2926 4108
6125 2 2 0 103 2802 2803 2804
6126 2 2 0 103 2802 2804 3171
6127 2 2 0 103 2802 3171 4034
6128 2 2 0 103 2804 2803 2805
6129 2 2 0 103 2805 2803 4107
6130 2 2 0 103 4107 2803 4108
6131 2 2 0 103 2804 2805 2806
6132 2 2 0 103 2804 2806 4231
6133 2 2 0 103 3171 2804 4231
6134 2 2 0 103 2806 2805 2807
6135 2 2 0 103 2807 2805 2894
6136 2 2 0 103 2894 2805 4107
6137 2 2 0 103 2806 2807 2808
6138 2 2 0 103 2806 2808 2838
6139 2 2 0 103 2806 2838 4231
6140 2 2 0 103 2808 2807 2809
6141 2 2 0 103 2809 2807 4025
6142 2 2 0 103 2807 2894 4025
6143 2 2 0 103 2808 2809 2810
6144 2 2 0 103 2808 2810 4392
6145 2 2 0 103 2838 2808 4392
6146 2 2 0 103 2810 2809 2811
6147 2 2 0 103 2811 2809 4240
6148 2 2 0 103 2809 4025 4240
6149 2 2 0 103 2810 2811 2816
6150 2 2 0 103 2810 2816 3263
6151 2 2 0 103 2810 3263 4392
6152 2 2 0 103 2816 2811 2817
6153 2 2 0 103 2817 2811 2818
6154 2 2 0 103 2818 2811 4240
6155 2 2 0 103 2813 2812 2846
6156 2 2 0 103 2812 2814 4241
6157 2 2 0 103 2846 2812 4241
6158 2 2 0 103 2813 2846 2847
6159 2 2 0 103 2813 2847 3303
6160 2 2 0 103 2813 3303 4264
6161 2 2 0 103 2814 2977 3047
6162 2 2 0 103 2814 3047 3385
6163 2 2 0 103 2814 3385 4241
6164 2 2 0 103 2815 4034 4431
6165 2 2 0 103 4120 2815 4456
6166 2 2 0 103 2815 4431 4456
6167 2 2 0 103 2816 2817 4298
6168 2 2 0 103 3263 2816 4273
6169 2 2 0 103 4273 2816 4298
6170 2 2 0 103 2817 2818 2819
6171 2 2 0 103 2817 2819 2839
6172 2 2 0 103 2817 2839 4298
6173 2 2 0 103 2819 2818 4198
6174 2 2 0 103 2818 3890 4198
6175 2 2 0 103 3890 2818 4240
6176 2 2 0 103 2839 2819 2840
6177 2 2 0 103 2840 2819 2841
6178 2 2 0 103 2841 2819 4198
6179 2 2 0 103 2820 2821 2822
6180 2 2 0 103 2820 2822 3140
6181 2 2 0 103 2820 3140 4085
6182 2 2 0 103 2822 2821 2823
6183 2 2 0 103 2823 2821 4152
6184 2 2 0 103 2821 3166 4152
6185 2 2 0 103 2822 2823 2824
6186 2 2 0 103 2822 2824 4109
6187 2 2 0 103 3140 2822 4109
6188 2 2 0 103 2824 2823 2825
6189 2 2 0 103 2825 2823 3159
6190 2 2 0 103 3159 2823 4152
6191 2 2 0 103 2824 2825 2826
6192 2 2 0 103 2824 2826 2953
6193 2 2 0 103 2824 2953 4109
6194 2 2 0 103 2826 2825 2827
6195 2 2 0 103 2827 2825 4131
6196 2 2 0 103 2825 3159 4131
6197 2 2 0 103 2826 2827 2828
6198 2 2 0 103 2826 2828 4518
6199 2 2 0 103 2953 2826 4518
6200 2 2 0 103 2828 2827 2829
6201 2 2 0 103 2829 2827 2831
6202 2 2 0 103 2831 2827 4131
6203 2 2 0 103 2828 2829 2830
6204 2 2 0 103 2828 2830 4538
6205 2 2 0 103 4518 2828 4538
6206 2 2 0 103 2830 2829 2832
6207 2 2 0 103 2829 2831 4256
6208 2 2 0 103 2832 2829 4256
6209 2 2 0 103 2830 2832 2833
6210 2 2 0 103 2830 2833 2914
6211 2 2 0 103 2830 2914 4538
6212 2 2 0 103 3987 2831 4083
6213 2 2 0 103 2831 3987 4256
6214 2 2 0 103 4083 2831 4131
6215 2 2 0 103 2833 2832 2834
6216 2 2 0 103 2834 2832 3174
6217 2 2 0 103 3174 2832 4256
6218 2 2 0 103 2833 2834 2835
6219 2 2 0 103 2833 2835 4103
6220 2 2 0 103 2914 2833 4103
6221 2 2 0 103 2835 2834 2836
6222 2 2 0 103 2836 2834 4158
6223 2 2 0 103 2834 3174 4158
6224 2 2 0 103 2835 2836 2837
6225 2 2 0 103 2835 2837 4110
6226 2 2 0 103 4103 2835 4110
6227 2 2 0 103 2837 2836 2843
6228 2 2 0 103 2843 2836 2845
6229 2 2 0 103 2845 2836 4158
6230 2 2 0 103 2837 2843 2844
6231 2 2 0 103 2837 2844 2856
6232 2 2 0 103 2837 2856 4110
6233 2 2 0 103 2838 3969 4390
6234 2 2 0 103 3969 2838 4392
6235 2 2 0 103 4231 2838 4390
6236 2 2 0 103 2839 2840 3223
6237 2 2 0 103 2839 3223 3232
6238 2 2 0 103 2839 3232 4298
6239 2 2 0 103 2840 2841 2842
6240 2 2 0 103 2840 2842 4232
6241 2 2 0 103 3223 2840 4232
6242 2 2 0 103 2842 2841 2848
6243 2 2 0 103 2848 2841 3130
6244 2 2 0 103 3130 2841 4198
6245 2 2 0 103 2842 2848 2849
6246 2 2 0 103 2842 2849 2850
6247 2 2 0 103 2842 2850 4232
6248 2 2 0 103 2844 2843 4166
6249 2 2 0 103 2843 2845 3236
6250 2 2 0 103 2843 3236 4166
6251 2 2 0 103 2856 2844 2857
6252 2 2 0 103 2857 2844 2872
6253 2 2 0 103 2872 2844 4166
6254 2 2 0 103 3236 2845 3237
6255 2 2 0 103 3237 2845 3493
6256 2 2 0 103 3493 2845 4158
6257 2 2 0 103 2847 2846 2876
6258 2 2 0 103 2876 2846 4207
6259 2 2 0 103 4207 2846 4241
6260 2 2 0 103 2847 2876 2877
6261 2 2 0 103 2847 2877 4285
6262 2 2 0 103 3303 2847 4285
6263 2 2 0 103 2849 2848 4100
6264 2 2 0 103 2848 3130 4036
6265 2 2 0 103 2848 4036 4100
6266 2 2 0 103 2850 2849 2851
6267 2 2 0 103 2851 2849 2852
6268 2 2 0 103 2852 2849 4100
6269 2 2 0 103 2850 2851 3222
6270 2 2 0 103 2850 3222 4220
6271 2 2 0 103 2850 4220 4232
6272 2 2 0 103 2851 2852 2853
6273 2 2 0 103 2851 2853 4200
6274 2 2 0 103 3222 2851 4200
6275 2 2 0 103 2853 2852 2854
6276 2 2 0 103 2854 2852 3137
6277 2 2 0 103 3137 2852 4100
6278 2 2 0 103 2853 2854 2855
6279 2 2 0 103 2853 2855 2878
6280 2 2 0 103 2853 2878 4200
6281 2 2 0 103 2855 2854 4290
6282 2 2 0 103 2854 3137 3293
6283 2 2 0 103 2854 3293 4290
6284 2 2 0 103 2878 2855 2879
6285 2 2 0 103 2879 2855 2880
6286 2 2 0 103 2880 2855 4290
6287 2 2 0 103 2856 2857 4144
6288 2 2 0 103 4110 2856 4111
6289 2 2 0 103 4111 2856 4144
6290 2 2 0 103 2857 2872 2873
6291 2 2 0 103 2857 2873 2874
6292 2 2 0 103 2857 2874 4144
6293 2 2 0 103 2858 2859 2860
6294 2 2 0 103 2858 2860 4414
6295 2 2 0 103 4394 2858 4414
6296 2 2 0 103 2860 2859 2861
6297 2 2 0 103 2861 2859 3161
6298 2 2 0 103 3161 2859 4126
6299 2 2 0 103 2860 2861 2862
6300 2 2 0 103 2860 2862 2958
6301 2 2 0 103 2860 2958 4414
6302 2 2 0 103 2862 2861 2863
6303 2 2 0 103 2863 2861 4435
6304 2 2 0 103 2861 3161 4435
6305 2 2 0 103 2862 2863 2864
6306 2 2 0 103 2862 2864 4201
6307 2 2 0 103 2958 2862 4201
6308 2 2 0 103 2864 2863 2865
6309 2 2 0 103 2865 2863 2867
6310 2 2 0 103 2867 2863 4435
6311 2 2 0 103 2864 2865 2866
6312 2 2 0 103 2864 2866 3173
6313 2 2 0 103 2864 3173 4201
6314 2 2 0 103 2866 2865 2886
6315 2 2 0 103 2865 2867 4037
6316 2 2 0 103 2886 2865 4037
6317 2 2 0 103 2866 2886 2887
6318 2 2 0 103 2866 2887 4170
6319 2 2 0 103 3173 2866 4170
6320 2 2 0 103 2867 3998 4140
6321 2 2 0 103 3998 2867 4435
6322 2 2 0 103 4037 2867 4140
6323 2 2 0 103 2869 2868 2870
6324 2 2 0 103 2870 2868 3479
6325 2 2 0 103 3479 2868 4248
6326 2 2 0 103 2869 2870 2871
6327 2 2 0 103 2869 2871 3503
6328 2 2 0 103 2869 3503 4048
6329 2 2 0 103 2871 2870 2892
6330 2 2 0 103 2892 2870 4249
6331 2 2 0 103 2870 3479 4249
6332 2 2 0 103 2871 2892 2893
6333 2 2 0 103 2871 2893 4283
6334 2 2 0 103 3503 2871 4283
6335 2 2 0 103 2873 2872 4224
6336 2 2 0 103 2872 4166 4202
6337 2 2 0 103 2872 4202 4224
6338 2 2 0 103 2874 2873 2875
6339 2 2 0 103 2875 2873 2888
6340 2 2 0 103 2888 2873 4224
6341 2 2 0 103 2874 2875 2884
6342 2 2 0 103 2874 2884 4253
6343 2 2 0 103 4144 2874 4253
6344 2 2 0 103 2884 2875 2885
6345 2 2 0 103 2885 2875 4038
6346 2 2 0 103 2875 2888 4038
6347 2 2 0 103 2877 2876 2889
6348 2 2 0 103 2889 2876 2891
6349 2 2 0 103 2891 2876 4207
6350 2 2 0 103 2877 2889 2890
6351 2 2 0 103 2877 2890 2975
6352 2 2 0 103 2877 2975 4285
6353 2 2 0 103 2878 2879 3886
6354 2 2 0 103 2878 3886 4447
6355 2 2 0 103 4200 2878 4447
6356 2 2 0 103 2879 2880 2881
6357 2 2 0 103 2879 2881 2899
6358 2 2 0 103 2879 2899 3886
6359 2 2 0 103 2881 2880 2882
6360 2 2 0 103 2882 2880 4215
6361 2 2 0 103 4215 2880 4290
6362 2 2 0 103 2881 2882 2883
6363 2 2 0 103 2881 2883 4225
6364 2 2 0 103 2899 2881 4225
6365 2 2 0 103 2883 2882 2895
6366 2 2 0 103 2895 2882 2904
6367 2 2 0 103 2904 2882 4215
6368 2 2 0 103 2883 2895 2896
6369 2 2 0 103 2883 2896 4172
6370 2 2 0 103 2883 4172 4225
6371 2 2 0 103 2884 2885 2897
6372 2 2 0 103 2884 2897 2905
6373 2 2 0 103 2884 2905 4253
6374 2 2 0 103 2897 2885 2898
6375 2 2 0 103 2898 2885 4182
6376 2 2 0 103 2885 4038 4182
6377 2 2 0 103 2887 2886 2900
6378 2 2 0 103 2900 2886 4141
6379 2 2 0 103 2886 4037 4141
6380 2 2 0 103 2887 2900 2901
6381 2 2 0 103 2887 2901 4171
6382 2 2 0 103 4170 2887 4171
6383 2 2 0 103 3988 2888 4224
6384 2 2 0 103 2888 3988 4270
6385 2 2 0 103 4038 2888 4270
6386 2 2 0 103 2890 2889 3994
6387 2 2 0 103 2889 2891 2912
6388 2 2 0 103 2889 2912 3994
6389 2 2 0 103 2975 2890 2976
6390 2 2 0 103 2976 2890 3534
6391 2 2 0 103 3534 2890 3994
6392 2 2 0 103 2912 2891 2913
6393 2 2 0 103 2913 2891 3531
6394 2 2 0 103 3531 2891 4207
6395 2 2 0 103 2893 2892 2918
6396 2 2 0 103 2918 2892 2925
6397 2 2 0 103 2925 2892 4249
6398 2 2 0 103 2893 2918 2919
6399 2 2 0 103 2893 2919 2927
6400 2 2 0 103 2893 2927 4283
6401 2 2 0 103 2894 4024 4025
6402 2 2 0 103 4024 2894 4208
6403 2 2 0 103 2894 4107 4208
6404 2 2 0 103 2896 2895 2902
6405 2 2 0 103 2902 2895 3882
6406 2 2 0 103 2895 2904 3882
6407 2 2 0 103 2896 2902 2903
6408 2 2 0 103 2896 2903 2915
6409 2 2 0 103 2896 2915 4172
6410 2 2 0 103 2897 2898 2906
6411 2 2 0 103 2905 2897 4527
6412 2 2 0 103 2897 2906 4527
6413 2 2 0 103 2906 2898 2907
6414 2 2 0 103 2907 2898 2908
6415 2 2 0 103 2908 2898 4182
6416 2 2 0 103 2899 3863 3886
6417 2 2 0 103 3863 2899 3935
6418 2 2 0 103 3935 2899 4225
6419 2 2 0 103 2901 2900 2930
6420 2 2 0 103 2930 2900 2931
6421 2 2 0 103 2931 2900 4141
6422 2 2 0 103 2901 2930 2932
6423 2 2 0 103 2901 2932 2933
6424 2 2 0 103 2901 2933 4171
6425 2 2 0 103 2903 2902 3861
6426 2 2 0 103 2902 3858 3861
6427 2 2 0 103 3858 2902 3882
6428 2 2 0 103 2915 2903 2916
6429 2 2 0 103 2916 2903 2917
6430 2 2 0 103 2917 2903 3861
6431 2 2 0 103 3882 2904 3883
6432 2 2 0 103 3883 2904 4371
6433 2 2 0 103 2904 4215 4371
6434 2 2 0 103 2905 4148 4253
6435 2 2 0 103 4148 2905 4529
6436 2 2 0 103 2905 4527 4529
6437 2 2 0 103 2906 2907 4275
6438 2 2 0 103 2906 4275 4528
6439 2 2 0 103 4527 2906 4528
6440 2 2 0 103 2907 2908 2909
6441 2 2 0 103 2907 2909 2910
6442 2 2 0 103 2907 2910 4275
6443 2 2 0 103 2909 2908 2924
6444 2 2 0 103 2924 2908 3294
6445 2 2 0 103 3294 2908 4182
6446 2 2 0 103 2910 2909 2911
6447 2 2 0 103 2911 2909 4349
6448 2 2 0 103 2909 2924 4349
6449 2 2 0 103 2910 2911 2920
6450 2 2 0 103 2910 2920 4049
6451 2 2 0 103 2910 4049 4275
6452 2 2 0 103 2920 2911 2921
6453 2 2 0 103 2921 2911 3955
6454 2 2 0 103 3955 2911 4349
6455 2 2 0 103 2912 2913 2944
6456 2 2 0 103 2912 2944 4216
6457 2 2 0 103 3994 2912 4216
6458 2 2 0 103 2944 2913 2945
6459 2 2 0 103 2945 2913 4050
6460 2 2 0 103 2913 3531 4050
6461 2 2 0 103 2914 4103 4536
6462 2 2 0 103 2914 4536 4537
6463 2 2 0 103 2914 4537 4538
6464 2 2 0 103 2915 2916 2948
6465 2 2 0 103 2915 2948 3307
6466 2 2 0 103 2915 3307 4172
6467 2 2 0 103 2916 2917 2922
6468 2 2 0 103 2916 2922 4084
6469 2 2 0 103 2948 2916 4084
6470 2 2 0 103 2922 2917 2923
6471 2 2 0 103 2923 2917 4479
6472 2 2 0 103 2917 3861 4479
6473 2 2 0 103 2919 2918 4039
6474 2 2 0 103 2918 2925 2938
6475 2 2 0 103 2918 2938 4039
6476 2 2 0 103 2927 2919 2928
6477 2 2 0 103 2928 2919 4069
6478 2 2 0 103 2919 4039 4069
6479 2 2 0 103 2920 2921 2942
6480 2 2 0 103 2920 2942 2954
6481 2 2 0 103 2920 2954 4049
6482 2 2 0 103 2942 2921 2943
6483 2 2 0 103 2943 2921 2957
6484 2 2 0 103 2957 2921 3955
6485 2 2 0 103 2922 2923 2940
6486 2 2 0 103 2922 2940 4124
6487 2 2 0 103 4084 2922 4124
6488 2 2 0 103 2940 2923 2941
6489 2 2 0 103 2941 2923 2951
6490 2 2 0 103 2951 2923 4479
6491 2 2 0 103 2924 3294 3458
6492 2 2 0 103 2924 3458 3653
6493 2 2 0 103 2924 3653 4349
6494 2 2 0 103 2938 2925 2939
6495 2 2 0 103 2939 2925 3241
6496 2 2 0 103 3241 2925 4249
6497 2 2 0 103 3963 2926 4121
6498 2 2 0 103 2926 3963 4137
6499 2 2 0 103 4108 2926 4137
6500 2 2 0 103 2927 2928 2929
6501 2 2 0 103 2927 2929 3242
6502 2 2 0 103 2927 3242 4283
6503 2 2 0 103 2929 2928 2946
6504 2 2 0 103 2946 2928 2968
6505 2 2 0 103 2968 2928 4069
6506 2 2 0 103 2929 2946 2947
6507 2 2 0 103 2929 2947 4366
6508 2 2 0 103 3242 2929 4366
6509 2 2 0 103 2930 2931 2963
6510 2 2 0 103 2932 2930 4193
6511 2 2 0 103 2930 2963 4193
6512 2 2 0 103 2963 2931 2964
6513 2 2 0 103 2964 2931 4132
6514 2 2 0 103 4132 2931 4141
6515 2 2 0 103 2933 2932 2934
6516 2 2 0 103 2934 2932 4054
6517 2 2 0 103 4054 2932 4193
6518 2 2 0 103 2933 2934 2935
6519 2 2 0 103 2933 2935 4229
6520 2 2 0 103 4171 2933 4229
6521 2 2 0 103 2935 2934 2936
6522 2 2 0 103 2936 2934 2979
6523 2 2 0 103 2979 2934 4054
6524 2 2 0 103 2935 2936 2937
6525 2 2 0 103 2935 2937 2967
6526 2 2 0 103 2935 2967 4229
6527 2 2 0 103 2937 2936 2949
6528 2 2 0 103 2949 2936 4149
6529 2 2 0 103 2936 2979 4149
6530 2 2 0 103 2937 2949 2950
6531 2 2 0 103 2937 2950 4259
6532 2 2 0 103 2967 2937 4259
6533 2 2 0 103 2938 2939 2961
6534 2 2 0 103 2938 2961 3623
6535 2 2 0 103 2938 3623 4039
6536 2 2 0 103 2961 2939 2962
6537 2 2 0 103 2962 2939 4133
6538 2 2 0 103 2939 3241 4133
6539 2 2 0 103 2940 2941 2959
6540 2 2 0 103 2940 2959 2978
6541 2 2 0 103 2940 2978 4124
6542 2 2 0 103 2941 2951 4026
6543 2 2 0 103 2959 2941 2960
6544 2 2 0 103 2960 2941 4026
6545 2 2 0 103 2942 2943 2955
6546 2 2 0 103 2954 2942 4284
6547 2 2 0 103 2942 2955 4284
6548 2 2 0 103 2955 2943 2956
6549 2 2 0 103 2956 2943 4018
6550 2 2 0 103 2943 2957 4018
6551 2 2 0 103 2944 2945 2970
6552 2 2 0 103 2944 2970 2971
6553 2 2 0 103 2944 2971 4216
6554 2 2 0 103 2970 2945 2972
6555 2 2 0 103 2972 2945 2990
6556 2 2 0 103 2990 2945 4050
6557 2 2 0 103 2947 2946 2965
6558 2 2 0 103 2965 2946 4422
6559 2 2 0 103 2946 2968 4422
6560 2 2 0 103 2947 2965 2966
6561 2 2 0 103 2947 2966 4075
6562 2 2 0 103 2947 4075 4366
6563 2 2 0 103 3307 2948 3451
6564 2 2 0 103 3451 2948 3453
6565 2 2 0 103 3453 2948 4084
6566 2 2 0 103 2950 2949 2969
6567 2 2 0 103 2969 2949 3133
6568 2 2 0 103 3133 2949 4149
6569 2 2 0 103 2950 2969 3268
6570 2 2 0 103 2950 3268 3269
6571 2 2 0 103 2950 3269 4259
6572 2 2 0 103 2951 3860 4466
6573 2 2 0 103 3860 2951 4479
6574 2 2 0 103 4026 2951 4466
6575 2 2 0 103 2952 4162 4242
6576 2 2 0 103 4162 2952 4377
6577 2 2 0 103 2952 4278 4377
6578 2 2 0 103 4109 2953 4540
6579 2 2 0 103 2953 4518 4539
6580 2 2 0 103 2953 4539 4540
6581 2 2 0 103 4049 2954 4524
6582 2 2 0 103 2954 4284 4523
6583 2 2 0 103 2954 4523 4524
6584 2 2 0 103 2955 2956 2973
6585 2 2 0 103 2955 2973 4076
6586 2 2 0 103 2955 4076 4284
6587 2 2 0 103 2973 2956 2974
6588 2 2 0 103 2974 2956 4468
6589 2 2 0 103 2956 4018 4468
6590 2 2 0 103 3924 2957 3954
6591 2 2 0 103 2957 3924 4018
6592 2 2 0 103 3954 2957 3955
6593 2 2 0 103 2958 4201 4428
6594 2 2 0 103 4414 2958 4420
6595 2 2 0 103 4420 2958 4428
6596 2 2 0 103 2959 2960 2980
6597 2 2 0 103 2978 2959 4351
6598 2 2 0 103 2959 2980 4351
6599 2 2 0 103 2980 2960 2981
6600 2 2 0 103 2981 2960 3999
6601 2 2 0 103 3999 2960 4026
6602 2 2 0 103 2961 2962 2986
6603 2 2 0 103 2961 2986 4041
6604 2 2 0 103 3623 2961 4041
6605 2 2 0 103 2986 2962 2987
6606 2 2 0 103 2987 2962 3021
6607 2 2 0 103 3021 2962 4133
6608 2 2 0 103 2963 2964 2988
6609 2 2 0 103 2963 2988 3995
6610 2 2 0 103 2963 3995 4193
6611 2 2 0 103 2988 2964 2989
6612 2 2 0 103 2989 2964 3057
6613 2 2 0 103 3057 2964 4132
6614 2 2 0 103 2966 2965 2982
6615 2 2 0 103 2982 2965 3136
6616 2 2 0 103 3136 2965 4422
6617 2 2 0 103 2966 2982 2983
6618 2 2 0 103 2966 2983 2984
6619 2 2 0 103 2966 2984 4075
6620 2 2 0 103 4229 2967 4432
6621 2 2 0 103 2967 4259 4439
6622 2 2 0 103 4432 2967 4439
6623 2 2 0 103 2968 4069 4070
6624 2 2 0 103 2968 4070 4408
6625 2 2 0 103 2968 4408 4422
6626 2 2 0 103 2969 3133 3134
6627 2 2 0 103 2969 3134 4233
6628 2 2 0 103 3268 2969 4233
6629 2 2 0 103 2971 2970 3000
6630 2 2 0 103 2970 2972 4280
6631 2 2 0 103 3000 2970 4280
6632 2 2 0 103 2971 3000 3001
6633 2 2 0 103 2971 3001 3381
6634 2 2 0 103 2971 3381 4216
6635 2 2 0 103 2972 2990 2991
6636 2 2 0 103 2972 2991 4183
6637 2 2 0 103 2972 4183 4280
6638 2 2 0 103 2973 2974 2993
6639 2 2 0 103 2973 2993 3046
6640 2 2 0 103 2973 3046 4076
6641 2 2 0 103 2993 2974 2999
6642 2 2 0 103 2999 2974 3002
6643 2 2 0 103 3002 2974 4468
6644 2 2 0 103 2975 2976 2995
6645 2 2 0 103 2975 2995 4002
6646 2 2 0 103 2975 4002 4285
6647 2 2 0 103 2995 2976 2996
6648 2 2 0 103 2996 2976 4251
6649 2 2 0 103 2976 3534 4251
6650 2 2 0 103 3047 2977 3048
6651 2 2 0 103 3048 2977 4086
6652 2 2 0 103 2977 3985 4086
6653 2 2 0 103 2978 3949 4124
6654 2 2 0 103 3949 2978 4384
6655 2 2 0 103 2978 4351 4384
6656 2 2 0 103 2979 4054 4425
6657 2 2 0 103 4149 2979 4458
6658 2 2 0 103 2979 4425 4458
6659 2 2 0 103 2980 2981 2997
6660 2 2 0 103 2980 2997 3984
6661 2 2 0 103 2980 3984 4351
6662 2 2 0 103 2997 2981 2998
6663 2 2 0 103 2998 2981 3044
6664 2 2 0 103 3044 2981 3999
6665 2 2 0 103 2983 2982 4004
6666 2 2 0 103 2982 3136 3138
6667 2 2 0 103 2982 3138 4004
6668 2 2 0 103 2984 2983 2985
6669 2 2 0 103 2985 2983 2992
6670 2 2 0 103 2992 2983 4004
6671 2 2 0 103 2984 2985 3045
6672 2 2 0 103 2984 3045 3169
6673 2 2 0 103 2984 3169 4075
6674 2 2 0 103 2985 2992 2994
6675 2 2 0 103 2985 2994 4134
6676 2 2 0 103 3045 2985 4134
6677 2 2 0 103 2986 2987 3049
6678 2 2 0 103 2986 3049 3050
6679 2 2 0 103 2986 3050 4041
6680 2 2 0 103 2987 3021 3022
6681 2 2 0 103 2987 3022 4266
6682 2 2 0 103 3049 2987 4266
6683 2 2 0 103 2988 2989 3060
6684 2 2 0 103 2988 3060 3061
6685 2 2 0 103 2988 3061 3995
6686 2 2 0 103 2989 3057 3058
6687 2 2 0 103 2989 3058 4336
6688 2 2 0 103 3060 2989 4336
6689 2 2 0 103 2991 2990 3051
6690 2 2 0 103 3051 2990 3265
6691 2 2 0 103 3265 2990 4050
6692 2 2 0 103 2991 3051 3052
6693 2 2 0 103 2991 3052 3053
6694 2 2 0 103 2991 3053 4183
6695 2 2 0 103 2994 2992 3062
6696 2 2 0 103 3062 2992 4156
6697 2 2 0 103 2992 4004 4156
6698 2 2 0 103 2993 2999 3043
6699 2 2 0 103 2993 3043 4345
6700 2 2 0 103 3046 2993 4345
6701 2 2 0 103 2994 3062 3315
6702 2 2 0 103 2994 3315 3498
6703 2 2 0 103 2994 3498 4134
6704 2 2 0 103 2995 2996 3003
6705 2 2 0 103 2995 3003 3243
6706 2 2 0 103 2995 3243 4002
6707 2 2 0 103 3003 2996 3004
6708 2 2 0 103 3004 2996 3005
6709 2 2 0 103 3005 2996 4251
6710 2 2 0 103 2997 2998 3066
6711 2 2 0 103 2997 3066 3070
6712 2 2 0 103 2997 3070 3984
6713 2 2 0 103 2998 3044 4309
6714 2 2 0 103 3066 2998 3067
6715 2 2 0 103 3067 2998 4309
6716 2 2 0 103 2999 3002 4003
6717 2 2 0 103 3043 2999 3065
6718 2 2 0 103 3065 2999 4003
6719 2 2 0 103 3001 3000 3063
6720 2 2 0 103 3063 3000 4281
6721 2 2 0 103 3000 4280 4281
6722 2 2 0 103 3001 3063 3064
6723 2 2 0 103 3001 3064 4378
6724 2 2 0 103 3381 3001 4378
6725 2 2 0 103 3002 3877 4003
6726 2 2 0 103 3877 3002 4357
6727 2 2 0 103 4357 3002 4468
6728 2 2 0 103 3003 3004 3131
6729 2 2 0 103 3003 3131 4400
6730 2 2 0 103 3243 3003 4400
6731 2 2 0 103 3004 3005 3006
6732 2 2 0 103 3004 3006 4005
6733 2 2 0 103 3131 3004 4005
6734 2 2 0 103 3006 3005 3007
6735 2 2 0 103 3007 3005 3264
6736 2 2 0 103 3264 3005 4251
6737 2 2 0 103 3006 3007 3008
6738 2 2 0 103 3006 3008 3009
6739 2 2 0 103 3006 3009 4005
6740 2 2 0 103 3008 3007 3016
6741 2 2 0 103 3016 3007 4444
6742 2 2 0 103 3007 3264 4444
6743 2 2 0 103 3009 3008 3010
6744 2 2 0 103 3010 3008 4047
6745 2 2 0 103 3008 3016 4047
6746 2 2 0 103 3009 3010 3011
6747 2 2 0 103 3009 3011 3475
6748 2 2 0 103 3009 3475 4005
6749 2 2 0 103 3011 3010 3012
6750 2 2 0 103 3012 3010 4112
6751 2 2 0 103 3010 4047 4112
6752 2 2 0 103 3011 3012 3013
6753 2 2 0 103 3011 3013 4032
6754 2 2 0 103 3475 3011 4032
6755 2 2 0 103 3013 3012 3014
6756 2 2 0 103 3014 3012 3020
6757 2 2 0 103 3020 3012 4112
6758 2 2 0 103 3013 3014 3015
6759 2 2 0 103 3013 3015 3019
6760 2 2 0 103 3013 3019 4032
6761 2 2 0 103 3015 3014 3017
6762 2 2 0 103 3017 3014 4203
6763 2 2 0 103 3014 3020 4203
6764 2 2 0 103 3015 3017 3018
6765 2 2 0 103 3015 3018 4210
6766 2 2 0 103 3019 3015 4210
6767 2 2 0 103 4047 3016 4454
6768 2 2 0 103 4442 3016 4444
6769 2 2 0 103 3016 4442 4454
6770 2 2 0 103 3018 3017 3041
6771 2 2 0 103 3041 3017 3132
6772 2 2 0 103 3132 3017 4203
6773 2 2 0 103 3018 3041 3042
6774 2 2 0 103 3018 3042 4065
6775 2 2 0 103 3018 4065 4210
6776 2 2 0 103 3019 4014 4209
6777 2 2 0 103 4014 3019 4210
6778 2 2 0 103 4032 3019 4209
6779 2 2 0 103 3020 4112 4113
6780 2 2 0 103 3020 4113 4489
6781 2 2 0 103 4203 3020 4489
6782 2 2 0 103 3022 3021 3023
6783 2 2 0 103 3023 3021 3494
6784 2 2 0 103 3494 3021 4133
6785 2 2 0 103 3022 3023 3024
6786 2 2 0 103 3022 3024 4382
6787 2 2 0 103 4266 3022 4382
6788 2 2 0 103 3024 3023 3025
6789 2 2 0 103 3025 3023 3927
6790 2 2 0 103 3023 3494 3927
6791 2 2 0 103 3024 3025 3026
6792 2 2 0 103 3024 3026 3038
6793 2 2 0 103 3024 3038 4382
6794 2 2 0 103 3026 3025 3027
6795 2 2 0 103 3027 3025 3244
6796 2 2 0 103 3244 3025 3927
6797 2 2 0 103 3026 3027 3028
6798 2 2 0 103 3026 3028 4114
6799 2 2 0 103 3038 3026 4114
6800 2 2 0 103 3028 3027 3029
6801 2 2 0 103 3029 3027 4087
6802 2 2 0 103 3027 3244 4087
6803 2 2 0 103 3028 3029 3030
6804 2 2 0 103 3028 3030 3179
6805 2 2 0 103 3028 3179 4114
6806 2 2 0 103 3030 3029 3031
6807 2 2 0 103 3031 3029 3245
6808 2 2 0 103 3245 3029 4087
6809 2 2 0 103 3030 3031 3032
6810 2 2 0 103 3030 3032 4346
6811 2 2 0 103 3179 3030 4346
6812 2 2 0 103 3032 3031 3033
6813 2 2 0 103 3033 3031 3964
6814 2 2 0 103 3031 3245 3964
6815 2 2 0 103 3032 3033 3034
6816 2 2 0 103 3032 3034 3055
6817 2 2 0 103 3032 3055 4346
6818 2 2 0 103 3034 3033 3035
6819 2 2 0 103 3035 3033 4304
6820 2 2 0 103 3033 3964 4304
6821 2 2 0 103 3034 3035 3036
6822 2 2 0 103 3034 3036 4055
6823 2 2 0 103 3055 3034 4055
6824 2 2 0 103 3036 3035 3037
6825 2 2 0 103 3037 3035 3158
6826 2 2 0 103 3158 3035 4304
6827 2 2 0 103 3036 3037 3039
6828 2 2 0 103 3036 3039 3160
6829 2 2 0 103 3036 3160 4055
6830 2 2 0 103 3039 3037 3040
6831 2 2 0 103 3040 3037 4015
6832 2 2 0 103 3037 3158 4015
6833 2 2 0 103 3038 4114 4464
6834 2 2 0 103 4382 3038 4449
6835 2 2 0 103 4449 3038 4464
6836 2 2 0 103 3039 3040 3068
6837 2 2 0 103 3039 3068 4477
6838 2 2 0 103 3160 3039 4477
6839 2 2 0 103 3068 3040 3069
6840 2 2 0 103 3069 3040 3072
6841 2 2 0 103 3072 3040 4015
6842 2 2 0 103 3042 3041 3090
6843 2 2 0 103 3090 3041 4499
6844 2 2 0 103 3041 3132 4499
6845 2 2 0 103 3042 3090 3091
6846 2 2 0 103 3042 3091 3092
6847 2 2 0 103 3042 3092 4065
6848 2 2 0 103 3043 3065 3071
6849 2 2 0 103 3043 3071 3180
6850 2 2 0 103 3043 3180 4345
6851 2 2 0 103 3044 3999 4000
6852 2 2 0 103 3044 4000 4254
6853 2 2 0 103 3044 4254 4309
6854 2 2 0 103 3169 3045 3170
6855 2 2 0 103 3170 3045 3260
6856 2 2 0 103 3260 3045 4134
6857 2 2 0 103 4076 3046 4521
6858 2 2 0 103 3046 4345 4520
6859 2 2 0 103 3046 4520 4521
6860 2 2 0 103 3047 3048 3175
6861 2 2 0 103 3047 3175 4191
6862 2 2 0 103 3385 3047 4191
6863 2 2 0 103 3175 3048 3176
6864 2 2 0 103 3176 3048 3177
6865 2 2 0 103 3177 3048 4086
6866 2 2 0 103 3050 3049 3107
6867 2 2 0 103 3107 3049 4268
6868 2 2 0 103 3049 4266 4268
6869 2 2 0 103 3050 3107 3108
6870 2 2 0 103 3050 3108 3233
6871 2 2 0 103 3050 3233 4041
6872 2 2 0 103 3052 3051 3178
6873 2 2 0 103 3178 3051 4434
6874 2 2 0 103 3051 3265 4434
6875 2 2 0 103 3053 3052 3054
6876 2 2 0 103 3054 3052 4301
6877 2 2 0 103 3052 3178 4301
6878 2 2 0 103 3053 3054 3194
6879 2 2 0 103 3053 3194 4128
6880 2 2 0 103 3053 4128 4183
6881 2 2 0 103 3194 3054 3195
6882 2 2 0 103 3195 3054 3270
6883 2 2 0 103 3270 3054 4301
6884 2 2 0 103 3055 4055 4056
6885 2 2 0 103 3055 4056 4490
6886 2 2 0 103 4346 3055 4490
6887 2 2 0 103 4098 3056 4260
6888 2 2 0 103 3056 4211 4260
6889 2 2 0 103 4211 3056 4271
6890 2 2 0 103 3058 3057 3167
6891 2 2 0 103 3167 3057 4338
6892 2 2 0 103 3057 4132 4338
6893 2 2 0 103 3058 3167 3168
6894 2 2 0 103 3058 3168 3529
6895 2 2 0 103 3058 3529 4336
6896 2 2 0 103 3059 3942 4237
6897 2 2 0 103 3942 3059 4255
6898 2 2 0 103 4169 3059 4237
6899 2 2 0 103 3061 3060 3109
6900 2 2 0 103 3109 3060 3172
6901 2 2 0 103 3172 3060 4336
6902 2 2 0 103 3061 3109 3110
6903 2 2 0 103 3061 3110 4355
6904 2 2 0 103 3995 3061 4355
6905 2 2 0 103 3315 3062 3316
6906 2 2 0 103 3316 3062 3317
6907 2 2 0 103 3317 3062 4156
6908 2 2 0 103 3064 3063 3199
6909 2 2 0 103 3199 3063 3201
6910 2 2 0 103 3201 3063 4281
6911 2 2 0 103 3064 3199 3200
6912 2 2 0 103 3064 3200 3321
6913 2 2 0 103 3064 3321 4378
6914 2 2 0 103 3071 3065 3106
6915 2 2 0 103 3106 3065 3188
6916 2 2 0 103 3188 3065 4003
6917 2 2 0 103 3066 3067 3191
6918 2 2 0 103 3070 3066 4057
6919 2 2 0 103 3066 3191 4057
6920 2 2 0 103 3191 3067 3192
6921 2 2 0 103 3192 3067 3193
6922 2 2 0 103 3193 3067 4309
6923 2 2 0 103 3068 3069 4448
6924 2 2 0 103 3068 4448 4465
6925 2 2 0 103 3068 4465 4477
6926 2 2 0 103 3069 3072 3073
6927 2 2 0 103 3069 3073 3074
6928 2 2 0 103 3069 3074 4448
6929 2 2 0 103 3070 3938 3984
6930 2 2 0 103 3938 3070 4013
6931 2 2 0 103 4013 3070 4057
6932 2 2 0 103 3071 3106 3115
6933 2 2 0 103 3071 3115 4212
6934 2 2 0 103 3180 3071 4212
6935 2 2 0 103 3073 3072 4328
6936 2 2 0 103 3885 3072 4015
6937 2 2 0 103 3072 3885 4328
6938 2 2 0 103 3074 3073 3075
6939 2 2 0 103 3075 3073 3076
6940 2 2 0 103 3076 3073 4328
6941 2 2 0 103 3074 3075 4379
6942 2 2 0 103 3074 4379 4436
6943 2 2 0 103 3074 4436 4448
6944 2 2 0 103 3075 3076 3077
6945 2 2 0 103 3075 3077 3078
6946 2 2 0 103 3075 3078 4379
6947 2 2 0 103 3077 3076 3922
6948 2 2 0 103 3076 3914 3922
6949 2 2 0 103 3914 3076 4328
6950 2 2 0 103 3078 3077 3079
6951 2 2 0 103 3079 3077 3080
6952 2 2 0 103 3080 3077 3922
6953 2 2 0 103 3078 3079 3203
6954 2 2 0 103 3078 3203 3210
6955 2 2 0 103 3078 3210 4379
6956 2 2 0 103 3079 3080 3081
6957 2 2 0 103 3079 3081 4354
6958 2 2 0 103 3203 3079 4354
6959 2 2 0 103 3081 3080 3082
6960 2 2 0 103 3082 3080 3605
6961 2 2 0 103 3605 3080 3922
6962 2 2 0 103 3081 3082 3083
6963 2 2 0 103 3081 3083 3084
6964 2 2 0 103 3081 3084 4354
6965 2 2 0 103 3083 3082 4352
6966 2 2 0 103 3082 3605 3880
6967 2 2 0 103 3082 3880 4352
6968 2 2 0 103 3084 3083 3085
6969 2 2 0 103 3085 3083 3086
6970 2 2 0 103 3086 3083 4352
6971 2 2 0 103 3084 3085 3206
6972 2 2 0 103 3084 3206 3626
6973 2 2 0 103 3084 3626 4354
6974 2 2 0 103 3085 3086 3087
6975 2 2 0 103 3085 3087 4227
6976 2 2 0 103 3206 3085 4227
6977 2 2 0 103 3087 3086 3088
6978 2 2 0 103 3088 3086 3286
6979 2 2 0 103 3286 3086 4352
6980 2 2 0 103 3087 3088 3089
6981 2 2 0 103 3087 3089 3111
6982 2 2 0 103 3087 3111 4227
6983 2 2 0 103 3089 3088 4019
6984 2 2 0 103 3088 3286 3465
6985 2 2 0 103 3088 3465 4019
6986 2 2 0 103 3111 3089 3112
6987 2 2 0 103 3112 3089 3113
6988 2 2 0 103 3113 3089 4019
6989 2 2 0 103 3091 3090 3669
6990 2 2 0 103 3669 3090 4501
6991 2 2 0 103 3090 4499 4501
6992 2 2 0 103 3092 3091 3093
6993 2 2 0 103 3093 3091 4272
6994 2 2 0 103 3091 3669 4272
6995 2 2 0 103 3092 3093 3094
6996 2 2 0 103 3092 3094 3314
6997 2 2 0 103 3092 3314 4065
6998 2 2 0 103 3094 3093 3095
6999 2 2 0 103 3095 3093 3096
7000 2 2 0 103 3096 3093 4272
7001 2 2 0 103 3094 3095 4243
7002 2 2 0 103 3314 3094 3382
7003 2 2 0 103 3382 3094 4243
7004 2 2 0 103 3095 3096 3097
7005 2 2 0 103 3095 3097 3098
7006 2 2 0 103 3095 3098 4243
7007 2 2 0 103 3097 3096 3196
7008 2 2 0 103 3196 3096 3197
7009 2 2 0 103 3197 3096 4272
7010 2 2 0 103 3098 3097 3099
7011 2 2 0 103 3099 3097 4194
7012 2 2 0 103 3097 3196 4194
7013 2 2 0 103 3098 3099 3100
7014 2 2 0 103 3098 3100 3528
7015 2 2 0 103 3098 3528 4243
7016 2 2 0 103 3100 3099 3101
7017 2 2 0 103 3101 3099 3102
7018 2 2 0 103 3102 3099 4194
7019 2 2 0 103 3100 3101 4329
7020 2 2 0 103 3528 3100 4267
7021 2 2 0 103 4267 3100 4329
7022 2 2 0 103 3101 3102 3103
7023 2 2 0 103 3101 3103 3104
7024 2 2 0 103 3101 3104 4329
7025 2 2 0 103 3103 3102 3205
7026 2 2 0 103 3205 3102 3659
7027 2 2 0 103 3659 3102 4194
7028 2 2 0 103 3104 3103 3105
7029 2 2 0 103 3105 3103 4173
7030 2 2 0 103 3103 3205 4173
7031 2 2 0 103 3104 3105 3123
7032 2 2 0 103 3104 3123 3235
7033 2 2 0 103 3104 3235 4329
7034 2 2 0 103 3123 3105 3124
7035 2 2 0 103 3124 3105 3198
7036 2 2 0 103 3198 3105 4173
7037 2 2 0 103 3115 3106 3250
7038 2 2 0 103 3106 3188 4104
7039 2 2 0 103 3250 3106 4104
7040 2 2 0 103 3108 3107 3248
7041 2 2 0 103 3248 3107 3249
7042 2 2 0 103 3249 3107 4268
7043 2 2 0 103 3233 3108 3234
7044 2 2 0 103 3234 3108 4033
7045 2 2 0 103 3108 3248 4033
7046 2 2 0 103 3110 3109 3256
7047 2 2 0 103 3109 3172 4042
7048 2 2 0 103 3256 3109 4042
7049 2 2 0 103 3110 3256 3257
7050 2 2 0 103 3110 3257 3309
7051 2 2 0 103 3110 3309 4355
7052 2 2 0 103 3111 3112 3218
7053 2 2 0 103 3111 3218 3470
7054 2 2 0 103 3111 3470 4227
7055 2 2 0 103 3112 3113 3114
7056 2 2 0 103 3112 3114 4307
7057 2 2 0 103 3218 3112 4307
7058 2 2 0 103 3114 3113 3116
7059 2 2 0 103 3116 3113 3221
7060 2 2 0 103 3221 3113 4019
7061 2 2 0 103 3114 3116 3117
7062 2 2 0 103 3114 3117 3204
7063 2 2 0 103 3114 3204 4307
7064 2 2 0 103 3115 3250 3251
7065 2 2 0 103 3115 3251 3276
7066 2 2 0 103 3115 3276 4212
7067 2 2 0 103 3117 3116 3118
7068 2 2 0 103 3118 3116 4323
7069 2 2 0 103 3116 3221 4323
7070 2 2 0 103 3117 3118 3119
7071 2 2 0 103 3117 3119 4071
7072 2 2 0 103 3204 3117 4071
7073 2 2 0 103 3119 3118 3120
7074 2 2 0 103 3120 3118 3366
7075 2 2 0 103 3366 3118 4323
7076 2 2 0 103 3119 3120 3121
7077 2 2 0 103 3119 3121 3213
7078 2 2 0 103 3119 3213 4071
7079 2 2 0 103 3121 3120 4204
7080 2 2 0 103 3120 3366 3611
7081 2 2 0 103 3120 3611 4204
7082 2 2 0 103 3213 3121 3214
7083 2 2 0 103 3214 3121 3215
7084 2 2 0 103 3215 3121 4204
7085 2 2 0 103 3985 3122 3986
7086 2 2 0 103 3986 3122 4405
7087 2 2 0 103 3122 4274 4405
7088 2 2 0 103 3123 3124 3126
7089 2 2 0 103 3123 3126 4115
7090 2 2 0 103 3235 3123 4115
7091 2 2 0 103 3126 3124 3127
7092 2 2 0 103 3127 3124 4238
7093 2 2 0 103 3124 3198 4238
7094 2 2 0 103 3125 4007 4398
7095 2 2 0 103 4068 3125 4399
7096 2 2 0 103 3125 4398 4399
7097 2 2 0 103 3126 3127 3128
7098 2 2 0 103 3126 3128 3375
7099 2 2 0 103 3126 3375 4115
7100 2 2 0 103 3128 3127 3129
7101 2 2 0 103 3129 3127 3183
7102 2 2 0 103 3183 3127 4238
7103 2 2 0 103 3128 3129 4331
7104 2 2 0 103 3375 3128 3620
7105 2 2 0 103 3620 3128 4331
7106 2 2 0 103 3129 3183 3184
7107 2 2 0 103 3129 3184 3185
7108 2 2 0 103 3129 3185 4331
7109 2 2 0 103 3130 3900 4036
7110 2 2 0 103 3900 3130 4197
7111 2 2 0 103 4197 3130 4198
7112 2 2 0 103 3131 4005 4006
7113 2 2 0 103 3131 4006 4383
7114 2 2 0 103 3131 4383 4400
7115 2 2 0 103 3132 4203 4492
7116 2 2 0 103 3132 4492 4497
7117 2 2 0 103 3132 4497 4499
7118 2 2 0 103 3134 3133 3135
7119 2 2 0 103 3135 3133 4310
7120 2 2 0 103 3133 4149 4310
7121 2 2 0 103 3134 3135 3181
7122 2 2 0 103 3134 3181 3182
7123 2 2 0 103 3134 3182 4233
7124 2 2 0 103 3181 3135 3211
7125 2 2 0 103 3211 3135 3212
7126 2 2 0 103 3212 3135 4310
7127 2 2 0 103 3138 3136 3139
7128 2 2 0 103 3139 3136 3961
7129 2 2 0 103 3961 3136 4422
7130 2 2 0 103 3293 3137 3369
7131 2 2 0 103 3369 3137 3476
7132 2 2 0 103 3476 3137 4100
7133 2 2 0 103 3138 3139 3202
7134 2 2 0 103 3138 3202 3633
7135 2 2 0 103 3138 3633 4004
7136 2 2 0 103 3202 3139 3246
7137 2 2 0 103 3246 3139 3247
7138 2 2 0 103 3247 3139 3961
7139 2 2 0 103 4085 3140 4542
7140 2 2 0 103 3140 4109 4541
7141 2 2 0 103 3140 4541 4542
7142 2 2 0 103 3142 3141 3143
7143 2 2 0 103 3143 3141 3508
7144 2 2 0 103 3508 3141 4139
7145 2 2 0 103 3142 3143 3144
7146 2 2 0 103 3142 3144 4195
7147 2 2 0 103 3238 3142 4195
7148 2 2 0 103 3144 3143 3145
7149 2 2 0 103 3145 3143 4234
7150 2 2 0 103 3143 3508 4234
7151 2 2 0 103 3144 3145 3146
7152 2 2 0 103 3144 3146 3151
7153 2 2 0 103 3144 3151 4195
7154 2 2 0 103 3146 3145 3147
7155 2 2 0 103 3147 3145 3148
7156 2 2 0 103 3148 3145 4234
7157 2 2 0 103 3146 3147 3154
7158 2 2 0 103 3151 3146 4291
7159 2 2 0 103 3146 3154 4291
7160 2 2 0 103 3147 3148 3149
7161 2 2 0 103 3147 3149 3996
7162 2 2 0 103 3154 3147 3996
7163 2 2 0 103 3149 3148 3150
7164 2 2 0 103 3150 3148 3308
7165 2 2 0 103 3308 3148 4234
7166 2 2 0 103 3149 3150 3152
7167 2 2 0 103 3149 3152 4218
7168 2 2 0 103 3996 3149 4218
7169 2 2 0 103 3152 3150 3153
7170 2 2 0 103 3153 3150 4058
7171 2 2 0 103 3150 3308 4058
7172 2 2 0 103 3151 4020 4195
7173 2 2 0 103 4020 3151 4219
7174 2 2 0 103 4219 3151 4291
7175 2 2 0 103 3152 3153 3155
7176 2 2 0 103 3152 3155 3157
7177 2 2 0 103 3152 3157 4218
7178 2 2 0 103 3155 3153 3156
7179 2 2 0 103 3156 3153 3163
7180 2 2 0 103 3163 3153 4058
7181 2 2 0 103 3154 3996 4300
7182 2 2 0 103 3154 4239 4291
7183 2 2 0 103 4239 3154 4300
7184 2 2 0 103 3155 3156 4150
7185 2 2 0 103 3157 3155 3287
7186 2 2 0 103 3287 3155 4150
7187 2 2 0 103 3156 3163 3164
7188 2 2 0 103 3156 3164 3224
7189 2 2 0 103 3156 3224 4150
7190 2 2 0 103 3157 3287 3289
7191 2 2 0 103 3157 3289 3304
7192 2 2 0 103 3157 3304 4218
7193 2 2 0 103 3990 3158 4304
7194 2 2 0 103 3158 3990 4470
7195 2 2 0 103 4015 3158 4470
7196 2 2 0 103 3915 3159 3916
7197 2 2 0 103 3159 3915 4131
7198 2 2 0 103 3916 3159 4152
7199 2 2 0 103 4055 3160 4488
7200 2 2 0 103 3160 4477 4485
7201 2 2 0 103 3160 4485 4488
7202 2 2 0 103 3161 4126 4127
7203 2 2 0 103 3161 4127 4445
7204 2 2 0 103 4435 3161 4445
7205 2 2 0 103 3979 3162 4052
7206 2 2 0 103 3162 3979 4121
7207 2 2 0 103 3162 4051 4052
7208 2 2 0 103 3164 3163 4244
7209 2 2 0 103 3163 4058 4060
7210 2 2 0 103 3163 4060 4244
7211 2 2 0 103 3224 3164 3225
7212 2 2 0 103 3225 3164 3226
7213 2 2 0 103 3226 3164 4244
7214 2 2 0 103 3165 3854 4163
7215 2 2 0 103 3854 3165 4164
7216 2 2 0 103 4164 3165 4530
7217 2 2 0 103 3166 3918 4152
7218 2 2 0 103 3918 3166 4192
7219 2 2 0 103 3166 4157 4192
7220 2 2 0 103 3168 3167 3371
7221 2 2 0 103 3371 3167 3372
7222 2 2 0 103 3372 3167 4338
7223 2 2 0 103 3168 3371 3542
7224 2 2 0 103 3529 3168 4389
7225 2 2 0 103 3168 3542 4389
7226 2 2 0 103 3169 3170 4178
7227 2 2 0 103 4075 3169 4177
7228 2 2 0 103 4177 3169 4178
7229 2 2 0 103 3170 3260 3261
7230 2 2 0 103 3170 3261 3262
7231 2 2 0 103 3170 3262 4178
7232 2 2 0 103 4034 3171 4419
7233 2 2 0 103 3171 4231 4404
7234 2 2 0 103 3171 4404 4419
7235 2 2 0 103 4042 3172 4367
7236 2 2 0 103 3172 4336 4406
7237 2 2 0 103 4367 3172 4406
7238 2 2 0 103 3173 4170 4430
7239 2 2 0 103 4201 3173 4426
7240 2 2 0 103 4426 3173 4430
7241 2 2 0 103 4158 3174 4258
7242 2 2 0 103 3174 4256 4257
7243 2 2 0 103 3174 4257 4258
7244 2 2 0 103 3175 3176 3402
7245 2 2 0 103 3175 3402 3403
7246 2 2 0 103 3175 3403 4191
7247 2 2 0 103 3176 3177 3266
7248 2 2 0 103 3176 3266 4261
7249 2 2 0 103 3402 3176 4261
7250 2 2 0 103 3266 3177 3267
7251 2 2 0 103 3267 3177 4159
7252 2 2 0 103 3177 4086 4159
7253 2 2 0 103 4301 3178 4417
7254 2 2 0 103 4417 3178 4472
7255 2 2 0 103 3178 4434 4472
7256 2 2 0 103 4114 3179 4476
7257 2 2 0 103 3179 4346 4487
7258 2 2 0 103 4476 3179 4487
7259 2 2 0 103 3180 4212 4515
7260 2 2 0 103 4345 3180 4517
7261 2 2 0 103 3180 4515 4517
7262 2 2 0 103 3182 3181 3209
7263 2 2 0 103 3209 3181 3926
7264 2 2 0 103 3181 3211 3926
7265 2 2 0 103 3182 3209 4483
7266 2 2 0 103 4233 3182 4474
7267 2 2 0 103 4474 3182 4483
7268 2 2 0 103 3184 3183 3272
7269 2 2 0 103 3272 3183 3489
7270 2 2 0 103 3489 3183 4238
7271 2 2 0 103 3185 3184 3186
7272 2 2 0 103 3186 3184 4153
7273 2 2 0 103 3184 3272 4153
7274 2 2 0 103 3185 3186 3187
7275 2 2 0 103 3185 3187 3290
7276 2 2 0 103 3185 3290 4331
7277 2 2 0 103 3187 3186 3189
7278 2 2 0 103 3189 3186 3331
7279 2 2 0 103 3331 3186 4153
7280 2 2 0 103 3187 3189 3190
7281 2 2 0 103 3187 3190 4035
7282 2 2 0 103 3290 3187 4035
7283 2 2 0 103 3188 3865 3866
7284 2 2 0 103 3865 3188 4003
7285 2 2 0 103 3188 3866 4104
7286 2 2 0 103 3190 3189 3207
7287 2 2 0 103 3207 3189 4296
7288 2 2 0 103 3189 3331 4296
7289 2 2 0 103 3190 3207 3208
7290 2 2 0 103 3190 3208 4205
7291 2 2 0 103 4035 3190 4205
7292 2 2 0 103 3191 3192 4339
7293 2 2 0 103 4057 3191 4088
7294 2 2 0 103 4088 3191 4339
7295 2 2 0 103 3192 3193 3219
7296 2 2 0 103 3192 3219 3220
7297 2 2 0 103 3192 3220 4339
7298 2 2 0 103 3219 3193 3277
7299 2 2 0 103 3277 3193 3504
7300 2 2 0 103 3504 3193 4309
7301 2 2 0 103 3194 3195 3332
7302 2 2 0 103 3194 3332 3379
7303 2 2 0 103 3194 3379 4128
7304 2 2 0 103 3195 3270 3271
7305 2 2 0 103 3195 3271 4269
7306 2 2 0 103 3332 3195 4269
7307 2 2 0 103 3196 3197 3333
7308 2 2 0 103 3196 3333 4370
7309 2 2 0 103 4194 3196 4370
7310 2 2 0 103 3333 3197 3334
7311 2 2 0 103 3334 3197 4437
7312 2 2 0 103 3197 4272 4437
7313 2 2 0 103 3198 4173 4421
7314 2 2 0 103 4238 3198 4347
7315 2 2 0 103 4347 3198 4421
7316 2 2 0 103 3200 3199 4187
7317 2 2 0 103 3199 3201 3258
7318 2 2 0 103 3199 3258 4187
7319 2 2 0 103 3321 3200 3322
7320 2 2 0 103 3322 3200 3323
7321 2 2 0 103 3323 3200 4187
7322 2 2 0 103 3258 3201 3259
7323 2 2 0 103 3259 3201 3499
7324 2 2 0 103 3499 3201 4281
7325 2 2 0 103 3202 3246 3341
7326 2 2 0 103 3202 3341 4412
7327 2 2 0 103 3633 3202 4412
7328 2 2 0 103 3210 3203 3339
7329 2 2 0 103 3339 3203 4287
7330 2 2 0 103 4287 3203 4354
7331 2 2 0 103 3204 3956 3957
7332 2 2 0 103 3956 3204 4071
7333 2 2 0 103 3204 3957 4307
7334 2 2 0 103 3205 3659 3660
7335 2 2 0 103 3205 3660 3661
7336 2 2 0 103 3205 3661 4173
7337 2 2 0 103 3626 3206 3627
7338 2 2 0 103 3627 3206 3937
7339 2 2 0 103 3937 3206 4227
7340 2 2 0 103 3208 3207 3254
7341 2 2 0 103 3254 3207 3411
7342 2 2 0 103 3411 3207 4296
7343 2 2 0 103 3208 3254 3255
7344 2 2 0 103 3208 3255 3297
7345 2 2 0 103 3208 3297 4205
7346 2 2 0 103 3209 3926 4482
7347 2 2 0 103 4471 3209 4482
7348 2 2 0 103 3209 4471 4483
7349 2 2 0 103 3210 3339 3362
7350 2 2 0 103 3210 3362 3536
7351 2 2 0 103 3210 3536 4379
7352 2 2 0 103 3211 3212 3330
7353 2 2 0 103 3211 3330 3363
7354 2 2 0 103 3211 3363 3926
7355 2 2 0 103 3330 3212 4376
7356 2 2 0 103 4028 3212 4310
7357 2 2 0 103 3212 4028 4376
7358 2 2 0 103 3213 3214 3337
7359 2 2 0 103 3213 3337 3462
7360 2 2 0 103 3213 3462 4071
7361 2 2 0 103 3214 3215 3216
7362 2 2 0 103 3214 3216 4105
7363 2 2 0 103 3337 3214 4105
7364 2 2 0 103 3216 3215 3217
7365 2 2 0 103 3217 3215 3288
7366 2 2 0 103 3288 3215 4204
7367 2 2 0 103 3216 3217 3252
7368 2 2 0 103 3216 3252 3414
7369 2 2 0 103 3216 3414 4105
7370 2 2 0 103 3252 3217 3253
7371 2 2 0 103 3253 3217 4263
7372 2 2 0 103 3217 3288 4263
7373 2 2 0 103 3470 3218 3471
7374 2 2 0 103 3471 3218 3495
7375 2 2 0 103 3495 3218 4307
7376 2 2 0 103 3220 3219 3275
7377 2 2 0 103 3275 3219 3997
7378 2 2 0 103 3219 3277 3997
7379 2 2 0 103 3220 3275 3335
7380 2 2 0 103 3220 3335 3336
7381 2 2 0 103 3220 3336 4339
7382 2 2 0 103 3221 4019 4116
7383 2 2 0 103 3221 4116 4413
7384 2 2 0 103 4323 3221 4413
7385 2 2 0 103 3878 3222 3879
7386 2 2 0 103 3222 3878 4220
7387 2 2 0 103 3879 3222 4200
7388 2 2 0 103 3232 3223 3368
7389 2 2 0 103 3368 3223 3501
7390 2 2 0 103 3501 3223 4232
7391 2 2 0 103 3224 3225 4221
7392 2 2 0 103 4150 3224 4151
7393 2 2 0 103 4151 3224 4221
7394 2 2 0 103 3225 3226 3227
7395 2 2 0 103 3225 3227 3228
7396 2 2 0 103 3225 3228 4221
7397 2 2 0 103 3227 3226 4125
7398 2 2 0 103 4125 3226 4154
7399 2 2 0 103 4154 3226 4244
7400 2 2 0 103 3228 3227 3229
7401 2 2 0 103 3229 3227 3230
7402 2 2 0 103 3230 3227 4125
7403 2 2 0 103 3228 3229 3367
7404 2 2 0 103 3228 3367 3902
7405 2 2 0 103 3228 3902 4221
7406 2 2 0 103 3229 3230 3231
7407 2 2 0 103 3229 3231 4410
7408 2 2 0 103 3367 3229 4410
7409 2 2 0 103 3231 3230 3239
7410 2 2 0 103 3239 3230 3296
7411 2 2 0 103 3296 3230 4125
7412 2 2 0 103 3231 3239 3240
7413 2 2 0 103 3231 3240 3278
7414 2 2 0 103 3231 3278 4410
7415 2 2 0 103 3232 3368 3370
7416 2 2 0 103 3232 3370 3513
7417 2 2 0 103 3232 3513 4298
7418 2 2 0 103 3233 3234 3291
7419 2 2 0 103 3233 3291 4167
7420 2 2 0 103 4041 3233 4167
7421 2 2 0 103 3291 3234 3292
7422 2 2 0 103 3292 3234 3338
7423 2 2 0 103 3338 3234 4033
7424 2 2 0 103 3910 3235 4066
7425 2 2 0 103 3235 3910 4329
7426 2 2 0 103 4066 3235 4115
7427 2 2 0 103 3236 3237 3376
7428 2 2 0 103 3236 3376 3485
7429 2 2 0 103 3236 3485 4166
7430 2 2 0 103 3376 3237 4318
7431 2 2 0 103 3237 3493 4332
7432 2 2 0 103 4318 3237 4332
7433 2 2 0 103 4184 3238 4195
7434 2 2 0 103 3238 4184 4334
7435 2 2 0 103 4186 3238 4334
7436 2 2 0 103 3240 3239 4135
7437 2 2 0 103 3239 3296 3380
7438 2 2 0 103 3239 3380 4135
7439 2 2 0 103 3278 3240 3279
7440 2 2 0 103 3279 3240 3280
7441 2 2 0 103 3280 3240 4135
7442 2 2 0 103 4133 3241 4395
7443 2 2 0 103 3241 4249 4250
7444 2 2 0 103 3241 4250 4395
7445 2 2 0 103 3242 4188 4337
7446 2 2 0 103 4188 3242 4366
7447 2 2 0 103 4283 3242 4337
7448 2 2 0 103 4002 3243 4457
7449 2 2 0 103 3243 4400 4438
7450 2 2 0 103 3243 4438 4457
7451 2 2 0 103 3244 3927 3928
7452 2 2 0 103 3244 3928 3929
7453 2 2 0 103 3244 3929 4087
7454 2 2 0 103 3964 3245 3965
7455 2 2 0 103 3965 3245 4293
7456 2 2 0 103 3245 4087 4293
7457 2 2 0 103 3246 3247 3340
7458 2 2 0 103 3246 3340 4391
7459 2 2 0 103 3341 3246 4391
7460 2 2 0 103 3340 3247 3373
7461 2 2 0 103 3373 3247 3509
7462 2 2 0 103 3509 3247 3961
7463 2 2 0 103 3248 3249 3360
7464 2 2 0 103 3248 3360 3456
7465 2 2 0 103 3248 3456 4033
7466 2 2 0 103 3360 3249 3361
7467 2 2 0 103 3361 3249 3398
7468 2 2 0 103 3398 3249 4268
7469 2 2 0 103 3251 3250 3345
7470 2 2 0 103 3345 3250 3359
7471 2 2 0 103 3359 3250 4104
7472 2 2 0 103 3276 3251 4340
7473 2 2 0 103 3251 3345 3346
7474 2 2 0 103 3251 3346 4340
7475 2 2 0 103 3252 3253 3273
7476 2 2 0 103 3252 3273 4315
7477 2 2 0 103 3414 3252 4315
7478 2 2 0 103 3273 3253 3274
7479 2 2 0 103 3274 3253 4022
7480 2 2 0 103 4022 3253 4263
7481 2 2 0 103 3255 3254 4333
7482 2 2 0 103 3254 3411 3532
7483 2 2 0 103 3254 3532 4333
7484 2 2 0 103 3297 3255 3298
7485 2 2 0 103 3298 3255 3299
7486 2 2 0 103 3299 3255 4333
7487 2 2 0 103 3257 3256 3415
7488 2 2 0 103 3415 3256 3416
7489 2 2 0 103 3416 3256 4042
7490 2 2 0 103 3309 3257 3310
7491 2 2 0 103 3310 3257 4341
7492 2 2 0 103 3257 3415 4341
7493 2 2 0 103 3258 3259 3417
7494 2 2 0 103 3258 3417 4363
7495 2 2 0 103 4187 3258 4363
7496 2 2 0 103 3417 3259 3418
7497 2 2 0 103 3418 3259 3958
7498 2 2 0 103 3259 3499 3958
7499 2 2 0 103 3261 3260 4016
7500 2 2 0 103 4016 3260 4441
7501 2 2 0 103 3260 4134 4441
7502 2 2 0 103 3262 3261 3390
7503 2 2 0 103 3390 3261 3455
7504 2 2 0 103 3455 3261 4016
7505 2 2 0 103 3262 3390 3391
7506 2 2 0 103 3262 3391 3392
7507 2 2 0 103 3262 3392 4178
7508 2 2 0 103 3263 4273 4348
7509 2 2 0 103 3263 4348 4462
7510 2 2 0 103 4392 3263 4462
7511 2 2 0 103 3264 4251 4418
7512 2 2 0 103 3264 4418 4423
7513 2 2 0 103 3264 4423 4444
7514 2 2 0 103 3265 4050 4206
7515 2 2 0 103 3265 4206 4409
7516 2 2 0 103 3265 4409 4434
7517 2 2 0 103 3266 3267 3393
7518 2 2 0 103 3266 3393 3400
7519 2 2 0 103 3266 3400 4261
7520 2 2 0 103 3393 3267 3394
7521 2 2 0 103 3394 3267 3395
7522 2 2 0 103 3395 3267 4159
7523 2 2 0 103 3269 3268 3401
7524 2 2 0 103 3401 3268 3473
7525 2 2 0 103 3473 3268 4233
7526 2 2 0 103 3269 3401 4461
7527 2 2 0 103 4259 3269 4450
7528 2 2 0 103 4450 3269 4461
7529 2 2 0 103 3271 3270 3404
7530 2 2 0 103 3404 3270 3555
7531 2 2 0 103 3555 3270 4301
7532 2 2 0 103 3271 3404 3405
7533 2 2 0 103 3271 3405 3406
7534 2 2 0 103 3271 3406 4269
7535 2 2 0 103 3272 3489 3490
7536 2 2 0 103 3272 3490 3492
7537 2 2 0 103 3272 3492 4153
7538 2 2 0 103 3273 3274 3351
7539 2 2 0 103 3273 3351 3441
7540 2 2 0 103 3273 3441 4315
7541 2 2 0 103 3351 3274 3352
7542 2 2 0 103 3352 3274 3353
7543 2 2 0 103 3353 3274 4022
7544 2 2 0 103 3335 3275 3365
7545 2 2 0 103 3365 3275 3444
7546 2 2 0 103 3444 3275 3997
7547 2 2 0 103 4212 3276 4513
7548 2 2 0 103 3276 4340 4516
7549 2 2 0 103 4513 3276 4516
7550 2 2 0 103 3277 3504 3505
7551 2 2 0 103 3277 3505 3506
7552 2 2 0 103 3277 3506 3997
7553 2 2 0 103 3278 3279 4335
7554 2 2 0 103 3884 3278 4335
7555 2 2 0 103 3278 3884 4410
7556 2 2 0 103 3279 3280 3281
7557 2 2 0 103 3279 3281 3282
7558 2 2 0 103 3279 3282 4335
7559 2 2 0 103 3281 3280 4262
7560 2 2 0 103 3280 4135 4189
7561 2 2 0 103 3280 4189 4262
7562 2 2 0 103 3282 3281 3283
7563 2 2 0 103 3283 3281 3284
7564 2 2 0 103 3284 3281 4262
7565 2 2 0 103 3282 3283 3446
7566 2 2 0 103 3282 3446 3447
7567 2 2 0 103 3282 3447 4335
7568 2 2 0 103 3283 3284 3285
7569 2 2 0 103 3283 3285 4123
7570 2 2 0 103 3446 3283 4123
7571 2 2 0 103 3285 3284 3312
7572 2 2 0 103 3312 3284 3384
7573 2 2 0 103 3384 3284 4262
7574 2 2 0 103 3285 3312 3313
7575 2 2 0 103 3285 3313 3445
7576 2 2 0 103 3285 3445 4123
7577 2 2 0 103 3465 3286 3466
7578 2 2 0 103 3466 3286 4372
7579 2 2 0 103 3286 4352 4372
7580 2 2 0 103 3289 3287 3450
7581 2 2 0 103 3450 3287 3484
7582 2 2 0 103 3484 3287 4150
7583 2 2 0 103 4130 3288 4204
7584 2 2 0 103 3288 4130 4481
7585 2 2 0 103 4263 3288 4481
7586 2 2 0 103 3304 3289 3305
7587 2 2 0 103 3305 3289 4155
7588 2 2 0 103 3289 3450 4155
7589 2 2 0 103 3290 4035 4380
7590 2 2 0 103 3290 4265 4331
7591 2 2 0 103 4265 3290 4380
7592 2 2 0 103 3291 3292 3464
7593 2 2 0 103 3291 3464 3468
7594 2 2 0 103 3291 3468 4167
7595 2 2 0 103 3292 3338 3344
7596 2 2 0 103 3292 3344 4386
7597 2 2 0 103 3464 3292 4386
7598 2 2 0 103 3293 3369 3606
7599 2 2 0 103 3293 3606 3634
7600 2 2 0 103 3293 3634 4290
7601 2 2 0 103 3458 3294 3496
7602 2 2 0 103 3496 3294 3625
7603 2 2 0 103 3625 3294 4182
7604 2 2 0 103 3944 3295 3946
7605 2 2 0 103 3295 3944 4143
7606 2 2 0 103 3946 3295 4106
7607 2 2 0 103 3380 3296 3480
7608 2 2 0 103 3480 3296 3488
7609 2 2 0 103 3488 3296 4125
7610 2 2 0 103 3297 3298 3474
7611 2 2 0 103 3297 3474 4330
7612 2 2 0 103 4205 3297 4330
7613 2 2 0 103 3298 3299 3300
7614 2 2 0 103 3298 3300 3923
7615 2 2 0 103 3474 3298 3923
7616 2 2 0 103 3300 3299 3301
7617 2 2 0 103 3301 3299 3364
7618 2 2 0 103 3364 3299 4333
7619 2 2 0 103 3300 3301 3302
7620 2 2 0 103 3300 3302 3454
7621 2 2 0 103 3300 3454 3923
7622 2 2 0 103 3302 3301 3347
7623 2 2 0 103 3347 3301 4316
7624 2 2 0 103 3301 3364 4316
7625 2 2 0 103 3302 3347 3348
7626 2 2 0 103 3302 3348 4089
7627 2 2 0 103 3454 3302 4089
7628 2 2 0 103 4264 3303 4459
7629 2 2 0 103 3303 4285 4443
7630 2 2 0 103 3303 4443 4459
7631 2 2 0 103 3304 3305 3306
7632 2 2 0 103 3304 3306 4289
7633 2 2 0 103 4218 3304 4289
7634 2 2 0 103 3306 3305 3459
7635 2 2 0 103 3459 3305 3478
7636 2 2 0 103 3478 3305 4155
7637 2 2 0 103 3306 3459 3460
7638 2 2 0 103 3306 3460 3510
7639 2 2 0 103 3306 3510 4289
7640 2 2 0 103 3307 3451 3452
7641 2 2 0 103 3307 3452 3652
7642 2 2 0 103 3307 3652 4172
7643 2 2 0 103 4058 3308 4059
7644 2 2 0 103 4059 3308 4252
7645 2 2 0 103 3308 4234 4252
7646 2 2 0 103 3309 3310 3377
7647 2 2 0 103 3309 3377 3477
7648 2 2 0 103 3309 3477 4355
7649 2 2 0 103 3377 3310 3378
7650 2 2 0 103 3378 3310 3561
7651 2 2 0 103 3561 3310 4341
7652 2 2 0 103 3834 3311 4525
7653 2 2 0 103 3311 3834 4534
7654 2 2 0 103 4165 3311 4534
7655 2 2 0 103 3313 3312 3388
7656 2 2 0 103 3312 3384 4282
7657 2 2 0 103 3388 3312 4282
7658 2 2 0 103 3313 3388 3389
7659 2 2 0 103 3313 3389 4077
7660 2 2 0 103 3445 3313 4077
7661 2 2 0 103 3314 3382 3383
7662 2 2 0 103 3314 3383 4308
7663 2 2 0 103 4065 3314 4308
7664 2 2 0 103 3315 3316 4080
7665 2 2 0 103 3498 3315 4079
7666 2 2 0 103 4079 3315 4080
7667 2 2 0 103 3316 3317 3318
7668 2 2 0 103 3316 3318 3319
7669 2 2 0 103 3316 3319 4080
7670 2 2 0 103 3318 3317 3320
7671 2 2 0 103 3320 3317 4411
7672 2 2 0 103 3317 4156 4411
7673 2 2 0 103 3319 3318 3349
7674 2 2 0 103 3318 3320 4072
7675 2 2 0 103 3349 3318 4072
7676 2 2 0 103 3319 3349 3350
7677 2 2 0 103 3319 3350 3386
7678 2 2 0 103 3319 3386 4080
7679 2 2 0 103 4072 3320 4122
7680 2 2 0 103 4122 3320 4621
7681 2 2 0 103 3320 4411 4621
7682 2 2 0 103 3321 3322 4222
7683 2 2 0 103 3321 4222 4460
7684 2 2 0 103 4378 3321 4460
7685 2 2 0 103 3322 3323 3324
7686 2 2 0 103 3322 3324 3325
7687 2 2 0 103 3322 3325 4222
7688 2 2 0 103 3324 3323 3423
7689 2 2 0 103 3423 3323 3512
7690 2 2 0 103 3512 3323 4187
7691 2 2 0 103 3325 3324 3326
7692 2 2 0 103 3326 3324 3970
7693 2 2 0 103 3324 3423 3970
7694 2 2 0 103 3325 3326 3327
7695 2 2 0 103 3325 3327 3543
7696 2 2 0 103 3325 3543 4222
7697 2 2 0 103 3327 3326 3328
7698 2 2 0 103 3328 3326 3563
7699 2 2 0 103 3563 3326 3970
7700 2 2 0 103 3327 3328 3329
7701 2 2 0 103 3327 3329 4305
7702 2 2 0 103 3543 3327 4305
7703 2 2 0 103 3329 3328 3342
7704 2 2 0 103 3342 3328 3974
7705 2 2 0 103 3328 3563 3974
7706 2 2 0 103 3329 3342 3343
7707 2 2 0 103 3329 3343 3557
7708 2 2 0 103 3329 3557 4305
7709 2 2 0 103 3363 3330 3410
7710 2 2 0 103 3410 3330 3500
7711 2 2 0 103 3500 3330 4376
7712 2 2 0 103 3331 4153 4179
7713 2 2 0 103 3331 4179 4319
7714 2 2 0 103 4296 3331 4319
7715 2 2 0 103 3379 3332 3407
7716 2 2 0 103 3407 3332 3533
7717 2 2 0 103 3533 3332 4269
7718 2 2 0 103 3333 3334 3436
7719 2 2 0 103 3333 3436 3437
7720 2 2 0 103 3333 3437 4370
7721 2 2 0 103 3436 3334 3438
7722 2 2 0 103 3438 3334 3439
7723 2 2 0 103 3439 3334 4437
7724 2 2 0 103 3336 3335 4302
7725 2 2 0 103 3335 3365 3413
7726 2 2 0 103 3335 3413 4302
7727 2 2 0 103 3336 4302 4402
7728 2 2 0 103 4339 3336 4403
7729 2 2 0 103 3336 4402 4403
7730 2 2 0 103 3462 3337 3566
7731 2 2 0 103 3566 3337 3568
7732 2 2 0 103 3568 3337 4105
7733 2 2 0 103 3344 3338 3571
7734 2 2 0 103 3571 3338 3905
7735 2 2 0 103 3905 3338 4033
7736 2 2 0 103 3362 3339 3434
7737 2 2 0 103 3434 3339 3435
7738 2 2 0 103 3435 3339 4287
7739 2 2 0 103 3340 3373 3374
7740 2 2 0 103 3340 3374 3431
7741 2 2 0 103 3340 3431 4391
7742 2 2 0 103 4008 3341 4391
7743 2 2 0 103 3341 4008 4701
7744 2 2 0 103 4412 3341 4701
7745 2 2 0 103 3343 3342 3408
7746 2 2 0 103 3408 3342 3430
7747 2 2 0 103 3430 3342 3974
7748 2 2 0 103 3343 3408 3409
7749 2 2 0 103 3343 3409 4480
7750 2 2 0 103 3557 3343 4480
7751 2 2 0 103 3344 3571 3572
7752 2 2 0 103 3344 3572 3615
7753 2 2 0 103 3344 3615 4386
7754 2 2 0 103 3346 3345 3419
7755 2 2 0 103 3345 3359 3872
7756 2 2 0 103 3419 3345 3872
7757 2 2 0 103 3346 3419 3420
7758 2 2 0 103 3346 3420 3443
7759 2 2 0 103 3346 3443 4340
7760 2 2 0 103 3348 3347 3424
7761 2 2 0 103 3424 3347 3426
7762 2 2 0 103 3426 3347 4316
7763 2 2 0 103 3348 3424 3425
7764 2 2 0 103 3348 3425 3904
7765 2 2 0 103 3348 3904 4089
7766 2 2 0 103 3350 3349 3412
7767 2 2 0 103 3412 3349 3587
7768 2 2 0 103 3587 3349 4072
7769 2 2 0 103 3386 3350 3387
7770 2 2 0 103 3387 3350 3973
7771 2 2 0 103 3350 3412 3973
7772 2 2 0 103 3351 3352 4245
7773 2 2 0 103 3441 3351 3599
7774 2 2 0 103 3599 3351 4245
7775 2 2 0 103 3352 3353 3354
7776 2 2 0 103 3352 3354 3355
7777 2 2 0 103 3352 3355 4245
7778 2 2 0 103 3354 3353 3463
7779 2 2 0 103 3463 3353 3947
7780 2 2 0 103 3947 3353 4022
7781 2 2 0 103 3355 3354 3356
7782 2 2 0 103 3356 3354 4358
7783 2 2 0 103 3354 3463 4358
7784 2 2 0 103 3355 3356 3357
7785 2 2 0 103 3355 3357 3579
7786 2 2 0 103 3355 3579 4245
7787 2 2 0 103 3357 3356 3358
7788 2 2 0 103 3358 3356 4023
7789 2 2 0 103 4023 3356 4358
7790 2 2 0 103 3357 3358 3428
7791 2 2 0 103 3357 3428 3951
7792 2 2 0 103 3579 3357 3951
7793 2 2 0 103 3428 3358 3429
7794 2 2 0 103 3429 3358 3461
7795 2 2 0 103 3461 3358 4023
7796 2 2 0 103 3359 3868 3871
7797 2 2 0 103 3868 3359 4104
7798 2 2 0 103 3359 3871 3872
7799 2 2 0 103 3360 3361 4322
7800 2 2 0 103 3456 3360 3457
7801 2 2 0 103 3457 3360 4322
7802 2 2 0 103 3361 3398 3399
7803 2 2 0 103 3361 3399 3578
7804 2 2 0 103 3361 3578 4322
7805 2 2 0 103 3362 3434 4373
7806 2 2 0 103 3536 3362 3537
7807 2 2 0 103 3537 3362 4373
7808 2 2 0 103 3363 3410 3701
7809 2 2 0 103 3363 3701 3702
7810 2 2 0 103 3363 3702 3926
7811 2 2 0 103 4316 3364 4317
7812 2 2 0 103 4317 3364 4416
7813 2 2 0 103 3364 4333 4416
7814 2 2 0 103 3413 3365 3442
7815 2 2 0 103 3442 3365 4510
7816 2 2 0 103 3365 3444 4510
7817 2 2 0 103 3611 3366 3612
7818 2 2 0 103 3612 3366 3613
7819 2 2 0 103 3613 3366 4323
7820 2 2 0 103 3367 3862 3902
7821 2 2 0 103 3862 3367 4484
7822 2 2 0 103 3367 4410 4484
7823 2 2 0 103 3370 3368 4276
7824 2 2 0 103 3368 3501 3502
7825 2 2 0 103 3368 3502 4276
7826 2 2 0 103 3369 3476 4433
7827 2 2 0 103 3606 3369 3607
7828 2 2 0 103 3607 3369 4433
7829 2 2 0 103 3513 3370 3514
7830 2 2 0 103 3514 3370 3881
7831 2 2 0 103 3881 3370 4276
7832 2 2 0 103 3371 3372 3618
7833 2 2 0 103 3542 3371 4446
7834 2 2 0 103 3371 3618 4446
7835 2 2 0 103 3618 3372 3897
7836 2 2 0 103 3897 3372 3898
7837 2 2 0 103 3898 3372 4338
7838 2 2 0 103 3374 3373 3907
7839 2 2 0 103 3373 3509 3913
7840 2 2 0 103 3907 3373 3913
7841 2 2 0 103 3431 3374 3705
7842 2 2 0 103 3705 3374 3893
7843 2 2 0 103 3893 3374 3907
7844 2 2 0 103 3375 3620 3621
7845 2 2 0 103 3375 3621 3624
7846 2 2 0 103 3375 3624 4115
7847 2 2 0 103 3485 3376 3486
7848 2 2 0 103 3486 3376 3950
7849 2 2 0 103 3950 3376 4318
7850 2 2 0 103 3377 3378 4027
7851 2 2 0 103 3477 3377 3546
7852 2 2 0 103 3546 3377 4027
7853 2 2 0 103 3378 3561 3562
7854 2 2 0 103 3378 3562 4375
7855 2 2 0 103 4027 3378 4375
7856 2 2 0 103 3379 3407 3622
7857 2 2 0 103 3379 3622 3959
7858 2 2 0 103 3379 3959 4128
7859 2 2 0 103 3380 3480 3648
7860 2 2 0 103 3380 3648 3649
7861 2 2 0 103 3380 3649 4135
7862 2 2 0 103 3381 4017 4216
7863 2 2 0 103 4017 3381 4217
7864 2 2 0 103 4217 3381 4378
7865 2 2 0 103 3383 3382 3636
7866 2 2 0 103 3636 3382 4299
7867 2 2 0 103 3382 4243 4299
7868 2 2 0 103 3383 3636 3637
7869 2 2 0 103 3383 3637 3638
7870 2 2 0 103 3383 3638 4308
7871 2 2 0 103 3384 4214 4282
7872 2 2 0 103 4214 3384 4306
7873 2 2 0 103 3384 4262 4306
7874 2 2 0 103 3385 4191 4374
7875 2 2 0 103 4241 3385 4356
7876 2 2 0 103 4356 3385 4374
7877 2 2 0 103 3386 3387 3635
7878 2 2 0 103 3386 3635 4388
7879 2 2 0 103 4080 3386 4388
7880 2 2 0 103 3635 3387 4142
7881 2 2 0 103 3887 3387 3973
7882 2 2 0 103 3387 3887 4142
7883 2 2 0 103 3389 3388 3539
7884 2 2 0 103 3539 3388 3668
7885 2 2 0 103 3668 3388 4282
7886 2 2 0 103 3389 3539 4503
7887 2 2 0 103 4077 3389 4078
7888 2 2 0 103 4078 3389 4503
7889 2 2 0 103 3391 3390 4324
7890 2 2 0 103 3390 3455 3545
7891 2 2 0 103 3390 3545 4324
7892 2 2 0 103 3392 3391 3535
7893 2 2 0 103 3535 3391 3547
7894 2 2 0 103 3547 3391 4324
7895 2 2 0 103 3392 3535 3540
7896 2 2 0 103 3392 3540 3541
7897 2 2 0 103 3392 3541 4178
7898 2 2 0 103 3393 3394 3544
7899 2 2 0 103 3400 3393 4081
7900 2 2 0 103 3393 3544 4081
7901 2 2 0 103 3394 3395 3396
7902 2 2 0 103 3394 3396 4117
7903 2 2 0 103 3544 3394 4117
7904 2 2 0 103 3396 3395 3397
7905 2 2 0 103 3397 3395 4277
7906 2 2 0 103 3395 4159 4277
7907 2 2 0 103 3396 3397 3628
7908 2 2 0 103 3396 3628 3629
7909 2 2 0 103 3396 3629 4117
7910 2 2 0 103 3628 3397 3630
7911 2 2 0 103 3630 3397 3631
7912 2 2 0 103 3631 3397 4277
7913 2 2 0 103 3399 3398 3548
7914 2 2 0 103 3548 3398 3670
7915 2 2 0 103 3670 3398 4268
7916 2 2 0 103 3399 3548 3549
7917 2 2 0 103 3399 3549 3992
7918 2 2 0 103 3578 3399 3992
7919 2 2 0 103 3400 4081 4082
7920 2 2 0 103 3400 4082 4160
7921 2 2 0 103 3400 4160 4261
7922 2 2 0 103 3401 3473 3680
7923 2 2 0 103 3401 3680 4473
7924 2 2 0 103 4461 3401 4473
7925 2 2 0 103 3403 3402 3675
7926 2 2 0 103 3675 3402 3676
7927 2 2 0 103 3676 3402 4261
7928 2 2 0 103 3403 3675 3677
7929 2 2 0 103 3403 3677 3678
7930 2 2 0 103 3403 3678 4191
7931 2 2 0 103 3405 3404 3991
7932 2 2 0 103 3404 3555 3683
7933 2 2 0 103 3404 3683 3991
7934 2 2 0 103 3406 3405 3427
7935 2 2 0 103 3427 3405 3558
7936 2 2 0 103 3558 3405 3991
7937 2 2 0 103 3406 3427 3690
7938 2 2 0 103 3406 3690 4029
7939 2 2 0 103 3406 4029 4269
7940 2 2 0 103 3407 3533 4353
7941 2 2 0 103 3622 3407 3688
7942 2 2 0 103 3688 3407 4353
7943 2 2 0 103 3409 3408 3421
7944 2 2 0 103 3421 3408 3977
7945 2 2 0 103 3408 3430 3977
7946 2 2 0 103 3409 3421 3422
7947 2 2 0 103 3409 3422 4486
7948 2 2 0 103 4480 3409 4486
7949 2 2 0 103 3410 3500 3908
7950 2 2 0 103 3701 3410 3703
7951 2 2 0 103 3703 3410 3908
7952 2 2 0 103 3532 3411 3596
7953 2 2 0 103 3596 3411 3597
7954 2 2 0 103 3597 3411 4296
7955 2 2 0 103 3412 3587 3691
7956 2 2 0 103 3412 3691 3707
7957 2 2 0 103 3412 3707 3973
7958 2 2 0 103 3413 3442 3706
7959 2 2 0 103 3413 3706 3717
7960 2 2 0 103 3413 3717 4302
7961 2 2 0 103 4105 3414 4136
7962 2 2 0 103 4136 3414 4415
7963 2 2 0 103 3414 4315 4415
7964 2 2 0 103 3415 3416 3440
7965 2 2 0 103 3415 3440 3699
7966 2 2 0 103 3415 3699 4341
7967 2 2 0 103 3440 3416 3583
7968 2 2 0 103 3583 3416 3584
7969 2 2 0 103 3584 3416 4042
7970 2 2 0 103 3417 3418 3729
7971 2 2 0 103 3417 3729 3762
7972 2 2 0 103 3417 3762 4363
7973 2 2 0 103 3729 3418 3730
7974 2 2 0 103 3730 3418 3901
7975 2 2 0 103 3901 3418 3958
7976 2 2 0 103 3420 3419 3876
7977 2 2 0 103 3419 3872 3873
7978 2 2 0 103 3419 3873 3876
7979 2 2 0 103 3443 3420 3600
7980 2 2 0 103 3600 3420 3601
7981 2 2 0 103 3601 3420 3876
7982 2 2 0 103 3422 3421 3588
7983 2 2 0 103 3588 3421 3719
7984 2 2 0 103 3719 3421 3977
7985 2 2 0 103 3422 3588 3589
7986 2 2 0 103 3422 3589 3590
7987 2 2 0 103 3422 3590 4486
7988 2 2 0 103 3423 3512 3695
7989 2 2 0 103 3423 3695 3720
7990 2 2 0 103 3423 3720 3970
7991 2 2 0 103 3425 3424 3432
7992 2 2 0 103 3424 3426 4311
7993 2 2 0 103 3432 3424 4311
7994 2 2 0 103 3425 3432 3433
7995 2 2 0 103 3425 3433 3448
7996 2 2 0 103 3425 3448 3904
7997 2 2 0 103 4311 3426 4312
7998 2 2 0 103 4312 3426 4313
7999 2 2 0 103 4313 3426 4316
8000 2 2 0 103 3427 3558 3559
8001 2 2 0 103 3427 3559 4043
8002 2 2 0 103 3690 3427 4043
8003 2 2 0 103 3428 3429 4294
8004 2 2 0 103 3951 3428 3952
8005 2 2 0 103 3952 3428 4294
8006 2 2 0 103 3429 3461 3481
8007 2 2 0 103 3429 3481 3482
8008 2 2 0 103 3429 3482 4294
8009 2 2 0 103 3430 3974 3975
8010 2 2 0 103 3430 3975 3976
8011 2 2 0 103 3430 3976 3977
8012 2 2 0 103 3431 3705 3750
8013 2 2 0 103 3431 3750 3751
8014 2 2 0 103 3431 3751 4391
8015 2 2 0 103 3433 3432 3687
8016 2 2 0 103 3687 3432 4543
8017 2 2 0 103 3432 4311 4543
8018 2 2 0 103 3448 3433 3449
8019 2 2 0 103 3449 3433 4455
8020 2 2 0 103 3433 3687 4455
8021 2 2 0 103 3434 3435 3726
8022 2 2 0 103 3434 3726 3728
8023 2 2 0 103 3434 3728 4373
8024 2 2 0 103 3726 3435 3727
8025 2 2 0 103 3727 3435 4286
8026 2 2 0 103 4286 3435 4287
8027 2 2 0 103 3437 3436 3700
8028 2 2 0 103 3436 3438 3936
8029 2 2 0 103 3700 3436 3936
8030 2 2 0 103 3437 3700 4369
8031 2 2 0 103 4368 3437 4369
8032 2 2 0 103 3437 4368 4370
8033 2 2 0 103 3438 3439 3708
8034 2 2 0 103 3438 3708 3709
8035 2 2 0 103 3438 3709 3936
8036 2 2 0 103 3708 3439 4498
8037 2 2 0 103 3439 4437 4495
8038 2 2 0 103 3439 4495 4498
8039 2 2 0 103 3440 3583 3718
8040 2 2 0 103 3699 3440 4557
8041 2 2 0 103 3440 3718 4557
8042 2 2 0 103 3441 3599 3724
8043 2 2 0 103 3441 3724 3725
8044 2 2 0 103 3441 3725 4315
8045 2 2 0 103 3706 3442 3761
8046 2 2 0 103 3761 3442 3849
8047 2 2 0 103 3849 3442 4510
8048 2 2 0 103 3443 3600 4511
8049 2 2 0 103 4340 3443 4512
8050 2 2 0 103 3443 4511 4512
8051 2 2 0 103 3848 3444 4507
8052 2 2 0 103 3444 3848 4510
8053 2 2 0 103 3444 3997 4507
8054 2 2 0 103 4001 3445 4077
8055 2 2 0 103 3445 4001 4466
8056 2 2 0 103 4123 3445 4466
8057 2 2 0 103 3447 3446 3603
8058 2 2 0 103 3603 3446 3860
8059 2 2 0 103 3860 3446 4123
8060 2 2 0 103 3447 3603 3858
8061 2 2 0 103 3447 3858 3859
8062 2 2 0 103 3447 3859 4335
8063 2 2 0 103 3448 3449 3865
8064 2 2 0 103 3448 3865 3877
8065 2 2 0 103 3448 3877 3904
8066 2 2 0 103 3865 3449 3866
8067 2 2 0 103 3866 3449 3867
8068 2 2 0 103 3867 3449 4455
8069 2 2 0 103 3450 3484 3899
8070 2 2 0 103 3450 3899 3900
8071 2 2 0 103 3450 3900 4155
8072 2 2 0 103 3452 3451 4481
8073 2 2 0 103 3451 3453 3608
8074 2 2 0 103 3451 3608 4481
8075 2 2 0 103 3652 3452 4129
8076 2 2 0 103 4129 3452 4130
8077 2 2 0 103 4130 3452 4481
8078 2 2 0 103 3608 3453 3947
8079 2 2 0 103 3947 3453 3948
8080 2 2 0 103 3948 3453 4084
8081 2 2 0 103 3923 3454 3924
8082 2 2 0 103 3924 3454 3925
8083 2 2 0 103 3925 3454 4089
8084 2 2 0 103 3545 3455 3556
8085 2 2 0 103 3556 3455 3897
8086 2 2 0 103 3897 3455 4016
8087 2 2 0 103 3456 3457 3710
8088 2 2 0 103 3456 3710 3905
8089 2 2 0 103 3456 3905 4033
8090 2 2 0 103 3710 3457 3734
8091 2 2 0 103 3734 3457 3740
8092 2 2 0 103 3740 3457 4322
8093 2 2 0 103 3458 3496 4380
8094 2 2 0 103 3653 3458 3654
8095 2 2 0 103 3654 3458 4380
8096 2 2 0 103 3460 3459 4024
8097 2 2 0 103 3459 3478 3614
8098 2 2 0 103 3459 3614 4024
8099 2 2 0 103 3510 3460 3511
8100 2 2 0 103 3511 3460 4208
8101 2 2 0 103 3460 4024 4208
8102 2 2 0 103 3481 3461 3938
8103 2 2 0 103 3938 3461 3939
8104 2 2 0 103 3939 3461 4023
8105 2 2 0 103 3462 3566 3567
8106 2 2 0 103 3462 3567 3956
8107 2 2 0 103 3462 3956 4071
8108 2 2 0 103 3463 3947 3948
8109 2 2 0 103 3463 3948 3949
8110 2 2 0 103 3463 3949 4358
8111 2 2 0 103 3468 3464 4350
8112 2 2 0 103 3464 3913 4350
8113 2 2 0 103 3913 3464 4386
8114 2 2 0 103 3465 3466 3467
8115 2 2 0 103 3465 3467 4116
8116 2 2 0 103 4019 3465 4116
8117 2 2 0 103 3467 3466 3878
8118 2 2 0 103 3878 3466 4314
8119 2 2 0 103 4314 3466 4372
8120 2 2 0 103 3467 3878 3879
8121 2 2 0 103 3467 3879 4429
8122 2 2 0 103 4116 3467 4429
8123 2 2 0 103 4040 3468 4070
8124 2 2 0 103 3468 4040 4167
8125 2 2 0 103 4070 3468 4350
8126 2 2 0 103 4051 3469 4052
8127 2 2 0 103 4052 3469 4053
8128 2 2 0 103 4053 3469 4242
8129 2 2 0 103 3470 3471 3472
8130 2 2 0 103 3470 3472 3937
8131 2 2 0 103 3470 3937 4227
8132 2 2 0 103 3472 3471 4199
8133 2 2 0 103 3471 3495 3569
8134 2 2 0 103 3471 3569 4199
8135 2 2 0 103 3920 3472 3921
8136 2 2 0 103 3472 3920 3937
8137 2 2 0 103 3921 3472 4199
8138 2 2 0 103 3680 3473 4440
8139 2 2 0 103 3473 4233 4474
8140 2 2 0 103 4440 3473 4474
8141 2 2 0 103 3474 3923 3954
8142 2 2 0 103 3474 3954 4407
8143 2 2 0 103 4330 3474 4407
8144 2 2 0 103 4005 3475 4006
8145 2 2 0 103 4006 3475 4365
8146 2 2 0 103 3475 4032 4365
8147 2 2 0 103 3899 3476 4036
8148 2 2 0 103 3476 3899 4433
8149 2 2 0 103 4036 3476 4100
8150 2 2 0 103 3477 3546 4425
8151 2 2 0 103 4355 3477 4393
8152 2 2 0 103 4393 3477 4425
8153 2 2 0 103 3614 3478 3890
8154 2 2 0 103 3890 3478 4197
8155 2 2 0 103 3478 4155 4197
8156 2 2 0 103 3479 4248 4424
8157 2 2 0 103 4249 3479 4250
8158 2 2 0 103 4250 3479 4424
8159 2 2 0 103 3480 3488 3650
8160 2 2 0 103 3648 3480 4118
8161 2 2 0 103 3480 3650 4118
8162 2 2 0 103 3482 3481 3483
8163 2 2 0 103 3483 3481 4013
8164 2 2 0 103 3481 3938 4013
8165 2 2 0 103 3482 3483 3711
8166 2 2 0 103 3482 3711 3738
8167 2 2 0 103 3482 3738 4294
8168 2 2 0 103 3711 3483 3712
8169 2 2 0 103 3712 3483 3713
8170 2 2 0 103 3713 3483 4013
8171 2 2 0 103 3899 3484 4433
8172 2 2 0 103 3484 4150 4151
8173 2 2 0 103 3484 4151 4433
8174 2 2 0 103 3485 3486 3487
8175 2 2 0 103 3485 3487 4202
8176 2 2 0 103 4166 3485 4202
8177 2 2 0 103 3487 3486 3910
8178 2 2 0 103 3910 3486 4267
8179 2 2 0 103 3486 3950 4267
8180 2 2 0 103 3487 3910 4066
8181 2 2 0 103 3989 3487 4066
8182 2 2 0 103 3487 3989 4202
8183 2 2 0 103 3650 3488 3651
8184 2 2 0 103 3651 3488 4154
8185 2 2 0 103 3488 4125 4154
8186 2 2 0 103 3490 3489 3491
8187 2 2 0 103 3491 3489 4347
8188 2 2 0 103 3489 4238 4347
8189 2 2 0 103 3490 3491 4343
8190 2 2 0 103 3492 3490 3582
8191 2 2 0 103 3582 3490 4343
8192 2 2 0 103 3491 3983 4342
8193 2 2 0 103 3983 3491 4347
8194 2 2 0 103 3491 4342 4343
8195 2 2 0 103 3492 3582 3721
8196 2 2 0 103 3492 3721 4179
8197 2 2 0 103 4153 3492 4179
8198 2 2 0 103 3493 4158 4258
8199 2 2 0 103 3493 4258 4292
8200 2 2 0 103 3493 4292 4332
8201 2 2 0 103 3927 3494 3933
8202 2 2 0 103 3933 3494 4395
8203 2 2 0 103 3494 4133 4395
8204 2 2 0 103 3569 3495 3570
8205 2 2 0 103 3570 3495 3957
8206 2 2 0 103 3957 3495 4307
8207 2 2 0 103 3496 3625 3980
8208 2 2 0 103 3496 3980 4265
8209 2 2 0 103 3496 4265 4380
8210 2 2 0 103 4046 3497 4327
8211 2 2 0 103 3497 4186 4334
8212 2 2 0 103 4327 3497 4334
8213 2 2 0 103 3498 4079 4446
8214 2 2 0 103 4134 3498 4441
8215 2 2 0 103 4441 3498 4446
8216 2 2 0 103 3958 3499 3959
8217 2 2 0 103 3959 3499 3960
8218 2 2 0 103 3960 3499 4281
8219 2 2 0 103 3908 3500 4381
8220 2 2 0 103 4375 3500 4376
8221 2 2 0 103 3500 4375 4381
8222 2 2 0 103 3502 3501 4314
8223 2 2 0 103 4220 3501 4232
8224 2 2 0 103 3501 4220 4314
8225 2 2 0 103 3502 3880 4276
8226 2 2 0 103 3880 3502 4372
8227 2 2 0 103 3502 4314 4372
8228 2 2 0 103 4048 3503 4401
8229 2 2 0 103 3503 4283 4337
8230 2 2 0 103 3503 4337 4401
8231 2 2 0 103 3505 3504 4502
8232 2 2 0 103 4254 3504 4309
8233 2 2 0 103 3504 4254 4502
8234 2 2 0 103 3506 3505 3602
8235 2 2 0 103 3602 3505 3604
8236 2 2 0 103 3604 3505 4502
8237 2 2 0 103 3506 3602 3850
8238 2 2 0 103 3506 3850 4507
8239 2 2 0 103 3997 3506 4507
8240 2 2 0 103 4157 3507 4192
8241 2 2 0 103 4192 3507 4459
8242 2 2 0 103 3507 4264 4459
8243 2 2 0 103 3508 4139 4236
8244 2 2 0 103 4234 3508 4252
8245 2 2 0 103 3508 4236 4252
8246 2 2 0 103 3913 3509 4350
8247 2 2 0 103 3509 3961 4408
8248 2 2 0 103 4350 3509 4408
8249 2 2 0 103 3510 3511 3515
8250 2 2 0 103 3510 3515 4300
8251 2 2 0 103 4289 3510 4300
8252 2 2 0 103 3515 3511 3516
8253 2 2 0 103 3516 3511 3619
8254 2 2 0 103 3619 3511 4208
8255 2 2 0 103 3695 3512 3696
8256 2 2 0 103 3696 3512 4363
8257 2 2 0 103 3512 4187 4363
8258 2 2 0 103 3513 3514 3530
8259 2 2 0 103 3513 3530 4273
8260 2 2 0 103 3513 4273 4298
8261 2 2 0 103 3530 3514 3616
8262 2 2 0 103 3616 3514 3914
8263 2 2 0 103 3514 3881 3914
8264 2 2 0 103 3515 3516 3517
8265 2 2 0 103 3515 3517 4239
8266 2 2 0 103 3515 4239 4300
8267 2 2 0 103 3517 3516 3518
8268 2 2 0 103 3518 3516 4137
8269 2 2 0 103 3516 3619 4137
8270 2 2 0 103 3517 3518 3519
8271 2 2 0 103 3517 3519 4138
8272 2 2 0 103 3517 4138 4239
8273 2 2 0 103 3519 3518 3520
8274 2 2 0 103 3520 3518 3963
8275 2 2 0 103 3963 3518 4137
8276 2 2 0 103 3519 3520 3521
8277 2 2 0 103 3519 3521 3522
8278 2 2 0 103 3519 3522 4138
8279 2 2 0 103 3521 3520 4161
8280 2 2 0 103 3520 3963 3979
8281 2 2 0 103 3520 3979 4161
8282 2 2 0 103 3522 3521 3523
8283 2 2 0 103 3523 3521 3526
8284 2 2 0 103 3526 3521 4161
8285 2 2 0 103 3522 3523 3524
8286 2 2 0 103 3522 3524 4219
8287 2 2 0 103 4138 3522 4219
8288 2 2 0 103 3524 3523 3525
8289 2 2 0 103 3525 3523 4295
8290 2 2 0 103 3523 3526 4295
8291 2 2 0 103 3524 3525 3527
8292 2 2 0 103 3524 3527 4020
8293 2 2 0 103 3524 4020 4219
8294 2 2 0 103 3527 3525 3655
8295 2 2 0 103 3655 3525 3656
8296 2 2 0 103 3656 3525 4295
8297 2 2 0 103 4053 3526 4161
8298 2 2 0 103 3526 4053 4162
8299 2 2 0 103 3526 4162 4295
8300 2 2 0 103 3527 3655 3657
8301 2 2 0 103 3527 3657 4184
8302 2 2 0 103 4020 3527 4184
8303 2 2 0 103 3950 3528 4267
8304 2 2 0 103 3528 3950 4299
8305 2 2 0 103 4243 3528 4299
8306 2 2 0 103 4336 3529 4406
8307 2 2 0 103 4364 3529 4389
8308 2 2 0 103 3529 4364 4406
8309 2 2 0 103 3530 3616 3617
8310 2 2 0 103 3530 3617 4348
8311 2 2 0 103 4273 3530 4348
8312 2 2 0 103 4050 3531 4206
8313 2 2 0 103 4206 3531 4356
8314 2 2 0 103 3531 4207 4356
8315 2 2 0 103 3532 3596 3735
8316 2 2 0 103 3532 3735 4416
8317 2 2 0 103 4333 3532 4416
8318 2 2 0 103 3533 4029 4031
8319 2 2 0 103 4029 3533 4269
8320 2 2 0 103 3533 4031 4353
8321 2 2 0 103 3534 3994 4017
8322 2 2 0 103 3534 4017 4418
8323 2 2 0 103 4251 3534 4418
8324 2 2 0 103 3540 3535 4397
8325 2 2 0 103 3535 3547 4398
8326 2 2 0 103 4397 3535 4398
8327 2 2 0 103 3536 3537 3538
8328 2 2 0 103 3536 3538 4436
8329 2 2 0 103 4379 3536 4436
8330 2 2 0 103 3538 3537 3580
8331 2 2 0 103 3580 3537 3743
8332 2 2 0 103 3743 3537 4373
8333 2 2 0 103 3538 3580 3581
8334 2 2 0 103 3538 3581 3671
8335 2 2 0 103 3538 3671 4436
8336 2 2 0 103 3539 3668 4326
8337 2 2 0 103 3539 4326 4427
8338 2 2 0 103 3539 4427 4503
8339 2 2 0 103 3541 3540 3658
8340 2 2 0 103 3658 3540 4385
8341 2 2 0 103 4385 3540 4397
8342 2 2 0 103 3541 3658 4188
8343 2 2 0 103 3541 4177 4178
8344 2 2 0 103 4177 3541 4188
8345 2 2 0 103 3542 4079 4388
8346 2 2 0 103 4079 3542 4446
8347 2 2 0 103 3542 4388 4389
8348 2 2 0 103 4222 3543 4223
8349 2 2 0 103 4223 3543 4442
8350 2 2 0 103 3543 4305 4442
8351 2 2 0 103 4081 3544 4426
8352 2 2 0 103 3544 4117 4428
8353 2 2 0 103 4426 3544 4428
8354 2 2 0 103 3545 3556 3998
8355 2 2 0 103 3545 3998 4445
8356 2 2 0 103 4324 3545 4445
8357 2 2 0 103 3546 4027 4028
8358 2 2 0 103 3546 4028 4458
8359 2 2 0 103 4425 3546 4458
8360 2 2 0 103 4127 3547 4324
8361 2 2 0 103 3547 4127 4399
8362 2 2 0 103 4398 3547 4399
8363 2 2 0 103 3549 3548 3550
8364 2 2 0 103 3550 3548 4449
8365 2 2 0 103 3548 3670 4449
8366 2 2 0 103 3549 3550 3551
8367 2 2 0 103 3549 3551 3552
8368 2 2 0 103 3549 3552 3992
8369 2 2 0 103 3551 3550 4359
8370 2 2 0 103 4359 3550 4464
8371 2 2 0 103 3550 4449 4464
8372 2 2 0 103 3552 3551 3553
8373 2 2 0 103 3553 3551 3554
8374 2 2 0 103 3554 3551 4359
8375 2 2 0 103 3552 3553 3741
8376 2 2 0 103 3552 3741 3744
8377 2 2 0 103 3552 3744 3992
8378 2 2 0 103 3553 3554 3564
8379 2 2 0 103 3553 3564 3903
8380 2 2 0 103 3741 3553 3903
8381 2 2 0 103 3564 3554 3565
8382 2 2 0 103 3565 3554 4090
8383 2 2 0 103 4090 3554 4359
8384 2 2 0 103 3683 3555 4440
8385 2 2 0 103 3555 4301 4417
8386 2 2 0 103 3555 4417 4440
8387 2 2 0 103 3556 3897 3898
8388 2 2 0 103 3556 3898 4140
8389 2 2 0 103 3998 3556 4140
8390 2 2 0 103 4305 3557 4454
8391 2 2 0 103 4454 3557 4467
8392 2 2 0 103 4467 3557 4480
8393 2 2 0 103 3559 3558 3560
8394 2 2 0 103 3560 3558 4471
8395 2 2 0 103 3558 3991 4471
8396 2 2 0 103 3559 3560 3732
8397 2 2 0 103 3559 3732 3733
8398 2 2 0 103 3559 3733 4043
8399 2 2 0 103 3732 3560 4475
8400 2 2 0 103 3560 4471 4482
8401 2 2 0 103 4475 3560 4482
8402 2 2 0 103 3562 3561 3745
8403 2 2 0 103 3745 3561 4629
8404 2 2 0 103 3561 4341 4629
8405 2 2 0 103 3562 3745 3746
8406 2 2 0 103 3562 3746 4381
8407 2 2 0 103 4375 3562 4381
8408 2 2 0 103 3563 3970 3971
8409 2 2 0 103 3563 3971 3972
8410 2 2 0 103 3563 3972 3974
8411 2 2 0 103 3564 3565 3573
8412 2 2 0 103 3564 3573 4558
8413 2 2 0 103 3903 3564 4558
8414 2 2 0 103 3573 3565 3574
8415 2 2 0 103 3574 3565 3577
8416 2 2 0 103 3577 3565 4090
8417 2 2 0 103 3567 3566 4361
8418 2 2 0 103 3566 3568 3698
8419 2 2 0 103 3566 3698 4361
8420 2 2 0 103 3567 3896 3956
8421 2 2 0 103 3896 3567 4691
8422 2 2 0 103 3567 4361 4691
8423 2 2 0 103 3698 3568 3742
8424 2 2 0 103 3742 3568 4136
8425 2 2 0 103 3568 4105 4136
8426 2 2 0 103 3569 3570 3756
8427 2 2 0 103 3569 3756 3758
8428 2 2 0 103 3569 3758 4199
8429 2 2 0 103 3756 3570 3757
8430 2 2 0 103 3757 3570 3896
8431 2 2 0 103 3896 3570 3957
8432 2 2 0 103 3572 3571 4596
8433 2 2 0 103 3571 3905 3906
8434 2 2 0 103 3571 3906 4596
8435 2 2 0 103 3615 3572 3736
8436 2 2 0 103 3736 3572 3895
8437 2 2 0 103 3895 3572 4596
8438 2 2 0 103 3573 3574 3575
8439 2 2 0 103 3573 3575 4564
8440 2 2 0 103 4558 3573 4564
8441 2 2 0 103 3575 3574 3576
8442 2 2 0 103 3576 3574 4494
8443 2 2 0 103 3574 3577 4494
8444 2 2 0 103 3575 3576 3722
8445 2 2 0 103 3575 3722 3723
8446 2 2 0 103 3575 3723 4564
8447 2 2 0 103 3722 3576 4493
8448 2 2 0 103 4493 3576 4500
8449 2 2 0 103 3576 4494 4500
8450 2 2 0 103 3577 4090 4487
8451 2 2 0 103 3577 4487 4490
8452 2 2 0 103 3577 4490 4494
8453 2 2 0 103 3578 3992 3993
8454 2 2 0 103 3578 3993 4561
8455 2 2 0 103 4322 3578 4561
8456 2 2 0 103 3579 3951 4598
8457 2 2 0 103 4245 3579 4246
8458 2 2 0 103 4246 3579 4598
8459 2 2 0 103 3581 3580 4396
8460 2 2 0 103 3580 3743 3754
8461 2 2 0 103 3580 3754 4396
8462 2 2 0 103 3671 3581 3672
8463 2 2 0 103 3672 3581 3673
8464 2 2 0 103 3673 3581 4396
8465 2 2 0 103 3721 3582 4648
8466 2 2 0 103 3582 4343 4344
8467 2 2 0 103 3582 4344 4648
8468 2 2 0 103 3583 3584 3585
8469 2 2 0 103 3583 3585 4620
8470 2 2 0 103 3718 3583 4620
8471 2 2 0 103 3585 3584 3586
8472 2 2 0 103 3586 3584 4367
8473 2 2 0 103 3584 4042 4367
8474 2 2 0 103 3585 3586 3598
8475 2 2 0 103 3585 3598 3737
8476 2 2 0 103 3585 3737 4620
8477 2 2 0 103 3598 3586 3609
8478 2 2 0 103 3609 3586 3632
8479 2 2 0 103 3632 3586 4367
8480 2 2 0 103 3691 3587 4623
8481 2 2 0 103 3587 4072 4073
8482 2 2 0 103 3587 4073 4623
8483 2 2 0 103 3589 3588 4021
8484 2 2 0 103 3588 3719 4625
8485 2 2 0 103 4021 3588 4625
8486 2 2 0 103 3590 3589 3591
8487 2 2 0 103 3591 3589 3592
8488 2 2 0 103 3592 3589 4021
8489 2 2 0 103 3590 3591 4492
8490 2 2 0 103 4486 3590 4489
8491 2 2 0 103 4489 3590 4492
8492 2 2 0 103 3591 3592 3593
8493 2 2 0 103 3591 3593 4497
8494 2 2 0 103 4492 3591 4497
8495 2 2 0 103 3593 3592 3594
8496 2 2 0 103 3594 3592 4553
8497 2 2 0 103 3592 4021 4553
8498 2 2 0 103 3593 3594 3595
8499 2 2 0 103 3593 3595 3684
8500 2 2 0 103 3593 3684 4497
8501 2 2 0 103 3595 3594 4452
8502 2 2 0 103 4452 3594 4659
8503 2 2 0 103 3594 4553 4659
8504 2 2 0 103 3684 3595 3685
8505 2 2 0 103 3685 3595 3686
8506 2 2 0 103 3686 3595 4452
8507 2 2 0 103 3596 3597 4608
8508 2 2 0 103 3735 3596 4647
8509 2 2 0 103 3596 4608 4647
8510 2 2 0 103 3597 4296 4319
8511 2 2 0 103 3597 4319 4320
8512 2 2 0 103 3597 4320 4608
8513 2 2 0 103 3598 3609 3610
8514 2 2 0 103 3598 3610 4634
8515 2 2 0 103 3737 3598 4634
8516 2 2 0 103 3724 3599 4639
8517 2 2 0 103 3599 4245 4246
8518 2 2 0 103 3599 4246 4639
8519 2 2 0 103 3600 3601 3763
8520 2 2 0 103 3600 3763 3846
8521 2 2 0 103 3600 3846 4511
8522 2 2 0 103 3763 3601 4549
8523 2 2 0 103 3601 3876 4641
8524 2 2 0 103 4549 3601 4641
8525 2 2 0 103 3602 3604 3856
8526 2 2 0 103 3850 3602 3855
8527 2 2 0 103 3855 3602 3856
8528 2 2 0 103 3858 3603 3861
8529 2 2 0 103 3603 3860 4479
8530 2 2 0 103 3861 3603 4479
8531 2 2 0 103 3856 3604 4427
8532 2 2 0 103 4427 3604 4503
8533 2 2 0 103 3604 4502 4503
8534 2 2 0 103 3880 3605 4276
8535 2 2 0 103 3881 3605 3922
8536 2 2 0 103 3605 3881 4276
8537 2 2 0 103 3606 3607 3902
8538 2 2 0 103 3634 3606 3862
8539 2 2 0 103 3862 3606 3902
8540 2 2 0 103 3902 3607 4221
8541 2 2 0 103 3607 4151 4221
8542 2 2 0 103 4151 3607 4433
8543 2 2 0 103 3608 3947 4022
8544 2 2 0 103 3608 4022 4263
8545 2 2 0 103 3608 4263 4481
8546 2 2 0 103 3610 3609 3887
8547 2 2 0 103 3609 3632 4142
8548 2 2 0 103 3887 3609 4142
8549 2 2 0 103 3610 3887 3888
8550 2 2 0 103 3610 3888 3889
8551 2 2 0 103 3610 3889 4634
8552 2 2 0 103 3611 3612 4129
8553 2 2 0 103 3611 4129 4130
8554 2 2 0 103 3611 4130 4204
8555 2 2 0 103 3612 3613 3863
8556 2 2 0 103 3612 3863 3935
8557 2 2 0 103 3612 3935 4129
8558 2 2 0 103 3863 3613 3864
8559 2 2 0 103 3864 3613 4413
8560 2 2 0 103 3613 4323 4413
8561 2 2 0 103 3614 3890 4240
8562 2 2 0 103 4024 3614 4025
8563 2 2 0 103 4025 3614 4240
8564 2 2 0 103 3615 3736 3893
8565 2 2 0 103 3615 3893 3907
8566 2 2 0 103 3615 3907 4386
8567 2 2 0 103 3617 3616 3885
8568 2 2 0 103 3885 3616 4328
8569 2 2 0 103 3616 3914 4328
8570 2 2 0 103 3617 3885 4470
8571 2 2 0 103 4348 3617 4463
8572 2 2 0 103 4463 3617 4470
8573 2 2 0 103 3618 3897 4016
8574 2 2 0 103 3618 4016 4441
8575 2 2 0 103 3618 4441 4446
8576 2 2 0 103 3619 4107 4108
8577 2 2 0 103 4107 3619 4208
8578 2 2 0 103 3619 4108 4137
8579 2 2 0 103 3621 3620 3980
8580 2 2 0 103 3980 3620 4265
8581 2 2 0 103 4265 3620 4331
8582 2 2 0 103 3624 3621 3988
8583 2 2 0 103 3621 3980 4270
8584 2 2 0 103 3988 3621 4270
8585 2 2 0 103 3622 3688 3901
8586 2 2 0 103 3622 3901 3958
8587 2 2 0 103 3622 3958 3959
8588 2 2 0 103 4039 3623 4040
8589 2 2 0 103 4040 3623 4167
8590 2 2 0 103 3623 4041 4167
8591 2 2 0 103 3624 3988 3989
8592 2 2 0 103 3624 3989 4066
8593 2 2 0 103 3624 4066 4115
8594 2 2 0 103 3980 3625 4270
8595 2 2 0 103 4038 3625 4182
8596 2 2 0 103 3625 4038 4270
8597 2 2 0 103 3626 3627 4286
8598 2 2 0 103 3626 4286 4287
8599 2 2 0 103 3626 4287 4354
8600 2 2 0 103 3891 3627 3920
8601 2 2 0 103 3627 3891 4286
8602 2 2 0 103 3920 3627 3937
8603 2 2 0 103 3629 3628 3942
8604 2 2 0 103 3628 3630 4237
8605 2 2 0 103 3942 3628 4237
8606 2 2 0 103 3629 3942 3943
8607 2 2 0 103 3629 3943 4420
8608 2 2 0 103 4117 3629 4420
8609 2 2 0 103 3630 3631 3944
8610 2 2 0 103 3630 3944 3946
8611 2 2 0 103 3630 3946 4237
8612 2 2 0 103 3944 3631 3945
8613 2 2 0 103 3945 3631 4405
8614 2 2 0 103 3631 4277 4405
8615 2 2 0 103 4142 3632 4364
8616 2 2 0 103 4364 3632 4406
8617 2 2 0 103 3632 4367 4406
8618 2 2 0 103 4004 3633 4156
8619 2 2 0 103 4156 3633 4411
8620 2 2 0 103 4411 3633 4412
8621 2 2 0 103 3634 3862 4371
8622 2 2 0 103 3634 4215 4290
8623 2 2 0 103 4215 3634 4371
8624 2 2 0 103 3635 4142 4364
8625 2 2 0 103 3635 4364 4389
8626 2 2 0 103 4388 3635 4389
8627 2 2 0 103 3637 3636 4332
8628 2 2 0 103 3636 4299 4318
8629 2 2 0 103 3636 4318 4332
8630 2 2 0 103 3638 3637 3639
8631 2 2 0 103 3639 3637 4292
8632 2 2 0 103 4292 3637 4332
8633 2 2 0 103 3638 3639 3640
8634 2 2 0 103 3638 3640 4014
8635 2 2 0 103 3638 4014 4308
8636 2 2 0 103 3640 3639 3641
8637 2 2 0 103 3641 3639 3962
8638 2 2 0 103 3962 3639 4292
8639 2 2 0 103 3640 3641 3642
8640 2 2 0 103 3640 3642 4209
8641 2 2 0 103 4014 3640 4209
8642 2 2 0 103 3642 3641 3643
8643 2 2 0 103 3643 3641 3644
8644 2 2 0 103 3644 3641 3962
8645 2 2 0 103 3642 3643 4360
8646 2 2 0 103 4209 3642 4365
8647 2 2 0 103 3642 4360 4365
8648 2 2 0 103 3643 3644 3645
8649 2 2 0 103 3643 3645 3646
8650 2 2 0 103 3643 3646 4360
8651 2 2 0 103 3645 3644 3987
8652 2 2 0 103 3644 3962 4257
8653 2 2 0 103 3987 3644 4257
8654 2 2 0 103 3646 3645 3647
8655 2 2 0 103 3647 3645 4083
8656 2 2 0 103 3645 3987 4083
8657 2 2 0 103 3646 3647 3666
8658 2 2 0 103 3646 3666 4383
8659 2 2 0 103 4360 3646 4383
8660 2 2 0 103 3666 3647 3667
8661 2 2 0 103 3667 3647 3915
8662 2 2 0 103 3915 3647 4083
8663 2 2 0 103 3649 3648 4063
8664 2 2 0 103 3648 4045 4063
8665 2 2 0 103 4045 3648 4118
8666 2 2 0 103 3649 4063 4064
8667 2 2 0 103 3649 4064 4189
8668 2 2 0 103 4135 3649 4189
8669 2 2 0 103 3650 3651 4074
8670 2 2 0 103 3650 4074 4181
8671 2 2 0 103 4118 3650 4181
8672 2 2 0 103 4074 3651 4174
8673 2 2 0 103 3651 4154 4297
8674 2 2 0 103 4174 3651 4297
8675 2 2 0 103 3935 3652 4129
8676 2 2 0 103 3652 3935 4225
8677 2 2 0 103 4172 3652 4225
8678 2 2 0 103 3653 3654 4330
8679 2 2 0 103 3653 4330 4407
8680 2 2 0 103 4349 3653 4407
8681 2 2 0 103 3654 4035 4205
8682 2 2 0 103 4035 3654 4380
8683 2 2 0 103 3654 4205 4330
8684 2 2 0 103 3655 3656 4260
8685 2 2 0 103 3657 3655 4211
8686 2 2 0 103 4211 3655 4260
8687 2 2 0 103 3656 4099 4260
8688 2 2 0 103 4099 3656 4377
8689 2 2 0 103 3656 4295 4377
8690 2 2 0 103 4184 3657 4334
8691 2 2 0 103 3657 4211 4327
8692 2 2 0 103 3657 4327 4334
8693 2 2 0 103 4188 3658 4337
8694 2 2 0 103 4337 3658 4401
8695 2 2 0 103 3658 4385 4401
8696 2 2 0 103 3660 3659 4368
8697 2 2 0 103 3659 4194 4370
8698 2 2 0 103 4368 3659 4370
8699 2 2 0 103 3661 3660 3662
8700 2 2 0 103 3662 3660 3664
8701 2 2 0 103 3664 3660 4368
8702 2 2 0 103 3661 3662 3663
8703 2 2 0 103 3661 3663 4421
8704 2 2 0 103 4173 3661 4421
8705 2 2 0 103 3663 3662 3981
8706 2 2 0 103 3662 3664 3665
8707 2 2 0 103 3662 3665 3981
8708 2 2 0 103 3663 3981 3982
8709 2 2 0 103 3663 3982 3983
8710 2 2 0 103 3663 3983 4421
8711 2 2 0 103 3665 3664 4547
8712 2 2 0 103 3664 4368 4369
8713 2 2 0 103 3664 4369 4547
8714 2 2 0 103 3981 3665 4560
8715 2 2 0 103 3665 4547 4548
8716 2 2 0 103 3665 4548 4560
8717 2 2 0 103 3666 3667 4438
8718 2 2 0 103 4383 3666 4400
8719 2 2 0 103 4400 3666 4438
8720 2 2 0 103 3667 3915 3916
8721 2 2 0 103 3667 3916 3917
8722 2 2 0 103 3667 3917 4438
8723 2 2 0 103 3668 4282 4387
8724 2 2 0 103 3668 4325 4326
8725 2 2 0 103 4325 3668 4387
8726 2 2 0 103 4272 3669 4437
8727 2 2 0 103 4437 3669 4495
8728 2 2 0 103 4495 3669 4501
8729 2 2 0 103 4266 3670 4268
8730 2 2 0 103 3670 4266 4382
8731 2 2 0 103 3670 4382 4449
8732 2 2 0 103 3671 3672 4465
8733 2 2 0 103 4436 3671 4448
8734 2 2 0 103 4448 3671 4465
8735 2 2 0 103 3672 3673 3674
8736 2 2 0 103 3672 3674 3681
8737 2 2 0 103 3672 3681 4465
8738 2 2 0 103 3674 3673 4196
8739 2 2 0 103 4196 3673 4638
8740 2 2 0 103 3673 4396 4638
8741 2 2 0 103 3681 3674 3682
8742 2 2 0 103 3682 3674 3692
8743 2 2 0 103 3692 3674 4196
8744 2 2 0 103 3675 3676 4450
8745 2 2 0 103 3677 3675 4461
8746 2 2 0 103 3675 4450 4461
8747 2 2 0 103 4160 3676 4261
8748 2 2 0 103 3676 4160 4439
8749 2 2 0 103 3676 4439 4450
8750 2 2 0 103 3678 3677 3679
8751 2 2 0 103 3679 3677 4473
8752 2 2 0 103 3677 4461 4473
8753 2 2 0 103 3678 3679 4409
8754 2 2 0 103 4191 3678 4374
8755 2 2 0 103 4374 3678 4409
8756 2 2 0 103 4409 3679 4434
8757 2 2 0 103 4434 3679 4472
8758 2 2 0 103 4472 3679 4473
8759 2 2 0 103 4417 3680 4440
8760 2 2 0 103 3680 4417 4472
8761 2 2 0 103 3680 4472 4473
8762 2 2 0 103 3681 3682 4485
8763 2 2 0 103 4465 3681 4477
8764 2 2 0 103 4477 3681 4485
8765 2 2 0 103 3682 3692 3693
8766 2 2 0 103 3682 3693 3694
8767 2 2 0 103 3682 3694 4485
8768 2 2 0 103 3991 3683 4483
8769 2 2 0 103 3683 4440 4474
8770 2 2 0 103 3683 4474 4483
8771 2 2 0 103 3684 3685 4501
8772 2 2 0 103 4497 3684 4499
8773 2 2 0 103 4499 3684 4501
8774 2 2 0 103 3685 3686 4498
8775 2 2 0 103 4495 3685 4498
8776 2 2 0 103 3685 4495 4501
8777 2 2 0 103 3686 4452 4644
8778 2 2 0 103 4498 3686 4504
8779 2 2 0 103 4504 3686 4644
8780 2 2 0 103 4455 3687 4628
8781 2 2 0 103 3687 4543 4544
8782 2 2 0 103 3687 4544 4628
8783 2 2 0 103 3901 3688 4545
8784 2 2 0 103 3688 4353 4546
8785 2 2 0 103 4545 3688 4546
8786 2 2 0 103 3689 3761 3764
8787 2 2 0 103 3761 3689 4622
8788 2 2 0 103 3689 4603 4622
8789 2 2 0 103 4029 3690 4030
8790 2 2 0 103 4030 3690 4657
8791 2 2 0 103 3690 4043 4657
8792 2 2 0 103 3707 3691 3739
8793 2 2 0 103 3739 3691 4612
8794 2 2 0 103 4612 3691 4623
8795 2 2 0 103 3693 3692 3697
8796 2 2 0 103 3697 3692 4677
8797 2 2 0 103 3692 4196 4677
8798 2 2 0 103 3694 3693 4493
8799 2 2 0 103 3693 3697 4496
8800 2 2 0 103 4493 3693 4496
8801 2 2 0 103 4485 3694 4488
8802 2 2 0 103 4488 3694 4500
8803 2 2 0 103 3694 4493 4500
8804 2 2 0 103 3695 3696 4667
8805 2 2 0 103 3720 3695 4656
8806 2 2 0 103 4656 3695 4667
8807 2 2 0 103 3762 3696 4363
8808 2 2 0 103 3696 3762 4673
8809 2 2 0 103 4667 3696 4673
8810 2 2 0 103 4496 3697 4609
8811 2 2 0 103 3697 4606 4609
8812 2 2 0 103 4606 3697 4677
8813 2 2 0 103 3698 3742 4552
8814 2 2 0 103 4361 3698 4665
8815 2 2 0 103 3698 4552 4665
8816 2 2 0 103 4341 3699 4629
8817 2 2 0 103 3699 4557 4671
8818 2 2 0 103 4629 3699 4671
8819 2 2 0 103 3700 3936 4675
8820 2 2 0 103 4369 3700 4551
8821 2 2 0 103 4551 3700 4675
8822 2 2 0 103 3702 3701 3704
8823 2 2 0 103 3701 3703 4678
8824 2 2 0 103 3704 3701 4678
8825 2 2 0 103 3702 3704 4475
8826 2 2 0 103 3926 3702 4482
8827 2 2 0 103 3702 4475 4482
8828 2 2 0 103 3703 3908 3909
8829 2 2 0 103 3703 3909 4605
8830 2 2 0 103 3703 4605 4678
8831 2 2 0 103 4475 3704 4643
8832 2 2 0 103 3704 4578 4643
8833 2 2 0 103 3750 3705 4668
8834 2 2 0 103 3705 3893 3894
8835 2 2 0 103 3705 3894 4668
8836 2 2 0 103 3717 3706 4642
8837 2 2 0 103 3706 3761 4622
8838 2 2 0 103 3706 4622 4642
8839 2 2 0 103 3707 3739 4684
8840 2 2 0 103 3707 3888 3973
8841 2 2 0 103 3888 3707 4684
8842 2 2 0 103 3709 3708 4670
8843 2 2 0 103 3708 4498 4504
8844 2 2 0 103 3708 4504 4670
8845 2 2 0 103 3936 3709 4593
8846 2 2 0 103 4593 3709 4600
8847 2 2 0 103 4600 3709 4670
8848 2 2 0 103 3710 3734 4689
8849 2 2 0 103 3905 3710 3906
8850 2 2 0 103 3906 3710 4689
8851 2 2 0 103 3711 3712 3940
8852 2 2 0 103 3738 3711 4662
8853 2 2 0 103 3711 3940 4662
8854 2 2 0 103 3712 3713 3714
8855 2 2 0 103 3712 3714 3715
8856 2 2 0 103 3712 3715 3940
8857 2 2 0 103 3714 3713 4088
8858 2 2 0 103 3713 4013 4057
8859 2 2 0 103 3713 4057 4088
8860 2 2 0 103 3715 3714 3716
8861 2 2 0 103 3716 3714 4403
8862 2 2 0 103 3714 4088 4403
8863 2 2 0 103 3715 3716 4616
8864 2 2 0 103 3940 3715 3941
8865 2 2 0 103 3941 3715 4616
8866 2 2 0 103 4402 3716 4403
8867 2 2 0 103 3716 4402 4555
8868 2 2 0 103 3716 4555 4616
8869 2 2 0 103 4302 3717 4303
8870 2 2 0 103 4303 3717 4686
8871 2 2 0 103 3717 4642 4686
8872 2 2 0 103 4557 3718 4635
8873 2 2 0 103 3718 4620 4627
8874 2 2 0 103 3718 4627 4635
8875 2 2 0 103 3719 3977 4688
8876 2 2 0 103 3719 4566 4625
8877 2 2 0 103 4566 3719 4688
8878 2 2 0 103 3970 3720 3971
8879 2 2 0 103 3971 3720 4674
8880 2 2 0 103 3720 4656 4674
8881 2 2 0 103 4179 3721 4180
8882 2 2 0 103 4180 3721 4666
8883 2 2 0 103 3721 4648 4666
8884 2 2 0 103 3723 3722 4692
8885 2 2 0 103 3722 4493 4496
8886 2 2 0 103 3722 4496 4692
8887 2 2 0 103 4564 3723 4614
8888 2 2 0 103 4614 3723 4654
8889 2 2 0 103 4654 3723 4692
8890 2 2 0 103 3725 3724 4695
8891 2 2 0 103 3724 4587 4695
8892 2 2 0 103 4315 3725 4415
8893 2 2 0 103 4415 3725 4646
8894 2 2 0 103 4646 3725 4695
8895 2 2 0 103 3726 3727 3748
8896 2 2 0 103 3728 3726 4693
8897 2 2 0 103 3726 3748 4693
8898 2 2 0 103 3748 3727 3749
8899 2 2 0 103 3749 3727 3891
8900 2 2 0 103 3891 3727 4286
8901 2 2 0 103 3728 3755 4373
8902 2 2 0 103 3755 3728 4574
8903 2 2 0 103 4574 3728 4693
8904 2 2 0 103 3729 3731 3762
8905 2 2 0 103 3730 3901 4545
8906 2 2 0 103 3730 4545 4556
8907 2 2 0 103 3762 3731 4673
8908 2 2 0 103 3731 4595 4673
8909 2 2 0 103 3733 3732 4607
8910 2 2 0 103 3732 4475 4643
8911 2 2 0 103 4043 3733 4636
8912 2 2 0 103 3733 4607 4636
8913 2 2 0 103 3734 3740 4610
8914 2 2 0 103 3734 4610 4640
8915 2 2 0 103 4416 3735 4469
8916 2 2 0 103 3893 3736 3894
8917 2 2 0 103 4294 3738 4664
8918 2 2 0 103 4582 3738 4662
8919 2 2 0 103 3740 4322 4561
8920 2 2 0 103 3744 3741 4562
8921 2 2 0 103 3742 4136 4617
8922 2 2 0 103 4552 3742 4698
8923 2 2 0 103 3755 3743 4373
8924 2 2 0 103 3992 3744 3993
8925 2 2 0 103 3747 3745 4629
8926 2 2 0 103 4381 3746 4655
8927 2 2 0 103 3747 4629 4671
8928 2 2 0 103 4658 3747 4671
8929 2 2 0 103 3748 3749 4584
8930 2 2 0 103 3748 4584 4626
8931 2 2 0 103 3749 3891 3892
8932 2 2 0 103 3749 3892 4682
8933 2 2 0 103 4584 3749 4682
8934 2 2 0 103 3751 3750 3752
8935 2 2 0 103 3752 3750 4660
8936 2 2 0 103 3751 3752 3753
8937 2 2 0 103 3751 3753 4008
8938 2 2 0 103 3751 4008 4391
8939 2 2 0 103 3753 3752 4637
8940 2 2 0 103 4637 3752 4660
8941 2 2 0 103 4008 3753 4009
8942 2 2 0 103 3755 4574 4680
8943 2 2 0 103 3758 3756 4586
8944 2 2 0 103 3759 3757 3760
8945 2 2 0 103 3760 3757 4691
8946 2 2 0 103 3757 3896 4691
8947 2 2 0 103 4199 3758 4611
8948 2 2 0 103 3759 3760 4633
8949 2 2 0 103 4361 3760 4691
8950 2 2 0 103 3764 3761 3849
8951 2 2 0 103 3763 4549 4597
8952 2 2 0 103 3848 3765 4510
8953 2 2 0 103 3765 3849 4510
8954 2 2 0 103 3766 3767 4512
8955 2 2 0 103 4511 3766 4512
8956 2 2 0 103 3767 3768 3770
8957 2 2 0 103 3767 3770 4516
8958 2 2 0 103 4512 3767 4516
8959 2 2 0 103 3768 3769 3770
8960 2 2 0 103 3770 3769 3771
8961 2 2 0 103 3771 3769 3772
8962 2 2 0 103 3772 3769 4509
8963 2 2 0 103 3770 3771 4513
8964 2 2 0 103 3770 4513 4516
8965 2 2 0 103 3771 3772 3773
8966 2 2 0 103 3771 3773 4515
8967 2 2 0 103 4513 3771 4515
8968 2 2 0 103 3773 3772 3774
8969 2 2 0 103 3774 3772 3912
8970 2 2 0 103 3912 3772 4509
8971 2 2 0 103 3773 3774 3775
8972 2 2 0 103 3773 3775 4517
8973 2 2 0 103 4515 3773 4517
8974 2 2 0 103 3775 3774 3776
8975 2 2 0 103 3776 3774 3829
8976 2 2 0 103 3829 3774 3912
8977 2 2 0 103 3775 3776 3777
8978 2 2 0 103 3775 3777 4520
8979 2 2 0 103 4517 3775 4520
8980 2 2 0 103 3777 3776 3778
8981 2 2 0 103 3778 3776 4506
8982 2 2 0 103 3776 3829 4506
8983 2 2 0 103 3777 3778 3779
8984 2 2 0 103 3777 3779 4521
8985 2 2 0 103 4520 3777 4521
8986 2 2 0 103 3779 3778 3780
8987 2 2 0 103 3780 3778 3781
8988 2 2 0 103 3781 3778 4506
8989 2 2 0 103 3779 3780 4505
8990 2 2 0 103 3779 4505 4522
8991 2 2 0 103 4521 3779 4522
8992 2 2 0 103 3780 3781 3782
8993 2 2 0 103 3780 3782 3783
8994 2 2 0 103 3780 3783 4505
8995 2 2 0 103 3782 3781 3814
8996 2 2 0 103 3814 3781 3828
8997 2 2 0 103 3828 3781 4506
8998 2 2 0 103 3783 3782 3784
8999 2 2 0 103 3784 3782 4451
9000 2 2 0 103 3782 3814 4451
9001 2 2 0 103 3783 3784 3785
9002 2 2 0 103 3783 3785 3830
9003 2 2 0 103 3783 3830 4505
9004 2 2 0 103 3785 3784 3786
9005 2 2 0 103 3786 3784 3787
9006 2 2 0 103 3787 3784 4451
9007 2 2 0 103 3785 3786 4091
9008 2 2 0 103 3830 3785 3831
9009 2 2 0 103 3831 3785 4091
9010 2 2 0 103 3786 3787 3788
9011 2 2 0 103 3786 3788 3789
9012 2 2 0 103 3786 3789 4091
9013 2 2 0 103 3788 3787 4230
9014 2 2 0 103 4230 3787 4478
9015 2 2 0 103 3787 4451 4478
9016 2 2 0 103 3789 3788 3790
9017 2 2 0 103 3790 3788 3791
9018 2 2 0 103 3791 3788 4230
9019 2 2 0 103 3789 3790 4168
9020 2 2 0 103 4091 3789 4092
9021 2 2 0 103 4092 3789 4168
9022 2 2 0 103 3790 3791 3792
9023 2 2 0 103 3790 3792 3793
9024 2 2 0 103 3790 3793 4168
9025 2 2 0 103 3792 3791 3817
9026 2 2 0 103 3817 3791 3818
9027 2 2 0 103 3818 3791 4230
9028 2 2 0 103 3793 3792 3794
9029 2 2 0 103 3794 3792 4101
9030 2 2 0 103 3792 3817 4101
9031 2 2 0 103 3793 3794 3795
9032 2 2 0 103 3793 3795 3810
9033 2 2 0 103 3793 3810 4168
9034 2 2 0 103 3795 3794 3796
9035 2 2 0 103 3796 3794 3797
9036 2 2 0 103 3797 3794 4101
9037 2 2 0 103 3795 3796 3799
9038 2 2 0 103 3795 3799 4532
9039 2 2 0 103 3810 3795 4532
9040 2 2 0 103 3796 3797 3798
9041 2 2 0 103 3796 3798 4185
9042 2 2 0 103 3799 3796 4185
9043 2 2 0 103 3798 3797 3800
9044 2 2 0 103 3800 3797 3809
9045 2 2 0 103 3809 3797 4101
9046 2 2 0 103 3798 3800 3801
9047 2 2 0 103 3798 3801 3802
9048 2 2 0 103 3798 3802 4185
9049 2 2 0 103 3799 4185 4235
9050 2 2 0 103 3799 4235 4533
9051 2 2 0 103 4532 3799 4533
9052 2 2 0 103 3801 3800 4119
9053 2 2 0 103 3800 3809 3816
9054 2 2 0 103 3800 3816 4119
9055 2 2 0 103 3802 3801 3803
9056 2 2 0 103 3803 3801 3804
9057 2 2 0 103 3804 3801 4119
9058 2 2 0 103 3802 3803 3806
9059 2 2 0 103 3802 3806 3819
9060 2 2 0 103 3802 3819 4185
9061 2 2 0 103 3803 3804 3805
9062 2 2 0 103 3803 3805 4226
9063 2 2 0 103 3806 3803 4226
9064 2 2 0 103 3805 3804 3807
9065 2 2 0 103 3807 3804 3813
9066 2 2 0 103 3813 3804 4119
9067 2 2 0 103 3805 3807 3808
9068 2 2 0 103 3805 3808 3811
9069 2 2 0 103 3805 3811 4226
9070 2 2 0 103 3819 3806 3820
9071 2 2 0 103 3820 3806 3822
9072 2 2 0 103 3822 3806 4226
9073 2 2 0 103 3808 3807 3815
9074 2 2 0 103 3807 3813 3852
9075 2 2 0 103 3815 3807 3852
9076 2 2 0 103 3811 3808 3812
9077 2 2 0 103 3812 3808 4514
9078 2 2 0 103 3808 3815 4514
9079 2 2 0 103 3816 3809 3826
9080 2 2 0 103 3826 3809 4102
9081 2 2 0 103 3809 4101 4102
9082 2 2 0 103 3810 4095 4168
9083 2 2 0 103 4095 3810 4531
9084 2 2 0 103 4531 3810 4532
9085 2 2 0 103 3811 3812 3823
9086 2 2 0 103 3811 3823 4247
9087 2 2 0 103 4226 3811 4247
9088 2 2 0 103 3823 3812 3824
9089 2 2 0 103 3824 3812 3825
9090 2 2 0 103 3825 3812 4514
9091 2 2 0 103 3839 3813 3851
9092 2 2 0 103 3813 3839 3852
9093 2 2 0 103 3851 3813 4119
9094 2 2 0 103 3814 3828 3840
9095 2 2 0 103 3814 3840 3841
9096 2 2 0 103 3814 3841 4451
9097 2 2 0 103 3815 3852 3853
9098 2 2 0 103 3815 3853 3854
9099 2 2 0 103 3815 3854 4514
9100 2 2 0 103 3816 3826 3833
9101 2 2 0 103 3816 3833 3851
9102 2 2 0 103 3816 3851 4119
9103 2 2 0 103 3817 3818 3827
9104 2 2 0 103 3817 3827 4102
9105 2 2 0 103 4101 3817 4102
9106 2 2 0 103 3827 3818 3835
9107 2 2 0 103 3835 3818 3836
9108 2 2 0 103 3836 3818 4230
9109 2 2 0 103 3819 3820 3821
9110 2 2 0 103 3819 3821 4235
9111 2 2 0 103 4185 3819 4235
9112 2 2 0 103 3821 3820 4537
9113 2 2 0 103 3820 3822 3832
9114 2 2 0 103 3820 3832 4537
9115 2 2 0 103 4235 3821 4535
9116 2 2 0 103 4535 3821 4536
9117 2 2 0 103 4536 3821 4537
9118 2 2 0 103 3832 3822 4539
9119 2 2 0 103 3822 4226 4247
9120 2 2 0 103 3822 4247 4539
9121 2 2 0 103 3823 3824 4541
9122 2 2 0 103 4247 3823 4540
9123 2 2 0 103 4540 3823 4541
9124 2 2 0 103 3824 3825 3834
9125 2 2 0 103 3824 3834 4542
9126 2 2 0 103 4541 3824 4542
9127 2 2 0 103 3834 3825 4534
9128 2 2 0 103 4164 3825 4514
9129 2 2 0 103 3825 4164 4534
9130 2 2 0 103 3833 3826 3837
9131 2 2 0 103 3837 3826 4044
9132 2 2 0 103 4044 3826 4102
9133 2 2 0 103 3827 3835 3843
9134 2 2 0 103 3827 3843 4044
9135 2 2 0 103 3827 4044 4102
9136 2 2 0 103 3840 3828 3844
9137 2 2 0 103 3844 3828 4508
9138 2 2 0 103 3828 4506 4508
9139 2 2 0 103 3911 3829 3912
9140 2 2 0 103 3829 3911 4508
9141 2 2 0 103 4506 3829 4508
9142 2 2 0 103 3830 3831 4524
9143 2 2 0 103 4505 3830 4523
9144 2 2 0 103 4523 3830 4524
9145 2 2 0 103 3831 4091 4093
9146 2 2 0 103 3831 4093 4526
9147 2 2 0 103 4524 3831 4526
9148 2 2 0 103 3832 4518 4538
9149 2 2 0 103 4518 3832 4539
9150 2 2 0 103 4537 3832 4538
9151 2 2 0 103 3833 3838 3851
9152 2 2 0 103 3834 4525 4542
9153 2 2 0 103 3835 3836 3842
9154 2 2 0 103 3842 3836 4491
9155 2 2 0 103 3836 4230 4478
9156 2 2 0 103 3836 4478 4491
9157 2 2 0 103 3838 3839 3851
9158 2 2 0 103 3852 3839 4519
9159 2 2 0 103 3841 3840 3845
9160 2 2 0 103 3841 3845 4491
9161 2 2 0 103 4451 3841 4478
9162 2 2 0 103 4478 3841 4491
9163 2 2 0 103 3847 3848 4507
9164 2 2 0 103 3850 3847 4507
9165 2 2 0 103 3853 3852 4519
9166 2 2 0 103 3854 3853 4163
9167 2 2 0 103 3854 4164 4514
9168 2 2 0 103 3857 3856 4427
9169 2 2 0 103 4326 3857 4427
9170 2 2 0 103 3859 3858 3882
9171 2 2 0 103 3859 3882 3883
9172 2 2 0 103 3859 3883 3884
9173 2 2 0 103 3859 3884 4335
9174 2 2 0 103 3860 4123 4466
9175 2 2 0 103 4371 3862 4484
9176 2 2 0 103 3863 3864 3886
9177 2 2 0 103 3886 3864 4447
9178 2 2 0 103 3864 4413 4429
9179 2 2 0 103 3864 4429 4447
9180 2 2 0 103 3877 3865 4003
9181 2 2 0 103 3866 3867 3868
9182 2 2 0 103 3866 3868 4104
9183 2 2 0 103 3868 3867 3869
9184 2 2 0 103 3869 3867 3870
9185 2 2 0 103 3870 3867 4455
9186 2 2 0 103 3868 3869 3871
9187 2 2 0 103 3869 3870 4676
9188 2 2 0 103 3871 3869 4619
9189 2 2 0 103 4619 3869 4676
9190 2 2 0 103 3870 4455 4628
9191 2 2 0 103 3870 4570 4676
9192 2 2 0 103 3872 3871 3874
9193 2 2 0 103 3874 3871 4619
9194 2 2 0 103 3873 3872 3874
9195 2 2 0 103 3873 3875 3876
9196 2 2 0 103 4565 3874 4619
9197 2 2 0 103 3904 3877 4357
9198 2 2 0 103 4220 3878 4314
9199 2 2 0 103 3879 4200 4447
9200 2 2 0 103 4429 3879 4447
9201 2 2 0 103 4352 3880 4372
9202 2 2 0 103 3914 3881 3922
9203 2 2 0 103 3884 3883 4484
9204 2 2 0 103 3883 4371 4484
9205 2 2 0 103 4410 3884 4484
9206 2 2 0 103 3885 4015 4470
9207 2 2 0 103 3888 3887 3973
9208 2 2 0 103 3889 3888 4684
9209 2 2 0 103 3890 4197 4198
9210 2 2 0 103 3892 3891 3920
9211 2 2 0 103 3892 3920 3921
9212 2 2 0 103 3892 3921 4632
9213 2 2 0 103 3892 4632 4682
9214 2 2 0 103 3894 4599 4668
9215 2 2 0 103 3956 3896 3957
9216 2 2 0 103 4140 3898 4362
9217 2 2 0 103 3898 4338 4362
9218 2 2 0 103 3900 3899 4036
9219 2 2 0 103 4155 3900 4197
9220 2 2 0 103 3903 4558 4583
9221 2 2 0 103 4089 3904 4357
9222 2 2 0 103 3906 4567 4596
9223 2 2 0 103 4567 3906 4689
9224 2 2 0 103 3907 3913 4386
9225 2 2 0 103 3909 3908 4655
9226 2 2 0 103 3908 4381 4655
9227 2 2 0 103 3910 4267 4329
9228 2 2 0 103 3915 4083 4131
9229 2 2 0 103 3917 3916 3918
9230 2 2 0 103 3918 3916 4152
9231 2 2 0 103 3917 3918 3919
9232 2 2 0 103 3917 3919 4457
9233 2 2 0 103 4438 3917 4457
9234 2 2 0 103 3919 3918 4192
9235 2 2 0 103 3919 4192 4459
9236 2 2 0 103 3919 4443 4457
9237 2 2 0 103 4443 3919 4459
9238 2 2 0 103 3921 4199 4611
9239 2 2 0 103 3921 4611 4632
9240 2 2 0 103 3923 3924 3954
9241 2 2 0 103 3924 3925 4018
9242 2 2 0 103 4018 3925 4468
9243 2 2 0 103 3925 4089 4357
9244 2 2 0 103 3925 4357 4468
9245 2 2 0 103 3928 3927 3933
9246 2 2 0 103 3929 3928 3930
9247 2 2 0 103 3930 3928 3932
9248 2 2 0 103 3932 3928 3933
9249 2 2 0 103 3929 3930 3931
9250 2 2 0 103 3929 3931 4293
9251 2 2 0 103 4087 3929 4293
9252 2 2 0 103 3931 3930 4419
9253 2 2 0 103 3930 3932 4431
9254 2 2 0 103 4419 3930 4431
9255 2 2 0 103 3931 3978 4293
9256 2 2 0 103 3978 3931 4404
9257 2 2 0 103 4404 3931 4419
9258 2 2 0 103 3932 3933 3934
9259 2 2 0 103 3932 3934 4456
9260 2 2 0 103 4431 3932 4456
9261 2 2 0 103 3934 3933 4395
9262 2 2 0 103 4250 3934 4395
9263 2 2 0 103 3934 4250 4424
9264 2 2 0 103 3934 4424 4456
9265 2 2 0 103 3938 3939 3984
9266 2 2 0 103 3984 3939 4351
9267 2 2 0 103 3939 4023 4384
9268 2 2 0 103 4351 3939 4384
9269 2 2 0 103 3940 3941 4687
9270 2 2 0 103 3941 4616 4661
9271 2 2 0 103 3943 3942 4255
9272 2 2 0 103 3943 4255 4394
9273 2 2 0 103 3943 4394 4414
9274 2 2 0 103 3943 4414 4420
9275 2 2 0 103 3944 3945 4143
9276 2 2 0 103 3945 4067 4143
9277 2 2 0 103 4067 3945 4274
9278 2 2 0 103 4274 3945 4405
9279 2 2 0 103 3946 4106 4169
9280 2 2 0 103 3946 4169 4237
9281 2 2 0 103 3949 3948 4124
9282 2 2 0 103 3948 4084 4124
9283 2 2 0 103 4358 3949 4384
9284 2 2 0 103 4299 3950 4318
9285 2 2 0 103 3951 3952 3953
9286 2 2 0 103 3951 3953 4598
9287 2 2 0 103 3953 3952 4559
9288 2 2 0 103 3952 4294 4664
9289 2 2 0 103 4559 3952 4664
9290 2 2 0 103 3953 4559 4679
9291 2 2 0 103 3954 3955 4407
9292 2 2 0 103 3955 4349 4407
9293 2 2 0 103 3959 3960 4128
9294 2 2 0 103 4128 3960 4183
9295 2 2 0 103 4183 3960 4280
9296 2 2 0 103 4280 3960 4281
9297 2 2 0 103 4408 3961 4422
9298 2 2 0 103 4257 3962 4258
9299 2 2 0 103 4258 3962 4292
9300 2 2 0 103 3979 3963 4121
9301 2 2 0 103 3964 3965 3966
9302 2 2 0 103 3964 3966 4304
9303 2 2 0 103 3966 3965 3967
9304 2 2 0 103 3967 3965 3978
9305 2 2 0 103 3978 3965 4293
9306 2 2 0 103 3966 3967 3968
9307 2 2 0 103 3966 3968 3990
9308 2 2 0 103 3966 3990 4304
9309 2 2 0 103 3968 3967 3969
9310 2 2 0 103 3969 3967 4390
9311 2 2 0 103 3967 3978 4390
9312 2 2 0 103 3968 3969 4462
9313 2 2 0 103 3990 3968 4463
9314 2 2 0 103 3968 4462 4463
9315 2 2 0 103 3969 4392 4462
9316 2 2 0 103 3972 3971 4683
9317 2 2 0 103 3971 4674 4683
9318 2 2 0 103 3974 3972 3975
9319 2 2 0 103 3976 3975 4592
9320 2 2 0 103 3977 3976 4688
9321 2 2 0 103 3976 4592 4631
9322 2 2 0 103 4390 3978 4404
9323 2 2 0 103 3979 4052 4161
9324 2 2 0 103 3982 3981 4681
9325 2 2 0 103 3981 4560 4681
9326 2 2 0 103 3983 3982 4342
9327 2 2 0 103 4342 3982 4563
9328 2 2 0 103 4563 3982 4681
9329 2 2 0 103 3983 4347 4421
9330 2 2 0 103 3985 3986 4086
9331 2 2 0 103 4086 3986 4159
9332 2 2 0 103 4159 3986 4277
9333 2 2 0 103 4277 3986 4405
9334 2 2 0 103 4256 3987 4257
9335 2 2 0 103 3989 3988 4224
9336 2 2 0 103 4202 3989 4224
9337 2 2 0 103 3990 4463 4470
9338 2 2 0 103 4471 3991 4483
9339 2 2 0 103 4561 3993 4575
9340 2 2 0 103 4017 3994 4216
9341 2 2 0 103 4193 3995 4393
9342 2 2 0 103 3995 4355 4393
9343 2 2 0 103 3996 4218 4289
9344 2 2 0 103 3996 4289 4300
9345 2 2 0 103 3998 4435 4445
9346 2 2 0 103 4000 3999 4001
9347 2 2 0 103 4001 3999 4026
9348 2 2 0 103 4000 4001 4077
9349 2 2 0 103 4000 4077 4078
9350 2 2 0 103 4000 4078 4254
9351 2 2 0 103 4001 4026 4466
9352 2 2 0 103 4285 4002 4443
9353 2 2 0 103 4443 4002 4457
9354 2 2 0 103 4360 4006 4365
9355 2 2 0 103 4006 4360 4383
9356 2 2 0 103 4007 4397 4398
9357 2 2 0 103 4008 4009 4701
9358 2 2 0 103 4009 4010 4011
9359 2 2 0 103 4009 4011 4012
9360 2 2 0 103 4009 4012 4701
9361 2 2 0 103 4011 4010 4694
9362 2 2 0 103 4012 4011 4122
9363 2 2 0 103 4122 4011 4602
9364 2 2 0 103 4602 4011 4694
9365 2 2 0 103 4012 4122 4621
9366 2 2 0 103 4412 4012 4621
9367 2 2 0 103 4012 4412 4701
9368 2 2 0 103 4014 4210 4308
9369 2 2 0 103 4017 4217 4418
9370 2 2 0 103 4020 4184 4195
9371 2 2 0 103 4553 4021 4554
9372 2 2 0 103 4554 4021 4625
9373 2 2 0 103 4023 4358 4384
9374 2 2 0 103 4028 4027 4376
9375 2 2 0 103 4027 4375 4376
9376 2 2 0 103 4028 4310 4458
9377 2 2 0 103 4029 4030 4031
9378 2 2 0 103 4031 4030 4590
9379 2 2 0 103 4590 4030 4591
9380 2 2 0 103 4591 4030 4657
9381 2 2 0 103 4353 4031 4672
9382 2 2 0 103 4032 4209 4365
9383 2 2 0 103 4034 4419 4431
9384 2 2 0 103 4037 4140 4362
9385 2 2 0 103 4141 4037 4362
9386 2 2 0 103 4039 4040 4069
9387 2 2 0 103 4069 4040 4070
9388 2 2 0 103 4271 4046 4327
9389 2 2 0 103 4112 4047 4467
9390 2 2 0 103 4047 4454 4467
9391 2 2 0 103 4279 4048 4401
9392 2 2 0 103 4275 4049 4526
9393 2 2 0 103 4049 4524 4526
9394 2 2 0 103 4052 4053 4161
9395 2 2 0 103 4162 4053 4242
9396 2 2 0 103 4054 4193 4393
9397 2 2 0 103 4054 4393 4425
9398 2 2 0 103 4056 4055 4488
9399 2 2 0 103 4056 4488 4500
9400 2 2 0 103 4490 4056 4494
9401 2 2 0 103 4494 4056 4500
9402 2 2 0 103 4058 4059 4060
9403 2 2 0 103 4060 4059 4061
9404 2 2 0 103 4061 4059 4062
9405 2 2 0 103 4062 4059 4252
9406 2 2 0 103 4060 4061 4297
9407 2 2 0 103 4244 4060 4297
9408 2 2 0 103 4061 4062 4190
9409 2 2 0 103 4174 4061 4190
9410 2 2 0 103 4061 4174 4297
9411 2 2 0 103 4190 4062 4228
9412 2 2 0 103 4228 4062 4236
9413 2 2 0 103 4236 4062 4252
9414 2 2 0 103 4064 4063 4176
9415 2 2 0 103 4064 4176 4213
9416 2 2 0 103 4189 4064 4306
9417 2 2 0 103 4064 4213 4306
9418 2 2 0 103 4210 4065 4308
9419 2 2 0 103 4126 4068 4399
9420 2 2 0 103 4070 4350 4408
9421 2 2 0 103 4073 4072 4122
9422 2 2 0 103 4073 4122 4602
9423 2 2 0 103 4073 4602 4697
9424 2 2 0 103 4623 4073 4697
9425 2 2 0 103 4074 4174 4175
9426 2 2 0 103 4075 4177 4366
9427 2 2 0 103 4284 4076 4522
9428 2 2 0 103 4076 4521 4522
9429 2 2 0 103 4254 4078 4502
9430 2 2 0 103 4502 4078 4503
9431 2 2 0 103 4079 4080 4388
9432 2 2 0 103 4082 4081 4430
9433 2 2 0 103 4081 4426 4430
9434 2 2 0 103 4160 4082 4432
9435 2 2 0 103 4082 4430 4453
9436 2 2 0 103 4432 4082 4453
9437 2 2 0 103 4525 4085 4542
9438 2 2 0 103 4088 4339 4403
9439 2 2 0 103 4090 4359 4476
9440 2 2 0 103 4090 4476 4487
9441 2 2 0 103 4091 4092 4093
9442 2 2 0 103 4093 4092 4094
9443 2 2 0 103 4094 4092 4095
9444 2 2 0 103 4095 4092 4168
9445 2 2 0 103 4093 4094 4528
9446 2 2 0 103 4526 4093 4528
9447 2 2 0 103 4094 4095 4529
9448 2 2 0 103 4094 4527 4528
9449 2 2 0 103 4527 4094 4529
9450 2 2 0 103 4529 4095 4531
9451 2 2 0 103 4213 4096 4214
9452 2 2 0 103 4214 4096 4387
9453 2 2 0 103 4097 4098 4099
9454 2 2 0 103 4097 4099 4278
9455 2 2 0 103 4099 4098 4260
9456 2 2 0 103 4278 4099 4377
9457 2 2 0 103 4103 4110 4288
9458 2 2 0 103 4103 4288 4536
9459 2 2 0 103 4109 4540 4541
9460 2 2 0 103 4110 4111 4288
9461 2 2 0 103 4111 4144 4145
9462 2 2 0 103 4111 4145 4146
9463 2 2 0 103 4111 4146 4288
9464 2 2 0 103 4113 4112 4467
9465 2 2 0 103 4113 4467 4480
9466 2 2 0 103 4113 4480 4486
9467 2 2 0 103 4113 4486 4489
9468 2 2 0 103 4464 4114 4476
9469 2 2 0 103 4413 4116 4429
9470 2 2 0 103 4117 4420 4428
9471 2 2 0 103 4248 4120 4424
9472 2 2 0 103 4424 4120 4456
9473 2 2 0 103 4127 4126 4399
9474 2 2 0 103 4127 4324 4445
9475 2 2 0 103 4132 4141 4362
9476 2 2 0 103 4338 4132 4362
9477 2 2 0 103 4136 4415 4617
9478 2 2 0 103 4138 4219 4291
9479 2 2 0 103 4239 4138 4291
9480 2 2 0 103 4145 4144 4253
9481 2 2 0 103 4146 4145 4147
9482 2 2 0 103 4147 4145 4148
9483 2 2 0 103 4148 4145 4253
9484 2 2 0 103 4146 4147 4533
9485 2 2 0 103 4288 4146 4535
9486 2 2 0 103 4146 4533 4535
9487 2 2 0 103 4147 4148 4531
9488 2 2 0 103 4147 4531 4532
9489 2 2 0 103 4147 4532 4533
9490 2 2 0 103 4148 4529 4531
9491 2 2 0 103 4310 4149 4458
9492 2 2 0 103 4154 4244 4297
9493 2 2 0 103 4160 4432 4439
9494 2 2 0 103 4295 4162 4377
9495 2 2 0 103 4164 4530 4534
9496 2 2 0 103 4530 4165 4534
9497 2 2 0 103 4170 4171 4453
9498 2 2 0 103 4430 4170 4453
9499 2 2 0 103 4171 4229 4453
9500 2 2 0 103 4175 4174 4190
9501 2 2 0 103 4177 4188 4366
9502 2 2 0 103 4179 4180 4319
9503 2 2 0 103 4319 4180 4320
9504 2 2 0 103 4320 4180 4321
9505 2 2 0 103 4321 4180 4666
9506 2 2 0 103 4262 4189 4306
9507 2 2 0 103 4572 4196 4638
9508 2 2 0 103 4201 4426 4428
9509 2 2 0 103 4203 4489 4492
9510 2 2 0 103 4206 4356 4374
9511 2 2 0 103 4206 4374 4409
9512 2 2 0 103 4207 4241 4356
9513 2 2 0 103 4211 4271 4327
9514 2 2 0 103 4212 4513 4515
9515 2 2 0 103 4213 4214 4306
9516 2 2 0 103 4282 4214 4387
9517 2 2 0 103 4217 4378 4460
9518 2 2 0 103 4418 4217 4423
9519 2 2 0 103 4423 4217 4460
9520 2 2 0 103 4222 4223 4460
9521 2 2 0 103 4423 4223 4444
9522 2 2 0 103 4223 4423 4460
9523 2 2 0 103 4223 4442 4444
9524 2 2 0 103 4229 4432 4453
9525 2 2 0 103 4231 4390 4404
9526 2 2 0 103 4533 4235 4535
9527 2 2 0 103 4246 4598 4696
9528 2 2 0 103 4639 4246 4696
9529 2 2 0 103 4539 4247 4540
9530 2 2 0 103 4439 4259 4450
9531 2 2 0 103 4275 4526 4528
9532 2 2 0 103 4385 4279 4401
9533 2 2 0 103 4284 4522 4523
9534 2 2 0 103 4288 4535 4536
9535 2 2 0 103 4302 4303 4402
9536 2 2 0 103 4402 4303 4555
9537 2 2 0 103 4555 4303 4579
9538 2 2 0 103 4442 4305 4454
9539 2 2 0 103 4312 4313 4550
9540 2 2 0 103 4312 4550 4630
9541 2 2 0 103 4313 4316 4317
9542 2 2 0 103 4313 4317 4669
9543 2 2 0 103 4550 4313 4669
9544 2 2 0 103 4317 4416 4469
9545 2 2 0 103 4317 4469 4669
9546 2 2 0 103 4320 4321 4663
9547 2 2 0 103 4321 4666 4690
9548 2 2 0 103 4340 4512 4516
9549 2 2 0 103 4343 4342 4650
9550 2 2 0 103 4342 4563 4650
9551 2 2 0 103 4344 4343 4650
9552 2 2 0 103 4344 4604 4648
9553 2 2 0 103 4604 4344 4649
9554 2 2 0 103 4649 4344 4650
9555 2 2 0 103 4345 4517 4520
9556 2 2 0 103 4487 4346 4490
9557 2 2 0 103 4462 4348 4463
9558 2 2 0 103 4546 4353 4672
9559 2 2 0 103 4359 4464 4476
9560 2 2 0 103 4547 4369 4551
9561 2 2 0 103 4411 4412 4621
9562 2 2 0 103 4617 4415 4646
9563 2 2 0 103 4573 4452 4659
9564 2 2 0 103 4571 4504 4644
9565 2 2 0 103 4522 4505 4523
9566 2 2 0 103 4544 4543 4651
9567 2 2 0 103 4628 4544 4699
9568 2 2 0 103 4615 4546 4672
9569 2 2 0 103 4560 4548 4703
9570 2 2 0 103 4613 4549 4641
9571 2 2 0 103 4618 4551 4675
9572 2 2 0 103 4642 4568 4686
9573 2 2 0 103 4611 4576 4632
9574 2 2 0 103 4577 4639 4696
9575 2 2 0 103 4602 4580 4697
9576 2 2 0 103 4581 4617 4646
9577 2 2 0 103 4674 4585 4683
9578 2 2 0 103 4588 4656 4667
9579 2 2 0 103 4608 4589 4647
9580 2 2 0 230 510 4704 22
9581 2 2 0 230 22 4704 513
9582 2 2 0 230 23 4705 510
9583 2 2 0 230 511 4705 23
9584 2 2 0 230 24 4706 511
9585 2 2 0 230 512 4706 24
9586 2 2 0 230 25 4707 512
9587 2 2 0 230 513 4707 25
9588 2 2 0 230 510 4705 4704
9589 2 2 0 230 511 4706 4705
9590 2 2 0 230 512 4707 4706
9591 2 2 0 230 4704 4707 513
9592 2 2 0 230 4705 4707 4704
9593 2 2 0 230 4706 4707 4705
9594 2 2 0 231 510 22 26
9595 2 2 0 231 514 27 23
9596 2 2 0 231 510 514 23
9597 2 2 0 231 510 26 514
9598 2 2 0 232 511 23 27
9599 2 2 0 232 515 28 24
9600 2 2 0 232 511 515 24
9601 2 2 0 232 511 27 515
9602 2 2 0 233 512 24 28
9603 2 2 0 233 516 29 25
9604 2 2 0 233 512 516 25
9605 2 2 0 233 512 28 516
9606 2 2 0 234 517 26 22
9607 2 2 0 234 513 517 22
9608 2 2 0 234 513 25 29
9609 2 2 0 234 513 29 517
9610 2 2 0 235 514 26 4708
9611 2 2 0 235 26 517 4708
9612 2 2 0 235 27 514 4709
9613 2 2 0 235 515 27 4709
9614 2 2 0 235 28 515 4710
9615 2 2 0 235 516 28 4710
9616 2 2 0 235 29 516 4711
9617 2 2 0 235 517 29 4711
9618 2 2 0 235 514 4708 4709
9619 2 2 0 235 515 4709 4710
9620 2 2 0 235 516 4710 4711
9621 2 2 0 235 4708 517 4711
9622 2 2 0 235 4709 4708 4711
9623 2 2 0 235 4710 4709 4711
9624 2 2 0 250 518 4712 30
9625 2 2 0 250 30 4712 521
9626 2 2 0 250 31 4713 518
9627 2 2 0 250 519 4713 31
9628 2 2 0 250 32 4714 519
9629 2 2 0 250 520 4714 32
9630 2 2 0 250 33 4715 520
9631 2 2 0 250 521 4715 33
9632 2 2 0 250 518 4713 4712
9633 2 2 0 250 519 4714 4713
9634 2 2 0 250 520 4715 4714
9635 2 2 0 250 4712 4715 521
9636 2 2 0 250 4713 4715 4712
9637 2 2 0 250 4714 4715 4713
9638 2 2 0 251 518 30 34
9639 2 2 0 251 522 35 31
9640 2 2 0 251 518 522 31
9641 2 2 0 251 518 34 522
9642 2 2 0 252 519 31 35
9643 2 2 0 252 523 36 32
9644 2 2 0 252 519 523 32
9645 2 2 0 252 519 35 523
9646 2 2 0 253 520 32 36
9647 2 2 0 253 524 37 33
9648 2 2 0 253 520 524 33
9649 2 2 0 253 520 36 524
9650 2 2 0 254 525 34 30
9651 2 2 0 254 521 525 30
9652 2 2 0 254 521 33 37
9653 2 2 0 254 521 37 525
9654 2 2 0 255 522 34 4716
9655 2 2 0 255 34 525 4716
9656 2 2 0 255 35 522 4717
9657 2 2 0 255 523 35 4717
9658 2 2 0 255 36 523 4718
9659 2 2 0 255 524 36 4718
9660 2 2 0 255 37 524 4719
9661 2 2 0 255 525 37 4719
9662 2 2 0 255 522 4716 4717
9663 2 2 0 255 523 4717 4718
9664 2 2 0 255 524 4718 4719
9665 2 2 0 255 4716 525 4719
9666 2 2 0 255 4717 4716 4719
9667 2 2 0 255 4718 4717 4719
9668 2 2 0 270 526 4720 38
9669 2 2 0 270 38 4720 529
9670 2 2 0 270 39 4721 526
9671 2 2 0 270 527 4721 39
9672 2 2 0 270 40 4722 527
9673 2 2 0 270 528 4722 40
9674 2 2 0 270 41 4723 528
9675 2 2 0 270 529 4723 41
9676 2 2 0 270 526 4721 4720
9677 2 2 0 270 527 4722 4721
9678 2 2 0 270 528 4723 4722
9679 2 2 0 270 4720 4723 529
9680 2 2 0 270 4721 4723 4720
9681 2 2 0 270 4722 4723 4721
9682 2 2 0 271 526 38 42
9683 2 2 0 271 530 43 39
9684 2 2 0 271 526 530 39
9685 2 2 0 271 526 42 530
9686 2 2 0 272 527 39 43
9687 2 2 0 272 531 44 40
9688 2 2 0 272 527 531 40
9689 2 2 0 272 527 43 531
9690 2 2 0 273 528 40 44
9691 2 2 0 273 532 45 41
9692 2 2 0 273 528 532 41
9693 2 2 0 273 528 44 532
9694 2 2 0 274 533 42 38
9695 2 2 0 274 529 533 38
9696 2 2 0 274 529 41 45
9697 2 2 0 274 529 45 533
9698 2 2 0 275 530 42 4724
9699 2 2 0 275 42 533 4724
9700 2 2 0 275 43 530 4725
9701 2 2 0 275 531 43 4725
9702 2 2 0 275 44 531 4726
9703 2 2 0 275 532 44 4726
9704 2 2 0 275 45 532 4727
9705 2 2 0 275 533 45 4727
9706 2 2 0 275 530 4724 4725
9707 2 2 0 275 531 4725 4726
9708 2 2 0 275 532 4726 4727
9709 2 2 0 275 4724 533 4727
9710 2 2 0 275 4725 4724 4727
9711 2 2 0 275 4726 4725 4727
9712 2 2 0 290 534 4728 46
9713 2 2 0 290 46 4728 537
9714 2 2 0 290 47 4729 534
9715 2 2 0 290 535 4729 47
9716 2 2 0 290 48 4730 535
9717 2 2 0 290 536 4730 48
9718 2 2 0 290 49 4731 536
9719 2 2 0 290 537 4731 49
9720 2 2 0 290 534 4729 4728
9721 2 2 0 290 535 4730 4729
9722 2 2 0 290 536 4731 4730
9723 2 2 0 290 4728 4731 537
9724 2 2 0 290 4729 4731 4728
9725 2 2 0 290 4730 4731 4729
9726 2 2 0 291 534 46 50
9727 2 2 0 291 538 51 47
9728 2 2 0 291 534 538 47
9729 2 2 0 291 534 50 538
9730 2 2 0 292 535 47 51
9731 2 2 0 292 539 52 48
9732 2 2 0 292 535 539 48
9733 2 2 0 292 535 51 539
9734 2 2 0 293 536 48 52
9735 2 2 0 293 540 53 49
9736 2 2 0 293 536 540 49
9737 2 2 0 293 536 52 540
9738 2 2 0 294 541 50 46
9739 2 2 0 294 537 541 46
9740 2 2 0 294 537 49 53
9741 2 2 0 294 537 53 541
9742 2 2 0 295 538 50 4732
9743 2 2 0 295 50 541 4732
9744 2 2 0 295 51 538 4733
9745 2 2 0 295 539 51 4733
9746 2 2 0 295 52 539 4734
9747 2 2 0 295 540 52 4734
9748 2 2 0 295 53 540 4735
9749 2 2 0 295 541 53 4735
9750 2 2 0 295 538 4732 4733
9751 2 2 0 295 539 4733 4734
9752 2 2 0 295 540 4734 4735
9753 2 2 0 295 4732 541 4735
9754 2 2 0 295 4733 4732 4735
9755 2 2 0 295 4734 4733 4735
9756 2 2 0 330 55 4736 54
9757 2 2 0 330 54 4736 57
9758 2 2 0 330 56 4736 55
9759 2 2 0 330 57 4736 56
9760 2 2 0 331 55 54 58
9761 2 2 0 331 55 58 59
9762 2 2 0 332 56 55 59
9763 2 2 0 332 56 59 60
9764 2 2 0 333 57 56 60
9765 2 2 0 333 57 60 61
9766 2 2 0 334 54 57 61
9767 2 2 0 334 54 61 58
9768 2 2 0 335 59 58 4737
9769 2 2 0 335 58 61 4737
9770 2 2 0 335 60 59 4737
9771 2 2 0 335 61 60 4737
9772 2 2 0 350 63 4738 62
9773 2 2 0 350 62 4738 65
9774 2 2 0 350 64 4738 63
9775 2 2 0 350 65 4738 64
9776 2 2 0 351 63 62 66
9777 2 2 0 351 63 66 67
9778 2 2 0 352 64 63 67
9779 2 2 0 352 64 67 68
9780 2 2 0 353 65 64 68
9781 2 2 0 353 65 68 69
9782 2 2 0 354 62 65 69
9783 2 2 0 354 62 69 66
9784 2 2 0 355 67 66 4739
9785 2 2 0 355 66 69 4739
9786 2 2 0 355 68 67 4739
9787 2 2 0 355 69 68 4739
9788 2 2 0 370 71 4740 70
9789 2 2 0 370 70 4740 73
9790 2 2 0 370 72 4740 71
9791 2 2 0 370 73 4740 72
9792 2 2 0 371 71 74 70
9793 2 2 0 371 71 75 74
9794 2 2 0 372 72 75 71
9795 2 2 0 372 72 76 75
9796 2 2 0 373 73 76 72
9797 2 2 0 373 73 77 76
9798 2 2 0 374 70 77 73
9799 2 2 0 374 70 74 77
9800 2 2 0 375 75 4741 74
9801 2 2 0 375 74 4741 77
9802 2 2 0 375 76 4741 75
9803 2 2 0 375 77 4741 76
9804 2 2 0 390 79 4742 78
9805 2 2 0 390 78 4742 81
9806 2 2 0 390 80 4742 79
9807 2 2 0 390 81 4742 80
9808 2 2 0 391 79 82 78
9809 2 2 0 391 79 83 82
9810 2 2 0 392 80 83 79
9811 2 2 0 392 80 84 83
9812 2 2 0 393 81 84 80
9813 2 2 0 393 81 85 84
9814 2 2 0 394 78 85 81
9815 2 2 0 394 78 82 85
9816 2 2 0 395 83 4743 82
9817 2 2 0 395 82 4743 85
9818 2 2 0 395 84 4743 83
9819 2 2 0 395 85 4743 84
9820 4 2 0 1 4237 2156 3946 4764
9821 4 2 0 1 2156 1865 3946 4764
9822 4 2 0 1 1549 2156 4237 4764
9823 4 2 0 1 1656 2676 3737 4754
9824 4 2 0 1 2676 1656 595 4754
9825 4 2 0 1 2657 4009 1928 4791
9826 4 2 0 1 576 2657 1928 4791
9827 4 2 0 1 4566 582 2663 4768
9828 4 2 0 1 1501 1640 3721 4771
9829 4 2 0 1 3582 1501 3721 4771
9830 4 2 0 1 4635 1637 2554 4755
9831 4 2 0 1 3718 1637 4635 4755
9832 4 2 0 1 4496 2415 1612 4801
9833 4 2 0 1 4496 1612 3693 4801
9834 4 2 0 1 2415 4493 2412 4801
9835 4 2 0 1 2099 2239 4180 4772
9836 4 2 0 1 2485 582 4566 4768
9837 4 2 0 1 4496 4493 2415 4801
9838 4 2 0 1 229 379 228 4745
9839 4 2 0 1 256 106 257 4788
9840 4 2 0 1 251 4575 101 4747
9841 4 2 0 1 101 4575 2494 4747
9842 4 2 0 1 379 378 228 4745
9843 4 2 0 1 106 107 257 4788
9844 4 2 0 1 4602 2521 2041 4792
9845 4 2 0 1 256 4614 2533 4788
9846 4 2 0 1 4373 3434 1353 4802
9847 4 2 0 1 2239 4320 4180 4772
9848 4 2 0 1 2292 4373 1353 4802
9849 4 2 0 1 4122 4602 2041 4792
9850 4 2 0 1 1748 3911 1830 4809
9851 4 2 0 1 3829 3911 1748 4809
9852 4 2 0 1 2179 4098 2017 4762
9853 4 2 0 1 4098 2179 4260 4762
9854 4 2 0 1 1174 3299 3255 4774
9855 4 2 0 1 1218 3299 1174 4774
9856 4 2 0 1 973 3054 3195 4761
9857 4 2 0 1 1114 973 3195 4761
9858 4 2 0 1 3513 4273 2192 4799
9859 4 2 0 1 1432 3513 2192 4799
9860 4 2 0 1 4250 4249 2168 4795
9861 4 2 0 1 4250 2168 2169 4795
9862 4 2 0 1 1372 2948 867 4784
9863 4 2 0 1 3453 2948 1372 4784
9864 4 2 0 1 943 3025 3024 4748
9865 4 2 0 1 3025 943 944 4748
9866 4 2 0 1 4121 718 2799 4797
9867 4 2 0 1 718 4121 2040 4797
9868 4 2 0 1 3390 1181 3262 4759
9869 4 2 0 1 1181 3390 1309 4759
9870 4 2 0 1 4456 734 2815 4796
9871 4 2 0 1 2375 734 4456 4796
9872 4 2 0 1 936 934 3017 4770
9873 4 2 0 1 3017 934 3015 4770
9874 4 2 0 1 4063 3648 1567 4808
9875 4 2 0 1 4063 1567 1982 4808
9876 4 2 0 1 856 2178 4259 4760
9877 4 2 0 1 856 4259 2937 4760
9878 4 2 0 1 4181 3650 1569 4781
9879 4 2 0 1 1569 2100 4181 4781
9880 4 2 0 1 723 2803 2804 4785
9881 4 2 0 1 723 722 2803 4785
9882 4 2 0 1 3544 4428 1463 4752
9883 4 2 0 1 2347 1463 4428 4752
9884 4 2 0 1 3068 988 987 4800
9885 4 2 0 1 3068 3069 988 4800
9886 4 2 0 1 4023 1942 2277 4805
9887 4 2 0 1 4358 4023 2277 4805
9888 4 2 0 1 1051 2122 4203 4769
9889 4 2 0 1 1051 4203 3132 4769
9890 4 2 0 1 4134 2360 4441 4758
9891 4 2 0 1 2053 2360 4134 4758
9892 4 2 0 1 1037 1035 3118 4804
9893 4 2 0 1 3116 3118 1035 4804
9894 4 2 0 1 916 3070 989 4813
9895 4 2 0 1 2997 3070 916 4813
9896 4 2 0 1 3155 3156 1075 4798
9897 4 2 0 1 3155 1075 1074 4798
9898 4 2 0 1 968 969 3049 4793
9899 4 2 0 1 3050 3049 969 4793
9900 4 2 0 1 1348 1380 3461 4814
9901 4 2 0 1 3461 3429 1348 4814
9902 4 2 0 1 3539 3389 1308 4807
9903 4 2 0 1 1308 1458 3539 4807
9904 4 2 0 1 4326 4427 2245 4810
9905 4 2 0 1 1064 3144 1063 4780
9906 4 2 0 1 3145 3144 1064 4780
9907 4 2 0 1 4427 2346 2245 4810
9908 4 2 0 1 4357 3925 1844 4775
9909 4 2 0 1 1844 2276 4357 4775
9910 4 2 0 1 2779 698 2769 4765
9911 4 2 0 1 698 688 2769 4765
9912 4 2 0 1 1965 4046 4271 4763
9913 4 2 0 1 2190 1965 4271 4763
9914 4 2 0 1 632 629 2713 4783
9915 4 2 0 1 2713 629 2710 4783
9916 4 2 0 1 680 681 2761 4766
9917 4 2 0 1 2761 681 2762 4766
9918 4 2 0 1 1698 4522 3779 4776
9919 4 2 0 1 1698 2441 4522 4776
9920 4 2 0 1 4528 2906 825 4777
9921 4 2 0 1 825 2447 4528 4777
9922 4 2 0 1 1757 650 3838 4782
9923 4 2 0 1 650 2731 3838 4782
9924 4 2 0 1 4092 2011 4094 4778
9925 4 2 0 1 2011 2013 4094 4778
9926 4 2 0 1 743 2028 2824 4779
9927 4 2 0 1 2028 4109 2824 4779
9928 4 2 0 1 2383 3038 957 4794
9929 4 2 0 1 4464 3038 2383 4794
9930 4 2 0 1 3551 4359 1470 4786
9931 4 2 0 1 2278 1470 4359 4786
9932 4 2 0 1 1341 4486 2405 4767
9933 4 2 0 1 4489 939 3020 4750
9934 4 2 0 1 2408 939 4489 4750
9935 4 2 0 1 3422 4486 1341 4767
9936 4 2 0 1 939 2122 3020 4750
9937 4 2 0 1 3020 2122 4203 4750
9938 4 2 0 1 3409 2405 4486 4767
9939 4 2 0 1 2405 3409 1328 4767
9940 4 2 0 1 3554 2278 4359 4786
9941 4 2 0 1 1473 2278 3554 4786
9942 4 2 0 1 4464 2033 4114 4794
9943 4 2 0 1 2383 2033 4464 4794
9944 4 2 0 1 872 743 2953 4779
9945 4 2 0 1 2953 743 2824 4779
9946 4 2 0 1 2014 4092 4095 4778
9947 4 2 0 1 2014 2011 4092 4778
9948 4 2 0 1 2424 1698 3779 4776
9949 4 2 0 1 3779 4505 2424 4776
9950 4 2 0 1 684 680 2765 4766
9951 4 2 0 1 680 2761 2765 4766
9952 4 2 0 1 1752 1757 3833 4782
9953 4 2 0 1 2008 4089 2276 4775
9954 4 2 0 1 4089 4357 2276 4775
9955 4 2 0 1 1965 673 4046 4763
9956 4 2 0 1 4046 673 2754 4763
9957 4 2 0 1 2076 698 2779 4765
9958 4 2 0 1 2076 2779 4157 4765
9959 4 2 0 1 3539 4326 1458 4810
9960 4 2 0 1 1458 4326 2245 4810
9961 4 2 0 1 3116 1036 3117 4804
9962 4 2 0 1 1036 3116 1035 4804
9963 4 2 0 1 2367 4448 987 4800
9964 4 2 0 1 4448 3068 987 4800
9965 4 2 0 1 2347 4426 2345 4752
9966 4 2 0 1 4426 2347 4428 4752
9967 4 2 0 1 3650 1993 1569 4781
9968 4 2 0 1 3650 4074 1993 4781
9969 4 2 0 1 721 723 2804 4785
9970 4 2 0 1 2802 721 2804 4785
9971 4 2 0 1 2926 2799 845 4797
9972 4 2 0 1 2799 718 845 4797
9973 4 2 0 1 3391 3262 1310 4759
9974 4 2 0 1 1310 3262 1181 4759
9975 4 2 0 1 937 3015 934 4770
9976 4 2 0 1 937 3018 3015 4770
9977 4 2 0 1 3050 1026 3107 4793
9978 4 2 0 1 1026 3050 969 4793
9979 4 2 0 1 3429 1277 1348 4814
9980 4 2 0 1 3429 3358 1277 4814
9981 4 2 0 1 3024 942 943 4748
9982 4 2 0 1 3024 3023 942 4748
9983 4 2 0 1 3984 2997 1903 4813
9984 4 2 0 1 2997 916 1903 4813
9985 4 2 0 1 4249 3479 1398 4795
9986 4 2 0 1 2168 4249 1398 4795
9987 4 2 0 1 4333 1218 2252 4774
9988 4 2 0 1 1218 4333 3299 4774
9989 4 2 0 1 4084 867 2948 4784
9990 4 2 0 1 2003 867 4084 4784
9991 4 2 0 1 936 3132 3017 4769
9992 4 2 0 1 3132 936 1051 4769
9993 4 2 0 1 2360 1417 4441 4758
9994 4 2 0 1 1417 3498 4441 4758
9995 4 2 0 1 3156 4150 2069 4798
9996 4 2 0 1 1075 3156 2069 4798
9997 4 2 0 1 4273 2217 2192 4799
9998 4 2 0 1 4273 4298 2217 4799
9999 4 2 0 1 4023 3356 1942 4805
10000 4 2 0 1 1275 1942 3356 4805
10001 4 2 0 1 3194 1114 3195 4761
10002 4 2 0 1 1113 1114 3194 4761
10003 4 2 0 1 2178 2950 4259 4760
10004 4 2 0 1 869 2950 2178 4760
10005 4 2 0 1 1964 4045 1982 4808
10006 4 2 0 1 4045 4063 1982 4808
10007 4 2 0 1 2815 734 2039 4796
10008 4 2 0 1 4120 2815 2039 4796
10009 4 2 0 1 1458 1307 3388 4807
10010 4 2 0 1 3388 3539 1458 4807
10011 4 2 0 1 975 3056 4260 4762
10012 4 2 0 1 2179 975 4260 4762
10013 4 2 0 1 3144 3143 1063 4780
10014 4 2 0 1 1063 3143 1062 4780
10015 4 2 0 1 1757 3838 3833 4782
10016 4 2 0 1 629 631 2710 4783
10017 4 2 0 1 2712 2710 631 4783
10018 4 2 0 1 2447 2194 4275 4777
10019 4 2 0 1 4508 3829 2427 4809
10020 4 2 0 1 2427 3829 1748 4809
10021 4 2 0 1 2447 4275 4528 4777
10022 4 2 0 1 1257 3338 1952 4753
10023 4 2 0 1 610 3763 1682 4811
10024 4 2 0 1 3338 4033 1952 4753
10025 4 2 0 1 3347 3301 1266 4751
10026 4 2 0 1 1220 1266 3301 4751
10027 4 2 0 1 106 256 2533 4788
10028 4 2 0 1 1368 3449 3433 4773
10029 4 2 0 1 1352 1368 3433 4773
10030 4 2 0 1 610 2691 3763 4811
10031 4 2 0 1 595 2553 4634 4754
10032 4 2 0 1 3905 1257 1824 4753
10033 4 2 0 1 3905 3338 1257 4753
10034 4 2 0 1 4564 4558 2483 4789
10035 4 2 0 1 4316 1220 3301 4751
10036 4 2 0 1 2235 1220 4316 4751
10037 4 2 0 1 1266 2235 3347 4751
10038 4 2 0 1 3038 4114 957 4794
10039 4 2 0 1 957 4114 2033 4794
10040 4 2 0 1 2194 825 2906 4777
10041 4 2 0 1 2194 2906 4275 4777
10042 4 2 0 1 1752 3833 2731 4782
10043 4 2 0 1 1752 2731 650 4782
10044 4 2 0 1 688 2076 4157 4765
10045 4 2 0 1 688 4157 2769 4765
10046 4 2 0 1 1308 3389 1307 4807
10047 4 2 0 1 2069 4150 1074 4798
10048 4 2 0 1 1307 3389 3388 4807
10049 4 2 0 1 1074 4150 3155 4798
10050 4 2 0 1 3356 4358 1275 4805
10051 4 2 0 1 4358 2277 1275 4805
10052 4 2 0 1 1417 2053 3498 4758
10053 4 2 0 1 2053 4134 3498 4758
10054 4 2 0 1 2122 936 3017 4769
10055 4 2 0 1 4203 2122 3017 4769
10056 4 2 0 1 1380 3358 3461 4814
10057 4 2 0 1 1277 3358 1380 4814
10058 4 2 0 1 2950 869 2937 4760
10059 4 2 0 1 2937 869 856 4760
10060 4 2 0 1 3049 3107 968 4793
10061 4 2 0 1 3107 1026 968 4793
10062 4 2 0 1 4120 2039 2375 4796
10063 4 2 0 1 4456 4120 2375 4796
10064 4 2 0 1 3648 4045 1964 4808
10065 4 2 0 1 1567 3648 1964 4808
10066 4 2 0 1 3070 3984 989 4813
10067 4 2 0 1 1903 989 3984 4813
10068 4 2 0 1 2217 4298 1432 4799
10069 4 2 0 1 4298 3513 1432 4799
10070 4 2 0 1 3117 1037 3118 4804
10071 4 2 0 1 1036 1037 3117 4804
10072 4 2 0 1 1113 3194 3054 4761
10073 4 2 0 1 973 1113 3054 4761
10074 4 2 0 1 2803 722 2802 4785
10075 4 2 0 1 722 721 2802 4785
10076 4 2 0 1 1398 3479 2169 4795
10077 4 2 0 1 3479 4250 2169 4795
10078 4 2 0 1 4084 3453 2003 4784
10079 4 2 0 1 1372 2003 3453 4784
10080 4 2 0 1 2345 4426 3544 4752
10081 4 2 0 1 1463 2345 3544 4752
10082 4 2 0 1 3069 4448 2367 4800
10083 4 2 0 1 988 3069 2367 4800
10084 4 2 0 1 4074 4181 2100 4781
10085 4 2 0 1 1993 4074 2100 4781
10086 4 2 0 1 936 3017 3018 4770
10087 4 2 0 1 937 936 3018 4770
10088 4 2 0 1 942 3023 944 4748
10089 4 2 0 1 3023 3025 944 4748
10090 4 2 0 1 2252 1174 3255 4774
10091 4 2 0 1 2252 3255 4333 4774
10092 4 2 0 1 1310 1309 3391 4759
10093 4 2 0 1 1309 3390 3391 4759
10094 4 2 0 1 2926 845 2040 4797
10095 4 2 0 1 4121 2926 2040 4797
10096 4 2 0 1 1062 3145 1064 4780
10097 4 2 0 1 4098 3056 2017 4762
10098 4 2 0 1 975 2017 3056 4762
10099 4 2 0 1 3143 3145 1062 4780
10100 4 2 0 1 1458 2346 3539 4810
10101 4 2 0 1 4427 3539 2346 4810
10102 4 2 0 1 673 2190 2754 4763
10103 4 2 0 1 2190 4271 2754 4763
10104 4 2 0 1 2008 1844 3925 4775
10105 4 2 0 1 4089 2008 3925 4775
10106 4 2 0 1 632 2713 2712 4783
10107 4 2 0 1 2013 2014 4095 4778
10108 4 2 0 1 4094 2013 4095 4778
10109 4 2 0 1 2765 2762 684 4766
10110 4 2 0 1 631 632 2712 4783
10111 4 2 0 1 1830 4508 2427 4809
10112 4 2 0 1 3911 4508 1830 4809
10113 4 2 0 1 684 2762 681 4766
10114 4 2 0 1 2953 4109 872 4779
10115 4 2 0 1 2028 872 4109 4779
10116 4 2 0 1 4505 2441 2424 4776
10117 4 2 0 1 4522 2441 4505 4776
10118 4 2 0 1 3551 1470 1473 4786
10119 4 2 0 1 3554 3551 1473 4786
10120 4 2 0 1 2235 4316 3347 4751
10121 4 2 0 1 2122 2408 4203 4750
10122 4 2 0 1 2408 4489 4203 4750
10123 4 2 0 1 4033 3905 1824 4753
10124 4 2 0 1 1992 4073 4122 4792
10125 4 2 0 1 3422 1328 3409 4767
10126 4 2 0 1 3710 3457 1376 4787
10127 4 2 0 1 1341 1328 3422 4767
10128 4 2 0 1 4033 1824 1952 4753
10129 4 2 0 1 1492 4564 2483 4789
10130 4 2 0 1 4321 2099 4180 4772
10131 4 2 0 1 3763 4597 1682 4811
10132 4 2 0 1 3573 4564 1492 4789
10133 4 2 0 1 4009 3753 1672 4791
10134 4 2 0 1 2516 1682 4597 4811
10135 4 2 0 1 2483 4558 2477 4789
10136 4 2 0 1 361 360 211 4746
10137 4 2 0 1 3736 3572 1491 4790
10138 4 2 0 1 3573 1492 2477 4789
10139 4 2 0 1 3734 3710 1629 4787
10140 4 2 0 1 3728 4373 2292 4802
10141 4 2 0 1 4575 2667 2494 4747
10142 4 2 0 1 2469 2232 4313 4749
10143 4 2 0 1 1504 1656 3585 4756
10144 4 2 0 1 1629 3710 1376 4787
10145 4 2 0 1 4558 3573 2477 4789
10146 4 2 0 1 3728 2292 1647 4802
10147 4 2 0 1 2240 2099 4321 4772
10148 4 2 0 1 4597 2691 2516 4811
10149 4 2 0 1 1376 3457 1653 4787
10150 4 2 0 1 360 4590 210 4746
10151 4 2 0 1 2516 2691 610 4811
10152 4 2 0 1 211 360 210 4746
10153 4 2 0 1 3951 3952 1870 4812
10154 4 2 0 1 1870 3952 1871 4812
10155 4 2 0 1 1368 2374 3449 4773
10156 4 2 0 1 3737 1517 3598 4756
10157 4 2 0 1 1352 3433 4455 4773
10158 4 2 0 1 1491 1655 3736 4790
10159 4 2 0 1 1360 3725 3441 4806
10160 4 2 0 1 223 372 222 4744
10161 4 2 0 1 1360 1644 3725 4806
10162 4 2 0 1 2469 4313 4550 4749
10163 4 2 0 1 3734 1629 1653 4787
10164 4 2 0 1 1992 4122 2041 4792
10165 4 2 0 1 1517 1504 3598 4756
10166 4 2 0 1 3952 3953 1871 4812
10167 4 2 0 1 2667 586 2494 4747
10168 4 2 0 1 3572 1814 1491 4790
10169 4 2 0 1 372 223 373 4744
10170 4 2 0 1 3441 1643 1360 4806
10171 4 2 0 1 2509 210 4590 4746
10172 4 2 0 1 1644 3724 3725 4806
10173 4 2 0 1 1656 3737 3585 4756
10174 4 2 0 1 211 2509 361 4746
10175 4 2 0 1 3598 1504 3585 4756
10176 4 2 0 1 4313 2232 4312 4749
10177 4 2 0 1 1676 3896 1815 4803
10178 4 2 0 1 3449 2374 4455 4773
10179 4 2 0 1 3953 1872 1871 4812
10180 4 2 0 1 2374 1352 4455 4773
10181 4 2 0 1 1928 4009 1672 4791
10182 4 2 0 1 3457 3734 1653 4787
10183 4 2 0 1 2231 2469 4550 4749
10184 4 2 0 1 3572 3895 1814 4790
10185 4 2 0 1 555 373 223 4744
10186 4 2 0 1 2476 4557 4671 4757
10187 4 2 0 1 2476 1618 4557 4757
10188 4 2 0 1 2676 595 4634 4754
10189 4 2 0 1 1618 3699 4557 4757
10190 4 2 0 1 222 372 2636 4744
10191 4 2 0 1 3434 1647 1353 4802
10192 4 2 0 1 4312 2231 4550 4749
10193 4 2 0 1 2543 378 4624 4745
10194 4 2 0 1 1640 2567 4648 4771
10195 4 2 0 1 1656 1517 3737 4756
10196 4 2 0 1 3951 1870 1872 4812
10197 4 2 0 1 361 2509 4590 4746
10198 4 2 0 1 3721 1640 4648 4771
10199 4 2 0 1 3728 1647 3434 4802
10200 4 2 0 1 2590 3699 1618 4757
10201 4 2 0 1 4691 3757 2610 4803
10202 4 2 0 1 2590 2476 4671 4757
10203 4 2 0 1 2232 2231 4312 4749
10204 4 2 0 1 3699 2590 4671 4757
10205 4 2 0 1 3953 3951 1872 4812
10206 4 2 0 1 3441 3724 1643 4806
10207 4 2 0 1 228 378 2543 4745
10208 4 2 0 1 1643 3724 1644 4806
10209 4 2 0 1 2546 1637 3718 4755
10210 4 2 0 1 1655 3895 3736 4790
10211 4 2 0 1 1814 3895 1655 4790
10212 4 2 0 1 2567 3582 4648 4771
10213 4 2 0 1 2567 1501 3582 4771
10214 4 2 0 1 2521 4073 1992 4792
10215 4 2 0 1 2607 2485 4688 4768
10216 4 2 0 1 2607 4688 2663 4768
10217 4 2 0 1 373 555 2636 4744
10218 4 2 0 1 4627 2546 3718 4755
10219 4 2 0 1 555 222 2636 4744
10220 4 2 0 1 3757 3896 1676 4803
10221 4 2 0 1 4602 4073 2521 4792
10222 4 2 0 1 576 1672 3753 4791
10223 4 2 0 1 251 101 586 4747
10224 4 2 0 1 229 2543 4624 4745
10225 4 2 0 1 2554 4627 4635 4755
10226 4 2 0 1 2553 3737 4634 4754
10227 4 2 0 1 2933 854 2934 852
10228 4 2 0 1 2930 851 2901 2932
10229 4 2 0 1 853 854 852 2934
10230 4 2 0 1 1158 4135 1299 2054
10231 4 2 0 1 3239 4135 3380 1299
10232 4 2 0 1 4075 885 2984 2966
10233 4 2 0 1 3245 3031 1883 950
10234 4 2 0 1 854 2933 2934 2935
10235 4 2 0 1 2939 880 881 858
10236 4 2 0 1 2937 868 869 2949
10237 4 2 0 1 869 2949 2950 2937
10238 4 2 0 1 880 2939 857 858
10239 4 2 0 1 3314 1302 3382 1233
10240 4 2 0 1 931 930 3012 3013
10241 4 2 0 1 1233 1301 1302 3382
10242 4 2 0 1 3183 1048 1046 3129
10243 4 2 0 1 1883 1164 3245 950
10244 4 2 0 1 851 820 849 2901
10245 4 2 0 1 787 789 788 2870
10246 4 2 0 1 4243 3094 1014 3095
10247 4 2 0 1 851 2930 2901 849
10248 4 2 0 1 1215 2044 3296 1149
10249 4 2 0 1 2986 4041 969 905
10250 4 2 0 1 948 3030 947 3029
10251 4 2 0 1 2961 857 880 2939
10252 4 2 0 1 952 950 3032 951
10253 4 2 0 1 3245 3031 3964 1883
10254 4 2 0 1 3089 1007 1006 1008
10255 4 2 0 1 3239 1215 1158 1299
10256 4 2 0 1 819 850 849 2900
10257 4 2 0 1 1054 1053 1052 3133
10258 4 2 0 1 908 2989 2988 2964
10259 4 2 0 1 925 928 1924 3006
10260 4 2 0 1 3009 4005 928 3006
10261 4 2 0 1 1102 1048 1046 3183
10262 4 2 0 1 2037 3480 3648 1399
10263 4 2 0 1 3089 3088 3087 1006
10264 4 2 0 1 3169 903 1994 1088
10265 4 2 0 1 2961 857 2939 2938
10266 4 2 0 1 1276 3428 3358 1277
10267 4 2 0 1 3648 3480 3380 1399
10268 4 2 0 1 855 2068 868 2936
10269 4 2 0 1 1302 3314 3382 3383
10270 4 2 0 1 882 883 907 2964
10271 4 2 0 1 2931 850 4141 2900
10272 4 2 0 1 932 3014 931 933
10273 4 2 0 1 1951 2284 1394 3475
10274 4 2 0 1 1561 4365 2279 2284
10275 4 2 0 1 3094 1301 1233 3382
10276 4 2 0 1 2868 788 2870 787
10277 4 2 0 1 2992 981 2994 3062
10278 4 2 0 1 913 981 2994 911
10279 4 2 0 1 1311 1181 4178 2097
10280 4 2 0 1 4135 1158 1299 3239
10281 4 2 0 1 2989 3060 908 2988
10282 4 2 0 1 1015 1014 1012 3095
10283 4 2 0 1 1015 3093 3095 1012
10284 4 2 0 1 936 934 933 3017
10285 4 2 0 1 2900 820 806 2901
10286 4 2 0 1 868 888 869 2949
10287 4 2 0 1 855 868 856 2937
10288 4 2 0 1 3014 932 931 3013
10289 4 2 0 1 3093 1015 3095 3096
10290 4 2 0 1 3648 2037 1399 1567
10291 4 2 0 1 4069 4039 2919 838
10292 4 2 0 1 4178 1460 1311 2097
10293 4 2 0 1 857 1542 2961 880
10294 4 2 0 1 3380 1399 1215 1299
10295 4 2 0 1 4135 1568 2054 2108
10296 4 2 0 1 928 3010 3008 929
10297 4 2 0 1 3642 2279 4365 4360
10298 4 2 0 1 4065 3018 961 3042
10299 4 2 0 1 4175 648 4074 2729
10300 4 2 0 1 788 2868 2870 2869
10301 4 2 0 1 4156 2992 981 2075
10302 4 2 0 1 2987 940 906 941
10303 4 2 0 1 1151 4298 3232 1432
10304 4 2 0 1 3033 950 3032 952
10305 4 2 0 1 3480 2037 3648 4118
10306 4 2 0 1 1215 3239 3380 1299
10307 4 2 0 1 1348 1277 3428 1347
10308 4 2 0 1 820 819 849 2900
10309 4 2 0 1 3095 1017 4243 3098
10310 4 2 0 1 3645 1562 1564 3644
10311 4 2 0 1 1562 1563 1564 3644
10312 4 2 0 1 3382 3094 1301 4243
10313 4 2 0 1 820 2900 806 819
10314 4 2 0 1 908 907 883 2964
10315 4 2 0 1 716 717 715 2796
10316 4 2 0 1 1011 1984 961 3092
10317 4 2 0 1 3014 933 934 3017
10318 4 2 0 1 3645 3643 1562 3644
10319 4 2 0 1 1310 3262 3392 1311
10320 4 2 0 1 3108 3248 3107 1027
10321 4 2 0 1 940 2987 2962 3021
10322 4 2 0 1 940 881 2962 906
10323 4 2 0 1 2075 2992 981 911
10324 4 2 0 1 3262 4178 3392 1311
10325 4 2 0 1 838 2927 2928 846
10326 4 2 0 1 2928 847 838 846
10327 4 2 0 1 2986 4041 3050 969
10328 4 2 0 1 2217 4298 1151 1432
10329 4 2 0 1 1883 3031 3033 950
10330 4 2 0 1 2886 1956 4141 4037
10331 4 2 0 1 1563 3641 1562 1560
10332 4 2 0 1 3004 925 1924 3006
10333 4 2 0 1 2933 2901 852 2932
10334 4 2 0 1 883 882 850 2931
10335 4 2 0 1 2935 854 855 2934
10336 4 2 0 1 2936 2935 855 2934
10337 4 2 0 1 934 932 933 3014
10338 4 2 0 1 932 3014 3015 3013
10339 4 2 0 1 1951 3475 4032 4365
10340 4 2 0 1 1017 3095 4243 1014
10341 4 2 0 1 1215 3296 3239 1149
10342 4 2 0 1 787 2794 712 713
10343 4 2 0 1 2797 717 2796 2798
10344 4 2 0 1 1399 3380 1215 3480
10345 4 2 0 1 1967 2869 2793 788
10346 4 2 0 1 3380 3296 3239 1215
10347 4 2 0 1 4135 1299 1568 3380
10348 4 2 0 1 3380 1399 1299 1567
10349 4 2 0 1 1277 1276 3428 1347
10350 4 2 0 1 3271 3270 1323 3404
10351 4 2 0 1 2964 2988 907 2963
10352 4 2 0 1 868 2937 869 856
10353 4 2 0 1 3012 3014 931 3013
10354 4 2 0 1 930 3011 3012 3013
10355 4 2 0 1 928 3010 3009 3008
10356 4 2 0 1 927 925 926 3007
10357 4 2 0 1 1016 3099 4194 1018
10358 4 2 0 1 3301 1219 1218 3299
10359 4 2 0 1 3296 3230 3239 1149
10360 4 2 0 1 846 2929 2928 848
10361 4 2 0 1 1151 758 4298 2217
10362 4 2 0 1 4298 3513 3232 1432
10363 4 2 0 1 1299 1568 3380 1567
10364 4 2 0 1 713 714 715 2794
10365 4 2 0 1 3522 3521 3519 1438
10366 4 2 0 1 3239 1215 1149 1158
10367 4 2 0 1 3380 3480 3296 1215
10368 4 2 0 1 4135 1568 2108 3649
10369 4 2 0 1 1299 4135 1568 2054
10370 4 2 0 1 1399 3380 3648 1567
10371 4 2 0 1 880 2962 2939 881
10372 4 2 0 1 806 2900 805 819
10373 4 2 0 1 3057 908 977 976
10374 4 2 0 1 2964 907 882 2963
10375 4 2 0 1 3010 930 3011 3012
10376 4 2 0 1 930 931 932 3013
10377 4 2 0 1 934 3014 3017 3015
10378 4 2 0 1 3475 1951 2284 4365
10379 4 2 0 1 1018 1016 2113 4194
10380 4 2 0 1 3099 1016 4194 3097
10381 4 2 0 1 880 2962 905 2961
10382 4 2 0 1 3232 2839 4298 1151
10383 4 2 0 1 2870 790 788 2869
10384 4 2 0 1 2795 2796 714 2794
10385 4 2 0 1 2796 715 714 2794
10386 4 2 0 1 2870 789 790 2892
10387 4 2 0 1 2992 981 3062 4156
10388 4 2 0 1 3030 948 947 949
10389 4 2 0 1 1292 3340 3247 3373
10390 4 2 0 1 2947 4075 2966 866
10391 4 2 0 1 2962 880 905 881
10392 4 2 0 1 1168 1026 3107 1167
10393 4 2 0 1 2962 2961 2986 905
10394 4 2 0 1 1153 1027 3108 1152
10395 4 2 0 1 1153 3233 3108 3234
10396 4 2 0 1 3230 3296 4125 2044
10397 4 2 0 1 3230 3296 2044 1149
10398 4 2 0 1 1560 1561 3640 3642
10399 4 2 0 1 1013 1014 2162 3094
10400 4 2 0 1 2112 2932 2930 4193
10401 4 2 0 1 868 2936 2949 2937
10402 4 2 0 1 925 927 928 3006
10403 4 2 0 1 3006 927 928 3008
10404 4 2 0 1 2839 3223 758 1151
10405 4 2 0 1 2928 2919 2927 838
10406 4 2 0 1 3030 3029 3028 947
10407 4 2 0 1 1168 3107 3248 1167
10408 4 2 0 1 3247 1292 1166 1259
10409 4 2 0 1 2961 2962 2939 880
10410 4 2 0 1 3162 3979 4052 1081
10411 4 2 0 1 3522 3524 3523 1441
10412 4 2 0 1 3521 1441 1438 3522
10413 4 2 0 1 948 3030 3031 949
10414 4 2 0 1 2108 4135 3649 4189
10415 4 2 0 1 1560 3639 1881 3641
10416 4 2 0 1 2892 789 790 811
10417 4 2 0 1 2930 849 850 2900
10418 4 2 0 1 855 898 2068 2936
10419 4 2 0 1 2936 898 2068 2979
10420 4 2 0 1 2112 1973 851 2932
10421 4 2 0 1 3013 930 1951 932
10422 4 2 0 1 927 929 928 3008
10423 4 2 0 1 928 3009 3006 3008
10424 4 2 0 1 3010 929 930 3012
10425 4 2 0 1 3014 934 932 3015
10426 4 2 0 1 3011 1951 3475 4032
10427 4 2 0 1 1020 3102 1022 3101
10428 4 2 0 1 2037 1569 3480 1399
10429 4 2 0 1 3223 2839 3232 1151
10430 4 2 0 1 1151 3223 758 1142
10431 4 2 0 1 1438 3519 3517 1437
10432 4 2 0 1 714 4051 2795 709
10433 4 2 0 1 714 2794 709 2795
10434 4 2 0 1 2869 1967 2793 4048
10435 4 2 0 1 1460 3392 4178 1311
10436 4 2 0 1 4039 2938 2918 857
10437 4 2 0 1 2984 903 885 1994
10438 4 2 0 1 981 2992 2994 911
10439 4 2 0 1 3029 3030 3031 948
10440 4 2 0 1 866 2966 884 885
10441 4 2 0 1 1577 3658 3541 1459
10442 4 2 0 1 1460 1577 3541 1459
10443 4 2 0 1 1026 3050 3107 1027
10444 4 2 0 1 3233 1153 3108 1152
10445 4 2 0 1 4249 844 811 2925
10446 4 2 0 1 1007 3089 1006 3088
10447 4 2 0 1 3102 1020 1022 1021
10448 4 2 0 1 2949 888 869 2969
10449 4 2 0 1 4149 868 1052 2068
10450 4 2 0 1 1951 1394 930 3011
10451 4 2 0 1 4149 3133 1052 2949
10452 4 2 0 1 976 908 883 2964
10453 4 2 0 1 4149 868 2936 2949
10454 4 2 0 1 4141 4132 850 2931
10455 4 2 0 1 2112 3995 4193 2963
10456 4 2 0 1 4141 819 850 2060
10457 4 2 0 1 868 855 2936 2937
10458 4 2 0 1 3194 1251 3379 3332
10459 4 2 0 1 4006 1394 2284 3475
10460 4 2 0 1 931 930 929 3012
10461 4 2 0 1 2072 4153 3186 3184
10462 4 2 0 1 3641 1560 3640 3642
10463 4 2 0 1 1017 1014 4243 2162
10464 4 2 0 1 3380 1568 4135 3649
10465 4 2 0 1 1081 3979 4052 1971
10466 4 2 0 1 787 788 712 2868
10467 4 2 0 1 2868 712 2794 2793
10468 4 2 0 1 3535 1310 3391 3392
10469 4 2 0 1 903 3169 1994 2984
10470 4 2 0 1 837 2892 2925 2918
10471 4 2 0 1 1161 2929 846 848
10472 4 2 0 1 948 3031 3245 950
10473 4 2 0 1 2094 4074 648 1993
10474 4 2 0 1 1569 3480 4118 2037
10475 4 2 0 1 4365 1561 2279 3642
10476 4 2 0 1 1233 1013 1301 3094
10477 4 2 0 1 2887 805 2900 2886
10478 4 2 0 1 908 3057 977 2989
10479 4 2 0 1 2932 853 852 2934
10480 4 2 0 1 2068 868 2936 4149
10481 4 2 0 1 2090 806 2901 4171
10482 4 2 0 1 2284 4006 3475 4365
10483 4 2 0 1 3094 1014 2162 4243
10484 4 2 0 1 1233 3314 3094 3382
10485 4 2 0 1 3183 3184 1048 3129
10486 4 2 0 1 4118 3650 3480 1569
10487 4 2 0 1 1443 3523 3524 1441
10488 4 2 0 1 1436 1438 3517 1437
10489 4 2 0 1 2796 714 716 2795
10490 4 2 0 1 788 2793 2868 2869
10491 4 2 0 1 2794 714 709 713
10492 4 2 0 1 2918 2919 4039 837
10493 4 2 0 1 4039 837 857 2918
10494 4 2 0 1 901 1923 3138 1057
10495 4 2 0 1 2983 1923 2992 4004
10496 4 2 0 1 2928 847 846 848
10497 4 2 0 1 4178 3262 1181 1311
10498 4 2 0 1 3050 3108 3107 1027
10499 4 2 0 1 3035 3034 3036 955
10500 4 2 0 1 3488 2044 4125 3296
10501 4 2 0 1 2900 2930 849 2901
10502 4 2 0 1 1100 1053 3135 3134
10503 4 2 0 1 790 788 789 2870
10504 4 2 0 1 3475 4005 1394 3009
10505 4 2 0 1 2900 849 820 2901
10506 4 2 0 1 2933 2090 2901 4171
10507 4 2 0 1 928 930 1394 3011
10508 4 2 0 1 4005 1924 928 3006
10509 4 2 0 1 3092 1984 961 4065
10510 4 2 0 1 3013 1951 3019 932
10511 4 2 0 1 2072 1105 1103 3186
10512 4 2 0 1 1569 1407 3480 1399
10513 4 2 0 1 2839 758 4298 1151
10514 4 2 0 1 714 4051 709 1970
10515 4 2 0 1 2793 788 2868 712
10516 4 2 0 1 1422 2871 790 2202
10517 4 2 0 1 2892 812 837 811
10518 4 2 0 1 3541 3392 4178 1460
10519 4 2 0 1 1026 3050 1027 969
10520 4 2 0 1 1960 969 4041 905
10521 4 2 0 1 3521 1439 1440 4161
10522 4 2 0 1 1441 3521 1438 1440
10523 4 2 0 1 3032 3034 3033 952
10524 4 2 0 1 1938 1008 3089 1032
10525 4 2 0 1 3089 1008 1938 1007
10526 4 2 0 1 4135 4189 2108 1199
10527 4 2 0 1 855 854 2935 2937
10528 4 2 0 1 3503 4283 2871 1422
10529 4 2 0 1 882 883 2964 2931
10530 4 2 0 1 3186 1103 2072 3184
10531 4 2 0 1 1021 1020 1018 3102
10532 4 2 0 1 806 2900 2901 2887
10533 4 2 0 1 928 3011 3010 930
10534 4 2 0 1 930 3013 1951 3011
10535 4 2 0 1 3015 2129 937 934
10536 4 2 0 1 868 4149 1052 2949
10537 4 2 0 1 907 3061 3995 2988
10538 4 2 0 1 2947 884 2966 2965
10539 4 2 0 1 3317 1237 1235 3318
10540 4 2 0 1 3649 3648 3380 1567
10541 4 2 0 1 1973 2112 4054 2932
10542 4 2 0 1 855 2935 2936 2937
10543 4 2 0 1 785 2886 784 805
10544 4 2 0 1 4006 4005 1394 3475
10545 4 2 0 1 1016 1017 1014 3095
10546 4 2 0 1 3190 3207 1126 3208
10547 4 2 0 1 4135 2108 2054 1199
10548 4 2 0 1 2794 787 712 2868
10549 4 2 0 1 905 2962 906 2986
10550 4 2 0 1 857 2939 2925 844
10551 4 2 0 1 4041 2986 2961 905
10552 4 2 0 1 2984 4075 3169 1994
10553 4 2 0 1 838 2927 812 2919
10554 4 2 0 1 4177 2285 2107 2096
10555 4 2 0 1 3979 1081 1898 1971
10556 4 2 0 1 3230 4125 3227 2044
10557 4 2 0 1 4019 3088 3089 1007
10558 4 2 0 1 3648 4045 4118 1964
10559 4 2 0 1 3650 1407 3480 1569
10560 4 2 0 1 3428 3429 1277 1348
10561 4 2 0 1 2930 850 882 2931
10562 4 2 0 1 2992 2075 1923 911
10563 4 2 0 1 2725 2100 4118 644
10564 4 2 0 1 1581 3660 3662 3661
10565 4 2 0 1 1046 3127 3183 3129
10566 4 2 0 1 1560 1561 1559 3640
10567 4 2 0 1 2227 1233 1302 3314
10568 4 2 0 1 1394 1951 3475 3011
10569 4 2 0 1 4005 928 1394 3009
10570 4 2 0 1 3995 882 907 2963
10571 4 2 0 1 930 3010 928 929
10572 4 2 0 1 3379 1251 1113 1298
10573 4 2 0 1 3270 1474 1323 3555
10574 4 2 0 1 3094 1012 1014 3095
10575 4 2 0 1 2128 2284 1951 4365
10576 4 2 0 1 1564 1565 1562 3645
10577 4 2 0 1 4210 3018 937 4065
10578 4 2 0 1 3184 1048 1104 1103
10579 4 2 0 1 4074 4181 2729 2100
10580 4 2 0 1 2044 3296 1407 1215
10581 4 2 0 1 3245 3029 3031 948
10582 4 2 0 1 709 2795 2794 2790
10583 4 2 0 1 716 715 714 2796
10584 4 2 0 1 2869 2870 790 2871
10585 4 2 0 1 2929 1161 846 3242
10586 4 2 0 1 2928 2927 2929 846
10587 4 2 0 1 4004 2075 2992 4156
10588 4 2 0 1 902 1923 2983 901
10589 4 2 0 1 3540 3541 3658 1459
10590 4 2 0 1 3108 3050 3233 1152
10591 4 2 0 1 1311 3535 1459 3392
10592 4 2 0 1 2793 788 712 1967
10593 4 2 0 1 4052 4051 1081 1970
10594 4 2 0 1 2223 3035 3033 4304
10595 4 2 0 1 3031 948 949 950
10596 4 2 0 1 3488 2044 3296 1407
10597 4 2 0 1 1568 3649 3380 1567
10598 4 2 0 1 4118 2100 1569 2037
10599 4 2 0 1 4189 4135 3280 1199
10600 4 2 0 1 1215 1399 3480 1407
10601 4 2 0 1 1218 1220 1219 3301
10602 4 2 0 1 1048 1102 1103 3183
10603 4 2 0 1 3639 1881 3641 3962
10604 4 2 0 1 2090 806 820 2901
10605 4 2 0 1 854 855 856 2937
10606 4 2 0 1 1229 1228 1176 3310
10607 4 2 0 1 3057 977 2989 3058
10608 4 2 0 1 851 852 820 2901
10609 4 2 0 1 2068 2936 2979 4149
10610 4 2 0 1 3194 1114 3332 3195
10611 4 2 0 1 3064 1119 1240 3200
10612 4 2 0 1 937 961 1984 4065
10613 4 2 0 1 3639 1560 1881 1558
10614 4 2 0 1 1555 3636 3383 3382
10615 4 2 0 1 4210 937 1984 4065
10616 4 2 0 1 1022 3101 3102 3103
10617 4 2 0 1 648 4175 4074 2094
10618 4 2 0 1 2729 648 4074 2100
10619 4 2 0 1 3027 3028 3029 947
10620 4 2 0 1 3248 3249 3107 1168
10621 4 2 0 1 2984 2983 2966 885
10622 4 2 0 1 2985 3045 2053 904
10623 4 2 0 1 905 968 2986 906
10624 4 2 0 1 838 4039 2919 837
10625 4 2 0 1 2929 2927 3242 846
10626 4 2 0 1 3541 4188 3658 1577
10627 4 2 0 1 2107 3541 4177 1460
10628 4 2 0 1 3021 2987 3022 940
10629 4 2 0 1 2925 837 857 844
10630 4 2 0 1 942 3022 3024 943
10631 4 2 0 1 952 3032 3034 951
10632 4 2 0 1 1883 3033 2223 952
10633 4 2 0 1 3088 4019 3465 1007
10634 4 2 0 1 1007 4019 3465 1384
10635 4 2 0 1 4181 3650 4118 1569
10636 4 2 0 1 3119 1037 3117 1038
10637 4 2 0 1 2044 3227 3230 1149
10638 4 2 0 1 2100 2725 4118 4181
10639 4 2 0 1 2100 4118 1569 4181
10640 4 2 0 1 3648 2037 1567 1964
10641 4 2 0 1 907 980 1914 3995
10642 4 2 0 1 1100 1053 1054 3135
10643 4 2 0 1 3011 3475 1394 3009
10644 4 2 0 1 2900 805 819 4141
10645 4 2 0 1 851 852 2901 2932
10646 4 2 0 1 883 4132 2964 2931
10647 4 2 0 1 1394 1924 928 4005
10648 4 2 0 1 3011 928 3010 3009
10649 4 2 0 1 3094 1011 1233 1013
10650 4 2 0 1 3099 1018 1020 3102
10651 4 2 0 1 2252 3254 3255 1173
10652 4 2 0 1 1046 1047 3129 1048
10653 4 2 0 1 3521 1439 4161 3520
10654 4 2 0 1 3518 3517 3519 1437
10655 4 2 0 1 2794 709 712 713
10656 4 2 0 1 2799 719 717 2798
10657 4 2 0 1 1994 4177 2285 4075
10658 4 2 0 1 2892 790 2870 2871
10659 4 2 0 1 2984 3169 3045 903
10660 4 2 0 1 3029 3245 2006 948
10661 4 2 0 1 885 4075 2984 1994
10662 4 2 0 1 2869 790 788 1422
10663 4 2 0 1 4039 1988 1958 838
10664 4 2 0 1 4366 4188 4177 2107
10665 4 2 0 1 1460 4178 4177 2097
10666 4 2 0 1 3028 3027 945 947
10667 4 2 0 1 1439 1440 4161 2080
10668 4 2 0 1 950 3033 3032 3031
10669 4 2 0 1 1031 3113 3089 1032
10670 4 2 0 1 2901 852 2090 2933
10671 4 2 0 1 852 851 853 2932
10672 4 2 0 1 869 2949 2969 2950
10673 4 2 0 1 3123 1024 3124 3105
10674 4 2 0 1 1984 1011 1233 3092
10675 4 2 0 1 2107 1577 3541 1460
10676 4 2 0 1 3099 4194 1018 3102
10677 4 2 0 1 3092 3314 1984 4065
10678 4 2 0 1 2900 806 805 2887
10679 4 2 0 1 1228 1229 1296 3377
10680 4 2 0 1 3315 981 3316 3062
10681 4 2 0 1 2950 2969 869 3268
10682 4 2 0 1 3262 3391 1310 3392
10683 4 2 0 1 907 908 2988 2964
10684 4 2 0 1 4132 3057 976 2964
10685 4 2 0 1 882 2964 2963 2931
10686 4 2 0 1 852 2933 2932 2934
10687 4 2 0 1 2129 937 1984 4210
10688 4 2 0 1 1951 3019 4209 4032
10689 4 2 0 1 4365 4032 1951 4209
10690 4 2 0 1 3013 3015 932 3019
10691 4 2 0 1 3094 3314 1233 3092
10692 4 2 0 1 1022 4173 3103 3205
10693 4 2 0 1 3641 1563 1562 3644
10694 4 2 0 1 3137 773 771 2854
10695 4 2 0 1 2037 3648 4118 1964
10696 4 2 0 1 3032 3031 3030 949
10697 4 2 0 1 709 4051 2795 2790
10698 4 2 0 1 1438 1439 3519 1437
10699 4 2 0 1 3028 3027 3026 945
10700 4 2 0 1 1167 1026 3107 1027
10701 4 2 0 1 901 2966 2983 885
10702 4 2 0 1 885 2966 4075 866
10703 4 2 0 1 2983 903 902 885
10704 4 2 0 1 1542 3623 2961 1960
10705 4 2 0 1 1960 2961 905 4041
10706 4 2 0 1 4273 1182 4348 2192
10707 4 2 0 1 950 3033 1883 952
10708 4 2 0 1 3245 1164 948 950
10709 4 2 0 1 3337 1133 4105 3214
10710 4 2 0 1 2060 805 1956 4141
10711 4 2 0 1 4178 1181 1089 2097
10712 4 2 0 1 819 4141 850 2900
10713 4 2 0 1 3011 1394 928 3009
10714 4 2 0 1 1556 3383 3637 3638
10715 4 2 0 1 2931 2930 850 2900
10716 4 2 0 1 940 2987 3022 941
10717 4 2 0 1 1305 1269 3387 3350
10718 4 2 0 1 907 908 3060 2988
10719 4 2 0 1 907 908 979 3060
10720 4 2 0 1 4132 976 883 2964
10721 4 2 0 1 1251 3194 3379 1113
10722 4 2 0 1 1925 1394 2284 4006
10723 4 2 0 1 3095 1016 1017 3098
10724 4 2 0 1 1556 3636 3383 1555
10725 4 2 0 1 1021 3659 4194 1578
10726 4 2 0 1 3162 714 4051 2795
10727 4 2 0 1 2793 708 709 2789
10728 4 2 0 1 4385 4401 4279 2304
10729 4 2 0 1 1167 3107 3248 1027
10730 4 2 0 1 1164 2006 3245 948
10731 4 2 0 1 2892 2925 4249 811
10732 4 2 0 1 968 2986 969 905
10733 4 2 0 1 4039 4069 1988 838
10734 4 2 0 1 968 2987 2986 906
10735 4 2 0 1 812 2892 790 811
10736 4 2 0 1 3541 2107 4177 4188
10737 4 2 0 1 3392 1460 1459 1311
10738 4 2 0 1 4401 2304 2320 2198
10739 4 2 0 1 2217 735 4273 2192
10740 4 2 0 1 1008 1031 3089 1032
10741 4 2 0 1 1938 4019 3089 1007
10742 4 2 0 1 4118 644 2100 2037
10743 4 2 0 1 1407 3296 3480 1215
10744 4 2 0 1 1187 2969 869 888
10745 4 2 0 1 882 3995 2112 2963
10746 4 2 0 1 4141 805 1956 2886
10747 4 2 0 1 904 913 2994 911
10748 4 2 0 1 1938 3089 3113 1032
10749 4 2 0 1 1305 1269 1306 3387
10750 4 2 0 1 938 4209 3019 4014
10751 4 2 0 1 3127 1047 3129 1046
10752 4 2 0 1 1018 2113 1021 4194
10753 4 2 0 1 3184 1048 1103 3183
10754 4 2 0 1 850 2060 2051 4141
10755 4 2 0 1 977 976 1086 3057
10756 4 2 0 1 3029 3245 4087 2006
10757 4 2 0 1 908 3057 2989 2964
10758 4 2 0 1 820 852 2090 2901
10759 4 2 0 1 2967 854 2935 4229
10760 4 2 0 1 2865 2886 784 2866
10761 4 2 0 1 3270 4301 1474 3555
10762 4 2 0 1 3007 927 3006 3008
10763 4 2 0 1 3019 1951 4209 938
10764 4 2 0 1 3094 1011 1012 3093
10765 4 2 0 1 3101 3099 1020 3102
10766 4 2 0 1 3254 1173 1126 3208
10767 4 2 0 1 1993 4074 648 2100
10768 4 2 0 1 4019 3089 3113 1938
10769 4 2 0 1 3027 946 947 948
10770 4 2 0 1 3521 1438 1439 3519
10771 4 2 0 1 2871 790 2869 1422
10772 4 2 0 1 719 2799 2800 2798
10773 4 2 0 1 2097 3169 4177 1088
10774 4 2 0 1 3107 1168 2187 1026
10775 4 2 0 1 2983 2984 903 885
10776 4 2 0 1 1994 885 4075 866
10777 4 2 0 1 838 1958 4039 837
10778 4 2 0 1 2919 2893 2927 812
10779 4 2 0 1 2304 4401 4279 2198
10780 4 2 0 1 2285 4177 2107 4366
10781 4 2 0 1 4177 1994 2096 1088
10782 4 2 0 1 2187 3107 1026 968
10783 4 2 0 1 3623 4041 2961 1960
10784 4 2 0 1 3623 857 2961 2938
10785 4 2 0 1 844 4249 811 2168
10786 4 2 0 1 3523 1441 3521 3522
10787 4 2 0 1 3031 1883 3033 3964
10788 4 2 0 1 2006 3027 3029 948
10789 4 2 0 1 3273 3253 3252 1192
10790 4 2 0 1 3296 1407 3480 3488
10791 4 2 0 1 3428 3358 3357 1276
10792 4 2 0 1 3271 1323 1324 3404
10793 4 2 0 1 806 2089 785 2887
10794 4 2 0 1 1407 3650 3480 3488
10795 4 2 0 1 4273 3530 3513 2192
10796 4 2 0 1 4209 1559 1561 3640
10797 4 2 0 1 856 2967 854 2937
10798 4 2 0 1 908 976 3057 2964
10799 4 2 0 1 853 855 854 2934
10800 4 2 0 1 3133 888 1052 2949
10801 4 2 0 1 1925 4005 1394 4006
10802 4 2 0 1 927 926 935 3007
10803 4 2 0 1 1560 1562 1561 3642
10804 4 2 0 1 3636 1556 3383 3637
10805 4 2 0 1 1555 1302 1301 3382
10806 4 2 0 1 1019 3099 1020 3100
10807 4 2 0 1 3190 1127 1126 1109
10808 4 2 0 1 3643 3641 1562 3644
10809 4 2 0 1 4108 2803 722 2801
10810 4 2 0 1 4041 1152 2086 3233
10811 4 2 0 1 2304 3658 4401 2320
10812 4 2 0 1 2869 3503 2871 1422
10813 4 2 0 1 2947 4075 866 2285
10814 4 2 0 1 954 2223 3033 952
10815 4 2 0 1 2075 4004 2992 1923
10816 4 2 0 1 2992 911 1923 902
10817 4 2 0 1 2927 838 812 846
10818 4 2 0 1 3541 4178 4177 1460
10819 4 2 0 1 4401 4385 3658 2304
10820 4 2 0 1 3541 4188 1577 2107
10821 4 2 0 1 4178 1089 3169 2097
10822 4 2 0 1 3169 4177 4178 2097
10823 4 2 0 1 2961 1960 905 880
10824 4 2 0 1 1439 3518 3519 1437
10825 4 2 0 1 1443 1442 3523 1441
10826 4 2 0 1 1007 1938 4019 1384
10827 4 2 0 1 2887 2901 806 4171
10828 4 2 0 1 2799 718 720 845
10829 4 2 0 1 4041 969 1152 3050
10830 4 2 0 1 2060 819 805 4141
10831 4 2 0 1 1240 3321 3064 3200
10832 4 2 0 1 1240 983 1119 3064
10833 4 2 0 1 1234 981 1235 3316
10834 4 2 0 1 2949 3133 888 2969
10835 4 2 0 1 1190 1323 1324 3271
10836 4 2 0 1 1237 3317 1235 1236
10837 4 2 0 1 981 3315 3316 1234
10838 4 2 0 1 3061 907 3995 980
10839 4 2 0 1 2963 4193 2112 2930
10840 4 2 0 1 2967 854 4229 886
10841 4 2 0 1 1114 1251 3194 3332
10842 4 2 0 1 1474 1323 1189 3270
10843 4 2 0 1 2900 805 4141 2886
10844 4 2 0 1 3324 1244 1245 1243
10845 4 2 0 1 3020 933 931 3014
10846 4 2 0 1 3015 934 932 3019
10847 4 2 0 1 1302 1555 3383 3382
10848 4 2 0 1 961 937 3018 4065
10849 4 2 0 1 3101 1020 3099 3100
10850 4 2 0 1 1219 3301 3300 3299
10851 4 2 0 1 3239 1149 3231 1158
10852 4 2 0 1 3216 1133 1135 3215
10853 4 2 0 1 3113 1031 3089 3112
10854 4 2 0 1 3527 3525 3524 1446
10855 4 2 0 1 2799 717 2797 2798
10856 4 2 0 1 712 708 709 2793
10857 4 2 0 1 1459 3658 3540 2304
10858 4 2 0 1 3170 3262 1181 4178
10859 4 2 0 1 811 4249 789 2168
10860 4 2 0 1 812 838 2919 837
10861 4 2 0 1 4039 857 3623 2938
10862 4 2 0 1 2918 2938 2925 857
10863 4 2 0 1 4449 4382 3670 2368
10864 4 2 0 1 3050 1027 969 1152
10865 4 2 0 1 2983 902 901 885
10866 4 2 0 1 3392 3535 1310 1311
10867 4 2 0 1 3169 1994 4177 1088
10868 4 2 0 1 3524 1446 1444 1443
10869 4 2 0 1 1438 3521 1439 1440
10870 4 2 0 1 947 3029 3027 948
10871 4 2 0 1 949 3032 3031 950
10872 4 2 0 1 950 949 3032 951
10873 4 2 0 1 3428 3429 3358 1277
10874 4 2 0 1 3167 1087 977 3168
10875 4 2 0 1 1140 4019 3113 1938
10876 4 2 0 1 4308 1984 4210 2227
10877 4 2 0 1 3254 2252 3255 4333
10878 4 2 0 1 1104 3129 1048 3184
10879 4 2 0 1 1562 3641 3642 1560
10880 4 2 0 1 2227 2129 1984 4210
10881 4 2 0 1 1244 3326 3324 1245
10882 4 2 0 1 2969 1187 869 3268
10883 4 2 0 1 3310 1228 1176 3309
10884 4 2 0 1 3309 1176 3310 3257
10885 4 2 0 1 2963 2112 882 2930
10886 4 2 0 1 851 849 2112 2930
10887 4 2 0 1 907 2988 3995 2963
10888 4 2 0 1 2932 2112 2930 851
10889 4 2 0 1 888 868 1052 2949
10890 4 2 0 1 938 932 934 3019
10891 4 2 0 1 3404 3270 1323 3555
10892 4 2 0 1 4365 1951 2128 4209
10893 4 2 0 1 3641 1562 3642 3643
10894 4 2 0 1 1016 3095 3097 3098
10895 4 2 0 1 1011 3094 1233 3092
10896 4 2 0 1 961 3092 4065 3042
10897 4 2 0 1 1127 3190 1126 3208
10898 4 2 0 1 1149 2044 3227 1146
10899 4 2 0 1 1158 1149 3231 1150
10900 4 2 0 1 4298 735 4273 2217
10901 4 2 0 1 716 2797 2796 2795
10902 4 2 0 1 1081 4051 714 1970
10903 4 2 0 1 709 2793 2794 712
10904 4 2 0 1 1459 1577 3658 2304
10905 4 2 0 1 4134 3045 2053 2985
10906 4 2 0 1 3340 1292 3247 1259
10907 4 2 0 1 3023 942 944 1846
10908 4 2 0 1 4075 4366 4177 2285
10909 4 2 0 1 1923 2983 2992 902
10910 4 2 0 1 837 4039 857 1958
10911 4 2 0 1 2893 2918 2892 837
10912 4 2 0 1 4069 2928 847 838
10913 4 2 0 1 3623 857 1542 2961
10914 4 2 0 1 2187 3249 3107 4268
10915 4 2 0 1 969 4041 1152 1960
10916 4 2 0 1 2962 905 906 881
10917 4 2 0 1 837 2925 857 2918
10918 4 2 0 1 1164 3245 3965 1883
10919 4 2 0 1 1133 3337 4105 1256
10920 4 2 0 1 1037 3119 3117 3118
10921 4 2 0 1 3135 1130 1100 3181
10922 4 2 0 1 1228 3310 3377 3309
10923 4 2 0 1 805 806 785 2887
10924 4 2 0 1 4310 1054 3133 3135
10925 4 2 0 1 4048 2789 4279 2198
10926 4 2 0 1 2986 968 969 3049
10927 4 2 0 1 3099 1019 1020 1018
10928 4 2 0 1 1237 3319 1235 3318
10929 4 2 0 1 4132 850 2051 4141
10930 4 2 0 1 2985 2984 3045 903
10931 4 2 0 1 1310 3535 1466 1454
10932 4 2 0 1 3995 882 2112 1914
10933 4 2 0 1 852 2148 2090 2933
10934 4 2 0 1 1323 1190 1189 3270
10935 4 2 0 1 1114 1251 1113 3194
10936 4 2 0 1 3008 3007 927 3016
10937 4 2 0 1 3639 1560 3640 3641
10938 4 2 0 1 1013 2162 1301 3094
10939 4 2 0 1 4308 1302 3314 2227
10940 4 2 0 1 1019 1017 3099 3098
10941 4 2 0 1 1173 1127 1126 3208
10942 4 2 0 1 2854 773 771 2853
10943 4 2 0 1 716 4121 718 2797
10944 4 2 0 1 2799 720 2801 845
10945 4 2 0 1 1884 1883 3966 1885
10946 4 2 0 1 717 2797 2796 716
10947 4 2 0 1 884 2947 2966 866
10948 4 2 0 1 3023 3022 3024 942
10949 4 2 0 1 3244 3927 944 1163
10950 4 2 0 1 901 3138 3136 1057
10951 4 2 0 1 2918 2893 2919 837
10952 4 2 0 1 3262 1310 1181 1311
10953 4 2 0 1 4177 1460 2097 2096
10954 4 2 0 1 2987 2962 2986 906
10955 4 2 0 1 1960 2961 1542 880
10956 4 2 0 1 2987 940 2962 906
10957 4 2 0 1 1163 3927 944 1846
10958 4 2 0 1 2006 946 3027 948
10959 4 2 0 1 3245 3964 3965 1883
10960 4 2 0 1 953 952 3034 951
10961 4 2 0 1 773 3137 771 1056
10962 4 2 0 1 1053 3135 3134 3133
10963 4 2 0 1 888 1052 1053 3133
10964 4 2 0 1 1556 3383 3638 1302
10965 4 2 0 1 1104 3184 1103 3186
10966 4 2 0 1 980 907 979 3061
10967 4 2 0 1 2129 3015 937 4210
10968 4 2 0 1 854 2933 2935 4229
10969 4 2 0 1 2994 981 3315 3062
10970 4 2 0 1 3316 4080 1234 3315
10971 4 2 0 1 1029 2274 980 3110
10972 4 2 0 1 3265 3051 1184 2990
10973 4 2 0 1 3018 937 3015 4210
10974 4 2 0 1 932 938 1951 3019
10975 4 2 0 1 1565 3643 3645 3646
10976 4 2 0 1 1174 1127 1173 3255
10977 4 2 0 1 1104 3129 3184 3185
10978 4 2 0 1 771 3137 2854 2852
10979 4 2 0 1 1005 3087 3088 1006
10980 4 2 0 1 4298 4273 735 2816
10981 4 2 0 1 2793 709 2794 2790
10982 4 2 0 1 2787 709 4051 706
10983 4 2 0 1 3535 1310 1466 3391
10984 4 2 0 1 4249 2870 789 1398
10985 4 2 0 1 2986 3050 3049 969
10986 4 2 0 1 2939 857 858 844
10987 4 2 0 1 3541 3540 3392 1459
10988 4 2 0 1 2107 1460 4177 2096
10989 4 2 0 1 4268 3049 3107 968
10990 4 2 0 1 844 2925 4249 1160
10991 4 2 0 1 2301 1589 3670 2368
10992 4 2 0 1 4248 2039 2796 2167
10993 4 2 0 1 958 3036 3037 3039
10994 4 2 0 1 955 954 3034 953
10995 4 2 0 1 3216 1133 3215 3214
10996 4 2 0 1 1305 1999 1238 4080
10997 4 2 0 1 1104 3184 3186 3185
10998 4 2 0 1 2031 929 3010 3012
10999 4 2 0 1 806 2090 2089 4171
11000 4 2 0 1 4301 1189 1474 2220
11001 4 2 0 1 3386 1305 1238 4080
11002 4 2 0 1 977 3167 3168 3058
11003 4 2 0 1 3318 1235 3317 3316
11004 4 2 0 1 1014 1013 1012 3094
11005 4 2 0 1 2142 2342 2379 4423
11006 4 2 0 1 1114 3270 973 1189
11007 4 2 0 1 973 3054 4301 3270
11008 4 2 0 1 3006 1924 3004 4005
11009 4 2 0 1 1881 3641 1563 1560
11010 4 2 0 1 2284 2128 1561 4365
11011 4 2 0 1 4209 1561 4365 3642
11012 4 2 0 1 1555 3383 1556 1302
11013 4 2 0 1 3095 3094 1012 3093
11014 4 2 0 1 1126 3190 1108 3207
11015 4 2 0 1 1105 1106 1104 3187
11016 4 2 0 1 4249 3479 2870 1398
11017 4 2 0 1 709 2793 2789 2790
11018 4 2 0 1 706 709 708 2787
11019 4 2 0 1 2802 719 720 2800
11020 4 2 0 1 2096 2097 4177 1088
11021 4 2 0 1 2893 790 2871 2202
11022 4 2 0 1 4156 981 3317 2075
11023 4 2 0 1 2097 1089 3169 1088
11024 4 2 0 1 1994 3169 4177 4075
11025 4 2 0 1 4266 2987 3049 968
11026 4 2 0 1 903 2985 2983 902
11027 4 2 0 1 2985 2992 2983 902
11028 4 2 0 1 2892 837 2925 811
11029 4 2 0 1 2987 968 2986 3049
11030 4 2 0 1 4304 3964 3033 1883
11031 4 2 0 1 3025 3244 3927 944
11032 4 2 0 1 3035 2223 3033 954
11033 4 2 0 1 4161 3979 2080 1971
11034 4 2 0 1 1006 3088 1005 1007
11035 4 2 0 1 1140 1938 3113 1032
11036 4 2 0 1 1037 1036 3117 1038
11037 4 2 0 1 1149 3239 3231 3230
11038 4 2 0 1 2304 1577 3658 2320
11039 4 2 0 1 2796 2167 2039 715
11040 4 2 0 1 1228 3377 1396 3309
11041 4 2 0 1 3094 2162 1301 4243
11042 4 2 0 1 4194 1021 1018 3102
11043 4 2 0 1 1019 1017 1018 3099
11044 4 2 0 1 2787 2789 705 2786
11045 4 2 0 1 852 854 2148 2933
11046 4 2 0 1 907 1914 882 3995
11047 4 2 0 1 1238 1269 3349 1268
11048 4 2 0 1 1086 1087 977 3167
11049 4 2 0 1 4051 706 709 1970
11050 4 2 0 1 3310 1228 3377 1229
11051 4 2 0 1 2887 2089 4171 806
11052 4 2 0 1 1323 1190 3270 3271
11053 4 2 0 1 1189 4301 1474 3270
11054 4 2 0 1 1103 1191 2072 3184
11055 4 2 0 1 2801 720 722 2027
11056 4 2 0 1 4121 716 718 2040
11057 4 2 0 1 3519 1439 3521 3520
11058 4 2 0 1 1441 1442 3521 1440
11059 4 2 0 1 4048 708 2793 2789
11060 4 2 0 1 4283 2871 1422 2202
11061 4 2 0 1 2187 3107 968 4268
11062 4 2 0 1 4039 1988 4040 1958
11063 4 2 0 1 2928 4069 2919 838
11064 4 2 0 1 3023 3021 3022 940
11065 4 2 0 1 3535 3392 3540 1459
11066 4 2 0 1 3050 3108 1027 1152
11067 4 2 0 1 3245 4293 4087 2006
11068 4 2 0 1 3670 2185 1589 2301
11069 4 2 0 1 708 4048 2198 2789
11070 4 2 0 1 4052 4051 3162 1081
11071 4 2 0 1 1971 4052 1081 1970
11072 4 2 0 1 1441 3523 3521 1442
11073 4 2 0 1 4348 2192 1182 2267
11074 4 2 0 1 3644 3641 1563 3962
11075 4 2 0 1 3659 1021 4194 3102
11076 4 2 0 1 946 945 3027 947
11077 4 2 0 1 1100 1054 1130 3135
11078 4 2 0 1 1174 1173 2252 3255
11079 4 2 0 1 3643 1565 3645 1562
11080 4 2 0 1 4365 2279 2284 4006
11081 4 2 0 1 3322 1242 1243 3323
11082 4 2 0 1 3200 1242 1241 3322
11083 4 2 0 1 2886 805 785 2887
11084 4 2 0 1 854 886 2148 4229
11085 4 2 0 1 2112 4193 4054 2932
11086 4 2 0 1 4080 1234 1235 3316
11087 4 2 0 1 882 849 850 2930
11088 4 2 0 1 1029 1176 1228 3309
11089 4 2 0 1 3167 977 3057 3058
11090 4 2 0 1 1176 3110 3257 3309
11091 4 2 0 1 1028 1029 980 3110
11092 4 2 0 1 3060 908 2255 2989
11093 4 2 0 1 1028 3109 3110 3061
11094 4 2 0 1 1011 1012 1013 3094
11095 4 2 0 1 4434 2353 1184 3051
11096 4 2 0 1 1246 3326 1244 1245
11097 4 2 0 1 1014 1015 1016 3095
11098 4 2 0 1 3314 1984 1233 3092
11099 4 2 0 1 3207 3254 1126 3208
11100 4 2 0 1 3641 1881 1563 3962
11101 4 2 0 1 3245 2212 2006 1164
11102 4 2 0 1 940 3022 942 941
11103 4 2 0 1 954 3033 3034 952
11104 4 2 0 1 1445 3521 4161 3526
11105 4 2 0 1 1972 4161 3526 1445
11106 4 2 0 1 1882 2926 2040 3963
11107 4 2 0 1 2798 719 717 2815
11108 4 2 0 1 2983 2984 2985 903
11109 4 2 0 1 812 2919 2893 837
11110 4 2 0 1 4385 3540 3658 2304
11111 4 2 0 1 1089 4178 3169 3170
11112 4 2 0 1 1460 3392 1459 3541
11113 4 2 0 1 3169 964 903 1088
11114 4 2 0 1 2168 4249 789 1398
11115 4 2 0 1 4293 4087 2006 1848
11116 4 2 0 1 4397 4385 707 2316
11117 4 2 0 1 1442 1445 3521 1440
11118 4 2 0 1 3521 1445 4161 1440
11119 4 2 0 1 3116 3221 3113 1035
11120 4 2 0 1 954 3035 2223 1077
11121 4 2 0 1 989 3984 3938 1857
11122 4 2 0 1 1560 1559 1558 3640
11123 4 2 0 1 3099 1017 1016 3098
11124 4 2 0 1 4365 2279 4006 4360
11125 4 2 0 1 2967 856 854 886
11126 4 2 0 1 3350 3387 1305 3386
11127 4 2 0 1 913 981 1234 3315
11128 4 2 0 1 3045 1089 1179 964
11129 4 2 0 1 882 2963 2930 2931
11130 4 2 0 1 2933 854 2148 4229
11131 4 2 0 1 1972 2080 4161 1445
11132 4 2 0 1 970 909 1184 2990
11133 4 2 0 1 1244 3327 3326 1246
11134 4 2 0 1 931 939 933 3020
11135 4 2 0 1 1951 3011 3013 4032
11136 4 2 0 1 1561 4209 3640 3642
11137 4 2 0 1 4194 1021 1578 2113
11138 4 2 0 1 1017 3099 1016 1018
11139 4 2 0 1 1124 1022 1021 3102
11140 4 2 0 1 2157 3198 1043 1117
11141 4 2 0 1 1106 3189 3190 3187
11142 4 2 0 1 4019 1140 3113 3221
11143 4 2 0 1 1005 3085 3087 1006
11144 4 2 0 1 2790 2789 709 2787
11145 4 2 0 1 1164 3965 2212 1884
11146 4 2 0 1 3242 4337 4188 2256
11147 4 2 0 1 4167 3233 4041 2086
11148 4 2 0 1 4041 3233 3050 1152
11149 4 2 0 1 3138 2982 4004 1923
11150 4 2 0 1 2982 2983 1923 901
11151 4 2 0 1 3045 964 2053 904
11152 4 2 0 1 904 2992 902 911
11153 4 2 0 1 812 2893 2927 2202
11154 4 2 0 1 4249 789 2892 811
11155 4 2 0 1 1161 3242 4188 2256
11156 4 2 0 1 1988 4039 4040 4069
11157 4 2 0 1 857 1958 3623 1542
11158 4 2 0 1 3022 942 941 943
11159 4 2 0 1 1311 3535 1310 1454
11160 4 2 0 1 712 708 2793 1967
11161 4 2 0 1 1445 2080 4161 1440
11162 4 2 0 1 4108 845 2027 2056
11163 4 2 0 1 3035 3158 4304 2223
11164 4 2 0 1 3034 3035 954 955
11165 4 2 0 1 1241 2141 1240 3322
11166 4 2 0 1 1053 1054 3135 3133
11167 4 2 0 1 1882 2926 845 2040
11168 4 2 0 1 1243 3322 1244 1241
11169 4 2 0 1 714 3162 4051 1081
11170 4 2 0 1 4132 883 850 2931
11171 4 2 0 1 2982 2983 4004 1923
11172 4 2 0 1 981 2994 3315 913
11173 4 2 0 1 3060 907 3061 979
11174 4 2 0 1 1176 3110 3309 1029
11175 4 2 0 1 2887 2089 785 4170
11176 4 2 0 1 925 927 3006 3007
11177 4 2 0 1 2220 973 971 3052
11178 4 2 0 1 1244 3326 3325 3324
11179 4 2 0 1 2031 3010 4112 3012
11180 4 2 0 1 1951 3013 3019 4032
11181 4 2 0 1 3095 1015 3097 3096
11182 4 2 0 1 3255 1127 1173 3208
11183 4 2 0 1 906 968 4266 2185
11184 4 2 0 1 1444 3523 3524 1443
11185 4 2 0 1 3029 4087 3027 2006
11186 4 2 0 1 2797 4121 718 2799
11187 4 2 0 1 718 719 717 2799
11188 4 2 0 1 719 2800 4034 2815
11189 4 2 0 1 2870 2868 787 3479
11190 4 2 0 1 2212 3245 3965 1164
11191 4 2 0 1 968 4266 2987 906
11192 4 2 0 1 2893 2892 790 812
11193 4 2 0 1 4366 848 2947 2929
11194 4 2 0 1 2198 2320 4401 1967
11195 4 2 0 1 812 790 2893 2202
11196 4 2 0 1 2893 2871 4283 2202
11197 4 2 0 1 2983 2982 2966 901
11198 4 2 0 1 981 3317 3062 4156
11199 4 2 0 1 3138 2982 1923 901
11200 4 2 0 1 2925 2938 2939 857
11201 4 2 0 1 2925 3241 4249 1160
11202 4 2 0 1 3078 4379 3210 997
11203 4 2 0 1 4048 2793 708 1967
11204 4 2 0 1 3518 1439 3519 3520
11205 4 2 0 1 1449 1432 3513 2192
11206 4 2 0 1 1077 954 3035 956
11207 4 2 0 1 2223 4304 3033 1883
11208 4 2 0 1 4105 1133 1256 2024
11209 4 2 0 1 849 882 2112 2930
11210 4 2 0 1 1973 2112 2312 4054
11211 4 2 0 1 1559 4209 4014 3640
11212 4 2 0 1 2227 1984 1233 3314
11213 4 2 0 1 1302 3638 4308 3383
11214 4 2 0 1 1580 3660 1581 3661
11215 4 2 0 1 1052 2229 1054 3133
11216 4 2 0 1 3134 888 1053 3133
11217 4 2 0 1 2060 4362 2051 4141
11218 4 2 0 1 3350 1238 3349 3319
11219 4 2 0 1 883 2051 976 4132
11220 4 2 0 1 1179 3170 3045 3260
11221 4 2 0 1 2932 4054 1973 2934
11222 4 2 0 1 2926 4108 4137 2056
11223 4 2 0 1 2227 4014 1557 1933
11224 4 2 0 1 2128 938 1933 4209
11225 4 2 0 1 3051 970 1184 2990
11226 4 2 0 1 973 3054 3270 3195
11227 4 2 0 1 4233 2152 1187 3473
11228 4 2 0 1 3329 3342 1248 3343
11229 4 2 0 1 4005 1925 1394 1924
11230 4 2 0 1 3093 3094 1011 3092
11231 4 2 0 1 2202 2927 812 846
11232 4 2 0 1 2301 3670 4382 2368
11233 4 2 0 1 3027 3025 3026 945
11234 4 2 0 1 4188 4366 1161 2107
11235 4 2 0 1 4177 1994 2285 2096
11236 4 2 0 1 811 837 2925 844
11237 4 2 0 1 3241 1160 2052 2314
11238 4 2 0 1 1445 3523 3521 3526
11239 4 2 0 1 3966 2223 1885 1883
11240 4 2 0 1 952 3034 954 953
11241 4 2 0 1 1133 3215 3214 1040
11242 4 2 0 1 1135 3252 1136 1171
11243 4 2 0 1 2725 644 4118 1964
11244 4 2 0 1 1235 1238 1999 4080
11245 4 2 0 1 2227 4014 4308 1557
11246 4 2 0 1 1559 4209 1561 2128
11247 4 2 0 1 1237 3349 3319 3318
11248 4 2 0 1 3349 1238 1268 1237
11249 4 2 0 1 1238 3386 4080 3319
11250 4 2 0 1 1374 1464 1309 3390
11251 4 2 0 1 3322 3200 1242 3323
11252 4 2 0 1 1242 1241 1119 3200
11253 4 2 0 1 1246 1245 3328 3326
11254 4 2 0 1 2279 4360 3642 3643
11255 4 2 0 1 1302 4308 3314 3383
11256 4 2 0 1 997 4379 3210 1129
11257 4 2 0 1 3162 716 714 2795
11258 4 2 0 1 2805 723 2803 2804
11259 4 2 0 1 729 2808 2809 2810
11260 4 2 0 1 2926 2056 1882 845
11261 4 2 0 1 1181 1089 3170 4178
11262 4 2 0 1 709 2787 4051 2790
11263 4 2 0 1 4279 707 2786 2788
11264 4 2 0 1 2994 2992 904 911
11265 4 2 0 1 3049 4268 4266 968
11266 4 2 0 1 812 2893 2892 837
11267 4 2 0 1 981 1236 3317 2075
11268 4 2 0 1 2187 4266 968 2185
11269 4 2 0 1 4075 1994 866 2285
11270 4 2 0 1 964 3169 903 3045
11271 4 2 0 1 3623 1958 1959 1542
11272 4 2 0 1 4041 3623 2086 1960
11273 4 2 0 1 3479 787 2870 1398
11274 4 2 0 1 787 789 2870 1398
11275 4 2 0 1 705 4279 707 2786
11276 4 2 0 1 2926 3963 4121 2040
11277 4 2 0 1 4051 706 3469 2787
11278 4 2 0 1 4108 2926 845 2056
11279 4 2 0 1 823 4215 801 2134
11280 4 2 0 1 2024 3216 1133 1135
11281 4 2 0 1 3134 3135 1100 3181
11282 4 2 0 1 3133 3134 888 2969
11283 4 2 0 1 907 3060 3061 2988
11284 4 2 0 1 3103 3102 1022 3205
11285 4 2 0 1 3135 3211 1130 3181
11286 4 2 0 1 3324 1244 3322 3325
11287 4 2 0 1 3317 3316 981 3062
11288 4 2 0 1 977 3167 3057 1086
11289 4 2 0 1 1882 4137 2926 3963
11290 4 2 0 1 3110 980 1028 3061
11291 4 2 0 1 4170 785 2887 2866
11292 4 2 0 1 2932 1973 853 2934
11293 4 2 0 1 1984 4308 4210 4065
11294 4 2 0 1 3321 1240 2141 3322
11295 4 2 0 1 1561 1562 2279 3642
11296 4 2 0 1 1173 3254 3255 3208
11297 4 2 0 1 3217 3216 3252 1135
11298 4 2 0 1 722 4108 2801 2027
11299 4 2 0 1 2789 708 709 2787
11300 4 2 0 1 2039 4248 2796 4120
11301 4 2 0 1 3242 4188 4366 1161
11302 4 2 0 1 2893 4283 2927 2202
11303 4 2 0 1 2947 866 848 2285
11304 4 2 0 1 3535 1311 1459 1454
11305 4 2 0 1 4279 705 707 2198
11306 4 2 0 1 1886 3966 1884 3967
11307 4 2 0 1 1006 1005 3085 1004
11308 4 2 0 1 3215 2123 3288 4204
11309 4 2 0 1 1134 3288 2123 1207
11310 4 2 0 1 2886 785 784 2866
11311 4 2 0 1 4362 4132 2051 4141
11312 4 2 0 1 3580 3538 3581 1500
11313 4 2 0 1 3454 1373 3300 3923
11314 4 2 0 1 4248 787 2794 2868
11315 4 2 0 1 3317 1235 1236 981
11316 4 2 0 1 1251 3379 3332 3407
11317 4 2 0 1 3319 1235 3316 4080
11318 4 2 0 1 4301 1189 973 3270
11319 4 2 0 1 2128 1951 938 4209
11320 4 2 0 1 4045 2725 4118 1964
11321 4 2 0 1 4161 1439 2080 3979
11322 4 2 0 1 845 2801 4108 2027
11323 4 2 0 1 4161 1439 3979 3520
11324 4 2 0 1 716 718 717 2797
11325 4 2 0 1 705 706 708 2787
11326 4 2 0 1 2086 1210 3233 1152
11327 4 2 0 1 2985 903 904 902
11328 4 2 0 1 1057 3136 901 1055
11329 4 2 0 1 3233 3291 3234 1153
11330 4 2 0 1 3036 3037 3035 955
11331 4 2 0 1 1089 964 3169 1088
11332 4 2 0 1 4069 847 1988 838
11333 4 2 0 1 3540 3535 2316 4397
11334 4 2 0 1 857 4039 3623 1958
11335 4 2 0 1 1152 4041 2086 1960
11336 4 2 0 1 3027 3025 945 946
11337 4 2 0 1 2198 4048 4401 4279
11338 4 2 0 1 3979 1898 2080 1971
11339 4 2 0 1 3035 3033 3034 954
11340 4 2 0 1 3113 1140 1032 1035
11341 4 2 0 1 1172 3252 1192 1171
11342 4 2 0 1 968 4268 4266 2187
11343 4 2 0 1 1043 1042 1024 3124
11344 4 2 0 1 854 2937 2967 2935
11345 4 2 0 1 3045 1179 3260 2053
11346 4 2 0 1 3638 1556 1302 1557
11347 4 2 0 1 1242 3322 1243 1241
11348 4 2 0 1 4134 2360 3260 4441
11349 4 2 0 1 3054 3052 973 4301
11350 4 2 0 1 3377 1228 1396 1296
11351 4 2 0 1 4171 2148 2933 2090
11352 4 2 0 1 2284 2279 1925 4006
11353 4 2 0 1 1324 3271 3404 3405
11354 4 2 0 1 1392 1187 2152 3473
11355 4 2 0 1 3004 3005 925 3006
11356 4 2 0 1 3327 1244 3326 3325
11357 4 2 0 1 925 3004 1924 923
11358 4 2 0 1 931 3020 3014 3012
11359 4 2 0 1 1558 1560 3640 3639
11360 4 2 0 1 3642 1562 2279 3643
11361 4 2 0 1 3638 1302 4308 1557
11362 4 2 0 1 4105 1133 3216 3214
11363 4 2 0 1 735 4298 736 2217
11364 4 2 0 1 845 720 2801 2027
11365 4 2 0 1 2794 715 713 2167
11366 4 2 0 1 2994 2992 2985 904
11367 4 2 0 1 2039 2796 715 717
11368 4 2 0 1 4048 708 2198 1967
11369 4 2 0 1 3526 4053 4161 1972
11370 4 2 0 1 1436 3516 1437 3517
11371 4 2 0 1 4379 997 2298 1129
11372 4 2 0 1 898 853 1973 2934
11373 4 2 0 1 1024 3124 3105 3198
11374 4 2 0 1 3095 1015 1016 3097
11375 4 2 0 1 3322 1243 1244 3324
11376 4 2 0 1 3379 1326 1251 1298
11377 4 2 0 1 3060 3109 979 3061
11378 4 2 0 1 1428 3961 3247 1880
11379 4 2 0 1 3045 2053 3260 4134
11380 4 2 0 1 3317 1235 981 3316
11381 4 2 0 1 1089 3045 1179 3170
11382 4 2 0 1 3109 1028 979 3061
11383 4 2 0 1 3110 2274 980 4355
11384 4 2 0 1 2178 2950 3269 4259
11385 4 2 0 1 2148 4171 2933 4229
11386 4 2 0 1 2353 970 1184 3051
11387 4 2 0 1 3270 1114 973 3195
11388 4 2 0 1 2141 3321 3322 4222
11389 4 2 0 1 1024 1043 3124 3198
11390 4 2 0 1 3005 926 925 3007
11391 4 2 0 1 4209 938 1933 4014
11392 4 2 0 1 1022 2092 4173 3205
11393 4 2 0 1 3223 759 758 1142
11394 4 2 0 1 4298 758 736 2217
11395 4 2 0 1 3979 4161 4052 1971
11396 4 2 0 1 3979 1898 1439 2080
11397 4 2 0 1 4034 734 719 2815
11398 4 2 0 1 3249 2187 3107 1168
11399 4 2 0 1 3247 3373 3509 1292
11400 4 2 0 1 4040 1958 1988 1959
11401 4 2 0 1 4366 2929 1161 848
11402 4 2 0 1 2185 3670 2187 4266
11403 4 2 0 1 2794 2796 715 2167
11404 4 2 0 1 2123 3215 3288 1134
11405 4 2 0 1 1087 3167 3371 3168
11406 4 2 0 1 3293 773 2854 4290
11407 4 2 0 1 784 2886 1956 805
11408 4 2 0 1 3045 1179 2053 964
11409 4 2 0 1 1043 3124 3198 4238
11410 4 2 0 1 3314 4308 1984 4065
11411 4 2 0 1 2051 883 850 4132
11412 4 2 0 1 1130 3135 3212 3211
11413 4 2 0 1 3547 1466 3391 3535
11414 4 2 0 1 2789 705 708 2787
11415 4 2 0 1 3342 1248 3328 3329
11416 4 2 0 1 3643 1565 4360 3646
11417 4 2 0 1 3131 1924 1925 4005
11418 4 2 0 1 4047 3008 927 3016
11419 4 2 0 1 1925 3131 4005 4006
11420 4 2 0 1 3010 2031 4047 929
11421 4 2 0 1 2227 4210 4014 2129
11422 4 2 0 1 1108 1106 3190 1109
11423 4 2 0 1 1106 1105 3189 3187
11424 4 2 0 1 2852 2854 771 2853
11425 4 2 0 1 1273 1271 3352 1274
11426 4 2 0 1 3087 1005 3088 3086
11427 4 2 0 1 3523 1445 3521 1442
11428 4 2 0 1 713 787 2794 2167
11429 4 2 0 1 4248 2794 787 2167
11430 4 2 0 1 4137 3518 3963 1437
11431 4 2 0 1 944 3927 3023 1846
11432 4 2 0 1 789 2870 4249 2892
11433 4 2 0 1 4075 2947 4366 2285
11434 4 2 0 1 1422 2869 1967 788
11435 4 2 0 1 4167 1210 3233 2086
11436 4 2 0 1 4293 2006 2212 1848
11437 4 2 0 1 3460 3511 4208 1430
11438 4 2 0 1 1884 1164 3965 1883
11439 4 2 0 1 3035 3158 2223 1077
11440 4 2 0 1 1212 773 4290 2209
11441 4 2 0 1 1567 1568 3649 1982
11442 4 2 0 1 3113 1140 1035 3221
11443 4 2 0 1 2926 2801 4108 845
11444 4 2 0 1 3545 1464 3455 3390
11445 4 2 0 1 1933 4209 1559 2128
11446 4 2 0 1 3052 2220 973 4301
11447 4 2 0 1 844 858 2939 1160
11448 4 2 0 1 3319 1237 1235 1238
11449 4 2 0 1 2112 3995 2312 4193
11450 4 2 0 1 853 851 1973 2932
11451 4 2 0 1 3138 901 3136 2982
11452 4 2 0 1 3051 1184 4434 3265
11453 4 2 0 1 3185 1104 3187 3186
11454 4 2 0 1 771 3137 4100 1056
11455 4 2 0 1 899 2980 2997 1903
11456 4 2 0 1 3215 3121 3214 1040
11457 4 2 0 1 1007 3465 1205 1384
11458 4 2 0 1 2840 3223 758 2839
11459 4 2 0 1 3241 2925 2939 1160
11460 4 2 0 1 4293 3245 3965 2212
11461 4 2 0 1 2801 2926 2799 845
11462 4 2 0 1 2869 4048 3503 1967
11463 4 2 0 1 4087 4293 3929 1848
11464 4 2 0 1 2799 720 719 2800
11465 4 2 0 1 2871 2892 790 2893
11466 4 2 0 1 2053 913 2994 904
11467 4 2 0 1 1542 2086 3623 1960
11468 4 2 0 1 903 3045 2985 904
11469 4 2 0 1 3136 901 1055 884
11470 4 2 0 1 1439 3963 3518 1437
11471 4 2 0 1 3619 1430 1435 1538
11472 4 2 0 1 1430 3619 1435 3511
11473 4 2 0 1 3036 958 3037 955
11474 4 2 0 1 3037 1077 3035 956
11475 4 2 0 1 1077 3037 3035 3158
11476 4 2 0 1 3639 3638 1556 3637
11477 4 2 0 1 3300 1373 1219 3923
11478 4 2 0 1 2934 898 2936 2979
11479 4 2 0 1 3268 4233 1187 3473
11480 4 2 0 1 3006 3005 925 3007
11481 4 2 0 1 3098 3099 1019 3100
11482 4 2 0 1 3660 1580 1581 1579
11483 4 2 0 1 3298 3300 1219 3923
11484 4 2 0 1 3252 1172 1192 3253
11485 4 2 0 1 2801 2802 720 2800
11486 4 2 0 1 3966 1886 1884 1885
11487 4 2 0 1 758 4298 736 2839
11488 4 2 0 1 4108 722 4107 2027
11489 4 2 0 1 2798 2800 719 2815
11490 4 2 0 1 719 734 4034 1953
11491 4 2 0 1 1292 1428 3247 1166
11492 4 2 0 1 942 3023 3022 940
11493 4 2 0 1 3026 3024 957 943
11494 4 2 0 1 3026 3024 3038 957
11495 4 2 0 1 3965 1883 3966 1884
11496 4 2 0 1 1446 3525 3524 1444
11497 4 2 0 1 3232 3513 3370 1432
11498 4 2 0 1 3538 3580 3537 1457
11499 4 2 0 1 3232 1151 1432 1289
11500 4 2 0 1 1182 4273 735 2192
11501 4 2 0 1 2037 4118 644 1964
11502 4 2 0 1 3027 2006 3244 946
11503 4 2 0 1 1234 1235 1999 4080
11504 4 2 0 1 1537 1291 1816 3618
11505 4 2 0 1 4209 1933 1559 4014
11506 4 2 0 1 1557 3640 4014 3638
11507 4 2 0 1 2220 1189 973 4301
11508 4 2 0 1 2040 1882 3979 1898
11509 4 2 0 1 4366 2929 3242 1161
11510 4 2 0 1 1100 3134 3181 3182
11511 4 2 0 1 1238 3350 3349 1269
11512 4 2 0 1 1235 3318 3319 3316
11513 4 2 0 1 1417 3498 4446 4441
11514 4 2 0 1 4355 980 3110 3061
11515 4 2 0 1 2936 855 898 2934
11516 4 2 0 1 3326 3328 1246 3327
11517 4 2 0 1 1561 4209 4365 2128
11518 4 2 0 1 3649 4063 3648 1567
11519 4 2 0 1 735 2811 736 2816
11520 4 2 0 1 4137 1882 2926 2056
11521 4 2 0 1 4279 2789 705 2198
11522 4 2 0 1 2797 718 717 2799
11523 4 2 0 1 2086 3623 1959 1542
11524 4 2 0 1 1210 1153 3233 1152
11525 4 2 0 1 1428 3247 3509 1292
11526 4 2 0 1 848 4366 2947 2285
11527 4 2 0 1 4041 3623 4167 2086
11528 4 2 0 1 3523 1444 1442 1443
11529 4 2 0 1 1182 4273 4348 3263
11530 4 2 0 1 1172 1136 3252 1171
11531 4 2 0 1 3170 1089 3045 3169
11532 4 2 0 1 855 853 898 2934
11533 4 2 0 1 2312 2274 1396 3477
11534 4 2 0 1 2227 1302 1557 4308
11535 4 2 0 1 3324 3322 1243 3323
11536 4 2 0 1 2089 2887 4171 4170
11537 4 2 0 1 4279 2304 707 4385
11538 4 2 0 1 2274 1029 1228 3309
11539 4 2 0 1 3995 2112 2312 1914
11540 4 2 0 1 4037 784 2886 1956
11541 4 2 0 1 3162 2797 716 2795
11542 4 2 0 1 3189 1106 3190 1108
11543 4 2 0 1 3327 1462 1244 3543
11544 4 2 0 1 1016 3097 3099 3098
11545 4 2 0 1 4153 2072 1191 3184
11546 4 2 0 1 3190 1126 1108 1109
11547 4 2 0 1 722 4108 4107 2803
11548 4 2 0 1 706 4051 3469 1970
11549 4 2 0 1 2797 716 4121 3162
11550 4 2 0 1 2796 2794 4248 2167
11551 4 2 0 1 4401 4337 3503 2320
11552 4 2 0 1 3023 3025 3927 944
11553 4 2 0 1 2256 4188 1161 2107
11554 4 2 0 1 3025 3027 3244 946
11555 4 2 0 1 2185 4382 3670 4266
11556 4 2 0 1 2006 3027 3244 4087
11557 4 2 0 1 1849 4431 1851 2350
11558 4 2 0 1 3479 1398 2169 2343
11559 4 2 0 1 722 4107 724 2803
11560 4 2 0 1 1557 4014 4308 3638
11561 4 2 0 1 3299 1218 1174 3298
11562 4 2 0 1 2950 869 2178 3269
11563 4 2 0 1 3401 1187 1188 1320
11564 4 2 0 1 1956 4362 4141 4037
11565 4 2 0 1 1187 3401 1188 3268
11566 4 2 0 1 980 979 1028 3061
11567 4 2 0 1 3315 1417 913 3498
11568 4 2 0 1 4193 2312 2112 4054
11569 4 2 0 1 2279 4360 4383 4006
11570 4 2 0 1 1022 4173 3105 3103
11571 4 2 0 1 2854 3137 773 3293
11572 4 2 0 1 1884 1886 3967 1897
11573 4 2 0 1 3085 3087 3086 1005
11574 4 2 0 1 2798 717 2796 4120
11575 4 2 0 1 3518 3520 3963 1439
11576 4 2 0 1 3319 1235 4080 1238
11577 4 2 0 1 4266 941 4382 3022
11578 4 2 0 1 3933 1851 3928 3932
11579 4 2 0 1 2039 2796 717 4120
11580 4 2 0 1 3075 3074 4379 994
11581 4 2 0 1 1036 3114 3116 3117
11582 4 2 0 1 4266 3022 2987 941
11583 4 2 0 1 3178 2220 3052 4301
11584 4 2 0 1 3517 3518 3516 1437
11585 4 2 0 1 1021 1578 1124 3659
11586 4 2 0 1 3299 1219 1218 3298
11587 4 2 0 1 2092 1024 3105 3198
11588 4 2 0 1 1053 1100 1101 3134
11589 4 2 0 1 3198 2157 1043 4238
11590 4 2 0 1 1012 1010 2191 3093
11591 4 2 0 1 4210 2227 4014 4308
11592 4 2 0 1 3349 1238 1237 3319
11593 4 2 0 1 784 4037 2886 2865
11594 4 2 0 1 884 2966 901 885
11595 4 2 0 1 927 935 1966 3016
11596 4 2 0 1 2129 4014 2227 1933
11597 4 2 0 1 3124 1042 1024 3123
11598 4 2 0 1 2997 985 3070 3066
11599 4 2 0 1 724 4107 2805 2803
11600 4 2 0 1 738 760 2841 4198
11601 4 2 0 1 1882 3979 3963 2040
11602 4 2 0 1 3979 4121 3963 2040
11603 4 2 0 1 2788 4385 707 4397
11604 4 2 0 1 1089 964 3045 3169
11605 4 2 0 1 707 4279 4385 2788
11606 4 2 0 1 2868 4248 787 3479
11607 4 2 0 1 3961 3247 3509 1428
11608 4 2 0 1 3670 4266 4268 2187
11609 4 2 0 1 4266 906 941 2987
11610 4 2 0 1 1851 3933 3928 1852
11611 4 2 0 1 2316 4385 707 2304
11612 4 2 0 1 1437 3516 4137 3518
11613 4 2 0 1 3074 994 993 2298
11614 4 2 0 1 4323 1037 1035 3118
11615 4 2 0 1 4100 771 768 2852
11616 4 2 0 1 1557 1559 1933 4014
11617 4 2 0 1 929 2031 931 3012
11618 4 2 0 1 3004 924 925 3005
11619 4 2 0 1 2365 1417 4446 4441
11620 4 2 0 1 2255 4336 3060 2989
11621 4 2 0 1 2274 3995 1914 980
11622 4 2 0 1 3640 1557 4014 1559
11623 4 2 0 1 1984 2227 4308 3314
11624 4 2 0 1 1022 2092 1024 3105
11625 4 2 0 1 3660 1580 3205 3661
11626 4 2 0 1 767 4100 4036 2019
11627 4 2 0 1 1033 1036 3116 1035
11628 4 2 0 1 3263 735 4273 2816
11629 4 2 0 1 2808 729 2809 727
11630 4 2 0 1 736 2811 2818 2817
11631 4 2 0 1 2316 4385 3540 4397
11632 4 2 0 1 734 717 719 2815
11633 4 2 0 1 844 2939 2925 1160
11634 4 2 0 1 2285 1161 4366 2107
11635 4 2 0 1 1160 858 2939 2052
11636 4 2 0 1 4133 2314 3241 2052
11637 4 2 0 1 4249 844 1160 2168
11638 4 2 0 1 4107 2127 3619 2026
11639 4 2 0 1 992 3072 3069 988
11640 4 2 0 1 3465 1007 1205 3088
11641 4 2 0 1 3216 2024 1133 4105
11642 4 2 0 1 2220 971 1097 3052
11643 4 2 0 1 4188 2256 1577 2107
11644 4 2 0 1 1181 3390 3262 3261
11645 4 2 0 1 1396 3377 3477 3309
11646 4 2 0 1 3995 2312 2274 1914
11647 4 2 0 1 1190 1114 1189 3270
11648 4 2 0 1 3239 3231 3240 1158
11649 4 2 0 1 1136 1134 3217 1135
11650 4 2 0 1 757 4390 4231 2838
11651 4 2 0 1 714 716 3162 1081
11652 4 2 0 1 2869 1422 1967 3503
11653 4 2 0 1 2256 3658 4188 1577
11654 4 2 0 1 719 718 720 2799
11655 4 2 0 1 4048 2198 4401 1967
11656 4 2 0 1 1317 2187 3249 1168
11657 4 2 0 1 3670 2185 2187 1589
11658 4 2 0 1 3927 3244 3928 1847
11659 4 2 0 1 3964 4304 3966 1883
11660 4 2 0 1 997 3075 4379 994
11661 4 2 0 1 1033 3113 3112 1031
11662 4 2 0 1 1134 1133 3215 1135
11663 4 2 0 1 916 899 2997 1903
11664 4 2 0 1 2985 2053 2994 904
11665 4 2 0 1 2279 1562 1565 3643
11666 4 2 0 1 1248 1261 1262 3342
11667 4 2 0 1 2274 1228 1396 3309
11668 4 2 0 1 2274 3477 3309 1396
11669 4 2 0 1 3061 4355 980 3995
11670 4 2 0 1 976 3057 4132 4338
11671 4 2 0 1 3524 3525 3523 1444
11672 4 2 0 1 2274 3110 3309 4355
11673 4 2 0 1 908 3060 2255 979
11674 4 2 0 1 2934 4054 1973 2979
11675 4 2 0 1 1300 890 920 3001
11676 4 2 0 1 4360 2279 1565 3643
11677 4 2 0 1 961 3092 3091 1011
11678 4 2 0 1 1104 1105 3187 3186
11679 4 2 0 1 3299 3300 1219 3298
11680 4 2 0 1 3190 1108 3207 3189
11681 4 2 0 1 1136 3217 3252 1135
11682 4 2 0 1 4039 4040 3623 1958
11683 4 2 0 1 884 2966 2965 901
11684 4 2 0 1 1317 1467 3548 1589
11685 4 2 0 1 3967 3966 1884 3965
11686 4 2 0 1 1852 1847 3928 1851
11687 4 2 0 1 4431 4034 734 2350
11688 4 2 0 1 1882 4137 3963 1437
11689 4 2 0 1 3516 3619 3511 1435
11690 4 2 0 1 956 954 3035 955
11691 4 2 0 1 1159 4135 1158 2054
11692 4 2 0 1 1031 1033 3113 1032
11693 4 2 0 1 2786 2789 705 4279
11694 4 2 0 1 3469 706 1970 1388
11695 4 2 0 1 1417 2365 2360 4441
11696 4 2 0 1 913 2053 2994 3498
11697 4 2 0 1 2934 1973 898 2979
11698 4 2 0 1 924 3004 925 923
11699 4 2 0 1 3004 1924 3131 4005
11700 4 2 0 1 1010 3093 3091 4272
11701 4 2 0 1 2092 1022 1124 3205
11702 4 2 0 1 3137 771 4100 2852
11703 4 2 0 1 3240 1158 4135 3239
11704 4 2 0 1 3990 4304 3158 2223
11705 4 2 0 1 719 720 721 2802
11706 4 2 0 1 1430 2127 4208 1379
11707 4 2 0 1 722 4107 2027 2026
11708 4 2 0 1 2806 723 2805 2804
11709 4 2 0 1 723 721 2804 3171
11710 4 2 0 1 901 2965 3136 2982
11711 4 2 0 1 2982 2965 2966 901
11712 4 2 0 1 2212 3245 2006 4293
11713 4 2 0 1 2965 901 3136 884
11714 4 2 0 1 3244 2006 4087 1848
11715 4 2 0 1 1577 2256 3658 2320
11716 4 2 0 1 4401 3658 4337 2320
11717 4 2 0 1 1081 3979 2040 3162
11718 4 2 0 1 4107 722 724 2026
11719 4 2 0 1 3352 3355 3354 1274
11720 4 2 0 1 2054 1159 4135 1199
11721 4 2 0 1 4453 4229 2351 4432
11722 4 2 0 1 4337 3242 4283 2256
11723 4 2 0 1 935 927 3007 3016
11724 4 2 0 1 2967 2178 856 886
11725 4 2 0 1 1190 1114 3270 3271
11726 4 2 0 1 3064 1118 1119 3199
11727 4 2 0 1 1043 1024 1117 3198
11728 4 2 0 1 3091 3093 1011 3092
11729 4 2 0 1 2027 4107 3619 2026
11730 4 2 0 1 1851 3930 3928 3932
11731 4 2 0 1 735 2810 2811 2816
11732 4 2 0 1 1430 4208 3460 1379
11733 4 2 0 1 3511 3619 4208 1430
11734 4 2 0 1 3979 1081 2040 1898
11735 4 2 0 1 942 1413 3023 940
11736 4 2 0 1 964 3045 903 904
11737 4 2 0 1 3961 3136 3139 1055
11738 4 2 0 1 1851 3930 1849 3928
11739 4 2 0 1 4120 717 2815 2798
11740 4 2 0 1 3162 4121 3979 2040
11741 4 2 0 1 716 3162 1081 2040
11742 4 2 0 1 1449 3513 3530 2192
11743 4 2 0 1 3118 3119 3120 1037
11744 4 2 0 1 771 4100 768 2019
11745 4 2 0 1 4135 3240 3280 1199
11746 4 2 0 1 1131 1130 1054 3212
11747 4 2 0 1 1105 1104 1103 3186
11748 4 2 0 1 1047 3127 3129 3128
11749 4 2 0 1 1103 1191 3184 3183
11750 4 2 0 1 1179 1935 1180 3260
11751 4 2 0 1 1374 4016 3455 3261
11752 4 2 0 1 924 926 925 3005
11753 4 2 0 1 3019 2129 938 4014
11754 4 2 0 1 3342 1262 1248 3343
11755 4 2 0 1 4272 1116 1015 3096
11756 4 2 0 1 1010 1012 1011 3093
11757 4 2 0 1 989 1903 3984 1857
11758 4 2 0 1 3938 3070 3984 989
11759 4 2 0 1 723 722 724 2803
11760 4 2 0 1 721 2802 2804 3171
11761 4 2 0 1 1883 3965 3966 3964
11762 4 2 0 1 3670 3398 3548 1317
11763 4 2 0 1 1422 4337 4283 2256
11764 4 2 0 1 881 2962 2939 2052
11765 4 2 0 1 3023 1413 942 1846
11766 4 2 0 1 1849 3929 3931 1848
11767 4 2 0 1 1398 3479 4248 2343
11768 4 2 0 1 717 4120 2815 2039
11769 4 2 0 1 3240 1150 1158 3231
11770 4 2 0 1 4023 1380 3358 3461
11771 4 2 0 1 1275 3358 1942 1277
11772 4 2 0 1 4393 3995 2274 4355
11773 4 2 0 1 2312 3995 2274 4393
11774 4 2 0 1 3260 2053 1179 2360
11775 4 2 0 1 1116 4272 3197 3096
11776 4 2 0 1 4173 2092 1580 3205
11777 4 2 0 1 2092 1124 1580 3205
11778 4 2 0 1 869 1188 2178 3269
11779 4 2 0 1 2344 2312 1396 3477
11780 4 2 0 1 1537 2360 2365 4441
11781 4 2 0 1 2979 4054 1973 4425
11782 4 2 0 1 2979 2344 1973 898
11783 4 2 0 1 2351 2372 2148 4453
11784 4 2 0 1 1191 1103 1102 3183
11785 4 2 0 1 3019 4210 2129 4014
11786 4 2 0 1 2279 2302 1925 4383
11787 4 2 0 1 2142 4223 4423 4460
11788 4 2 0 1 1240 1119 1241 3200
11789 4 2 0 1 3187 1105 3189 3186
11790 4 2 0 1 4383 4360 1565 3646
11791 4 2 0 1 4431 734 4034 2815
11792 4 2 0 1 3520 3979 3963 1439
11793 4 2 0 1 2304 4279 707 2198
11794 4 2 0 1 2992 904 902 2985
11795 4 2 0 1 2202 3242 2927 846
11796 4 2 0 1 3242 2202 1161 846
11797 4 2 0 1 1317 3548 3670 1589
11798 4 2 0 1 3025 945 946 944
11799 4 2 0 1 1884 3967 3978 1897
11800 4 2 0 1 3619 2127 1430 1538
11801 4 2 0 1 4298 735 736 2816
11802 4 2 0 1 1135 3215 3217 3216
11803 4 2 0 1 3193 3067 3192 1112
11804 4 2 0 1 3070 985 916 989
11805 4 2 0 1 4229 2351 2148 4453
11806 4 2 0 1 1580 1124 1579 3660
11807 4 2 0 1 3269 2950 869 3268
11808 4 2 0 1 3093 1010 2191 4272
11809 4 2 0 1 4360 1565 2279 4383
11810 4 2 0 1 3327 3328 1248 3329
11811 4 2 0 1 1086 1290 1087 3167
11812 4 2 0 1 2312 4425 3477 2344
11813 4 2 0 1 2053 913 1417 3498
11814 4 2 0 1 913 2994 3315 3498
11815 4 2 0 1 3390 1180 1181 1309
11816 4 2 0 1 2178 2967 856 4259
11817 4 2 0 1 3260 2053 2360 4134
11818 4 2 0 1 1246 1245 1247 3328
11819 4 2 0 1 4047 927 1966 3016
11820 4 2 0 1 4383 1925 2279 4006
11821 4 2 0 1 3660 1580 1124 3205
11822 4 2 0 1 3205 1580 4173 3661
11823 4 2 0 1 1106 1105 1108 3189
11824 4 2 0 1 2839 738 736 758
11825 4 2 0 1 2816 736 4298 2817
11826 4 2 0 1 2274 3995 980 4355
11827 4 2 0 1 3162 716 4121 2040
11828 4 2 0 1 1880 3139 1055 3961
11829 4 2 0 1 848 1161 4366 2285
11830 4 2 0 1 858 881 2939 2052
11831 4 2 0 1 3244 3025 946 944
11832 4 2 0 1 1848 4087 3244 3929
11833 4 2 0 1 3479 4248 787 1398
11834 4 2 0 1 2039 2343 4120 2375
11835 4 2 0 1 2802 4034 3171 1953
11836 4 2 0 1 2256 4337 3658 2320
11837 4 2 0 1 4051 4052 3469 1970
11838 4 2 0 1 4053 1388 4052 1972
11839 4 2 0 1 1439 1882 3963 1437
11840 4 2 0 1 1437 1882 4137 2056
11841 4 2 0 1 1133 3215 1040 1134
11842 4 2 0 1 1212 3137 773 1056
11843 4 2 0 1 1275 3357 3358 1276
11844 4 2 0 1 3110 2274 3309 1029
11845 4 2 0 1 722 721 720 2802
11846 4 2 0 1 734 717 2815 2039
11847 4 2 0 1 977 2989 2255 908
11848 4 2 0 1 723 2805 2803 724
11849 4 2 0 1 785 2886 2887 2866
11850 4 2 0 1 3200 1241 1240 3322
11851 4 2 0 1 3200 3064 1119 3199
11852 4 2 0 1 3102 1124 1022 3205
11853 4 2 0 1 2123 3288 4204 2049
11854 4 2 0 1 3263 4273 735 1182
11855 4 2 0 1 2799 2801 720 2800
11856 4 2 0 1 722 2803 2802 2801
11857 4 2 0 1 4034 719 2802 2800
11858 4 2 0 1 2805 725 723 2806
11859 4 2 0 1 1850 1849 3931 1848
11860 4 2 0 1 1166 1428 3247 1880
11861 4 2 0 1 4382 2185 3670 2301
11862 4 2 0 1 3026 943 3025 3024
11863 4 2 0 1 3929 1849 3931 3930
11864 4 2 0 1 1163 1847 3927 1846
11865 4 2 0 1 4250 2314 1853 2169
11866 4 2 0 1 2802 721 719 1953
11867 4 2 0 1 1037 3119 3120 1038
11868 4 2 0 1 1136 3252 3217 1172
11869 4 2 0 1 1993 2093 4074 1570
11870 4 2 0 1 1200 3280 1198 1199
11871 4 2 0 1 4259 2967 856 2937
11872 4 2 0 1 2372 4171 2148 4453
11873 4 2 0 1 2129 1933 938 4014
11874 4 2 0 1 1054 4310 3133 2229
11875 4 2 0 1 4108 4107 3619 2027
11876 4 2 0 1 1217 1218 1219 3298
11877 4 2 0 1 3298 1842 1219 1217
11878 4 2 0 1 1374 4016 1816 3455
11879 4 2 0 1 2229 1052 2068 4149
11880 4 2 0 1 938 934 2129 3019
11881 4 2 0 1 3118 3120 3366 1037
11882 4 2 0 1 3645 1565 1566 1564
11883 4 2 0 1 1971 2080 4161 1972
11884 4 2 0 1 2809 2807 728 4025
11885 4 2 0 1 2789 708 705 2198
11886 4 2 0 1 3249 3398 2187 1317
11887 4 2 0 1 4040 4167 3623 2086
11888 4 2 0 1 906 4266 941 2185
11889 4 2 0 1 3927 3244 1847 1163
11890 4 2 0 1 1398 4248 787 2167
11891 4 2 0 1 2320 3503 4401 1967
11892 4 2 0 1 1886 3966 1887 1885
11893 4 2 0 1 3113 1035 1033 3116
11894 4 2 0 1 3112 3114 3113 1033
11895 4 2 0 1 2904 801 4215 2882
11896 4 2 0 1 3192 1112 986 1111
11897 4 2 0 1 3377 1296 1396 3546
11898 4 2 0 1 3580 1457 1500 1499
11899 4 2 0 1 1565 3645 1566 3646
11900 4 2 0 1 888 2152 1187 2969
11901 4 2 0 1 1537 4446 1290 3618
11902 4 2 0 1 4193 4393 2312 4054
11903 4 2 0 1 1086 3372 1290 3167
11904 4 2 0 1 4016 1180 1374 1935
11905 4 2 0 1 3477 2274 3309 4355
11906 4 2 0 1 4171 2372 2148 2090
11907 4 2 0 1 2129 3015 4210 3019
11908 4 2 0 1 1188 3269 3268 3401
11909 4 2 0 1 1247 1261 1248 3342
11910 4 2 0 1 2031 3010 4047 4112
11911 4 2 0 1 2019 771 4100 1056
11912 4 2 0 1 772 771 773 2853
11913 4 2 0 1 2840 758 738 2839
11914 4 2 0 1 1161 2202 3242 2256
11915 4 2 0 1 1459 3535 2316 3540
11916 4 2 0 1 3249 3398 4268 2187
11917 4 2 0 1 3249 1317 1168 1280
11918 4 2 0 1 1589 1467 3548 2368
11919 4 2 0 1 3171 721 2802 1953
11920 4 2 0 1 2350 4034 734 1953
11921 4 2 0 1 1444 2214 3523 1442
11922 4 2 0 1 994 3074 4379 2298
11923 4 2 0 1 3075 997 4379 3078
11924 4 2 0 1 1934 3037 4015 959
11925 4 2 0 1 1457 3580 1500 3538
11926 4 2 0 1 3120 3611 3366 1285
11927 4 2 0 1 3215 1040 2123 3121
11928 4 2 0 1 3280 1200 1198 3281
11929 4 2 0 1 3649 4063 1567 1982
11930 4 2 0 1 3135 1130 3212 1054
11931 4 2 0 1 1240 3321 3200 3322
11932 4 2 0 1 3114 1036 3116 1033
11933 4 2 0 1 1556 1558 1557 3638
11934 4 2 0 1 3618 4446 1290 3371
11935 4 2 0 1 3961 3139 3247 1880
11936 4 2 0 1 913 1234 1417 3315
11937 4 2 0 1 4425 2312 3477 4393
11938 4 2 0 1 2312 3995 4393 4193
11939 4 2 0 1 3195 3270 1114 3271
11940 4 2 0 1 2220 3178 3052 1097
11941 4 2 0 1 1326 3379 1251 3407
11942 4 2 0 1 960 936 3041 3018
11943 4 2 0 1 3015 2129 934 3019
11944 4 2 0 1 1174 3299 3298 3255
11945 4 2 0 1 1005 3086 3083 2271
11946 4 2 0 1 956 3035 3037 955
11947 4 2 0 1 3619 2056 1435 4137
11948 4 2 0 1 2808 725 2807 2806
11949 4 2 0 1 2806 757 725 2150
11950 4 2 0 1 1160 2939 3241 2052
11951 4 2 0 1 1057 3136 3139 3138
11952 4 2 0 1 2187 3398 3670 1317
11953 4 2 0 1 3021 3023 1413 940
11954 4 2 0 1 2169 4424 3479 2343
11955 4 2 0 1 2185 4382 941 2301
11956 4 2 0 1 3967 1887 1886 3966
11957 4 2 0 1 3244 1848 3929 1847
11958 4 2 0 1 3537 1499 1457 3580
11959 4 2 0 1 3477 2312 2274 4393
11960 4 2 0 1 1849 4431 3930 1851
11961 4 2 0 1 1180 1089 1179 3170
11962 4 2 0 1 4362 2060 1956 4141
11963 4 2 0 1 3298 1842 3923 1219
11964 4 2 0 1 1012 2191 1015 3093
11965 4 2 0 1 3261 3262 1181 3170
11966 4 2 0 1 4362 2060 2051 2281
11967 4 2 0 1 3386 1238 3350 3319
11968 4 2 0 1 1180 4016 1374 3261
11969 4 2 0 1 1559 1557 1558 3640
11970 4 2 0 1 2191 1116 1015 4272
11971 4 2 0 1 1373 1842 1219 3923
11972 4 2 0 1 2839 4298 736 2817
11973 4 2 0 1 2816 2811 736 2817
11974 4 2 0 1 2802 720 722 2801
11975 4 2 0 1 2223 3966 4304 1883
11976 4 2 0 1 3658 2256 4188 4337
11977 4 2 0 1 3978 3965 3967 1884
11978 4 2 0 1 1422 4337 2320 3503
11979 4 2 0 1 3619 4108 2027 2056
11980 4 2 0 1 3619 2026 2127 1538
11981 4 2 0 1 994 4379 997 2298
11982 4 2 0 1 3116 3118 4323 1035
11983 4 2 0 1 4171 4229 2148 4453
11984 4 2 0 1 3619 3516 4137 1435
11985 4 2 0 1 3131 1925 4383 4006
11986 4 2 0 1 3372 1290 3371 3618
11987 4 2 0 1 1087 3371 1461 3168
11988 4 2 0 1 1118 1119 983 3064
11989 4 2 0 1 1244 1246 1462 3327
11990 4 2 0 1 1191 4153 3184 3272
11991 4 2 0 1 3398 3249 3361 1280
11992 4 2 0 1 2819 738 2841 4198
11993 4 2 0 1 4108 3619 4137 2056
11994 4 2 0 1 4053 4052 4161 1972
11995 4 2 0 1 1388 4053 4052 3469
11996 4 2 0 1 725 2805 723 724
11997 4 2 0 1 2202 4283 3242 2256
11998 4 2 0 1 943 957 3026 945
11999 4 2 0 1 1055 3139 1057 3136
12000 4 2 0 1 4283 3242 2927 2202
12001 4 2 0 1 1210 4167 3233 3291
12002 4 2 0 1 3670 2368 3548 4449
12003 4 2 0 1 719 4034 2802 1953
12004 4 2 0 1 4052 1972 1388 1971
12005 4 2 0 1 2127 4107 3619 4208
12006 4 2 0 1 955 958 3037 956
12007 4 2 0 1 4215 799 2134 2209
12008 4 2 0 1 985 2997 3070 916
12009 4 2 0 1 3640 1557 1558 3638
12010 4 2 0 1 4446 1537 1290 2365
12011 4 2 0 1 2994 4134 2053 2985
12012 4 2 0 1 1180 3260 3170 1179
12013 4 2 0 1 924 2996 3005 3004
12014 4 2 0 1 3004 1924 923 3131
12015 4 2 0 1 3215 1135 3217 1134
12016 4 2 0 1 725 2808 2807 727
12017 4 2 0 1 1882 3963 3979 1439
12018 4 2 0 1 1898 1882 3979 1439
12019 4 2 0 1 2808 757 725 2806
12020 4 2 0 1 1851 4431 3930 3932
12021 4 2 0 1 1958 4040 3623 1959
12022 4 2 0 1 4385 2316 3540 2304
12023 4 2 0 1 3249 3398 1317 1280
12024 4 2 0 1 946 2006 3244 1163
12025 4 2 0 1 4248 1398 2343 2167
12026 4 2 0 1 1388 4052 1970 3469
12027 4 2 0 1 4137 1437 2056 1435
12028 4 2 0 1 1005 3088 1205 1007
12029 4 2 0 1 3358 1275 1942 3356
12030 4 2 0 1 3018 3041 960 3042
12031 4 2 0 1 3372 1816 3618 3897
12032 4 2 0 1 1238 3386 3350 1305
12033 4 2 0 1 1290 1291 1537 3618
12034 4 2 0 1 3167 1290 1087 3371
12035 4 2 0 1 3371 1087 1461 1290
12036 4 2 0 1 2051 976 4132 4338
12037 4 2 0 1 1464 1374 3455 3390
12038 4 2 0 1 4355 3477 2274 4393
12039 4 2 0 1 929 3010 3008 4047
12040 4 2 0 1 927 929 3008 4047
12041 4 2 0 1 3659 1124 1021 3102
12042 4 2 0 1 3516 1436 1437 1435
12043 4 2 0 1 799 4215 4290 2209
12044 4 2 0 1 3358 1275 1276 1277
12045 4 2 0 1 2127 3619 1430 4208
12046 4 2 0 1 944 946 3244 1163
12047 4 2 0 1 735 3263 2810 2816
12048 4 2 0 1 738 2839 736 2819
12049 4 2 0 1 2819 2839 736 2817
12050 4 2 0 1 3398 2187 3670 4268
12051 4 2 0 1 3158 3037 4015 1077
12052 4 2 0 1 3037 3040 4015 959
12053 4 2 0 1 1847 3929 1849 1848
12054 4 2 0 1 1153 3233 3291 1210
12055 4 2 0 1 3360 3249 1280 3361
12056 4 2 0 1 3978 1884 2212 3965
12057 4 2 0 1 2056 2027 3619 1538
12058 4 2 0 1 1432 3514 1449 3513
12059 4 2 0 1 1035 3113 1033 1032
12060 4 2 0 1 1050 1924 1925 3131
12061 4 2 0 1 3269 869 1188 3268
12062 4 2 0 1 2229 4028 2377 1947
12063 4 2 0 1 2302 2279 1565 4383
12064 4 2 0 1 3543 3327 1462 4305
12065 4 2 0 1 3092 961 3091 3042
12066 4 2 0 1 2092 3105 4173 3198
12067 4 2 0 1 727 757 725 2808
12068 4 2 0 1 729 730 735 2810
12069 4 2 0 1 736 2818 730 737
12070 4 2 0 1 1317 3670 2187 1589
12071 4 2 0 1 3360 1168 1280 3249
12072 4 2 0 1 1388 4052 1971 1970
12073 4 2 0 1 2026 3619 2027 1538
12074 4 2 0 1 3073 3072 3069 992
12075 4 2 0 1 2271 3083 1005 1002
12076 4 2 0 1 1273 3352 3354 1274
12077 4 2 0 1 4446 1537 2365 4441
12078 4 2 0 1 1024 2092 1117 3198
12079 4 2 0 1 971 970 1097 3052
12080 4 2 0 1 1602 1910 1323 3404
12081 4 2 0 1 2053 4134 2994 3498
12082 4 2 0 1 4383 2302 1925 3131
12083 4 2 0 1 4054 2312 1973 4425
12084 4 2 0 1 1461 3371 3542 3168
12085 4 2 0 1 977 2989 3058 2255
12086 4 2 0 1 2377 2229 2068 4149
12087 4 2 0 1 1010 1011 961 3091
12088 4 2 0 1 2971 3001 1300 3381
12089 4 2 0 1 4222 1462 4223 3543
12090 4 2 0 1 729 727 728 2809
12091 4 2 0 1 1274 3357 3355 1275
12092 4 2 0 1 757 2838 4231 2806
12093 4 2 0 1 2056 3619 1435 1538
12094 4 2 0 1 1959 4040 3623 2086
12095 4 2 0 1 3021 4133 2962 940
12096 4 2 0 1 941 4266 4382 2185
12097 4 2 0 1 943 3026 3025 945
12098 4 2 0 1 2343 4120 4248 2039
12099 4 2 0 1 1884 3978 2212 1897
12100 4 2 0 1 3525 2214 3523 1444
12101 4 2 0 1 959 1934 3037 956
12102 4 2 0 1 1887 3966 1909 1885
12103 4 2 0 1 3650 1993 1570 1569
12104 4 2 0 1 3477 3377 1396 3546
12105 4 2 0 1 1556 1558 3638 3639
12106 4 2 0 1 1187 1188 869 3268
12107 4 2 0 1 2344 1973 2312 4425
12108 4 2 0 1 1971 4161 4052 1972
12109 4 2 0 1 4456 4120 4424 2375
12110 4 2 0 1 3479 4250 4424 2169
12111 4 2 0 1 4133 3241 2939 2052
12112 4 2 0 1 1847 1849 3928 1851
12113 4 2 0 1 3139 1055 1057 1058
12114 4 2 0 1 2314 1852 3933 1853
12115 4 2 0 1 1275 3354 3355 1274
12116 4 2 0 1 1569 1570 3650 1407
12117 4 2 0 1 3358 1942 1277 1380
12118 4 2 0 1 2969 2152 1187 4233
12119 4 2 0 1 3645 1566 3646 3647
12120 4 2 0 1 2031 929 1966 4047
12121 4 2 0 1 3264 926 3005 3007
12122 4 2 0 1 1465 1947 2377 3546
12123 4 2 0 1 976 1086 3057 4338
12124 4 2 0 1 4233 1187 2969 3268
12125 4 2 0 1 1244 3325 3327 3543
12126 4 2 0 1 1248 1246 3328 3327
12127 4 2 0 1 1046 1043 2157 3127
12128 4 2 0 1 2035 1938 4019 1140
12129 4 2 0 1 2807 1944 726 728
12130 4 2 0 1 2818 730 737 2159
12131 4 2 0 1 3248 3360 3249 1168
12132 4 2 0 1 3535 1459 2316 1454
12133 4 2 0 1 3248 1279 1168 1167
12134 4 2 0 1 2314 4133 3241 4395
12135 4 2 0 1 3244 2006 1848 1163
12136 4 2 0 1 2314 4250 1853 4395
12137 4 2 0 1 3967 1887 3966 3968
12138 4 2 0 1 1077 3990 2223 1909
12139 4 2 0 1 3288 2123 1207 2049
12140 4 2 0 1 4028 3212 1131 4310
12141 4 2 0 1 3984 2997 2980 1903
12142 4 2 0 1 1578 1579 1124 3659
12143 4 2 0 1 3093 2191 1015 4272
12144 4 2 0 1 1181 1089 1180 3170
12145 4 2 0 1 3455 4016 1816 3897
12146 4 2 0 1 3371 1461 4446 1290
12147 4 2 0 1 3263 729 735 2810
12148 4 2 0 1 1374 1309 1180 3390
12149 4 2 0 1 3391 4324 2243 3547
12150 4 2 0 1 1300 890 3001 2971
12151 4 2 0 1 3322 1244 2141 4222
12152 4 2 0 1 1011 1010 3093 3091
12153 4 2 0 1 3354 3356 4358 1275
12154 4 2 0 1 1888 3967 1887 1886
12155 4 2 0 1 2818 738 736 2819
12156 4 2 0 1 724 726 725 2805
12157 4 2 0 1 4293 3931 3929 1848
12158 4 2 0 1 3516 1437 4137 1435
12159 4 2 0 1 1160 4250 4249 2168
12160 4 2 0 1 4337 1422 2320 2256
12161 4 2 0 1 2304 2316 3540 1459
12162 4 2 0 1 2052 881 2962 940
12163 4 2 0 1 2804 2806 723 2150
12164 4 2 0 1 4395 3934 4250 1853
12165 4 2 0 1 3074 994 992 993
12166 4 2 0 1 3978 1850 2212 1897
12167 4 2 0 1 3536 4379 4436 2298
12168 4 2 0 1 4238 1043 3124 3127
12169 4 2 0 1 4229 2967 886 4432
12170 4 2 0 1 1180 3260 4016 3261
12171 4 2 0 1 1217 1174 1218 3298
12172 4 2 0 1 3356 3357 3358 1275
12173 4 2 0 1 3252 3253 3217 1172
12174 4 2 0 1 3116 3113 3114 1033
12175 4 2 0 1 4293 3965 3978 2212
12176 4 2 0 1 2350 4431 4034 2338
12177 4 2 0 1 3479 4424 4248 2343
12178 4 2 0 1 3288 1136 1134 3217
12179 4 2 0 1 3651 3488 3650 1407
12180 4 2 0 1 4074 3650 1993 1570
12181 4 2 0 1 4290 4215 3634 2209
12182 4 2 0 1 1857 3939 3461 1380
12183 4 2 0 1 1052 2229 3133 4149
12184 4 2 0 1 4028 2377 3546 4458
12185 4 2 0 1 4229 2351 886 2148
12186 4 2 0 1 1269 1305 1238 3350
12187 4 2 0 1 4441 4446 1537 3618
12188 4 2 0 1 2811 730 2818 4240
12189 4 2 0 1 725 2805 2807 2806
12190 4 2 0 1 3968 1888 3967 1887
12191 4 2 0 1 3171 2338 2323 1090
12192 4 2 0 1 3929 1847 1849 3928
12193 4 2 0 1 1005 3083 3085 1004
12194 4 2 0 1 1384 4019 3465 2035
12195 4 2 0 1 3118 3366 4323 1037
12196 4 2 0 1 2979 2377 2068 4149
12197 4 2 0 1 3928 3929 3930 1849
12198 4 2 0 1 1240 4460 2297 3321
12199 4 2 0 1 898 2377 2068 2979
12200 4 2 0 1 4080 1998 2307 1999
12201 4 2 0 1 1290 3167 3372 3371
12202 4 2 0 1 4028 1131 2229 4310
12203 4 2 0 1 3102 3659 1124 3205
12204 4 2 0 1 1040 3215 2123 1134
12205 4 2 0 1 2848 767 4100 4036
12206 4 2 0 1 758 759 3223 2840
12207 4 2 0 1 738 760 2840 2841
12208 4 2 0 1 2811 736 2818 730
12209 4 2 0 1 4248 2343 2039 2167
12210 4 2 0 1 3139 1880 1055 1058
12211 4 2 0 1 4293 3978 3931 2212
12212 4 2 0 1 2343 4424 4120 2375
12213 4 2 0 1 3074 3069 4448 2367
12214 4 2 0 1 3263 735 729 1182
12215 4 2 0 1 1273 3354 4358 1275
12216 4 2 0 1 1038 3119 3120 1040
12217 4 2 0 1 4362 1956 2059 4037
12218 4 2 0 1 1465 1396 1296 3546
12219 4 2 0 1 3058 4336 2255 2989
12220 4 2 0 1 2377 4028 3546 1947
12221 4 2 0 1 3127 2157 1046 3183
12222 4 2 0 1 730 2818 4240 2159
12223 4 2 0 1 3088 1005 1205 3086
12224 4 2 0 1 736 2818 2819 2817
12225 4 2 0 1 3929 3928 3244 1847
12226 4 2 0 1 3241 4250 4249 1160
12227 4 2 0 1 4048 4401 3503 1967
12228 4 2 0 1 3072 992 991 988
12229 4 2 0 1 2355 3538 3536 1457
12230 4 2 0 1 2852 768 4100 2849
12231 4 2 0 1 3134 888 2152 1053
12232 4 2 0 1 2229 4310 3133 4149
12233 4 2 0 1 1180 3390 1181 3261
12234 4 2 0 1 2307 1461 4079 3542
12235 4 2 0 1 2150 4231 757 2309
12236 4 2 0 1 4450 2358 2178 4259
12237 4 2 0 1 3264 924 926 1183
12238 4 2 0 1 3931 1849 4419 3930
12239 4 2 0 1 3358 4023 3356 1942
12240 4 2 0 1 4116 4019 3221 1140
12241 4 2 0 1 734 4431 4456 2815
12242 4 2 0 1 757 2808 2838 2806
12243 4 2 0 1 3931 4404 4419 1850
12244 4 2 0 1 1849 3931 4419 1850
12245 4 2 0 1 2320 1422 3503 1967
12246 4 2 0 1 3933 3927 3928 1852
12247 4 2 0 1 2168 1160 4250 2169
12248 4 2 0 1 2807 1944 728 4025
12249 4 2 0 1 1077 3990 3158 2223
12250 4 2 0 1 1499 3537 1457 1456
12251 4 2 0 1 4100 768 2019 767
12252 4 2 0 1 4272 1015 3093 3096
12253 4 2 0 1 2026 724 4107 813
12254 4 2 0 1 1187 3268 3473 3401
12255 4 2 0 1 2363 1183 2342 3264
12256 4 2 0 1 3408 1262 3342 3343
12257 4 2 0 1 4338 4132 2051 4362
12258 4 2 0 1 1816 3372 3618 1291
12259 4 2 0 1 4458 4028 2377 4310
12260 4 2 0 1 3173 783 785 2866
12261 4 2 0 1 3405 1324 3558 3991
12262 4 2 0 1 4460 2141 2142 4222
12263 4 2 0 1 923 1924 1050 3131
12264 4 2 0 1 3226 3227 4125 2044
12265 4 2 0 1 2805 4107 724 813
12266 4 2 0 1 1852 3927 1413 3933
12267 4 2 0 1 4107 813 2127 2026
12268 4 2 0 1 1271 3352 3353 1273
12269 4 2 0 1 1942 2303 4023 2277
12270 4 2 0 1 3293 773 4290 1212
12271 4 2 0 1 801 4215 799 2134
12272 4 2 0 1 2090 2372 2089 4171
12273 4 2 0 1 4453 2089 2372 4171
12274 4 2 0 1 1247 1248 1246 3328
12275 4 2 0 1 1053 1101 2152 3134
12276 4 2 0 1 1187 1392 1320 3401
12277 4 2 0 1 4016 1374 1816 1935
12278 4 2 0 1 2344 2979 1973 4425
12279 4 2 0 1 3473 2152 4474 4233
12280 4 2 0 1 3328 1247 1248 3342
12281 4 2 0 1 4238 2157 1043 3127
12282 4 2 0 1 773 774 2854 4290
12283 4 2 0 1 3119 3121 3120 1040
12284 4 2 0 1 3039 3040 987 3068
12285 4 2 0 1 1182 2311 4462 2381
12286 4 2 0 1 2842 2840 760 2841
12287 4 2 0 1 2811 735 736 730
12288 4 2 0 1 3933 3927 1413 3494
12289 4 2 0 1 1058 1166 3139 1880
12290 4 2 0 1 1847 3928 3927 1852
12291 4 2 0 1 1413 3927 3023 3494
12292 4 2 0 1 1182 4392 4462 2311
12293 4 2 0 1 3088 3465 3286 1205
12294 4 2 0 1 3221 2332 1140 2242
12295 4 2 0 1 3137 1395 4100 1056
12296 4 2 0 1 773 774 4290 2209
12297 4 2 0 1 2786 707 700 2788
12298 4 2 0 1 3991 3404 1602 3683
12299 4 2 0 1 4423 2363 2342 3264
12300 4 2 0 1 929 927 1966 4047
12301 4 2 0 1 4283 3503 4337 1422
12302 4 2 0 1 3171 2323 4419 4404
12303 4 2 0 1 2375 4431 734 2350
12304 4 2 0 1 2368 3670 3548 1589
12305 4 2 0 1 2368 3038 4382 957
12306 4 2 0 1 994 3074 992 3075
12307 4 2 0 1 723 721 3171 1090
12308 4 2 0 1 4273 4348 3530 2192
12309 4 2 0 1 1888 3968 3967 3969
12310 4 2 0 1 3037 1934 1077 956
12311 4 2 0 1 1384 1938 4019 2035
12312 4 2 0 1 2332 3221 4323 2242
12313 4 2 0 1 1274 3357 1275 1276
12314 4 2 0 1 1466 1310 2243 3391
12315 4 2 0 1 3459 1533 3478 1378
12316 4 2 0 1 1850 3931 2212 1848
12317 4 2 0 1 3634 2134 2209 4215
12318 4 2 0 1 1558 3640 3638 3639
12319 4 2 0 1 1461 3371 4446 3542
12320 4 2 0 1 1461 1290 2365 4446
12321 4 2 0 1 2358 4450 4439 4259
12322 4 2 0 1 2141 1241 1244 3322
12323 4 2 0 1 2224 1462 3327 4305
12324 4 2 0 1 3272 3184 1191 3183
12325 4 2 0 1 3938 3939 3461 1857
12326 4 2 0 1 1090 721 3171 1953
12327 4 2 0 1 3931 4293 2212 1848
12328 4 2 0 1 1850 3978 2212 3931
12329 4 2 0 1 4424 4120 4248 2343
12330 4 2 0 1 1953 2350 4034 2338
12331 4 2 0 1 959 3039 987 958
12332 4 2 0 1 1530 1285 3120 1039
12333 4 2 0 1 1392 4474 2152 2393
12334 4 2 0 1 3086 3083 3085 1005
12335 4 2 0 1 4453 2089 4171 4170
12336 4 2 0 1 3017 3041 936 3018
12337 4 2 0 1 3244 1848 1847 1163
12338 4 2 0 1 1166 3247 3139 1880
12339 4 2 0 1 4024 4208 2894 2127
12340 4 2 0 1 4462 4348 2267 2382
12341 4 2 0 1 3968 1909 3966 3990
12342 4 2 0 1 3536 1281 3362 1129
12343 4 2 0 1 3221 3116 4323 1035
12344 4 2 0 1 1054 3212 3135 4310
12345 4 2 0 1 2157 1102 1046 3183
12346 4 2 0 1 3327 1248 2224 3329
12347 4 2 0 1 2229 1947 1131 4028
12348 4 2 0 1 3372 1290 3618 1291
12349 4 2 0 1 2224 1248 1476 3329
12350 4 2 0 1 2202 1422 4283 2256
12351 4 2 0 1 2223 1909 3966 1885
12352 4 2 0 1 1146 2044 3227 1145
12353 4 2 0 1 4028 2229 2377 4310
12354 4 2 0 1 1477 1324 1910 3991
12355 4 2 0 1 1050 1925 2302 3131
12356 4 2 0 1 2297 3321 3064 1240
12357 4 2 0 1 2297 983 1240 3064
12358 4 2 0 1 4054 4393 2312 4425
12359 4 2 0 1 4423 2379 2142 4460
12360 4 2 0 1 2142 4223 4460 4222
12361 4 2 0 1 3215 4204 3121 2123
12362 4 2 0 1 2375 1851 4431 2350
12363 4 2 0 1 988 3040 3068 987
12364 4 2 0 1 3260 1935 1180 4016
12365 4 2 0 1 2229 2377 4310 4149
12366 4 2 0 1 2377 4458 4310 4149
12367 4 2 0 1 4222 3322 1244 3325
12368 4 2 0 1 2224 1462 1246 3327
12369 4 2 0 1 3127 4238 2157 3183
12370 4 2 0 1 774 773 2854 2853
12371 4 2 0 1 4392 1182 4462 3263
12372 4 2 0 1 4390 757 4231 2309
12373 4 2 0 1 2788 700 2786 2781
12374 4 2 0 1 957 3024 4382 943
12375 4 2 0 1 1413 3927 1846 3023
12376 4 2 0 1 2314 3933 4395 1853
12377 4 2 0 1 4250 1160 2314 2169
12378 4 2 0 1 1909 3968 3966 1887
12379 4 2 0 1 3083 1005 1002 1004
12380 4 2 0 1 3134 1100 1101 3182
12381 4 2 0 1 2059 786 1917 2867
12382 4 2 0 1 4423 4444 2363 3264
12383 4 2 0 1 1086 3167 3057 4338
12384 4 2 0 1 2351 4229 886 4432
12385 4 2 0 1 3051 3178 970 3052
12386 4 2 0 1 1910 1324 1323 3404
12387 4 2 0 1 2809 728 730 4240
12388 4 2 0 1 2811 2809 730 4240
12389 4 2 0 1 738 2840 2839 2819
12390 4 2 0 1 3288 3215 3217 1134
12391 4 2 0 1 728 730 4240 2159
12392 4 2 0 1 3934 4395 3933 1853
12393 4 2 0 1 3530 3514 3513 1449
12394 4 2 0 1 2323 4419 1850 2338
12395 4 2 0 1 3513 3514 3370 1432
12396 4 2 0 1 1182 4348 4462 3263
12397 4 2 0 1 3514 1432 1449 1433
12398 4 2 0 1 959 3037 3039 958
12399 4 2 0 1 4379 3536 3210 1129
12400 4 2 0 1 2123 3120 3121 1040
12401 4 2 0 1 3274 3253 3273 1192
12402 4 2 0 1 3274 3352 3353 1271
12403 4 2 0 1 4100 1395 2019 1056
12404 4 2 0 1 1112 3067 3192 986
12405 4 2 0 1 774 2853 2878 772
12406 4 2 0 1 2840 738 2841 2819
12407 4 2 0 1 3007 935 4444 926
12408 4 2 0 1 3342 1327 1262 3408
12409 4 2 0 1 3372 1086 1290 1291
12410 4 2 0 1 4301 3178 2220 4417
12411 4 2 0 1 705 707 700 2786
12412 4 2 0 1 1324 1477 3558 3991
12413 4 2 0 1 4173 1022 3105 2092
12414 4 2 0 1 1182 4348 2267 4462
12415 4 2 0 1 3021 3023 3494 1413
12416 4 2 0 1 945 3025 943 944
12417 4 2 0 1 2338 3171 2323 4419
12418 4 2 0 1 4384 4023 2303 2277
12419 4 2 0 1 1261 1327 1262 3342
12420 4 2 0 1 4222 1244 1462 3543
12421 4 2 0 1 727 2807 2809 2808
12422 4 2 0 1 1853 4424 2169 2343
12423 4 2 0 1 1160 4250 2314 3241
12424 4 2 0 1 738 760 4198 2117
12425 4 2 0 1 4462 2267 2381 2382
12426 4 2 0 1 1037 4323 1035 2242
12427 4 2 0 1 3293 3137 773 1212
12428 4 2 0 1 3659 1579 1124 3660
12429 4 2 0 1 4460 1240 2297 2379
12430 4 2 0 1 915 924 923 3004
12431 4 2 0 1 1396 3546 2344 3477
12432 4 2 0 1 3321 2297 3064 4378
12433 4 2 0 1 1474 1602 1323 3555
12434 4 2 0 1 1846 1847 3927 1852
12435 4 2 0 1 4382 4449 3038 2368
12436 4 2 0 1 3069 3074 993 2367
12437 4 2 0 1 1281 3537 3536 3362
12438 4 2 0 1 4348 1449 2192 2267
12439 4 2 0 1 3193 2228 3067 1112
12440 4 2 0 1 2369 2358 2178 4450
12441 4 2 0 1 1054 1131 3212 4310
12442 4 2 0 1 2806 4231 757 2150
12443 4 2 0 1 2319 4383 3131 2302
12444 4 2 0 1 4017 2136 2337 4217
12445 4 2 0 1 758 2840 738 759
12446 4 2 0 1 3064 920 3001 2297
12447 4 2 0 1 738 2818 736 737
12448 4 2 0 1 4431 2375 734 4456
12449 4 2 0 1 4107 2894 4208 2127
12450 4 2 0 1 1136 3288 1134 1207
12451 4 2 0 1 3634 2209 1212 4290
12452 4 2 0 1 801 2904 4215 823
12453 4 2 0 1 3260 1935 2360 1179
12454 4 2 0 1 924 915 2996 3004
12455 4 2 0 1 961 3018 960 3042
12456 4 2 0 1 976 2051 2257 4338
12457 4 2 0 1 2142 2141 1462 4222
12458 4 2 0 1 3391 2243 1466 3547
12459 4 2 0 1 924 3264 926 3005
12460 4 2 0 1 1602 1910 3404 3991
12461 4 2 0 1 1392 1187 3473 3401
12462 4 2 0 1 4023 4384 4358 2277
12463 4 2 0 1 4392 2808 729 2810
12464 4 2 0 1 4133 2939 2962 2052
12465 4 2 0 1 3990 3966 4304 2223
12466 4 2 0 1 2338 4431 1849 2350
12467 4 2 0 1 2311 1888 4462 2381
12468 4 2 0 1 1982 1568 3649 1983
12469 4 2 0 1 2281 2060 1956 4362
12470 4 2 0 1 2281 2257 2051 4338
12471 4 2 0 1 3546 1396 2344 1465
12472 4 2 0 1 1184 4050 3265 2990
12473 4 2 0 1 4383 2319 3131 4400
12474 4 2 0 1 1955 767 4036 2019
12475 4 2 0 1 2990 1969 1184 4050
12476 4 2 0 1 4462 1182 2381 2267
12477 4 2 0 1 725 723 2806 2150
12478 4 2 0 1 1943 1533 3459 1378
12479 4 2 0 1 1140 1035 3221 2242
12480 4 2 0 1 1038 3120 1037 1039
12481 4 2 0 1 3120 3611 1285 1530
12482 4 2 0 1 4064 2108 3649 4189
12483 4 2 0 1 1964 4045 640 1982
12484 4 2 0 1 1816 3618 4016 1537
12485 4 2 0 1 1131 1054 2229 4310
12486 4 2 0 1 2990 1969 909 1184
12487 4 2 0 1 4305 2224 1476 3329
12488 4 2 0 1 4467 2386 4047 4112
12489 4 2 0 1 1888 4462 3969 2311
12490 4 2 0 1 1533 3478 1809 3614
12491 4 2 0 1 2818 3890 4240 2159
12492 4 2 0 1 3933 1413 1852 2314
12493 4 2 0 1 1279 3248 1168 3360
12494 4 2 0 1 3933 3494 1413 2314
12495 4 2 0 1 1886 2309 3967 1897
12496 4 2 0 1 1192 3253 1172 1193
12497 4 2 0 1 936 960 937 3018
12498 4 2 0 1 2142 2379 2141 4460
12499 4 2 0 1 4080 1234 1998 1999
12500 4 2 0 1 3898 3556 1816 3897
12501 4 2 0 1 931 3020 2031 939
12502 4 2 0 1 2848 2842 760 2841
12503 4 2 0 1 2810 730 735 2811
12504 4 2 0 1 2819 2818 738 4198
12505 4 2 0 1 4382 3038 3024 957
12506 4 2 0 1 4382 941 943 3022
12507 4 2 0 1 4419 2323 1850 4404
12508 4 2 0 1 1432 3370 3232 1289
12509 4 2 0 1 1934 3037 1077 4015
12510 4 2 0 1 3362 3210 3536 1129
12511 4 2 0 1 4413 3221 4323 2332
12512 4 2 0 1 3939 1857 1858 1380
12513 4 2 0 1 3018 961 960 937
12514 4 2 0 1 3329 1476 4305 3557
12515 4 2 0 1 2152 2969 3134 4233
12516 4 2 0 1 4474 1392 2152 3473
12517 4 2 0 1 2782 706 3469 701
12518 4 2 0 1 4382 2301 2368 957
12519 4 2 0 1 2355 3536 4436 2298
12520 4 2 0 1 2355 3536 2298 1455
12521 4 2 0 1 3356 3354 3355 1275
12522 4 2 0 1 3355 3357 3356 1275
12523 4 2 0 1 1853 3933 1851 1852
12524 4 2 0 1 784 786 1956 4037
12525 4 2 0 1 2336 3178 2220 1097
12526 4 2 0 1 3321 4460 2297 4378
12527 4 2 0 1 1234 4080 1998 3315
12528 4 2 0 1 3260 1180 3170 3261
12529 4 2 0 1 2360 3260 4441 4016
12530 4 2 0 1 1374 3455 3390 3261
12531 4 2 0 1 4305 2224 4442 4454
12532 4 2 0 1 3939 3938 3984 1857
12533 4 2 0 1 2277 1273 4358 1275
12534 4 2 0 1 3086 4352 3083 2271
12535 4 2 0 1 3523 2214 1445 1442
12536 4 2 0 1 706 2782 3469 2787
12537 4 2 0 1 3927 1852 1413 1846
12538 4 2 0 1 4250 1853 4424 2169
12539 4 2 0 1 3536 4379 2298 1129
12540 4 2 0 1 2159 3614 1944 1533
12541 4 2 0 1 1035 4323 3221 2242
12542 4 2 0 1 1380 4023 3358 1942
12543 4 2 0 1 4100 768 767 2849
12544 4 2 0 1 3261 1181 1180 3170
12545 4 2 0 1 2363 935 926 4444
12546 4 2 0 1 1248 3327 2224 1246
12547 4 2 0 1 1150 3240 1158 1159
12548 4 2 0 1 773 774 772 2853
12549 4 2 0 1 3069 3074 992 993
12550 4 2 0 1 3890 2159 3614 4240
12551 4 2 0 1 4240 2809 728 4025
12552 4 2 0 1 3890 2818 737 2159
12553 4 2 0 1 1413 4133 3021 940
12554 4 2 0 1 2159 4240 728 1944
12555 4 2 0 1 1285 3120 1037 3366
12556 4 2 0 1 3120 1285 1037 1039
12557 4 2 0 1 1198 3280 3240 1199
12558 4 2 0 1 1983 3649 2108 1568
12559 4 2 0 1 888 3134 2152 2969
12560 4 2 0 1 1374 1816 1475 3455
12561 4 2 0 1 3086 3088 3286 1205
12562 4 2 0 1 2224 3327 3329 4305
12563 4 2 0 1 2361 935 2363 4444
12564 4 2 0 1 3390 1180 1374 3261
12565 4 2 0 1 2990 864 909 1969
12566 4 2 0 1 2990 864 1969 2945
12567 4 2 0 1 3158 4015 4470 1077
12568 4 2 0 1 729 2809 730 2810
12569 4 2 0 1 4034 2338 3171 1953
12570 4 2 0 1 3022 4382 3024 943
12571 4 2 0 1 1168 3360 1280 1279
12572 4 2 0 1 3932 3934 3933 1851
12573 4 2 0 1 2052 2962 4133 940
12574 4 2 0 1 4133 2052 1413 2314
12575 4 2 0 1 1275 1273 3354 1274
12576 4 2 0 1 1097 4472 2336 3178
12577 4 2 0 1 3178 1097 970 3052
12578 4 2 0 1 801 4215 2882 799
12579 4 2 0 1 4100 2849 767 2848
12580 4 2 0 1 1533 2159 3614 1809
12581 4 2 0 1 4170 2089 785 3173
12582 4 2 0 1 4338 2051 2281 4362
12583 4 2 0 1 2281 1956 2059 4362
12584 4 2 0 1 3614 2159 1944 4240
12585 4 2 0 1 3618 1816 4016 3897
12586 4 2 0 1 2363 926 1183 3264
12587 4 2 0 1 4045 640 4063 2721
12588 4 2 0 1 738 760 759 2840
12589 4 2 0 1 4462 4392 3969 2311
12590 4 2 0 1 3523 4295 3526 1445
12591 4 2 0 1 3069 993 988 2367
12592 4 2 0 1 4174 3651 4074 1570
12593 4 2 0 1 4223 2142 1462 4222
12594 4 2 0 1 3897 3556 1816 3455
12595 4 2 0 1 3321 2141 4460 4222
12596 4 2 0 1 2031 4047 2386 4112
12597 4 2 0 1 3660 1124 3659 3205
12598 4 2 0 1 3240 4135 1159 1199
12599 4 2 0 1 729 727 2808 4392
12600 4 2 0 1 3968 4462 3969 1888
12601 4 2 0 1 729 727 4392 2311
12602 4 2 0 1 3968 2381 1888 1887
12603 4 2 0 1 3068 3069 3040 988
12604 4 2 0 1 3352 3354 3353 1273
12605 4 2 0 1 1158 3240 4135 1159
12606 4 2 0 1 3649 4063 1982 1983
12607 4 2 0 1 3264 4444 926 3007
12608 4 2 0 1 1039 1038 3120 1040
12609 4 2 0 1 726 727 725 2807
12610 4 2 0 1 2805 726 725 2807
12611 4 2 0 1 3494 4133 1413 2314
12612 4 2 0 1 3978 4404 1850 1897
12613 4 2 0 1 4348 1449 3530 2192
12614 4 2 0 1 2967 2178 2358 4259
12615 4 2 0 1 2945 1969 2990 4050
12616 4 2 0 1 2840 761 760 759
12617 4 2 0 1 3978 3967 4390 1897
12618 4 2 0 1 996 3075 997 994
12619 4 2 0 1 3537 1457 3536 3538
12620 4 2 0 1 1386 1384 3465 2035
12621 4 2 0 1 2044 4154 3488 4125
12622 4 2 0 1 3488 2073 2044 1407
12623 4 2 0 1 2880 4215 4290 799
12624 4 2 0 1 4290 774 799 2209
12625 4 2 0 1 4348 4462 4463 2382
12626 4 2 0 1 2344 3477 3546 4425
12627 4 2 0 1 4081 4430 2349 4082
12628 4 2 0 1 935 3007 4444 3016
12629 4 2 0 1 1537 2360 4441 4016
12630 4 2 0 1 2377 2979 4458 4149
12631 4 2 0 1 2867 4037 784 2865
12632 4 2 0 1 3064 920 2297 983
12633 4 2 0 1 1244 4222 3325 3543
12634 4 2 0 1 1037 3366 4323 2242
12635 4 2 0 1 3494 3933 4395 2314
12636 4 2 0 1 4436 3538 3536 2355
12637 4 2 0 1 2001 4081 2349 4082
12638 4 2 0 1 3678 1598 3677 1597
12639 4 2 0 1 4442 935 4444 3016
12640 4 2 0 1 2319 1050 2302 3131
12641 4 2 0 1 3020 931 2031 3012
12642 4 2 0 1 1533 3459 3478 3614
12643 4 2 0 1 2807 728 727 2809
12644 4 2 0 1 3931 3978 4404 1850
12645 4 2 0 1 4419 1849 1850 2338
12646 4 2 0 1 2127 813 2894 1943
12647 4 2 0 1 2127 2894 4024 1943
12648 4 2 0 1 3072 3040 3069 988
12649 4 2 0 1 2307 4079 4080 4388
12650 4 2 0 1 2152 3182 4233 3134
12651 4 2 0 1 1598 3678 3677 3679
12652 4 2 0 1 3478 1533 1809 1397
12653 4 2 0 1 3074 4448 4436 2367
12654 4 2 0 1 761 2840 760 2842
12655 4 2 0 1 1151 3223 3368 3232
12656 4 2 0 1 724 726 2805 813
12657 4 2 0 1 4382 2301 957 943
12658 4 2 0 1 2159 737 3890 1809
12659 4 2 0 1 3223 1151 3368 1142
12660 4 2 0 1 3074 4436 4379 2298
12661 4 2 0 1 4436 3074 993 2298
12662 4 2 0 1 2224 2373 4442 4454
12663 4 2 0 1 1086 3372 3167 4338
12664 4 2 0 1 4025 728 4240 1944
12665 4 2 0 1 785 4170 3173 2866
12666 4 2 0 1 2242 1037 3366 1285
12667 4 2 0 1 3966 3990 1909 2223
12668 4 2 0 1 3040 991 4015 959
12669 4 2 0 1 3890 3478 3614 1809
12670 4 2 0 1 4431 4456 3932 1851
12671 4 2 0 1 4419 1849 4431 3930
12672 4 2 0 1 2214 3525 3523 4295
12673 4 2 0 1 2381 3968 1888 4462
12674 4 2 0 1 4470 1934 1077 4015
12675 4 2 0 1 4080 3386 1305 4388
12676 4 2 0 1 926 2363 4444 3264
12677 4 2 0 1 4460 1240 2141 3321
12678 4 2 0 1 1910 1324 3404 3991
12679 4 2 0 1 2031 4112 3020 3012
12680 4 2 0 1 3121 4204 3120 2123
12681 4 2 0 1 3080 3079 3081 998
12682 4 2 0 1 757 3969 2311 1888
12683 4 2 0 1 1853 4250 4424 3934
12684 4 2 0 1 4431 4456 1851 2375
12685 4 2 0 1 4295 3526 1445 2081
12686 4 2 0 1 1934 4470 1077 2389
12687 4 2 0 1 899 2270 2980 1903
12688 4 2 0 1 4045 4063 640 1982
12689 4 2 0 1 4423 2136 2337 2342
12690 4 2 0 1 2307 1461 1998 4079
12691 4 2 0 1 1816 4016 1935 1537
12692 4 2 0 1 4082 4432 2001 4160
12693 4 2 0 1 3404 1602 3555 1323
12694 4 2 0 1 757 4392 3969 2838
12695 4 2 0 1 813 4107 2127 2894
12696 4 2 0 1 700 2782 2786 2781
12697 4 2 0 1 2159 3890 3614 1809
12698 4 2 0 1 1086 976 2257 4338
12699 4 2 0 1 4047 2031 2386 1966
12700 4 2 0 1 1943 3459 1379 1378
12701 4 2 0 1 2048 4129 3652 1371
12702 4 2 0 1 2048 3652 1571 1371
12703 4 2 0 1 941 4382 943 2301
12704 4 2 0 1 2389 3990 1077 1909
12705 4 2 0 1 3037 959 956 958
12706 4 2 0 1 1200 3284 1202 3281
12707 4 2 0 1 823 814 2904 1801
12708 4 2 0 1 786 2059 1956 4037
12709 4 2 0 1 2349 4453 2089 2372
12710 4 2 0 1 4430 4453 2349 4082
12711 4 2 0 1 2141 1244 1462 4222
12712 4 2 0 1 3537 1281 3536 1456
12713 4 2 0 1 998 1000 3081 999
12714 4 2 0 1 4025 4240 3614 1944
12715 4 2 0 1 705 2782 700 701
12716 4 2 0 1 4024 2127 1379 4208
12717 4 2 0 1 4024 3460 4208 1379
12718 4 2 0 1 4024 2894 4025 1944
12719 4 2 0 1 2389 1934 4470 1804
12720 4 2 0 1 1384 3465 1385 1386
12721 4 2 0 1 2093 4174 4074 1570
12722 4 2 0 1 2894 4107 2805 813
12723 4 2 0 1 3650 4074 3651 1570
12724 4 2 0 1 1570 3651 3650 1407
12725 4 2 0 1 3459 4024 3614 1533
12726 4 2 0 1 4133 3494 4395 2314
12727 4 2 0 1 4419 4034 4431 2338
12728 4 2 0 1 4392 757 3969 2311
12729 4 2 0 1 3079 3077 3078 997
12730 4 2 0 1 1432 3514 3370 1433
12731 4 2 0 1 992 3069 993 988
12732 4 2 0 1 955 3034 1974 953
12733 4 2 0 1 1457 3536 2355 1455
12734 4 2 0 1 3288 4130 4204 2049
12735 4 2 0 1 4074 2094 2093 1993
12736 4 2 0 1 3039 959 987 3040
12737 4 2 0 1 726 728 727 2807
12738 4 2 0 1 2377 898 2344 2979
12739 4 2 0 1 3542 4079 2307 4388
12740 4 2 0 1 4430 2089 4453 4170
12741 4 2 0 1 4453 2349 2089 4430
12742 4 2 0 1 935 4442 4444 2361
12743 4 2 0 1 3405 3404 1324 3991
12744 4 2 0 1 4036 4100 1395 2019
12745 4 2 0 1 1857 1903 3984 1858
12746 4 2 0 1 2270 3939 3984 1858
12747 4 2 0 1 3120 2123 1530 1039
12748 4 2 0 1 3933 1853 1851 3934
12749 4 2 0 1 813 1944 2894 1943
12750 4 2 0 1 701 706 3469 1388
12751 4 2 0 1 1897 4404 1850 2323
12752 4 2 0 1 1944 4024 2894 1943
12753 4 2 0 1 4463 2382 1909 2389
12754 4 2 0 1 3040 991 959 988
12755 4 2 0 1 3536 1281 1129 1455
12756 4 2 0 1 3465 1385 1205 1384
12757 4 2 0 1 4215 2880 2882 799
12758 4 2 0 1 3280 3279 3281 1198
12759 4 2 0 1 1200 3284 1203 1202
12760 4 2 0 1 2307 4080 1999 1305
12761 4 2 0 1 4453 2001 2349 4082
12762 4 2 0 1 2001 4453 2349 2372
12763 4 2 0 1 1537 4441 3618 4016
12764 4 2 0 1 784 783 2863 2865
12765 4 2 0 1 1043 1046 1045 3127
12766 4 2 0 1 2782 705 700 2786
12767 4 2 0 1 2309 3967 1888 1886
12768 4 2 0 1 3040 3037 3039 959
12769 4 2 0 1 3990 4463 1909 2389
12770 4 2 0 1 860 2960 878 2941
12771 4 2 0 1 1935 3260 2360 4016
12772 4 2 0 1 4432 2079 2001 4160
12773 4 2 0 1 3106 3188 984 1025
12774 4 2 0 1 4442 2373 935 3016
12775 4 2 0 1 3171 2804 723 2150
12776 4 2 0 1 1476 4305 4454 2224
12777 4 2 0 1 2386 4047 4454 4467
12778 4 2 0 1 4174 4074 4175 2094
12779 4 2 0 1 3075 3078 3077 997
12780 4 2 0 1 2818 737 738 2117
12781 4 2 0 1 4231 2806 2804 2150
12782 4 2 0 1 2960 2941 2959 878
12783 4 2 0 1 2134 3634 2209 1553
12784 4 2 0 1 4305 1476 4454 3557
12785 4 2 0 1 4434 3178 2353 3051
12786 4 2 0 1 3939 3984 4351 2270
12787 4 2 0 1 1272 1271 3353 1273
12788 4 2 0 1 991 3040 4015 3072
12789 4 2 0 1 991 1934 4015 959
12790 4 2 0 1 2842 760 761 2848
12791 4 2 0 1 2317 1466 4398 3535
12792 4 2 0 1 737 3890 2117 2818
12793 4 2 0 1 2389 4470 1536 1804
12794 4 2 0 1 3536 2298 1455 1129
12795 4 2 0 1 3120 2123 1039 1040
12796 4 2 0 1 2332 4116 3221 1140
12797 4 2 0 1 1857 3984 3939 1858
12798 4 2 0 1 1998 4446 1461 2365
12799 4 2 0 1 2281 4338 3898 2257
12800 4 2 0 1 2358 4439 2967 4259
12801 4 2 0 1 4432 2001 4453 4082
12802 4 2 0 1 2079 4432 2001 2351
12803 4 2 0 1 2373 1966 935 3016
12804 4 2 0 1 1045 1046 1047 3127
12805 4 2 0 1 1849 4419 4431 2338
12806 4 2 0 1 3241 4395 4250 2314
12807 4 2 0 1 3171 1090 1953 2338
12808 4 2 0 1 3452 1226 3652 1371
12809 4 2 0 1 2059 4362 4037 4140
12810 4 2 0 1 2361 2373 935 4442
12811 4 2 0 1 4081 2001 2349 2000
12812 4 2 0 1 3124 1045 3127 1043
12813 4 2 0 1 3478 1533 1397 1378
12814 4 2 0 1 2271 1005 3086 1205
12815 4 2 0 1 4470 1077 3990 3158
12816 4 2 0 1 988 959 3040 987
12817 4 2 0 1 4019 4116 2035 1140
12818 4 2 0 1 2332 4413 4116 2348
12819 4 2 0 1 3281 1201 1200 1198
12820 4 2 0 1 4079 2307 4080 1998
12821 4 2 0 1 2059 4140 2867 3998
12822 4 2 0 1 1597 1596 1598 3677
12823 4 2 0 1 970 2353 3178 3051
12824 4 2 0 1 3329 1248 1476 3343
12825 4 2 0 1 4442 2373 3016 4454
12826 4 2 0 1 1955 1819 4036 1049
12827 4 2 0 1 4116 3465 4019 2035
12828 4 2 0 1 1226 3452 3652 3307
12829 4 2 0 1 1193 1271 3353 1272
12830 4 2 0 1 2960 860 878 879
12831 4 2 0 1 1903 2270 3984 1858
12832 4 2 0 1 4338 2281 3898 4362
12833 4 2 0 1 2358 886 2178 2967
12834 4 2 0 1 784 783 2865 2866
12835 4 2 0 1 3543 1462 4442 4305
12836 4 2 0 1 3034 955 1974 3036
12837 4 2 0 1 4392 727 757 2311
12838 4 2 0 1 3286 2271 1205 2291
12839 4 2 0 1 992 3075 3074 3073
12840 4 2 0 1 2960 878 899 879
12841 4 2 0 1 1092 2089 2349 4430
12842 4 2 0 1 1816 1817 1475 3556
12843 4 2 0 1 1816 1817 3556 3898
12844 4 2 0 1 2344 2979 4425 4458
12845 4 2 0 1 2373 1966 3016 4454
12846 4 2 0 1 2228 3067 1112 986
12847 4 2 0 1 2338 4034 3171 4419
12848 4 2 0 1 2123 3120 1530 4204
12849 4 2 0 1 4417 1474 4301 3555
12850 4 2 0 1 3315 1998 1417 3498
12851 4 2 0 1 1602 3404 3555 3683
12852 4 2 0 1 2853 774 2878 2855
12853 4 2 0 1 3021 3494 4133 1413
12854 4 2 0 1 727 4392 757 2808
12855 4 2 0 1 4198 3890 2818 2117
12856 4 2 0 1 1934 4015 4470 1804
12857 4 2 0 1 2979 2344 2377 4458
12858 4 2 0 1 1530 3611 4129 2049
12859 4 2 0 1 2809 729 730 728
12860 4 2 0 1 1413 2052 4133 940
12861 4 2 0 1 3452 3652 4129 1371
12862 4 2 0 1 899 2959 2960 2980
12863 4 2 0 1 1092 783 785 3173
12864 4 2 0 1 1271 3353 3274 1193
12865 4 2 0 1 3455 1475 1464 3545
12866 4 2 0 1 1234 1998 1417 3315
12867 4 2 0 1 2377 3546 2344 1465
12868 4 2 0 1 923 3131 922 3004
12869 4 2 0 1 3016 1966 4047 4454
12870 4 2 0 1 2035 2332 4116 2348
12871 4 2 0 1 3634 4290 1212 3293
12872 4 2 0 1 2361 2224 2373 4442
12873 4 2 0 1 3372 1086 2257 4338
12874 4 2 0 1 3898 1816 3372 3897
12875 4 2 0 1 3546 2344 4425 4458
12876 4 2 0 1 2967 4439 2358 4432
12877 4 2 0 1 2079 4439 3676 4160
12878 4 2 0 1 757 2808 4392 2838
12879 4 2 0 1 3263 4392 729 2810
12880 4 2 0 1 4198 2818 738 2117
12881 4 2 0 1 3069 3074 3073 992
12882 4 2 0 1 1456 1281 3536 1455
12883 4 2 0 1 1226 1571 3652 1371
12884 4 2 0 1 4432 4439 2079 4160
12885 4 2 0 1 783 3173 2864 2866
12886 4 2 0 1 3064 2297 3001 4378
12887 4 2 0 1 2152 3182 3134 1101
12888 4 2 0 1 3124 1045 1042 3123
12889 4 2 0 1 2309 3969 757 1888
12890 4 2 0 1 1804 1934 4015 991
12891 4 2 0 1 3040 3072 991 988
12892 4 2 0 1 2270 2980 2959 899
12893 4 2 0 1 2351 886 2358 4432
12894 4 2 0 1 2142 2363 2342 4423
12895 4 2 0 1 2967 2358 886 4432
12896 4 2 0 1 3127 1047 1045 3128
12897 4 2 0 1 2309 4390 3967 1897
12898 4 2 0 1 2127 4024 1379 1943
12899 4 2 0 1 3263 729 4392 1182
12900 4 2 0 1 3072 3885 4015 991
12901 4 2 0 1 1077 4470 3990 2389
12902 4 2 0 1 4129 1530 3612 3611
12903 4 2 0 1 3274 3253 1192 1193
12904 4 2 0 1 3447 3446 3282 1365
12905 4 2 0 1 4037 784 786 2867
12906 4 2 0 1 1042 1043 1045 3124
12907 4 2 0 1 2360 1537 1935 4016
12908 4 2 0 1 760 767 761 2848
12909 4 2 0 1 730 2810 2809 2811
12910 4 2 0 1 3969 2309 3967 1888
12911 4 2 0 1 3223 2151 759 1142
12912 4 2 0 1 3452 4130 4481 1371
12913 4 2 0 1 1146 3225 1145 3227
12914 4 2 0 1 786 2059 4037 2867
12915 4 2 0 1 2363 4223 4444 4423
12916 4 2 0 1 4446 4079 1461 3542
12917 4 2 0 1 970 2353 1097 3178
12918 4 2 0 1 1159 1198 3240 1199
12919 4 2 0 1 4463 3990 4470 2389
12920 4 2 0 1 4390 757 3969 2838
12921 4 2 0 1 1909 2382 3968 1887
12922 4 2 0 1 2317 1466 3535 1454
12923 4 2 0 1 993 3074 4436 2367
12924 4 2 0 1 1457 3537 3536 1456
12925 4 2 0 1 1530 4129 3612 2048
12926 4 2 0 1 2209 3634 1212 1553
12927 4 2 0 1 878 2960 899 2959
12928 4 2 0 1 1291 1086 2257 3372
12929 4 2 0 1 1309 1464 2243 4324
12930 4 2 0 1 2379 1240 2141 4460
12931 4 2 0 1 2372 2351 2001 4453
12932 4 2 0 1 3556 1475 1816 3455
12933 4 2 0 1 2894 1944 2807 4025
12934 4 2 0 1 3315 4080 1998 4079
12935 4 2 0 1 4301 2220 1474 4417
12936 4 2 0 1 1944 813 2807 726
12937 4 2 0 1 3460 4024 3459 1379
12938 4 2 0 1 1533 3459 4024 1943
12939 4 2 0 1 3890 737 2117 1809
12940 4 2 0 1 3034 4055 3036 1974
12941 4 2 0 1 2382 3968 4463 1909
12942 4 2 0 1 3453 3947 3948 1867
12943 4 2 0 1 2079 2351 2358 4432
12944 4 2 0 1 4047 2386 4454 1966
12945 4 2 0 1 3557 2386 4454 4467
12946 4 2 0 1 3231 1197 3240 1150
12947 4 2 0 1 2850 761 2849 2842
12948 4 2 0 1 1944 3614 4024 1533
12949 4 2 0 1 3067 2228 917 986
12950 4 2 0 1 1464 1374 1475 3455
12951 4 2 0 1 2337 4418 4017 4217
12952 4 2 0 1 3131 2319 922 4400
12953 4 2 0 1 3467 1385 3465 1386
12954 4 2 0 1 3611 3120 4204 1530
12955 4 2 0 1 4124 3949 2978 897
12956 4 2 0 1 3461 3939 4023 1380
12957 4 2 0 1 2319 3131 922 1050
12958 4 2 0 1 4439 2079 2358 4432
12959 4 2 0 1 2001 4432 4453 2351
12960 4 2 0 1 863 2970 2971 2944
12961 4 2 0 1 2303 3939 2270 1858
12962 4 2 0 1 2854 774 2853 2855
12963 4 2 0 1 999 3922 996 1841
12964 4 2 0 1 3467 3465 4116 1386
12965 4 2 0 1 2271 4372 3286 4352
12966 4 2 0 1 2048 1530 4129 2049
12967 4 2 0 1 3546 2377 2344 4458
12968 4 2 0 1 3173 4170 2089 4430
12969 4 2 0 1 783 784 785 2866
12970 4 2 0 1 3984 2980 4351 2270
12971 4 2 0 1 2381 3968 4462 2382
12972 4 2 0 1 774 2854 4290 2855
12973 4 2 0 1 1182 729 4392 2311
12974 4 2 0 1 3370 1432 1433 1289
12975 4 2 0 1 2048 3612 1530 1531
12976 4 2 0 1 1291 2257 1817 3372
12977 4 2 0 1 2358 2079 3676 1595
12978 4 2 0 1 4439 2079 3676 2358
12979 4 2 0 1 3547 4398 1466 3535
12980 4 2 0 1 2224 4442 1462 4305
12981 4 2 0 1 2840 761 759 4232
12982 4 2 0 1 3968 3990 4463 1909
12983 4 2 0 1 2807 2805 726 813
12984 4 2 0 1 1944 2894 2807 813
12985 4 2 0 1 4450 2178 3269 4259
12986 4 2 0 1 4472 1097 2336 2391
12987 4 2 0 1 1262 1476 1248 3343
12988 4 2 0 1 2257 3372 4338 3898
12989 4 2 0 1 2373 2224 1476 4454
12990 4 2 0 1 3077 3079 998 997
12991 4 2 0 1 4404 4390 4231 2323
12992 4 2 0 1 3253 4022 1172 1193
12993 4 2 0 1 2867 1917 2059 3998
12994 4 2 0 1 4324 2243 1309 3391
12995 4 2 0 1 2849 768 761 2850
12996 4 2 0 1 2214 3523 1445 4295
12997 4 2 0 1 1370 2948 1226 867
12998 4 2 0 1 2386 3557 4454 1476
12999 4 2 0 1 3922 999 996 3080
13000 4 2 0 1 4436 993 2355 2298
13001 4 2 0 1 1107 984 3188 1025
13002 4 2 0 1 2271 3086 3286 1205
13003 4 2 0 1 1291 1817 1816 3372
13004 4 2 0 1 3131 923 922 1050
13005 4 2 0 1 2852 770 2853 771
13006 4 2 0 1 2941 2940 2959 878
13007 4 2 0 1 2343 1853 4424 2375
13008 4 2 0 1 4130 2400 1371 2049
13009 4 2 0 1 2044 3226 3227 1145
13010 4 2 0 1 3535 4397 4398 2316
13011 4 2 0 1 2307 4080 1305 4388
13012 4 2 0 1 4454 1966 2386 2373
13013 4 2 0 1 2271 4372 2291 3286
13014 4 2 0 1 2878 774 772 797
13015 4 2 0 1 4430 2345 4081 2349
13016 4 2 0 1 984 3065 3188 3106
13017 4 2 0 1 3536 1457 1456 1455
13018 4 2 0 1 4130 4129 3611 2049
13019 4 2 0 1 2337 2342 1183 3264
13020 4 2 0 1 2337 1936 2136 4017
13021 4 2 0 1 2959 2270 899 878
13022 4 2 0 1 3614 1944 4024 4025
13023 4 2 0 1 3968 4463 4462 2382
13024 4 2 0 1 3922 3077 3080 996
13025 4 2 0 1 1897 4404 4390 3978
13026 4 2 0 1 4470 3617 1536 1804
13027 4 2 0 1 3948 2043 1867 1868
13028 4 2 0 1 1212 3634 3293 3606
13029 4 2 0 1 1998 3498 4446 1417
13030 4 2 0 1 4140 4037 2059 2867
13031 4 2 0 1 1090 3171 723 2150
13032 4 2 0 1 3488 3651 2073 1407
13033 4 2 0 1 3178 4472 2336 4417
13034 4 2 0 1 2970 863 2971 889
13035 4 2 0 1 3369 2352 1526 4433
13036 4 2 0 1 1449 3514 3616 3530
13037 4 2 0 1 1395 3137 4100 3476
13038 4 2 0 1 3221 4413 4116 2332
13039 4 2 0 1 4129 2048 2049 1371
13040 4 2 0 1 4442 2224 1462 2361
13041 4 2 0 1 1853 4456 4424 2375
13042 4 2 0 1 4204 1530 2123 2049
13043 4 2 0 1 3545 4324 1464 3390
13044 4 2 0 1 3557 3329 1476 3343
13045 4 2 0 1 3066 917 2997 985
13046 4 2 0 1 2363 2142 4223 4423
13047 4 2 0 1 3178 2336 2220 4417
13048 4 2 0 1 2125 2328 1184 3265
13049 4 2 0 1 2386 4454 2373 1476
13050 4 2 0 1 2309 2150 4231 2323
13051 4 2 0 1 2309 4231 4390 2323
13052 4 2 0 1 1385 3286 3465 1205
13053 4 2 0 1 2270 3939 4384 4351
13054 4 2 0 1 4022 3253 3274 1193
13055 4 2 0 1 1310 1309 2243 3391
13056 4 2 0 1 1188 2369 2178 4450
13057 4 2 0 1 3269 1188 2178 4450
13058 4 2 0 1 3676 2358 4450 4439
13059 4 2 0 1 784 783 782 2863
13060 4 2 0 1 4232 2840 761 2842
13061 4 2 0 1 2150 3171 2323 1090
13062 4 2 0 1 2894 2805 2807 813
13063 4 2 0 1 1533 4024 1944 1943
13064 4 2 0 1 4372 1799 2271 2291
13065 4 2 0 1 3514 1800 3370 1433
13066 4 2 0 1 3611 3612 3366 1285
13067 4 2 0 1 771 772 770 2853
13068 4 2 0 1 1595 2358 4450 3676
13069 4 2 0 1 4423 2337 3264 2342
13070 4 2 0 1 1309 1464 4324 3390
13071 4 2 0 1 2864 2863 783 2865
13072 4 2 0 1 1150 1149 3231 1148
13073 4 2 0 1 2878 3886 2879 797
13074 4 2 0 1 2382 2381 3968 1887
13075 4 2 0 1 1818 1955 4036 1395
13076 4 2 0 1 2309 3969 3967 4390
13077 4 2 0 1 4276 3368 3370 1289
13078 4 2 0 1 4348 1536 1449 2267
13079 4 2 0 1 1379 4024 3459 1943
13080 4 2 0 1 4221 1821 3228 2140
13081 4 2 0 1 3279 4335 3282 1201
13082 4 2 0 1 1858 1942 4023 1380
13083 4 2 0 1 2136 4423 2337 4217
13084 4 2 0 1 4352 3880 3082 2271
13085 4 2 0 1 2849 761 2848 2842
13086 4 2 0 1 767 2849 761 2848
13087 4 2 0 1 2849 767 761 768
13088 4 2 0 1 4397 1926 4398 2316
13089 4 2 0 1 4295 1445 2214 2081
13090 4 2 0 1 3446 3283 3282 1365
13091 4 2 0 1 2270 3984 2980 1903
13092 4 2 0 1 3939 2303 2270 4384
13093 4 2 0 1 770 768 771 2852
13094 4 2 0 1 701 706 705 2782
13095 4 2 0 1 3617 4470 3885 1804
13096 4 2 0 1 1386 3465 4116 2035
13097 4 2 0 1 1212 3634 3606 1553
13098 4 2 0 1 2228 3067 917 4309
13099 4 2 0 1 1858 4023 3939 1380
13100 4 2 0 1 923 922 915 3004
13101 4 2 0 1 3400 2001 4081 1319
13102 4 2 0 1 3286 4352 3086 2271
13103 4 2 0 1 1449 3617 4348 3530
13104 4 2 0 1 1804 4015 3885 991
13105 4 2 0 1 1197 1198 3240 1159
13106 4 2 0 1 2303 4023 3939 1858
13107 4 2 0 1 3535 4398 2317 2316
13108 4 2 0 1 2001 3400 4081 4082
13109 4 2 0 1 3280 1198 3240 3279
13110 4 2 0 1 3229 1149 3231 3230
13111 4 2 0 1 917 3066 3067 985
13112 4 2 0 1 3885 4470 4015 1804
13113 4 2 0 1 2787 705 2782 2786
13114 4 2 0 1 3217 4263 1136 1172
13115 4 2 0 1 2980 2270 2959 4351
13116 4 2 0 1 3279 1201 1198 2254
13117 4 2 0 1 4263 3217 3253 1172
13118 4 2 0 1 2271 3880 4372 4352
13119 4 2 0 1 4390 3969 757 2309
13120 4 2 0 1 1395 1955 4036 2019
13121 4 2 0 1 4116 2332 2035 1140
13122 4 2 0 1 2297 3001 1300 920
13123 4 2 0 1 2342 2136 2379 4423
13124 4 2 0 1 1595 2358 2369 4450
13125 4 2 0 1 1382 3354 4358 1273
13126 4 2 0 1 706 705 2782 2787
13127 4 2 0 1 4130 1371 4129 2049
13128 4 2 0 1 3229 3230 3227 1149
13129 4 2 0 1 2349 2345 4081 2000
13130 4 2 0 1 2365 1417 1998 4446
13131 4 2 0 1 2941 859 878 860
13132 4 2 0 1 4231 2804 3171 2150
13133 4 2 0 1 4036 767 1049 2848
13134 4 2 0 1 3223 759 4232 2840
13135 4 2 0 1 3083 2271 1001 1002
13136 4 2 0 1 1202 3281 1201 1200
13137 4 2 0 1 2880 4290 2855 799
13138 4 2 0 1 2228 3193 3067 4309
13139 4 2 0 1 899 2981 2997 2980
13140 4 2 0 1 4023 2303 1942 1858
13141 4 2 0 1 3072 3073 4328 992
13142 4 2 0 1 1092 2349 2345 4430
13143 4 2 0 1 1092 785 2089 3173
13144 4 2 0 1 1816 3898 3372 1817
13145 4 2 0 1 3381 2297 3001 1300
13146 4 2 0 1 3949 2043 1868 897
13147 4 2 0 1 3467 1385 1386 1797
13148 4 2 0 1 3368 4276 3502 2195
13149 4 2 0 1 3949 4124 2043 897
13150 4 2 0 1 3884 4335 3278 2254
13151 4 2 0 1 1371 4130 4129 3452
13152 4 2 0 1 3225 1144 1143 2140
13153 4 2 0 1 1151 3368 1289 3232
13154 4 2 0 1 1198 3240 3279 1197
13155 4 2 0 1 3390 4324 1309 3391
13156 4 2 0 1 2257 2281 1817 3898
13157 4 2 0 1 1320 2380 1188 4461
13158 4 2 0 1 2960 899 2980 2981
13159 4 2 0 1 4084 3453 3948 2003
13160 4 2 0 1 1372 1866 3947 1867
13161 4 2 0 1 2380 2369 1188 4461
13162 4 2 0 1 1536 4348 4463 2382
13163 4 2 0 1 3476 1818 4036 1395
13164 4 2 0 1 2367 4436 993 2355
13165 4 2 0 1 4429 4116 4413 2348
13166 4 2 0 1 2400 4130 1371 4481
13167 4 2 0 1 3279 1201 3281 1198
13168 4 2 0 1 774 4290 799 2855
13169 4 2 0 1 2883 802 814 801
13170 4 2 0 1 2000 2001 1319 4081
13171 4 2 0 1 4446 1998 1461 4079
13172 4 2 0 1 3677 4473 1598 3679
13173 4 2 0 1 4197 2117 3890 4198
13174 4 2 0 1 3883 3882 3859 1802
13175 4 2 0 1 4084 3948 4124 2003
13176 4 2 0 1 3885 3072 2247 991
13177 4 2 0 1 3890 4197 3478 1809
13178 4 2 0 1 3286 1205 1385 2291
13179 4 2 0 1 4384 4023 3939 2303
13180 4 2 0 1 1201 3279 3281 3282
13181 4 2 0 1 4404 4231 3171 2323
13182 4 2 0 1 760 3130 2848 2841
13183 4 2 0 1 2247 3616 3885 1804
13184 4 2 0 1 4348 1536 2267 2382
13185 4 2 0 1 814 2904 2882 801
13186 4 2 0 1 4036 4100 3476 1395
13187 4 2 0 1 2059 2281 4362 3898
13188 4 2 0 1 4450 3269 1188 4461
13189 4 2 0 1 3372 2257 1817 3898
13190 4 2 0 1 890 863 889 2971
13191 4 2 0 1 2094 4174 4074 2093
13192 4 2 0 1 1385 3467 3465 3466
13193 4 2 0 1 3998 1464 1475 3545
13194 4 2 0 1 924 2170 1183 3264
13195 4 2 0 1 4450 1188 2369 4461
13196 4 2 0 1 4456 1853 1851 2375
13197 4 2 0 1 1799 1524 3880 1001
13198 4 2 0 1 992 2247 3072 991
13199 4 2 0 1 2978 2959 2940 878
13200 4 2 0 1 1365 3282 3447 1201
13201 4 2 0 1 3498 3315 1998 4079
13202 4 2 0 1 1320 4461 4473 2380
13203 4 2 0 1 3947 3463 3948 1867
13204 4 2 0 1 1454 3535 2317 2316
13205 4 2 0 1 1397 4197 1809 3478
13206 4 2 0 1 1819 3900 4036 1049
13207 4 2 0 1 1866 3463 1867 1382
13208 4 2 0 1 3934 3932 4456 1851
13209 4 2 0 1 4456 4424 3934 1853
13210 4 2 0 1 4404 1897 4390 2323
13211 4 2 0 1 3514 1449 3616 1433
13212 4 2 0 1 1433 1800 3370 1289
13213 4 2 0 1 3451 1226 2948 3307
13214 4 2 0 1 1799 3880 2271 1001
13215 4 2 0 1 3225 1146 1145 1144
13216 4 2 0 1 1809 4197 2117 3890
13217 4 2 0 1 3354 1382 3353 1273
13218 4 2 0 1 1147 3227 3225 1146
13219 4 2 0 1 1926 4397 4398 4007
13220 4 2 0 1 1926 2317 4398 2316
13221 4 2 0 1 1149 3227 3229 1146
13222 4 2 0 1 4063 3649 4064 1983
13223 4 2 0 1 3082 3880 3605 1524
13224 4 2 0 1 3130 4036 3900 1049
13225 4 2 0 1 3082 3880 1524 1001
13226 4 2 0 1 2960 899 2981 879
13227 4 2 0 1 985 917 2997 916
13228 4 2 0 1 3005 2996 924 4251
13229 4 2 0 1 1420 3502 4314 1421
13230 4 2 0 1 1598 4473 2391 3679
13231 4 2 0 1 2122 933 3014 3017
13232 4 2 0 1 3880 2271 4372 1799
13233 4 2 0 1 3171 2150 2323 4231
13234 4 2 0 1 1897 2309 4390 2323
13235 4 2 0 1 1288 2352 3476 1395
13236 4 2 0 1 939 2122 933 3020
13237 4 2 0 1 3286 1385 3465 3466
13238 4 2 0 1 998 3077 3080 3079
13239 4 2 0 1 1421 1420 3502 1287
13240 4 2 0 1 3368 4276 2195 1289
13241 4 2 0 1 2270 2959 2978 878
13242 4 2 0 1 1596 4473 1598 3677
13243 4 2 0 1 924 3005 4251 3264
13244 4 2 0 1 1540 1539 1899 3620
13245 4 2 0 1 4429 2348 1783 2366
13246 4 2 0 1 4116 1386 4429 3467
13247 4 2 0 1 1530 4204 3611 2049
13248 4 2 0 1 2003 3453 3948 1867
13249 4 2 0 1 770 768 2852 2849
13250 4 2 0 1 1595 4450 3675 3676
13251 4 2 0 1 1462 4442 4223 3543
13252 4 2 0 1 1532 2242 3366 1285
13253 4 2 0 1 3947 3453 1372 1867
13254 4 2 0 1 3137 1212 1288 1056
13255 4 2 0 1 1392 1599 1320 3401
13256 4 2 0 1 4461 3269 1188 3401
13257 4 2 0 1 760 4198 3130 2841
13258 4 2 0 1 899 2997 900 916
13259 4 2 0 1 2380 1320 2392 4473
13260 4 2 0 1 1385 4372 3286 2291
13261 4 2 0 1 2220 2336 1474 4417
13262 4 2 0 1 4461 1188 1320 3401
13263 4 2 0 1 2122 933 3020 3014
13264 4 2 0 1 1143 4221 3225 2140
13265 4 2 0 1 3369 3607 4433 1526
13266 4 2 0 1 998 3081 3080 999
13267 4 2 0 1 1800 4276 3370 1289
13268 4 2 0 1 767 4036 1049 1955
13269 4 2 0 1 3083 1001 3081 1002
13270 4 2 0 1 3080 1524 3922 999
13271 4 2 0 1 4473 1596 1598 2392
13272 4 2 0 1 4358 1382 1273 2277
13273 4 2 0 1 1804 3885 2247 991
13274 4 2 0 1 3353 1382 1272 1273
13275 4 2 0 1 3278 1803 2254 1197
13276 4 2 0 1 985 3067 917 986
13277 4 2 0 1 2089 1092 3173 4430
13278 4 2 0 1 4461 1320 4473 3401
13279 4 2 0 1 2369 1594 1595 3675
13280 4 2 0 1 4220 2151 769 4232
13281 4 2 0 1 1524 3922 999 1841
13282 4 2 0 1 3463 1867 1868 3948
13283 4 2 0 1 3455 3556 1475 3545
13284 4 2 0 1 3556 2059 3998 4140
13285 4 2 0 1 783 2864 2865 2866
13286 4 2 0 1 933 2122 936 3017
13287 4 2 0 1 1530 3612 3611 1285
13288 4 2 0 1 3949 4124 3948 2043
13289 4 2 0 1 2043 2003 3948 1867
13290 4 2 0 1 3882 1802 1801 1778
13291 4 2 0 1 2345 4430 4081 4426
13292 4 2 0 1 2359 3473 3680 1392
13293 4 2 0 1 3081 1001 1000 1002
13294 4 2 0 1 3452 4481 3451 1371
13295 4 2 0 1 1197 3240 1150 1159
13296 4 2 0 1 4450 1595 3675 2369
13297 4 2 0 1 2970 863 864 2945
13298 4 2 0 1 1009 960 3041 3042
13299 4 2 0 1 3353 1941 1193 1272
13300 4 2 0 1 3881 3922 3605 1800
13301 4 2 0 1 2291 3502 4372 1799
13302 4 2 0 1 1532 2332 4323 2242
13303 4 2 0 1 1866 3353 1382 1272
13304 4 2 0 1 3228 1821 1147 2140
13305 4 2 0 1 3649 1983 2108 4064
13306 4 2 0 1 3003 915 3004 2996
13307 4 2 0 1 798 797 3886 1805
13308 4 2 0 1 1385 3878 3467 3466
13309 4 2 0 1 3080 1001 1524 999
13310 4 2 0 1 2389 4463 1536 4470
13311 4 2 0 1 1803 3278 2254 3884
13312 4 2 0 1 2059 1917 1475 3998
13313 4 2 0 1 2352 3369 1526 1288
13314 4 2 0 1 3612 3935 1531 2048
13315 4 2 0 1 1821 4221 3228 3902
13316 4 2 0 1 1818 3476 2352 1395
13317 4 2 0 1 2855 2879 2880 799
13318 4 2 0 1 3370 3881 4276 1800
13319 4 2 0 1 4125 4154 3226 2044
13320 4 2 0 1 1570 2073 3651 1407
13321 4 2 0 1 3080 1524 3605 3922
13322 4 2 0 1 4463 2389 1536 2382
13323 4 2 0 1 3502 4276 3880 2195
13324 4 2 0 1 2161 4053 2081 1972
13325 4 2 0 1 3526 4295 4162 2081
13326 4 2 0 1 1049 3900 4197 2116
13327 4 2 0 1 1420 3368 3502 1287
13328 4 2 0 1 1449 3616 3617 3530
13329 4 2 0 1 3935 3612 4129 2048
13330 4 2 0 1 2940 2941 859 878
13331 4 2 0 1 801 814 2904 823
13332 4 2 0 1 1598 4473 2392 2391
13333 4 2 0 1 2151 4220 769 2139
13334 4 2 0 1 2059 4140 3556 3898
13335 4 2 0 1 3225 3227 3226 1145
13336 4 2 0 1 3075 996 997 3077
13337 4 2 0 1 4232 769 4220 2850
13338 4 2 0 1 3881 3605 4276 1800
13339 4 2 0 1 1226 4172 3652 2091
13340 4 2 0 1 4221 1143 3225 3224
13341 4 2 0 1 2079 2001 4160 3400
13342 4 2 0 1 2059 4362 4140 3898
13343 4 2 0 1 1392 3473 3680 3401
13344 4 2 0 1 1802 3882 3859 1778
13345 4 2 0 1 3864 4447 4429 1783
13346 4 2 0 1 2195 1421 3502 1287
13347 4 2 0 1 2195 3502 3368 1287
13348 4 2 0 1 1524 2195 4276 1800
13349 4 2 0 1 2195 3880 3502 1799
13350 4 2 0 1 1524 3082 3080 3605
13351 4 2 0 1 1783 4447 4429 2366
13352 4 2 0 1 4130 3611 4204 2049
13353 4 2 0 1 1530 3612 1285 1531
13354 4 2 0 1 3476 3369 4433 2352
13355 4 2 0 1 1001 3080 1524 3082
13356 4 2 0 1 2043 3948 3949 1868
13357 4 2 0 1 4022 3353 1193 3274
13358 4 2 0 1 814 2882 2883 801
13359 4 2 0 1 3498 1998 4446 4079
13360 4 2 0 1 1801 2895 2904 3882
13361 4 2 0 1 3067 4309 2998 917
13362 4 2 0 1 3463 1866 1867 3947
13363 4 2 0 1 1867 3463 1868 1382
13364 4 2 0 1 3286 3466 4372 1385
13365 4 2 0 1 1853 4456 1851 3934
13366 4 2 0 1 2959 2270 2978 4351
13367 4 2 0 1 2073 3488 2044 4154
13368 4 2 0 1 3354 4358 3463 1382
13369 4 2 0 1 2895 1801 2904 814
13370 4 2 0 1 4352 3082 3083 2271
13371 4 2 0 1 3880 3082 2271 1001
13372 4 2 0 1 863 2970 2944 2945
13373 4 2 0 1 3368 2195 1287 1289
13374 4 2 0 1 4116 2348 1386 2035
13375 4 2 0 1 2379 4423 4217 4460
13376 4 2 0 1 2297 3381 3001 4378
13377 4 2 0 1 4172 2883 4225 802
13378 4 2 0 1 3447 1366 1365 1201
13379 4 2 0 1 1536 4348 1449 3617
13380 4 2 0 1 1783 2332 4413 1532
13381 4 2 0 1 1532 3366 3612 1285
13382 4 2 0 1 1602 1474 2359 3555
13383 4 2 0 1 2001 2079 1319 3400
13384 4 2 0 1 2195 4276 3880 1524
13385 4 2 0 1 3193 1423 2228 1112
13386 4 2 0 1 1382 3354 3353 3463
13387 4 2 0 1 4197 1397 1809 2116
13388 4 2 0 1 3368 3232 3370 1289
13389 4 2 0 1 2001 4082 4160 3400
13390 4 2 0 1 2400 3451 1371 1370
13391 4 2 0 1 3077 998 996 997
13392 4 2 0 1 2074 4197 3900 2116
13393 4 2 0 1 1365 3283 3282 1201
13394 4 2 0 1 4223 2361 2363 4444
13395 4 2 0 1 864 889 863 2970
13396 4 2 0 1 3014 3020 2122 4203
13397 4 2 0 1 1532 4413 4323 2332
13398 4 2 0 1 3526 1972 1445 2081
13399 4 2 0 1 760 2848 1049 767
13400 4 2 0 1 1818 3476 4036 3899
13401 4 2 0 1 3677 1594 4461 3675
13402 4 2 0 1 4423 2136 2379 4217
13403 4 2 0 1 3899 2352 3476 4433
13404 4 2 0 1 3556 1817 2059 3898
13405 4 2 0 1 1596 1594 4461 3677
13406 4 2 0 1 4323 1532 2242 3366
13407 4 2 0 1 4007 2788 700 1926
13408 4 2 0 1 4197 1809 2117 2116
13409 4 2 0 1 1151 1287 3368 1142
13410 4 2 0 1 2940 859 897 878
13411 4 2 0 1 2059 3556 3998 1475
13412 4 2 0 1 1800 3514 3370 3881
13413 4 2 0 1 2996 915 924 4251
13414 4 2 0 1 2122 3014 4203 3017
13415 4 2 0 1 1045 3127 3128 3126
13416 4 2 0 1 3075 995 992 994
13417 4 2 0 1 1803 3883 3859 1802
13418 4 2 0 1 2059 1475 1817 3556
13419 4 2 0 1 797 3886 2879 798
13420 4 2 0 1 707 700 2788 1926
13421 4 2 0 1 1045 3124 3127 3126
13422 4 2 0 1 2337 4423 4418 4217
13423 4 2 0 1 4050 1184 2125 1969
13424 4 2 0 1 3991 1602 4483 3683
13425 4 2 0 1 3683 2393 4483 4474
13426 4 2 0 1 3608 4263 4022 2182
13427 4 2 0 1 3502 1421 2195 1799
13428 4 2 0 1 2003 1372 3453 1867
13429 4 2 0 1 3131 3003 922 3004
13430 4 2 0 1 4442 1462 4223 2361
13431 4 2 0 1 4197 3130 3900 1049
13432 4 2 0 1 1212 3606 1525 1553
13433 4 2 0 1 4413 1532 4323 3613
13434 4 2 0 1 3880 4372 3502 1799
13435 4 2 0 1 4053 2081 1972 3526
13436 4 2 0 1 1397 4197 3478 2074
13437 4 2 0 1 3617 4348 4463 1536
13438 4 2 0 1 4262 3284 1200 3281
13439 4 2 0 1 1312 3400 4081 1319
13440 4 2 0 1 2393 3683 4483 1602
13441 4 2 0 1 1800 2195 4276 1289
13442 4 2 0 1 1524 3880 2195 1799
13443 4 2 0 1 1800 3922 1524 1841
13444 4 2 0 1 3451 2400 1371 4481
13445 4 2 0 1 3293 3369 3137 1212
13446 4 2 0 1 774 2879 2855 799
13447 4 2 0 1 2254 1198 3279 1197
13448 4 2 0 1 3283 3281 3282 1201
13449 4 2 0 1 2181 3284 1203 1200
13450 4 2 0 1 3123 3124 1045 3126
13451 4 2 0 1 922 4400 3003 3131
13452 4 2 0 1 2281 2059 1817 3898
13453 4 2 0 1 2049 3288 2400 1207
13454 4 2 0 1 3130 2117 4197 4198
13455 4 2 0 1 4262 3280 3281 1200
13456 4 2 0 1 1201 3279 4335 2254
13457 4 2 0 1 4262 3280 1200 1199
13458 4 2 0 1 3137 1288 1395 1056
13459 4 2 0 1 1184 4050 2125 3265
13460 4 2 0 1 4172 1226 3652 3307
13461 4 2 0 1 802 2883 2881 801
13462 4 2 0 1 2369 2380 1594 4461
13463 4 2 0 1 2369 4450 4461 3675
13464 4 2 0 1 3679 4472 2353 4434
13465 4 2 0 1 700 2788 4007 2781
13466 4 2 0 1 3283 3284 3281 1202
13467 4 2 0 1 2392 1596 2380 4473
13468 4 2 0 1 2361 4223 4442 4444
13469 4 2 0 1 1462 2361 2142 4223
13470 4 2 0 1 4461 2380 1596 4473
13471 4 2 0 1 3677 4461 1596 4473
13472 4 2 0 1 1524 4276 3605 1800
13473 4 2 0 1 3864 4413 3613 1532
13474 4 2 0 1 1049 1819 3900 2116
13475 4 2 0 1 4461 1594 2369 3675
13476 4 2 0 1 1526 3369 3606 1525
13477 4 2 0 1 2181 4189 1199 2108
13478 4 2 0 1 3225 1147 1144 2140
13479 4 2 0 1 3225 1147 1146 1144
13480 4 2 0 1 3514 1833 1800 1433
13481 4 2 0 1 4430 2345 1092 4426
13482 4 2 0 1 1464 1475 1917 3998
13483 4 2 0 1 2380 1596 1594 4461
13484 4 2 0 1 2000 1319 1312 4081
13485 4 2 0 1 1602 3991 4483 1910
13486 4 2 0 1 960 1009 961 3042
13487 4 2 0 1 2291 4314 1385 4372
13488 4 2 0 1 4328 3616 3885 2247
13489 4 2 0 1 2003 3948 4124 2043
13490 4 2 0 1 2091 1571 3652 1226
13491 4 2 0 1 4262 1199 4189 3280
13492 4 2 0 1 4384 1868 2303 897
13493 4 2 0 1 2904 1801 1802 823
13494 4 2 0 1 2878 774 2879 2855
13495 4 2 0 1 1226 3451 2948 1370
13496 4 2 0 1 2391 3679 2353 1598
13497 4 2 0 1 1527 4022 1941 2182
13498 4 2 0 1 2981 899 2997 900
13499 4 2 0 1 2142 2361 2363 4223
13500 4 2 0 1 786 782 2354 2867
13501 4 2 0 1 1300 2297 2136 3381
13502 4 2 0 1 4225 1571 3935 3652
13503 4 2 0 1 1527 4022 2182 3608
13504 4 2 0 1 4276 3605 3880 1524
13505 4 2 0 1 897 2978 2940 878
13506 4 2 0 1 2352 3899 3476 1818
13507 4 2 0 1 3617 4463 4470 1536
13508 4 2 0 1 3228 1286 3229 1147
13509 4 2 0 1 4314 2233 1420 1421
13510 4 2 0 1 3368 1420 3502 3501
13511 4 2 0 1 2270 2978 4351 4384
13512 4 2 0 1 3305 3459 3478 1378
13513 4 2 0 1 1092 3173 4430 4426
13514 4 2 0 1 4328 3885 3072 2247
13515 4 2 0 1 4372 3466 4314 1385
13516 4 2 0 1 802 4225 4172 2091
13517 4 2 0 1 1866 4022 1527 3947
13518 4 2 0 1 3353 3463 1866 1382
13519 4 2 0 1 1899 1540 3620 3621
13520 4 2 0 1 3878 1385 3467 1797
13521 4 2 0 1 3502 1420 4314 3501
13522 4 2 0 1 3476 3369 2352 1288
13523 4 2 0 1 4036 3130 2848 1049
13524 4 2 0 1 4198 760 3130 2117
13525 4 2 0 1 897 2303 4384 2270
13526 4 2 0 1 1819 2074 3900 2116
13527 4 2 0 1 2291 1421 3502 1799
13528 4 2 0 1 4036 1819 1955 1818
13529 4 2 0 1 2337 4423 3264 4418
13530 4 2 0 1 1524 3605 3922 1800
13531 4 2 0 1 3683 1602 2359 3555
13532 4 2 0 1 2922 4084 4124 2003
13533 4 2 0 1 917 3066 2997 2998
13534 4 2 0 1 878 2978 2270 897
13535 4 2 0 1 2402 1602 2393 4483
13536 4 2 0 1 3617 1535 1536 1804
13537 4 2 0 1 3228 3902 1286 1821
13538 4 2 0 1 2163 3226 2073 1145
13539 4 2 0 1 4460 2297 4217 2379
13540 4 2 0 1 2297 4460 4217 4378
13541 4 2 0 1 2135 1300 1936 3381
13542 4 2 0 1 3041 1009 3042 3090
13543 4 2 0 1 3080 998 999 996
13544 4 2 0 1 768 769 761 2850
13545 4 2 0 1 3369 3606 3607 1526
13546 4 2 0 1 3226 4154 4244 2163
13547 4 2 0 1 3884 3883 3859 1803
13548 4 2 0 1 3488 3651 4154 2073
13549 4 2 0 1 4263 3288 3217 1136
13550 4 2 0 1 2348 4116 1386 4429
13551 4 2 0 1 3616 2247 1535 1804
13552 4 2 0 1 3899 1369 1819 1818
13553 4 2 0 1 3077 998 3080 996
13554 4 2 0 1 2392 1320 1599 4473
13555 4 2 0 1 2882 2881 2883 801
13556 4 2 0 1 3353 1866 1941 1272
13557 4 2 0 1 4413 3864 1783 1532
13558 4 2 0 1 1821 1286 3228 1147
13559 4 2 0 1 3556 3998 1475 3545
13560 4 2 0 1 2353 4472 3178 4434
13561 4 2 0 1 1531 1532 3612 1285
13562 4 2 0 1 4323 1532 3366 3613
13563 4 2 0 1 770 2851 3222 2850
13564 4 2 0 1 3366 1532 3612 3613
13565 4 2 0 1 4022 1941 1172 1193
13566 4 2 0 1 879 899 2981 900
13567 4 2 0 1 1525 1526 3369 1288
13568 4 2 0 1 4172 4225 3652 2091
13569 4 2 0 1 2402 1910 1602 4483
13570 4 2 0 1 3450 3900 3899 1819
13571 4 2 0 1 1365 3283 4123 3446
13572 4 2 0 1 3307 3452 3451 1226
13573 4 2 0 1 3075 3076 3073 992
13574 4 2 0 1 3949 3948 3463 1868
13575 4 2 0 1 915 3003 3004 922
13576 4 2 0 1 801 2881 799 2882
13577 4 2 0 1 3902 3862 1286 1821
13578 4 2 0 1 769 3222 770 1141
13579 4 2 0 1 2348 2332 4413 1783
13580 4 2 0 1 3863 2899 3886 1782
13581 4 2 0 1 2139 3222 769 1141
13582 4 2 0 1 841 2922 835 836
13583 4 2 0 1 1136 4263 3288 1207
13584 4 2 0 1 1821 4221 1526 2140
13585 4 2 0 1 1423 3193 2228 3504
13586 4 2 0 1 2297 2379 2136 4217
13587 4 2 0 1 2247 3072 4328 992
13588 4 2 0 1 2074 1397 4197 2116
13589 4 2 0 1 4197 3900 4155 2074
13590 4 2 0 1 3862 1286 1821 1781
13591 4 2 0 1 1553 3606 1781 3634
13592 4 2 0 1 2134 4371 823 4215
13593 4 2 0 1 4335 1201 3447 3282
13594 4 2 0 1 3679 2391 4472 4473
13595 4 2 0 1 1821 3862 3606 3902
13596 4 2 0 1 3044 917 900 2998
13597 4 2 0 1 4232 761 759 2151
13598 4 2 0 1 1000 1001 3081 999
13599 4 2 0 1 3606 1821 1525 1781
13600 4 2 0 1 3859 1803 1802 1778
13601 4 2 0 1 3044 2981 2998 900
13602 4 2 0 1 2359 1599 1392 3680
13603 4 2 0 1 4435 2867 2354 2863
13604 4 2 0 1 3621 3620 1899 3980
13605 4 2 0 1 1226 2948 2915 867
13606 4 2 0 1 1286 3228 3229 3367
13607 4 2 0 1 3228 3225 4221 2140
13608 4 2 0 1 3401 1599 1320 4473
13609 4 2 0 1 3283 1365 1202 1201
13610 4 2 0 1 1286 1148 3229 1147
13611 4 2 0 1 2228 3044 4309 917
13612 4 2 0 1 3066 3067 2998 917
13613 4 2 0 1 3616 3617 3885 1804
13614 4 2 0 1 3935 3652 1571 2048
13615 4 2 0 1 2328 2125 4206 3265
13616 4 2 0 1 2328 4206 4409 3265
13617 4 2 0 1 761 2850 4232 2842
13618 4 2 0 1 3223 3368 3501 1142
13619 4 2 0 1 3864 3613 3863 1532
13620 4 2 0 1 3949 4384 2978 897
13621 4 2 0 1 3451 1371 1226 3452
13622 4 2 0 1 3651 2216 2073 1570
13623 4 2 0 1 3071 984 990 1025
13624 4 2 0 1 4124 2978 2940 897
13625 4 2 0 1 2271 3082 3083 1001
13626 4 2 0 1 2899 2881 2879 798
13627 4 2 0 1 3947 3353 3463 1866
13628 4 2 0 1 3555 2359 4417 1474
13629 4 2 0 1 4472 1097 2353 3178
13630 4 2 0 1 3606 1821 1526 1525
13631 4 2 0 1 3368 1151 1289 1287
13632 4 2 0 1 3652 3935 4129 2048
13633 4 2 0 1 3091 961 1009 3042
13634 4 2 0 1 2182 1136 4263 1172
13635 4 2 0 1 1049 4197 2117 2116
13636 4 2 0 1 774 2878 2879 797
13637 4 2 0 1 1821 3606 1526 3902
13638 4 2 0 1 4400 922 3243 2319
13639 4 2 0 1 3394 1313 1314 3267
13640 4 2 0 1 4217 2136 2297 3381
13641 4 2 0 1 961 3091 1009 1010
13642 4 2 0 1 2151 3223 759 4232
13643 4 2 0 1 1535 1449 3617 1536
13644 4 2 0 1 3886 818 1805 1782
13645 4 2 0 1 1866 3947 1527 1372
13646 4 2 0 1 4220 3222 769 2139
13647 4 2 0 1 3947 3453 1527 1372
13648 4 2 0 1 1372 2948 1370 867
13649 4 2 0 1 3369 3293 3606 1212
13650 4 2 0 1 3284 1204 1231 1203
13651 4 2 0 1 4474 2359 1392 3473
13652 4 2 0 1 3367 3228 3902 1286
13653 4 2 0 1 799 2881 2880 2882
13654 4 2 0 1 770 2852 2853 2851
13655 4 2 0 1 4220 769 3222 2850
13656 4 2 0 1 818 3886 2899 1782
13657 4 2 0 1 3278 3279 3240 1197
13658 4 2 0 1 4378 4217 2297 3381
13659 4 2 0 1 2163 3226 4154 2073
13660 4 2 0 1 3862 1821 3606 1781
13661 4 2 0 1 4328 3073 3076 992
13662 4 2 0 1 4314 3466 3878 1385
13663 4 2 0 1 782 2354 2867 2863
13664 4 2 0 1 3182 4474 2152 4233
13665 4 2 0 1 802 4172 2883 815
13666 4 2 0 1 3478 1224 1378 1397
13667 4 2 0 1 1599 1392 3680 3401
13668 4 2 0 1 2359 1392 2393 4474
13669 4 2 0 1 3182 2393 2152 4474
13670 4 2 0 1 3947 4022 1527 3608
13671 4 2 0 1 2270 2978 4384 897
13672 4 2 0 1 3886 2899 2879 798
13673 4 2 0 1 2849 2852 770 2851
13674 4 2 0 1 3616 1433 1449 1535
13675 4 2 0 1 3886 818 798 1805
13676 4 2 0 1 2073 3226 2044 1145
13677 4 2 0 1 4314 3502 4372 2291
13678 4 2 0 1 3044 2998 4309 917
13679 4 2 0 1 3264 2337 2170 1183
13680 4 2 0 1 3400 1312 4081 3393
13681 4 2 0 1 3367 3902 3862 1286
13682 4 2 0 1 3222 769 770 2850
13683 4 2 0 1 1371 3451 1226 1370
13684 4 2 0 1 1571 3652 4225 2091
13685 4 2 0 1 3281 1202 1201 3283
13686 4 2 0 1 3447 1366 1201 2254
13687 4 2 0 1 3514 3914 3881 1800
13688 4 2 0 1 1841 3076 1833 3922
13689 4 2 0 1 2878 4447 3886 797
13690 4 2 0 1 2940 859 2043 897
13691 4 2 0 1 1778 1366 3447 2254
13692 4 2 0 1 3193 3504 4309 2228
13693 4 2 0 1 2960 860 879 1945
13694 4 2 0 1 3473 2359 3680 4440
13695 4 2 0 1 3042 1009 3091 3090
13696 4 2 0 1 798 2899 2881 800
13697 4 2 0 1 3935 3863 3612 1531
13698 4 2 0 1 1868 4358 4384 2277
13699 4 2 0 1 818 3886 798 2899
13700 4 2 0 1 3902 3607 3606 1526
13701 4 2 0 1 1203 3284 1204 1202
13702 4 2 0 1 2393 3182 2152 1101
13703 4 2 0 1 3447 3603 3446 1365
13704 4 2 0 1 2170 924 915 4251
13705 4 2 0 1 2161 4162 4053 4242
13706 4 2 0 1 4162 2161 4053 2081
13707 4 2 0 1 3288 2049 2400 4130
13708 4 2 0 1 3228 3227 3225 1147
13709 4 2 0 1 1147 3229 3227 1146
13710 4 2 0 1 2254 3278 3279 4335
13711 4 2 0 1 1781 1553 3634 2290
13712 4 2 0 1 3612 1532 3863 3613
13713 4 2 0 1 770 2849 2850 768
13714 4 2 0 1 3935 1854 1531 2048
13715 4 2 0 1 4197 4155 3478 2074
13716 4 2 0 1 3225 3228 1147 2140
13717 4 2 0 1 2170 924 4251 3264
13718 4 2 0 1 3231 1197 3278 3240
13719 4 2 0 1 1532 3612 3863 1531
13720 4 2 0 1 815 802 4172 2091
13721 4 2 0 1 2303 1868 4384 2277
13722 4 2 0 1 2948 1226 2915 3307
13723 4 2 0 1 800 798 2899 818
13724 4 2 0 1 4384 3949 1868 897
13725 4 2 0 1 3130 760 2848 1049
13726 4 2 0 1 1819 4036 3899 1818
13727 4 2 0 1 4417 2359 3680 2336
13728 4 2 0 1 3878 3222 2139 1797
13729 4 2 0 1 2997 917 900 916
13730 4 2 0 1 3878 2233 1385 1797
13731 4 2 0 1 4225 2883 2881 802
13732 4 2 0 1 4197 1049 2117 3130
13733 4 2 0 1 4022 4263 3253 1172
13734 4 2 0 1 2044 4154 3226 2073
13735 4 2 0 1 834 2091 4172 1226
13736 4 2 0 1 2348 4413 4429 1783
13737 4 2 0 1 4022 1866 1527 1941
13738 4 2 0 1 867 2916 4084 2948
13739 4 2 0 1 2043 4124 2940 897
13740 4 2 0 1 2882 2895 2904 814
13741 4 2 0 1 1821 4221 3902 1526
13742 4 2 0 1 3883 2904 3882 1802
13743 4 2 0 1 1941 3353 1193 4022
13744 4 2 0 1 1782 1783 3864 1532
13745 4 2 0 1 3900 4036 3899 1819
13746 4 2 0 1 2366 3886 4447 797
13747 4 2 0 1 1288 3476 3137 1395
13748 4 2 0 1 2120 781 783 2864
13749 4 2 0 1 3679 2391 2353 4472
13750 4 2 0 1 859 2922 2940 2043
13751 4 2 0 1 1001 3083 3081 3082
13752 4 2 0 1 3608 3947 3453 1527
13753 4 2 0 1 4215 4371 3634 2134
13754 4 2 0 1 1049 3130 760 2117
13755 4 2 0 1 4174 1980 2216 2093
13756 4 2 0 1 2960 2941 860 1945
13757 4 2 0 1 2393 3182 4483 4474
13758 4 2 0 1 3617 3616 1535 1804
13759 4 2 0 1 4447 3864 3886 1783
13760 4 2 0 1 1300 2136 1936 3381
13761 4 2 0 1 4314 2291 1385 2233
13762 4 2 0 1 2366 3886 1783 4447
13763 4 2 0 1 1148 1149 3229 1146
13764 4 2 0 1 3313 3285 3445 1204
13765 4 2 0 1 2922 2940 2923 859
13766 4 2 0 1 1149 3229 3231 1148
13767 4 2 0 1 4215 2904 4371 823
13768 4 2 0 1 3278 2254 3279 1197
13769 4 2 0 1 4053 2081 3526 4162
13770 4 2 0 1 841 2003 2922 2043
13771 4 2 0 1 3555 2359 3683 4440
13772 4 2 0 1 2359 2336 1599 3680
13773 4 2 0 1 2359 4417 3680 4440
13774 4 2 0 1 4397 707 1926 2316
13775 4 2 0 1 1782 3864 3863 1532
13776 4 2 0 1 2863 2867 784 2865
13777 4 2 0 1 3680 2336 4472 4417
13778 4 2 0 1 3394 1314 1315 3396
13779 4 2 0 1 1854 1571 3935 2144
13780 4 2 0 1 3616 1433 1833 3514
13781 4 2 0 1 1313 1314 1315 3394
13782 4 2 0 1 1571 4225 3935 2144
13783 4 2 0 1 2216 4154 3651 2073
13784 4 2 0 1 2151 3223 3501 1142
13785 4 2 0 1 3369 3137 1212 1288
13786 4 2 0 1 3395 3397 1316 3396
13787 4 2 0 1 798 2879 774 799
13788 4 2 0 1 1798 3222 1141 2119
13789 4 2 0 1 3922 3881 3914 1800
13790 4 2 0 1 867 2003 4084 835
13791 4 2 0 1 2879 774 797 798
13792 4 2 0 1 3164 1144 1143 3225
13793 4 2 0 1 3288 4481 4130 2400
13794 4 2 0 1 4124 2922 2003 2043
13795 4 2 0 1 2882 814 2883 2895
13796 4 2 0 1 3884 3859 4335 2254
13797 4 2 0 1 2391 1097 2353 4472
13798 4 2 0 1 4472 2391 2336 3680
13799 4 2 0 1 1204 3283 4123 1202
13800 4 2 0 1 3467 1386 1798 1797
13801 4 2 0 1 2881 2879 799 2880
13802 4 2 0 1 984 3071 3106 1025
13803 4 2 0 1 4154 2163 2216 4244
13804 4 2 0 1 4221 3607 3902 1526
13805 4 2 0 1 1369 3899 1819 3450
13806 4 2 0 1 3222 3878 1798 1797
13807 4 2 0 1 4081 2345 3544 2000
13808 4 2 0 1 2359 1474 2336 4417
13809 4 2 0 1 2899 818 1854 2144
13810 4 2 0 1 1001 3080 3081 999
13811 4 2 0 1 3502 4314 1421 2291
13812 4 2 0 1 3935 2899 1854 2144
13813 4 2 0 1 995 3075 996 994
13814 4 2 0 1 4200 2853 772 2878
13815 4 2 0 1 3947 4022 3353 1866
13816 4 2 0 1 3606 1553 1781 1525
13817 4 2 0 1 1833 4328 3076 2247
13818 4 2 0 1 1141 2139 3222 1797
13819 4 2 0 1 1783 3886 1782 3864
13820 4 2 0 1 3616 1449 3617 1535
13821 4 2 0 1 3859 2254 3447 4335
13822 4 2 0 1 1833 3922 1800 1841
13823 4 2 0 1 2392 1599 2391 4473
13824 4 2 0 1 1145 3164 2163 3226
13825 4 2 0 1 1201 4335 3447 2254
13826 4 2 0 1 2328 2353 1184 4434
13827 4 2 0 1 3307 2915 4172 1226
13828 4 2 0 1 3164 2163 3226 4244
13829 4 2 0 1 1801 2904 1802 3882
13830 4 2 0 1 3132 960 936 3041
13831 4 2 0 1 2922 2916 835 836
13832 4 2 0 1 4433 3484 3899 2352
13833 4 2 0 1 3863 3886 3864 1782
13834 4 2 0 1 3863 2899 1782 1854
13835 4 2 0 1 1854 1782 3863 1531
13836 4 2 0 1 2915 834 1226 867
13837 4 2 0 1 4007 4397 2788 1926
13838 4 2 0 1 1314 1316 1315 3396
13839 4 2 0 1 2125 4050 4206 3265
13840 4 2 0 1 3080 3081 3082 1001
13841 4 2 0 1 4200 3879 4447 2366
13842 4 2 0 1 3683 2359 2393 4474
13843 4 2 0 1 3900 3450 2074 1819
13844 4 2 0 1 4217 4017 2136 3381
13845 4 2 0 1 3076 1833 3922 3914
13846 4 2 0 1 2161 3469 4053 1388
13847 4 2 0 1 3076 1841 1833 995
13848 4 2 0 1 4413 3864 4429 1783
13849 4 2 0 1 3606 3634 3862 1781
13850 4 2 0 1 3859 1803 2254 3884
13851 4 2 0 1 1602 2359 2393 3683
13852 4 2 0 1 859 2941 2923 860
13853 4 2 0 1 797 2366 3886 1805
13854 4 2 0 1 1388 4053 2161 1972
13855 4 2 0 1 2899 3935 4225 2144
13856 4 2 0 1 707 4397 1926 2788
13857 4 2 0 1 859 841 2922 2043
13858 4 2 0 1 1145 3164 3225 1144
13859 4 2 0 1 3401 3680 1599 4473
13860 4 2 0 1 2867 782 784 786
13861 4 2 0 1 3878 3222 4220 2139
13862 4 2 0 1 1370 3451 2948 1372
13863 4 2 0 1 936 3132 3041 3017
13864 4 2 0 1 2163 4154 2216 2073
13865 4 2 0 1 2391 1599 2336 3680
13866 4 2 0 1 3886 2366 1783 1805
13867 4 2 0 1 3863 1782 1532 1531
13868 4 2 0 1 2254 3859 3447 1778
13869 4 2 0 1 1553 2134 3634 2290
13870 4 2 0 1 4017 2135 3381 4216
13871 4 2 0 1 4017 2135 1936 3381
13872 4 2 0 1 2899 800 2144 2881
13873 4 2 0 1 3453 2948 3451 1372
13874 4 2 0 1 922 4400 3243 3003
13875 4 2 0 1 2359 3555 4417 4440
13876 4 2 0 1 2922 841 859 842
13877 4 2 0 1 2402 3182 2393 1101
13878 4 2 0 1 3900 3450 4155 2074
13879 4 2 0 1 3164 3225 1143 3224
13880 4 2 0 1 2922 4124 2940 2043
13881 4 2 0 1 3173 783 2120 1092
13882 4 2 0 1 1525 3369 3606 1212
13883 4 2 0 1 4434 1184 2328 3265
13884 4 2 0 1 4358 1868 4384 3949
13885 4 2 0 1 1803 3859 2254 1778
13886 4 2 0 1 1287 1420 3368 1142
13887 4 2 0 1 783 3173 2120 2864
13888 4 2 0 1 1382 4358 1868 2277
13889 4 2 0 1 2883 802 815 814
13890 4 2 0 1 3473 4474 2359 4440
13891 4 2 0 1 2899 4225 2881 2144
13892 4 2 0 1 2233 4314 3878 1385
13893 4 2 0 1 772 4200 770 2853
13894 4 2 0 1 3935 1571 1854 2048
13895 4 2 0 1 3065 984 3071 3106
13896 4 2 0 1 1777 3882 2902 1801
13897 4 2 0 1 3182 2402 2393 4483
13898 4 2 0 1 3666 4383 1565 3646
13899 4 2 0 1 4484 1286 2329 3367
13900 4 2 0 1 769 761 4232 2151
13901 4 2 0 1 3369 3476 3137 1288
13902 4 2 0 1 1204 1364 3313 1232
13903 4 2 0 1 1212 1525 3369 1288
13904 4 2 0 1 2899 818 1782 1854
13905 4 2 0 1 2850 761 4232 769
13906 4 2 0 1 1403 3899 2352 1818
13907 4 2 0 1 2247 3076 1833 995
13908 4 2 0 1 802 2881 800 801
13909 4 2 0 1 3666 2319 4383 4400
13910 4 2 0 1 2216 3651 4174 1570
13911 4 2 0 1 4433 2352 1526 2070
13912 4 2 0 1 3634 4371 3862 1781
13913 4 2 0 1 2998 2981 2997 900
13914 4 2 0 1 1833 3514 1800 3914
13915 4 2 0 1 917 2997 900 2998
13916 4 2 0 1 3164 3225 3226 1145
13917 4 2 0 1 2247 4328 3076 992
13918 4 2 0 1 2319 2302 1585 4383
13919 4 2 0 1 1565 1585 2302 4383
13920 4 2 0 1 3914 4328 3076 1833
13921 4 2 0 1 1798 1141 3222 1797
13922 4 2 0 1 1866 4022 3353 1941
13923 4 2 0 1 802 2144 4225 2091
13924 4 2 0 1 800 2899 2144 818
13925 4 2 0 1 1798 3878 3467 1797
13926 4 2 0 1 3478 1224 3305 1378
13927 4 2 0 1 3666 1565 1566 3646
13928 4 2 0 1 2003 2922 4084 835
13929 4 2 0 1 782 2867 784 2863
13930 4 2 0 1 1570 4174 2216 2093
13931 4 2 0 1 3283 1365 4123 1202
13932 4 2 0 1 3676 1595 1321 3675
13933 4 2 0 1 4314 2233 1421 2291
13934 4 2 0 1 2899 3863 3935 1854
13935 4 2 0 1 3678 3403 1597 3677
13936 4 2 0 1 1781 4371 3862 2403
13937 4 2 0 1 1595 1594 1321 3675
13938 4 2 0 1 3403 1322 1597 3677
13939 4 2 0 1 4081 2345 4426 3544
13940 4 2 0 1 3886 1783 1782 1805
13941 4 2 0 1 2904 1802 4371 823
13942 4 2 0 1 834 4172 2915 1226
13943 4 2 0 1 2941 2923 2940 859
13944 4 2 0 1 1207 1136 4263 2182
13945 4 2 0 1 2916 2915 2948 867
13946 4 2 0 1 3603 3447 1366 1365
13947 4 2 0 1 1022 1024 1023 3105
13948 4 2 0 1 3675 1321 3676 3402
13949 4 2 0 1 2337 3264 2170 4418
13950 4 2 0 1 3544 1312 1313 3393
13951 4 2 0 1 863 832 864 2945
13952 4 2 0 1 1868 3463 4358 1382
13953 4 2 0 1 960 3132 936 1051
13954 4 2 0 1 3104 1022 3105 3103
13955 4 2 0 1 2916 2922 2917 836
13956 4 2 0 1 1364 3445 4466 2042
13957 4 2 0 1 1596 1597 1322 3677
13958 4 2 0 1 2144 1571 4225 2091
13959 4 2 0 1 4123 4466 3445 2042
13960 4 2 0 1 996 3922 3076 1841
13961 4 2 0 1 1833 3922 3914 1800
13962 4 2 0 1 3666 3646 1566 3647
13963 4 2 0 1 3863 3935 1854 1531
13964 4 2 0 1 1313 3544 3393 3394
13965 4 2 0 1 3285 3312 3284 1231
13966 4 2 0 1 2385 1364 4466 2042
13967 4 2 0 1 1092 2345 2120 4426
13968 4 2 0 1 3922 996 3076 3077
13969 4 2 0 1 3243 2319 922 1162
13970 4 2 0 1 1024 3123 1023 3105
13971 4 2 0 1 1420 3501 3368 1142
13972 4 2 0 1 4474 3683 2359 4440
13973 4 2 0 1 2849 770 2850 2851
13974 4 2 0 1 995 3075 992 3076
13975 4 2 0 1 4200 1798 3222 3879
13976 4 2 0 1 2070 1526 4221 2140
13977 4 2 0 1 4123 3285 3283 1204
13978 4 2 0 1 3101 1022 3104 3103
13979 4 2 0 1 3264 4251 2170 4418
13980 4 2 0 1 832 863 2944 2945
13981 4 2 0 1 832 2944 2913 2945
13982 4 2 0 1 2881 801 799 800
13983 4 2 0 1 3071 984 962 990
13984 4 2 0 1 890 1300 2135 2971
13985 4 2 0 1 3680 4472 2391 4473
13986 4 2 0 1 3173 2120 4426 1092
13987 4 2 0 1 2135 3381 2971 1300
13988 4 2 0 1 4263 4022 2182 1172
13989 4 2 0 1 3228 3229 3227 1147
13990 4 2 0 1 1364 3313 3445 1204
13991 4 2 0 1 2398 836 4479 842
13992 4 2 0 1 917 3044 900 963
13993 4 2 0 1 836 2917 4479 842
13994 4 2 0 1 3607 4433 1526 2070
13995 4 2 0 1 2046 4445 1080 4127
13996 4 2 0 1 3044 2228 963 917
13997 4 2 0 1 4445 1080 4127 3161
13998 4 2 0 1 1312 4081 3544 2000
13999 4 2 0 1 3284 3283 1204 1202
14000 4 2 0 1 1798 4200 3222 2119
14001 4 2 0 1 3076 2247 992 995
14002 4 2 0 1 1022 1023 1020 3101
14003 4 2 0 1 1369 3899 1403 1818
14004 4 2 0 1 2917 2923 4479 842
14005 4 2 0 1 3634 4371 1781 2290
14006 4 2 0 1 2878 4200 4447 797
14007 4 2 0 1 2895 815 821 814
14008 4 2 0 1 3123 1024 1023 1042
14009 4 2 0 1 2247 1833 3616 1535
14010 4 2 0 1 3616 4328 1833 2247
14011 4 2 0 1 4017 1936 2136 3381
14012 4 2 0 1 4445 2046 1080 2364
14013 4 2 0 1 4263 1207 2400 3288
14014 4 2 0 1 772 4200 2878 797
14015 4 2 0 1 4429 1386 1798 3467
14016 4 2 0 1 768 770 769 2850
14017 4 2 0 1 4314 1420 2139 3501
14018 4 2 0 1 1369 2074 3450 1819
14019 4 2 0 1 1433 3616 1833 1535
14020 4 2 0 1 4371 1802 3883 2403
14021 4 2 0 1 4371 1781 2290 2403
14022 4 2 0 1 1801 1777 3882 1778
14023 4 2 0 1 3998 2364 1464 4445
14024 4 2 0 1 1778 3858 3882 3859
14025 4 2 0 1 2366 4447 4200 797
14026 4 2 0 1 4398 1926 1044 2317
14027 4 2 0 1 4007 1044 4398 1926
14028 4 2 0 1 3545 3998 1464 4445
14029 4 2 0 1 1941 2182 4022 1172
14030 4 2 0 1 3949 3463 4358 1868
14031 4 2 0 1 822 2915 2916 834
14032 4 2 0 1 1147 1148 3229 1146
14033 4 2 0 1 3044 1918 963 4000
14034 4 2 0 1 3680 2391 1599 4473
14035 4 2 0 1 4172 815 2091 834
14036 4 2 0 1 4371 2134 823 2290
14037 4 2 0 1 1044 4007 4398 3125
14038 4 2 0 1 3501 4220 4232 2151
14039 4 2 0 1 4243 1017 3528 3098
14040 4 2 0 1 4243 1017 2162 3528
14041 4 2 0 1 4154 2216 3651 4297
14042 4 2 0 1 3501 4314 4220 2139
14043 4 2 0 1 3469 2161 4053 4242
14044 4 2 0 1 770 4200 3222 2851
14045 4 2 0 1 2070 4221 1143 2140
14046 4 2 0 1 2895 2902 3882 1801
14047 4 2 0 1 2895 814 821 1801
14048 4 2 0 1 786 2354 1917 2867
14049 4 2 0 1 2881 798 799 2879
14050 4 2 0 1 1420 4314 2139 2233
14051 4 2 0 1 3076 996 3075 3077
14052 4 2 0 1 1141 3222 770 2119
14053 4 2 0 1 3229 1286 2329 1148
14054 4 2 0 1 1286 3229 2329 3367
14055 4 2 0 1 4081 1312 3544 3393
14056 4 2 0 1 835 2003 2922 841
14057 4 2 0 1 798 2881 799 800
14058 4 2 0 1 2881 800 2144 802
14059 4 2 0 1 2144 4225 2881 802
14060 4 2 0 1 2139 2151 3501 1420
14061 4 2 0 1 3222 3878 3879 1798
14062 4 2 0 1 3469 2782 701 2161
14063 4 2 0 1 4445 1080 2354 2364
14064 4 2 0 1 3395 3394 1314 3267
14065 4 2 0 1 3224 4151 4221 1143
14066 4 2 0 1 3076 996 1841 995
14067 4 2 0 1 3616 4328 3914 1833
14068 4 2 0 1 2952 2161 4162 871
14069 4 2 0 1 1526 4221 3607 2070
14070 4 2 0 1 3161 2354 4445 1080
14071 4 2 0 1 2366 4200 1798 2119
14072 4 2 0 1 1802 2904 4371 3883
14073 4 2 0 1 1186 1314 1313 3267
14074 4 2 0 1 3098 1019 3528 3100
14075 4 2 0 1 3879 4200 1798 2366
14076 4 2 0 1 834 2916 867 2915
14077 4 2 0 1 3999 2960 2981 879
14078 4 2 0 1 2181 3284 1200 4262
14079 4 2 0 1 2916 867 4084 835
14080 4 2 0 1 2329 1150 3231 1148
14081 4 2 0 1 2151 3501 4220 2139
14082 4 2 0 1 3527 3655 3525 1446
14083 4 2 0 1 3285 3284 3283 1204
14084 4 2 0 1 4433 2070 3484 2352
14085 4 2 0 1 4061 4297 4174 2216
14086 4 2 0 1 1980 4174 2216 4061
14087 4 2 0 1 1204 3284 1231 3285
14088 4 2 0 1 3998 2867 2354 4435
14089 4 2 0 1 1019 3098 3528 1017
14090 4 2 0 1 4154 4297 4244 2216
14091 4 2 0 1 1833 3616 3514 3914
14092 4 2 0 1 815 2895 821 2896
14093 4 2 0 1 1286 4484 2329 2403
14094 4 2 0 1 2328 4409 4434 3265
14095 4 2 0 1 4172 2896 2883 815
14096 4 2 0 1 1781 3862 1286 2403
14097 4 2 0 1 4371 1802 2403 2290
14098 4 2 0 1 1200 2181 4262 1199
14099 4 2 0 1 4410 3367 4484 2329
14100 4 2 0 1 3223 3501 4232 2151
14101 4 2 0 1 1366 3447 3858 1778
14102 4 2 0 1 2853 4200 770 2851
14103 4 2 0 1 2952 697 2778 4242
14104 4 2 0 1 1598 2328 1597 3678
14105 4 2 0 1 3858 3882 2902 1777
14106 4 2 0 1 821 1777 2902 1801
14107 4 2 0 1 2134 4371 3634 2290
14108 4 2 0 1 4189 2181 1199 4262
14109 4 2 0 1 1598 2328 3678 3679
14110 4 2 0 1 859 2923 2922 842
14111 4 2 0 1 3367 3862 4484 1286
14112 4 2 0 1 1386 4429 1798 2348
14113 4 2 0 1 701 3469 2161 1388
14114 4 2 0 1 1798 4429 2366 2348
14115 4 2 0 1 2161 2952 697 871
14116 4 2 0 1 3525 1446 1574 1444
14117 4 2 0 1 2867 2354 1917 3998
14118 4 2 0 1 2354 4445 2364 3998
14119 4 2 0 1 1464 2243 4324 4445
14120 4 2 0 1 984 3071 962 3065
14121 4 2 0 1 2233 3878 2139 1797
14122 4 2 0 1 3285 4123 3445 1204
14123 4 2 0 1 2074 1224 3478 1397
14124 4 2 0 1 2364 3998 1464 1917
14125 4 2 0 1 996 3076 3075 995
14126 4 2 0 1 4263 3608 4481 2400
14127 4 2 0 1 2941 2960 4026 1945
14128 4 2 0 1 4123 2042 1204 1202
14129 4 2 0 1 815 2915 822 834
14130 4 2 0 1 822 2903 3861 836
14131 4 2 0 1 1369 3484 3899 3450
14132 4 2 0 1 823 1802 4371 2290
14133 4 2 0 1 4410 4484 3884 1803
14134 4 2 0 1 3603 1366 1522 1365
14135 4 2 0 1 2243 1464 2364 4445
14136 4 2 0 1 1420 2151 3501 1142
14137 4 2 0 1 3860 1365 3446 3603
14138 4 2 0 1 3879 4429 4447 2366
14139 4 2 0 1 3381 2135 2971 4216
14140 4 2 0 1 4263 4481 3288 2400
14141 4 2 0 1 3164 1145 2163 1083
14142 4 2 0 1 815 2895 2883 814
14143 4 2 0 1 2354 3161 4445 4435
14144 4 2 0 1 2917 3861 2903 836
14145 4 2 0 1 863 2971 4216 2944
14146 4 2 0 1 4484 3862 4371 2403
14147 4 2 0 1 1144 3164 1143 1083
14148 4 2 0 1 1314 3394 3395 3396
14149 4 2 0 1 3403 1321 1322 3675
14150 4 2 0 1 836 2922 842 841
14151 4 2 0 1 834 2916 822 835
14152 4 2 0 1 4263 3608 2400 2182
14153 4 2 0 1 3313 1364 4077 1232
14154 4 2 0 1 3861 822 836 1780
14155 4 2 0 1 3467 3879 3878 1798
14156 4 2 0 1 3266 1186 1312 3393
14157 4 2 0 1 1207 4263 2400 2182
14158 4 2 0 1 1464 4324 3545 4445
14159 4 2 0 1 1232 1996 3389 1308
14160 4 2 0 1 822 2916 836 835
14161 4 2 0 1 4123 1365 2042 1202
14162 4 2 0 1 781 2120 2862 2864
14163 4 2 0 1 815 4172 2915 834
14164 4 2 0 1 1316 1314 3395 3396
14165 4 2 0 1 770 4200 2119 3222
14166 4 2 0 1 3899 1403 2352 3484
14167 4 2 0 1 3675 3403 1321 3402
14168 4 2 0 1 2120 2862 2864 4201
14169 4 2 0 1 836 3861 4479 2917
14170 4 2 0 1 2354 4445 3998 4435
14171 4 2 0 1 1321 1594 1322 3675
14172 4 2 0 1 1803 2403 3883 1802
14173 4 2 0 1 2896 2902 2895 821
14174 4 2 0 1 2135 2971 863 890
14175 4 2 0 1 2981 1918 879 900
14176 4 2 0 1 815 822 2896 821
14177 4 2 0 1 2922 2916 4084 835
14178 4 2 0 1 4200 772 2119 797
14179 4 2 0 1 3651 2216 4174 4297
14180 4 2 0 1 4314 2139 3878 4220
14181 4 2 0 1 3861 836 4479 1780
14182 4 2 0 1 4433 3607 4151 2070
14183 4 2 0 1 4479 1780 836 2398
14184 4 2 0 1 1803 3278 4410 1197
14185 4 2 0 1 2139 4314 3878 2233
14186 4 2 0 1 3858 1778 3882 1777
14187 4 2 0 1 4410 3884 3278 1803
14188 4 2 0 1 2119 2366 4200 797
14189 4 2 0 1 1144 1145 3164 1083
14190 4 2 0 1 3231 2329 1197 1150
14191 4 2 0 1 4077 3389 3313 1232
14192 4 2 0 1 1364 3313 4077 3445
14193 4 2 0 1 4162 2161 2081 871
14194 4 2 0 1 1527 3451 2400 1370
14195 4 2 0 1 3608 2400 3451 4481
14196 4 2 0 1 3883 4484 4371 2403
14197 4 2 0 1 1364 1920 4001 1996
14198 4 2 0 1 2354 3998 2364 1917
14199 4 2 0 1 1364 4077 1232 1996
14200 4 2 0 1 2161 2952 4162 4242
14201 4 2 0 1 2883 2896 2895 815
14202 4 2 0 1 1364 4001 4077 1996
14203 4 2 0 1 822 2915 2903 2916
14204 4 2 0 1 3608 2400 2182 1527
14205 4 2 0 1 2916 834 867 835
14206 4 2 0 1 3447 3859 3858 1778
14207 4 2 0 1 4077 3445 4001 1364
14208 4 2 0 1 1463 2345 2000 3544
14209 4 2 0 1 3229 3367 4410 2329
14210 4 2 0 1 3883 3884 4484 1803
14211 4 2 0 1 842 859 2923 860
14212 4 2 0 1 1186 3393 1313 1312
14213 4 2 0 1 1463 1312 1313 3544
14214 4 2 0 1 2916 822 836 2903
14215 4 2 0 1 2902 2895 821 1801
14216 4 2 0 1 4242 2782 3469 2161
14217 4 2 0 1 2903 2916 2917 836
14218 4 2 0 1 4001 3999 1945 4026
14219 4 2 0 1 3394 3393 1313 3267
14220 4 2 0 1 3044 1918 4000 3999
14221 4 2 0 1 2180 1319 2079 3400
14222 4 2 0 1 3173 2120 2864 4201
14223 4 2 0 1 4155 1224 3478 2074
14224 4 2 0 1 1920 1918 4001 1919
14225 4 2 0 1 4242 2952 697 2161
14226 4 2 0 1 2042 1364 3445 1204
14227 4 2 0 1 4160 2180 2079 3400
14228 4 2 0 1 3400 4160 2180 4261
14229 4 2 0 1 3389 4077 1996 1232
14230 4 2 0 1 1919 1918 4000 963
14231 4 2 0 1 2861 782 781 2863
14232 4 2 0 1 2902 2896 2903 822
14233 4 2 0 1 3999 879 1945 2960
14234 4 2 0 1 2915 815 822 2896
14235 4 2 0 1 2042 3445 4123 1204
14236 4 2 0 1 4200 772 770 2119
14237 4 2 0 1 3858 2902 3861 1780
14238 4 2 0 1 1780 2398 3603 1522
14239 4 2 0 1 2400 3608 3451 1527
14240 4 2 0 1 3484 1369 3899 1403
14241 4 2 0 1 1224 4155 3478 3305
14242 4 2 0 1 4484 2329 1803 4410
14243 4 2 0 1 1453 4017 1913 1936
14244 4 2 0 1 4001 3445 4466 1364
14245 4 2 0 1 4221 4151 3607 2070
14246 4 2 0 1 4466 1920 1364 2385
14247 4 2 0 1 822 3861 2902 1780
14248 4 2 0 1 1920 4001 4466 1364
14249 4 2 0 1 3862 4484 1286 2403
14250 4 2 0 1 2329 4484 1803 2403
14251 4 2 0 1 1370 1527 3451 1372
14252 4 2 0 1 3603 1780 1522 3858
14253 4 2 0 1 1918 4001 1945 1920
14254 4 2 0 1 3861 822 2902 2903
14255 4 2 0 1 2915 2896 822 2903
14256 4 2 0 1 2902 2896 822 821
14257 4 2 0 1 3467 4429 3879 1798
14258 4 2 0 1 2120 3173 4426 4201
14259 4 2 0 1 1527 3453 3451 1372
14260 4 2 0 1 1777 2902 1780 821
14261 4 2 0 1 4409 3678 2328 3679
14262 4 2 0 1 2941 2951 860 1945
14263 4 2 0 1 2896 4172 2915 815
14264 4 2 0 1 2329 3231 3229 1148
14265 4 2 0 1 3603 3447 3858 1366
14266 4 2 0 1 1186 1312 1185 3266
14267 4 2 0 1 4429 1798 2366 3879
14268 4 2 0 1 2902 1777 1780 3858
14269 4 2 0 1 3453 1527 3451 3608
14270 4 2 0 1 821 822 2902 1780
14271 4 2 0 1 2070 4433 3484 4151
14272 4 2 0 1 3679 2353 2328 4434
14273 4 2 0 1 2922 836 842 2917
14274 4 2 0 1 1312 1463 2000 3544
14275 4 2 0 1 783 2863 781 782
14276 4 2 0 1 3043 3071 3065 962
14277 4 2 0 1 1143 4151 4221 2070
14278 4 2 0 1 2863 783 781 2864
14279 4 2 0 1 1321 2180 1595 3676
14280 4 2 0 1 2353 3679 2328 1598
14281 4 2 0 1 4410 2329 1803 1197
14282 4 2 0 1 3285 3313 3312 1231
14283 4 2 0 1 2917 2922 2923 842
14284 4 2 0 1 1780 4479 3603 2398
14285 4 2 0 1 2971 2135 863 4216
14286 4 2 0 1 4479 1780 3603 3861
14287 4 2 0 1 3676 1321 4261 3402
14288 4 2 0 1 3676 1321 2180 4261
14289 4 2 0 1 3603 1780 3858 3861
14290 4 2 0 1 3044 900 1918 2981
14291 4 2 0 1 2352 3484 1403 2070
14292 4 2 0 1 1945 4001 4026 4466
14293 4 2 0 1 2403 3883 4484 1803
14294 4 2 0 1 3858 1777 1366 1778
14295 4 2 0 1 2398 4479 3860 870
14296 4 2 0 1 3677 3403 1322 3675
14297 4 2 0 1 4000 1918 4001 3999
14298 4 2 0 1 1522 1777 3858 1780
14299 4 2 0 1 1918 4000 4001 1919
14300 4 2 0 1 2941 2951 2923 860
14301 4 2 0 1 1206 3450 3484 1369
14302 4 2 0 1 1945 4001 4466 1920
14303 4 2 0 1 2170 1453 2337 4418
14304 4 2 0 1 3677 1322 1594 3675
14305 4 2 0 1 4007 696 1044 1926
14306 4 2 0 1 2319 3666 4383 1585
14307 4 2 0 1 1594 1596 1322 3677
14308 4 2 0 1 1565 1585 4383 3666
14309 4 2 0 1 1920 4466 1945 2385
14310 4 2 0 1 1185 3400 1312 1319
14311 4 2 0 1 4001 1918 1945 3999
14312 4 2 0 1 3125 696 1044 4007
14313 4 2 0 1 2945 1969 832 864
14314 4 2 0 1 3125 696 4007 2777
14315 4 2 0 1 1982 4063 4176 1983
14316 4 2 0 1 1453 2170 4251 4418
14317 4 2 0 1 2945 2913 832 4050
14318 4 2 0 1 4324 2243 2046 4445
14319 4 2 0 1 1365 1522 3603 1779
14320 4 2 0 1 1969 2945 832 4050
14321 4 2 0 1 1565 3666 1566 1585
14322 4 2 0 1 4077 4001 1919 1996
14323 4 2 0 1 3393 3266 1186 3267
14324 4 2 0 1 4127 4324 2046 4445
14325 4 2 0 1 1919 4001 1920 1996
14326 4 2 0 1 1197 4410 3231 3278
14327 4 2 0 1 3313 3285 1204 1231
14328 4 2 0 1 1450 1969 832 4050
14329 4 2 0 1 2913 1450 832 4050
14330 4 2 0 1 3164 4244 3163 2163
14331 4 2 0 1 3229 4410 3231 2329
14332 4 2 0 1 1453 4418 4017 2337
14333 4 2 0 1 2364 2046 2243 4445
14334 4 2 0 1 915 2995 2996 3003
14335 4 2 0 1 1936 2337 1453 4017
14336 4 2 0 1 4050 2913 1450 3531
14337 4 2 0 1 1779 1522 3603 2398
14338 4 2 0 1 1185 1319 2180 3400
14339 4 2 0 1 3393 1186 1313 3267
14340 4 2 0 1 697 701 2782 2161
14341 4 2 0 1 1366 3858 3603 1522
14342 4 2 0 1 2951 3860 4479 870
14343 4 2 0 1 2180 1185 3400 4261
14344 4 2 0 1 3450 2074 1208 4155
14345 4 2 0 1 1312 3400 3266 3393
14346 4 2 0 1 2398 3860 1779 870
14347 4 2 0 1 697 4242 2782 2778
14348 4 2 0 1 863 4216 831 2944
14349 4 2 0 1 1369 3484 1206 1403
14350 4 2 0 1 2328 4409 3679 4434
14351 4 2 0 1 1022 3104 3105 1023
14352 4 2 0 1 3313 1204 1232 1231
14353 4 2 0 1 1446 3655 1576 3527
14354 4 2 0 1 2944 4216 831 2912
14355 4 2 0 1 900 3044 1918 963
14356 4 2 0 1 782 2861 781 780
14357 4 2 0 1 922 3243 914 3003
14358 4 2 0 1 4063 4064 4176 1983
14359 4 2 0 1 863 831 832 2944
14360 4 2 0 1 3101 1022 1023 3104
14361 4 2 0 1 2861 2863 781 2862
14362 4 2 0 1 831 832 2944 2913
14363 4 2 0 1 2960 3999 4026 1945
14364 4 2 0 1 1023 3105 3123 3104
14365 4 2 0 1 3860 3603 4479 2398
14366 4 2 0 1 2095 1982 4176 1983
14367 4 2 0 1 1918 2981 879 3999
14368 4 2 0 1 1969 1450 2125 4050
14369 4 2 0 1 2951 2941 4026 1945
14370 4 2 0 1 4426 2120 2347 2345
14371 4 2 0 1 3224 4150 4151 1143
14372 4 2 0 1 2912 831 2944 2913
14373 4 2 0 1 870 4466 3860 2385
14374 4 2 0 1 3065 918 962 984
14375 4 2 0 1 4077 4001 4000 1919
14376 4 2 0 1 4050 1450 2125 3531
14377 4 2 0 1 2329 3231 1197 4410
14378 4 2 0 1 922 3243 1162 914
14379 4 2 0 1 2074 3450 1208 1369
14380 4 2 0 1 1365 4123 3860 3446
14381 4 2 0 1 914 3003 915 922
14382 4 2 0 1 1366 1777 3858 1522
14383 4 2 0 1 781 2862 2863 2864
14384 4 2 0 1 4242 697 2782 2161
14385 4 2 0 1 3860 1365 3603 1779
14386 4 2 0 1 3400 1185 1312 3266
14387 4 2 0 1 3603 3860 1779 2398
14388 4 2 0 1 1017 1447 2162 3528
14389 4 2 0 1 1082 3164 2163 1083
14390 4 2 0 1 3860 1779 870 2385
14391 4 2 0 1 4216 863 831 2135
14392 4 2 0 1 2951 4466 3860 870
14393 4 2 0 1 3266 3400 1185 4261
14394 4 2 0 1 870 842 2923 860
14395 4 2 0 1 4479 2398 842 870
14396 4 2 0 1 2125 4050 3531 4206
14397 4 2 0 1 1017 1019 1447 3528
14398 4 2 0 1 2951 870 860 1945
14399 4 2 0 1 3676 2079 4160 2180
14400 4 2 0 1 842 2923 4479 870
14401 4 2 0 1 3676 2079 2180 1595
14402 4 2 0 1 2981 1918 3044 3999
14403 4 2 0 1 1446 3655 3525 1574
14404 4 2 0 1 4017 1453 1913 3534
14405 4 2 0 1 4017 3534 1913 3994
14406 4 2 0 1 4160 3676 2180 4261
14407 4 2 0 1 879 3999 1945 1918
14408 4 2 0 1 4435 2354 2861 2863
14409 4 2 0 1 2951 4026 4466 1945
14410 4 2 0 1 2354 782 2861 2863
14411 4 2 0 1 918 3043 3065 962
14412 4 2 0 1 4155 1224 2074 1208
14413 4 2 0 1 2070 3484 2069 4151
14414 4 2 0 1 4155 3305 1224 1208
14415 4 2 0 1 4201 4426 2347 4428
14416 4 2 0 1 4466 870 1945 2385
14417 4 2 0 1 2069 4151 1143 2070
14418 4 2 0 1 870 2923 2951 860
14419 4 2 0 1 3484 2070 2069 1403
14420 4 2 0 1 2923 2951 4479 870
14421 4 2 0 1 1453 4251 3534 4418
14422 4 2 0 1 2120 4426 2347 4201
14423 4 2 0 1 870 4466 1945 2951
14424 4 2 0 1 831 4216 3994 2912
14425 4 2 0 1 4418 1453 4017 3534
14426 4 2 0 1 1436 3515 3516 3517
14427 4 2 0 1 700 2778 2782 2781
14428 4 2 0 1 700 2782 697 701
14429 4 2 0 1 1080 2354 780 3161
14430 4 2 0 1 915 2976 4251 2996
14431 4 2 0 1 1913 4017 2135 1936
14432 4 2 0 1 3994 2135 4017 4216
14433 4 2 0 1 4123 1365 3860 2042
14434 4 2 0 1 2778 700 2782 697
14435 4 2 0 1 3516 1436 1435 1434
14436 4 2 0 1 4466 4123 3860 2042
14437 4 2 0 1 2385 4466 3860 2042
14438 4 2 0 1 3287 3450 3484 1206
14439 4 2 0 1 1434 1435 3511 1430
14440 4 2 0 1 3527 3657 3655 1576
14441 4 2 0 1 3511 3516 1435 1434
14442 4 2 0 1 2036 3544 4428 1463
14443 4 2 0 1 2036 2347 1463 4428
14444 4 2 0 1 4324 2046 2243 3547
14445 4 2 0 1 2354 2861 3161 4435
14446 4 2 0 1 1315 2036 1313 3394
14447 4 2 0 1 1315 2036 3394 3396
14448 4 2 0 1 2046 1466 2243 3547
14449 4 2 0 1 3547 4324 2046 4127
14450 4 2 0 1 2354 782 780 2861
14451 4 2 0 1 3389 1232 1308 1307
14452 4 2 0 1 895 2170 915 4251
14453 4 2 0 1 4216 831 3994 2135
14454 4 2 0 1 2042 1365 3860 1779
14455 4 2 0 1 3860 1779 2385 2042
14456 4 2 0 1 1307 3313 3389 1232
14457 4 2 0 1 4206 4374 2293 4409
14458 4 2 0 1 1307 3312 3313 1231
14459 4 2 0 1 4262 3384 4306 2181
14460 4 2 0 1 4007 700 696 1926
14461 4 2 0 1 1208 3450 4155 3289
14462 4 2 0 1 4007 696 700 2781
14463 4 2 0 1 2781 4007 696 2777
14464 4 2 0 1 3655 1446 1576 1574
14465 4 2 0 1 3450 1206 1208 1369
14466 4 2 0 1 2778 700 696 2781
14467 4 2 0 1 2781 696 2778 2777
14468 4 2 0 1 3043 918 3065 2999
14469 4 2 0 1 697 700 696 2778
14470 4 2 0 1 3313 1232 1307 1231
14471 4 2 0 1 4206 2293 2328 4409
14472 4 2 0 1 2328 2125 2293 4206
14473 4 2 0 1 3164 1082 2163 3163
14474 4 2 0 1 3484 2069 1206 1403
14475 4 2 0 1 2170 895 1453 4251
14476 4 2 0 1 2862 877 781 2860
14477 4 2 0 1 2861 2354 3161 780
14478 4 2 0 1 914 3243 2995 3003
14479 4 2 0 1 3003 914 915 2995
14480 4 2 0 1 1095 3177 1185 3176
14481 4 2 0 1 3177 1095 1185 1096
14482 4 2 0 1 4017 1913 2135 3994
14483 4 2 0 1 2721 640 4063 4176
14484 4 2 0 1 3544 1313 2036 3394
14485 4 2 0 1 3305 4155 3289 1208
14486 4 2 0 1 4176 640 4063 1982
14487 4 2 0 1 809 1453 895 3534
14488 4 2 0 1 1185 1096 1186 3177
14489 4 2 0 1 2135 1913 831 3994
14490 4 2 0 1 4150 3484 4151 2069
14491 4 2 0 1 1143 4150 4151 2069
14492 4 2 0 1 3177 3266 1185 3176
14493 4 2 0 1 1982 4176 640 2095
14494 4 2 0 1 3126 1294 1045 4115
14495 4 2 0 1 3284 1231 1303 1203
14496 4 2 0 1 3266 1186 3177 1185
14497 4 2 0 1 2120 2862 877 781
14498 4 2 0 1 2862 2120 877 4201
14499 4 2 0 1 1463 1313 2036 3544
14500 4 2 0 1 1186 3266 3177 3267
14501 4 2 0 1 4251 895 1453 3534
14502 4 2 0 1 3313 1307 3389 3388
14503 4 2 0 1 3287 3450 1208 3289
14504 4 2 0 1 3284 1303 2181 1203
14505 4 2 0 1 1206 3450 1208 3287
14506 4 2 0 1 1231 3284 1303 3312
14507 4 2 0 1 3484 4150 3287 1206
14508 4 2 0 1 1185 2180 1095 4261
14509 4 2 0 1 2996 2995 915 2976
14510 4 2 0 1 1044 2317 2318 4398
14511 4 2 0 1 4398 2318 3125 4399
14512 4 2 0 1 3125 1044 2318 4398
14513 4 2 0 1 4261 1095 1185 3176
14514 4 2 0 1 832 831 2891 2913
14515 4 2 0 1 2912 2891 831 2913
14516 4 2 0 1 832 831 810 2891
14517 4 2 0 1 3313 3388 3312 1307
14518 4 2 0 1 918 2993 3043 962
14519 4 2 0 1 1185 3266 4261 3176
14520 4 2 0 1 2069 3484 1206 4150
14521 4 2 0 1 4297 4061 4060 2216
14522 4 2 0 1 4061 2216 1980 1979
14523 4 2 0 1 3384 3284 2181 4262
14524 4 2 0 1 2976 809 895 3534
14525 4 2 0 1 2890 809 2976 3534
14526 4 2 0 1 3544 2036 4428 4117
14527 4 2 0 1 4060 4244 2216 2163
14528 4 2 0 1 2976 915 4251 895
14529 4 2 0 1 696 3125 694 2777
14530 4 2 0 1 694 2777 3125 2775
14531 4 2 0 1 3125 696 694 1044
14532 4 2 0 1 1143 3156 3164 3224
14533 4 2 0 1 809 808 1913 3994
14534 4 2 0 1 4254 3044 4309 2228
14535 4 2 0 1 2958 4201 2347 4428
14536 4 2 0 1 1539 3128 1294 1047
14537 4 2 0 1 3128 1539 1294 3620
14538 4 2 0 1 2993 2999 918 3043
14539 4 2 0 1 4060 4244 4297 2216
14540 4 2 0 1 2347 877 2120 4201
14541 4 2 0 1 4117 3394 2036 3396
14542 4 2 0 1 895 4251 2976 3534
14543 4 2 0 1 3515 1436 3516 1434
14544 4 2 0 1 3516 3511 3515 1434
14545 4 2 0 1 1540 1294 1539 3620
14546 4 2 0 1 1143 3164 1075 1083
14547 4 2 0 1 3504 1423 2173 2228
14548 4 2 0 1 1453 809 1913 3534
14549 4 2 0 1 3534 809 1913 3994
14550 4 2 0 1 2046 2318 3547 4399
14551 4 2 0 1 2228 2173 3044 963
14552 4 2 0 1 3504 4254 4309 2228
14553 4 2 0 1 1294 1045 1047 3128
14554 4 2 0 1 1540 3620 3621 3375
14555 4 2 0 1 4399 3547 2046 4127
14556 4 2 0 1 2046 2318 1466 3547
14557 4 2 0 1 779 781 877 2860
14558 4 2 0 1 2860 2862 877 2958
14559 4 2 0 1 3044 2173 4000 963
14560 4 2 0 1 1294 1045 3128 3126
14561 4 2 0 1 914 2976 915 2995
14562 4 2 0 1 2778 2776 695 2952
14563 4 2 0 1 2173 1919 4000 963
14564 4 2 0 1 1083 1082 3164 1075
14565 4 2 0 1 2778 695 697 2952
14566 4 2 0 1 2952 695 697 871
14567 4 2 0 1 3394 2036 3544 4117
14568 4 2 0 1 2181 3384 4306 2225
14569 4 2 0 1 2181 1303 3384 2225
14570 4 2 0 1 3459 1379 1378 1225
14571 4 2 0 1 1566 3666 3647 1586
14572 4 2 0 1 4201 877 2862 2958
14573 4 2 0 1 3459 3460 1379 1225
14574 4 2 0 1 2890 808 3994 2889
14575 4 2 0 1 808 2890 3994 809
14576 4 2 0 1 780 2860 2859 2861
14577 4 2 0 1 1225 3459 3305 1378
14578 4 2 0 1 4374 3678 2293 4409
14579 4 2 0 1 2328 2293 1597 3678
14580 4 2 0 1 4244 4060 3163 2163
14581 4 2 0 1 2976 914 915 895
14582 4 2 0 1 2046 1080 2045 4127
14583 4 2 0 1 1080 4127 3161 4126
14584 4 2 0 1 3534 2890 809 3994
14585 4 2 0 1 2993 918 912 962
14586 4 2 0 1 4127 1080 2045 4126
14587 4 2 0 1 1225 1378 3305 1224
14588 4 2 0 1 2860 780 781 2861
14589 4 2 0 1 3678 2328 2293 4409
14590 4 2 0 1 3224 3156 4150 1143
14591 4 2 0 1 781 2862 2860 2861
14592 4 2 0 1 1566 3666 1586 1585
14593 4 2 0 1 1162 1921 914 3243
14594 4 2 0 1 1082 3163 3164 1075
14595 4 2 0 1 4189 2108 2181 2225
14596 4 2 0 1 1321 4261 1095 2180
14597 4 2 0 1 4261 1321 1095 3402
14598 4 2 0 1 2347 877 4201 2958
14599 4 2 0 1 3312 3384 3284 1303
14600 4 2 0 1 695 696 694 2777
14601 4 2 0 1 694 2775 2776 2777
14602 4 2 0 1 2318 4398 3547 4399
14603 4 2 0 1 2776 695 694 2777
14604 4 2 0 1 3176 4261 1095 3402
14605 4 2 0 1 2317 1466 2318 4398
14606 4 2 0 1 831 2891 808 810
14607 4 2 0 1 831 2889 2891 2912
14608 4 2 0 1 4398 1466 2318 3547
14609 4 2 0 1 832 2891 1450 2913
14610 4 2 0 1 3994 2889 831 2912
14611 4 2 0 1 2913 2891 1450 3531
14612 4 2 0 1 2891 832 1450 810
14613 4 2 0 1 1303 3284 2181 3384
14614 4 2 0 1 2859 779 780 778
14615 4 2 0 1 4306 2181 4189 4262
14616 4 2 0 1 1979 1082 3163 2163
14617 4 2 0 1 778 3161 4126 1080
14618 4 2 0 1 4002 914 3243 2995
14619 4 2 0 1 1080 778 2045 4126
14620 4 2 0 1 3460 3511 1430 1429
14621 4 2 0 1 3460 1430 1379 1429
14622 4 2 0 1 2216 4061 4060 1979
14623 4 2 0 1 1143 3156 4150 2069
14624 4 2 0 1 2860 780 2859 779
14625 4 2 0 1 3126 3375 1294 4115
14626 4 2 0 1 2034 1045 1294 4115
14627 4 2 0 1 2974 2999 918 2993
14628 4 2 0 1 831 1913 808 3994
14629 4 2 0 1 781 779 780 2860
14630 4 2 0 1 1979 4060 2216 2163
14631 4 2 0 1 1095 1094 3175 3402
14632 4 2 0 1 1094 1095 1321 3402
14633 4 2 0 1 3156 1143 3164 1075
14634 4 2 0 1 1074 3287 4150 1206
14635 4 2 0 1 3176 1095 3175 3402
14636 4 2 0 1 1080 780 778 3161
14637 4 2 0 1 3403 1321 1094 1322
14638 4 2 0 1 3403 3175 1094 3402
14639 4 2 0 1 1321 3403 1094 3402
14640 4 2 0 1 4150 1206 2069 1074
14641 4 2 0 1 3163 3156 3164 1075
14642 4 2 0 1 3044 4254 2173 2228
14643 4 2 0 1 2173 3044 4000 4254
14644 4 2 0 1 2889 831 2891 808
14645 4 2 0 1 3002 2999 918 2974
14646 4 2 0 1 2889 831 808 3994
14647 4 2 0 1 780 2859 3161 2861
14648 4 2 0 1 3175 2110 966 4191
14649 4 2 0 1 2110 3175 966 1094
14650 4 2 0 1 4254 3504 2173 2228
14651 4 2 0 1 3047 3175 966 4191
14652 4 2 0 1 2974 918 912 2993
14653 4 2 0 1 2318 2046 2045 4399
14654 4 2 0 1 1294 3128 3620 3375
14655 4 2 0 1 4399 2046 2045 4127
14656 4 2 0 1 894 796 809 2890
14657 4 2 0 1 3161 778 4126 2859
14658 4 2 0 1 3620 1540 1294 3375
14659 4 2 0 1 2110 1597 2293 3678
14660 4 2 0 1 1979 3163 4060 2163
14661 4 2 0 1 2293 4191 3678 4374
14662 4 2 0 1 4191 2110 2293 3678
14663 4 2 0 1 4127 2045 4399 4126
14664 4 2 0 1 3454 3924 1373 3923
14665 4 2 0 1 3924 1842 1373 3923
14666 4 2 0 1 3375 1294 3128 3126
14667 4 2 0 1 1434 3511 1429 1430
14668 4 2 0 1 1322 2110 1094 3403
14669 4 2 0 1 3175 1094 2110 3403
14670 4 2 0 1 3156 1143 1075 2069
14671 4 2 0 1 4191 3175 2110 3403
14672 4 2 0 1 2181 4306 4189 2225
14673 4 2 0 1 1586 3667 3666 3647
14674 4 2 0 1 3123 2034 1045 1042
14675 4 2 0 1 3126 1045 3123 4115
14676 4 2 0 1 4138 4219 3522 1441
14677 4 2 0 1 894 809 895 2976
14678 4 2 0 1 3002 893 918 921
14679 4 2 0 1 780 2859 778 3161
14680 4 2 0 1 696 695 2778 2777
14681 4 2 0 1 2778 695 2776 2777
14682 4 2 0 1 2976 894 809 2890
14683 4 2 0 1 696 695 697 2778
14684 4 2 0 1 2976 2995 914 2975
14685 4 2 0 1 914 4002 3243 1921
14686 4 2 0 1 3460 3459 3306 1225
14687 4 2 0 1 1076 3289 3287 1208
14688 4 2 0 1 3287 1206 1076 1208
14689 4 2 0 1 3459 1225 3305 3306
14690 4 2 0 1 2108 4189 4064 2225
14691 4 2 0 1 894 895 914 2976
14692 4 2 0 1 2995 4002 914 2975
14693 4 2 0 1 3522 4138 1441 1438
14694 4 2 0 1 4138 3522 3519 1438
14695 4 2 0 1 4138 3519 3517 1438
14696 4 2 0 1 1438 3517 4138 1436
14697 4 2 0 1 1983 2108 4064 2225
14698 4 2 0 1 2219 1434 3515 1429
14699 4 2 0 1 4068 2318 2045 4399
14700 4 2 0 1 3517 3515 4239 1436
14701 4 2 0 1 2318 4068 2045 1987
14702 4 2 0 1 2045 4068 4399 4126
14703 4 2 0 1 912 893 918 2974
14704 4 2 0 1 3511 1434 1429 3515
14705 4 2 0 1 3305 1223 1224 1208
14706 4 2 0 1 3403 1597 2110 3678
14707 4 2 0 1 2110 4191 3403 3678
14708 4 2 0 1 2110 1322 1597 3403
14709 4 2 0 1 4329 3104 1023 3235
14710 4 2 0 1 1429 1379 3460 1225
14711 4 2 0 1 893 3002 918 2974
14712 4 2 0 1 3305 3289 3304 1208
14713 4 2 0 1 1842 3924 1373 1843
14714 4 2 0 1 3125 694 4068 1044
14715 4 2 0 1 3125 694 2775 4068
14716 4 2 0 1 694 1044 1987 4068
14717 4 2 0 1 2296 4295 3656 2214
14718 4 2 0 1 3515 2158 1436 1434
14719 4 2 0 1 4189 4306 4064 2225
14720 4 2 0 1 2877 2890 894 2975
14721 4 2 0 1 894 4002 914 1921
14722 4 2 0 1 3287 1074 4150 3155
14723 4 2 0 1 2034 3123 1045 4115
14724 4 2 0 1 2890 894 796 2877
14725 4 2 0 1 3511 3460 3510 1429
14726 4 2 0 1 2890 2976 894 2975
14727 4 2 0 1 808 2877 2876 2889
14728 4 2 0 1 3048 3177 967 3176
14729 4 2 0 1 3177 1095 967 3176
14730 4 2 0 1 1095 967 1096 3177
14731 4 2 0 1 3305 1225 1224 1223
14732 4 2 0 1 4331 3185 1104 3290
14733 4 2 0 1 2976 914 894 2975
14734 4 2 0 1 2973 2974 912 2993
14735 4 2 0 1 3510 4300 3515 2219
14736 4 2 0 1 2219 3515 3510 1429
14737 4 2 0 1 4002 894 914 2975
14738 4 2 0 1 3515 3511 3510 1429
14739 4 2 0 1 796 2890 808 809
14740 4 2 0 1 2877 808 2890 2889
14741 4 2 0 1 1076 1206 3287 1074
14742 4 2 0 1 2717 636 2095 2132
14743 4 2 0 1 777 702 778 2859
14744 4 2 0 1 3123 1023 1154 1042
14745 4 2 0 1 2225 4064 1983 2132
14746 4 2 0 1 2095 4176 2717 2132
14747 4 2 0 1 1575 2214 3525 1444
14748 4 2 0 1 1429 3460 3306 1225
14749 4 2 0 1 4295 3525 3656 2214
14750 4 2 0 1 2859 777 779 778
14751 4 2 0 1 1450 2126 2275 3531
14752 4 2 0 1 3235 1023 3123 3104
14753 4 2 0 1 2783 2859 777 2858
14754 4 2 0 1 777 702 2859 2783
14755 4 2 0 1 4213 4064 2225 2132
14756 4 2 0 1 4214 4306 3384 2225
14757 4 2 0 1 2225 1303 3384 2133
14758 4 2 0 1 4213 2717 4176 2132
14759 4 2 0 1 4068 3125 2318 4399
14760 4 2 0 1 3125 2318 1044 4068
14761 4 2 0 1 1987 1044 2318 4068
14762 4 2 0 1 779 2859 2860 2858
14763 4 2 0 1 1575 3525 1574 1444
14764 4 2 0 1 912 892 893 2974
14765 4 2 0 1 777 2859 779 2858
14766 4 2 0 1 2132 4214 2225 4213
14767 4 2 0 1 3287 3157 3289 1076
14768 4 2 0 1 778 4126 702 2045
14769 4 2 0 1 967 1094 966 3175
14770 4 2 0 1 967 3048 3175 3047
14771 4 2 0 1 3175 966 967 3047
14772 4 2 0 1 3525 3655 3656 1574
14773 4 2 0 1 3306 3510 3460 1429
14774 4 2 0 1 4191 1304 966 3385
14775 4 2 0 1 966 2110 1304 4191
14776 4 2 0 1 966 3047 4191 3385
14777 4 2 0 1 4213 4064 4306 2225
14778 4 2 0 1 3305 1225 1223 3306
14779 4 2 0 1 795 808 796 2876
14780 4 2 0 1 2877 796 808 2876
14781 4 2 0 1 4207 2275 3531 4356
14782 4 2 0 1 3531 2126 2275 4207
14783 4 2 0 1 4219 4138 2057 1441
14784 4 2 0 1 4219 2057 2138 1441
14785 4 2 0 1 1076 3304 3289 1208
14786 4 2 0 1 4213 4306 4214 2225
14787 4 2 0 1 4126 778 702 2859
14788 4 2 0 1 3163 1072 1075 1082
14789 4 2 0 1 3305 1223 1208 3304
14790 4 2 0 1 1983 4176 2095 2132
14791 4 2 0 1 1983 4064 4176 2132
14792 4 2 0 1 1104 3187 3290 3185
14793 4 2 0 1 3187 1104 3290 1106
14794 4 2 0 1 4115 1985 1543 2034
14795 4 2 0 1 3243 2376 2357 1162
14796 4 2 0 1 4138 2057 1441 1438
14797 4 2 0 1 2890 796 808 2877
14798 4 2 0 1 4138 2057 1438 1436
14799 4 2 0 1 4126 2859 702 2783
14800 4 2 0 1 1450 2891 2126 3531
14801 4 2 0 1 2891 1450 2126 810
14802 4 2 0 1 4213 4176 4064 2132
14803 4 2 0 1 3306 2208 1225 1223
14804 4 2 0 1 3287 3155 3157 1074
14805 4 2 0 1 2158 3515 1436 4239
14806 4 2 0 1 2225 3384 4214 2133
14807 4 2 0 1 912 892 2974 2973
14808 4 2 0 1 3156 3163 3153 1075
14809 4 2 0 1 1450 2275 2125 3531
14810 4 2 0 1 3531 2275 2125 4206
14811 4 2 0 1 2137 3304 3157 1076
14812 4 2 0 1 4243 2218 3528 2162
14813 4 2 0 1 2137 1223 3304 1076
14814 4 2 0 1 2126 3531 2891 4207
14815 4 2 0 1 3306 1223 3305 3304
14816 4 2 0 1 1076 3287 3157 1074
14817 4 2 0 1 3163 1977 1082 1979
14818 4 2 0 1 1447 2218 2162 3528
14819 4 2 0 1 2218 4243 3528 4299
14820 4 2 0 1 2036 4428 2339 2347
14821 4 2 0 1 2132 4214 2133 2225
14822 4 2 0 1 877 2339 2333 2958
14823 4 2 0 1 4138 3517 4239 1436
14824 4 2 0 1 808 810 2891 2876
14825 4 2 0 1 2219 4289 3510 4300
14826 4 2 0 1 3510 2219 1429 2208
14827 4 2 0 1 2275 3531 4356 4206
14828 4 2 0 1 1315 2036 3396 3629
14829 4 2 0 1 4289 3306 3304 1223
14830 4 2 0 1 4058 3163 4060 1979
14831 4 2 0 1 1987 2045 702 4068
14832 4 2 0 1 1555 4299 3636 3382
14833 4 2 0 1 1555 1301 2218 3382
14834 4 2 0 1 2036 4420 4428 4117
14835 4 2 0 1 4438 4400 2319 3666
14836 4 2 0 1 702 4126 4068 2045
14837 4 2 0 1 2208 1429 3306 1225
14838 4 2 0 1 3550 1468 3548 3549
14839 4 2 0 1 1469 3548 1468 1467
14840 4 2 0 1 945 4114 3028 947
14841 4 2 0 1 3028 3026 4114 945
14842 4 2 0 1 2248 1023 1154 3235
14843 4 2 0 1 1023 2248 4329 3235
14844 4 2 0 1 3548 1469 2368 1467
14845 4 2 0 1 3026 3038 4114 957
14846 4 2 0 1 3550 3548 2368 4449
14847 4 2 0 1 945 4114 957 3026
14848 4 2 0 1 3153 3155 3156 1075
14849 4 2 0 1 2357 3666 2319 1585
14850 4 2 0 1 2876 2891 808 2889
14851 4 2 0 1 4299 1555 2218 3382
14852 4 2 0 1 3515 2158 1434 2219
14853 4 2 0 1 2036 4117 3396 3629
14854 4 2 0 1 1443 3524 4219 1441
14855 4 2 0 1 3522 4219 3524 1441
14856 4 2 0 1 2319 3243 4400 4438
14857 4 2 0 1 3375 1543 1294 4115
14858 4 2 0 1 2034 1294 1543 4115
14859 4 2 0 1 1162 2319 2357 3243
14860 4 2 0 1 3289 3157 3304 1076
14861 4 2 0 1 1095 1094 967 3175
14862 4 2 0 1 3175 3048 967 3176
14863 4 2 0 1 3175 967 1095 3176
14864 4 2 0 1 1076 1223 3304 1208
14865 4 2 0 1 2891 2126 2876 810
14866 4 2 0 1 1429 3306 3510 2208
14867 4 2 0 1 4126 702 4068 2783
14868 4 2 0 1 4295 2296 3656 4377
14869 4 2 0 1 2296 2214 3656 1575
14870 4 2 0 1 892 2974 2956 893
14871 4 2 0 1 3155 1071 3157 1074
14872 4 2 0 1 2339 4428 2958 2347
14873 4 2 0 1 3621 1543 1540 3375
14874 4 2 0 1 1585 1586 2357 3666
14875 4 2 0 1 1042 2034 1154 3123
14876 4 2 0 1 1075 1072 3155 1074
14877 4 2 0 1 2891 2126 4207 2876
14878 4 2 0 1 2219 3154 2158 1073
14879 4 2 0 1 796 2847 2877 4285
14880 4 2 0 1 4239 4300 3154 2219
14881 4 2 0 1 3306 4289 2208 1223
14882 4 2 0 1 4300 4239 3515 2219
14883 4 2 0 1 877 2347 2339 2958
14884 4 2 0 1 1023 3235 3123 1154
14885 4 2 0 1 1071 3157 1074 1076
14886 4 2 0 1 810 808 795 2876
14887 4 2 0 1 3157 4218 3304 2137
14888 4 2 0 1 2214 3525 3656 1575
14889 4 2 0 1 4289 2219 3510 2208
14890 4 2 0 1 2357 3667 3666 1586
14891 4 2 0 1 3385 4191 1304 4374
14892 4 2 0 1 4191 2293 1304 4374
14893 4 2 0 1 2293 4191 1304 2110
14894 4 2 0 1 1543 1294 1540 3375
14895 4 2 0 1 2974 892 2956 2973
14896 4 2 0 1 3101 1023 1020 4329
14897 4 2 0 1 3525 1575 1574 3656
14898 4 2 0 1 3123 2034 1154 4115
14899 4 2 0 1 3915 1586 1566 3647
14900 4 2 0 1 3304 4289 1223 2137
14901 4 2 0 1 3104 1023 3101 4329
14902 4 2 0 1 795 2126 810 2876
14903 4 2 0 1 1104 1209 2250 4331
14904 4 2 0 1 1104 1209 4331 3290
14905 4 2 0 1 2057 4138 4239 1436
14906 4 2 0 1 2158 4239 3154 2219
14907 4 2 0 1 2158 3515 4239 2219
14908 4 2 0 1 1436 4239 2057 2158
14909 4 2 0 1 1316 3397 4277 3631
14910 4 2 0 1 3306 4289 3510 2208
14911 4 2 0 1 2293 2275 1304 4374
14912 4 2 0 1 4356 3385 1304 4374
14913 4 2 0 1 4285 2877 894 2975
14914 4 2 0 1 2138 1443 4219 1441
14915 4 2 0 1 2081 2214 4295 2296
14916 4 2 0 1 2877 894 796 4285
14917 4 2 0 1 2296 4162 4295 2081
14918 4 2 0 1 1072 3163 1075 3153
14919 4 2 0 1 1834 1586 1566 3915
14920 4 2 0 1 3177 967 2005 3048
14921 4 2 0 1 3048 2005 3177 4086
14922 4 2 0 1 1096 967 2005 3177
14923 4 2 0 1 2293 4206 2275 4374
14924 4 2 0 1 1921 2204 894 4002
14925 4 2 0 1 1586 3915 3667 3647
14926 4 2 0 1 4206 2293 2275 2125
14927 4 2 0 1 4356 1304 2275 4374
14928 4 2 0 1 4289 2208 1223 2137
14929 4 2 0 1 2137 3157 1071 1076
14930 4 2 0 1 1209 1104 1106 3290
14931 4 2 0 1 4285 894 4002 2975
14932 4 2 0 1 3163 1977 1072 1082
14933 4 2 0 1 2275 4356 4374 4206
14934 4 2 0 1 3163 4058 1977 1979
14935 4 2 0 1 4115 1985 4066 1543
14936 4 2 0 1 4115 1543 4066 3624
14937 4 2 0 1 702 4068 692 1987
14938 4 2 0 1 692 4068 2783 2773
14939 4 2 0 1 3155 3153 1072 1075
14940 4 2 0 1 1907 1543 1540 3621
14941 4 2 0 1 3208 2124 3297 1127
14942 4 2 0 1 4289 3304 4218 2137
14943 4 2 0 1 4068 702 692 2783
14944 4 2 0 1 3155 1072 1071 1074
14945 4 2 0 1 892 875 893 2956
14946 4 2 0 1 1154 3123 4115 3235
14947 4 2 0 1 1071 3155 3157 3152
14948 4 2 0 1 1104 4331 3129 3185
14949 4 2 0 1 3129 2250 1104 1048
14950 4 2 0 1 2036 3629 4420 4117
14951 4 2 0 1 2250 1539 1047 3128
14952 4 2 0 1 2376 3243 2357 4457
14953 4 2 0 1 3243 2357 4457 4438
14954 4 2 0 1 1539 3128 4331 3620
14955 4 2 0 1 2132 4096 4214 4213
14956 4 2 0 1 2339 2958 4420 4414
14957 4 2 0 1 2958 2339 2333 4414
14958 4 2 0 1 1301 2218 3382 4243
14959 4 2 0 1 2218 1301 2162 4243
14960 4 2 0 1 2036 1315 1548 3629
14961 4 2 0 1 2218 4299 3382 4243
14962 4 2 0 1 4420 2036 4428 2339
14963 4 2 0 1 4115 3375 1543 3624
14964 4 2 0 1 1023 2248 1020 4329
14965 4 2 0 1 3157 2137 1071 4218
14966 4 2 0 1 3154 2210 2158 1073
14967 4 2 0 1 2133 4096 2132 2015
14968 4 2 0 1 3666 2357 2319 4438
14969 4 2 0 1 3312 1307 2201 1231
14970 4 2 0 1 3550 1468 1469 3548
14971 4 2 0 1 945 2033 4114 947
14972 4 2 0 1 4114 945 957 2033
14973 4 2 0 1 1469 3548 2368 3550
14974 4 2 0 1 3243 2319 2357 4438
14975 4 2 0 1 4096 2133 2132 4214
14976 4 2 0 1 1019 1020 4329 3100
14977 4 2 0 1 4329 1020 3101 3100
14978 4 2 0 1 4428 2339 2958 4420
14979 4 2 0 1 1307 3388 3312 2201
14980 4 2 0 1 4162 2296 4295 4377
14981 4 2 0 1 3157 4218 1071 3152
14982 4 2 0 1 796 2204 766 4285
14983 4 2 0 1 2847 796 766 4285
14984 4 2 0 1 3375 3621 1543 3624
14985 4 2 0 1 1907 3624 3621 3988
14986 4 2 0 1 3667 2357 3666 4438
14987 4 2 0 1 1303 2201 3384 2133
14988 4 2 0 1 4291 4239 3154 2158
14989 4 2 0 1 1072 3155 1071 3153
14990 4 2 0 1 2296 2952 4162 871
14991 4 2 0 1 4162 2081 2296 871
14992 4 2 0 1 1231 2201 3312 1303
14993 4 2 0 1 2775 693 694 2776
14994 4 2 0 1 695 694 693 2776
14995 4 2 0 1 2775 2774 693 2776
14996 4 2 0 1 2078 3395 3267 4159
14997 4 2 0 1 2955 2956 892 2973
14998 4 2 0 1 3163 4058 3153 1072
14999 4 2 0 1 1977 3163 1072 4058
15000 4 2 0 1 1314 1186 2078 3267
15001 4 2 0 1 3395 2078 3267 1314
15002 4 2 0 1 1127 1174 3297 3255
15003 4 2 0 1 1174 3298 3297 3255
15004 4 2 0 1 3255 3297 1127 3208
15005 4 2 0 1 1216 3298 1174 1217
15006 4 2 0 1 2860 877 2333 2958
15007 4 2 0 1 877 2860 2333 779
15008 4 2 0 1 2201 3384 3312 1303
15009 4 2 0 1 3384 4282 4214 2133
15010 4 2 0 1 3152 3155 3153 1071
15011 4 2 0 1 894 2204 796 4285
15012 4 2 0 1 2783 777 691 2772
15013 4 2 0 1 765 2876 795 2847
15014 4 2 0 1 4291 4138 4239 2057
15015 4 2 0 1 1106 4035 3190 1954
15016 4 2 0 1 4035 1106 3190 3187
15017 4 2 0 1 3190 1106 1954 1109
15018 4 2 0 1 1921 1162 2376 3243
15019 4 2 0 1 2057 4239 4291 2158
15020 4 2 0 1 4002 2204 894 4285
15021 4 2 0 1 2057 2210 4219 2138
15022 4 2 0 1 4219 4138 4291 2057
15023 4 2 0 1 2772 2783 777 2858
15024 4 2 0 1 702 777 691 2783
15025 4 2 0 1 2776 693 695 2197
15026 4 2 0 1 4278 693 2774 2776
15027 4 2 0 1 4278 693 2776 2197
15028 4 2 0 1 2204 4443 4002 2362
15029 4 2 0 1 2204 1921 2362 4002
15030 4 2 0 1 4207 2160 2275 4356
15031 4 2 0 1 2275 2126 2160 4207
15032 4 2 0 1 4331 1104 3129 2250
15033 4 2 0 1 2250 1539 3128 4331
15034 4 2 0 1 2773 694 4068 2775
15035 4 2 0 1 692 4068 694 1987
15036 4 2 0 1 4068 692 694 2773
15037 4 2 0 1 3629 2036 4420 1548
15038 4 2 0 1 2877 2847 796 2876
15039 4 2 0 1 2847 795 796 2876
15040 4 2 0 1 3624 1907 3621 1543
15041 4 2 0 1 2773 693 694 2775
15042 4 2 0 1 694 692 693 2773
15043 4 2 0 1 2773 2774 693 2775
15044 4 2 0 1 2186 4329 3910 4267
15045 4 2 0 1 3243 2376 1921 4002
15046 4 2 0 1 2219 4289 4300 1915
15047 4 2 0 1 4207 4241 2160 4356
15048 4 2 0 1 2339 2036 1548 4420
15049 4 2 0 1 1019 1020 2248 4329
15050 4 2 0 1 2956 892 875 2955
15051 4 2 0 1 1068 4218 1071 2137
15052 4 2 0 1 4443 2362 2376 4002
15053 4 2 0 1 1921 2376 2362 4002
15054 4 2 0 1 1154 1829 2248 3235
15055 4 2 0 1 3910 4329 2248 3235
15056 4 2 0 1 4099 2296 1575 2018
15057 4 2 0 1 3129 1047 2250 1048
15058 4 2 0 1 3129 1047 3128 2250
15059 4 2 0 1 3910 2248 1829 3235
15060 4 2 0 1 4329 2186 3910 2248
15061 4 2 0 1 4162 4377 2952 2296
15062 4 2 0 1 3910 2248 2186 1829
15063 4 2 0 1 4289 1915 2208 2137
15064 4 2 0 1 3149 1071 4218 3152
15065 4 2 0 1 1915 2219 4289 2208
15066 4 2 0 1 765 2876 2847 2846
15067 4 2 0 1 1915 4289 4218 2137
15068 4 2 0 1 2197 2952 2296 871
15069 4 2 0 1 2952 2197 2296 4278
15070 4 2 0 1 2860 2333 779 2858
15071 4 2 0 1 2333 777 779 2858
15072 4 2 0 1 1154 1985 1829 3235
15073 4 2 0 1 2952 2776 695 2197
15074 4 2 0 1 2776 2952 4278 2197
15075 4 2 0 1 695 2952 2197 871
15076 4 2 0 1 3910 1985 3235 1829
15077 4 2 0 1 2160 2126 765 4207
15078 4 2 0 1 3177 2078 4159 2005
15079 4 2 0 1 3177 2005 4159 4086
15080 4 2 0 1 3177 2078 2005 1096
15081 4 2 0 1 2958 2333 2860 4414
15082 4 2 0 1 1073 2219 3154 1915
15083 4 2 0 1 4241 2160 765 4207
15084 4 2 0 1 2219 4300 3154 1915
15085 4 2 0 1 4115 1154 1985 2034
15086 4 2 0 1 892 874 875 2955
15087 4 2 0 1 1550 4277 1316 2196
15088 4 2 0 1 4277 1550 1316 3631
15089 4 2 0 1 2210 4291 3154 2158
15090 4 2 0 1 766 765 795 2847
15091 4 2 0 1 3656 2296 4099 4377
15092 4 2 0 1 3656 2296 1575 4099
15093 4 2 0 1 1985 3910 3235 4066
15094 4 2 0 1 3243 4457 2376 4002
15095 4 2 0 1 795 2847 796 766
15096 4 2 0 1 2126 2876 765 4207
15097 4 2 0 1 4443 2204 4002 4285
15098 4 2 0 1 3128 3129 2250 4331
15099 4 2 0 1 1985 3487 4066 3989
15100 4 2 0 1 4457 4443 2376 4002
15101 4 2 0 1 896 3048 2977 4086
15102 4 2 0 1 967 896 2005 3048
15103 4 2 0 1 3048 896 2005 4086
15104 4 2 0 1 4291 2210 2057 2158
15105 4 2 0 1 2210 4219 4291 2057
15106 4 2 0 1 1154 4115 1985 3235
15107 4 2 0 1 636 4096 2132 2717
15108 4 2 0 1 4377 4278 2952 2296
15109 4 2 0 1 2717 4213 4096 2132
15110 4 2 0 1 2876 2126 765 795
15111 4 2 0 1 1937 876 1843 3924
15112 4 2 0 1 765 2846 4241 4207
15113 4 2 0 1 2860 2333 2858 4414
15114 4 2 0 1 4096 636 2132 2015
15115 4 2 0 1 2124 1127 1216 3297
15116 4 2 0 1 2124 3208 3297 4205
15117 4 2 0 1 2783 691 692 2772
15118 4 2 0 1 2772 692 2783 2773
15119 4 2 0 1 3153 1071 1072 1069
15120 4 2 0 1 1985 3235 4115 4066
15121 4 2 0 1 1019 4329 2186 3100
15122 4 2 0 1 3388 4282 3312 2201
15123 4 2 0 1 702 691 692 2783
15124 4 2 0 1 4282 3384 2201 2133
15125 4 2 0 1 3153 3150 3152 1071
15126 4 2 0 1 1543 4066 3989 1985
15127 4 2 0 1 4066 1543 3989 3624
15128 4 2 0 1 876 1937 4018 3924
15129 4 2 0 1 3384 2201 3312 4282
15130 4 2 0 1 4207 2876 765 2846
15131 4 2 0 1 3395 1316 3397 4277
15132 4 2 0 1 2196 1316 1314 3395
15133 4 2 0 1 2078 3267 3177 4159
15134 4 2 0 1 3177 1186 2078 1096
15135 4 2 0 1 1186 3177 2078 3267
15136 4 2 0 1 2018 4278 2296 2197
15137 4 2 0 1 2296 4099 4278 2018
15138 4 2 0 1 1072 4058 3153 1069
15139 4 2 0 1 1069 1072 4058 1977
15140 4 2 0 1 4267 2186 4329 3100
15141 4 2 0 1 1907 3989 3624 3988
15142 4 2 0 1 1071 3149 4218 1068
15143 4 2 0 1 3395 2078 2196 4159
15144 4 2 0 1 2333 1862 4394 4414
15145 4 2 0 1 1314 2078 2196 3395
15146 4 2 0 1 875 862 1937 4018
15147 4 2 0 1 1127 1174 1216 3297
15148 4 2 0 1 3298 1216 1174 3297
15149 4 2 0 1 3996 4289 4218 1915
15150 4 2 0 1 4289 3996 4300 1915
15151 4 2 0 1 4329 1019 2186 2248
15152 4 2 0 1 1304 4241 3385 4356
15153 4 2 0 1 875 2943 4018 2956
15154 4 2 0 1 875 2943 2956 2955
15155 4 2 0 1 1915 4218 1068 2137
15156 4 2 0 1 2275 2160 1304 4356
15157 4 2 0 1 4241 1304 2160 4356
15158 4 2 0 1 3989 1543 1907 3624
15159 4 2 0 1 4377 4099 4278 2296
15160 4 2 0 1 1109 1127 2124 3190
15161 4 2 0 1 3190 1127 2124 3208
15162 4 2 0 1 4278 2018 2016 2197
15163 4 2 0 1 2018 4097 4278 2016
15164 4 2 0 1 4097 2018 4278 4099
15165 4 2 0 1 3996 3154 4300 1915
15166 4 2 0 1 874 2943 875 2955
15167 4 2 0 1 2339 1862 2333 4414
15168 4 2 0 1 2339 4420 3943 4414
15169 4 2 0 1 1548 4420 3629 3943
15170 4 2 0 1 3396 3397 1316 3628
15171 4 2 0 1 3396 1316 1315 3628
15172 4 2 0 1 3100 2186 1019 3528
15173 4 2 0 1 1548 2339 4420 3943
15174 4 2 0 1 2186 1447 1019 3528
15175 4 2 0 1 2376 2357 1836 4457
15176 4 2 0 1 4457 2357 3917 4438
15177 4 2 0 1 1308 1996 3389 1997
15178 4 2 0 1 4077 3389 1996 1997
15179 4 2 0 1 1996 1919 4077 1997
15180 4 2 0 1 4000 4077 1919 1997
15181 4 2 0 1 4035 3190 1954 4205
15182 4 2 0 1 2124 3190 1954 1109
15183 4 2 0 1 4331 1209 2184 4265
15184 4 2 0 1 3487 1908 1985 1406
15185 4 2 0 1 1908 3487 1985 3989
15186 4 2 0 1 2847 766 2813 3303
15187 4 2 0 1 3150 3149 3152 1071
15188 4 2 0 1 1997 1919 4000 2173
15189 4 2 0 1 793 2884 2875 803
15190 4 2 0 1 3187 4035 1106 3290
15191 4 2 0 1 1954 1209 1106 4035
15192 4 2 0 1 3100 4267 2186 3528
15193 4 2 0 1 1997 4000 4254 2173
15194 4 2 0 1 1829 1406 1405 3910
15195 4 2 0 1 1586 1836 2357 3667
15196 4 2 0 1 1539 2184 1899 4265
15197 4 2 0 1 3620 1539 1899 4265
15198 4 2 0 1 4265 1899 3620 3980
15199 4 2 0 1 1304 4241 733 3385
15200 4 2 0 1 3385 4241 733 2814
15201 4 2 0 1 1315 3396 3628 3629
15202 4 2 0 1 2196 1316 3395 4277
15203 4 2 0 1 687 2772 692 691
15204 4 2 0 1 692 2772 2768 2773
15205 4 2 0 1 2772 687 692 2768
15206 4 2 0 1 4241 1304 733 2160
15207 4 2 0 1 1985 1543 1908 3989
15208 4 2 0 1 4218 3149 3996 1915
15209 4 2 0 1 1209 4331 3290 4265
15210 4 2 0 1 2184 2250 1209 4331
15211 4 2 0 1 3954 1842 3924 3923
15212 4 2 0 1 2196 3395 4159 4277
15213 4 2 0 1 1071 3153 3150 1069
15214 4 2 0 1 1915 4218 3149 1068
15215 4 2 0 1 1842 1843 1873 3924
15216 4 2 0 1 4035 1209 1106 3290
15217 4 2 0 1 3303 2847 766 4285
15218 4 2 0 1 3303 766 2204 4285
15219 4 2 0 1 896 3048 3047 2977
15220 4 2 0 1 3048 967 896 3047
15221 4 2 0 1 967 966 896 3047
15222 4 2 0 1 3910 1406 1985 1829
15223 4 2 0 1 3917 2357 3667 4438
15224 4 2 0 1 4058 3150 3153 1069
15225 4 2 0 1 1543 3989 1907 1908
15226 4 2 0 1 1393 1842 3298 1217
15227 4 2 0 1 1842 3474 3298 3923
15228 4 2 0 1 2875 2885 803 2884
15229 4 2 0 1 3628 1548 1315 3629
15230 4 2 0 1 1985 3487 3910 4066
15231 4 2 0 1 876 4018 2957 3924
15232 4 2 0 1 2204 2362 1222 4443
15233 4 2 0 1 1068 3150 1071 3149
15234 4 2 0 1 2189 1899 3621 1540
15235 4 2 0 1 2189 3980 3621 1899
15236 4 2 0 1 2333 1862 2313 4394
15237 4 2 0 1 3943 4394 1862 4414
15238 4 2 0 1 2943 875 4018 862
15239 4 2 0 1 2943 874 875 862
15240 4 2 0 1 3208 2124 3190 4205
15241 4 2 0 1 3486 1405 1406 3910
15242 4 2 0 1 876 1937 862 4018
15243 4 2 0 1 2814 896 3047 2977
15244 4 2 0 1 966 733 896 3047
15245 4 2 0 1 3047 733 896 2814
15246 4 2 0 1 2186 3910 1405 4267
15247 4 2 0 1 3190 2124 1954 4205
15248 4 2 0 1 693 4097 4278 2774
15249 4 2 0 1 4278 2016 693 2197
15250 4 2 0 1 2016 4278 693 4097
15251 4 2 0 1 3150 1068 1071 1069
15252 4 2 0 1 3980 2189 3621 4270
15253 4 2 0 1 966 1304 733 3385
15254 4 2 0 1 3047 966 733 3385
15255 4 2 0 1 3385 733 3047 2814
15256 4 2 0 1 2186 3910 1829 1405
15257 4 2 0 1 1862 2339 3943 4414
15258 4 2 0 1 4443 3303 2204 4285
15259 4 2 0 1 2884 793 2875 2874
15260 4 2 0 1 2339 1548 1862 3943
15261 4 2 0 1 803 793 794 2875
15262 4 2 0 1 3487 3486 1406 3910
15263 4 2 0 1 765 731 2160 4241
15264 4 2 0 1 2943 874 861 2955
15265 4 2 0 1 1957 804 794 2875
15266 4 2 0 1 1447 2186 1869 3528
15267 4 2 0 1 3950 1869 2186 3528
15268 4 2 0 1 4267 3950 2186 3528
15269 4 2 0 1 765 2812 4241 2846
15270 4 2 0 1 693 4097 2774 2768
15271 4 2 0 1 687 4097 693 2768
15272 4 2 0 1 4097 687 693 2016
15273 4 2 0 1 1406 3910 1985 3487
15274 4 2 0 1 766 1222 2813 3303
15275 4 2 0 1 1222 732 766 2813
15276 4 2 0 1 4457 2357 1836 3917
15277 4 2 0 1 1393 1216 1217 3298
15278 4 2 0 1 2812 765 4241 731
15279 4 2 0 1 1861 1548 3628 3629
15280 4 2 0 1 804 803 794 2875
15281 4 2 0 1 2768 2774 693 2773
15282 4 2 0 1 2768 693 692 2773
15283 4 2 0 1 692 687 693 2768
15284 4 2 0 1 1393 3297 2249 1216
15285 4 2 0 1 3486 4267 1405 3910
15286 4 2 0 1 804 4038 2885 2875
15287 4 2 0 1 804 1957 4038 2875
15288 4 2 0 1 1222 766 2204 3303
15289 4 2 0 1 2888 1907 2189 3988
15290 4 2 0 1 1869 2186 1405 3950
15291 4 2 0 1 3950 2186 1405 4267
15292 4 2 0 1 4299 2218 1869 3528
15293 4 2 0 1 2218 1447 1869 3528
15294 4 2 0 1 3988 4270 2189 2888
15295 4 2 0 1 2943 876 4018 2957
15296 4 2 0 1 876 2943 4018 862
15297 4 2 0 1 2357 3917 3667 1836
15298 4 2 0 1 874 861 862 2943
15299 4 2 0 1 2201 1587 4282 2306
15300 4 2 0 1 1869 3950 4299 3528
15301 4 2 0 1 1547 1315 1316 3628
15302 4 2 0 1 876 3924 1873 1843
15303 4 2 0 1 765 2813 2812 2846
15304 4 2 0 1 4394 777 2333 2858
15305 4 2 0 1 3389 4077 4078 1997
15306 4 2 0 1 4077 4000 4078 1997
15307 4 2 0 1 803 804 2885 2875
15308 4 2 0 1 1907 2888 2189 807
15309 4 2 0 1 4254 4078 4000 1997
15310 4 2 0 1 1957 4270 2888 2189
15311 4 2 0 1 731 765 732 2812
15312 4 2 0 1 2847 2813 765 2846
15313 4 2 0 1 1315 1547 1548 3628
15314 4 2 0 1 3298 1393 1216 3297
15315 4 2 0 1 765 766 2813 2847
15316 4 2 0 1 2955 861 2943 2942
15317 4 2 0 1 3303 2204 1222 4443
15318 4 2 0 1 4414 4394 2333 2858
15319 4 2 0 1 4331 2184 1539 4265
15320 4 2 0 1 3620 4331 1539 4265
15321 4 2 0 1 2189 2888 1957 807
15322 4 2 0 1 777 2772 4394 691
15323 4 2 0 1 733 4241 731 2814
15324 4 2 0 1 2078 1905 2196 4159
15325 4 2 0 1 4159 1905 2196 3986
15326 4 2 0 1 2772 777 4394 2858
15327 4 2 0 1 4241 733 731 2160
15328 4 2 0 1 1405 3950 4267 3486
15329 4 2 0 1 1842 3954 3924 1873
15330 4 2 0 1 2184 4331 1539 2250
15331 4 2 0 1 4241 2812 731 2814
15332 4 2 0 1 3954 3474 1842 3923
15333 4 2 0 1 1861 1548 1547 3628
15334 4 2 0 1 2196 4159 3986 4277
15335 4 2 0 1 3474 1842 3298 1393
15336 4 2 0 1 3924 876 1873 2957
15337 4 2 0 1 3621 1907 2189 1540
15338 4 2 0 1 4330 3297 2249 3474
15339 4 2 0 1 3297 1393 2249 3474
15340 4 2 0 1 3388 1307 1587 2201
15341 4 2 0 1 1904 2977 4086 896
15342 4 2 0 1 1904 896 4086 2005
15343 4 2 0 1 2977 1904 4086 3985
15344 4 2 0 1 777 4394 2333 2313
15345 4 2 0 1 2813 765 2812 732
15346 4 2 0 1 1907 3621 2189 3988
15347 4 2 0 1 2189 3621 4270 3988
15348 4 2 0 1 2210 3154 3146 1073
15349 4 2 0 1 4270 1957 2888 4038
15350 4 2 0 1 2888 794 1957 807
15351 4 2 0 1 765 766 732 2813
15352 4 2 0 1 2767 691 687 686
15353 4 2 0 1 691 2767 687 2772
15354 4 2 0 1 687 2772 2767 2768
15355 4 2 0 1 2313 691 777 4394
15356 4 2 0 1 686 691 2313 2767
15357 4 2 0 1 691 4394 2767 2772
15358 4 2 0 1 3154 1915 1066 1073
15359 4 2 0 1 3527 2103 1446 1939
15360 4 2 0 1 4035 1954 2299 3654
15361 4 2 0 1 4205 2124 1573 4330
15362 4 2 0 1 3297 3298 1393 3474
15363 4 2 0 1 3154 2210 3146 4291
15364 4 2 0 1 1587 4282 3388 2201
15365 4 2 0 1 794 2888 1957 2875
15366 4 2 0 1 3149 1915 1066 3996
15367 4 2 0 1 2957 3954 1873 3924
15368 4 2 0 1 1915 3149 1066 1068
15369 4 2 0 1 2249 3297 2124 1216
15370 4 2 0 1 4205 3297 2124 4330
15371 4 2 0 1 3655 2130 2179 1574
15372 4 2 0 1 1446 3524 3527 1939
15373 4 2 0 1 1443 3524 1446 1939
15374 4 2 0 1 3629 3628 1861 3942
15375 4 2 0 1 1915 3154 1066 3996
15376 4 2 0 1 2017 4097 2018 2016
15377 4 2 0 1 4099 4098 4097 2018
15378 4 2 0 1 4097 2017 2018 4098
15379 4 2 0 1 2888 4038 1957 2875
15380 4 2 0 1 4219 1443 1939 3524
15381 4 2 0 1 1576 3655 2130 3657
15382 4 2 0 1 3655 1576 2130 1574
15383 4 2 0 1 1443 4219 1939 2138
15384 4 2 0 1 1573 4205 4330 3654
15385 4 2 0 1 1295 1405 1404 3486
15386 4 2 0 1 1861 1548 3629 3943
15387 4 2 0 1 3474 1842 1873 3954
15388 4 2 0 1 2299 4035 3654 4380
15389 4 2 0 1 2218 1869 2237 4299
15390 4 2 0 1 711 733 731 2814
15391 4 2 0 1 2814 2812 711 2792
15392 4 2 0 1 4086 1904 2005 3986
15393 4 2 0 1 3986 1904 2005 1905
15394 4 2 0 1 4086 1904 3986 3985
15395 4 2 0 1 4394 691 2767 2313
15396 4 2 0 1 2875 793 2873 2874
15397 4 2 0 1 793 2875 2873 794
15398 4 2 0 1 1954 4035 4205 3654
15399 4 2 0 1 4299 3950 1869 4318
15400 4 2 0 1 1861 3943 4255 1862
15401 4 2 0 1 4224 1907 2888 3988
15402 4 2 0 1 2873 807 794 2888
15403 4 2 0 1 2921 862 861 2943
15404 4 2 0 1 1406 1404 1405 3486
15405 4 2 0 1 1908 3989 4224 4202
15406 4 2 0 1 1842 1873 1393 3474
15407 4 2 0 1 711 1904 896 2977
15408 4 2 0 1 2792 1904 2977 3985
15409 4 2 0 1 1904 2792 2977 711
15410 4 2 0 1 4224 807 2888 1907
15411 4 2 0 1 3486 1404 1295 3485
15412 4 2 0 1 1295 3486 3485 3376
15413 4 2 0 1 3485 3486 1406 3487
15414 4 2 0 1 2812 711 731 2814
15415 4 2 0 1 4282 3668 4387 2306
15416 4 2 0 1 3668 4282 1587 2306
15417 4 2 0 1 1954 1573 2299 3654
15418 4 2 0 1 2124 2249 1573 4330
15419 4 2 0 1 4159 2005 3986 4086
15420 4 2 0 1 4159 1905 2005 2078
15421 4 2 0 1 1905 4159 2005 3986
15422 4 2 0 1 4299 1869 2237 4318
15423 4 2 0 1 2943 861 2921 2942
15424 4 2 0 1 4260 2130 2179 3655
15425 4 2 0 1 4260 4211 2130 3655
15426 4 2 0 1 3297 2249 2124 4330
15427 4 2 0 1 2888 794 2873 2875
15428 4 2 0 1 1954 2124 1573 4205
15429 4 2 0 1 1406 1404 3486 3485
15430 4 2 0 1 1548 1861 1862 3943
15431 4 2 0 1 2943 2921 876 2957
15432 4 2 0 1 2921 876 862 2943
15433 4 2 0 1 3655 4211 2130 3657
15434 4 2 0 1 3989 1907 4224 3988
15435 4 2 0 1 3656 3655 2179 1574
15436 4 2 0 1 4205 1573 1954 3654
15437 4 2 0 1 4387 4214 4282 2133
15438 4 2 0 1 1575 3656 2179 1574
15439 4 2 0 1 2767 687 2764 686
15440 4 2 0 1 687 2767 2764 2768
15441 4 2 0 1 686 683 687 2764
15442 4 2 0 1 1954 2299 1209 4035
15443 4 2 0 1 1861 2174 1862 4255
15444 4 2 0 1 3943 1861 4255 3942
15445 4 2 0 1 3290 4035 1209 4380
15446 4 2 0 1 1907 3989 4224 1908
15447 4 2 0 1 2133 2201 4282 2306
15448 4 2 0 1 2422 1997 4078 2421
15449 4 2 0 1 4282 1587 3388 3668
15450 4 2 0 1 3146 2210 1073 1065
15451 4 2 0 1 1861 3629 3942 3943
15452 4 2 0 1 2017 2016 2764 4097
15453 4 2 0 1 2016 683 2017 2764
15454 4 2 0 1 4097 2764 2017 4098
15455 4 2 0 1 1405 1295 1869 3950
15456 4 2 0 1 2174 2313 1862 4394
15457 4 2 0 1 1862 4255 4394 3943
15458 4 2 0 1 3655 2179 4260 3656
15459 4 2 0 1 2299 1209 4035 4380
15460 4 2 0 1 2814 711 896 2977
15461 4 2 0 1 733 711 896 2814
15462 4 2 0 1 2977 2814 711 2792
15463 4 2 0 1 3653 4330 2249 4407
15464 4 2 0 1 1070 4219 2210 2138
15465 4 2 0 1 3996 3149 3147 1066
15466 4 2 0 1 1405 1295 3950 3486
15467 4 2 0 1 3915 1586 1835 1834
15468 4 2 0 1 1586 3915 1835 3667
15469 4 2 0 1 1555 4299 2237 3636
15470 4 2 0 1 4299 1555 2237 2218
15471 4 2 0 1 2210 4219 3151 4291
15472 4 2 0 1 2921 861 2920 2942
15473 4 2 0 1 1544 4270 3625 4038
15474 4 2 0 1 4099 2179 4098 2018
15475 4 2 0 1 4098 2179 2017 2018
15476 4 2 0 1 3154 3996 3147 1066
15477 4 2 0 1 686 2313 2174 2767
15478 4 2 0 1 1957 2189 1544 4270
15479 4 2 0 1 2791 710 732 2812
15480 4 2 0 1 3486 1295 3950 3376
15481 4 2 0 1 4318 2237 4299 3636
15482 4 2 0 1 1423 2421 3504 2173
15483 4 2 0 1 4254 3504 2421 2173
15484 4 2 0 1 731 732 710 2812
15485 4 2 0 1 2249 1393 4407 3474
15486 4 2 0 1 4407 4330 2249 3474
15487 4 2 0 1 861 840 862 2921
15488 4 2 0 1 4096 632 4387 2713
15489 4 2 0 1 2103 3527 4020 1939
15490 4 2 0 1 4184 3527 4020 2103
15491 4 2 0 1 3474 1873 4407 3954
15492 4 2 0 1 4255 2174 1862 4394
15493 4 2 0 1 4194 1016 1115 3097
15494 4 2 0 1 1016 4194 1115 2113
15495 4 2 0 1 3196 3097 1015 3096
15496 4 2 0 1 1115 1016 1015 3097
15497 4 2 0 1 1116 3197 3196 3096
15498 4 2 0 1 3196 1015 1116 3096
15499 4 2 0 1 3154 1066 3146 1073
15500 4 2 0 1 632 4096 4387 2015
15501 4 2 0 1 4407 1393 1873 3474
15502 4 2 0 1 1835 3667 1836 1586
15503 4 2 0 1 3524 4020 3527 1939
15504 4 2 0 1 2179 4099 4098 4260
15505 4 2 0 1 1067 3149 3150 1068
15506 4 2 0 1 4394 2174 2313 2767
15507 4 2 0 1 792 794 793 2873
15508 4 2 0 1 4270 1544 1957 4038
15509 4 2 0 1 4020 3524 4219 1939
15510 4 2 0 1 876 862 840 2921
15511 4 2 0 1 4380 2184 1209 4265
15512 4 2 0 1 3950 1295 1869 4318
15513 4 2 0 1 2378 2362 1838 4443
15514 4 2 0 1 1067 1068 3150 1069
15515 4 2 0 1 4224 2121 1908 4202
15516 4 2 0 1 1908 2143 2121 4224
15517 4 2 0 1 2813 2791 732 2812
15518 4 2 0 1 1209 3290 4380 4265
15519 4 2 0 1 1997 4254 2421 2173
15520 4 2 0 1 3631 1550 3944 3945
15521 4 2 0 1 1295 2237 1869 4318
15522 4 2 0 1 2133 4282 4387 2306
15523 4 2 0 1 807 794 792 2873
15524 4 2 0 1 3551 1468 3550 3549
15525 4 2 0 1 4224 807 1907 2143
15526 4 2 0 1 4097 687 2764 2768
15527 4 2 0 1 2764 2016 687 4097
15528 4 2 0 1 2016 2764 687 683
15529 4 2 0 1 2184 4380 1209 2299
15530 4 2 0 1 1468 1470 3550 1469
15531 4 2 0 1 3667 3916 1836 3917
15532 4 2 0 1 4291 3146 3151 2210
15533 4 2 0 1 2133 4387 4096 2015
15534 4 2 0 1 4387 4096 4214 2133
15535 4 2 0 1 3955 1873 876 2957
15536 4 2 0 1 4318 3950 1295 3376
15537 4 2 0 1 807 2873 4224 2888
15538 4 2 0 1 3631 4405 1550 3945
15539 4 2 0 1 4394 4255 2174 2767
15540 4 2 0 1 839 840 861 2920
15541 4 2 0 1 4099 1575 2179 2018
15542 4 2 0 1 1836 4457 1838 2376
15543 4 2 0 1 1575 4099 2179 3656
15544 4 2 0 1 3955 3954 1873 2957
15545 4 2 0 1 2143 1908 1907 4224
15546 4 2 0 1 4254 1997 2421 4078
15547 4 2 0 1 1307 1458 3388 1587
15548 4 2 0 1 861 2921 2920 840
15549 4 2 0 1 978 3942 3059 4255
15550 4 2 0 1 2763 978 4255 682
15551 4 2 0 1 978 2763 4255 3059
15552 4 2 0 1 1908 3487 3989 4202
15553 4 2 0 1 1908 1406 3487 4202
15554 4 2 0 1 3653 2249 2326 4407
15555 4 2 0 1 1572 2249 2326 3653
15556 4 2 0 1 3656 2179 4260 4099
15557 4 2 0 1 1861 978 2174 4255
15558 4 2 0 1 978 1861 3942 4255
15559 4 2 0 1 4457 1836 1838 3917
15560 4 2 0 1 1446 2103 3527 1576
15561 4 2 0 1 3657 3527 4184 1576
15562 4 2 0 1 682 2174 978 4255
15563 4 2 0 1 1065 1073 3146 1066
15564 4 2 0 1 2812 710 711 2792
15565 4 2 0 1 4265 4380 2184 3496
15566 4 2 0 1 4380 1415 2184 3496
15567 4 2 0 1 2812 2791 710 2792
15568 4 2 0 1 2015 4387 632 2306
15569 4 2 0 1 2183 732 1222 4264
15570 4 2 0 1 711 731 710 2812
15571 4 2 0 1 2249 1393 2326 4407
15572 4 2 0 1 2376 1838 2362 4443
15573 4 2 0 1 3654 1573 1377 3653
15574 4 2 0 1 1066 3149 1067 1068
15575 4 2 0 1 1066 3154 3146 3147
15576 4 2 0 1 3955 876 2921 2957
15577 4 2 0 1 2376 1838 4443 4457
15578 4 2 0 1 1393 4407 1873 2326
15579 4 2 0 1 1415 4380 2184 2299
15580 4 2 0 1 1939 4219 1070 2138
15581 4 2 0 1 2210 3146 3151 1065
15582 4 2 0 1 2813 1222 4264 3303
15583 4 2 0 1 2813 1222 732 4264
15584 4 2 0 1 2015 2133 4387 2306
15585 4 2 0 1 947 1098 3030 949
15586 4 2 0 1 3030 3028 3179 947
15587 4 2 0 1 2156 3628 1547 1549
15588 4 2 0 1 3654 4330 1573 3653
15589 4 2 0 1 2422 4078 4502 2421
15590 4 2 0 1 4503 4078 4502 2422
15591 4 2 0 1 4407 1873 3955 3954
15592 4 2 0 1 4114 947 3179 3028
15593 4 2 0 1 3668 3388 1458 1587
15594 4 2 0 1 3179 2033 947 4114
15595 4 2 0 1 4330 2249 1573 3653
15596 4 2 0 1 1406 3485 3487 4202
15597 4 2 0 1 3654 1377 2299 4380
15598 4 2 0 1 1404 1406 2121 3485
15599 4 2 0 1 2873 807 4224 792
15600 4 2 0 1 792 807 4224 2143
15601 4 2 0 1 3653 1377 3654 3458
15602 4 2 0 1 1573 1377 2299 3654
15603 4 2 0 1 4219 1070 2210 3151
15604 4 2 0 1 2237 3237 1295 1156
15605 4 2 0 1 3915 1835 3667 3916
15606 4 2 0 1 1295 4318 3237 2237
15607 4 2 0 1 682 686 2174 2767
15608 4 2 0 1 1406 1908 2121 4202
15609 4 2 0 1 3397 1316 1549 3631
15610 4 2 0 1 1899 1544 2189 3980
15611 4 2 0 1 4270 3980 1544 3625
15612 4 2 0 1 2421 3504 3505 1423
15613 4 2 0 1 3980 1544 2189 4270
15614 4 2 0 1 1550 1549 1316 3631
15615 4 2 0 1 3149 1066 1067 3147
15616 4 2 0 1 2237 1156 4332 3237
15617 4 2 0 1 4318 1295 3237 3376
15618 4 2 0 1 840 1874 876 2921
15619 4 2 0 1 4332 4318 2237 3237
15620 4 2 0 1 2791 732 710 4264
15621 4 2 0 1 2183 710 732 4264
15622 4 2 0 1 3628 1316 1549 3397
15623 4 2 0 1 2103 4184 3527 1576
15624 4 2 0 1 3389 1997 2422 1308
15625 4 2 0 1 1835 3667 3916 1836
15626 4 2 0 1 1555 2237 2251 3636
15627 4 2 0 1 4502 4254 3504 2421
15628 4 2 0 1 1573 1572 1377 3653
15629 4 2 0 1 3636 4318 2237 4332
15630 4 2 0 1 4405 2324 1550 3945
15631 4 2 0 1 876 1874 1873 3955
15632 4 2 0 1 2767 4255 682 2763
15633 4 2 0 1 2237 1156 2251 4332
15634 4 2 0 1 2184 1899 4265 3496
15635 4 2 0 1 1899 2184 1415 3496
15636 4 2 0 1 1899 4265 3496 3980
15637 4 2 0 1 4219 1939 1070 4020
15638 4 2 0 1 3055 3034 3032 951
15639 4 2 0 1 3034 3055 953 951
15640 4 2 0 1 3034 3055 1974 953
15641 4 2 0 1 3034 3055 4055 1974
15642 4 2 0 1 1550 4277 4405 3631
15643 4 2 0 1 2196 2324 1550 4277
15644 4 2 0 1 1065 3151 2210 1070
15645 4 2 0 1 2813 732 2791 4264
15646 4 2 0 1 3149 1067 3150 3148
15647 4 2 0 1 1412 4332 4292 2251
15648 4 2 0 1 3097 1115 4194 3196
15649 4 2 0 1 1015 1115 3097 3196
15650 4 2 0 1 1115 1015 1116 3196
15651 4 2 0 1 1377 3654 3458 4380
15652 4 2 0 1 682 2767 2764 686
15653 4 2 0 1 1316 3628 1549 1547
15654 4 2 0 1 686 2764 682 683
15655 4 2 0 1 4255 682 2174 2767
15656 4 2 0 1 4254 4502 4078 2421
15657 4 2 0 1 1550 1863 3944 3945
15658 4 2 0 1 1863 1550 1864 3945
15659 4 2 0 1 1997 3389 2422 4078
15660 4 2 0 1 1078 3915 1835 1834
15661 4 2 0 1 1873 4407 3955 2326
15662 4 2 0 1 1544 1899 1415 3496
15663 4 2 0 1 1544 1899 3496 3980
15664 4 2 0 1 3980 3496 1544 3625
15665 4 2 0 1 3636 2237 2251 4332
15666 4 2 0 1 1572 1573 2249 3653
15667 4 2 0 1 4380 3458 1415 3496
15668 4 2 0 1 3056 4211 975 4260
15669 4 2 0 1 3485 1406 2121 4202
15670 4 2 0 1 4325 4387 3668 2244
15671 4 2 0 1 1864 1550 2324 3945
15672 4 2 0 1 3388 3539 3668 1458
15673 4 2 0 1 3144 3151 3146 1065
15674 4 2 0 1 2306 3668 4387 2244
15675 4 2 0 1 2306 1587 3668 2244
15676 4 2 0 1 1377 1415 2299 4380
15677 4 2 0 1 2179 975 2130 4260
15678 4 2 0 1 4211 2130 975 4260
15679 4 2 0 1 711 710 704 2792
15680 4 2 0 1 2791 2785 710 2792
15681 4 2 0 1 2785 704 710 2792
15682 4 2 0 1 2767 682 2764 2763
15683 4 2 0 1 1874 876 2921 3955
15684 4 2 0 1 1468 3551 3550 1470
15685 4 2 0 1 1155 3485 1295 1404
15686 4 2 0 1 3236 1295 3485 3376
15687 4 2 0 1 2326 1873 1874 3955
15688 4 2 0 1 1838 4459 4443 3919
15689 4 2 0 1 4459 2378 1838 4443
15690 4 2 0 1 4020 4219 3151 1070
15691 4 2 0 1 3485 1155 1295 3236
15692 4 2 0 1 4202 791 2121 4166
15693 4 2 0 1 3149 3148 3147 1067
15694 4 2 0 1 3507 2784 2183 4264
15695 4 2 0 1 1838 3919 4457 3917
15696 4 2 0 1 1415 1377 3458 4380
15697 4 2 0 1 3986 2196 2324 1905
15698 4 2 0 1 2196 3986 2324 4277
15699 4 2 0 1 1423 3505 2421 1424
15700 4 2 0 1 3144 3151 1065 1070
15701 4 2 0 1 3919 4443 1838 4457
15702 4 2 0 1 3504 2421 3505 4502
15703 4 2 0 1 4277 2324 1550 4405
15704 4 2 0 1 840 839 830 2920
15705 4 2 0 1 791 2121 2143 4224
15706 4 2 0 1 791 2121 4224 4202
15707 4 2 0 1 2872 4224 792 2873
15708 4 2 0 1 4224 791 792 2143
15709 4 2 0 1 4078 4503 3389 2422
15710 4 2 0 1 1555 2251 1556 3636
15711 4 2 0 1 3636 2251 1556 3637
15712 4 2 0 1 2921 2920 840 2911
15713 4 2 0 1 1070 1065 3144 1063
15714 4 2 0 1 1835 3915 3159 3916
15715 4 2 0 1 3637 3636 2251 4332
15716 4 2 0 1 3986 2324 1041 1905
15717 4 2 0 1 2784 1426 2183 703
15718 4 2 0 1 1426 2784 2183 3507
15719 4 2 0 1 4405 3986 1041 3122
15720 4 2 0 1 1064 3147 1067 1066
15721 4 2 0 1 3915 1078 1835 3159
15722 4 2 0 1 2378 1222 2362 4443
15723 4 2 0 1 1156 1412 4332 3237
15724 4 2 0 1 4237 3628 1549 3630
15725 4 2 0 1 2156 3628 1549 4237
15726 4 2 0 1 1098 3030 3179 947
15727 4 2 0 1 3144 4195 3151 1070
15728 4 2 0 1 1905 1904 1041 3986
15729 4 2 0 1 3986 1904 1041 3985
15730 4 2 0 1 2033 3179 947 1098
15731 4 2 0 1 3985 1041 3986 3122
15732 4 2 0 1 3146 1066 1064 1065
15733 4 2 0 1 679 682 2764 683
15734 4 2 0 1 2763 679 2764 2760
15735 4 2 0 1 4020 1939 1070 2114
15736 4 2 0 1 1222 4459 3303 4443
15737 4 2 0 1 1156 1412 2251 4332
15738 4 2 0 1 1066 3146 1064 3147
15739 4 2 0 1 4459 2183 1222 4264
15740 4 2 0 1 1070 3144 4195 1063
15741 4 2 0 1 2324 4277 3986 4405
15742 4 2 0 1 1295 3237 3236 1156
15743 4 2 0 1 679 2763 2764 682
15744 4 2 0 1 3916 3918 1836 3917
15745 4 2 0 1 3630 3397 1549 3631
15746 4 2 0 1 4459 4264 1222 3303
15747 4 2 0 1 1295 3237 3376 3236
15748 4 2 0 1 1572 2924 3653 4349
15749 4 2 0 1 1156 1295 1155 3236
15750 4 2 0 1 4020 3151 4195 1070
15751 4 2 0 1 3628 3397 1549 3630
15752 4 2 0 1 3985 1041 2785 1904
15753 4 2 0 1 1041 2785 1904 704
15754 4 2 0 1 1041 3985 2785 3122
15755 4 2 0 1 2872 791 4202 4166
15756 4 2 0 1 2085 2121 791 4166
15757 4 2 0 1 2792 2785 1904 3985
15758 4 2 0 1 1904 711 704 2792
15759 4 2 0 1 2785 1904 704 2792
15760 4 2 0 1 3148 3145 3147 1067
15761 4 2 0 1 4184 4195 3238 2103
15762 4 2 0 1 2326 4349 4407 3955
15763 4 2 0 1 3945 2324 2193 4274
15764 4 2 0 1 2103 4195 4020 4184
15765 4 2 0 1 4020 2103 1939 2114
15766 4 2 0 1 3790 1711 1709 3793
15767 4 2 0 1 1711 1712 1709 3793
15768 4 2 0 1 2921 1874 2911 840
15769 4 2 0 1 3986 2324 4405 1041
15770 4 2 0 1 1874 4349 2326 3955
15771 4 2 0 1 3055 974 953 951
15772 4 2 0 1 974 1974 3055 953
15773 4 2 0 1 3389 2422 3539 1308
15774 4 2 0 1 4503 2346 2422 1523
15775 4 2 0 1 4202 4224 791 2872
15776 4 2 0 1 791 4224 792 2872
15777 4 2 0 1 1065 3144 1064 3146
15778 4 2 0 1 3628 1861 2156 1547
15779 4 2 0 1 4459 3507 2183 4264
15780 4 2 0 1 2326 4349 3653 4407
15781 4 2 0 1 4349 1572 2326 3653
15782 4 2 0 1 4332 1412 4292 3493
15783 4 2 0 1 2251 4292 1412 2211
15784 4 2 0 1 1836 1835 3918 3916
15785 4 2 0 1 3942 2156 3628 1861
15786 4 2 0 1 710 4264 2784 2791
15787 4 2 0 1 1874 2921 2911 3955
15788 4 2 0 1 2183 2784 710 4264
15789 4 2 0 1 3631 1549 3944 1550
15790 4 2 0 1 1222 4459 4443 2378
15791 4 2 0 1 4387 632 2244 2713
15792 4 2 0 1 3945 4405 2324 4274
15793 4 2 0 1 978 678 2763 2759
15794 4 2 0 1 2114 1070 4195 1063
15795 4 2 0 1 2193 1864 2324 3945
15796 4 2 0 1 2873 793 2857 2874
15797 4 2 0 1 2183 4459 1222 2378
15798 4 2 0 1 1067 3145 2153 3148
15799 4 2 0 1 2763 3059 978 2759
15800 4 2 0 1 978 678 682 2763
15801 4 2 0 1 4325 2713 4387 2244
15802 4 2 0 1 2183 2378 1426 3507
15803 4 2 0 1 632 4387 2244 2306
15804 4 2 0 1 3144 1065 1064 1063
15805 4 2 0 1 2823 1078 4152 742
15806 4 2 0 1 3485 1404 1155 4166
15807 4 2 0 1 3496 3458 1415 3294
15808 4 2 0 1 3056 4098 2017 2760
15809 4 2 0 1 3056 2017 679 2760
15810 4 2 0 1 679 975 2017 3056
15811 4 2 0 1 4166 1155 3485 3236
15812 4 2 0 1 1458 1308 3539 2422
15813 4 2 0 1 2784 2183 710 703
15814 4 2 0 1 1070 4195 4020 2114
15815 4 2 0 1 3458 1213 1415 3294
15816 4 2 0 1 3078 3210 3203 997
15817 4 2 0 1 997 3210 3203 1129
15818 4 2 0 1 3083 3084 3085 1004
15819 4 2 0 1 3079 3078 3203 997
15820 4 2 0 1 998 3079 3203 997
15821 4 2 0 1 3084 1002 1004 3083
15822 4 2 0 1 3084 3083 3081 1002
15823 4 2 0 1 1000 3084 3081 1002
15824 4 2 0 1 830 840 2920 2911
15825 4 2 0 1 2422 3389 3539 4503
15826 4 2 0 1 4098 2764 2017 2760
15827 4 2 0 1 683 679 2017 2764
15828 4 2 0 1 2764 679 2017 2760
15829 4 2 0 1 1064 3147 3145 1067
15830 4 2 0 1 793 2873 2857 792
15831 4 2 0 1 1078 2823 4152 3159
15832 4 2 0 1 3485 2121 1404 4166
15833 4 2 0 1 2920 830 829 839
15834 4 2 0 1 3146 1064 3147 3145
15835 4 2 0 1 949 2265 3032 951
15836 4 2 0 1 3030 2265 3032 949
15837 4 2 0 1 1377 1213 1415 3458
15838 4 2 0 1 3944 1550 1549 1863
15839 4 2 0 1 2183 2378 3507 4459
15840 4 2 0 1 3942 2156 978 3059
15841 4 2 0 1 2103 4195 3238 2114
15842 4 2 0 1 2114 3238 2103 1157
15843 4 2 0 1 2857 2872 792 2873
15844 4 2 0 1 4332 1412 3493 3237
15845 4 2 0 1 2156 978 1861 3942
15846 4 2 0 1 4349 1874 2911 3955
15847 4 2 0 1 4195 2103 4020 2114
15848 4 2 0 1 791 2872 2857 2844
15849 4 2 0 1 4202 2121 3485 4166
15850 4 2 0 1 1572 843 2924 4349
15851 4 2 0 1 843 1572 2268 4349
15852 4 2 0 1 2156 3942 3628 4237
15853 4 2 0 1 3918 1838 1836 3917
15854 4 2 0 1 3148 4234 3145 2153
15855 4 2 0 1 4152 1835 3159 3916
15856 4 2 0 1 4349 1874 2326 2268
15857 4 2 0 1 710 703 704 2785
15858 4 2 0 1 2784 710 2791 2785
15859 4 2 0 1 1078 4152 1835 3159
15860 4 2 0 1 4274 4405 1041 3122
15861 4 2 0 1 1838 3918 4192 3919
15862 4 2 0 1 1874 2911 840 830
15863 4 2 0 1 3145 1067 2153 1064
15864 4 2 0 1 1549 3631 3944 3630
15865 4 2 0 1 1041 2193 2324 4274
15866 4 2 0 1 3144 3146 3145 1064
15867 4 2 0 1 1572 4349 2326 2268
15868 4 2 0 1 4502 2422 1523 4503
15869 4 2 0 1 2422 4502 1523 2421
15870 4 2 0 1 3458 2924 1213 3294
15871 4 2 0 1 2784 710 2785 703
15872 4 2 0 1 2085 1155 1404 4166
15873 4 2 0 1 2872 792 791 2857
15874 4 2 0 1 4405 1041 2324 4274
15875 4 2 0 1 1836 1835 1837 3918
15876 4 2 0 1 1377 2924 1213 3458
15877 4 2 0 1 1838 3918 3919 3917
15878 4 2 0 1 2085 1404 2121 4166
15879 4 2 0 1 3030 1098 2265 949
15880 4 2 0 1 3059 3942 2156 4237
15881 4 2 0 1 1377 3653 2924 3458
15882 4 2 0 1 1458 4326 3668 1587
15883 4 2 0 1 3653 1377 2924 1572
15884 4 2 0 1 1558 2211 1881 3639
15885 4 2 0 1 3962 3639 1881 4292
15886 4 2 0 1 2911 830 1874 4349
15887 4 2 0 1 3032 2265 3055 951
15888 4 2 0 1 2763 678 2760 2759
15889 4 2 0 1 2763 678 679 2760
15890 4 2 0 1 830 2920 829 2911
15891 4 2 0 1 830 2268 1874 4349
15892 4 2 0 1 2920 2910 829 2911
15893 4 2 0 1 678 679 682 2763
15894 4 2 0 1 3668 3539 4326 1458
15895 4 2 0 1 1587 1458 4326 2245
15896 4 2 0 1 3793 3790 1711 3792
15897 4 2 0 1 791 776 763 2857
15898 4 2 0 1 2857 763 791 2844
15899 4 2 0 1 2156 4169 4237 3946
15900 4 2 0 1 3496 1544 3294 1415
15901 4 2 0 1 1544 3496 3294 3625
15902 4 2 0 1 3637 2251 1556 4292
15903 4 2 0 1 1415 1544 3294 1213
15904 4 2 0 1 4332 2251 3637 4292
15905 4 2 0 1 3918 1838 4192 1837
15906 4 2 0 1 1837 2111 1838 4192
15907 4 2 0 1 4166 2844 2085 2843
15908 4 2 0 1 742 2071 1078 4152
15909 4 2 0 1 3236 764 1156 3237
15910 4 2 0 1 1098 3030 2265 3179
15911 4 2 0 1 2421 3505 1523 1424
15912 4 2 0 1 744 742 1078 2823
15913 4 2 0 1 764 1156 1155 3236
15914 4 2 0 1 776 792 793 2857
15915 4 2 0 1 1835 4152 3918 3916
15916 4 2 0 1 2421 3505 4502 1523
15917 4 2 0 1 2844 791 2872 4166
15918 4 2 0 1 2085 791 2844 4166
15919 4 2 0 1 2825 2823 1078 3159
15920 4 2 0 1 792 776 791 2857
15921 4 2 0 1 4427 4503 3604 2346
15922 4 2 0 1 2346 4503 3604 1523
15923 4 2 0 1 1837 1838 1836 3918
15924 4 2 0 1 4152 1078 1835 2071
15925 4 2 0 1 2924 1377 1213 843
15926 4 2 0 1 2111 2378 1838 4459
15927 4 2 0 1 4459 1838 4192 3919
15928 4 2 0 1 843 1377 1572 2924
15929 4 2 0 1 2265 974 3055 951
15930 4 2 0 1 2211 1881 3639 4292
15931 4 2 0 1 699 4274 1041 2780
15932 4 2 0 1 2780 4274 1041 3122
15933 4 2 0 1 703 704 2785 2780
15934 4 2 0 1 704 703 699 2780
15935 4 2 0 1 4274 699 1041 2193
15936 4 2 0 1 2085 763 762 2843
15937 4 2 0 1 764 3236 2845 3237
15938 4 2 0 1 1129 3203 997 1122
15939 4 2 0 1 3203 998 997 1122
15940 4 2 0 1 1002 3084 1004 1003
15941 4 2 0 1 1002 1000 3084 1003
15942 4 2 0 1 2251 2211 1556 4292
15943 4 2 0 1 703 2785 2784 2780
15944 4 2 0 1 763 2085 2844 2843
15945 4 2 0 1 2265 3030 3032 4346
15946 4 2 0 1 2085 791 763 2844
15947 4 2 0 1 1556 3639 3637 4292
15948 4 2 0 1 1558 1556 2211 3639
15949 4 2 0 1 1837 1835 2071 3918
15950 4 2 0 1 4503 4502 3604 1523
15951 4 2 0 1 4192 2111 1838 4459
15952 4 2 0 1 2378 3507 2111 1426
15953 4 2 0 1 4326 4325 3668 2244
15954 4 2 0 1 1587 4326 3668 2244
15955 4 2 0 1 4152 1835 3918 2071
15956 4 2 0 1 3236 4166 1155 2843
15957 4 2 0 1 3030 3179 4346 2265
15958 4 2 0 1 3507 2378 2111 4459
15959 4 2 0 1 2244 1587 4326 2245
15960 4 2 0 1 675 2756 2760 2759
15961 4 2 0 1 2760 678 675 2759
15962 4 2 0 1 675 679 678 2760
15963 4 2 0 1 2088 2156 1865 3946
15964 4 2 0 1 2156 2088 4169 3946
15965 4 2 0 1 2265 3032 3055 4346
15966 4 2 0 1 703 2779 1426 698
15967 4 2 0 1 2779 2784 1426 3507
15968 4 2 0 1 703 2779 2784 1426
15969 4 2 0 1 3639 1556 2211 4292
15970 4 2 0 1 3505 3604 4502 1523
15971 4 2 0 1 1155 2843 764 3236
15972 4 2 0 1 1157 2105 3238 2253
15973 4 2 0 1 4166 2085 1155 2843
15974 4 2 0 1 4058 1227 1069 1977
15975 4 2 0 1 3308 3150 4058 1069
15976 4 2 0 1 4326 2244 628 4325
15977 4 2 0 1 2153 3145 1062 4234
15978 4 2 0 1 628 4325 2709 4326
15979 4 2 0 1 2111 4192 3507 4459
15980 4 2 0 1 3925 1937 4018 4468
15981 4 2 0 1 704 1041 2785 2780
15982 4 2 0 1 1041 704 699 2780
15983 4 2 0 1 1041 2785 2780 3122
15984 4 2 0 1 2244 4326 628 2245
15985 4 2 0 1 3145 2153 1062 1064
15986 4 2 0 1 1067 3150 3308 1069
15987 4 2 0 1 2346 1458 3539 2422
15988 4 2 0 1 2823 1078 744 2825
15989 4 2 0 1 2346 3539 4503 2422
15990 4 2 0 1 3308 1067 2153 3148
15991 4 2 0 1 2843 764 3236 2845
15992 4 2 0 1 3505 1521 1523 1424
15993 4 2 0 1 762 1155 2085 2843
15994 4 2 0 1 2063 2857 2874 4144
15995 4 2 0 1 1980 4059 4061 1979
15996 4 2 0 1 4059 4060 4061 1979
15997 4 2 0 1 4059 4058 4060 1979
15998 4 2 0 1 4058 1978 1977 1979
15999 4 2 0 1 3150 1067 3308 3148
16000 4 2 0 1 1412 1156 764 3237
16001 4 2 0 1 3308 4234 3148 2153
16002 4 2 0 1 3784 1705 3785 3786
16003 4 2 0 1 2856 763 2844 2837
16004 4 2 0 1 663 3238 1061 1157
16005 4 2 0 1 3166 4157 2111 4192
16006 4 2 0 1 2857 793 2063 2874
16007 4 2 0 1 1704 1703 1705 3785
16008 4 2 0 1 2843 1155 764 762
16009 4 2 0 1 4334 2105 3238 4186
16010 4 2 0 1 4334 2105 2253 3238
16011 4 2 0 1 2845 1412 764 3237
16012 4 2 0 1 3915 1566 4083 3647
16013 4 2 0 1 2002 1834 1566 3915
16014 4 2 0 1 2909 830 829 2911
16015 4 2 0 1 3166 1837 2071 3918
16016 4 2 0 1 2114 3238 1061 4195
16017 4 2 0 1 3238 2114 1061 1157
16018 4 2 0 1 829 2910 2909 2911
16019 4 2 0 1 4083 2002 1566 3915
16020 4 2 0 1 3493 1412 2845 3237
16021 4 2 0 1 1711 1709 1710 3790
16022 4 2 0 1 3918 2071 3166 4152
16023 4 2 0 1 3059 2156 978 4169
16024 4 2 0 1 3144 3142 4195 1063
16025 4 2 0 1 1837 3166 4192 3918
16026 4 2 0 1 3166 2111 1837 4192
16027 4 2 0 1 763 2857 2856 2844
16028 4 2 0 1 2857 763 2856 776
16029 4 2 0 1 3644 1563 1564 3987
16030 4 2 0 1 3644 1564 3645 3987
16031 4 2 0 1 1061 2114 4195 1063
16032 4 2 0 1 2759 978 678 4169
16033 4 2 0 1 2756 3056 675 2760
16034 4 2 0 1 3056 679 675 2760
16035 4 2 0 1 975 679 675 3056
16036 4 2 0 1 3925 3924 1373 3454
16037 4 2 0 1 3924 1844 1373 1843
16038 4 2 0 1 1937 1843 1844 3924
16039 4 2 0 1 1937 4018 3924 3925
16040 4 2 0 1 3238 4184 2103 2253
16041 4 2 0 1 2759 3059 978 4169
16042 4 2 0 1 4503 4427 3539 2346
16043 4 2 0 1 4169 3059 2156 4237
16044 4 2 0 1 3604 1521 1775 1523
16045 4 2 0 1 1906 1564 1563 3987
16046 4 2 0 1 2924 827 828 843
16047 4 2 0 1 703 2780 2779 699
16048 4 2 0 1 699 2779 703 698
16049 4 2 0 1 4131 2825 1078 3159
16050 4 2 0 1 1521 3604 3505 1523
16051 4 2 0 1 2190 4271 3056 2756
16052 4 2 0 1 1775 1776 4427 2346
16053 4 2 0 1 3987 1564 3645 4083
16054 4 2 0 1 3056 675 2190 2756
16055 4 2 0 1 2190 975 675 3056
16056 4 2 0 1 2924 843 828 4349
16057 4 2 0 1 843 2268 828 4349
16058 4 2 0 1 776 793 2063 2857
16059 4 2 0 1 830 2909 4349 2911
16060 4 2 0 1 2268 830 828 4349
16061 4 2 0 1 2780 703 2779 2784
16062 4 2 0 1 2002 1564 1906 4083
16063 4 2 0 1 3987 1906 1564 4083
16064 4 2 0 1 3238 2103 1157 2253
16065 4 2 0 1 3645 1564 1566 4083
16066 4 2 0 1 1566 3645 4083 3647
16067 4 2 0 1 3790 1710 1711 3792
16068 4 2 0 1 3783 1704 1703 1702
16069 4 2 0 1 664 4186 2105 3497
16070 4 2 0 1 4258 1412 4292 2177
16071 4 2 0 1 2002 1566 1564 4083
16072 4 2 0 1 1775 3602 1521 3604
16073 4 2 0 1 2190 4271 4211 3056
16074 4 2 0 1 4211 975 2190 3056
16075 4 2 0 1 3785 1703 3783 1704
16076 4 2 0 1 2190 2130 975 4211
16077 4 2 0 1 3604 1521 3505 3602
16078 4 2 0 1 1712 1711 3794 3793
16079 4 2 0 1 3782 1702 1703 1701
16080 4 2 0 1 1703 3783 1702 3782
16081 4 2 0 1 1412 4258 4292 3493
16082 4 2 0 1 1412 4292 2177 2211
16083 4 2 0 1 4184 4334 3657 1576
16084 4 2 0 1 1775 4427 3604 2346
16085 4 2 0 1 2346 3604 1775 1523
16086 4 2 0 1 1576 2103 4184 2253
16087 4 2 0 1 2111 1085 2076 4157
16088 4 2 0 1 4157 2111 1085 3166
16089 4 2 0 1 2156 2088 978 4169
16090 4 2 0 1 4184 3238 4334 2253
16091 4 2 0 1 775 756 763 2837
16092 4 2 0 1 2856 763 2837 775
16093 4 2 0 1 4480 2386 3557 4467
16094 4 2 0 1 2386 1476 2399 3557
16095 4 2 0 1 1476 1262 2399 3343
16096 4 2 0 1 3557 1476 2399 3343
16097 4 2 0 1 1085 1837 2071 3166
16098 4 2 0 1 3143 3145 4234 1062
16099 4 2 0 1 3193 3192 3219 1112
16100 4 2 0 1 1112 3192 3219 1111
16101 4 2 0 1 978 2088 678 4169
16102 4 2 0 1 755 762 756 2843
16103 4 2 0 1 2050 2825 1078 4131
16104 4 2 0 1 2825 2050 1078 744
16105 4 2 0 1 675 678 674 2755
16106 4 2 0 1 675 2756 2759 2755
16107 4 2 0 1 678 675 2759 2755
16108 4 2 0 1 2111 3166 1837 1085
16109 4 2 0 1 1775 3602 3604 3856
16110 4 2 0 1 3793 1711 3794 3792
16111 4 2 0 1 2755 2088 678 674
16112 4 2 0 1 2755 2759 678 4169
16113 4 2 0 1 1776 4427 3856 1775
16114 4 2 0 1 3857 4427 3856 1776
16115 4 2 0 1 1227 4058 1069 3308
16116 4 2 0 1 1067 3308 2153 1227
16117 4 2 0 1 3806 1722 3803 3802
16118 4 2 0 1 776 763 2856 775
16119 4 2 0 1 1227 1067 3308 1069
16120 4 2 0 1 4184 4334 1576 2253
16121 4 2 0 1 1563 3644 4257 3987
16122 4 2 0 1 4058 1978 1227 1977
16123 4 2 0 1 1130 1131 1249 3212
16124 4 2 0 1 3330 1130 3212 3211
16125 4 2 0 1 1465 1946 1947 3546
16126 4 2 0 1 1946 3377 3546 1296
16127 4 2 0 1 4027 1947 3546 4028
16128 4 2 0 1 1946 1465 1296 3546
16129 4 2 0 1 2843 756 763 762
16130 4 2 0 1 2176 1906 1563 4257
16131 4 2 0 1 4257 1906 1563 3987
16132 4 2 0 1 2844 2837 763 2843
16133 4 2 0 1 3238 663 1061 2744
16134 4 2 0 1 3142 2744 3238 1061
16135 4 2 0 1 4427 1775 3604 3856
16136 4 2 0 1 1863 3946 3944 3295
16137 4 2 0 1 3785 1703 1705 3784
16138 4 2 0 1 829 828 830 2909
16139 4 2 0 1 3238 1061 4195 3142
16140 4 2 0 1 4059 1980 1978 1979
16141 4 2 0 1 4058 4059 1978 1979
16142 4 2 0 1 4106 1865 3295 3946
16143 4 2 0 1 3790 3791 1710 3792
16144 4 2 0 1 3142 3144 3143 1063
16145 4 2 0 1 2130 4327 2190 2246
16146 4 2 0 1 3806 1721 1722 3802
16147 4 2 0 1 4271 4327 2190 4211
16148 4 2 0 1 1061 4195 3142 1063
16149 4 2 0 1 4327 2130 2190 4211
16150 4 2 0 1 2908 2924 828 2909
16151 4 2 0 1 2088 2755 678 4169
16152 4 2 0 1 2909 2924 828 4349
16153 4 2 0 1 4144 2063 2857 2856
16154 4 2 0 1 1834 2002 4131 3915
16155 4 2 0 1 4326 4427 3857 2245
16156 4 2 0 1 2387 1937 1844 4468
16157 4 2 0 1 3925 1844 1937 4468
16158 4 2 0 1 2885 2101 4038 804
16159 4 2 0 1 2101 804 1957 4038
16160 4 2 0 1 2909 830 4349 828
16161 4 2 0 1 4083 4131 2002 3915
16162 4 2 0 1 698 1426 2076 2779
16163 4 2 0 1 4113 4112 2386 4467
16164 4 2 0 1 4113 2031 2386 4112
16165 4 2 0 1 2031 3020 4113 939
16166 4 2 0 1 3020 2031 4113 4112
16167 4 2 0 1 4157 2779 1426 3507
16168 4 2 0 1 2843 756 755 2836
16169 4 2 0 1 3071 1034 1025 990
16170 4 2 0 1 3115 3106 3071 1025
16171 4 2 0 1 1034 1170 3251 1169
16172 4 2 0 1 1025 3250 3115 3106
16173 4 2 0 1 1025 3250 1169 3115
16174 4 2 0 1 3115 1169 3251 3250
16175 4 2 0 1 2246 4327 4334 3657
16176 4 2 0 1 2843 2837 756 2836
16177 4 2 0 1 1426 2111 4157 3507
16178 4 2 0 1 4334 2246 3657 1576
16179 4 2 0 1 1709 3788 1710 3790
16180 4 2 0 1 1863 1865 3946 3295
16181 4 2 0 1 3192 3220 3219 1111
16182 4 2 0 1 827 2924 828 2908
16183 4 2 0 1 1703 3785 3783 3784
16184 4 2 0 1 3294 1544 3625 2101
16185 4 2 0 1 3294 1544 2101 1213
16186 4 2 0 1 699 2780 2779 2771
16187 4 2 0 1 698 699 2779 2771
16188 4 2 0 1 699 698 690 2771
16189 4 2 0 1 2101 2885 4038 4182
16190 4 2 0 1 1703 3783 3782 3784
16191 4 2 0 1 2823 740 742 4152
16192 4 2 0 1 2101 1213 827 3294
16193 4 2 0 1 4192 4157 2111 3507
16194 4 2 0 1 2857 2063 776 2856
16195 4 2 0 1 2346 1776 4427 2245
16196 4 2 0 1 3497 664 1416 2105
16197 4 2 0 1 664 4186 3497 2745
16198 4 2 0 1 756 2843 763 2837
16199 4 2 0 1 1844 3924 1373 3925
16200 4 2 0 1 3924 1844 1937 3925
16201 4 2 0 1 740 3166 689 1085
16202 4 2 0 1 4158 764 2836 2845
16203 4 2 0 1 3166 2071 740 4152
16204 4 2 0 1 2025 3295 1865 1214
16205 4 2 0 1 1865 4106 3295 2025
16206 4 2 0 1 4257 1563 3962 3644
16207 4 2 0 1 1563 1881 2176 3962
16208 4 2 0 1 4327 2246 2130 3657
16209 4 2 0 1 1112 1196 3193 1423
16210 4 2 0 1 3193 3277 3504 1423
16211 4 2 0 1 3657 2246 2130 1576
16212 4 2 0 1 1834 2002 2050 4131
16213 4 2 0 1 4211 4327 2130 3657
16214 4 2 0 1 1563 4257 3962 2176
16215 4 2 0 1 4182 3625 2101 3294
16216 4 2 0 1 3277 1423 3505 3504
16217 4 2 0 1 2071 742 740 4152
16218 4 2 0 1 1576 4334 2246 2253
16219 4 2 0 1 1500 3538 3581 1590
16220 4 2 0 1 1590 1500 3538 1457
16221 4 2 0 1 1590 3538 2355 1457
16222 4 2 0 1 2367 4436 3671 4448
16223 4 2 0 1 3538 4436 3671 2355
16224 4 2 0 1 4436 2367 3671 2355
16225 4 2 0 1 1712 1711 1713 3794
16226 4 2 0 1 2924 827 1213 3294
16227 4 2 0 1 1196 3505 1423 1424
16228 4 2 0 1 2101 4182 3294 2908
16229 4 2 0 1 4058 4059 3308 1227
16230 4 2 0 1 1078 1834 4131 3915
16231 4 2 0 1 2836 2077 764 4158
16232 4 2 0 1 3915 4131 1078 3159
16233 4 2 0 1 3002 2387 893 921
16234 4 2 0 1 4468 3002 893 2974
16235 4 2 0 1 4018 875 4468 1937
16236 4 2 0 1 875 4018 4468 2956
16237 4 2 0 1 624 3856 3855 1775
16238 4 2 0 1 4106 2088 1865 3946
16239 4 2 0 1 2088 4106 4169 3946
16240 4 2 0 1 4326 628 3857 2709
16241 4 2 0 1 1865 1863 1214 3295
16242 4 2 0 1 843 827 1213 2924
16243 4 2 0 1 3143 1061 1063 1062
16244 4 2 0 1 628 4326 3857 2245
16245 4 2 0 1 4059 4058 1978 1227
16246 4 2 0 1 2176 1881 2177 3962
16247 4 2 0 1 1721 3806 1722 1725
16248 4 2 0 1 1776 3857 4427 2245
16249 4 2 0 1 2088 674 2755 4106
16250 4 2 0 1 2779 1426 2076 4157
16251 4 2 0 1 4258 2176 3962 4257
16252 4 2 0 1 1701 3780 1702 1699
16253 4 2 0 1 1373 1221 2008 3454
16254 4 2 0 1 1702 3782 3780 1701
16255 4 2 0 1 3782 1702 3780 3783
16256 4 2 0 1 1426 2111 2076 4157
16257 4 2 0 1 2176 4258 3962 2177
16258 4 2 0 1 2071 3166 740 1085
16259 4 2 0 1 2836 764 2843 2845
16260 4 2 0 1 1061 3143 1063 3142
16261 4 2 0 1 2063 775 776 2856
16262 4 2 0 1 1139 3219 3220 1111
16263 4 2 0 1 3962 1881 2177 4292
16264 4 2 0 1 2843 764 755 762
16265 4 2 0 1 4186 663 661 2105
16266 4 2 0 1 1078 1834 2050 4131
16267 4 2 0 1 1710 3788 3791 3790
16268 4 2 0 1 2077 2836 764 755
16269 4 2 0 1 2177 3962 4292 4258
16270 4 2 0 1 675 674 673 2754
16271 4 2 0 1 2755 675 2754 674
16272 4 2 0 1 675 2755 2754 2756
16273 4 2 0 1 2386 4480 3557 2399
16274 4 2 0 1 4480 3557 2399 3343
16275 4 2 0 1 3219 1112 1111 1138
16276 4 2 0 1 1881 2211 2177 4292
16277 4 2 0 1 1214 2062 676 3295
16278 4 2 0 1 4186 2742 661 2744
16279 4 2 0 1 4106 2755 2088 4169
16280 4 2 0 1 3238 663 2105 1157
16281 4 2 0 1 676 671 1214 3295
16282 4 2 0 1 2025 2088 1865 4106
16283 4 2 0 1 3497 2105 4334 4186
16284 4 2 0 1 1416 4334 2105 2253
16285 4 2 0 1 4158 1412 764 2845
16286 4 2 0 1 3300 1373 1221 1219
16287 4 2 0 1 1373 3300 1221 3454
16288 4 2 0 1 1221 1219 1220 3301
16289 4 2 0 1 3301 1221 1219 3300
16290 4 2 0 1 3301 3347 1266 3302
16291 4 2 0 1 1266 1221 1220 3301
16292 4 2 0 1 4186 3238 663 2105
16293 4 2 0 1 2845 4158 1412 3493
16294 4 2 0 1 3036 958 955 1079
16295 4 2 0 1 3039 1079 958 3036
16296 4 2 0 1 1079 955 3036 1974
16297 4 2 0 1 1079 3036 4055 1974
16298 4 2 0 1 1776 628 3857 2245
16299 4 2 0 1 3788 1709 1710 1707
16300 4 2 0 1 1416 4327 4334 2246
16301 4 2 0 1 3294 827 2101 2908
16302 4 2 0 1 2836 764 755 2843
16303 4 2 0 1 3295 2062 676 4143
16304 4 2 0 1 1130 3330 3212 1249
16305 4 2 0 1 3546 1946 1947 4027
16306 4 2 0 1 3377 1946 3546 4027
16307 4 2 0 1 764 2077 1412 4158
16308 4 2 0 1 4480 4113 2386 4467
16309 4 2 0 1 689 2770 3166 2821
16310 4 2 0 1 3166 740 689 2821
16311 4 2 0 1 3602 1774 1775 1521
16312 4 2 0 1 4186 661 663 2744
16313 4 2 0 1 3784 1706 1705 3786
16314 4 2 0 1 674 2088 2025 4106
16315 4 2 0 1 3295 3944 1863 4143
16316 4 2 0 1 3508 4234 2153 1062
16317 4 2 0 1 2924 827 3294 2908
16318 4 2 0 1 1111 1139 3219 1138
16319 4 2 0 1 2101 3625 4038 1544
16320 4 2 0 1 1544 4038 2101 1957
16321 4 2 0 1 4186 661 664 2105
16322 4 2 0 1 1416 2246 4334 2253
16323 4 2 0 1 2387 3002 893 4468
16324 4 2 0 1 2387 875 1937 4468
16325 4 2 0 1 1775 3855 3602 3856
16326 4 2 0 1 2742 664 4186 661
16327 4 2 0 1 1707 1705 1706 3786
16328 4 2 0 1 4252 3308 2153 4234
16329 4 2 0 1 699 4274 2780 2771
16330 4 2 0 1 690 4274 699 2771
16331 4 2 0 1 4274 690 699 2193
16332 4 2 0 1 3219 1112 1196 3193
16333 4 2 0 1 663 3238 4186 2744
16334 4 2 0 1 3625 2101 4038 4182
16335 4 2 0 1 2094 4175 4174 2109
16336 4 2 0 1 4174 2094 2109 2093
16337 4 2 0 1 1980 4174 2109 2093
16338 4 2 0 1 2109 4061 4174 1980
16339 4 2 0 1 2821 3166 740 4152
16340 4 2 0 1 2177 1412 2077 4258
16341 4 2 0 1 3493 4158 1412 4258
16342 4 2 0 1 2031 4113 2386 2032
16343 4 2 0 1 2032 939 2031 4113
16344 4 2 0 1 893 4468 2974 2956
16345 4 2 0 1 875 4468 893 2956
16346 4 2 0 1 2823 2821 740 4152
16347 4 2 0 1 689 688 2076 4157
16348 4 2 0 1 4252 3308 4059 1227
16349 4 2 0 1 4334 1416 2105 3497
16350 4 2 0 1 4157 1085 689 3166
16351 4 2 0 1 2076 1085 689 4157
16352 4 2 0 1 1034 3071 1025 3115
16353 4 2 0 1 3115 1034 1169 1025
16354 4 2 0 1 1169 3115 3251 1034
16355 4 2 0 1 3481 3461 3429 1348
16356 4 2 0 1 1857 3461 3481 1380
16357 4 2 0 1 1380 3481 1348 3461
16358 4 2 0 1 3938 3461 3481 1857
16359 4 2 0 1 4252 1978 1227 4059
16360 4 2 0 1 4158 2077 1412 4258
16361 4 2 0 1 4234 3508 3143 1062
16362 4 2 0 1 2010 3786 3785 1705
16363 4 2 0 1 3786 2010 3785 4091
16364 4 2 0 1 4157 688 2769 2770
16365 4 2 0 1 1703 3782 1701 2370
16366 4 2 0 1 4067 4274 690 2771
16367 4 2 0 1 4274 690 2193 4067
16368 4 2 0 1 2010 1704 1705 3785
16369 4 2 0 1 3111 3112 3089 1031
16370 4 2 0 1 3089 1030 1031 1008
16371 4 2 0 1 1006 1030 3089 1008
16372 4 2 0 1 3087 1030 3089 1006
16373 4 2 0 1 690 1986 2193 4067
16374 4 2 0 1 3295 2062 1863 1214
16375 4 2 0 1 1703 1706 1705 3784
16376 4 2 0 1 652 4175 2094 2109
16377 4 2 0 1 4252 1227 2153 3308
16378 4 2 0 1 2771 2779 698 2769
16379 4 2 0 1 688 690 698 2771
16380 4 2 0 1 1125 3085 3084 1004
16381 4 2 0 1 2050 2831 2827 4131
16382 4 2 0 1 664 2742 4186 2745
16383 4 2 0 1 676 3295 4143 2757
16384 4 2 0 1 2709 2706 628 3857
16385 4 2 0 1 3945 2193 4067 4274
16386 4 2 0 1 1416 4327 3497 4334
16387 4 2 0 1 675 673 2190 2754
16388 4 2 0 1 3277 3193 1196 1423
16389 4 2 0 1 2190 4271 2756 2754
16390 4 2 0 1 2193 3945 4067 1864
16391 4 2 0 1 4143 1863 1864 3945
16392 4 2 0 1 4143 3944 1863 3945
16393 4 2 0 1 2756 675 2190 2754
16394 4 2 0 1 671 2757 3295 676
16395 4 2 0 1 2757 671 3295 2752
16396 4 2 0 1 1864 2193 1986 4067
16397 4 2 0 1 3855 624 1775 1774
16398 4 2 0 1 624 3856 2705 3855
16399 4 2 0 1 3505 1196 1423 3277
16400 4 2 0 1 2062 3295 1863 4143
16401 4 2 0 1 3538 3671 3581 1590
16402 4 2 0 1 3538 1590 2355 3671
16403 4 2 0 1 3671 2367 1590 2355
16404 4 2 0 1 652 4190 2733 4175
16405 4 2 0 1 3084 1003 1125 1004
16406 4 2 0 1 2386 2399 2032 4480
16407 4 2 0 1 3787 1707 3786 3788
16408 4 2 0 1 625 3857 628 2706
16409 4 2 0 1 2744 660 663 3141
16410 4 2 0 1 3782 1703 3784 2370
16411 4 2 0 1 4468 875 893 2387
16412 4 2 0 1 3819 3802 1721 3806
16413 4 2 0 1 689 688 4157 2770
16414 4 2 0 1 624 625 2706 3857
16415 4 2 0 1 2770 4157 689 3166
16416 4 2 0 1 1112 3219 1196 1138
16417 4 2 0 1 3857 625 628 1776
16418 4 2 0 1 4327 1965 1416 4046
16419 4 2 0 1 663 3141 1061 2744
16420 4 2 0 1 3142 3141 2744 1061
16421 4 2 0 1 1965 4327 1416 2246
16422 4 2 0 1 1864 4143 3945 4067
16423 4 2 0 1 2062 1864 1986 4067
16424 4 2 0 1 3856 1776 624 3857
16425 4 2 0 1 1776 3856 624 1775
16426 4 2 0 1 755 2835 753 2836
16427 4 2 0 1 3141 1062 1061 3143
16428 4 2 0 1 2771 698 688 2769
16429 4 2 0 1 1093 2177 2077 4258
16430 4 2 0 1 4113 2386 2032 4480
16431 4 2 0 1 2752 2751 2025 4106
16432 4 2 0 1 624 625 3857 1776
16433 4 2 0 1 2025 2752 4106 3295
16434 4 2 0 1 671 3295 2025 1214
16435 4 2 0 1 1061 3141 3143 3142
16436 4 2 0 1 1110 3192 986 1111
16437 4 2 0 1 985 3066 3067 1110
16438 4 2 0 1 986 3067 3192 1110
16439 4 2 0 1 986 985 3067 1110
16440 4 2 0 1 4158 1093 2077 4258
16441 4 2 0 1 1922 3065 4003 3188
16442 4 2 0 1 1107 984 1922 3188
16443 4 2 0 1 3065 1922 984 3188
16444 4 2 0 1 918 921 1922 4003
16445 4 2 0 1 918 4003 2999 3002
16446 4 2 0 1 4003 918 921 3002
16447 4 2 0 1 827 826 817 2908
16448 4 2 0 1 2751 2755 674 4106
16449 4 2 0 1 2025 671 670 2751
16450 4 2 0 1 3855 1775 3602 1774
16451 4 2 0 1 1738 1721 1725 3806
16452 4 2 0 1 3188 2023 1025 4104
16453 4 2 0 1 4104 1025 3188 3106
16454 4 2 0 1 2023 3188 1025 1107
16455 4 2 0 1 1864 2062 1863 4143
16456 4 2 0 1 3302 2008 1221 3454
16457 4 2 0 1 2835 755 756 2836
16458 4 2 0 1 2837 2835 756 2836
16459 4 2 0 1 1706 3784 3787 3786
16460 4 2 0 1 3143 3508 3141 1062
16461 4 2 0 1 2002 2831 4131 4083
16462 4 2 0 1 1981 4059 4061 1980
16463 4 2 0 1 4258 4158 1093 3174
16464 4 2 0 1 1196 3219 3193 3277
16465 4 2 0 1 2754 670 674 673
16466 4 2 0 1 674 2754 2755 2751
16467 4 2 0 1 2008 3302 4089 3454
16468 4 2 0 1 750 2827 2050 2831
16469 4 2 0 1 2827 750 2050 746
16470 4 2 0 1 1707 3787 3786 1706
16471 4 2 0 1 1062 2153 3508 1427
16472 4 2 0 1 2831 2050 2002 4131
16473 4 2 0 1 4230 1710 3788 3791
16474 4 2 0 1 3302 1221 3300 3454
16475 4 2 0 1 3300 3301 1221 3302
16476 4 2 0 1 1266 1221 3301 3302
16477 4 2 0 1 3039 1079 3036 3160
16478 4 2 0 1 4055 3160 3036 1079
16479 4 2 0 1 1864 2062 4143 4067
16480 4 2 0 1 4327 4046 1416 3497
16481 4 2 0 1 2835 755 753 754
16482 4 2 0 1 2836 2835 753 2834
16483 4 2 0 1 2751 674 2025 4106
16484 4 2 0 1 3784 1703 1706 2370
16485 4 2 0 1 2149 3788 1710 1707
16486 4 2 0 1 1980 1981 4059 1978
16487 4 2 0 1 1978 4252 1227 2171
16488 4 2 0 1 2025 670 674 2751
16489 4 2 0 1 2751 2025 671 2752
16490 4 2 0 1 828 2907 2908 2909
16491 4 2 0 1 755 756 754 2835
16492 4 2 0 1 3295 671 2025 2752
16493 4 2 0 1 2002 1906 2831 4083
16494 4 2 0 1 2831 1906 3987 4083
16495 4 2 0 1 2908 826 828 827
16496 4 2 0 1 1227 4252 2153 2171
16497 4 2 0 1 670 2754 674 2751
16498 4 2 0 1 2836 753 2077 4158
16499 4 2 0 1 4046 4327 1965 4271
16500 4 2 0 1 2190 4327 1965 2246
16501 4 2 0 1 3856 3857 624 2705
16502 4 2 0 1 4327 2190 1965 4271
16503 4 2 0 1 2153 4252 4234 3508
16504 4 2 0 1 2050 2827 2825 4131
16505 4 2 0 1 2050 746 744 2825
16506 4 2 0 1 624 2706 2705 3857
16507 4 2 0 1 4190 4174 4175 2109
16508 4 2 0 1 4190 4061 4174 2109
16509 4 2 0 1 2077 755 753 2836
16510 4 2 0 1 2741 660 2744 3141
16511 4 2 0 1 3141 660 663 1060
16512 4 2 0 1 2910 2907 829 2909
16513 4 2 0 1 4257 4258 2176 3174
16514 4 2 0 1 1093 4258 2176 2177
16515 4 2 0 1 2050 2002 750 2831
16516 4 2 0 1 1060 1062 3508 1427
16517 4 2 0 1 2062 680 676 2761
16518 4 2 0 1 3141 663 1061 1060
16519 4 2 0 1 4175 652 4190 2109
16520 4 2 0 1 3481 1380 1348 1400
16521 4 2 0 1 3481 1857 1380 1400
16522 4 2 0 1 3787 3784 1706 2370
16523 4 2 0 1 1062 3141 1061 1060
16524 4 2 0 1 3784 4451 3782 2370
16525 4 2 0 1 3089 1030 3111 1031
16526 4 2 0 1 1030 3087 3089 3111
16527 4 2 0 1 2907 828 829 2909
16528 4 2 0 1 1721 1738 3819 3806
16529 4 2 0 1 4258 1093 2176 3174
16530 4 2 0 1 3925 1373 2008 3454
16531 4 2 0 1 3084 3206 3085 1125
16532 4 2 0 1 3508 3141 1062 1060
16533 4 2 0 1 1981 4061 2109 1980
16534 4 2 0 1 4158 2836 753 2834
16535 4 2 0 1 2149 1707 3787 3788
16536 4 2 0 1 2827 2050 2825 746
16537 4 2 0 1 2002 1906 750 2831
16538 4 2 0 1 4143 676 2761 2062
16539 4 2 0 1 1981 4252 4059 1978
16540 4 2 0 1 1715 3794 1716 3796
16541 4 2 0 1 664 2747 3497 666
16542 4 2 0 1 1844 1373 2008 3925
16543 4 2 0 1 2765 690 688 2771
16544 4 2 0 1 803 2172 793 2884
16545 4 2 0 1 2874 2172 2884 793
16546 4 2 0 1 690 2765 688 684
16547 4 2 0 1 2874 2172 4253 2884
16548 4 2 0 1 3784 3787 4451 2370
16549 4 2 0 1 2744 2742 661 2741
16550 4 2 0 1 2149 1707 1706 3787
16551 4 2 0 1 1427 4252 2153 3508
16552 4 2 0 1 3362 1281 1353 1258
16553 4 2 0 1 3434 3362 1353 1258
16554 4 2 0 1 3362 1129 1281 1258
16555 4 2 0 1 1129 3339 3362 3210
16556 4 2 0 1 753 4158 1093 2077
16557 4 2 0 1 676 4143 2761 2757
16558 4 2 0 1 3210 3339 3203 1129
16559 4 2 0 1 2744 660 661 663
16560 4 2 0 1 4257 2176 2175 3174
16561 4 2 0 1 2172 2064 2063 4144
16562 4 2 0 1 2765 2771 688 2769
16563 4 2 0 1 2834 1093 4158 3174
16564 4 2 0 1 1258 3203 1129 1122
16565 4 2 0 1 2747 664 3497 2745
16566 4 2 0 1 1416 666 664 3497
16567 4 2 0 1 2172 4145 4144 4253
16568 4 2 0 1 1736 1711 1710 3792
16569 4 2 0 1 4062 4059 4061 1981
16570 4 2 0 1 4252 1427 2153 2171
16571 4 2 0 1 3067 3191 3192 1110
16572 4 2 0 1 3066 3191 3067 1110
16573 4 2 0 1 826 2908 2907 2898
16574 4 2 0 1 2908 826 817 2898
16575 4 2 0 1 2175 4257 3174 4256
16576 4 2 0 1 2176 1093 2175 3174
16577 4 2 0 1 3220 3275 3219 1139
16578 4 2 0 1 4003 918 3065 1922
16579 4 2 0 1 918 1922 984 3065
16580 4 2 0 1 918 4003 3065 2999
16581 4 2 0 1 3791 1736 1710 3792
16582 4 2 0 1 2023 3250 1025 4104
16583 4 2 0 1 4104 3250 1025 3106
16584 4 2 0 1 3250 2023 1025 1169
16585 4 2 0 1 3788 2149 1710 4230
16586 4 2 0 1 1978 1981 4252 2171
16587 4 2 0 1 2062 1986 680 2761
16588 4 2 0 1 4158 753 1093 2834
16589 4 2 0 1 2062 1986 2761 4067
16590 4 2 0 1 3797 3796 1716 3794
16591 4 2 0 1 3794 1715 1716 1713
16592 4 2 0 1 1139 3275 3219 1138
16593 4 2 0 1 2008 4089 3925 3454
16594 4 2 0 1 4357 2387 1844 4468
16595 4 2 0 1 3925 4357 1844 4468
16596 4 2 0 1 4190 4062 4061 2109
16597 4 2 0 1 826 2908 828 2907
16598 4 2 0 1 1986 684 680 2765
16599 4 2 0 1 2761 1986 680 2765
16600 4 2 0 1 2831 1906 4256 3987
16601 4 2 0 1 1986 2761 4067 2765
16602 4 2 0 1 4145 2172 4144 2064
16603 4 2 0 1 671 676 672 2757
16604 4 2 0 1 671 2752 2757 2753
16605 4 2 0 1 1521 3505 1425 1424
16606 4 2 0 1 2761 4143 2062 4067
16607 4 2 0 1 660 2744 661 2741
16608 4 2 0 1 2754 670 668 2749
16609 4 2 0 1 673 670 668 2754
16610 4 2 0 1 2064 2030 2063 4144
16611 4 2 0 1 4062 4252 4059 1981
16612 4 2 0 1 1906 2175 750 4256
16613 4 2 0 1 3506 3602 3505 1521
16614 4 2 0 1 3788 3787 2149 4230
16615 4 2 0 1 4061 1981 2109 4062
16616 4 2 0 1 3796 1717 1716 1715
16617 4 2 0 1 4046 668 666 2747
16618 4 2 0 1 1965 668 666 4046
16619 4 2 0 1 668 4046 2749 2747
16620 4 2 0 1 828 2907 829 826
16621 4 2 0 1 670 2754 2751 2749
16622 4 2 0 1 2101 4182 2908 2898
16623 4 2 0 1 2747 666 4046 3497
16624 4 2 0 1 1906 2831 4256 750
16625 4 2 0 1 666 1416 1965 4046
16626 4 2 0 1 2387 1844 2276 4357
16627 4 2 0 1 3505 1425 1424 1196
16628 4 2 0 1 2176 2175 1906 4257
16629 4 2 0 1 1906 4257 4256 3987
16630 4 2 0 1 688 2765 2766 684
16631 4 2 0 1 690 4067 2771 2765
16632 4 2 0 1 1986 690 684 2765
16633 4 2 0 1 2175 1906 4257 4256
16634 4 2 0 1 2101 827 817 2908
16635 4 2 0 1 690 1986 4067 2765
16636 4 2 0 1 2030 4145 4144 2064
16637 4 2 0 1 688 2765 2769 2766
16638 4 2 0 1 2766 2769 688 2770
16639 4 2 0 1 1717 3796 1716 3798
16640 4 2 0 1 666 1416 4046 3497
16641 4 2 0 1 1139 3220 3275 1254
16642 4 2 0 1 1716 3796 3797 3798
16643 4 2 0 1 1981 2155 4252 2171
16644 4 2 0 1 2766 688 689 2770
16645 4 2 0 1 4089 3348 2008 3904
16646 4 2 0 1 1425 3277 1196 3505
16647 4 2 0 1 2856 2030 775 2029
16648 4 2 0 1 4003 1784 1922 3188
16649 4 2 0 1 1784 4003 3865 3188
16650 4 2 0 1 1784 1107 1922 3188
16651 4 2 0 1 1722 4226 3806 3803
16652 4 2 0 1 2063 2874 2172 4144
16653 4 2 0 1 2874 2063 2172 793
16654 4 2 0 1 3802 1721 4185 3819
16655 4 2 0 1 2172 4144 2874 4253
16656 4 2 0 1 4252 4062 2155 1981
16657 4 2 0 1 1448 2255 977 3058
16658 4 2 0 1 2255 1448 4336 3058
16659 4 2 0 1 3058 1448 3168 977
16660 4 2 0 1 1087 1448 977 3168
16661 4 2 0 1 2733 4190 652 2147
16662 4 2 0 1 3806 2145 1722 1725
16663 4 2 0 1 2145 3806 1722 4226
16664 4 2 0 1 2030 4144 2856 2063
16665 4 2 0 1 1138 1139 3275 1194
16666 4 2 0 1 673 668 1965 4046
16667 4 2 0 1 2757 672 671 2753
16668 4 2 0 1 2754 668 4046 2749
16669 4 2 0 1 4046 673 668 2754
16670 4 2 0 1 2030 2063 2856 775
16671 4 2 0 1 2834 752 2835 753
16672 4 2 0 1 2835 753 752 754
16673 4 2 0 1 4357 921 2387 3002
16674 4 2 0 1 3791 3817 1736 3792
16675 4 2 0 1 3362 3434 3339 1258
16676 4 2 0 1 3339 1129 3362 1258
16677 4 2 0 1 624 2702 3855 2705
16678 4 2 0 1 621 624 3855 1774
16679 4 2 0 1 752 2834 2835 2833
16680 4 2 0 1 1129 3339 3203 1258
16681 4 2 0 1 2704 2702 624 2705
16682 4 2 0 1 1267 2008 1221 3302
16683 4 2 0 1 2908 817 2101 2898
16684 4 2 0 1 3002 2387 4357 4468
16685 4 2 0 1 3348 2008 3302 4089
16686 4 2 0 1 685 684 688 2766
16687 4 2 0 1 4185 1721 2104 3819
16688 4 2 0 1 1738 2104 1721 3819
16689 4 2 0 1 689 685 688 2766
16690 4 2 0 1 2147 4190 652 2109
16691 4 2 0 1 2155 3508 4252 1427
16692 4 2 0 1 3335 3275 3220 1254
16693 4 2 0 1 2101 817 804 2885
16694 4 2 0 1 2101 4182 2898 2885
16695 4 2 0 1 3302 3347 1266 3348
16696 4 2 0 1 748 746 750 2827
16697 4 2 0 1 2827 2831 750 2829
16698 4 2 0 1 4226 1724 1730 3811
16699 4 2 0 1 1724 4226 3805 3811
16700 4 2 0 1 2827 750 748 2829
16701 4 2 0 1 3794 1711 2020 3792
16702 4 2 0 1 3877 1784 1922 4003
16703 4 2 0 1 4003 3877 1784 3865
16704 4 2 0 1 1784 1922 1796 3877
16705 4 2 0 1 2147 4062 4190 2109
16706 4 2 0 1 1427 4252 2155 2171
16707 4 2 0 1 752 751 753 2834
16708 4 2 0 1 2832 2834 751 2833
16709 4 2 0 1 3174 751 2834 1093
16710 4 2 0 1 1787 3866 3868 2023
16711 4 2 0 1 1785 3866 1787 2023
16712 4 2 0 1 4104 3868 3866 2023
16713 4 2 0 1 4139 660 657 2741
16714 4 2 0 1 1724 1730 2145 4226
16715 4 2 0 1 2834 752 751 2833
16716 4 2 0 1 1711 3794 2020 1713
16717 4 2 0 1 921 2387 2276 4357
16718 4 2 0 1 4101 1716 3794 3797
16719 4 2 0 1 2020 3794 1716 1713
16720 4 2 0 1 2827 745 2825 2826
16721 4 2 0 1 2147 1981 4062 2109
16722 4 2 0 1 1194 1139 3275 1254
16723 4 2 0 1 745 746 2825 744
16724 4 2 0 1 1093 753 751 2834
16725 4 2 0 1 3788 1709 3789 3790
16726 4 2 0 1 3786 1708 1707 1705
16727 4 2 0 1 751 3174 2834 2832
16728 4 2 0 1 2829 4256 2175 2832
16729 4 2 0 1 4139 660 2741 3141
16730 4 2 0 1 1060 3141 660 2058
16731 4 2 0 1 1060 3508 2058 1427
16732 4 2 0 1 1266 1267 1221 3302
16733 4 2 0 1 1425 3506 3505 1521
16734 4 2 0 1 3788 1709 1707 3789
16735 4 2 0 1 3788 1707 3786 3789
16736 4 2 0 1 745 2827 2825 746
16737 4 2 0 1 2829 2175 751 2832
16738 4 2 0 1 751 748 2175 2829
16739 4 2 0 1 3508 1060 2058 3141
16740 4 2 0 1 4145 2030 4144 4111
16741 4 2 0 1 1099 3043 3071 3180
16742 4 2 0 1 1425 3277 3505 3506
16743 4 2 0 1 1717 2104 1715 3796
16744 4 2 0 1 817 2101 2898 2885
16745 4 2 0 1 4062 4236 4252 2155
16746 4 2 0 1 4256 2175 750 2829
16747 4 2 0 1 962 1099 3071 990
16748 4 2 0 1 3043 1099 3071 962
16749 4 2 0 1 3798 1717 3796 4185
16750 4 2 0 1 2856 2030 2029 4111
16751 4 2 0 1 2029 4111 4110 2856
16752 4 2 0 1 2831 4256 750 2829
16753 4 2 0 1 2175 748 750 2829
16754 4 2 0 1 1708 2010 1705 3786
16755 4 2 0 1 3786 1708 2010 4091
16756 4 2 0 1 1099 4515 2131 2434
16757 4 2 0 1 1736 2020 1711 3792
16758 4 2 0 1 1099 4212 4515 3180
16759 4 2 0 1 4144 2030 2856 4111
16760 4 2 0 1 3348 1823 2008 3904
16761 4 2 0 1 1823 3348 2008 1267
16762 4 2 0 1 1717 2104 3796 4185
16763 4 2 0 1 2175 1093 751 3174
16764 4 2 0 1 4256 3174 2175 2832
16765 4 2 0 1 4062 2155 1981 2147
16766 4 2 0 1 921 3877 4357 1796
16767 4 2 0 1 3877 921 4357 3002
16768 4 2 0 1 3174 751 2175 2832
16769 4 2 0 1 4252 4236 3508 2155
16770 4 2 0 1 3803 1724 4226 3805
16771 4 2 0 1 4226 1722 1724 3803
16772 4 2 0 1 2702 624 3855 621
16773 4 2 0 1 1701 3781 3780 1699
16774 4 2 0 1 3781 3780 3782 1701
16775 4 2 0 1 4212 1099 4515 2131
16776 4 2 0 1 2702 624 621 2704
16777 4 2 0 1 2706 628 627 2709
16778 4 2 0 1 1448 3529 4336 3058
16779 4 2 0 1 1448 3058 3168 3529
16780 4 2 0 1 2008 3348 3302 1267
16781 4 2 0 1 1733 1701 3782 2370
16782 4 2 0 1 4190 2733 4228 2147
16783 4 2 0 1 625 628 627 2706
16784 4 2 0 1 4185 3798 1717 3802
16785 4 2 0 1 1721 4185 1717 3802
16786 4 2 0 1 1724 2145 1722 4226
16787 4 2 0 1 3865 1785 3188 3866
16788 4 2 0 1 1785 3865 3188 1784
16789 4 2 0 1 1785 1107 1784 3188
16790 4 2 0 1 4357 921 1796 2276
16791 4 2 0 1 4190 4228 4062 2147
16792 4 2 0 1 624 625 2704 2706
16793 4 2 0 1 2837 775 2029 2856
16794 4 2 0 1 756 775 2029 2837
16795 4 2 0 1 921 4003 3877 1922
16796 4 2 0 1 921 1796 1922 3877
16797 4 2 0 1 4003 921 3877 3002
16798 4 2 0 1 2131 3071 990 1034
16799 4 2 0 1 657 2738 4139 2741
16800 4 2 0 1 4139 657 660 2058
16801 4 2 0 1 3877 4357 1796 3904
16802 4 2 0 1 4212 3071 3180 1099
16803 4 2 0 1 4185 1721 1717 2104
16804 4 2 0 1 1702 1704 1749 3783
16805 4 2 0 1 3830 1704 3783 1749
16806 4 2 0 1 2155 2058 3508 1427
16807 4 2 0 1 1704 3830 3783 3785
16808 4 2 0 1 4357 4089 2276 3904
16809 4 2 0 1 4089 2008 2276 3904
16810 4 2 0 1 2706 2704 624 2705
16811 4 2 0 1 2020 1736 3817 3792
16812 4 2 0 1 4451 1733 3782 2370
16813 4 2 0 1 3115 3071 4212 1034
16814 4 2 0 1 1266 1267 3302 3348
16815 4 2 0 1 4139 660 3141 2058
16816 4 2 0 1 2131 4212 3071 1034
16817 4 2 0 1 624 623 621 2704
16818 4 2 0 1 990 1099 3071 2131
16819 4 2 0 1 3141 3508 4139 2058
16820 4 2 0 1 2276 1796 4357 3904
16821 4 2 0 1 4101 3794 2020 3792
16822 4 2 0 1 3794 2020 1716 4101
16823 4 2 0 1 3785 2010 1750 4091
16824 4 2 0 1 1750 3785 4091 3831
16825 4 2 0 1 4062 4236 2155 2147
16826 4 2 0 1 2010 3785 1750 1704
16827 4 2 0 1 1749 1704 1750 3830
16828 4 2 0 1 3785 1750 3830 3831
16829 4 2 0 1 1750 3785 3830 1704
16830 4 2 0 1 1099 4212 3071 2131
16831 4 2 0 1 3188 1785 2023 3866
16832 4 2 0 1 4104 3866 3188 2023
16833 4 2 0 1 1785 3188 2023 1107
16834 4 2 0 1 1708 1707 1709 3789
16835 4 2 0 1 1708 3786 1707 3789
16836 4 2 0 1 4236 4062 4228 2147
16837 4 2 0 1 3780 3779 2424 1699
16838 4 2 0 1 1698 2424 3779 1699
16839 4 2 0 1 4505 3779 2424 3780
16840 4 2 0 1 824 2172 803 2905
16841 4 2 0 1 2172 803 2905 2884
16842 4 2 0 1 1710 4230 1737 3791
16843 4 2 0 1 2905 2172 2884 4253
16844 4 2 0 1 2029 4110 2837 2856
16845 4 2 0 1 3817 4101 2020 3792
16846 4 2 0 1 2058 3508 4236 2155
16847 4 2 0 1 2835 756 2029 2837
16848 4 2 0 1 1708 3786 3789 4091
16849 4 2 0 1 1736 1710 1737 3791
16850 4 2 0 1 2029 754 756 2835
16851 4 2 0 1 1696 3778 1698 3777
16852 4 2 0 1 3778 3779 1698 3777
16853 4 2 0 1 4230 1710 1737 2149
16854 4 2 0 1 2008 1823 2276 3904
16855 4 2 0 1 824 2067 2172 4148
16856 4 2 0 1 742 744 743 2823
16857 4 2 0 1 2823 744 743 2825
16858 4 2 0 1 4139 3508 4236 2058
16859 4 2 0 1 1749 2424 1702 3783
16860 4 2 0 1 2424 1749 4505 3783
16861 4 2 0 1 1749 3830 4505 3783
16862 4 2 0 1 3779 3780 3778 1699
16863 4 2 0 1 1698 3778 1699 3779
16864 4 2 0 1 1730 4247 3823 2166
16865 4 2 0 1 1730 1742 2166 3823
16866 4 2 0 1 4247 1730 3823 3811
16867 4 2 0 1 1796 2276 1823 3904
16868 4 2 0 1 2905 824 2172 4148
16869 4 2 0 1 2172 2905 4148 4253
16870 4 2 0 1 1229 1297 1296 3377
16871 4 2 0 1 3377 1229 1297 3310
16872 4 2 0 1 2766 689 2820 2770
16873 4 2 0 1 1297 1946 1296 3377
16874 4 2 0 1 624 625 623 2704
16875 4 2 0 1 739 689 740 2821
16876 4 2 0 1 689 2820 2770 2821
16877 4 2 0 1 3782 3781 1701 1733
16878 4 2 0 1 1297 1946 3377 4027
16879 4 2 0 1 3817 1737 3791 1736
16880 4 2 0 1 2370 1706 3787 2397
16881 4 2 0 1 2708 2706 627 2709
16882 4 2 0 1 689 2766 2820 685
16883 4 2 0 1 629 632 2713 2244
16884 4 2 0 1 4325 629 2713 2244
16885 4 2 0 1 3787 1706 2149 2397
16886 4 2 0 1 3781 1701 1700 1699
16887 4 2 0 1 2370 3787 4451 2397
16888 4 2 0 1 4325 628 629 2244
16889 4 2 0 1 4325 629 628 2709
16890 4 2 0 1 2029 4110 2835 2837
16891 4 2 0 1 1733 4451 3782 3814
16892 4 2 0 1 3780 3781 3778 1699
16893 4 2 0 1 3046 2993 912 4345
16894 4 2 0 1 1712 1714 3795 3794
16895 4 2 0 1 817 816 804 2885
16896 4 2 0 1 3180 3043 4345 1099
16897 4 2 0 1 630 627 2710 2708
16898 4 2 0 1 4230 3787 2149 4478
16899 4 2 0 1 4345 962 1099 3043
16900 4 2 0 1 817 2897 816 2885
16901 4 2 0 1 2993 4345 3043 962
16902 4 2 0 1 4345 2993 912 962
16903 4 2 0 1 1702 3780 2424 1699
16904 4 2 0 1 3780 1702 2424 3783
16905 4 2 0 1 3783 4505 2424 3780
16906 4 2 0 1 3046 912 965 4345
16907 4 2 0 1 4345 912 965 2264
16908 4 2 0 1 3820 1738 1739 3806
16909 4 2 0 1 817 2897 2885 2898
16910 4 2 0 1 3794 3795 1712 3793
16911 4 2 0 1 912 2973 2993 3046
16912 4 2 0 1 2973 965 912 892
16913 4 2 0 1 1694 3776 1696 3775
16914 4 2 0 1 1714 1712 1713 3794
16915 4 2 0 1 627 625 2706 2707
16916 4 2 0 1 1719 1717 1716 3798
16917 4 2 0 1 3777 3776 3775 1696
16918 4 2 0 1 1716 3797 3800 3798
16919 4 2 0 1 962 4345 1099 2264
16920 4 2 0 1 912 4345 962 2264
16921 4 2 0 1 2067 2172 4148 4145
16922 4 2 0 1 4253 4148 2172 4145
16923 4 2 0 1 3219 1916 1196 1138
16924 4 2 0 1 3213 3337 3214 1133
16925 4 2 0 1 3214 3213 1133 1040
16926 4 2 0 1 1133 1132 3337 1256
16927 4 2 0 1 3213 3214 3121 1040
16928 4 2 0 1 1038 1132 3119 1040
16929 4 2 0 1 3121 3119 3213 1040
16930 4 2 0 1 965 2973 912 3046
16931 4 2 0 1 2897 824 803 2905
16932 4 2 0 1 803 2897 2905 2884
16933 4 2 0 1 2920 861 873 2942
16934 4 2 0 1 861 2920 873 839
16935 4 2 0 1 1916 3277 3219 1196
16936 4 2 0 1 2172 2067 2064 4145
16937 4 2 0 1 3425 1367 1823 3904
16938 4 2 0 1 816 824 803 2897
16939 4 2 0 1 741 740 742 2823
16940 4 2 0 1 3778 1696 1698 1697
16941 4 2 0 1 2821 741 2823 740
16942 4 2 0 1 3778 1698 1699 1697
16943 4 2 0 1 676 677 672 2757
16944 4 2 0 1 1733 3781 1701 1700
16945 4 2 0 1 1916 3219 3275 1138
16946 4 2 0 1 3781 3782 3814 1733
16947 4 2 0 1 3803 1720 3802 1722
16948 4 2 0 1 2030 2064 4146 4145
16949 4 2 0 1 1720 1722 1721 3802
16950 4 2 0 1 4230 1737 3791 3818
16951 4 2 0 1 2825 745 743 2826
16952 4 2 0 1 4076 965 2973 1995
16953 4 2 0 1 1714 1715 3795 3794
16954 4 2 0 1 3797 1716 1728 4101
16955 4 2 0 1 2825 745 744 743
16956 4 2 0 1 4506 3778 3781 1700
16957 4 2 0 1 1720 1721 1717 3802
16958 4 2 0 1 3798 3801 1717 3802
16959 4 2 0 1 625 2704 2706 2707
16960 4 2 0 1 629 627 628 2709
16961 4 2 0 1 3277 1916 1425 1196
16962 4 2 0 1 3778 4506 1697 1700
16963 4 2 0 1 2973 1995 2955 4076
16964 4 2 0 1 892 965 1995 2973
16965 4 2 0 1 1725 1739 1738 3806
16966 4 2 0 1 1737 3817 3791 3818
16967 4 2 0 1 2758 672 2757 2753
16968 4 2 0 1 2955 892 1995 2973
16969 4 2 0 1 874 892 1995 2955
16970 4 2 0 1 1700 3778 3781 1699
16971 4 2 0 1 1736 2021 2020 3817
16972 4 2 0 1 3820 3819 1738 3806
16973 4 2 0 1 1700 1697 3778 1699
16974 4 2 0 1 3796 3795 1715 3794
16975 4 2 0 1 1138 3275 1916 1194
16976 4 2 0 1 873 2920 2942 2954
16977 4 2 0 1 1730 2166 2145 4247
16978 4 2 0 1 1730 4226 3811 4247
16979 4 2 0 1 1715 1714 1713 3794
16980 4 2 0 1 4226 1730 2145 4247
16981 4 2 0 1 4345 1099 4517 3180
16982 4 2 0 1 2064 4147 2067 2066
16983 4 2 0 1 861 2203 873 2942
16984 4 2 0 1 965 4076 2973 3046
16985 4 2 0 1 2897 803 2885 2884
16986 4 2 0 1 816 803 804 2885
16987 4 2 0 1 2707 2706 627 2708
16988 4 2 0 1 4146 2030 4145 4111
16989 4 2 0 1 3425 1267 3348 1823
16990 4 2 0 1 3425 1823 3348 3904
16991 4 2 0 1 3776 3777 3778 1696
16992 4 2 0 1 2155 4236 656 2147
16993 4 2 0 1 2832 749 2833 751
16994 4 2 0 1 3997 3277 1425 3506
16995 4 2 0 1 749 751 752 2833
16996 4 2 0 1 2708 2710 630 2711
16997 4 2 0 1 629 630 627 2710
16998 4 2 0 1 1099 4517 2436 2264
16999 4 2 0 1 4168 3789 1709 3790
17000 4 2 0 1 803 816 2897 2885
17001 4 2 0 1 4509 623 626 2704
17002 4 2 0 1 4228 656 4236 2147
17003 4 2 0 1 4101 2021 3817 2020
17004 4 2 0 1 671 2752 2753 2750
17005 4 2 0 1 4517 2436 2264 2439
17006 4 2 0 1 2264 4520 4517 2439
17007 4 2 0 1 623 4509 626 2428
17008 4 2 0 1 3789 4168 1708 4092
17009 4 2 0 1 1099 4345 4517 2264
17010 4 2 0 1 2067 4148 4147 4145
17011 4 2 0 1 625 627 626 2707
17012 4 2 0 1 2825 743 2823 2824
17013 4 2 0 1 1716 2020 1728 4101
17014 4 2 0 1 1693 3772 1691 1831
17015 4 2 0 1 671 672 669 2753
17016 4 2 0 1 749 2832 2833 2830
17017 4 2 0 1 4517 4345 4520 2264
17018 4 2 0 1 4147 2064 2067 4145
17019 4 2 0 1 689 685 2820 739
17020 4 2 0 1 623 625 626 2704
17021 4 2 0 1 2761 676 677 680
17022 4 2 0 1 689 739 2820 2821
17023 4 2 0 1 2750 668 670 2749
17024 4 2 0 1 3378 3377 1297 3310
17025 4 2 0 1 670 2751 2750 2749
17026 4 2 0 1 873 4284 2942 2203
17027 4 2 0 1 4284 873 2942 2954
17028 4 2 0 1 671 2751 2750 670
17029 4 2 0 1 4027 3377 1297 3378
17030 4 2 0 1 2766 685 2762 4085
17031 4 2 0 1 676 2761 677 2757
17032 4 2 0 1 3795 1715 1714 3799
17033 4 2 0 1 1718 1714 1715 3799
17034 4 2 0 1 2751 671 2750 2752
17035 4 2 0 1 4509 2704 626 2707
17036 4 2 0 1 3787 4478 4451 2397
17037 4 2 0 1 627 2710 2708 2709
17038 4 2 0 1 4478 3787 2149 2397
17039 4 2 0 1 2757 677 672 2758
17040 4 2 0 1 2066 2065 2064 4147
17041 4 2 0 1 3822 2145 1741 4247
17042 4 2 0 1 3799 3795 1715 3796
17043 4 2 0 1 2828 745 2827 2826
17044 4 2 0 1 3776 1694 1696 1695
17045 4 2 0 1 621 2703 2702 2704
17046 4 2 0 1 4168 1708 1709 3789
17047 4 2 0 1 746 747 745 2827
17048 4 2 0 1 4325 2713 629 2710
17049 4 2 0 1 629 4325 2710 2709
17050 4 2 0 1 4139 657 2737 2738
17051 4 2 0 1 657 4139 2737 2058
17052 4 2 0 1 2704 625 626 2707
17053 4 2 0 1 2166 1741 2145 4247
17054 4 2 0 1 1691 4509 3769 2428
17055 4 2 0 1 4509 3769 3772 1691
17056 4 2 0 1 3769 1691 2428 1688
17057 4 2 0 1 2703 621 623 2704
17058 4 2 0 1 2145 3822 4226 4247
17059 4 2 0 1 2058 4236 656 2155
17060 4 2 0 1 2955 1995 4284 4076
17061 4 2 0 1 2742 659 661 2741
17062 4 2 0 1 1696 3778 3776 1697
17063 4 2 0 1 622 621 623 2703
17064 4 2 0 1 4092 2010 1708 4091
17065 4 2 0 1 2955 2203 1995 874
17066 4 2 0 1 660 661 659 2741
17067 4 2 0 1 4146 2064 4147 4145
17068 4 2 0 1 4236 2737 4139 2058
17069 4 2 0 1 4091 2010 1750 4093
17070 4 2 0 1 3831 4091 1750 4093
17071 4 2 0 1 4422 884 2946 2965
17072 4 2 0 1 2434 4517 1099 4515
17073 4 2 0 1 1700 4506 1697 2425
17074 4 2 0 1 741 742 743 2823
17075 4 2 0 1 4515 4517 1099 3180
17076 4 2 0 1 745 2828 2827 747
17077 4 2 0 1 965 4520 2264 2439
17078 4 2 0 1 662 661 664 2742
17079 4 2 0 1 1728 3797 3800 1716
17080 4 2 0 1 664 2743 2742 2745
17081 4 2 0 1 4517 2434 1099 2436
17082 4 2 0 1 740 741 739 2821
17083 4 2 0 1 3800 1719 1716 3798
17084 4 2 0 1 4345 965 4520 2264
17085 4 2 0 1 965 4345 4520 3046
17086 4 2 0 1 1718 1715 2104 3799
17087 4 2 0 1 743 2825 2826 2824
17088 4 2 0 1 2011 4168 1708 2087
17089 4 2 0 1 1747 3781 1733 1700
17090 4 2 0 1 4506 1747 4508 2425
17091 4 2 0 1 4506 1697 3776 3778
17092 4 2 0 1 3781 3814 3828 1733
17093 4 2 0 1 2712 630 2711 1763
17094 4 2 0 1 1747 4508 2425 2427
17095 4 2 0 1 2955 861 2203 874
17096 4 2 0 1 861 2955 2203 2942
17097 4 2 0 1 2757 2761 677 2758
17098 4 2 0 1 2897 825 817 816
17099 4 2 0 1 2203 2955 1995 4284
17100 4 2 0 1 3799 1715 2104 3796
17101 4 2 0 1 3776 1695 1696 1697
17102 4 2 0 1 2906 2897 817 2898
17103 4 2 0 1 873 2920 1968 839
17104 4 2 0 1 627 629 2710 2709
17105 4 2 0 1 4451 1733 2370 1760
17106 4 2 0 1 4111 2207 4146 2030
17107 4 2 0 1 4101 1728 3797 3809
17108 4 2 0 1 2104 3799 3796 4185
17109 4 2 0 1 1708 3789 4092 4091
17110 4 2 0 1 3425 1367 3904 3448
17111 4 2 0 1 1344 1367 1823 3425
17112 4 2 0 1 1968 4049 2920 2954
17113 4 2 0 1 3277 3219 3997 1916
17114 4 2 0 1 2920 829 1968 839
17115 4 2 0 1 829 2920 1968 2910
17116 4 2 0 1 1763 4508 1747 2427
17117 4 2 0 1 2428 3769 2703 4509
17118 4 2 0 1 3769 2428 2703 1688
17119 4 2 0 1 2703 1688 2428 622
17120 4 2 0 1 636 2717 2714 4096
17121 4 2 0 1 4096 633 636 2015
17122 4 2 0 1 4096 2714 632 2713
17123 4 2 0 1 4096 632 633 2015
17124 4 2 0 1 1132 3213 3119 1040
17125 4 2 0 1 3337 3213 1132 1133
17126 4 2 0 1 3213 1132 1133 1040
17127 4 2 0 1 1728 2020 2021 4101
17128 4 2 0 1 3771 3769 1690 1691
17129 4 2 0 1 2436 3775 3773 1694
17130 4 2 0 1 3801 1717 1719 3798
17131 4 2 0 1 4049 2910 1968 2920
17132 4 2 0 1 1708 4168 1709 2087
17133 4 2 0 1 4517 3773 4515 2434
17134 4 2 0 1 3775 2436 3773 4517
17135 4 2 0 1 2425 3776 1697 1695
17136 4 2 0 1 2955 2203 2942 4284
17137 4 2 0 1 741 2821 2823 2822
17138 4 2 0 1 4517 3773 2434 2436
17139 4 2 0 1 2065 2030 2064 4146
17140 4 2 0 1 3997 3219 3275 1916
17141 4 2 0 1 1691 1690 3771 1692
17142 4 2 0 1 2439 3775 2436 1694
17143 4 2 0 1 1691 4509 1831 3772
17144 4 2 0 1 4509 1691 1831 2428
17145 4 2 0 1 1916 3277 1425 3997
17146 4 2 0 1 2920 873 1968 2954
17147 4 2 0 1 4517 4520 3775 2439
17148 4 2 0 1 2436 4517 3775 2439
17149 4 2 0 1 1741 2145 3822 3806
17150 4 2 0 1 2946 2947 884 866
17151 4 2 0 1 2928 865 847 848
17152 4 2 0 1 2946 848 2928 2929
17153 4 2 0 1 2946 2947 2965 884
17154 4 2 0 1 2947 2946 2929 848
17155 4 2 0 1 2946 866 848 2947
17156 4 2 0 1 3773 1692 2436 1694
17157 4 2 0 1 3773 3772 1692 1693
17158 4 2 0 1 3775 3776 3774 1694
17159 4 2 0 1 4521 965 2440 2439
17160 4 2 0 1 2029 2835 2022 754
17161 4 2 0 1 965 4521 4520 2439
17162 4 2 0 1 652 653 2733 2147
17163 4 2 0 1 3425 1267 1823 1344
17164 4 2 0 1 749 2829 747 748
17165 4 2 0 1 1692 2434 3773 2436
17166 4 2 0 1 3773 3772 3771 1692
17167 4 2 0 1 626 4509 1831 2428
17168 4 2 0 1 3773 3771 4515 2434
17169 4 2 0 1 1747 4506 4508 3828
17170 4 2 0 1 1720 3803 3802 3801
17171 4 2 0 1 657 660 659 2741
17172 4 2 0 1 2021 4101 3817 4102
17173 4 2 0 1 2145 1741 1725 3806
17174 4 2 0 1 2145 3822 3806 4226
17175 4 2 0 1 3801 1720 1717 3802
17176 4 2 0 1 3822 3820 1739 3806
17177 4 2 0 1 1760 2370 4451 2397
17178 4 2 0 1 4521 3046 965 4520
17179 4 2 0 1 3814 4451 3841 1733
17180 4 2 0 1 3809 1735 1728 3800
17181 4 2 0 1 656 2737 4228 4236
17182 4 2 0 1 3912 3772 1693 1831
17183 4 2 0 1 3912 3772 3774 1693
17184 4 2 0 1 1690 2434 3771 1692
17185 4 2 0 1 1700 4506 1747 3781
17186 4 2 0 1 4110 4103 2022 2835
17187 4 2 0 1 3769 3771 3772 1691
17188 4 2 0 1 3769 1690 1691 1688
17189 4 2 0 1 1719 1728 1735 3800
17190 4 2 0 1 1709 4168 3790 3793
17191 4 2 0 1 1712 4168 1709 3793
17192 4 2 0 1 2835 2029 2022 4110
17193 4 2 0 1 3801 1719 4119 3800
17194 4 2 0 1 2830 747 2829 2828
17195 4 2 0 1 2829 749 747 2830
17196 4 2 0 1 3773 3775 3774 1694
17197 4 2 0 1 4509 626 1831 2707
17198 4 2 0 1 3772 1691 1692 1693
17199 4 2 0 1 4508 3828 3844 1747
17200 4 2 0 1 3776 2425 1697 4506
17201 4 2 0 1 751 2829 749 748
17202 4 2 0 1 2829 751 749 2832
17203 4 2 0 1 2823 743 2822 2824
17204 4 2 0 1 965 2440 1995 4076
17205 4 2 0 1 2434 3773 3771 1692
17206 4 2 0 1 4168 2011 1708 4092
17207 4 2 0 1 1691 3771 3772 1692
17208 4 2 0 1 2762 2765 684 2766
17209 4 2 0 1 3822 1739 1741 3806
17210 4 2 0 1 4228 2733 653 2147
17211 4 2 0 1 4230 2149 1737 3836
17212 4 2 0 1 2440 965 4521 4076
17213 4 2 0 1 657 2740 2738 2741
17214 4 2 0 1 1694 2439 3775 1696
17215 4 2 0 1 2439 3777 3775 1696
17216 4 2 0 1 2820 739 741 2821
17217 4 2 0 1 2441 1995 2440 4076
17218 4 2 0 1 2194 2907 2906 826
17219 4 2 0 1 3777 3775 4520 2439
17220 4 2 0 1 747 746 748 2827
17221 4 2 0 1 2829 747 748 2827
17222 4 2 0 1 685 2762 684 2766
17223 4 2 0 1 4076 4521 2440 4522
17224 4 2 0 1 4076 2440 2441 4522
17225 4 2 0 1 3773 1692 1694 1693
17226 4 2 0 1 825 2897 817 2906
17227 4 2 0 1 965 3046 4521 4076
17228 4 2 0 1 1725 1741 1739 3806
17229 4 2 0 1 1249 1329 1282 3410
17230 4 2 0 1 3363 1130 3330 3211
17231 4 2 0 1 2898 826 817 2906
17232 4 2 0 1 2898 2907 826 2906
17233 4 2 0 1 2832 749 2829 2830
17234 4 2 0 1 3330 1249 1282 3410
17235 4 2 0 1 1249 1282 1130 3330
17236 4 2 0 1 657 2737 656 2058
17237 4 2 0 1 3797 1728 3800 3809
17238 4 2 0 1 1728 4101 4102 3809
17239 4 2 0 1 2721 637 640 4176
17240 4 2 0 1 4176 637 640 2095
17241 4 2 0 1 2717 636 637 2095
17242 4 2 0 1 637 4176 2717 2095
17243 4 2 0 1 2457 2828 2830 4538
17244 4 2 0 1 4119 1720 1719 3801
17245 4 2 0 1 1728 1719 1716 3800
17246 4 2 0 1 2753 669 671 2750
17247 4 2 0 1 1796 3877 3904 3448
17248 4 2 0 1 2829 747 2827 2828
17249 4 2 0 1 2712 630 2710 2711
17250 4 2 0 1 629 631 630 2710
17251 4 2 0 1 656 2737 4236 2058
17252 4 2 0 1 4147 2065 2064 4146
17253 4 2 0 1 3836 4230 2149 4478
17254 4 2 0 1 2822 741 743 2823
17255 4 2 0 1 670 669 668 2750
17256 4 2 0 1 671 670 2750 669
17257 4 2 0 1 3823 1731 1730 1742
17258 4 2 0 1 3823 1730 3812 3811
17259 4 2 0 1 1724 3803 1723 3805
17260 4 2 0 1 3803 1724 1723 1722
17261 4 2 0 1 2822 2820 741 2821
17262 4 2 0 1 1748 3911 3912 1831
17263 4 2 0 1 2207 4111 4146 4288
17264 4 2 0 1 2065 2207 2030 4146
17265 4 2 0 1 1831 2707 626 1830
17266 4 2 0 1 630 4508 2711 1763
17267 4 2 0 1 2440 3777 2439 1696
17268 4 2 0 1 1747 3781 3828 1733
17269 4 2 0 1 3777 4521 2440 2439
17270 4 2 0 1 1694 3776 3774 1695
17271 4 2 0 1 4521 3777 4520 2439
17272 4 2 0 1 3814 1759 3828 1733
17273 4 2 0 1 1367 3904 1796 1823
17274 4 2 0 1 4508 1763 1747 3844
17275 4 2 0 1 4506 1700 1747 2425
17276 4 2 0 1 2708 627 2707 1830
17277 4 2 0 1 3776 1695 2425 1748
17278 4 2 0 1 752 2835 754 2022
17279 4 2 0 1 2712 631 630 1763
17280 4 2 0 1 2711 3844 2712 1763
17281 4 2 0 1 2441 1995 4076 4284
17282 4 2 0 1 752 2835 2022 2833
17283 4 2 0 1 2012 1750 2010 4093
17284 4 2 0 1 3818 4230 1737 3836
17285 4 2 0 1 3800 3801 1719 3798
17286 4 2 0 1 2704 623 2703 4509
17287 4 2 0 1 4101 2021 1728 4102
17288 4 2 0 1 2011 2087 2014 4168
17289 4 2 0 1 2441 4076 4522 4284
17290 4 2 0 1 4478 3841 4451 2397
17291 4 2 0 1 2428 2703 623 4509
17292 4 2 0 1 2428 2703 622 623
17293 4 2 0 1 2194 829 1968 2910
17294 4 2 0 1 1763 630 4508 2427
17295 4 2 0 1 2835 4103 2022 2833
17296 4 2 0 1 2707 627 626 1830
17297 4 2 0 1 3866 3865 1785 3449
17298 4 2 0 1 1368 3865 1785 1784
17299 4 2 0 1 3865 1368 1785 3449
17300 4 2 0 1 4284 4522 2441 4523
17301 4 2 0 1 2441 2442 4284 4523
17302 4 2 0 1 1831 4509 3912 3772
17303 4 2 0 1 1968 4275 2910 4049
17304 4 2 0 1 1708 2011 2010 4092
17305 4 2 0 1 1759 3844 3828 1747
17306 4 2 0 1 2828 2457 2830 747
17307 4 2 0 1 747 749 2457 2830
17308 4 2 0 1 1695 3776 3774 1748
17309 4 2 0 1 1748 3912 1693 1831
17310 4 2 0 1 3774 3912 1693 1748
17311 4 2 0 1 4168 1712 1709 2087
17312 4 2 0 1 826 2194 825 2906
17313 4 2 0 1 2907 2194 2906 4275
17314 4 2 0 1 2826 743 2953 745
17315 4 2 0 1 3777 2440 1698 1696
17316 4 2 0 1 3779 4521 1698 3777
17317 4 2 0 1 4521 2440 1698 3777
17318 4 2 0 1 3841 1733 1759 3814
17319 4 2 0 1 1995 2441 2203 4284
17320 4 2 0 1 2010 4092 4093 4091
17321 4 2 0 1 4509 2707 1831 3912
17322 4 2 0 1 825 817 826 2906
17323 4 2 0 1 3817 1737 1736 1746
17324 4 2 0 1 1717 3801 1719 1720
17325 4 2 0 1 2725 2722 644 1964
17326 4 2 0 1 2722 2725 4045 1964
17327 4 2 0 1 4045 640 2722 1964
17328 4 2 0 1 640 4045 2722 2721
17329 4 2 0 1 659 2742 2740 2741
17330 4 2 0 1 1831 1748 3911 1830
17331 4 2 0 1 3911 3912 3829 1748
17332 4 2 0 1 2441 2442 2203 4284
17333 4 2 0 1 4506 3829 3776 2425
17334 4 2 0 1 3811 1724 1730 3808
17335 4 2 0 1 3811 3805 1724 3808
17336 4 2 0 1 3829 4506 4508 2425
17337 4 2 0 1 685 2004 2762 4085
17338 4 2 0 1 681 685 2004 2762
17339 4 2 0 1 3795 1712 3810 1714
17340 4 2 0 1 630 2708 1830 627
17341 4 2 0 1 681 677 680 2761
17342 4 2 0 1 4508 3829 2425 2427
17343 4 2 0 1 3772 3773 3774 1693
17344 4 2 0 1 4506 3781 3828 1747
17345 4 2 0 1 4228 653 656 2147
17346 4 2 0 1 662 659 661 2742
17347 4 2 0 1 3809 3816 1735 3800
17348 4 2 0 1 1712 3795 3810 3793
17349 4 2 0 1 3844 3828 3840 1759
17350 4 2 0 1 4103 2022 2207 4110
17351 4 2 0 1 4478 2149 3836 2397
17352 4 2 0 1 2437 2457 1751 3832
17353 4 2 0 1 3810 4168 1712 3793
17354 4 2 0 1 2029 2207 2022 4110
17355 4 2 0 1 1714 1729 1712 3810
17356 4 2 0 1 1695 3774 1694 1693
17357 4 2 0 1 1729 4168 1712 3810
17358 4 2 0 1 1733 4451 3841 1760
17359 4 2 0 1 2743 662 664 2742
17360 4 2 0 1 3840 634 3844 1759
17361 4 2 0 1 2907 829 2194 2910
17362 4 2 0 1 4521 1698 4522 3779
17363 4 2 0 1 1698 4521 4522 2440
17364 4 2 0 1 634 631 2712 1763
17365 4 2 0 1 3844 634 2712 1763
17366 4 2 0 1 3912 3774 3829 1748
17367 4 2 0 1 1698 2441 2440 4522
17368 4 2 0 1 630 4508 1830 2711
17369 4 2 0 1 648 2729 4175 2730
17370 4 2 0 1 4175 648 649 2094
17371 4 2 0 1 1720 4119 1719 2038
17372 4 2 0 1 649 652 4175 2094
17373 4 2 0 1 4175 2733 652 2730
17374 4 2 0 1 1747 1759 3844 1763
17375 4 2 0 1 2014 2011 4168 4092
17376 4 2 0 1 4092 4168 2014 4095
17377 4 2 0 1 829 2907 2194 826
17378 4 2 0 1 4538 2437 3832 2457
17379 4 2 0 1 2736 2737 657 2738
17380 4 2 0 1 2707 3912 3911 1831
17381 4 2 0 1 1737 3827 3817 3818
17382 4 2 0 1 2104 3799 4235 1718
17383 4 2 0 1 2410 3841 4478 2397
17384 4 2 0 1 1694 3774 3773 1693
17385 4 2 0 1 2442 2954 4284 4523
17386 4 2 0 1 2833 833 749 2914
17387 4 2 0 1 2442 4505 2441 2424
17388 4 2 0 1 4523 4522 2441 4505
17389 4 2 0 1 4505 2442 2441 4523
17390 4 2 0 1 1693 1695 3774 1748
17391 4 2 0 1 634 3844 2712 2715
17392 4 2 0 1 2437 2828 4518 2826
17393 4 2 0 1 4275 1968 2910 2194
17394 4 2 0 1 634 3844 1759 1763
17395 4 2 0 1 2437 4518 2953 2826
17396 4 2 0 1 4508 630 1830 2427
17397 4 2 0 1 3836 2397 2410 4478
17398 4 2 0 1 630 2712 2710 631
17399 4 2 0 1 653 654 651 2734
17400 4 2 0 1 681 677 2761 2758
17401 4 2 0 1 2708 630 1830 2711
17402 4 2 0 1 631 633 634 2712
17403 4 2 0 1 3799 2104 4235 4185
17404 4 2 0 1 2457 2437 2828 4538
17405 4 2 0 1 3865 3877 1784 3448
17406 4 2 0 1 1796 1784 3877 3448
17407 4 2 0 1 2828 2437 745 2826
17408 4 2 0 1 2953 745 2437 2826
17409 4 2 0 1 2740 657 659 2741
17410 4 2 0 1 1059 2820 4085 739
17411 4 2 0 1 2729 645 648 2100
17412 4 2 0 1 4181 2726 2729 2100
17413 4 2 0 1 2725 644 645 2100
17414 4 2 0 1 2725 2726 4181 2100
17415 4 2 0 1 1760 4451 3841 2397
17416 4 2 0 1 2437 4538 3832 4518
17417 4 2 0 1 4119 1719 1735 3800
17418 4 2 0 1 2954 2442 4284 873
17419 4 2 0 1 2442 873 2203 4284
17420 4 2 0 1 3904 1367 1796 3448
17421 4 2 0 1 872 743 745 2953
17422 4 2 0 1 743 2826 2953 2824
17423 4 2 0 1 4539 2437 4518 2953
17424 4 2 0 1 3828 1759 1747 1733
17425 4 2 0 1 2713 2714 632 2712
17426 4 2 0 1 3840 634 2715 3844
17427 4 2 0 1 2711 4508 3844 1763
17428 4 2 0 1 3817 1736 2021 1746
17429 4 2 0 1 2714 634 2712 2715
17430 4 2 0 1 634 2714 2712 633
17431 4 2 0 1 2425 3829 3776 1748
17432 4 2 0 1 865 884 2946 2341
17433 4 2 0 1 651 654 1757 2735
17434 4 2 0 1 745 747 2437 2828
17435 4 2 0 1 2427 3829 2425 1748
17436 4 2 0 1 1720 1723 1722 3803
17437 4 2 0 1 2737 653 655 656
17438 4 2 0 1 884 4422 2946 2341
17439 4 2 0 1 4538 2437 2828 4518
17440 4 2 0 1 1831 3911 2707 1830
17441 4 2 0 1 2833 833 752 749
17442 4 2 0 1 667 666 668 2747
17443 4 2 0 1 2749 667 668 2747
17444 4 2 0 1 2734 654 651 2735
17445 4 2 0 1 633 4096 636 2714
17446 4 2 0 1 2714 632 633 4096
17447 4 2 0 1 3829 3774 3776 1748
17448 4 2 0 1 3449 3865 1368 3448
17449 4 2 0 1 3865 1784 1368 3448
17450 4 2 0 1 1759 3814 3828 3840
17451 4 2 0 1 749 2833 2914 2830
17452 4 2 0 1 1745 1752 1735 3816
17453 4 2 0 1 4168 1729 1712 2087
17454 4 2 0 1 2733 653 2734 4228
17455 4 2 0 1 2707 3911 2708 1830
17456 4 2 0 1 4275 2907 2194 2910
17457 4 2 0 1 2104 2154 1718 4235
17458 4 2 0 1 4111 2029 2207 2030
17459 4 2 0 1 2029 4111 2207 4110
17460 4 2 0 1 747 2457 2437 2828
17461 4 2 0 1 2914 749 2457 833
17462 4 2 0 1 4103 2207 4288 4110
17463 4 2 0 1 2457 2830 2914 4538
17464 4 2 0 1 2021 4044 1745 4102
17465 4 2 0 1 2762 685 684 681
17466 4 2 0 1 2424 1749 2442 4505
17467 4 2 0 1 2442 3830 4505 1749
17468 4 2 0 1 2737 653 656 4228
17469 4 2 0 1 3851 1757 1758 3839
17470 4 2 0 1 3830 2442 4505 4523
17471 4 2 0 1 1733 3841 1759 1760
17472 4 2 0 1 3836 2149 1737 1755
17473 4 2 0 1 2010 2011 2012 4093
17474 4 2 0 1 4539 2437 2953 2458
17475 4 2 0 1 2711 3911 4508 1830
17476 4 2 0 1 654 655 2438 2735
17477 4 2 0 1 848 2946 2928 865
17478 4 2 0 1 866 884 2946 865
17479 4 2 0 1 866 2946 848 865
17480 4 2 0 1 3838 651 2735 2732
17481 4 2 0 1 2820 685 2766 4085
17482 4 2 0 1 3814 3841 3840 1759
17483 4 2 0 1 2410 1760 3841 2397
17484 4 2 0 1 2437 872 745 2953
17485 4 2 0 1 1758 1770 1757 3851
17486 4 2 0 1 1757 3851 3838 3839
17487 4 2 0 1 2735 651 2734 2732
17488 4 2 0 1 1752 1757 1770 3833
17489 4 2 0 1 4092 2010 4093 2011
17490 4 2 0 1 1745 1752 3816 3826
17491 4 2 0 1 2820 1059 4085 3140
17492 4 2 0 1 2711 2708 3911 1830
17493 4 2 0 1 1728 1745 1735 3809
17494 4 2 0 1 2737 655 657 656
17495 4 2 0 1 3823 1743 1731 1742
17496 4 2 0 1 2149 3836 2397 1755
17497 4 2 0 1 668 2750 667 2749
17498 4 2 0 1 1732 1723 2038 4119
17499 4 2 0 1 2437 2458 872 2953
17500 4 2 0 1 653 2737 655 2734
17501 4 2 0 1 652 653 651 2733
17502 4 2 0 1 634 2716 3845 2715
17503 4 2 0 1 4103 833 2833 2914
17504 4 2 0 1 749 2914 2457 2830
17505 4 2 0 1 2906 4528 825 4527
17506 4 2 0 1 1745 1728 4102 3809
17507 4 2 0 1 4478 4491 3841 2410
17508 4 2 0 1 3836 1737 3818 3835
17509 4 2 0 1 3140 741 2028 2822
17510 4 2 0 1 2028 4109 3140 2822
17511 4 2 0 1 3833 3816 1752 3826
17512 4 2 0 1 4524 1968 2954 4049
17513 4 2 0 1 654 653 655 2734
17514 4 2 0 1 4536 833 4103 2914
17515 4 2 0 1 4524 1968 2443 2954
17516 4 2 0 1 4119 3800 1735 3816
17517 4 2 0 1 4491 4478 3836 2410
17518 4 2 0 1 2442 2954 4523 4524
17519 4 2 0 1 2954 2442 2443 4524
17520 4 2 0 1 662 659 2742 2740
17521 4 2 0 1 1751 3832 3820 3822
17522 4 2 0 1 739 1059 2004 4085
17523 4 2 0 1 825 2446 816 2897
17524 4 2 0 1 2397 3836 2410 1755
17525 4 2 0 1 3841 1764 1760 2410
17526 4 2 0 1 1784 1796 1367 3448
17527 4 2 0 1 1968 873 2443 2954
17528 4 2 0 1 3817 2021 4102 3827
17529 4 2 0 1 1723 1726 1724 3805
17530 4 2 0 1 1719 4119 1735 2038
17531 4 2 0 1 873 2442 2443 2954
17532 4 2 0 1 3841 1764 1759 1760
17533 4 2 0 1 1737 3818 3835 3827
17534 4 2 0 1 4288 2207 4111 4110
17535 4 2 0 1 2734 653 2737 4228
17536 4 2 0 1 4526 1968 4524 4049
17537 4 2 0 1 2820 739 685 4085
17538 4 2 0 1 4235 2104 3819 4185
17539 4 2 0 1 2104 1738 2154 3819
17540 4 2 0 1 833 2022 2833 752
17541 4 2 0 1 2717 2716 636 2714
17542 4 2 0 1 2742 2743 662 2740
17543 4 2 0 1 2445 4524 1968 2443
17544 4 2 0 1 1745 1728 2021 4102
17545 4 2 0 1 1720 3804 3803 3801
17546 4 2 0 1 3117 3114 1123 1036
17547 4 2 0 1 3114 1123 1036 1033
17548 4 2 0 1 2734 655 654 2735
17549 4 2 0 1 1282 3330 3410 3363
17550 4 2 0 1 1130 3363 3330 1282
17551 4 2 0 1 2021 3827 4044 4102
17552 4 2 0 1 1739 1751 3820 3822
17553 4 2 0 1 1764 3840 3841 1759
17554 4 2 0 1 3838 651 1757 2735
17555 4 2 0 1 2758 2761 681 2762
17556 4 2 0 1 3111 1031 3218 3112
17557 4 2 0 1 833 4103 2833 2022
17558 4 2 0 1 4422 2965 3136 884
17559 4 2 0 1 1055 4422 3136 884
17560 4 2 0 1 2442 1749 2443 3830
17561 4 2 0 1 665 2747 664 666
17562 4 2 0 1 1031 3111 3218 1030
17563 4 2 0 1 2442 4523 3830 4524
17564 4 2 0 1 2028 1059 741 3140
17565 4 2 0 1 664 2747 2746 2745
17566 4 2 0 1 4119 1735 1770 3816
17567 4 2 0 1 2716 638 3845 2719
17568 4 2 0 1 4095 4168 1729 3810
17569 4 2 0 1 3841 4491 3845 2410
17570 4 2 0 1 3830 2443 2442 4524
17571 4 2 0 1 4176 2721 637 2718
17572 4 2 0 1 637 4176 2718 2717
17573 4 2 0 1 2455 833 2022 4103
17574 4 2 0 1 667 669 4165 2750
17575 4 2 0 1 1751 1739 1741 3822
17576 4 2 0 1 1731 3823 1730 3812
17577 4 2 0 1 1764 634 3840 1759
17578 4 2 0 1 1726 3805 3808 1724
17579 4 2 0 1 1784 1367 1368 3448
17580 4 2 0 1 3826 4102 1745 4044
17581 4 2 0 1 1750 2443 1749 3830
17582 4 2 0 1 1750 2443 3830 3831
17583 4 2 0 1 1720 4119 3804 3801
17584 4 2 0 1 1770 2038 1735 4119
17585 4 2 0 1 1732 1723 4119 3804
17586 4 2 0 1 2736 2438 655 2735
17587 4 2 0 1 4524 3830 2443 3831
17588 4 2 0 1 2716 634 633 2714
17589 4 2 0 1 2714 2716 634 2715
17590 4 2 0 1 1752 3816 1770 1735
17591 4 2 0 1 4044 2021 1745 1963
17592 4 2 0 1 3851 1770 1757 3833
17593 4 2 0 1 3838 3851 1757 3833
17594 4 2 0 1 1751 2457 4537 3832
17595 4 2 0 1 3827 1737 3817 1746
17596 4 2 0 1 2104 4235 3819 2154
17597 4 2 0 1 2822 743 2028 2824
17598 4 2 0 1 1732 1770 1758 3813
17599 4 2 0 1 3851 1758 3813 3839
17600 4 2 0 1 825 2906 4527 2897
17601 4 2 0 1 2084 669 672 2753
17602 4 2 0 1 3816 1735 1745 3809
17603 4 2 0 1 2450 2066 2067 4147
17604 4 2 0 1 3803 3804 1723 3805
17605 4 2 0 1 638 2716 3845 635
17606 4 2 0 1 638 635 3845 1764
17607 4 2 0 1 637 2717 2716 636
17608 4 2 0 1 2457 4537 3832 4538
17609 4 2 0 1 741 2820 1059 739
17610 4 2 0 1 3845 635 634 1764
17611 4 2 0 1 2716 634 3845 635
17612 4 2 0 1 634 3845 3840 2715
17613 4 2 0 1 1729 4532 1714 2451
17614 4 2 0 1 1758 3851 3813 1770
17615 4 2 0 1 2446 825 4528 4527
17616 4 2 0 1 2446 825 2447 4528
17617 4 2 0 1 633 631 632 2712
17618 4 2 0 1 2716 2718 638 2719
17619 4 2 0 1 2716 637 638 2718
17620 4 2 0 1 2450 4148 4147 2067
17621 4 2 0 1 4532 3810 1714 3795
17622 4 2 0 1 2736 4519 2438 2735
17623 4 2 0 1 1730 3811 3808 3812
17624 4 2 0 1 2719 3845 4491 2410
17625 4 2 0 1 3836 2410 3842 4491
17626 4 2 0 1 4148 2450 4147 4531
17627 4 2 0 1 833 4536 4103 2455
17628 4 2 0 1 3804 4119 1732 3813
17629 4 2 0 1 2028 741 743 2822
17630 4 2 0 1 2028 4109 2822 2824
17631 4 2 0 1 2914 2457 4537 833
17632 4 2 0 1 1968 4275 4049 4526
17633 4 2 0 1 2154 1738 3821 3819
17634 4 2 0 1 4532 1729 1714 3810
17635 4 2 0 1 2410 3836 3842 1755
17636 4 2 0 1 2730 651 2731 2732
17637 4 2 0 1 2714 633 632 2712
17638 4 2 0 1 2914 2457 4538 4537
17639 4 2 0 1 1729 2014 2087 4168
17640 4 2 0 1 4532 1718 1714 2451
17641 4 2 0 1 2445 2447 2194 4275
17642 4 2 0 1 2750 668 667 669
17643 4 2 0 1 2719 2720 638 1761
17644 4 2 0 1 4524 2445 1968 4526
17645 4 2 0 1 1714 3799 4532 3795
17646 4 2 0 1 1718 4532 1714 3799
17647 4 2 0 1 3826 3816 1745 3809
17648 4 2 0 1 741 3140 2820 2822
17649 4 2 0 1 672 2758 1230 2753
17650 4 2 0 1 655 2737 2736 2734
17651 4 2 0 1 2448 2013 2014 4095
17652 4 2 0 1 3816 1752 1770 3833
17653 4 2 0 1 2731 651 3838 2732
17654 4 2 0 1 4119 1732 1770 2038
17655 4 2 0 1 2734 2736 655 2735
17656 4 2 0 1 3813 1726 3804 3807
17657 4 2 0 1 3826 1745 4102 3809
17658 4 2 0 1 637 2716 638 635
17659 4 2 0 1 2004 685 739 4085
17660 4 2 0 1 3835 3836 1737 1755
17661 4 2 0 1 2447 4526 4275 2445
17662 4 2 0 1 3827 3817 2021 1746
17663 4 2 0 1 1729 2450 4095 4531
17664 4 2 0 1 3827 1963 2021 4044
17665 4 2 0 1 1723 4119 1720 2038
17666 4 2 0 1 3821 1739 3820 1738
17667 4 2 0 1 3810 1729 4095 4531
17668 4 2 0 1 1727 1730 1724 3808
17669 4 2 0 1 651 2733 2730 652
17670 4 2 0 1 2743 664 2746 2745
17671 4 2 0 1 2758 672 1230 677
17672 4 2 0 1 2443 1750 2445 3831
17673 4 2 0 1 2011 2013 2012 4093
17674 4 2 0 1 3821 4235 2154 3819
17675 4 2 0 1 1963 3827 2021 1746
17676 4 2 0 1 2022 2207 2455 4103
17677 4 2 0 1 1769 3602 3506 1521
17678 4 2 0 1 3832 4537 1751 3820
17679 4 2 0 1 4524 2443 2445 3831
17680 4 2 0 1 640 2720 637 2721
17681 4 2 0 1 2438 1758 654 2735
17682 4 2 0 1 3140 741 2820 1059
17683 4 2 0 1 3842 3836 3835 1755
17684 4 2 0 1 1764 3841 3845 2410
17685 4 2 0 1 641 644 2722 1964
17686 4 2 0 1 2722 640 641 1964
17687 4 2 0 1 1751 4539 2437 3832
17688 4 2 0 1 633 635 634 2716
17689 4 2 0 1 2013 2448 4529 4095
17690 4 2 0 1 2013 4529 4094 4095
17691 4 2 0 1 642 3842 2720 2723
17692 4 2 0 1 1743 3823 1731 3824
17693 4 2 0 1 2154 1738 1740 3821
17694 4 2 0 1 3841 3845 3840 1764
17695 4 2 0 1 4093 4092 2011 4094
17696 4 2 0 1 3506 3850 3602 1769
17697 4 2 0 1 3506 1425 1769 1521
17698 4 2 0 1 4168 1729 2014 4095
17699 4 2 0 1 2750 4165 667 2748
17700 4 2 0 1 4275 2445 1968 2194
17701 4 2 0 1 3845 638 2410 2719
17702 4 2 0 1 1738 3821 3819 3820
17703 4 2 0 1 654 1758 1757 2735
17704 4 2 0 1 2446 825 4527 2897
17705 4 2 0 1 1751 2457 2456 4537
17706 4 2 0 1 2747 2749 667 2748
17707 4 2 0 1 4491 3842 2719 2410
17708 4 2 0 1 655 2737 657 2736
17709 4 2 0 1 1739 1751 4537 3820
17710 4 2 0 1 2734 651 653 2733
17711 4 2 0 1 4288 2454 2455 4536
17712 4 2 0 1 4527 824 2897 2905
17713 4 2 0 1 3845 634 3840 1764
17714 4 2 0 1 649 2731 651 650
17715 4 2 0 1 2731 649 651 2730
17716 4 2 0 1 824 816 2446 2897
17717 4 2 0 1 3804 1720 3803 1723
17718 4 2 0 1 4537 833 4536 2914
17719 4 2 0 1 1723 1732 1726 3804
17720 4 2 0 1 2448 2446 2013 4527
17721 4 2 0 1 3851 4119 1770 3816
17722 4 2 0 1 2445 4275 1968 4526
17723 4 2 0 1 4165 669 2753 2750
17724 4 2 0 1 650 651 1757 3838
17725 4 2 0 1 2437 3832 4539 4518
17726 4 2 0 1 2718 2720 638 2719
17727 4 2 0 1 637 2720 638 2718
17728 4 2 0 1 2450 2448 4095 4531
17729 4 2 0 1 2457 833 2456 4537
17730 4 2 0 1 4529 4527 2013 4094
17731 4 2 0 1 2013 2448 4527 4529
17732 4 2 0 1 1737 3835 1755 1754
17733 4 2 0 1 2450 1729 2451 4532
17734 4 2 0 1 2731 651 650 3838
17735 4 2 0 1 4103 4288 2455 4536
17736 4 2 0 1 3827 1754 1737 1746
17737 4 2 0 1 3813 1758 3852 3839
17738 4 2 0 1 1758 3813 3852 1732
17739 4 2 0 1 4526 2447 4275 4528
17740 4 2 0 1 2011 2013 4093 4094
17741 4 2 0 1 638 3845 2410 1764
17742 4 2 0 1 2455 2207 2454 4288
17743 4 2 0 1 2722 2720 640 2721
17744 4 2 0 1 1770 3851 3816 3833
17745 4 2 0 1 4119 1723 1720 3804
17746 4 2 0 1 3842 642 2720 1761
17747 4 2 0 1 2720 642 639 1761
17748 4 2 0 1 1739 4537 3821 3820
17749 4 2 0 1 3165 2082 3854 1084
17750 4 2 0 1 3843 3827 4044 1963
17751 4 2 0 1 4175 649 648 2730
17752 4 2 0 1 1729 2450 4531 4532
17753 4 2 0 1 633 636 2716 2714
17754 4 2 0 1 4288 4535 2454 4536
17755 4 2 0 1 652 649 4175 2730
17756 4 2 0 1 4531 3810 1729 4532
17757 4 2 0 1 3824 3823 1731 3812
17758 4 2 0 1 3842 2720 2719 1761
17759 4 2 0 1 639 638 2720 1761
17760 4 2 0 1 1755 3835 3842 1754
17761 4 2 0 1 641 2723 2720 2722
17762 4 2 0 1 2723 641 2720 642
17763 4 2 0 1 3843 3827 1963 1746
17764 4 2 0 1 3842 3835 2723 1754
17765 4 2 0 1 3804 1726 3805 3807
17766 4 2 0 1 3821 1739 1738 1740
17767 4 2 0 1 1754 3827 1737 3835
17768 4 2 0 1 2749 2750 667 2748
17769 4 2 0 1 2723 643 642 1762
17770 4 2 0 1 4288 2455 2207 4103
17771 4 2 0 1 3804 1732 1726 3813
17772 4 2 0 1 2445 4524 3831 4526
17773 4 2 0 1 1732 3852 1758 1771
17774 4 2 0 1 4539 1751 2437 2458
17775 4 2 0 1 1732 4119 1770 3813
17776 4 2 0 1 2410 2719 638 1761
17777 4 2 0 1 884 1055 4422 2341
17778 4 2 0 1 2733 2734 651 2732
17779 4 2 0 1 1758 3852 3839 2438
17780 4 2 0 1 1758 2438 3839 2735
17781 4 2 0 1 3852 1726 3813 3807
17782 4 2 0 1 979 1091 1028 3109
17783 4 2 0 1 3172 979 2255 3060
17784 4 2 0 1 3172 3109 979 3060
17785 4 2 0 1 2255 4336 3172 3060
17786 4 2 0 1 3805 1726 3808 3807
17787 4 2 0 1 1745 1752 3826 1756
17788 4 2 0 1 3813 4119 1770 3851
17789 4 2 0 1 1751 2456 1739 4537
17790 4 2 0 1 4536 1740 2456 3821
17791 4 2 0 1 4537 4536 2456 3821
17792 4 2 0 1 1729 2450 2014 4095
17793 4 2 0 1 2729 2726 645 2100
17794 4 2 0 1 2725 645 2726 2100
17795 4 2 0 1 1740 2456 2455 4536
17796 4 2 0 1 3839 1757 1758 2735
17797 4 2 0 1 2723 642 3842 1754
17798 4 2 0 1 2728 650 1756 2731
17799 4 2 0 1 641 642 639 2720
17800 4 2 0 1 833 4537 4536 2456
17801 4 2 0 1 3843 1746 1754 3827
17802 4 2 0 1 920 3063 3064 3001
17803 4 2 0 1 1120 982 3201 3199
17804 4 2 0 1 982 1120 1118 3199
17805 4 2 0 1 3064 982 920 983
17806 4 2 0 1 1118 3064 982 3199
17807 4 2 0 1 3064 1118 982 983
17808 4 2 0 1 2727 646 643 3843
17809 4 2 0 1 1755 3842 2410 1761
17810 4 2 0 1 1687 3768 622 1688
17811 4 2 0 1 1750 4093 2445 3831
17812 4 2 0 1 1752 3833 3826 3837
17813 4 2 0 1 667 2747 665 666
17814 4 2 0 1 1758 3852 2438 1771
17815 4 2 0 1 4519 3852 2438 3839
17816 4 2 0 1 833 2455 2456 4536
17817 4 2 0 1 2438 4519 3839 2735
17818 4 2 0 1 1726 3804 3805 1723
17819 4 2 0 1 3839 3838 1757 2735
17820 4 2 0 1 2722 644 2724 2725
17821 4 2 0 1 2451 1718 2452 4532
17822 4 2 0 1 2703 622 3768 1688
17823 4 2 0 1 2703 3768 3769 1688
17824 4 2 0 1 4533 4532 1718 3799
17825 4 2 0 1 4533 2154 2454 4235
17826 4 2 0 1 3136 3961 4422 1055
17827 4 2 0 1 1055 3961 4422 1880
17828 4 2 0 1 4540 2459 4109 4541
17829 4 2 0 1 2456 1739 3821 1740
17830 4 2 0 1 4537 1739 3821 2456
17831 4 2 0 1 3827 3843 3835 1754
17832 4 2 0 1 637 2720 639 638
17833 4 2 0 1 4525 2004 4542 4085
17834 4 2 0 1 2746 662 664 2743
17835 4 2 0 1 633 636 635 2716
17836 4 2 0 1 1745 4044 1756 3826
17837 4 2 0 1 2953 2458 4540 4539
17838 4 2 0 1 3852 3815 1726 3807
17839 4 2 0 1 2459 2028 4109 4541
17840 4 2 0 1 2450 2448 2014 4095
17841 4 2 0 1 3835 3843 2723 1754
17842 4 2 0 1 4044 1745 1756 1963
17843 4 2 0 1 4235 4533 1718 3799
17844 4 2 0 1 3842 1755 1754 1761
17845 4 2 0 1 642 3842 1754 1761
17846 4 2 0 1 824 2448 2067 4148
17847 4 2 0 1 2717 637 2716 2718
17848 4 2 0 1 2446 4528 2013 4527
17849 4 2 0 1 4528 2446 2013 2447
17850 4 2 0 1 824 2905 4529 4148
17851 4 2 0 1 641 2724 2723 2722
17852 4 2 0 1 642 641 643 2723
17853 4 2 0 1 1730 1727 1731 3812
17854 4 2 0 1 647 2727 1756 646
17855 4 2 0 1 3425 1352 1367 3433
17856 4 2 0 1 3808 1726 1724 1727
17857 4 2 0 1 4527 4528 2013 4094
17858 4 2 0 1 644 2724 2725 645
17859 4 2 0 1 2458 2953 4540 872
17860 4 2 0 1 824 4527 2897 2446
17861 4 2 0 1 2454 4533 4235 4535
17862 4 2 0 1 2154 2454 2452 4533
17863 4 2 0 1 872 2458 2459 4540
17864 4 2 0 1 3843 643 2727 2724
17865 4 2 0 1 3843 646 643 1762
17866 4 2 0 1 2410 3842 2719 1761
17867 4 2 0 1 3813 1732 1726 3852
17868 4 2 0 1 2723 3843 643 1762
17869 4 2 0 1 2724 3843 643 2723
17870 4 2 0 1 2727 645 2726 2724
17871 4 2 0 1 643 645 646 2727
17872 4 2 0 1 4095 2448 4529 4531
17873 4 2 0 1 4044 2727 3843 1963
17874 4 2 0 1 2447 2013 4093 2012
17875 4 2 0 1 635 636 637 2716
17876 4 2 0 1 1754 2723 642 1762
17877 4 2 0 1 4526 3831 2445 4093
17878 4 2 0 1 681 677 2758 4525
17879 4 2 0 1 1727 1730 3808 3812
17880 4 2 0 1 2154 4533 1718 4235
17881 4 2 0 1 4109 2953 872 4540
17882 4 2 0 1 4146 2207 2454 2065
17883 4 2 0 1 2207 4146 2454 4288
17884 4 2 0 1 1732 1771 1726 3852
17885 4 2 0 1 667 669 2084 4165
17886 4 2 0 1 4109 872 2459 4540
17887 4 2 0 1 4093 1750 2445 2012
17888 4 2 0 1 2454 4146 4535 4288
17889 4 2 0 1 2747 665 664 2746
17890 4 2 0 1 2733 651 2730 2732
17891 4 2 0 1 4235 2454 3821 2154
17892 4 2 0 1 2721 2720 637 2718
17893 4 2 0 1 3140 4109 2028 4541
17894 4 2 0 1 4532 1718 2452 4533
17895 4 2 0 1 2028 2459 2460 4541
17896 4 2 0 1 1740 2454 2154 3821
17897 4 2 0 1 4528 2013 4093 2447
17898 4 2 0 1 2028 872 2459 4109
17899 4 2 0 1 665 667 2449 2748
17900 4 2 0 1 1726 1771 1734 3815
17901 4 2 0 1 2905 4527 824 4529
17902 4 2 0 1 2066 2450 4532 4147
17903 4 2 0 1 2013 4528 4093 4094
17904 4 2 0 1 2066 2450 2451 4532
17905 4 2 0 1 2758 677 1230 4525
17906 4 2 0 1 1746 1963 3843 1762
17907 4 2 0 1 2728 2729 648 2730
17908 4 2 0 1 643 645 2727 2724
17909 4 2 0 1 3821 2454 4536 1740
17910 4 2 0 1 1752 3833 3837 2731
17911 4 2 0 1 4533 2154 1718 2452
17912 4 2 0 1 4532 2450 4531 4147
17913 4 2 0 1 4044 1756 2727 1963
17914 4 2 0 1 1740 2455 2454 4536
17915 4 2 0 1 1059 4541 3140 2028
17916 4 2 0 1 4526 2445 2447 4093
17917 4 2 0 1 1352 1367 1344 3425
17918 4 2 0 1 3448 3425 1367 3433
17919 4 2 0 1 4532 2452 2066 4147
17920 4 2 0 1 2729 648 645 2728
17921 4 2 0 1 1726 1771 3815 3852
17922 4 2 0 1 2728 649 650 2731
17923 4 2 0 1 2728 649 2731 2730
17924 4 2 0 1 2066 2451 2452 4532
17925 4 2 0 1 2454 4235 3821 4535
17926 4 2 0 1 2450 2067 2448 4148
17927 4 2 0 1 2724 643 641 2723
17928 4 2 0 1 4148 2448 2450 4531
17929 4 2 0 1 2012 2447 2445 4093
17930 4 2 0 1 2004 4525 2762 4085
17931 4 2 0 1 4525 681 2004 2762
17932 4 2 0 1 652 2730 651 649
17933 4 2 0 1 2746 3165 662 2743
17934 4 2 0 1 2454 3821 4536 4535
17935 4 2 0 1 1746 3843 1754 1762
17936 4 2 0 1 1726 3815 3808 3807
17937 4 2 0 1 2082 659 662 2740
17938 4 2 0 1 2731 2728 3837 1756
17939 4 2 0 1 650 2728 1756 647
17940 4 2 0 1 1059 4541 2028 2460
17941 4 2 0 1 3822 1741 4539 4247
17942 4 2 0 1 2727 646 3843 1963
17943 4 2 0 1 3843 2723 1754 1762
17944 4 2 0 1 2166 4539 1741 4247
17945 4 2 0 1 2448 824 4529 4148
17946 4 2 0 1 662 2743 4163 2740
17947 4 2 0 1 2341 1055 4422 1880
17948 4 2 0 1 662 2746 664 665
17949 4 2 0 1 4525 2758 681 2762
17950 4 2 0 1 2727 2726 645 2728
17951 4 2 0 1 645 647 646 2727
17952 4 2 0 1 3204 3117 3114 1123
17953 4 2 0 1 640 2720 639 637
17954 4 2 0 1 641 2720 640 2722
17955 4 2 0 1 1137 1031 3218 1030
17956 4 2 0 1 2082 3165 3854 4163
17957 4 2 0 1 1773 2082 1084 3854
17958 4 2 0 1 4528 4526 2447 4093
17959 4 2 0 1 2727 3837 2728 1756
17960 4 2 0 1 2727 647 1756 2728
17961 4 2 0 1 2747 667 665 2748
17962 4 2 0 1 4530 665 2748 2746
17963 4 2 0 1 2731 1752 650 1756
17964 4 2 0 1 669 4165 2753 2084
17965 4 2 0 1 2740 2739 657 2738
17966 4 2 0 1 4539 2166 1741 2458
17967 4 2 0 1 3808 1734 1726 1727
17968 4 2 0 1 2720 641 640 639
17969 4 2 0 1 4539 3832 1751 3822
17970 4 2 0 1 646 3843 1963 1762
17971 4 2 0 1 4147 4532 2452 4533
17972 4 2 0 1 1756 2727 1963 646
17973 4 2 0 1 2448 4527 824 2446
17974 4 2 0 1 2743 3165 662 4163
17975 4 2 0 1 2065 2454 4146 4533
17976 4 2 0 1 1734 3808 1726 3815
17977 4 2 0 1 644 2722 2724 641
17978 4 2 0 1 2452 4147 2065 2066
17979 4 2 0 1 4527 2448 824 4529
17980 4 2 0 1 2449 2084 2453 4165
17981 4 2 0 1 3837 3826 1752 1756
17982 4 2 0 1 4533 2454 4146 4535
17983 4 2 0 1 2454 2065 2452 4533
17984 4 2 0 1 3768 622 2700 1687
17985 4 2 0 1 622 619 2700 1687
17986 4 2 0 1 4539 1751 1741 3822
17987 4 2 0 1 622 3768 2700 2703
17988 4 2 0 1 4148 4529 2448 4531
17989 4 2 0 1 2004 4525 4542 2444
17990 4 2 0 1 2444 2004 2461 4542
17991 4 2 0 1 665 2747 2748 2746
17992 4 2 0 1 3826 3837 4044 1756
17993 4 2 0 1 4514 1731 1727 3812
17994 4 2 0 1 658 1772 2438 4519
17995 4 2 0 1 2458 1751 1741 4539
17996 4 2 0 1 2739 657 659 2740
17997 4 2 0 1 1230 2753 2758 3311
17998 4 2 0 1 647 649 650 2728
17999 4 2 0 1 3165 662 665 2746
18000 4 2 0 1 2968 4422 4408 2341
18001 4 2 0 1 645 647 2727 2728
18002 4 2 0 1 4146 4147 2065 4533
18003 4 2 0 1 645 2726 2724 2725
18004 4 2 0 1 3812 1727 4514 3808
18005 4 2 0 1 2383 4449 3550 2368
18006 4 2 0 1 3550 4464 4449 2383
18007 4 2 0 1 3550 1469 2383 2368
18008 4 2 0 1 4542 1059 4541 3140
18009 4 2 0 1 4147 2452 2065 4533
18010 4 2 0 1 641 2724 644 643
18011 4 2 0 1 1731 1744 1743 3824
18012 4 2 0 1 1084 662 665 3165
18013 4 2 0 1 2731 3837 1752 1756
18014 4 2 0 1 2461 4541 1059 2460
18015 4 2 0 1 4165 2453 2449 4530
18016 4 2 0 1 4165 4534 2453 4530
18017 4 2 0 1 1774 3602 1769 1521
18018 4 2 0 1 2728 648 649 2730
18019 4 2 0 1 3602 1774 1769 3855
18020 4 2 0 1 1756 4044 2727 3837
18021 4 2 0 1 644 2724 645 643
18022 4 2 0 1 2438 3852 1772 1771
18023 4 2 0 1 3852 2438 1772 4519
18024 4 2 0 1 1744 3812 3824 1731
18025 4 2 0 1 1769 3602 3855 3850
18026 4 2 0 1 2928 2968 4069 847
18027 4 2 0 1 887 4069 847 1988
18028 4 2 0 1 1059 4085 3140 4542
18029 4 2 0 1 2748 2449 665 4530
18030 4 2 0 1 681 4525 2004 2444
18031 4 2 0 1 2729 645 2726 2728
18032 4 2 0 1 1771 3815 1772 1734
18033 4 2 0 1 1084 2082 662 3165
18034 4 2 0 1 4542 2004 1059 4085
18035 4 2 0 1 677 681 2444 4525
18036 4 2 0 1 2166 4247 3823 4540
18037 4 2 0 1 2459 3823 2166 1742
18038 4 2 0 1 3815 1771 1772 3852
18039 4 2 0 1 1769 3855 1774 620
18040 4 2 0 1 2166 4539 4247 4540
18041 4 2 0 1 4530 3165 665 2746
18042 4 2 0 1 865 2946 2968 2341
18043 4 2 0 1 1769 3855 620 3850
18044 4 2 0 1 657 2739 2736 2738
18045 4 2 0 1 3855 620 3850 2701
18046 4 2 0 1 4422 2968 2946 2341
18047 4 2 0 1 2444 1230 677 4525
18048 4 2 0 1 1734 1772 3854 3815
18049 4 2 0 1 1230 2084 672 2753
18050 4 2 0 1 2748 2449 4165 667
18051 4 2 0 1 2166 2458 4539 4540
18052 4 2 0 1 3823 2459 2166 4540
18053 4 2 0 1 4530 1084 665 3165
18054 4 2 0 1 4525 1230 2758 3311
18055 4 2 0 1 2458 2166 2459 4540
18056 4 2 0 1 2255 1091 979 3172
18057 4 2 0 1 3109 979 1091 3172
18058 4 2 0 1 2739 659 2082 2740
18059 4 2 0 1 647 648 649 2728
18060 4 2 0 1 3825 2083 4514 1744
18061 4 2 0 1 3855 620 621 1774
18062 4 2 0 1 2928 865 2968 847
18063 4 2 0 1 647 645 648 2728
18064 4 2 0 1 3855 621 620 2701
18065 4 2 0 1 4514 1727 1734 3808
18066 4 2 0 1 3823 1742 2459 4541
18067 4 2 0 1 982 3064 3063 3199
18068 4 2 0 1 982 3064 920 3063
18069 4 2 0 1 982 3063 3201 3199
18070 4 2 0 1 2438 655 658 2736
18071 4 2 0 1 3855 2702 621 2701
18072 4 2 0 1 4525 1230 1753 2444
18073 4 2 0 1 1734 4514 3808 3815
18074 4 2 0 1 4519 2438 658 2736
18075 4 2 0 1 4519 658 1772 3853
18076 4 2 0 1 658 4519 2739 3853
18077 4 2 0 1 1368 3449 3448 3433
18078 4 2 0 1 1368 1367 1352 3433
18079 4 2 0 1 4163 2082 662 2740
18080 4 2 0 1 1230 4525 1753 3311
18081 4 2 0 1 1753 4525 3834 3311
18082 4 2 0 1 1059 4542 4541 2461
18083 4 2 0 1 4540 3823 2459 4541
18084 4 2 0 1 1744 2433 2083 4514
18085 4 2 0 1 2083 3825 4514 4164
18086 4 2 0 1 3853 2739 2082 4163
18087 4 2 0 1 2739 2082 658 3853
18088 4 2 0 1 2082 1772 658 3853
18089 4 2 0 1 2701 619 621 620
18090 4 2 0 1 2449 4165 667 2084
18091 4 2 0 1 621 2700 2701 2702
18092 4 2 0 1 3165 2082 662 4163
18093 4 2 0 1 621 2703 2700 2702
18094 4 2 0 1 2700 621 2701 619
18095 4 2 0 1 622 619 621 2700
18096 4 2 0 1 2703 621 2700 622
18097 4 2 0 1 1084 4530 665 2449
18098 4 2 0 1 4519 1772 3852 3853
18099 4 2 0 1 1367 1368 3448 3433
18100 4 2 0 1 3823 1743 1742 4541
18101 4 2 0 1 2004 4542 1059 2461
18102 4 2 0 1 658 655 657 2736
18103 4 2 0 1 1773 1772 2082 3854
18104 4 2 0 1 2082 3854 3853 4163
18105 4 2 0 1 1772 2082 3854 3853
18106 4 2 0 1 2460 2459 1742 4541
18107 4 2 0 1 865 2928 2968 2946
18108 4 2 0 1 657 659 658 2739
18109 4 2 0 1 1744 3824 1753 1743
18110 4 2 0 1 1772 3815 3852 3853
18111 4 2 0 1 1084 3165 4164 3854
18112 4 2 0 1 2449 2748 4165 4530
18113 4 2 0 1 1772 1773 1734 3854
18114 4 2 0 1 3815 1772 3854 3853
18115 4 2 0 1 3328 1245 1482 3326
18116 4 2 0 1 1342 1242 1431 3512
18117 4 2 0 1 1482 1247 1245 3328
18118 4 2 0 1 3512 1342 1242 3323
18119 4 2 0 1 1342 3323 1243 1242
18120 4 2 0 1 1243 3324 3323 3423
18121 4 2 0 1 4541 3823 1743 3824
18122 4 2 0 1 1743 2460 1742 4541
18123 4 2 0 1 2084 3311 4165 2753
18124 4 2 0 1 4164 4514 1773 3854
18125 4 2 0 1 1731 4514 1727 2433
18126 4 2 0 1 2739 4519 658 2736
18127 4 2 0 1 3812 1744 3824 3825
18128 4 2 0 1 2084 1230 3311 2753
18129 4 2 0 1 1744 1731 4514 3812
18130 4 2 0 1 4163 2739 2082 2740
18131 4 2 0 1 4541 1743 2461 3824
18132 4 2 0 1 659 2739 2082 658
18133 4 2 0 1 2460 1743 2461 4541
18134 4 2 0 1 4164 1773 1084 3854
18135 4 2 0 1 3854 4514 1734 3815
18136 4 2 0 1 3768 2699 618 2700
18137 4 2 0 1 2739 657 2736 658
18138 4 2 0 1 4525 1753 4542 2444
18139 4 2 0 1 2461 1753 2444 4542
18140 4 2 0 1 1753 3834 3824 3825
18141 4 2 0 1 618 3768 2700 1687
18142 4 2 0 1 2700 619 618 1687
18143 4 2 0 1 1753 2461 1743 3824
18144 4 2 0 1 1753 4525 4542 3834
18145 4 2 0 1 1105 1250 3189 3186
18146 4 2 0 1 1105 1250 1108 3189
18147 4 2 0 1 2072 4153 3331 3186
18148 4 2 0 1 2072 1250 1105 3186
18149 4 2 0 1 1126 3411 3254 3207
18150 4 2 0 1 1126 1330 1173 3254
18151 4 2 0 1 2083 4514 1773 4164
18152 4 2 0 1 4514 2083 1773 2433
18153 4 2 0 1 2453 1230 1753 3311
18154 4 2 0 1 2453 3834 3311 1753
18155 4 2 0 1 887 2968 4408 2341
18156 4 2 0 1 4514 1727 2433 1734
18157 4 2 0 1 4408 887 2341 2327
18158 4 2 0 1 3311 2453 2084 4165
18159 4 2 0 1 3834 2453 3311 4534
18160 4 2 0 1 2383 3038 2368 957
18161 4 2 0 1 2383 3038 4449 2368
18162 4 2 0 1 3038 4449 4464 2383
18163 4 2 0 1 1230 2453 2084 3311
18164 4 2 0 1 1084 2083 1773 4164
18165 4 2 0 1 2461 4541 3824 4542
18166 4 2 0 1 889 2971 2970 3000
18167 4 2 0 1 890 3000 2971 889
18168 4 2 0 1 3000 920 890 3001
18169 4 2 0 1 3000 3001 890 2971
18170 4 2 0 1 887 865 2968 2341
18171 4 2 0 1 2453 3311 4534 4165
18172 4 2 0 1 1753 2461 3824 4542
18173 4 2 0 1 3824 1744 1753 3825
18174 4 2 0 1 4514 1734 1773 3854
18175 4 2 0 1 3506 3997 4507 1425
18176 4 2 0 1 3824 3834 1753 4542
18177 4 2 0 1 4069 887 847 2968
18178 4 2 0 1 3997 2426 1425 1916
18179 4 2 0 1 3812 4514 1744 3825
18180 4 2 0 1 4534 2453 2083 3825
18181 4 2 0 1 847 865 2968 887
18182 4 2 0 1 1744 1731 2433 4514
18183 4 2 0 1 2433 1734 1773 4514
18184 4 2 0 1 2356 1253 1116 3197
18185 4 2 0 1 3197 4437 1253 3334
18186 4 2 0 1 4272 1116 2356 2191
18187 4 2 0 1 1116 4272 2356 3197
18188 4 2 0 1 1744 2083 2453 3825
18189 4 2 0 1 3825 2083 4534 4164
18190 4 2 0 1 3834 1753 2453 3825
18191 4 2 0 1 920 3001 3000 3063
18192 4 2 0 1 4534 3834 2453 3825
18193 4 2 0 1 3850 3506 4507 1769
18194 4 2 0 1 1425 4507 3506 1769
18195 4 2 0 1 4388 3635 2307 4389
18196 4 2 0 1 3165 4530 1084 4164
18197 4 2 0 1 4408 4422 3961 1880
18198 4 2 0 1 1744 2453 1753 3825
18199 4 2 0 1 2700 618 2698 2699
18200 4 2 0 1 619 618 617 2698
18201 4 2 0 1 618 2700 2698 619
18202 4 2 0 1 970 3052 910 3051
18203 4 2 0 1 3052 970 910 971
18204 4 2 0 1 910 909 970 2990
18205 4 2 0 1 3051 910 970 2990
18206 4 2 0 1 2083 2449 2453 4530
18207 4 2 0 1 4534 2083 2453 4530
18208 4 2 0 1 3000 2200 982 3063
18209 4 2 0 1 1482 3563 3328 3326
18210 4 2 0 1 3323 1342 1243 3423
18211 4 2 0 1 3512 1342 3323 3423
18212 4 2 0 1 2426 3997 1425 4507
18213 4 2 0 1 2083 4530 1084 2449
18214 4 2 0 1 2341 4408 1880 4422
18215 4 2 0 1 1009 3091 3669 1010
18216 4 2 0 1 3091 1009 3669 3090
18217 4 2 0 1 1588 2191 1010 4272
18218 4 2 0 1 1010 3091 3669 4272
18219 4 2 0 1 3000 982 920 3063
18220 4 2 0 1 4370 1115 1252 3196
18221 4 2 0 1 4530 4534 2083 4164
18222 4 2 0 1 4530 2083 1084 4164
18223 4 2 0 1 1250 2072 3331 3186
18224 4 2 0 1 3189 1250 3331 3186
18225 4 2 0 1 1330 1126 3411 3254
18226 4 2 0 1 2426 3847 1769 1766
18227 4 2 0 1 3847 3850 4507 1769
18228 4 2 0 1 1425 2426 4507 1769
18229 4 2 0 1 4408 3961 3509 1428
18230 4 2 0 1 1428 4408 3961 1880
18231 4 2 0 1 1769 3847 620 1766
18232 4 2 0 1 3847 1769 620 3850
18233 4 2 0 1 3850 620 3847 2701
18234 4 2 0 1 1175 3110 1176 1029
18235 4 2 0 1 3109 1175 1028 3110
18236 4 2 0 1 1029 1028 1175 3110
18237 4 2 0 1 3110 3256 1176 3257
18238 4 2 0 1 3387 3635 1305 3386
18239 4 2 0 1 1305 1306 1554 3387
18240 4 2 0 1 4388 1305 3635 3386
18241 4 2 0 1 1305 4388 3635 2307
18242 4 2 0 1 4408 2341 1880 2327
18243 4 2 0 1 890 3000 889 919
18244 4 2 0 1 920 3000 890 919
18245 4 2 0 1 617 620 2698 1766
18246 4 2 0 1 3847 620 1766 2698
18247 4 2 0 1 3847 620 2698 2701
18248 4 2 0 1 889 864 891 2970
18249 4 2 0 1 864 2970 2945 2972
18250 4 2 0 1 2972 864 2990 2945
18251 4 2 0 1 891 2990 864 909
18252 4 2 0 1 919 2200 982 3000
18253 4 2 0 1 3333 3197 1253 3334
18254 4 2 0 1 1116 1253 1252 3197
18255 4 2 0 1 1252 3197 3196 1116
18256 4 2 0 1 1115 1116 1252 3196
18257 4 2 0 1 619 617 620 2698
18258 4 2 0 1 2701 619 620 2698
18259 4 2 0 1 2701 2700 619 2698
18260 4 2 0 1 1975 3055 4490 974
18261 4 2 0 1 982 3000 920 919
18262 4 2 0 1 3847 2426 1769 4507
18263 4 2 0 1 2200 1120 982 3201
18264 4 2 0 1 1253 2356 4437 3197
18265 4 2 0 1 2356 3197 4272 4437
18266 4 2 0 1 1880 1428 4408 2327
18267 4 2 0 1 4238 1408 2157 3183
18268 4 2 0 1 1102 2157 1408 3183
18269 4 2 0 1 3183 1191 1408 1102
18270 4 2 0 1 1408 1409 1191 3272
18271 4 2 0 1 3489 3490 1409 3272
18272 4 2 0 1 1191 3183 1408 3272
18273 4 2 0 1 3274 1271 1270 3352
18274 4 2 0 1 1192 3274 1270 3273
18275 4 2 0 1 3274 1192 1270 1193
18276 4 2 0 1 1271 3274 1270 1193
18277 4 2 0 1 3063 2200 982 3201
18278 4 2 0 1 2200 3000 4281 3063
18279 4 2 0 1 4272 2356 1588 2191
18280 4 2 0 1 1176 3415 3257 3256
18281 4 2 0 1 3051 3052 910 2991
18282 4 2 0 1 2990 3051 910 2991
18283 4 2 0 1 2426 1767 3847 1766
18284 4 2 0 1 3055 1974 1975 4055
18285 4 2 0 1 1974 3055 1975 974
18286 4 2 0 1 1588 1010 1009 3669
18287 4 2 0 1 3669 1588 1010 4272
18288 4 2 0 1 1988 4040 1989 4069
18289 4 2 0 1 1988 4040 1959 1989
18290 4 2 0 1 1767 3847 3848 2426
18291 4 2 0 1 1387 1210 4167 2086
18292 4 2 0 1 4167 3468 3291 1210
18293 4 2 0 1 4167 4040 1387 2086
18294 4 2 0 1 1959 1387 4040 2086
18295 4 2 0 1 2308 2307 1554 4389
18296 4 2 0 1 3635 1554 2307 4389
18297 4 2 0 1 2968 4408 4070 887
18298 4 2 0 1 887 4408 4070 2327
18299 4 2 0 1 3847 4507 3848 2426
18300 4 2 0 1 2033 4114 3179 2395
18301 4 2 0 1 4114 4476 3179 2395
18302 4 2 0 1 3179 2033 2395 1098
18303 4 2 0 1 3084 2273 1545 1003
18304 4 2 0 1 910 891 909 2990
18305 4 2 0 1 617 2696 618 615
18306 4 2 0 1 1988 887 4069 1989
18307 4 2 0 1 2698 618 2696 2699
18308 4 2 0 1 618 2698 2696 617
18309 4 2 0 1 1252 3333 4370 3196
18310 4 2 0 1 2289 1115 1252 4370
18311 4 2 0 1 3109 3256 1175 3110
18312 4 2 0 1 3110 1175 1176 3256
18313 4 2 0 1 3635 1305 1554 3387
18314 4 2 0 1 2307 1305 1554 3635
18315 4 2 0 1 3063 4281 2200 3201
18316 4 2 0 1 1176 1334 3415 3256
18317 4 2 0 1 3669 2356 4272 4437
18318 4 2 0 1 1352 3425 3432 3433
18319 4 2 0 1 1344 1351 1352 3432
18320 4 2 0 1 3425 1344 1352 3432
18321 4 2 0 1 4070 887 4069 2968
18322 4 2 0 1 2970 864 891 2972
18323 4 2 0 1 2990 891 864 2972
18324 4 2 0 1 2356 3669 4272 1588
18325 4 2 0 1 1448 1087 2308 3168
18326 4 2 0 1 3168 2308 1448 3529
18327 4 2 0 1 1461 2307 2308 3542
18328 4 2 0 1 2307 3542 4388 4389
18329 4 2 0 1 1253 1252 3197 3333
18330 4 2 0 1 3197 1252 3196 3333
18331 4 2 0 1 3052 973 972 3054
18332 4 2 0 1 973 3052 972 971
18333 4 2 0 1 1113 972 973 3054
18334 4 2 0 1 1113 3194 3053 3054
18335 4 2 0 1 1334 1176 1175 3256
18336 4 2 0 1 1003 1545 3084 1125
18337 4 2 0 1 3084 3626 3206 1125
18338 4 2 0 1 4370 2113 1115 4194
18339 4 2 0 1 4194 1115 4370 3196
18340 4 2 0 1 1408 4238 3489 3183
18341 4 2 0 1 1409 1408 3489 3272
18342 4 2 0 1 1408 3489 3272 3183
18343 4 2 0 1 1546 3206 3626 1125
18344 4 2 0 1 2990 910 891 2991
18345 4 2 0 1 3351 3352 3274 1270
18346 4 2 0 1 3351 3274 3273 1270
18347 4 2 0 1 2278 3550 1470 1469
18348 4 2 0 1 4359 3550 3551 1470
18349 4 2 0 1 3206 1546 3626 3627
18350 4 2 0 1 4183 891 910 2991
18351 4 2 0 1 1975 3055 4056 4490
18352 4 2 0 1 2409 1975 4490 974
18353 4 2 0 1 616 2697 1767 1766
18354 4 2 0 1 1767 2697 3847 1766
18355 4 2 0 1 3847 3848 2697 1767
18356 4 2 0 1 2696 616 617 2697
18357 4 2 0 1 2972 2990 891 2991
18358 4 2 0 1 616 2696 617 615
18359 4 2 0 1 2697 617 2696 2698
18360 4 2 0 1 4183 2972 891 2991
18361 4 2 0 1 2327 4070 887 1989
18362 4 2 0 1 3055 4055 1975 4056
18363 4 2 0 1 910 3052 971 972
18364 4 2 0 1 3168 4389 2308 3529
18365 4 2 0 1 4069 4070 4040 1989
18366 4 2 0 1 3542 2307 2308 4389
18367 4 2 0 1 1387 4040 1989 1959
18368 4 2 0 1 1210 4167 3468 1387
18369 4 2 0 1 4167 4040 3468 1387
18370 4 2 0 1 4487 2265 4490 4346
18371 4 2 0 1 2033 4464 4114 2395
18372 4 2 0 1 2033 2383 4464 2395
18373 4 2 0 1 4476 4114 4464 2395
18374 4 2 0 1 1461 2308 1087 3168
18375 4 2 0 1 2308 1461 3542 3168
18376 4 2 0 1 887 4070 4069 1989
18377 4 2 0 1 3000 2970 889 4280
18378 4 2 0 1 3055 4490 974 2265
18379 4 2 0 1 4490 3055 4346 2265
18380 4 2 0 1 1115 2289 2113 4370
18381 4 2 0 1 919 2199 2200 3000
18382 4 2 0 1 3550 2278 1470 4359
18383 4 2 0 1 3550 1469 2278 2383
18384 4 2 0 1 2278 4464 3550 2383
18385 4 2 0 1 910 3052 972 2991
18386 4 2 0 1 2383 2278 4464 2395
18387 4 2 0 1 2278 4476 4464 2395
18388 4 2 0 1 1578 4370 3659 4194
18389 4 2 0 1 4370 1578 2113 4194
18390 4 2 0 1 3000 2199 2200 4281
18391 4 2 0 1 3000 2199 889 919
18392 4 2 0 1 2399 3409 2405 4480
18393 4 2 0 1 891 2970 4280 889
18394 4 2 0 1 2265 3179 4487 1098
18395 4 2 0 1 4487 4346 3179 2265
18396 4 2 0 1 2265 4487 4490 2406
18397 4 2 0 1 2273 4354 3084 1545
18398 4 2 0 1 3626 3084 4354 1545
18399 4 2 0 1 2697 616 617 1766
18400 4 2 0 1 2698 2697 617 1766
18401 4 2 0 1 2698 3847 2697 1766
18402 4 2 0 1 910 2102 891 4183
18403 4 2 0 1 1249 3500 3330 4376
18404 4 2 0 1 2308 3542 4389 3168
18405 4 2 0 1 582 2607 2663 4768
18406 4 2 0 1 3054 972 3052 3053
18407 4 2 0 1 972 1113 3053 3054
18408 4 2 0 1 1989 4070 4040 1387
18409 4 2 0 1 4490 2406 2409 2265
18410 4 2 0 1 4070 3468 4040 1387
18411 4 2 0 1 3626 3084 1545 1125
18412 4 2 0 1 1125 3626 1546 1545
18413 4 2 0 1 3550 4359 4464 2278
18414 4 2 0 1 1578 2113 2289 4370
18415 4 2 0 1 4476 2278 4464 4359
18416 4 2 0 1 4490 2409 974 2265
18417 4 2 0 1 4487 2406 2265 1098
18418 4 2 0 1 2970 891 4280 2972
18419 4 2 0 1 2384 3672 3671 1590
18420 4 2 0 1 3343 3408 1262 3409
18421 4 2 0 1 1328 1262 1327 3408
18422 4 2 0 1 3343 1262 2399 3409
18423 4 2 0 1 2399 4480 3343 3409
18424 4 2 0 1 3052 972 2991 3053
18425 4 2 0 1 4354 1000 3084 3081
18426 4 2 0 1 3203 998 4354 3079
18427 4 2 0 1 2273 3084 1000 1003
18428 4 2 0 1 998 3203 4354 1122
18429 4 2 0 1 3997 1363 2426 1916
18430 4 2 0 1 3179 2395 4487 1098
18431 4 2 0 1 2395 3179 4487 4476
18432 4 2 0 1 1916 3275 1363 1194
18433 4 2 0 1 4370 1356 2289 2287
18434 4 2 0 1 3275 1916 1363 3997
18435 4 2 0 1 891 4280 2972 4183
18436 4 2 0 1 4183 910 972 2991
18437 4 2 0 1 3444 4507 3997 2426
18438 4 2 0 1 3500 1329 1249 3410
18439 4 2 0 1 3330 3500 1249 3410
18440 4 2 0 1 3160 4477 1079 2404
18441 4 2 0 1 616 3765 1767 2697
18442 4 2 0 1 3374 3373 3340 1292
18443 4 2 0 1 3340 1293 1292 1259
18444 4 2 0 1 2199 3000 4280 4281
18445 4 2 0 1 4142 4364 1554 3635
18446 4 2 0 1 3848 3765 2697 1767
18447 4 2 0 1 3848 1363 1767 2426
18448 4 2 0 1 2199 3000 889 4280
18449 4 2 0 1 3444 3848 4507 2426
18450 4 2 0 1 4487 2395 2406 1098
18451 4 2 0 1 1306 4142 1554 3387
18452 4 2 0 1 1932 3481 3483 1400
18453 4 2 0 1 4227 3470 3111 1030
18454 4 2 0 1 891 2199 889 4280
18455 4 2 0 1 3581 3672 1500 1590
18456 4 2 0 1 3672 3581 3671 1590
18457 4 2 0 1 4280 891 2102 4183
18458 4 2 0 1 1356 3333 4370 1252
18459 4 2 0 1 1356 1252 4370 2289
18460 4 2 0 1 2991 972 4183 3053
18461 4 2 0 1 910 4183 972 2102
18462 4 2 0 1 2199 891 2102 4280
18463 4 2 0 1 4070 4408 4350 2327
18464 4 2 0 1 4142 1554 3387 3635
18465 4 2 0 1 1000 4354 3084 2273
18466 4 2 0 1 2273 998 4354 1122
18467 4 2 0 1 3220 3192 2258 1111
18468 4 2 0 1 1139 3220 2258 1111
18469 4 2 0 1 4090 2278 3554 2009
18470 4 2 0 1 4492 1051 4203 3132
18471 4 2 0 1 1051 2122 2411 4203
18472 4 2 0 1 4492 1051 2411 4203
18473 4 2 0 1 1000 3081 4354 998
18474 4 2 0 1 3081 3079 4354 998
18475 4 2 0 1 1989 2269 4070 1387
18476 4 2 0 1 3468 4070 2269 1387
18477 4 2 0 1 4070 2327 2269 1989
18478 4 2 0 1 939 4113 4489 3020
18479 4 2 0 1 4113 939 4489 2032
18480 4 2 0 1 2278 1473 3554 2009
18481 4 2 0 1 2278 4090 3554 4359
18482 4 2 0 1 1389 1390 3471 1137
18483 4 2 0 1 3218 3111 3470 1030
18484 4 2 0 1 3409 2399 2405 1328
18485 4 2 0 1 2405 4480 3409 4486
18486 4 2 0 1 4476 4090 4487 2395
18487 4 2 0 1 3470 3471 3218 1137
18488 4 2 0 1 1137 3218 3470 1030
18489 4 2 0 1 2395 4090 4487 2009
18490 4 2 0 1 939 2032 2408 4489
18491 4 2 0 1 1249 1419 3500 4376
18492 4 2 0 1 1419 1249 2295 4376
18493 4 2 0 1 3765 616 1767 1684
18494 4 2 0 1 4487 2395 2009 2406
18495 4 2 0 1 1428 4408 4350 3509
18496 4 2 0 1 3194 4128 1113 3053
18497 4 2 0 1 2024 3216 1135 1333
18498 4 2 0 1 3414 3216 4105 2024
18499 4 2 0 1 1135 3216 3252 1333
18500 4 2 0 1 1333 3252 1135 1171
18501 4 2 0 1 3339 1354 2206 1258
18502 4 2 0 1 4408 1428 4350 2327
18503 4 2 0 1 1328 1262 3408 3409
18504 4 2 0 1 1262 1328 2399 3409
18505 4 2 0 1 4364 2061 1554 2283
18506 4 2 0 1 2061 4364 1554 4142
18507 4 2 0 1 998 4354 1000 2273
18508 4 2 0 1 4370 3437 2287 4368
18509 4 2 0 1 4370 1356 2287 3437
18510 4 2 0 1 1363 3444 3997 2426
18511 4 2 0 1 3275 3997 1363 3444
18512 4 2 0 1 3254 3532 2252 4333
18513 4 2 0 1 2252 1173 1451 3254
18514 4 2 0 1 4183 972 2047 3053
18515 4 2 0 1 972 4183 2047 2102
18516 4 2 0 1 1173 1330 1451 3254
18517 4 2 0 1 3848 3444 1363 2426
18518 4 2 0 1 1329 3500 1249 1419
18519 4 2 0 1 3220 3192 4339 2258
18520 4 2 0 1 4465 3672 3671 2384
18521 4 2 0 1 3672 2384 1591 1590
18522 4 2 0 1 4113 2405 2032 4489
18523 4 2 0 1 3411 1451 1330 3254
18524 4 2 0 1 1293 3374 3340 1292
18525 4 2 0 1 2405 2032 2399 4480
18526 4 2 0 1 2032 2405 4113 4480
18527 4 2 0 1 4142 1306 1554 2061
18528 4 2 0 1 3333 1356 4370 3437
18529 4 2 0 1 3192 1110 2258 1111
18530 4 2 0 1 1110 3192 2258 3191
18531 4 2 0 1 972 1113 2047 3053
18532 4 2 0 1 2405 2408 2032 4489
18533 4 2 0 1 2122 2408 2411 4203
18534 4 2 0 1 4492 2411 2408 4203
18535 4 2 0 1 4437 2414 2356 3439
18536 4 2 0 1 4376 1249 1131 3212
18537 4 2 0 1 1947 4027 2295 4028
18538 4 2 0 1 4376 3330 1249 3212
18539 4 2 0 1 4027 1947 2295 1946
18540 4 2 0 1 1253 4437 3439 3334
18541 4 2 0 1 1431 3696 3695 3512
18542 4 2 0 1 1615 1614 1431 3696
18543 4 2 0 1 2308 1554 2283 4389
18544 4 2 0 1 3635 4364 1554 4389
18545 4 2 0 1 1110 985 3066 1976
18546 4 2 0 1 1110 4057 3066 3191
18547 4 2 0 1 4057 1110 3066 1976
18548 4 2 0 1 4490 1496 4494 2409
18549 4 2 0 1 3695 1342 1431 3512
18550 4 2 0 1 3672 1591 1500 1590
18551 4 2 0 1 4437 1253 3439 2356
18552 4 2 0 1 1879 2200 2199 4281
18553 4 2 0 1 4477 2396 1079 2404
18554 4 2 0 1 4477 3160 4485 2404
18555 4 2 0 1 4492 2408 4489 4203
18556 4 2 0 1 3512 3695 1342 3423
18557 4 2 0 1 3434 1353 1354 1258
18558 4 2 0 1 1354 3339 3434 1258
18559 4 2 0 1 618 2696 1685 615
18560 4 2 0 1 618 2696 2699 1685
18561 4 2 0 1 3468 4070 4350 2269
18562 4 2 0 1 4336 2325 2255 3172
18563 4 2 0 1 4336 4406 2325 3172
18564 4 2 0 1 1091 2255 2325 3172
18565 4 2 0 1 2327 4350 4070 2269
18566 4 2 0 1 1113 3379 4128 3194
18567 4 2 0 1 3379 1298 1113 4128
18568 4 2 0 1 4090 4476 2278 2395
18569 4 2 0 1 2395 2278 4090 2009
18570 4 2 0 1 4448 4465 3671 2367
18571 4 2 0 1 2384 3671 2367 1590
18572 4 2 0 1 1932 1400 3483 1402
18573 4 2 0 1 3481 1932 3483 4013
18574 4 2 0 1 4227 2146 1389 1030
18575 4 2 0 1 3470 4227 1389 1030
18576 4 2 0 1 4280 1879 2199 4281
18577 4 2 0 1 3191 4339 3192 2258
18578 4 2 0 1 2102 4280 4183 3960
18579 4 2 0 1 4090 4476 4359 2278
18580 4 2 0 1 3765 612 613 1684
18581 4 2 0 1 3160 1079 2407 2404
18582 4 2 0 1 4280 1879 2102 2199
18583 4 2 0 1 3659 2287 4370 1578
18584 4 2 0 1 4489 4113 2405 4486
18585 4 2 0 1 4480 2405 4113 4486
18586 4 2 0 1 3090 3041 2418 4499
18587 4 2 0 1 4364 2283 1554 4389
18588 4 2 0 1 2327 1428 4350 2269
18589 4 2 0 1 2287 4370 1578 2289
18590 4 2 0 1 1268 3412 1269 3349
18591 4 2 0 1 3349 3412 1269 3350
18592 4 2 0 1 2396 3039 1079 958
18593 4 2 0 1 4477 1079 3039 3160
18594 4 2 0 1 4128 4183 2047 3053
18595 4 2 0 1 3471 3470 1389 1137
18596 4 2 0 1 3470 1389 1137 1030
18597 4 2 0 1 2418 1009 960 3041
18598 4 2 0 1 2418 1009 3041 3090
18599 4 2 0 1 1131 2295 1249 4376
18600 4 2 0 1 4027 4376 2295 4028
18601 4 2 0 1 3577 2009 4487 4090
18602 4 2 0 1 2406 3577 2009 4487
18603 4 2 0 1 1448 2308 2283 3529
18604 4 2 0 1 4128 2047 1113 3053
18605 4 2 0 1 4487 3577 4490 2406
18606 4 2 0 1 2295 1131 1947 4028
18607 4 2 0 1 4376 1131 4028 3212
18608 4 2 0 1 3481 1857 1932 3938
18609 4 2 0 1 1857 3481 1932 1400
18610 4 2 0 1 1496 4490 2406 2409
18611 4 2 0 1 4389 2283 2308 3529
18612 4 2 0 1 3414 3216 2024 1333
18613 4 2 0 1 3414 3252 3216 1333
18614 4 2 0 1 4485 2407 3160 4488
18615 4 2 0 1 3085 1125 2146 1004
18616 4 2 0 1 3087 1006 2146 1030
18617 4 2 0 1 4227 1125 3085 3206
18618 4 2 0 1 1030 4227 3087 3111
18619 4 2 0 1 3408 1327 1328 3421
18620 4 2 0 1 2131 4515 2432 2434
18621 4 2 0 1 4513 4212 4515 2131
18622 4 2 0 1 3771 2434 2432 4515
18623 4 2 0 1 2434 3771 2432 1690
18624 4 2 0 1 3532 2252 1451 3254
18625 4 2 0 1 3671 2384 2367 4465
18626 4 2 0 1 3411 3532 1451 3254
18627 4 2 0 1 2287 1579 1578 3659
18628 4 2 0 1 4368 1579 3659 3660
18629 4 2 0 1 1175 4042 3416 3256
18630 4 2 0 1 2287 3659 4370 4368
18631 4 2 0 1 4183 2047 2102 3960
18632 4 2 0 1 2367 4448 4465 987
18633 4 2 0 1 3068 4465 4448 987
18634 4 2 0 1 613 3765 2694 2693
18635 4 2 0 1 1496 4490 4494 3577
18636 4 2 0 1 2413 4494 1496 2409
18637 4 2 0 1 4287 3339 3435 2206
18638 4 2 0 1 1354 3339 2206 3435
18639 4 2 0 1 3766 2699 2696 1685
18640 4 2 0 1 2407 4485 3160 2404
18641 4 2 0 1 1298 2047 1113 4128
18642 4 2 0 1 1690 3770 3769 3771
18643 4 2 0 1 1688 1687 3768 1689
18644 4 2 0 1 3770 3769 3768 1688
18645 4 2 0 1 3770 1688 1690 3769
18646 4 2 0 1 2414 1358 2356 3439
18647 4 2 0 1 4389 4364 2283 3529
18648 4 2 0 1 4055 2407 1974 1975
18649 4 2 0 1 1358 1253 2356 3439
18650 4 2 0 1 3039 2396 1079 4477
18651 4 2 0 1 1131 4376 4028 2295
18652 4 2 0 1 3696 1614 1431 3695
18653 4 2 0 1 3070 985 989 1976
18654 4 2 0 1 985 3070 3066 1976
18655 4 2 0 1 3070 4057 3066 1976
18656 4 2 0 1 3409 3408 1328 3421
18657 4 2 0 1 1342 1431 1614 3695
18658 4 2 0 1 2407 4055 4056 1975
18659 4 2 0 1 1975 4490 4494 2409
18660 4 2 0 1 4490 1975 4494 4056
18661 4 2 0 1 1588 2420 2414 3669
18662 4 2 0 1 4486 1341 2405 3590
18663 4 2 0 1 4281 4280 1879 3960
18664 4 2 0 1 2283 3529 2325 1448
18665 4 2 0 1 3529 4364 2325 4406
18666 4 2 0 1 987 4477 3039 3068
18667 4 2 0 1 987 3039 2396 958
18668 4 2 0 1 4495 2414 4437 3439
18669 4 2 0 1 1879 4280 2102 3960
18670 4 2 0 1 3434 3435 3339 1354
18671 4 2 0 1 3765 613 612 2693
18672 4 2 0 1 2407 1079 4055 1974
18673 4 2 0 1 2407 3160 4055 1079
18674 4 2 0 1 2697 616 3765 2694
18675 4 2 0 1 3659 2287 1579 4368
18676 4 2 0 1 3938 3481 4013 1932
18677 4 2 0 1 4488 4055 4056 2407
18678 4 2 0 1 1448 2325 2255 4336
18679 4 2 0 1 2325 3529 4336 1448
18680 4 2 0 1 3529 2325 4336 4406
18681 4 2 0 1 3462 3213 4071 1132
18682 4 2 0 1 1125 4227 3085 2146
18683 4 2 0 1 4227 1030 3087 2146
18684 4 2 0 1 2384 2367 4465 987
18685 4 2 0 1 3960 4183 2047 4128
18686 4 2 0 1 3577 2406 2009 1496
18687 4 2 0 1 2406 3577 4490 1496
18688 4 2 0 1 3938 3070 989 1932
18689 4 2 0 1 3938 989 1857 1932
18690 4 2 0 1 2416 3132 4492 4497
18691 4 2 0 1 3203 1258 2206 1122
18692 4 2 0 1 1258 3203 2206 3339
18693 4 2 0 1 3669 2414 2356 4437
18694 4 2 0 1 2146 1006 3085 1004
18695 4 2 0 1 1006 3085 3087 2146
18696 4 2 0 1 2356 1588 2414 3669
18697 4 2 0 1 1334 3416 3415 3256
18698 4 2 0 1 3160 2407 4055 4488
18699 4 2 0 1 1175 3416 1334 3256
18700 4 2 0 1 613 616 3765 1684
18701 4 2 0 1 4354 2206 1545 2273
18702 4 2 0 1 3626 4354 4287 1545
18703 4 2 0 1 3529 2283 2325 4364
18704 4 2 0 1 4465 4477 987 3068
18705 4 2 0 1 3070 989 1932 1976
18706 4 2 0 1 3070 4013 4057 1976
18707 4 2 0 1 3041 3132 2418 4499
18708 4 2 0 1 3132 2418 960 3041
18709 4 2 0 1 960 1051 2418 3132
18710 4 2 0 1 1324 1325 1190 3271
18711 4 2 0 1 1324 3406 3271 3405
18712 4 2 0 1 3132 4497 2416 4499
18713 4 2 0 1 2047 1879 2102 3960
18714 4 2 0 1 3412 1268 1269 1331
18715 4 2 0 1 987 4477 2396 3039
18716 4 2 0 1 1340 1328 1327 3421
18717 4 2 0 1 3132 2416 4492 1051
18718 4 2 0 1 2411 2416 1051 4492
18719 4 2 0 1 2697 2696 616 2694
18720 4 2 0 1 613 616 615 2696
18721 4 2 0 1 2413 1975 4494 2409
18722 4 2 0 1 3632 2061 4364 1551
18723 4 2 0 1 3132 2416 2418 4499
18724 4 2 0 1 2384 4477 987 4465
18725 4 2 0 1 4376 2294 3500 4375
18726 4 2 0 1 1132 3462 3337 1256
18727 4 2 0 1 3070 3938 4013 1932
18728 4 2 0 1 3213 3462 3337 1132
18729 4 2 0 1 2418 1051 2416 3132
18730 4 2 0 1 616 613 3765 2694
18731 4 2 0 1 3085 4227 3087 2146
18732 4 2 0 1 4477 2384 987 2396
18733 4 2 0 1 3669 2420 2414 4501
18734 4 2 0 1 4501 2414 3669 4495
18735 4 2 0 1 4013 3070 1932 1976
18736 4 2 0 1 2432 4513 4515 2131
18737 4 2 0 1 4513 4515 3771 2432
18738 4 2 0 1 4027 2294 1297 1946
18739 4 2 0 1 2294 4027 1297 4375
18740 4 2 0 1 4027 1297 4375 3378
18741 4 2 0 1 3271 1325 1190 4269
18742 4 2 0 1 2206 4354 1545 4287
18743 4 2 0 1 2061 3632 4364 4142
18744 4 2 0 1 1551 2283 2061 4364
18745 4 2 0 1 4350 3509 1832 1428
18746 4 2 0 1 2432 3771 3770 1690
18747 4 2 0 1 3339 4287 3203 2206
18748 4 2 0 1 1419 2295 2294 4376
18749 4 2 0 1 3500 1419 2294 4376
18750 4 2 0 1 3301 1218 3364 3299
18751 4 2 0 1 1218 3301 3364 1220
18752 4 2 0 1 3364 1218 4333 3299
18753 4 2 0 1 4333 1218 1283 2252
18754 4 2 0 1 4437 3669 2414 4495
18755 4 2 0 1 4485 3681 4477 1600
18756 4 2 0 1 4510 3444 3365 1363
18757 4 2 0 1 3672 1600 2384 3681
18758 4 2 0 1 3203 2206 4354 1122
18759 4 2 0 1 1688 3768 3770 1689
18760 4 2 0 1 1688 3770 1690 1689
18761 4 2 0 1 1128 1100 3181 3182
18762 4 2 0 1 1100 1128 1101 3182
18763 4 2 0 1 3209 2402 3182 4483
18764 4 2 0 1 2402 1101 1128 3182
18765 4 2 0 1 613 616 2696 2694
18766 4 2 0 1 3090 2420 1009 3669
18767 4 2 0 1 2420 1588 1009 3669
18768 4 2 0 1 4354 2206 2273 1122
18769 4 2 0 1 1961 1335 1175 3416
18770 4 2 0 1 4042 1175 3416 1961
18771 4 2 0 1 4494 1493 1495 2413
18772 4 2 0 1 1428 1832 4350 2269
18773 4 2 0 1 4486 3422 1341 3590
18774 4 2 0 1 1509 2405 1341 3590
18775 4 2 0 1 3672 1600 1591 2384
18776 4 2 0 1 4465 3681 3672 2384
18777 4 2 0 1 2696 615 614 1685
18778 4 2 0 1 1600 4477 4485 2404
18779 4 2 0 1 1600 2396 4477 2404
18780 4 2 0 1 3464 3291 3468 1210
18781 4 2 0 1 614 2696 613 615
18782 4 2 0 1 3770 2432 2435 4513
18783 4 2 0 1 3509 1832 1428 1292
18784 4 2 0 1 1832 3509 3373 1292
18785 4 2 0 1 1210 3468 1383 1387
18786 4 2 0 1 3472 3470 3937 1389
18787 4 2 0 1 1328 3421 3422 3409
18788 4 2 0 1 3292 3234 3291 1153
18789 4 2 0 1 3291 1211 1153 1210
18790 4 2 0 1 3335 3365 3275 1254
18791 4 2 0 1 1194 3275 3365 1254
18792 4 2 0 1 1170 3276 1034 3251
18793 4 2 0 1 3251 3115 3276 1034
18794 4 2 0 1 3276 3115 4212 1034
18795 4 2 0 1 3276 2131 1034 4212
18796 4 2 0 1 2432 3770 2435 1689
18797 4 2 0 1 3960 2047 1878 4128
18798 4 2 0 1 3416 1175 1334 1335
18799 4 2 0 1 4368 3664 1579 3660
18800 4 2 0 1 1583 1579 2287 3664
18801 4 2 0 1 1408 4347 1410 3489
18802 4 2 0 1 3713 4013 3483 1632
18803 4 2 0 1 2206 3203 4354 4287
18804 4 2 0 1 1383 3468 2269 1387
18805 4 2 0 1 1391 3471 1389 1390
18806 4 2 0 1 1363 3275 3365 1194
18807 4 2 0 1 4494 1496 1493 2413
18808 4 2 0 1 1496 3577 4494 1493
18809 4 2 0 1 3766 2696 614 1685
18810 4 2 0 1 3248 1375 1167 1952
18811 4 2 0 1 2226 3218 3495 1137
18812 4 2 0 1 3669 3090 2420 4501
18813 4 2 0 1 2047 1878 1879 3960
18814 4 2 0 1 3770 4513 3771 2432
18815 4 2 0 1 3379 3959 1298 4128
18816 4 2 0 1 1961 1175 1028 3109
18817 4 2 0 1 2695 613 2696 2694
18818 4 2 0 1 1175 4042 3256 3109
18819 4 2 0 1 3766 614 2696 2695
18820 4 2 0 1 3421 1328 3422 1340
18821 4 2 0 1 3090 2418 2420 4499
18822 4 2 0 1 4364 3632 1551 4406
18823 4 2 0 1 1279 3248 1375 1167
18824 4 2 0 1 1375 3360 3248 1279
18825 4 2 0 1 3664 1579 2287 4368
18826 4 2 0 1 4364 1551 2325 4406
18827 4 2 0 1 2269 4350 3468 1383
18828 4 2 0 1 2418 3090 2420 1009
18829 4 2 0 1 3406 1324 3271 1325
18830 4 2 0 1 4071 3462 1132 1381
18831 4 2 0 1 1381 1132 4071 1990
18832 4 2 0 1 1363 3275 3444 3365
18833 4 2 0 1 2405 1509 2408 4489
18834 4 2 0 1 2696 614 613 2695
18835 4 2 0 1 3770 2432 1690 1689
18836 4 2 0 1 3292 3338 3234 1153
18837 4 2 0 1 3483 1932 1402 1632
18838 4 2 0 1 3483 1932 1632 4013
18839 4 2 0 1 3471 3470 3472 1389
18840 4 2 0 1 3661 3663 1580 4421
18841 4 2 0 1 4486 2405 4489 3590
18842 4 2 0 1 2325 2283 1551 4364
18843 4 2 0 1 3565 1496 1493 3577
18844 4 2 0 1 2047 1298 1878 4128
18845 4 2 0 1 2693 2692 612 2690
18846 4 2 0 1 1325 2188 1190 4269
18847 4 2 0 1 4269 3271 1325 3406
18848 4 2 0 1 4497 3591 1512 3593
18849 4 2 0 1 3565 3577 4090 2009
18850 4 2 0 1 2699 1686 3768 618
18851 4 2 0 1 618 3768 1687 1686
18852 4 2 0 1 1256 1132 3462 1381
18853 4 2 0 1 3926 1130 3363 3211
18854 4 2 0 1 1282 1845 1130 3363
18855 4 2 0 1 1130 3926 3363 1845
18856 4 2 0 1 4212 4513 3276 2131
18857 4 2 0 1 2258 1110 3191 2007
18858 4 2 0 1 3770 4513 2435 4516
18859 4 2 0 1 3338 1211 1257 1153
18860 4 2 0 1 1328 1340 1341 3422
18861 4 2 0 1 2295 1946 2294 4027
18862 4 2 0 1 4027 2294 4376 4375
18863 4 2 0 1 4499 2420 3090 4501
18864 4 2 0 1 2258 3191 4339 2007
18865 4 2 0 1 1409 3490 3489 3491
18866 4 2 0 1 2416 4492 1510 4497
18867 4 2 0 1 1409 1408 1410 3489
18868 4 2 0 1 4057 1110 1976 2007
18869 4 2 0 1 1110 4057 3191 2007
18870 4 2 0 1 3632 4367 1551 4406
18871 4 2 0 1 1512 2416 1510 4497
18872 4 2 0 1 2325 4367 1551 2286
18873 4 2 0 1 4367 2325 1551 4406
18874 4 2 0 1 4497 1512 1603 3593
18875 4 2 0 1 1390 3495 3471 1137
18876 4 2 0 1 3495 3218 3471 1137
18877 4 2 0 1 4376 2295 2294 4027
18878 4 2 0 1 1990 1132 3119 1038
18879 4 2 0 1 4071 3213 3119 1132
18880 4 2 0 1 4350 3509 3913 1832
18881 4 2 0 1 3117 1123 1990 1036
18882 4 2 0 1 3117 3204 4071 1123
18883 4 2 0 1 4492 2416 1510 2411
18884 4 2 0 1 1510 4492 3591 4497
18885 4 2 0 1 2009 3565 3577 1496
18886 4 2 0 1 3591 1512 1510 4497
18887 4 2 0 1 2269 1832 4350 1383
18888 4 2 0 1 1218 1283 1220 3364
18889 4 2 0 1 1218 3364 4333 1283
18890 4 2 0 1 1493 4494 1495 3574
18891 4 2 0 1 3574 4494 1495 3576
18892 4 2 0 1 618 2699 1686 1685
18893 4 2 0 1 1581 1579 3664 3660
18894 4 2 0 1 3660 3664 1581 3662
18895 4 2 0 1 1581 1579 1583 3664
18896 4 2 0 1 1581 3662 3663 3661
18897 4 2 0 1 3663 1580 1581 3661
18898 4 2 0 1 1496 3565 1493 1484
18899 4 2 0 1 1175 1961 4042 3109
18900 4 2 0 1 1512 4497 1603 2416
18901 4 2 0 1 1128 3181 3209 3182
18902 4 2 0 1 2402 3209 3182 1128
18903 4 2 0 1 1600 4477 2384 3681
18904 4 2 0 1 1603 2420 2418 4499
18905 4 2 0 1 3681 4485 3682 1600
18906 4 2 0 1 4510 1284 1363 3365
18907 4 2 0 1 1284 4510 1363 2429
18908 4 2 0 1 2405 1509 4489 3590
18909 4 2 0 1 2408 1509 2411 4492
18910 4 2 0 1 1603 4501 4499 3684
18911 4 2 0 1 2131 2432 4513 1195
18912 4 2 0 1 1509 2408 4489 4492
18913 4 2 0 1 3913 3509 3373 1832
18914 4 2 0 1 3937 1391 1389 1856
18915 4 2 0 1 1391 3937 1389 3472
18916 4 2 0 1 3593 1603 4497 3684
18917 4 2 0 1 2200 1418 1120 3201
18918 4 2 0 1 3768 1686 1689 1687
18919 4 2 0 1 1418 2200 4281 3201
18920 4 2 0 1 3767 1685 2699 3766
18921 4 2 0 1 4465 4477 3681 2384
18922 4 2 0 1 1961 1028 1091 3109
18923 4 2 0 1 3109 1091 4042 3172
18924 4 2 0 1 4477 1600 2384 2396
18925 4 2 0 1 3577 3574 4494 1493
18926 4 2 0 1 2404 3682 4485 1600
18927 4 2 0 1 1510 2411 1509 4492
18928 4 2 0 1 3590 1510 4492 3591
18929 4 2 0 1 1383 3464 3468 1210
18930 4 2 0 1 3565 4090 3554 2009
18931 4 2 0 1 3959 3960 1878 4128
18932 4 2 0 1 3565 1473 2009 3554
18933 4 2 0 1 1211 3291 3464 1210
18934 4 2 0 1 1496 2009 3565 1484
18935 4 2 0 1 1190 1114 3271 4269
18936 4 2 0 1 1114 3195 3271 4269
18937 4 2 0 1 3713 1976 2007 4057
18938 4 2 0 1 1976 3713 2007 1632
18939 4 2 0 1 1211 3292 3291 1153
18940 4 2 0 1 4350 3464 3468 1383
18941 4 2 0 1 4501 1603 4499 2420
18942 4 2 0 1 3471 1391 1389 3472
18943 4 2 0 1 3365 1194 1254 1284
18944 4 2 0 1 3276 1170 1034 1195
18945 4 2 0 1 2131 3276 1034 1195
18946 4 2 0 1 3565 3574 3577 1493
18947 4 2 0 1 3713 4057 4013 1976
18948 4 2 0 1 1976 4013 3713 1632
18949 4 2 0 1 2200 1879 1418 4281
18950 4 2 0 1 1546 3626 3627 4286
18951 4 2 0 1 3206 1546 1856 1125
18952 4 2 0 1 4286 4287 3435 2205
18953 4 2 0 1 3937 1546 3206 3627
18954 4 2 0 1 1546 3626 4286 1545
18955 4 2 0 1 1194 3365 1363 1284
18956 4 2 0 1 2404 3682 1600 1601
18957 4 2 0 1 1767 4510 1363 3848
18958 4 2 0 1 2206 3435 4287 2205
18959 4 2 0 1 2206 1354 3435 2205
18960 4 2 0 1 4513 2432 2435 1195
18961 4 2 0 1 3959 1878 1298 4128
18962 4 2 0 1 3970 1482 3563 1890
18963 4 2 0 1 2146 1856 4227 1389
18964 4 2 0 1 3470 4227 3937 1389
18965 4 2 0 1 1976 1932 4013 1632
18966 4 2 0 1 3338 3292 1211 1153
18967 4 2 0 1 1689 3767 3768 3770
18968 4 2 0 1 4088 4339 3191 2007
18969 4 2 0 1 3848 3444 4510 1363
18970 4 2 0 1 1128 1100 3926 3181
18971 4 2 0 1 1128 1100 1845 3926
18972 4 2 0 1 1132 3119 4071 1990
18973 4 2 0 1 1123 4071 3117 1990
18974 4 2 0 1 1832 3913 4350 1383
18975 4 2 0 1 1091 2325 2286 4367
18976 4 2 0 1 2325 3172 4367 1091
18977 4 2 0 1 3172 2325 4367 4406
18978 4 2 0 1 1509 4489 3590 4492
18979 4 2 0 1 4286 1546 1545 2205
18980 4 2 0 1 1879 4281 3960 3499
18981 4 2 0 1 1603 4497 4499 2416
18982 4 2 0 1 4033 1375 3248 1952
18983 4 2 0 1 1375 4033 3248 3456
18984 4 2 0 1 4057 4088 3191 2007
18985 4 2 0 1 4042 1961 1091 3109
18986 4 2 0 1 3360 1375 3248 3456
18987 4 2 0 1 1603 2418 2416 4499
18988 4 2 0 1 2131 4513 3276 1195
18989 4 2 0 1 4497 1603 4499 3684
18990 4 2 0 1 3464 4350 3913 1383
18991 4 2 0 1 1251 1114 2188 3332
18992 4 2 0 1 1114 3332 3195 4269
18993 4 2 0 1 1689 3767 3770 2435
18994 4 2 0 1 2286 4042 1091 4367
18995 4 2 0 1 4367 4042 1091 3172
18996 4 2 0 1 4488 4500 3694 2407
18997 4 2 0 1 1036 1990 3117 1038
18998 4 2 0 1 1990 3119 3117 1038
18999 4 2 0 1 1510 3590 4492 1509
19000 4 2 0 1 1376 3360 1375 1279
19001 4 2 0 1 1473 3565 2009 1484
19002 4 2 0 1 4347 1408 1410 2266
19003 4 2 0 1 3489 4347 1410 3491
19004 4 2 0 1 2692 609 612 2690
19005 4 2 0 1 612 611 609 2692
19006 4 2 0 1 1114 1190 2188 4269
19007 4 2 0 1 4513 4516 3276 2435
19008 4 2 0 1 1952 3234 3338 1153
19009 4 2 0 1 4501 1604 2414 4495
19010 4 2 0 1 2420 1604 2414 4501
19011 4 2 0 1 4501 1603 1604 3684
19012 4 2 0 1 1414 2226 3495 1137
19013 4 2 0 1 3495 4307 3218 2226
19014 4 2 0 1 1686 2699 3768 3767
19015 4 2 0 1 3627 4286 3891 1546
19016 4 2 0 1 3211 3926 1130 3181
19017 4 2 0 1 3926 1100 1130 3181
19018 4 2 0 1 1100 3926 1130 1845
19019 4 2 0 1 3713 4088 4057 2007
19020 4 2 0 1 3767 4516 3770 2435
19021 4 2 0 1 2435 3276 4513 1195
19022 4 2 0 1 3338 1257 1952 1153
19023 4 2 0 1 1383 1211 3464 1210
19024 4 2 0 1 1878 3960 3499 1879
19025 4 2 0 1 3247 3139 3246 1166
19026 4 2 0 1 3246 1058 1166 3139
19027 4 2 0 1 3247 3246 3340 1259
19028 4 2 0 1 3246 1166 1259 3247
19029 4 2 0 1 2420 1603 1604 4501
19030 4 2 0 1 2340 1580 1582 4421
19031 4 2 0 1 3663 1582 1580 4421
19032 4 2 0 1 3489 1410 1409 3491
19033 4 2 0 1 2023 3359 3250 4104
19034 4 2 0 1 1278 2023 3250 1169
19035 4 2 0 1 1787 3359 2023 3868
19036 4 2 0 1 4104 3359 3868 2023
19037 4 2 0 1 3291 1211 3464 3292
19038 4 2 0 1 4042 2286 1091 1961
19039 4 2 0 1 1546 4286 3891 2205
19040 4 2 0 1 1856 3937 4227 1389
19041 4 2 0 1 3694 2404 3682 4485
19042 4 2 0 1 3767 1685 1686 2699
19043 4 2 0 1 3332 1114 2188 4269
19044 4 2 0 1 1546 3937 3206 1856
19045 4 2 0 1 3181 3926 1128 3209
19046 4 2 0 1 1390 1414 3495 1137
19047 4 2 0 1 3117 4071 3119 1990
19048 4 2 0 1 4510 1767 1363 2429
19049 4 2 0 1 2407 4500 1613 2419
19050 4 2 0 1 2407 4500 3694 1613
19051 4 2 0 1 3767 1689 3768 1686
19052 4 2 0 1 1952 1167 3248 1027
19053 4 2 0 1 1952 3248 3108 1027
19054 4 2 0 1 3694 4485 4488 2407
19055 4 2 0 1 1613 3682 2404 1601
19056 4 2 0 1 4238 1408 4347 2157
19057 4 2 0 1 4227 3206 1856 1125
19058 4 2 0 1 613 2694 2692 2693
19059 4 2 0 1 1408 4238 4347 3489
19060 4 2 0 1 2407 3694 4485 2404
19061 4 2 0 1 2692 612 613 2693
19062 4 2 0 1 1580 3663 1581 1582
19063 4 2 0 1 2435 1689 3767 1686
19064 4 2 0 1 1125 1856 4227 2146
19065 4 2 0 1 2226 3112 3218 1031
19066 4 2 0 1 3114 2226 1123 1033
19067 4 2 0 1 4307 3204 3114 1123
19068 4 2 0 1 1031 3218 2226 1137
19069 4 2 0 1 1767 3765 4510 3848
19070 4 2 0 1 1418 4281 3499 3201
19071 4 2 0 1 4056 2407 1975 2419
19072 4 2 0 1 3765 1767 4510 1684
19073 4 2 0 1 2404 3694 3682 1613
19074 4 2 0 1 1375 3456 3360 1376
19075 4 2 0 1 2407 4500 4056 4488
19076 4 2 0 1 1503 1335 1961 3584
19077 4 2 0 1 1604 4501 3685 4495
19078 4 2 0 1 3960 1878 3499 3959
19079 4 2 0 1 3456 3457 3360 1376
19080 4 2 0 1 3338 4033 3234 1952
19081 4 2 0 1 4281 1879 1418 3499
19082 4 2 0 1 1580 4173 3661 4421
19083 4 2 0 1 1580 2092 4173 4421
19084 4 2 0 1 3422 1508 3590 3589
19085 4 2 0 1 4286 1545 3626 4287
19086 4 2 0 1 1333 4315 3252 1171
19087 4 2 0 1 3684 1604 4501 3685
19088 4 2 0 1 2404 2407 3694 1613
19089 4 2 0 1 2205 3891 1546 1810
19090 4 2 0 1 2695 614 611 1765
19091 4 2 0 1 2305 1211 3464 1383
19092 4 2 0 1 4286 1545 4287 2205
19093 4 2 0 1 1335 1961 3584 3416
19094 4 2 0 1 4042 3584 1961 3416
19095 4 2 0 1 1211 3464 3292 2305
19096 4 2 0 1 1545 2206 4287 2205
19097 4 2 0 1 3252 3414 4315 1333
19098 4 2 0 1 1171 1333 4315 2234
19099 4 2 0 1 2215 3207 3411 1126
19100 4 2 0 1 4296 1108 1250 3189
19101 4 2 0 1 1250 3331 4296 3189
19102 4 2 0 1 1126 2215 1330 3411
19103 4 2 0 1 3207 2215 3411 4296
19104 4 2 0 1 2215 1108 1250 4296
19105 4 2 0 1 4227 3206 3937 1856
19106 4 2 0 1 1118 4187 1119 3199
19107 4 2 0 1 1119 4187 1242 3200
19108 4 2 0 1 4187 1431 1242 3512
19109 4 2 0 1 4187 1242 3200 3323
19110 4 2 0 1 1119 4187 3200 3199
19111 4 2 0 1 4187 3512 1242 3323
19112 4 2 0 1 1495 4494 2413 2419
19113 4 2 0 1 3591 1511 1512 3592
19114 4 2 0 1 1326 1298 3379 3622
19115 4 2 0 1 1326 3379 3407 3622
19116 4 2 0 1 4500 2407 4056 2419
19117 4 2 0 1 1509 1341 1508 3590
19118 4 2 0 1 1508 3422 3590 1341
19119 4 2 0 1 3108 4033 3248 1952
19120 4 2 0 1 1879 1878 1418 3499
19121 4 2 0 1 3108 1952 1027 1153
19122 4 2 0 1 1952 3108 3234 1153
19123 4 2 0 1 3592 1512 3591 3593
19124 4 2 0 1 613 611 612 2692
19125 4 2 0 1 2429 1684 4510 1767
19126 4 2 0 1 4510 2429 1361 1768
19127 4 2 0 1 1408 2157 2266 4347
19128 4 2 0 1 2692 613 2695 2694
19129 4 2 0 1 1510 1511 1512 3591
19130 4 2 0 1 614 611 613 2695
19131 4 2 0 1 1495 4500 4494 2419
19132 4 2 0 1 1832 2305 3913 1383
19133 4 2 0 1 1334 1335 1359 3440
19134 4 2 0 1 1334 3416 3440 3415
19135 4 2 0 1 611 3846 2695 1765
19136 4 2 0 1 3956 1381 4071 1875
19137 4 2 0 1 2305 3464 3913 1383
19138 4 2 0 1 4500 1495 4494 3576
19139 4 2 0 1 4494 1975 2419 4056
19140 4 2 0 1 3251 3276 4340 1170
19141 4 2 0 1 2226 3114 1123 4307
19142 4 2 0 1 4307 3112 3218 2226
19143 4 2 0 1 2157 3198 4347 4238
19144 4 2 0 1 2266 3198 2157 1117
19145 4 2 0 1 3970 1482 1890 1889
19146 4 2 0 1 3563 3970 1890 3971
19147 4 2 0 1 3713 1633 2007 1632
19148 4 2 0 1 1975 4494 2419 2413
19149 4 2 0 1 3846 611 2695 2692
19150 4 2 0 1 1826 3374 1812 1293
19151 4 2 0 1 3974 1261 1247 3342
19152 4 2 0 1 1247 3328 3974 3342
19153 4 2 0 1 1335 1334 3416 3440
19154 4 2 0 1 1033 3112 2226 1031
19155 4 2 0 1 3112 1033 2226 3114
19156 4 2 0 1 4512 1685 3767 3766
19157 4 2 0 1 3573 3574 1493 1494
19158 4 2 0 1 2092 1580 2340 4421
19159 4 2 0 1 1381 3956 4071 3462
19160 4 2 0 1 1875 1381 4071 1990
19161 4 2 0 1 2435 4516 3276 2259
19162 4 2 0 1 2688 609 1683 607
19163 4 2 0 1 1832 3373 1826 1292
19164 4 2 0 1 3492 1191 1409 3272
19165 4 2 0 1 3492 1409 3490 3272
19166 4 2 0 1 4153 1411 1191 2072
19167 4 2 0 1 1191 3492 4153 3272
19168 4 2 0 1 4033 3108 3234 1952
19169 4 2 0 1 4494 4500 4056 2419
19170 4 2 0 1 3276 2435 2259 1195
19171 4 2 0 1 1058 3246 1166 1165
19172 4 2 0 1 1166 3246 1259 1165
19173 4 2 0 1 2435 3767 4516 2431
19174 4 2 0 1 3764 2688 2690 1683
19175 4 2 0 1 1298 3959 3379 3622
19176 4 2 0 1 3359 2023 3250 1278
19177 4 2 0 1 3359 1787 2023 1278
19178 4 2 0 1 1676 2610 3757 4803
19179 4 2 0 1 3565 1492 1493 1484
19180 4 2 0 1 2092 2340 1117 3198
19181 4 2 0 1 2092 4173 4421 3198
19182 4 2 0 1 613 2692 2695 611
19183 4 2 0 1 4088 3713 3714 2007
19184 4 2 0 1 1878 3959 3958 3499
19185 4 2 0 1 3276 2259 1170 1195
19186 4 2 0 1 1326 3407 3688 3622
19187 4 2 0 1 3749 3891 3727 1810
19188 4 2 0 1 3574 3565 3573 1493
19189 4 2 0 1 3767 2435 1686 2431
19190 4 2 0 1 1541 3688 1326 1607
19191 4 2 0 1 3907 3913 3373 1832
19192 4 2 0 1 2286 3584 4042 4367
19193 4 2 0 1 3198 2266 2157 4347
19194 4 2 0 1 1839 3920 3937 1391
19195 4 2 0 1 1503 1961 2286 3584
19196 4 2 0 1 2431 3767 1685 1686
19197 4 2 0 1 3442 4510 3365 1284
19198 4 2 0 1 1284 4510 2429 1361
19199 4 2 0 1 4386 3292 3464 2305
19200 4 2 0 1 3846 3600 4511 1765
19201 4 2 0 1 1245 3970 1482 3326
19202 4 2 0 1 3324 1889 3423 1243
19203 4 2 0 1 1482 3326 3970 3563
19204 4 2 0 1 1243 1342 1889 3423
19205 4 2 0 1 3958 1418 1878 3499
19206 4 2 0 1 609 2688 1683 2690
19207 4 2 0 1 1503 3586 2286 1505
19208 4 2 0 1 3584 2286 3586 4367
19209 4 2 0 1 1878 3622 3959 1298
19210 4 2 0 1 1826 3373 3374 1292
19211 4 2 0 1 3586 1503 2286 3584
19212 4 2 0 1 3352 1271 1270 2164
19213 4 2 0 1 3351 3352 1270 2164
19214 4 2 0 1 3352 3351 4245 2164
19215 4 2 0 1 2226 3112 3114 4307
19216 4 2 0 1 1292 3374 1826 1293
19217 4 2 0 1 3584 1961 2286 4042
19218 4 2 0 1 2266 1117 2340 3198
19219 4 2 0 1 3590 3589 1510 3591
19220 4 2 0 1 3589 1510 1508 3590
19221 4 2 0 1 3920 3472 3937 1391
19222 4 2 0 1 1391 3937 1839 1856
19223 4 2 0 1 1247 1893 1261 3974
19224 4 2 0 1 3464 2305 3913 4386
19225 4 2 0 1 2340 2092 4421 3198
19226 4 2 0 1 1509 1508 1510 3590
19227 4 2 0 1 3974 1247 1482 3328
19228 4 2 0 1 3974 3328 1482 3563
19229 4 2 0 1 1910 4483 4471 3991
19230 4 2 0 1 1477 4471 3558 3991
19231 4 2 0 1 4471 1477 1910 3991
19232 4 2 0 1 2402 2390 1910 4483
19233 4 2 0 1 3252 1192 4315 3273
19234 4 2 0 1 1192 3252 4315 1171
19235 4 2 0 1 3764 2693 612 2690
19236 4 2 0 1 1171 4315 1192 2234
19237 4 2 0 1 1126 1108 2215 3207
19238 4 2 0 1 4296 3207 1108 3189
19239 4 2 0 1 1108 2215 3207 4296
19240 4 2 0 1 1220 4316 3301 3364
19241 4 2 0 1 1318 3548 3398 1317
19242 4 2 0 1 3548 1318 1467 1317
19243 4 2 0 1 1318 3549 3548 1468
19244 4 2 0 1 3548 1318 1468 1467
19245 4 2 0 1 3399 3398 3361 1280
19246 4 2 0 1 1318 3398 1280 1317
19247 4 2 0 1 1139 2258 3220 1255
19248 4 2 0 1 612 3764 2690 1683
19249 4 2 0 1 4187 1119 1242 2106
19250 4 2 0 1 4187 1118 1119 2106
19251 4 2 0 1 1431 4187 1242 2106
19252 4 2 0 1 1254 1139 3220 1255
19253 4 2 0 1 1254 3220 3335 1255
19254 4 2 0 1 3336 3220 4339 2258
19255 4 2 0 1 1633 3713 2007 3714
19256 4 2 0 1 2286 3586 1551 1505
19257 4 2 0 1 4421 2266 3198 4347
19258 4 2 0 1 3586 4367 1551 3632
19259 4 2 0 1 3586 2286 1551 4367
19260 4 2 0 1 1298 1326 1541 3622
19261 4 2 0 1 2266 4421 3198 2340
19262 4 2 0 1 3905 3456 4033 1824
19263 4 2 0 1 2390 2402 3209 4483
19264 4 2 0 1 2430 3766 614 1685
19265 4 2 0 1 2695 3766 614 4511
19266 4 2 0 1 2235 1220 1283 4316
19267 4 2 0 1 4316 1220 1283 3364
19268 4 2 0 1 1254 3365 1332 3335
19269 4 2 0 1 2690 609 612 1683
19270 4 2 0 1 4363 1431 4187 3512
19271 4 2 0 1 4511 614 2695 1765
19272 4 2 0 1 608 609 2691 2690
19273 4 2 0 1 3442 3849 4510 1361
19274 4 2 0 1 1361 3849 4510 1768
19275 4 2 0 1 2390 2402 1128 3209
19276 4 2 0 1 3970 1245 1482 1889
19277 4 2 0 1 1889 3324 3423 3970
19278 4 2 0 1 3573 1493 1492 1494
19279 4 2 0 1 3574 3573 3575 1494
19280 4 2 0 1 3549 3552 3551 1468
19281 4 2 0 1 1471 3551 1468 1470
19282 4 2 0 1 2305 3913 3907 1832
19283 4 2 0 1 4340 3276 4516 2259
19284 4 2 0 1 3627 3891 3920 1546
19285 4 2 0 1 1470 1472 3551 1473
19286 4 2 0 1 1546 3891 3920 1839
19287 4 2 0 1 3554 3551 3553 1473
19288 4 2 0 1 2287 4369 3437 2288
19289 4 2 0 1 2259 3276 1170 4340
19290 4 2 0 1 1247 3974 1482 1893
19291 4 2 0 1 1410 2266 1902 3983
19292 4 2 0 1 3365 1254 1332 1284
19293 4 2 0 1 1878 3622 1298 1541
19294 4 2 0 1 3846 4511 2695 1765
19295 4 2 0 1 3204 1875 4071 1123
19296 4 2 0 1 1875 3204 4071 3956
19297 4 2 0 1 4516 2435 2431 2259
19298 4 2 0 1 1582 1902 4421 3983
19299 4 2 0 1 1551 3586 1528 1505
19300 4 2 0 1 1492 3565 1493 3573
19301 4 2 0 1 3609 1551 3586 1528
19302 4 2 0 1 3970 1245 3324 3326
19303 4 2 0 1 1243 1889 1245 3324
19304 4 2 0 1 1551 3609 3586 3632
19305 4 2 0 1 3688 1541 1326 3622
19306 4 2 0 1 4512 4516 3767 2431
19307 4 2 0 1 3412 3973 1269 3350
19308 4 2 0 1 1826 3374 3907 1812
19309 4 2 0 1 3907 3374 3893 1812
19310 4 2 0 1 1511 3591 3589 3592
19311 4 2 0 1 2098 2072 1411 4153
19312 4 2 0 1 1418 3958 1878 1877
19313 4 2 0 1 2401 2390 1128 3209
19314 4 2 0 1 3767 2431 1685 4512
19315 4 2 0 1 3973 1269 1331 3412
19316 4 2 0 1 1269 1331 1892 3973
19317 4 2 0 1 1123 1875 4071 1990
19318 4 2 0 1 3891 1546 1810 1839
19319 4 2 0 1 4033 1824 1375 1952
19320 4 2 0 1 1824 3456 4033 1375
19321 4 2 0 1 1826 3907 3373 1832
19322 4 2 0 1 1510 3589 1511 3591
19323 4 2 0 1 3589 1510 1511 1508
19324 4 2 0 1 1191 3492 1409 1411
19325 4 2 0 1 1411 4153 1191 3492
19326 4 2 0 1 4347 1410 3983 2266
19327 4 2 0 1 1410 4347 3983 3491
19328 4 2 0 1 3442 4510 1284 1361
19329 4 2 0 1 609 608 607 2688
19330 4 2 0 1 4421 3663 1582 3983
19331 4 2 0 1 1582 1902 2340 4421
19332 4 2 0 1 3958 1878 3622 3959
19333 4 2 0 1 1494 3576 3574 1495
19334 4 2 0 1 3574 1493 1494 1495
19335 4 2 0 1 3437 2287 2288 1356
19336 4 2 0 1 4369 2287 3437 4368
19337 4 2 0 1 1810 1646 3727 1668
19338 4 2 0 1 1810 3727 3749 1668
19339 4 2 0 1 3373 1826 3374 3907
19340 4 2 0 1 3913 2305 3907 4386
19341 4 2 0 1 1528 1551 2061 3609
19342 4 2 0 1 3609 1551 2061 3632
19343 4 2 0 1 3632 2061 3609 4142
19344 4 2 0 1 609 608 2688 2690
19345 4 2 0 1 3324 1889 1245 3970
19346 4 2 0 1 2282 1431 2106 4187
19347 4 2 0 1 1519 2430 4511 1765
19348 4 2 0 1 1519 4511 3600 1765
19349 4 2 0 1 3627 3920 3937 1546
19350 4 2 0 1 1546 3920 3937 1839
19351 4 2 0 1 1274 3352 3355 2164
19352 4 2 0 1 1274 1271 3352 2164
19353 4 2 0 1 3352 4245 3355 2164
19354 4 2 0 1 1528 2061 1806 3609
19355 4 2 0 1 1806 3609 4142 3887
19356 4 2 0 1 1638 1507 1340 3421
19357 4 2 0 1 3609 2061 1806 4142
19358 4 2 0 1 1806 4142 1306 3887
19359 4 2 0 1 1306 4142 3387 3887
19360 4 2 0 1 4142 1806 1306 2061
19361 4 2 0 1 1826 2305 3907 1832
19362 4 2 0 1 3849 3765 4510 1684
19363 4 2 0 1 2431 4340 4516 2259
19364 4 2 0 1 3937 1546 1839 1856
19365 4 2 0 1 2288 1583 2287 4369
19366 4 2 0 1 4512 4340 4516 2431
19367 4 2 0 1 1877 3622 1878 1541
19368 4 2 0 1 2430 4512 3766 1685
19369 4 2 0 1 3688 1326 4353 3407
19370 4 2 0 1 4510 1684 2429 1768
19371 4 2 0 1 608 609 610 2691
19372 4 2 0 1 2691 2689 608 2690
19373 4 2 0 1 1326 3688 4353 1607
19374 4 2 0 1 4483 2390 1910 4471
19375 4 2 0 1 2390 1477 1910 4471
19376 4 2 0 1 3365 1332 3442 1284
19377 4 2 0 1 3574 3575 3576 1494
19378 4 2 0 1 3891 4286 3727 2205
19379 4 2 0 1 1431 4363 4187 2282
19380 4 2 0 1 4179 2098 1411 4153
19381 4 2 0 1 1411 3492 4179 4153
19382 4 2 0 1 612 3849 2693 3764
19383 4 2 0 1 3399 3548 3398 1318
19384 4 2 0 1 3399 3549 3548 1318
19385 4 2 0 1 3398 1318 1280 3399
19386 4 2 0 1 1683 612 3764 1768
19387 4 2 0 1 2258 3336 3220 1255
19388 4 2 0 1 4483 3209 2390 4471
19389 4 2 0 1 3336 3335 3220 1255
19390 4 2 0 1 1878 3958 3622 1877
19391 4 2 0 1 4511 3766 614 2430
19392 4 2 0 1 1274 3355 3579 2164
19393 4 2 0 1 3579 1274 2164 1498
19394 4 2 0 1 4245 3579 3355 2164
19395 4 2 0 1 3335 3413 3365 1332
19396 4 2 0 1 2430 614 4511 1765
19397 4 2 0 1 2205 3727 3891 1810
19398 4 2 0 1 2287 3664 4369 1583
19399 4 2 0 1 3664 2287 4369 4368
19400 4 2 0 1 1120 1177 1118 3199
19401 4 2 0 1 1120 3201 3258 3199
19402 4 2 0 1 4471 2401 3209 2390
19403 4 2 0 1 4373 3362 3537 1281
19404 4 2 0 1 1281 1456 3537 2292
19405 4 2 0 1 2692 611 609 2691
19406 4 2 0 1 2691 609 2692 2690
19407 4 2 0 1 1892 1806 1306 3887
19408 4 2 0 1 3887 3387 1306 3973
19409 4 2 0 1 1177 2282 2106 4187
19410 4 2 0 1 3887 1306 1892 3973
19411 4 2 0 1 2689 2688 608 2690
19412 4 2 0 1 1431 2282 1615 3696
19413 4 2 0 1 3696 1431 4363 3512
19414 4 2 0 1 1178 1120 1418 3201
19415 4 2 0 1 3551 1471 1468 3552
19416 4 2 0 1 3551 1471 1472 1470
19417 4 2 0 1 1472 3553 3551 1473
19418 4 2 0 1 2401 1128 1845 3926
19419 4 2 0 1 251 586 2667 4747
19420 4 2 0 1 1270 1192 3273 1360
19421 4 2 0 1 1270 3273 3351 1360
19422 4 2 0 1 3579 1274 3357 3355
19423 4 2 0 1 1498 3357 1274 1276
19424 4 2 0 1 1274 3579 3357 1498
19425 4 2 0 1 1684 4510 3849 1768
19426 4 2 0 1 3209 2401 3926 1128
19427 4 2 0 1 1889 1639 1890 3720
19428 4 2 0 1 1685 2430 4512 2431
19429 4 2 0 1 3849 1684 612 3765
19430 4 2 0 1 3849 3765 612 2693
19431 4 2 0 1 1332 3442 1284 1361
19432 4 2 0 1 1178 3499 3201 1418
19433 4 2 0 1 3430 1261 3974 3342
19434 4 2 0 1 2266 3983 4421 1902
19435 4 2 0 1 1876 3495 1414 2226
19436 4 2 0 1 1876 4307 3495 2226
19437 4 2 0 1 1269 3387 3973 1306
19438 4 2 0 1 3387 1269 3973 3350
19439 4 2 0 1 3258 2282 4187 4363
19440 4 2 0 1 1327 1261 3430 3342
19441 4 2 0 1 3342 3430 1327 3408
19442 4 2 0 1 3357 1498 1870 1276
19443 4 2 0 1 1498 3951 3357 1870
19444 4 2 0 1 3579 3951 3357 1498
19445 4 2 0 1 1820 3622 1877 1541
19446 4 2 0 1 1269 1892 1306 3973
19447 4 2 0 1 4187 1118 1177 3199
19448 4 2 0 1 1492 1484 3565 1483
19449 4 2 0 1 1482 1891 1893 3972
19450 4 2 0 1 612 3849 3764 1768
19451 4 2 0 1 3423 3695 1342 3720
19452 4 2 0 1 2401 4471 3209 4482
19453 4 2 0 1 607 608 567 2648
19454 4 2 0 1 1614 1639 1342 3695
19455 4 2 0 1 3695 1639 1342 3720
19456 4 2 0 1 3983 2266 4421 4347
19457 4 2 0 1 1482 3974 3563 3972
19458 4 2 0 1 608 607 2688 2648
19459 4 2 0 1 1895 2511 2550 4631
19460 4 2 0 1 2266 2340 1902 4421
19461 4 2 0 1 1332 3365 3442 3413
19462 4 2 0 1 4512 3766 4511 2430
19463 4 2 0 1 3958 3622 1877 3901
19464 4 2 0 1 1276 1870 3428 1347
19465 4 2 0 1 1870 3428 3357 1276
19466 4 2 0 1 3428 3357 3951 1870
19467 4 2 0 1 1893 1349 1261 3974
19468 4 2 0 1 3970 1890 3720 1889
19469 4 2 0 1 1890 3970 3720 3971
19470 4 2 0 1 2205 1646 3727 1810
19471 4 2 0 1 3347 3424 1266 3348
19472 4 2 0 1 1267 1266 3424 3348
19473 4 2 0 1 1267 3424 3425 3348
19474 4 2 0 1 1343 1267 3425 1344
19475 4 2 0 1 1343 1351 1344 3432
19476 4 2 0 1 3425 1343 1344 3432
19477 4 2 0 1 1820 1541 1607 3688
19478 4 2 0 1 3958 1178 1418 3499
19479 4 2 0 1 610 609 611 2691
19480 4 2 0 1 4315 1192 1360 3273
19481 4 2 0 1 4403 4088 3714 2007
19482 4 2 0 1 1192 4315 1360 2234
19483 4 2 0 1 3495 1489 1876 1414
19484 4 2 0 1 1281 3537 4373 2292
19485 4 2 0 1 4373 3362 1281 1353
19486 4 2 0 1 3362 4373 3434 1353
19487 4 2 0 1 1482 3974 3972 1893
19488 4 2 0 1 4286 3435 3727 2205
19489 4 2 0 1 1354 1646 3435 2205
19490 4 2 0 1 1177 2106 1118 4187
19491 4 2 0 1 3204 1875 1123 1876
19492 4 2 0 1 1875 3204 3956 1876
19493 4 2 0 1 2098 2072 4153 3331
19494 4 2 0 1 2072 2098 1250 3331
19495 4 2 0 1 1431 2282 3696 4363
19496 4 2 0 1 3564 3565 3554 1473
19497 4 2 0 1 3564 3573 3565 1492
19498 4 2 0 1 1684 3849 612 1768
19499 4 2 0 1 2007 3714 2322 1633
19500 4 2 0 1 1484 1473 3565 1483
19501 4 2 0 1 2322 2258 4339 2007
19502 4 2 0 1 4339 4088 4403 2007
19503 4 2 0 1 1418 1877 1178 3958
19504 4 2 0 1 3688 1820 1541 3622
19505 4 2 0 1 4614 107 2533 4788
19506 4 2 0 1 607 567 606 2687
19507 4 2 0 1 1492 3564 3573 2477
19508 4 2 0 1 1257 3344 1211 3338
19509 4 2 0 1 610 3846 611 1765
19510 4 2 0 1 2315 3580 3581 1500
19511 4 2 0 1 2315 3580 1500 1499
19512 4 2 0 1 4307 1876 3495 3957
19513 4 2 0 1 3292 3344 3338 1211
19514 4 2 0 1 2691 2692 611 3846
19515 4 2 0 1 3687 3432 1351 4543
19516 4 2 0 1 1471 3552 3551 1472
19517 4 2 0 1 3552 3553 3551 1472
19518 4 2 0 1 1765 610 3763 1682
19519 4 2 0 1 3246 1259 2310 3340
19520 4 2 0 1 3687 2462 1351 1606
19521 4 2 0 1 4688 2485 4566 4768
19522 4 2 0 1 608 2688 2689 2648
19523 4 2 0 1 1607 1326 2272 4353
19524 4 2 0 1 3763 3846 610 1765
19525 4 2 0 1 3871 3868 3359 1790
19526 4 2 0 1 4373 1281 2292 1353
19527 4 2 0 1 1211 3344 2305 3292
19528 4 2 0 1 1170 1264 3251 1169
19529 4 2 0 1 3345 3250 3251 1169
19530 4 2 0 1 4153 4179 2098 3331
19531 4 2 0 1 4307 1123 1876 3204
19532 4 2 0 1 2401 3209 3926 4482
19533 4 2 0 1 1646 3727 3435 2205
19534 4 2 0 1 2282 3258 4187 1177
19535 4 2 0 1 3570 3495 1876 3957
19536 4 2 0 1 1259 3246 2310 1165
19537 4 2 0 1 2648 567 153 2488
19538 4 2 0 1 293 292 558 2639
19539 4 2 0 1 2462 3687 1351 4543
19540 4 2 0 1 1790 3359 3871 1791
19541 4 2 0 1 3588 3421 1638 3719
19542 4 2 0 1 1638 1507 3421 3588
19543 4 2 0 1 1123 4307 1876 2226
19544 4 2 0 1 3344 2305 3292 4386
19545 4 2 0 1 3250 3345 1278 1169
19546 4 2 0 1 567 607 2648 2687
19547 4 2 0 1 3957 3956 3204 1876
19548 4 2 0 1 1178 1120 3201 3258
19549 4 2 0 1 1177 1120 3258 3199
19550 4 2 0 1 3846 610 611 2691
19551 4 2 0 1 607 2688 2648 2687
19552 4 2 0 1 1482 1890 1891 3972
19553 4 2 0 1 1266 2235 3426 3347
19554 4 2 0 1 379 229 4624 4745
19555 4 2 0 1 1890 1482 3563 3972
19556 4 2 0 1 3846 610 2691 3763
19557 4 2 0 1 4316 3426 2235 3347
19558 4 2 0 1 3443 4340 2431 2259
19559 4 2 0 1 3622 1820 1877 3901
19560 4 2 0 1 3499 1178 3201 3259
19561 4 2 0 1 3345 3359 3250 1278
19562 4 2 0 1 4512 3443 4340 2431
19563 4 2 0 1 3761 1768 1361 1680
19564 4 2 0 1 3564 3554 3553 1473
19565 4 2 0 1 1765 3763 3600 1682
19566 4 2 0 1 3971 1890 3563 3972
19567 4 2 0 1 1177 3258 4187 3199
19568 4 2 0 1 2258 3336 2322 4339
19569 4 2 0 1 3441 3351 3273 1360
19570 4 2 0 1 3499 3958 1178 3259
19571 4 2 0 1 3763 1765 3600 3846
19572 4 2 0 1 1791 3359 3345 1278
19573 4 2 0 1 1361 3849 3761 3442
19574 4 2 0 1 3849 1361 3761 1768
19575 4 2 0 1 4550 601 317 2682
19576 4 2 0 1 4307 3957 3204 1876
19577 4 2 0 1 606 567 152 2687
19578 4 2 0 1 1492 3565 3564 1483
19579 4 2 0 1 1790 3868 3359 1787
19580 4 2 0 1 1261 3430 3974 1349
19581 4 2 0 1 1349 1327 1261 3430
19582 4 2 0 1 1911 3549 1318 1468
19583 4 2 0 1 3622 3688 1820 3901
19584 4 2 0 1 1265 3251 4340 1170
19585 4 2 0 1 2477 1492 3564 1483
19586 4 2 0 1 3564 4558 3573 2477
19587 4 2 0 1 3246 4391 3340 2310
19588 4 2 0 1 3423 1889 3720 1342
19589 4 2 0 1 3273 4315 3441 1360
19590 4 2 0 1 1930 4602 4694 2613
19591 4 2 0 1 1639 1889 1342 3720
19592 4 2 0 1 1507 3421 3422 1340
19593 4 2 0 1 1507 1341 1340 3422
19594 4 2 0 1 3359 1790 1787 1278
19595 4 2 0 1 1668 3892 1810 1811
19596 4 2 0 1 4341 1176 3415 3257
19597 4 2 0 1 1334 2260 1176 3415
19598 4 2 0 1 4564 1492 2483 1494
19599 4 2 0 1 3891 3749 3892 1810
19600 4 2 0 1 4511 3443 2430 1519
19601 4 2 0 1 3443 4511 3600 1519
19602 4 2 0 1 3359 1791 3345 3872
19603 4 2 0 1 1490 3344 1491 1263
19604 4 2 0 1 3359 1790 1278 1791
19605 4 2 0 1 1268 3587 3412 3349
19606 4 2 0 1 1889 3423 3720 3970
19607 4 2 0 1 1473 3564 3565 1483
19608 4 2 0 1 2322 4403 3714 2007
19609 4 2 0 1 2431 3443 2430 4512
19610 4 2 0 1 1506 1331 1268 3412
19611 4 2 0 1 3600 1519 1765 1682
19612 4 2 0 1 1489 3495 1876 3570
19613 4 2 0 1 1266 1343 1267 3424
19614 4 2 0 1 3424 1267 3425 1343
19615 4 2 0 1 3432 3425 1343 3424
19616 4 2 0 1 1176 4341 3415 2260
19617 4 2 0 1 3336 2258 2322 1255
19618 4 2 0 1 567 302 2687 2648
19619 4 2 0 1 1265 4340 2259 1170
19620 4 2 0 1 1473 1472 3553 1483
19621 4 2 0 1 1266 3426 3424 3347
19622 4 2 0 1 1336 2282 3258 4363
19623 4 2 0 1 3443 4512 4511 2430
19624 4 2 0 1 1256 3566 3462 3337
19625 4 2 0 1 2322 4339 4403 2007
19626 4 2 0 1 1485 1256 3462 1381
19627 4 2 0 1 3573 4564 3575 1494
19628 4 2 0 1 4564 3573 1492 1494
19629 4 2 0 1 153 4569 2648 2488
19630 4 2 0 1 3378 1481 1297 4375
19631 4 2 0 1 1481 2294 1297 4375
19632 4 2 0 1 3399 3992 3549 1318
19633 4 2 0 1 3689 607 606 2687
19634 4 2 0 1 4549 4597 2683 2468
19635 4 2 0 1 3749 3892 1810 1668
19636 4 2 0 1 3433 3432 1352 3687
19637 4 2 0 1 3432 1351 1352 3687
19638 4 2 0 1 1178 3201 3259 3258
19639 4 2 0 1 1120 1178 1177 3258
19640 4 2 0 1 1351 1606 1352 3687
19641 4 2 0 1 3359 3872 3871 1791
19642 4 2 0 1 3495 3471 3569 1390
19643 4 2 0 1 4597 2691 2689 2516
19644 4 2 0 1 160 310 159 2484
19645 4 2 0 1 1229 1480 1297 3310
19646 4 2 0 1 3378 1480 3310 1297
19647 4 2 0 1 608 2691 2516 2689
19648 4 2 0 1 2691 608 2516 610
19649 4 2 0 1 3495 1488 1414 1390
19650 4 2 0 1 3344 1257 1211 1263
19651 4 2 0 1 3693 2412 4493 4801
19652 4 2 0 1 4597 602 4569 2683
19653 4 2 0 1 3572 3571 3344 1490
19654 4 2 0 1 1480 3378 3310 3561
19655 4 2 0 1 3589 1940 3592 4021
19656 4 2 0 1 317 167 601 2469
19657 4 2 0 1 3344 1211 2305 1263
19658 4 2 0 1 3414 4105 4136 2024
19659 4 2 0 1 2520 555 4601 3746
19660 4 2 0 1 2055 3414 2024 1333
19661 4 2 0 1 602 2683 4597 2468
19662 4 2 0 1 3580 3581 4396 2315
19663 4 2 0 1 606 607 3689 1608
19664 4 2 0 1 1528 3610 1806 1529
19665 4 2 0 1 3609 1806 3610 3887
19666 4 2 0 1 3610 1528 1806 3609
19667 4 2 0 1 3748 4626 4584 2545
19668 4 2 0 1 1491 3572 3344 1490
19669 4 2 0 1 607 3689 2688 2687
19670 4 2 0 1 4353 2465 1607 4546
19671 4 2 0 1 2502 4558 3903 2477
19672 4 2 0 1 1473 3553 3564 1483
19673 4 2 0 1 1336 2282 1177 3258
19674 4 2 0 1 3903 4558 3564 2477
19675 4 2 0 1 2477 3564 1822 1483
19676 4 2 0 1 3589 1511 3592 1940
19677 4 2 0 1 3258 3259 1178 3417
19678 4 2 0 1 1336 1177 1178 3258
19679 4 2 0 1 3589 1511 1940 1508
19680 4 2 0 1 1490 3905 1257 1824
19681 4 2 0 1 1345 1266 2235 3426
19682 4 2 0 1 3471 2118 3569 1390
19683 4 2 0 1 3905 3338 3571 1257
19684 4 2 0 1 1264 3345 3251 1169
19685 4 2 0 1 4403 3336 4339 2322
19686 4 2 0 1 608 2648 2488 567
19687 4 2 0 1 3421 1507 3422 3588
19688 4 2 0 1 4603 151 606 2522
19689 4 2 0 1 303 153 4569 2648
19690 4 2 0 1 362 361 2510 4591
19691 4 2 0 1 1828 4605 369 2524
19692 4 2 0 1 112 2659 111 578
19693 4 2 0 1 338 337 589 2670
19694 4 2 0 1 142 293 558 143
19695 4 2 0 1 142 293 292 558
19696 4 2 0 1 153 302 567 2648
19697 4 2 0 1 262 111 2659 261
19698 4 2 0 1 187 338 589 188
19699 4 2 0 1 602 4597 4569 2516
19700 4 2 0 1 3422 1507 1508 3589
19701 4 2 0 1 1264 1278 3345 1169
19702 4 2 0 1 1341 1507 1508 3422
19703 4 2 0 1 1468 3552 1911 3549
19704 4 2 0 1 2259 2431 3443 1362
19705 4 2 0 1 2516 602 4597 2468
19706 4 2 0 1 1618 1334 3440 3699
19707 4 2 0 1 2417 2414 1604 4495
19708 4 2 0 1 2469 601 317 4550
19709 4 2 0 1 1358 2414 2417 3439
19710 4 2 0 1 4495 2417 2414 3439
19711 4 2 0 1 3958 1877 1337 3901
19712 4 2 0 1 4603 150 151 2522
19713 4 2 0 1 3251 1265 1264 1170
19714 4 2 0 1 1480 1229 4341 3310
19715 4 2 0 1 1604 3685 4498 4495
19716 4 2 0 1 4614 257 107 4788
19717 4 2 0 1 1791 1278 3345 1264
19718 4 2 0 1 1940 3589 3588 4021
19719 4 2 0 1 4545 1820 1607 3688
19720 4 2 0 1 2689 4569 4597 2516
19721 4 2 0 1 2516 608 2689 2488
19722 4 2 0 1 1608 607 3689 1683
19723 4 2 0 1 2260 1480 1229 4341
19724 4 2 0 1 3561 1480 4341 3310
19725 4 2 0 1 3587 1268 3412 1506
19726 4 2 0 1 3738 3482 4294 2213
19727 4 2 0 1 2648 608 2488 2689
19728 4 2 0 1 2688 3689 607 1683
19729 4 2 0 1 3764 3689 2688 1683
19730 4 2 0 1 1663 3552 1911 1471
19731 4 2 0 1 2627 362 2510 4591
19732 4 2 0 1 1361 1332 3442 1625
19733 4 2 0 1 1507 3589 1940 1508
19734 4 2 0 1 3893 3615 3907 1812
19735 4 2 0 1 1812 3615 3907 1826
19736 4 2 0 1 1270 3351 3599 1360
19737 4 2 0 1 1362 2430 3443 1519
19738 4 2 0 1 1266 1345 1343 3424
19739 4 2 0 1 3415 3440 1334 3699
19740 4 2 0 1 1618 1334 1359 3440
19741 4 2 0 1 1877 1337 1178 3958
19742 4 2 0 1 3615 4386 3907 2305
19743 4 2 0 1 2412 3693 1612 4801
19744 4 2 0 1 547 287 137 2496
19745 4 2 0 1 3338 3344 3571 1257
19746 4 2 0 1 3471 1391 2118 1390
19747 4 2 0 1 3892 3920 3891 1839
19748 4 2 0 1 3413 3706 3442 1625
19749 4 2 0 1 1332 3413 3442 1625
19750 4 2 0 1 4568 149 574 2487
19751 4 2 0 1 3426 1266 3424 1345
19752 4 2 0 1 1839 1810 3892 1811
19753 4 2 0 1 4199 1391 3471 3472
19754 4 2 0 1 3689 3761 1608 1683
19755 4 2 0 1 2305 3907 3615 1826
19756 4 2 0 1 1810 3892 3891 1839
19757 4 2 0 1 159 4565 310 309
19758 4 2 0 1 4565 159 310 2484
19759 4 2 0 1 310 566 2647 2484
19760 4 2 0 1 1480 1481 1297 3378
19761 4 2 0 1 3139 1057 3138 3202
19762 4 2 0 1 3139 1057 3202 1058
19763 4 2 0 1 3552 1468 1911 1471
19764 4 2 0 1 3761 3689 3764 1683
19765 4 2 0 1 3443 2431 2430 1362
19766 4 2 0 1 132 131 579 2660
19767 4 2 0 1 3443 2259 1265 4340
19768 4 2 0 1 1480 3562 3378 3561
19769 4 2 0 1 2516 4569 602 2488
19770 4 2 0 1 4627 2554 2546 4755
19771 4 2 0 1 3351 3599 4245 2164
19772 4 2 0 1 3599 1270 2164 3351
19773 4 2 0 1 3733 1652 1962 4636
19774 4 2 0 1 3893 3736 3615 1812
19775 4 2 0 1 3202 1058 3246 3139
19776 4 2 0 1 3761 1680 1608 1683
19777 4 2 0 1 1489 3495 1488 1414
19778 4 2 0 1 1683 3761 1768 3764
19779 4 2 0 1 4594 2513 565 4469
19780 4 2 0 1 1786 1785 3866 1787
19781 4 2 0 1 3868 3867 3866 1787
19782 4 2 0 1 1785 1786 3866 3449
19783 4 2 0 1 1786 1785 1368 3449
19784 4 2 0 1 3429 3482 3481 1348
19785 4 2 0 1 1348 3482 3481 1400
19786 4 2 0 1 3681 3682 3674 1600
19787 4 2 0 1 2118 3471 3569 4199
19788 4 2 0 1 1472 1822 3553 1483
19789 4 2 0 1 3251 1265 4340 3346
19790 4 2 0 1 3483 3481 3482 1400
19791 4 2 0 1 140 4559 600 290
19792 4 2 0 1 1401 3483 1400 1402
19793 4 2 0 1 3583 1359 1335 3440
19794 4 2 0 1 1600 3682 3674 1601
19795 4 2 0 1 256 255 590 2671
19796 4 2 0 1 3892 1839 3921 3920
19797 4 2 0 1 3416 3583 1335 3440
19798 4 2 0 1 1811 3921 1839 1840
19799 4 2 0 1 590 4558 2483 2671
19800 4 2 0 1 4597 4549 1682 2468
19801 4 2 0 1 302 567 2687 152
19802 4 2 0 1 1165 1058 3246 1121
19803 4 2 0 1 1839 3892 3921 1811
19804 4 2 0 1 2689 4569 2516 2488
19805 4 2 0 1 1877 1820 1337 3901
19806 4 2 0 1 1621 1620 3704 3701
19807 4 2 0 1 2519 589 337 4600
19808 4 2 0 1 1607 4353 4546 3688
19809 4 2 0 1 3761 1683 1768 1680
19810 4 2 0 1 575 4640 1653 2559
19811 4 2 0 1 2648 4569 2689 2488
19812 4 2 0 1 1334 1618 2260 3699
19813 4 2 0 1 4031 2272 3533 4353
19814 4 2 0 1 290 139 4559 289
19815 4 2 0 1 3360 1376 2241 1279
19816 4 2 0 1 4559 140 600 2478
19817 4 2 0 1 290 600 2681 4559
19818 4 2 0 1 1376 3457 3360 2241
19819 4 2 0 1 4564 4558 2671 2483
19820 4 2 0 1 3589 3422 1507 3588
19821 4 2 0 1 3674 1600 3672 3681
19822 4 2 0 1 1600 1593 3672 1591
19823 4 2 0 1 3418 1178 3958 3259
19824 4 2 0 1 2548 4341 4629 3561
19825 4 2 0 1 1768 3764 3761 3849
19826 4 2 0 1 574 150 299 2655
19827 4 2 0 1 4569 602 154 2683
19828 4 2 0 1 4341 1229 1176 3310
19829 4 2 0 1 1176 4341 3310 3257
19830 4 2 0 1 1360 4315 3725 2234
19831 4 2 0 1 1280 3360 3361 4322
19832 4 2 0 1 3360 2241 1280 1279
19833 4 2 0 1 1229 4341 1176 2260
19834 4 2 0 1 3344 4386 3615 2305
19835 4 2 0 1 3595 3594 1513 4452
19836 4 2 0 1 3688 4545 1820 3901
19837 4 2 0 1 3549 1911 1318 3992
19838 4 2 0 1 3415 1334 2260 3699
19839 4 2 0 1 576 3753 2657 4791
19840 4 2 0 1 114 264 263 559
19841 4 2 0 1 4341 3699 2548 4629
19842 4 2 0 1 4597 4549 3763 1682
19843 4 2 0 1 2322 3714 3716 1633
19844 4 2 0 1 1324 3558 3427 3405
19845 4 2 0 1 1477 1346 1324 3558
19846 4 2 0 1 3406 1324 3427 3405
19847 4 2 0 1 2260 3415 3699 4341
19848 4 2 0 1 1822 3564 3553 1483
19849 4 2 0 1 153 154 4569 2488
19850 4 2 0 1 1498 4598 3951 2517
19851 4 2 0 1 1346 1325 1324 3406
19852 4 2 0 1 3903 4583 4558 2502
19853 4 2 0 1 3903 1822 2502 2477
19854 4 2 0 1 2476 1618 1359 4557
19855 4 2 0 1 574 299 4568 2655
19856 4 2 0 1 1789 4455 3867 2374
19857 4 2 0 1 3589 1507 1940 3588
19858 4 2 0 1 1822 3903 3564 2477
19859 4 2 0 1 1391 4199 3471 2118
19860 4 2 0 1 1503 3583 1335 3584
19861 4 2 0 1 3351 3441 3599 1360
19862 4 2 0 1 3584 3583 1335 3416
19863 4 2 0 1 583 205 1650 2664
19864 4 2 0 1 3431 1624 3750 3705
19865 4 2 0 1 3901 1337 1649 1820
19866 4 2 0 1 1682 4549 1520 2468
19867 4 2 0 1 3600 3763 3601 1682
19868 4 2 0 1 3951 1498 2517 1870
19869 4 2 0 1 3579 4598 3951 1498
19870 4 2 0 1 148 149 4568 2487
19871 4 2 0 1 4375 3378 1481 3562
19872 4 2 0 1 3699 3440 1618 4557
19873 4 2 0 1 184 183 2537 4618
19874 4 2 0 1 1518 1270 3599 1360
19875 4 2 0 1 4363 3258 1336 3417
19876 4 2 0 1 4469 1654 2646 3735
19877 4 2 0 1 3341 4412 1260 1121
19878 4 2 0 1 1682 2516 4597 2468
19879 4 2 0 1 3258 1178 1336 3417
19880 4 2 0 1 1375 3710 3456 1376
19881 4 2 0 1 3457 3456 3710 1376
19882 4 2 0 1 1641 4493 2415 3722
19883 4 2 0 1 3537 1456 1662 2292
19884 4 2 0 1 1361 3761 1680 1625
19885 4 2 0 1 209 4615 208 2534
19886 4 2 0 1 1517 1505 1528 3586
19887 4 2 0 1 1528 3598 3586 3609
19888 4 2 0 1 1517 1528 1529 3610
19889 4 2 0 1 3598 1528 3610 3609
19890 4 2 0 1 1456 1499 3537 1662
19891 4 2 0 1 3743 3537 3580 1499
19892 4 2 0 1 4603 606 301 2687
19893 4 2 0 1 2234 4315 3725 2334
19894 4 2 0 1 2272 2465 1607 4353
19895 4 2 0 1 2315 3581 1592 1500
19896 4 2 0 1 3673 1593 2115 1592
19897 4 2 0 1 1633 1632 3713 1631
19898 4 2 0 1 111 262 2659 112
19899 4 2 0 1 303 302 153 2648
19900 4 2 0 1 338 187 589 337
19901 4 2 0 1 153 567 302 152
19902 4 2 0 1 301 606 152 2687
19903 4 2 0 1 4315 4415 3725 2334
19904 4 2 0 1 2671 590 256 2533
19905 4 2 0 1 256 4614 2671 2533
19906 4 2 0 1 3905 1490 1257 3571
19907 4 2 0 1 3592 1512 3594 1511
19908 4 2 0 1 1265 3345 3251 1264
19909 4 2 0 1 1512 3592 3594 3593
19910 4 2 0 1 363 362 546 2627
19911 4 2 0 1 3566 1256 3462 1485
19912 4 2 0 1 1361 3761 1625 3442
19913 4 2 0 1 1891 573 1894 3972
19914 4 2 0 1 4543 2230 2462 2632
19915 4 2 0 1 1263 1490 3344 1257
19916 4 2 0 1 3689 606 4603 2687
19917 4 2 0 1 2492 341 585 191
19918 4 2 0 1 1633 3712 3713 3714
19919 4 2 0 1 146 145 587 2668
19920 4 2 0 1 3716 2322 1633 1635
19921 4 2 0 1 546 4043 4636 2627
19922 4 2 0 1 566 5 310 2647
19923 4 2 0 1 1592 3581 3672 1500
19924 4 2 0 1 3672 1591 1592 1500
19925 4 2 0 1 1270 3599 2164 1518
19926 4 2 0 1 1632 3483 3713 1631
19927 4 2 0 1 3440 1359 1618 4557
19928 4 2 0 1 3758 2118 3569 4199
19929 4 2 0 1 1632 1402 3483 1631
19930 4 2 0 1 3953 4559 3952 1871
19931 4 2 0 1 3684 1604 3595 1603
19932 4 2 0 1 606 3689 4603 2522
19933 4 2 0 1 3921 3920 1839 1391
19934 4 2 0 1 1391 1839 3921 1840
19935 4 2 0 1 3761 3442 3706 1625
19936 4 2 0 1 3871 1793 1790 1791
19937 4 2 0 1 1330 1515 1451 3411
19938 4 2 0 1 1488 3570 3495 1489
19939 4 2 0 1 1789 2374 3867 1786
19940 4 2 0 1 4455 1789 3867 3870
19941 4 2 0 1 3596 3532 1451 3411
19942 4 2 0 1 1519 3600 3601 1682
19943 4 2 0 1 3920 3921 3472 1391
19944 4 2 0 1 1620 1282 1329 3410
19945 4 2 0 1 3410 1620 1282 3363
19946 4 2 0 1 3601 3763 4549 1682
19947 4 2 0 1 1604 3684 3595 3685
19948 4 2 0 1 3596 1451 1515 3411
19949 4 2 0 1 3537 3743 4373 2292
19950 4 2 0 1 3340 3431 1293 1259
19951 4 2 0 1 3374 3340 3431 1293
19952 4 2 0 1 3708 2417 4504 4498
19953 4 2 0 1 104 105 254 2502
19954 4 2 0 1 255 254 105 2502
19955 4 2 0 1 559 3754 4396 2315
19956 4 2 0 1 1662 577 3743 1674
19957 4 2 0 1 281 132 2660 131
19958 4 2 0 1 281 132 282 2660
19959 4 2 0 1 3721 1411 1501 3492
19960 4 2 0 1 151 4603 606 301
19961 4 2 0 1 3615 3736 3572 1491
19962 4 2 0 1 3361 1497 3399 1280
19963 4 2 0 1 268 118 2625 4574
19964 4 2 0 1 3662 3664 1581 3665
19965 4 2 0 1 3664 1583 1581 3665
19966 4 2 0 1 606 301 152 151
19967 4 2 0 1 3345 1265 3251 3346
19968 4 2 0 1 1664 2636 3746 3745
19969 4 2 0 1 303 154 4569 153
19970 4 2 0 1 154 303 4569 304
19971 4 2 0 1 577 3755 3743 1674
19972 4 2 0 1 577 3755 2658 3743
19973 4 2 0 1 2222 3717 4302 1636
19974 4 2 0 1 4558 590 2483 2477
19975 4 2 0 1 1488 3495 3569 1390
19976 4 2 0 1 558 292 4582 2639
19977 4 2 0 1 3490 2262 3491 1409
19978 4 2 0 1 2262 3490 3491 4343
19979 4 2 0 1 4315 1360 3725 3441
19980 4 2 0 1 300 299 150 2655
19981 4 2 0 1 3744 3552 3992 1911
19982 4 2 0 1 2464 1820 1607 4545
19983 4 2 0 1 1620 3410 3701 3363
19984 4 2 0 1 151 301 150 4603
19985 4 2 0 1 301 300 150 4603
19986 4 2 0 1 1409 1410 2262 3491
19987 4 2 0 1 4622 3761 3706 2541
19988 4 2 0 1 2522 606 3689 1608
19989 4 2 0 1 4577 547 287 2628
19990 4 2 0 1 547 4577 287 2496
19991 4 2 0 1 2259 3443 1265 1362
19992 4 2 0 1 1355 3700 3936 1619
19993 4 2 0 1 4545 1649 2475 2464
19994 4 2 0 1 4569 154 602 2488
19995 4 2 0 1 3595 1512 3593 1603
19996 4 2 0 1 1603 3593 3595 3684
19997 4 2 0 1 2531 233 1658 4612
19998 4 2 0 1 1644 1360 3725 2234
19999 4 2 0 1 1627 2417 2423 4504
20000 4 2 0 1 2417 3708 4504 1627
20001 4 2 0 1 1647 1674 3728 2493
20002 4 2 0 1 4340 3443 3346 1265
20003 4 2 0 1 3492 1409 1501 3490
20004 4 2 0 1 4294 1348 3482 3429
20005 4 2 0 1 2499 563 2 4580
20006 4 2 0 1 1490 3571 3344 1257
20007 4 2 0 1 1348 3428 4294 1347
20008 4 2 0 1 3428 1348 4294 3429
20009 4 2 0 1 206 207 357 2475
20010 4 2 0 1 3663 1581 3981 3662
20011 4 2 0 1 3714 2322 3716 4403
20012 4 2 0 1 4596 568 4567 2515
20013 4 2 0 1 1896 1638 1340 3421
20014 4 2 0 1 1511 1513 1512 3594
20015 4 2 0 1 3532 4416 2252 4333
20016 4 2 0 1 2335 2252 1451 3532
20017 4 2 0 1 1534 3344 2305 1263
20018 4 2 0 1 3552 3549 3992 1911
20019 4 2 0 1 3711 2581 1657 4662
20020 4 2 0 1 4136 3568 3742 2055
20021 4 2 0 1 1613 4500 2412 2419
20022 4 2 0 1 4500 4493 3694 1613
20023 4 2 0 1 3259 3418 1178 3417
20024 4 2 0 1 1870 3952 3428 1347
20025 4 2 0 1 3952 3428 3951 1870
20026 4 2 0 1 1581 3663 3981 1582
20027 4 2 0 1 3430 3977 1327 3408
20028 4 2 0 1 3399 1497 1318 1280
20029 4 2 0 1 3901 1337 3958 3418
20030 4 2 0 1 2670 337 589 4600
20031 4 2 0 1 4554 2472 4553 2666
20032 4 2 0 1 3569 2118 1488 1390
20033 4 2 0 1 4583 590 255 2671
20034 4 2 0 1 1581 3981 1900 1582
20035 4 2 0 1 1807 1529 1806 3610
20036 4 2 0 1 3610 1806 1807 3887
20037 4 2 0 1 1351 1343 2230 3432
20038 4 2 0 1 3414 2055 2024 4136
20039 4 2 0 1 2164 4246 3599 4245
20040 4 2 0 1 1409 3492 1501 1411
20041 4 2 0 1 212 363 546 213
20042 4 2 0 1 363 212 546 362
20043 4 2 0 1 2055 4415 3414 1333
20044 4 2 0 1 1646 3435 3726 1354
20045 4 2 0 1 2371 2652 4573 571
20046 4 2 0 1 2489 1789 580 4570
20047 4 2 0 1 3571 3572 4596 1490
20048 4 2 0 1 2530 560 4611 1677
20049 4 2 0 1 255 106 256 590
20050 4 2 0 1 1333 2055 4415 2334
20051 4 2 0 1 358 562 207 208
20052 4 2 0 1 1870 3952 1347 1871
20053 4 2 0 1 4415 1333 4315 3414
20054 4 2 0 1 2334 4315 1333 2234
20055 4 2 0 1 1534 1491 3344 1263
20056 4 2 0 1 3751 3750 3431 1670
20057 4 2 0 1 2548 2260 1618 3699
20058 4 2 0 1 283 569 2650 4581
20059 4 2 0 1 1178 3418 3958 1337
20060 4 2 0 1 1845 1282 1621 3363
20061 4 2 0 1 3363 3702 1845 3926
20062 4 2 0 1 1793 3874 604 1792
20063 4 2 0 1 4582 141 142 2501
20064 4 2 0 1 1491 4596 3572 1490
20065 4 2 0 1 1786 3869 1789 1788
20066 4 2 0 1 1333 4415 4315 2334
20067 4 2 0 1 161 312 311 580
20068 4 2 0 1 3562 1480 3378 1481
20069 4 2 0 1 160 566 310 2484
20070 4 2 0 1 4246 2164 3599 2165
20071 4 2 0 1 150 574 4603 2655
20072 4 2 0 1 3903 3741 570 1822
20073 4 2 0 1 3725 1644 2234 2334
20074 4 2 0 1 1582 3663 3981 3982
20075 4 2 0 1 4613 155 156 2532
20076 4 2 0 1 3749 1667 4584 1668
20077 4 2 0 1 1409 2262 1501 3490
20078 4 2 0 1 4343 2262 3490 3582
20079 4 2 0 1 1503 1505 1504 3586
20080 4 2 0 1 102 103 252 4562
20081 4 2 0 1 3585 1503 3586 3584
20082 4 2 0 1 1283 2252 4416 4333
20083 4 2 0 1 154 304 4569 2683
20084 4 2 0 1 4580 563 2 2644
20085 4 2 0 1 2 4 4580 2644
20086 4 2 0 1 2260 2548 1480 4341
20087 4 2 0 1 4341 2548 1480 3561
20088 4 2 0 1 1793 3871 3872 1791
20089 4 2 0 1 1582 1900 1901 3981
20090 4 2 0 1 3981 1901 1582 3982
20091 4 2 0 1 272 2495 273 4576
20092 4 2 0 1 4333 4416 1283 3364
20093 4 2 0 1 351 2507 4588 2686
20094 4 2 0 1 201 605 2507 2686
20095 4 2 0 1 3757 1678 2669 3759
20096 4 2 0 1 2510 546 362 2627
20097 4 2 0 1 1352 3433 3687 4455
20098 4 2 0 1 3583 3718 1359 3440
20099 4 2 0 1 317 2469 166 167
20100 4 2 0 1 3202 4412 1121 1552
20101 4 2 0 1 4546 1607 4545 2465
20102 4 2 0 1 3687 1606 1352 4455
20103 4 2 0 1 165 314 551 315
20104 4 2 0 1 562 358 207 2643
20105 4 2 0 1 2310 1165 3246 1260
20106 4 2 0 1 3435 1646 3726 3727
20107 4 2 0 1 1859 3715 3712 1634
20108 4 2 0 1 1828 369 219 2524
20109 4 2 0 1 4622 3689 3761 2541
20110 4 2 0 1 4581 133 569 2500
20111 4 2 0 1 3564 1822 3553 3903
20112 4 2 0 1 154 602 155 2683
20113 4 2 0 1 3138 1923 1552 1057
20114 4 2 0 1 4004 4156 3633 2075
20115 4 2 0 1 1923 3138 1552 4004
20116 4 2 0 1 1552 4004 2075 1923
20117 4 2 0 1 254 255 4583 2502
20118 4 2 0 1 1337 3901 1649 3418
20119 4 2 0 1 3436 1253 3334 3333
20120 4 2 0 1 1252 1253 1355 3333
20121 4 2 0 1 1901 1902 1582 3983
20122 4 2 0 1 1355 1356 1252 3333
20123 4 2 0 1 1355 1356 3333 3437
20124 4 2 0 1 2412 4500 1495 2419
20125 4 2 0 1 1498 4246 4598 2517
20126 4 2 0 1 3576 4493 4500 1495
20127 4 2 0 1 3552 1663 1911 3744
20128 4 2 0 1 4568 550 148 2487
20129 4 2 0 1 4632 2551 2495 2530
20130 4 2 0 1 4545 4546 2465 2643
20131 4 2 0 1 306 305 156 4613
20132 4 2 0 1 3983 3663 1582 3982
20133 4 2 0 1 4635 2476 1637 4557
20134 4 2 0 1 340 339 571 2652
20135 4 2 0 1 2666 2492 341 585
20136 4 2 0 1 4411 2331 1552 2330
20137 4 2 0 1 2680 332 182 4548
20138 4 2 0 1 2548 2260 3699 4341
20139 4 2 0 1 4391 1260 3246 3341
20140 4 2 0 1 90 91 2635 554
20141 4 2 0 1 132 133 4581 2500
20142 4 2 0 1 352 552 353 2633
20143 4 2 0 1 4396 1592 2315 3581
20144 4 2 0 1 4196 4572 578 2659
20145 4 2 0 1 2646 2508 320 4589
20146 4 2 0 1 1625 3761 1680 2541
20147 4 2 0 1 1401 3738 2213 3482
20148 4 2 0 1 332 331 181 4548
20149 4 2 0 1 102 103 4562 2481
20150 4 2 0 1 253 252 103 4562
20151 4 2 0 1 3983 1582 1901 3982
20152 4 2 0 1 2528 3697 4609 4496
20153 4 2 0 1 3579 4246 4598 1498
20154 4 2 0 1 3712 3940 3715 1859
20155 4 2 0 1 3712 1631 1859 1634
20156 4 2 0 1 206 583 2475 4556
20157 4 2 0 1 3337 3568 4105 1256
20158 4 2 0 1 2024 3568 1256 4105
20159 4 2 0 1 357 207 358 2643
20160 4 2 0 1 2533 2671 590 2483
20161 4 2 0 1 2671 4614 4564 2533
20162 4 2 0 1 1343 1345 2230 3424
20163 4 2 0 1 1253 3439 3438 3334
20164 4 2 0 1 3439 1253 3438 1358
20165 4 2 0 1 3615 1655 1491 1534
20166 4 2 0 1 2239 1516 4608 2527
20167 4 2 0 1 1506 1610 1331 3412
20168 4 2 0 1 273 123 124 560
20169 4 2 0 1 4605 1828 369 3909
20170 4 2 0 1 585 2472 2473 4554
20171 4 2 0 1 3344 3615 3572 1491
20172 4 2 0 1 4029 4030 1949 4031
20173 4 2 0 1 3570 3495 3569 1488
20174 4 2 0 1 233 3739 4612 383
20175 4 2 0 1 2474 2222 4555 2321
20176 4 2 0 1 1359 3583 1335 1502
20177 4 2 0 1 1345 3424 3426 4311
20178 4 2 0 1 2560 543 4641 1795
20179 4 2 0 1 1896 1638 3421 3719
20180 4 2 0 1 3682 1601 1613 1612
20181 4 2 0 1 3399 1497 3992 1318
20182 4 2 0 1 3957 3570 3896 1876
20183 4 2 0 1 3682 3694 3693 1613
20184 4 2 0 1 362 211 2510 361
20185 4 2 0 1 2533 4564 2671 2483
20186 4 2 0 1 2530 4611 2118 1677
20187 4 2 0 1 4294 1348 2213 3482
20188 4 2 0 1 2625 118 544 4574
20189 4 2 0 1 1501 1640 1411 3721
20190 4 2 0 1 1501 3582 3721 3492
20191 4 2 0 1 3615 1812 1534 1826
20192 4 2 0 1 1625 3706 3761 2541
20193 4 2 0 1 4553 1511 3592 3594
20194 4 2 0 1 100 251 250 4575
20195 4 2 0 1 2215 1516 1330 3411
20196 4 2 0 1 3411 2215 3597 4296
20197 4 2 0 1 4246 1498 2165 2517
20198 4 2 0 1 1348 1347 4294 2213
20199 4 2 0 1 1237 1268 3349 4072
20200 4 2 0 1 3318 1237 3349 4072
20201 4 2 0 1 3869 1786 1789 3867
20202 4 2 0 1 3869 3867 1789 3870
20203 4 2 0 1 3437 3700 2288 4369
20204 4 2 0 1 317 166 4550 316
20205 4 2 0 1 2469 317 166 4550
20206 4 2 0 1 2118 1840 4611 2530
20207 4 2 0 1 3674 4196 3673 1593
20208 4 2 0 1 1349 1896 1327 3430
20209 4 2 0 1 4498 2417 1604 4495
20210 4 2 0 1 4613 2683 155 2532
20211 4 2 0 1 361 2509 2510 4591
20212 4 2 0 1 1677 3569 2118 1488
20213 4 2 0 1 1260 4391 3246 2310
20214 4 2 0 1 3615 1534 2305 1826
20215 4 2 0 1 2676 2543 1656 4624
20216 4 2 0 1 4495 4498 2417 3439
20217 4 2 0 1 574 150 4603 2522
20218 4 2 0 1 4396 1592 3581 3673
20219 4 2 0 1 590 106 256 2533
20220 4 2 0 1 4625 1638 2485 3719
20221 4 2 0 1 2288 1356 3700 3437
20222 4 2 0 1 3317 4411 4156 2075
20223 4 2 0 1 2075 1236 3317 2330
20224 4 2 0 1 3921 4611 4199 1840
20225 4 2 0 1 2562 2394 3704 4643
20226 4 2 0 1 1670 3750 3431 1350
20227 4 2 0 1 3750 1670 1669 1350
20228 4 2 0 1 3598 1517 1528 3586
20229 4 2 0 1 1528 3598 3610 1517
20230 4 2 0 1 167 318 601 168
20231 4 2 0 1 1619 2470 2288 4551
20232 4 2 0 1 1655 3615 1812 1534
20233 4 2 0 1 1815 4691 2610 4803
20234 4 2 0 1 2683 602 155 2532
20235 4 2 0 1 3500 2294 2300 4375
20236 4 2 0 1 2300 1419 2294 3500
20237 4 2 0 1 2680 2467 182 599
20238 4 2 0 1 564 2571 2482 4652
20239 4 2 0 1 4548 1584 2466 3665
20240 4 2 0 1 2164 3599 2165 1518
20241 4 2 0 1 302 301 152 2687
20242 4 2 0 1 4199 1840 1391 3921
20243 4 2 0 1 592 4658 2590 2673
20244 4 2 0 1 571 190 189 339
20245 4 2 0 1 571 190 339 340
20246 4 2 0 1 1375 1629 3710 1376
20247 4 2 0 1 2230 3424 3432 1343
20248 4 2 0 1 562 207 2475 2643
20249 4 2 0 1 362 212 546 2510
20250 4 2 0 1 1593 4196 1611 3674
20251 4 2 0 1 208 359 4615 209
20252 4 2 0 1 3317 1236 1237 3320
20253 4 2 0 1 1237 3317 3320 3318
20254 4 2 0 1 1471 1660 3552 1472
20255 4 2 0 1 3472 3921 4199 1391
20256 4 2 0 1 1660 3553 3552 1472
20257 4 2 0 1 292 558 4582 142
20258 4 2 0 1 2497 366 217 216
20259 4 2 0 1 2541 3689 3761 1608
20260 4 2 0 1 1663 3744 586 1912
20261 4 2 0 1 4196 4677 2596 1611
20262 4 2 0 1 3672 3673 3581 1592
20263 4 2 0 1 4545 1649 1820 3901
20264 4 2 0 1 1659 4561 4322 2241
20265 4 2 0 1 1659 2480 4561 2241
20266 4 2 0 1 4553 2472 1511 3594
20267 4 2 0 1 149 150 299 574
20268 4 2 0 1 2535 3715 3716 4616
20269 4 2 0 1 273 124 274 560
20270 4 2 0 1 2300 2294 1481 4375
20271 4 2 0 1 1656 2539 1504 3585
20272 4 2 0 1 312 311 580 2661
20273 4 2 0 1 1845 3702 2401 3926
20274 4 2 0 1 1255 3336 4402 2322
20275 4 2 0 1 2535 3716 2474 4616
20276 4 2 0 1 2507 352 351 4588
20277 4 2 0 1 3533 1326 1251 3407
20278 4 2 0 1 1251 3332 3533 3407
20279 4 2 0 1 4603 300 150 2655
20280 4 2 0 1 1807 3888 3610 3887
20281 4 2 0 1 3905 3710 3456 1824
20282 4 2 0 1 2662 1655 3895 3736
20283 4 2 0 1 4649 2263 4650 4344
20284 4 2 0 1 4565 310 2647 2484
20285 4 2 0 1 142 292 291 4582
20286 4 2 0 1 291 141 142 4582
20287 4 2 0 1 1807 1806 1892 3887
20288 4 2 0 1 2188 1251 3332 3533
20289 4 2 0 1 1892 3888 3887 3973
20290 4 2 0 1 243 581 92 93
20291 4 2 0 1 3583 1503 1335 1502
20292 4 2 0 1 2188 3332 4269 3533
20293 4 2 0 1 122 273 2495 123
20294 4 2 0 1 3761 1680 2541 1608
20295 4 2 0 1 118 544 4574 2493
20296 4 2 0 1 4196 1611 3674 3692
20297 4 2 0 1 3532 1654 3596 1451
20298 4 2 0 1 2661 580 1789 4570
20299 4 2 0 1 4637 1671 4660 3752
20300 4 2 0 1 1501 3490 3582 3492
20301 4 2 0 1 208 4615 562 2534
20302 4 2 0 1 2475 207 357 2643
20303 4 2 0 1 2645 2482 2600 4681
20304 4 2 0 1 2515 4567 3906 1825
20305 4 2 0 1 1824 3710 3456 1375
20306 4 2 0 1 1513 1511 2472 3594
20307 4 2 0 1 3567 1381 1485 3462
20308 4 2 0 1 1451 1654 3596 1515
20309 4 2 0 1 3953 1872 2478 1871
20310 4 2 0 1 285 134 4587 284
20311 4 2 0 1 1260 1165 3246 1121
20312 4 2 0 1 310 3 566 160
20313 4 2 0 1 4583 4558 590 2671
20314 4 2 0 1 3714 3715 3716 1633
20315 4 2 0 1 1336 1178 1337 3418
20316 4 2 0 1 333 184 4618 183
20317 4 2 0 1 184 333 4618 334
20318 4 2 0 1 1655 2662 3895 581
20319 4 2 0 1 1814 3895 581 1655
20320 4 2 0 1 4638 2115 2491 2557
20321 4 2 0 1 2221 1254 3335 1255
20322 4 2 0 1 1607 4546 4545 3688
20323 4 2 0 1 1489 1815 3570 1876
20324 4 2 0 1 89 4637 4660 239
20325 4 2 0 1 598 365 216 215
20326 4 2 0 1 337 187 589 2519
20327 4 2 0 1 599 2467 2466 2680
20328 4 2 0 1 2507 351 201 2686
20329 4 2 0 1 1624 3431 3750 1350
20330 4 2 0 1 3750 1669 1624 1350
20331 4 2 0 1 3408 3977 1327 3421
20332 4 2 0 1 1896 1340 1327 3421
20333 4 2 0 1 1855 3709 1357 1628
20334 4 2 0 1 583 1650 3729 2664
20335 4 2 0 1 3956 3567 1381 1875
20336 4 2 0 1 299 574 4568 149
20337 4 2 0 1 135 4587 134 2506
20338 4 2 0 1 1498 4246 2164 3579
20339 4 2 0 1 4246 3579 4245 2164
20340 4 2 0 1 4553 3592 1940 4021
20341 4 2 0 1 117 268 4574 118
20342 4 2 0 1 3418 1336 1178 3417
20343 4 2 0 1 3956 3567 3462 1381
20344 4 2 0 1 1260 3246 3341 1121
20345 4 2 0 1 2684 3724 4587 2506
20346 4 2 0 1 4455 2547 1789 4628
20347 4 2 0 1 3341 4008 4391 1260
20348 4 2 0 1 1901 2261 1902 3983
20349 4 2 0 1 1624 1812 3374 1293
20350 4 2 0 1 3601 1520 1519 1682
20351 4 2 0 1 4582 142 558 2501
20352 4 2 0 1 3344 1534 2305 3615
20353 4 2 0 1 3896 4691 1815 4803
20354 4 2 0 1 2595 3869 1789 4676
20355 4 2 0 1 4030 4590 1949 4031
20356 4 2 0 1 2261 1410 1902 3983
20357 4 2 0 1 2222 4402 4555 2321
20358 4 2 0 1 4303 4402 4555 2222
20359 4 2 0 1 1592 3672 1593 1591
20360 4 2 0 1 590 255 105 2502
20361 4 2 0 1 255 105 106 590
20362 4 2 0 1 1325 4269 4029 2188
20363 4 2 0 1 4269 1325 4029 3406
20364 4 2 0 1 3721 2098 1411 4179
20365 4 2 0 1 3492 3721 1411 4179
20366 4 2 0 1 2664 206 356 4556
20367 4 2 0 1 366 2497 217 4578
20368 4 2 0 1 217 366 4578 367
20369 4 2 0 1 3482 3738 3711 1401
20370 4 2 0 1 3491 2261 3983 1410
20371 4 2 0 1 3871 3869 3868 1790
20372 4 2 0 1 86 4 2644 236
20373 4 2 0 1 337 336 2519 4600
20374 4 2 0 1 3592 1940 1511 4553
20375 4 2 0 1 1490 3906 3905 1824
20376 4 2 0 1 3758 2505 1675 1677
20377 4 2 0 1 161 312 580 162
20378 4 2 0 1 1121 1058 3202 1057
20379 4 2 0 1 3587 3691 1506 3412
20380 4 2 0 1 1840 2551 4632 2530
20381 4 2 0 1 4246 1498 2164 2165
20382 4 2 0 1 4199 4611 3758 2118
20383 4 2 0 1 4342 3983 1901 3982
20384 4 2 0 1 1930 4011 4602 2041
20385 4 2 0 1 1516 2238 2239 3597
20386 4 2 0 1 2667 3993 4575 2494
20387 4 2 0 1 3421 3977 1896 3719
20388 4 2 0 1 3926 3702 2401 4482
20389 4 2 0 1 4549 2683 4613 2468
20390 4 2 0 1 234 597 235 2678
20391 4 2 0 1 4609 556 4496 2637
20392 4 2 0 1 365 216 366 2679
20393 4 2 0 1 3738 1401 2213 1657
20394 4 2 0 1 3436 1357 1355 3936
20395 4 2 0 1 3893 1813 1812 1624
20396 4 2 0 1 1512 3594 3595 3593
20397 4 2 0 1 4658 2590 2673 4671
20398 4 2 0 1 2541 3689 2522 4622
20399 4 2 0 1 191 342 585 192
20400 4 2 0 1 2495 272 273 122
20401 4 2 0 1 3336 4302 3335 1255
20402 4 2 0 1 560 274 273 2641
20403 4 2 0 1 233 3739 1658 4612
20404 4 2 0 1 1259 3431 2310 3340
20405 4 2 0 1 2553 1808 595 4634
20406 4 2 0 1 4611 4199 1840 2118
20407 4 2 0 1 3977 1327 1896 3430
20408 4 2 0 1 1812 3374 3893 1624
20409 4 2 0 1 338 189 2490 188
20410 4 2 0 1 4619 3871 3874 2538
20411 4 2 0 1 1058 3202 3246 1121
20412 4 2 0 1 2262 1501 3490 3582
20413 4 2 0 1 1491 3344 3615 1534
20414 4 2 0 1 3595 1605 2371 1514
20415 4 2 0 1 2495 273 4576 560
20416 4 2 0 1 2553 1656 3737 4754
20417 4 2 0 1 3674 1600 1601 1593
20418 4 2 0 1 342 191 585 341
20419 4 2 0 1 2235 1283 2236 4316
20420 4 2 0 1 4317 4316 1283 3364
20421 4 2 0 1 2484 4619 3874 2538
20422 4 2 0 1 4122 2540 4012 4621
20423 4 2 0 1 1634 3716 1633 1635
20424 4 2 0 1 2544 2626 2485 545
20425 4 2 0 1 4353 1326 3533 3407
20426 4 2 0 1 2474 4579 2222 2498
20427 4 2 0 1 4403 4402 3336 2322
20428 4 2 0 1 1649 4545 2475 3730
20429 4 2 0 1 100 251 4575 101
20430 4 2 0 1 287 138 288 2628
20431 4 2 0 1 547 287 138 137
20432 4 2 0 1 2468 2683 4613 2532
20433 4 2 0 1 1840 4199 1391 2118
20434 4 2 0 1 2374 1786 1368 3449
20435 4 2 0 1 2262 4342 4343 3491
20436 4 2 0 1 4702 3895 581 2621
20437 4 2 0 1 2055 1661 4617 2536
20438 4 2 0 1 3736 1813 3894 2662
20439 4 2 0 1 1593 4196 3673 2115
20440 4 2 0 1 1357 1855 1355 3936
20441 4 2 0 1 3438 1357 3436 3936
20442 4 2 0 1 1927 2310 4391 1260
20443 4 2 0 1 3739 232 542 2623
20444 4 2 0 1 2464 1649 1820 4545
20445 4 2 0 1 1581 3665 3981 3662
20446 4 2 0 1 1353 1645 3434 1354
20447 4 2 0 1 2528 3697 4496 1616
20448 4 2 0 1 139 290 4559 140
20449 4 2 0 1 2475 357 206 4556
20450 4 2 0 1 3435 3434 3726 1354
20451 4 2 0 1 550 4579 2222 2631
20452 4 2 0 1 2394 3560 4475 3732
20453 4 2 0 1 1520 3601 4549 1682
20454 4 2 0 1 3457 4322 3360 2241
20455 4 2 0 1 1410 2261 2262 3491
20456 4 2 0 1 3952 4294 3428 1347
20457 4 2 0 1 279 278 128 553
20458 4 2 0 1 2668 146 4579 587
20459 4 2 0 1 2490 589 2423 2670
20460 4 2 0 1 155 156 305 4613
20461 4 2 0 1 3702 3704 1621 4475
20462 4 2 0 1 1940 2472 1511 4553
20463 4 2 0 1 4402 2221 2222 4302
20464 4 2 0 1 202 353 352 552
20465 4 2 0 1 602 2683 2468 2532
20466 4 2 0 1 2230 3432 4543 1351
20467 4 2 0 1 155 304 154 2683
20468 4 2 0 1 305 304 155 2683
20469 4 2 0 1 3558 1479 4471 1477
20470 4 2 0 1 2118 3758 3569 1677
20471 4 2 0 1 1649 2475 583 3730
20472 4 2 0 1 359 209 210 2665
20473 4 2 0 1 1786 3866 3867 1787
20474 4 2 0 1 1786 3866 3449 3867
20475 4 2 0 1 283 133 569 4581
20476 4 2 0 1 4471 1479 2401 2390
20477 4 2 0 1 2476 1359 1637 4557
20478 4 2 0 1 4574 3728 3755 2493
20479 4 2 0 1 3482 1348 1401 1400
20480 4 2 0 1 211 362 2510 212
20481 4 2 0 1 3483 1401 1400 3482
20482 4 2 0 1 1855 1628 2512 3709
20483 4 2 0 1 1600 3674 3672 1593
20484 4 2 0 1 2495 4611 4632 2530
20485 4 2 0 1 140 4559 139 2478
20486 4 2 0 1 4 86 2644 2
20487 4 2 0 1 563 86 2 2644
20488 4 2 0 1 3726 1645 1646 1354
20489 4 2 0 1 3901 3730 1649 3418
20490 4 2 0 1 2492 2666 341 4573
20491 4 2 0 1 3730 4545 2475 4556
20492 4 2 0 1 3576 1494 1641 1495
20493 4 2 0 1 3981 1584 1581 1900
20494 4 2 0 1 1617 2280 3698 2584
20495 4 2 0 1 3 310 566 5
20496 4 2 0 1 1655 3615 1491 3736
20497 4 2 0 1 4196 1593 1611 2115
20498 4 2 0 1 233 234 384 2531
20499 4 2 0 1 1930 4694 1929 2613
20500 4 2 0 1 3871 1793 2538 1790
20501 4 2 0 1 3869 3868 1790 1787
20502 4 2 0 1 234 385 2678 235
20503 4 2 0 1 282 133 4581 132
20504 4 2 0 1 282 133 283 4581
20505 4 2 0 1 2230 1351 4543 2462
20506 4 2 0 1 583 206 2664 4556
20507 4 2 0 1 95 246 2486 96
20508 4 2 0 1 4658 592 2590 2577
20509 4 2 0 1 2394 1621 1623 3704
20510 4 2 0 1 3704 2394 1621 4475
20511 4 2 0 1 4551 2288 3700 4369
20512 4 2 0 1 242 2662 4599 2518
20513 4 2 0 1 4294 1871 1347 3952
20514 4 2 0 1 2241 3360 1280 4322
20515 4 2 0 1 1516 1515 1330 3411
20516 4 2 0 1 100 101 4575 2494
20517 4 2 0 1 4412 3341 3202 1121
20518 4 2 0 1 2572 2676 3889 4653
20519 4 2 0 1 1912 3992 1497 1911
20520 4 2 0 1 1620 1621 1282 3363
20521 4 2 0 1 2288 2466 1583 4369
20522 4 2 0 1 3730 2475 583 4556
20523 4 2 0 1 3560 4471 2401 4482
20524 4 2 0 1 4611 2495 4632 4576
20525 4 2 0 1 2651 4583 3903 2502
20526 4 2 0 1 1822 570 3903 2502
20527 4 2 0 1 3689 4622 4603 2522
20528 4 2 0 1 3596 1515 3597 3411
20529 4 2 0 1 4493 1641 2415 2412
20530 4 2 0 1 3594 1512 3595 1513
20531 4 2 0 1 3973 1331 3707 3412
20532 4 2 0 1 3707 1892 1331 3973
20533 4 2 0 1 1855 2638 2512 557
20534 4 2 0 1 3580 2315 3754 1499
20535 4 2 0 1 2331 4412 4411 1552
20536 4 2 0 1 4412 3633 4411 1552
20537 4 2 0 1 202 352 351 2507
20538 4 2 0 1 1494 3576 1641 3575
20539 4 2 0 1 559 264 263 2640
20540 4 2 0 1 4611 560 2641 1677
20541 4 2 0 1 2480 4561 548 1659
20542 4 2 0 1 3716 2322 1635 2321
20543 4 2 0 1 2467 2680 182 4548
20544 4 2 0 1 1337 1648 1336 3418
20545 4 2 0 1 1583 4369 4547 3664
20546 4 2 0 1 298 149 299 4568
20547 4 2 0 1 298 149 4568 148
20548 4 2 0 1 1517 1504 1505 3586
20549 4 2 0 1 583 1650 1648 3729
20550 4 2 0 1 585 2472 4554 2666
20551 4 2 0 1 4579 2474 2222 4555
20552 4 2 0 1 1479 1477 2390 4471
20553 4 2 0 1 4412 3202 3633 1552
20554 4 2 0 1 4412 2331 1121 1552
20555 4 2 0 1 1653 4640 2529 2559
20556 4 2 0 1 1491 2515 4596 1490
20557 4 2 0 1 3906 3710 3905 1824
20558 4 2 0 1 2686 200 201 605
20559 4 2 0 1 1318 1497 3992 1911
20560 4 2 0 1 4316 2232 2235 3426
20561 4 2 0 1 4590 2509 1949 4031
20562 4 2 0 1 1513 2371 1514 3595
20563 4 2 0 1 1621 3701 3363 1620
20564 4 2 0 1 4498 1605 2417 4504
20565 4 2 0 1 2661 1789 3870 4570
20566 4 2 0 1 3418 1648 1336 3417
20567 4 2 0 1 1332 1254 3335 2221
20568 4 2 0 1 3431 3340 4391 2310
20569 4 2 0 1 3585 3583 1503 3584
20570 4 2 0 1 3888 1892 3887 1807
20571 4 2 0 1 3732 1478 1479 3559
20572 4 2 0 1 4558 2502 590 2477
20573 4 2 0 1 1359 3718 4557 3440
20574 4 2 0 1 4570 5 566 2647
20575 4 2 0 1 3689 2541 2522 1608
20576 4 2 0 1 1643 3599 3441 1360
20577 4 2 0 1 3936 3709 2512 4593
20578 4 2 0 1 1812 3736 3615 1655
20579 4 2 0 1 146 295 2668 296
20580 4 2 0 1 295 146 2668 145
20581 4 2 0 1 345 194 4566 344
20582 4 2 0 1 2238 2099 2239 4180
20583 4 2 0 1 563 4694 4602 2613
20584 4 2 0 1 255 590 4583 2502
20585 4 2 0 1 3600 1339 3443 1519
20586 4 2 0 1 4496 2415 2528 1616
20587 4 2 0 1 1326 4353 3533 2272
20588 4 2 0 1 1338 3345 1265 1264
20589 4 2 0 1 3730 1648 583 1649
20590 4 2 0 1 3533 1950 4029 1452
20591 4 2 0 1 359 208 4615 358
20592 4 2 0 1 1950 1452 1948 4029
20593 4 2 0 1 1950 3533 4029 4031
20594 4 2 0 1 1643 1518 3599 1360
20595 4 2 0 1 3697 1612 4496 1616
20596 4 2 0 1 3718 1359 1637 3583
20597 4 2 0 1 1359 1502 1637 3583
20598 4 2 0 1 2483 3723 1494 1642
20599 4 2 0 1 2423 2589 1627 4670
20600 4 2 0 1 1497 3361 4322 1280
20601 4 2 0 1 3419 3872 3345 1791
20602 4 2 0 1 4402 4302 2222 4303
20603 4 2 0 1 2221 4402 2222 2321
20604 4 2 0 1 2222 1636 4302 2221
20605 4 2 0 1 552 352 4588 2633
20606 4 2 0 1 2632 2230 2231 4311
20607 4 2 0 1 2476 4635 1637 2554
20608 4 2 0 1 1927 4391 4008 1260
20609 4 2 0 1 4596 4567 3906 2515
20610 4 2 0 1 4136 4415 3414 2055
20611 4 2 0 1 271 120 2503 270
20612 4 2 0 1 263 113 114 559
20613 4 2 0 1 1815 3896 3570 1876
20614 4 2 0 1 2683 155 305 4613
20615 4 2 0 1 1811 2551 4632 1840
20616 4 2 0 1 1875 3956 1815 1876
20617 4 2 0 1 600 4582 3738 2501
20618 4 2 0 1 1605 2423 2417 4504
20619 4 2 0 1 4603 574 4622 2655
20620 4 2 0 1 268 117 4574 267
20621 4 2 0 1 4547 2680 2466 4548
20622 4 2 0 1 2467 2466 2680 4548
20623 4 2 0 1 2562 3704 4578 4643
20624 4 2 0 1 148 297 550 298
20625 4 2 0 1 297 148 550 147
20626 4 2 0 1 4646 2500 2565 2536
20627 4 2 0 1 335 334 184 2638
20628 4 2 0 1 5 161 311 4570
20629 4 2 0 1 2537 183 599 4618
20630 4 2 0 1 4403 3716 4402 2322
20631 4 2 0 1 2495 273 560 123
20632 4 2 0 1 3419 3345 3346 1265
20633 4 2 0 1 1339 3601 3876 1520
20634 4 2 0 1 3711 1657 1401 3738
20635 4 2 0 1 1657 3711 1401 1630
20636 4 2 0 1 314 165 551 164
20637 4 2 0 1 3413 3335 4302 1332
20638 4 2 0 1 266 115 116 2658
20639 4 2 0 1 265 115 266 2658
20640 4 2 0 1 3701 3704 1621 3702
20641 4 2 0 1 240 91 2635 90
20642 4 2 0 1 240 91 241 2635
20643 4 2 0 1 3337 3566 3568 1256
20644 4 2 0 1 2466 4547 4548 3665
20645 4 2 0 1 1584 4548 2466 2467
20646 4 2 0 1 134 285 4587 135
20647 4 2 0 1 3742 1661 2055 1487
20648 4 2 0 1 2055 3568 3742 1487
20649 4 2 0 1 3743 3755 4373 2292
20650 4 2 0 1 1645 3434 1647 1353
20651 4 2 0 1 3698 3566 2280 1485
20652 4 2 0 1 2642 1623 2597 4678
20653 4 2 0 1 1411 1640 2098 3721
20654 4 2 0 1 3750 4668 3705 2587
20655 4 2 0 1 577 3743 1673 1662
20656 4 2 0 1 2522 4622 574 2541
20657 4 2 0 1 140 291 600 141
20658 4 2 0 1 3558 1346 1324 3427
20659 4 2 0 1 2523 2567 2263 4604
20660 4 2 0 1 4690 173 2609 4321
20661 4 2 0 1 3743 2658 577 1673
20662 4 2 0 1 568 4596 4567 2649
20663 4 2 0 1 568 4567 2515 2486
20664 4 2 0 1 551 2230 2231 2632
20665 4 2 0 1 2231 2632 4311 4312
20666 4 2 0 1 369 220 1828 219
20667 4 2 0 1 356 206 357 4556
20668 4 2 0 1 3427 1346 1324 3406
20669 4 2 0 1 1871 4294 1347 2213
20670 4 2 0 1 3700 1355 3936 3436
20671 4 2 0 1 4646 4617 4581 2500
20672 4 2 0 1 4322 3740 4561 1659
20673 4 2 0 1 2507 552 352 4588
20674 4 2 0 1 342 341 585 2666
20675 4 2 0 1 4559 3953 2478 1871
20676 4 2 0 1 3722 4496 4493 2415
20677 4 2 0 1 2315 559 3754 1673
20678 4 2 0 1 3500 1827 1329 3410
20679 4 2 0 1 3716 1634 2535 1635
20680 4 2 0 1 1621 1620 1623 3704
20681 4 2 0 1 1329 1419 1827 3500
20682 4 2 0 1 4642 4622 3706 2561
20683 4 2 0 1 2535 3716 1635 2474
20684 4 2 0 1 4452 1605 3595 3686
20685 4 2 0 1 4452 1605 2371 3595
20686 4 2 0 1 1646 3726 3727 1667
20687 4 2 0 1 2518 2662 3894 1813
20688 4 2 0 1 1515 3597 4608 3596
20689 4 2 0 1 1356 1619 2288 3700
20690 4 2 0 1 3936 2512 2638 4593
20691 4 2 0 1 2504 605 200 2686
20692 4 2 0 1 2098 3721 4180 4179
20693 4 2 0 1 2657 4010 1929 1928
20694 4 2 0 1 3957 3896 3956 1876
20695 4 2 0 1 4596 3906 3571 1490
20696 4 2 0 1 296 146 147 4579
20697 4 2 0 1 296 147 297 4579
20698 4 2 0 1 4375 1481 2300 3562
20699 4 2 0 1 3754 2640 559 4396
20700 4 2 0 1 561 2497 1623 4578
20701 4 2 0 1 4031 4590 584 2665
20702 4 2 0 1 2236 4316 2232 2235
20703 4 2 0 1 2662 242 92 2518
20704 4 2 0 1 1381 3567 1485 1486
20705 4 2 0 1 1479 3560 3732 3559
20706 4 2 0 1 1479 1651 1478 3732
20707 4 2 0 1 2465 2464 1607 4545
20708 4 2 0 1 1855 1619 1355 3936
20709 4 2 0 1 3893 3894 1813 1624
20710 4 2 0 1 1664 3561 3562 1480
20711 4 2 0 1 2651 3741 570 3903
20712 4 2 0 1 1822 3741 570 1660
20713 4 2 0 1 4496 2415 1616 1612
20714 4 2 0 1 1612 3697 4496 3693
20715 4 2 0 1 208 4615 358 562
20716 4 2 0 1 1637 3718 4635 4557
20717 4 2 0 1 3568 4136 4105 2024
20718 4 2 0 1 1265 1362 3443 1339
20719 4 2 0 1 1807 1808 1529 3610
20720 4 2 0 1 1674 3755 3728 2493
20721 4 2 0 1 3712 1633 3713 1631
20722 4 2 0 1 4416 2388 2236 4317
20723 4 2 0 1 1451 1654 2335 3532
20724 4 2 0 1 2280 1485 3567 1486
20725 4 2 0 1 3710 1824 1629 1375
20726 4 2 0 1 1660 1822 3553 1472
20727 4 2 0 1 4545 2465 2464 2643
20728 4 2 0 1 4574 117 118 2493
20729 4 2 0 1 370 369 1828 3909
20730 4 2 0 1 369 220 370 1828
20731 4 2 0 1 355 204 1650 354
20732 4 2 0 1 3941 294 4661 2580
20733 4 2 0 1 2465 562 2464 2643
20734 4 2 0 1 3717 2222 4302 4303
20735 4 2 0 1 4555 4579 4303 2222
20736 4 2 0 1 2646 565 1654 4469
20737 4 2 0 1 2388 1654 565 4469
20738 4 2 0 1 556 4609 4496 2528
20739 4 2 0 1 276 127 277 3759
20740 4 2 0 1 1265 3420 3443 3346
20741 4 2 0 1 3672 1592 1593 3673
20742 4 2 0 1 4611 1840 4632 2530
20743 4 2 0 1 2583 4664 600 2478
20744 4 2 0 1 338 189 339 2490
20745 4 2 0 1 1658 1610 3707 1626
20746 4 2 0 1 4011 1930 1931 2041
20747 4 2 0 1 4319 2215 1250 4296
20748 4 2 0 1 3331 4319 1250 4296
20749 4 2 0 1 336 185 2512 335
20750 4 2 0 1 185 336 2512 186
20751 4 2 0 1 4548 4560 1584 3665
20752 4 2 0 1 1486 1381 3567 1875
20753 4 2 0 1 2371 4573 2492 571
20754 4 2 0 1 2495 560 4611 2530
20755 4 2 0 1 3732 1652 1478 3733
20756 4 2 0 1 3977 1896 1327 3421
20757 4 2 0 1 550 298 297 2631
20758 4 2 0 1 3712 3713 3483 1631
20759 4 2 0 1 3906 3905 3571 1490
20760 4 2 0 1 3482 1348 2213 1401
20761 4 2 0 1 92 243 242 2662
20762 4 2 0 1 1840 4611 4632 3921
20763 4 2 0 1 574 4603 4622 2522
20764 4 2 0 1 4598 547 3953 2517
20765 4 2 0 1 1497 3361 3399 3578
20766 4 2 0 1 3457 1376 1659 2241
20767 4 2 0 1 2239 3597 4608 1516
20768 4 2 0 1 3755 2599 577 4680
20769 4 2 0 1 4566 344 194 2626
20770 4 2 0 1 287 547 138 2628
20771 4 2 0 1 3722 3576 3575 1641
20772 4 2 0 1 570 104 254 2502
20773 4 2 0 1 2282 3696 1681 1615
20774 4 2 0 1 358 562 4615 2643
20775 4 2 0 1 202 353 552 203
20776 4 2 0 1 338 589 2490 2670
20777 4 2 0 1 338 589 188 2490
20778 4 2 0 1 3711 3940 3712 1859
20779 4 2 0 1 3711 1631 1859 3712
20780 4 2 0 1 2658 3743 3754 1673
20781 4 2 0 1 200 2686 201 350
20782 4 2 0 1 4319 1250 2098 3331
20783 4 2 0 1 2401 3560 4482 4475
20784 4 2 0 1 357 2475 2643 4556
20785 4 2 0 1 360 359 210 2665
20786 4 2 0 1 3743 3580 3754 1499
20787 4 2 0 1 233 382 3739 383
20788 4 2 0 1 1606 2374 1352 4455
20789 4 2 0 1 560 4611 4576 2495
20790 4 2 0 1 111 2659 4606 578
20791 4 2 0 1 111 2659 261 4606
20792 4 2 0 1 1345 2235 2232 3426
20793 4 2 0 1 1624 3374 3431 1293
20794 4 2 0 1 3567 3566 3462 1485
20795 4 2 0 1 3743 3537 1662 2292
20796 4 2 0 1 4029 1949 1950 4031
20797 4 2 0 1 1950 1948 1949 4029
20798 4 2 0 1 3743 3537 1499 1662
20799 4 2 0 1 1268 3587 3349 4072
20800 4 2 0 1 2541 3706 4622 2561
20801 4 2 0 1 4617 4136 3742 2055
20802 4 2 0 1 2480 1497 4561 2241
20803 4 2 0 1 1497 4322 4561 2241
20804 4 2 0 1 2315 3580 3754 4396
20805 4 2 0 1 3709 1855 1357 3936
20806 4 2 0 1 3438 3709 1357 3936
20807 4 2 0 1 1494 1642 3723 1641
20808 4 2 0 1 2280 3566 3567 1485
20809 4 2 0 1 4545 2475 2643 2464
20810 4 2 0 1 1338 1791 3345 1264
20811 4 2 0 1 320 565 170 2508
20812 4 2 0 1 319 2513 565 4594
20813 4 2 0 1 2558 3599 1643 1518
20814 4 2 0 1 2300 4381 3500 4375
20815 4 2 0 1 562 2475 2464 2643
20816 4 2 0 1 3894 3893 3705 1624
20817 4 2 0 1 385 234 2678 384
20818 4 2 0 1 348 198 199 2654
20819 4 2 0 1 1604 1603 1514 3595
20820 4 2 0 1 1513 2371 3595 4452
20821 4 2 0 1 2641 3758 4611 1677
20822 4 2 0 1 4580 2499 563 2521
20823 4 2 0 1 584 2509 4590 4031
20824 4 2 0 1 1503 3585 3586 1504
20825 4 2 0 1 1901 2261 3983 4342
20826 4 2 0 1 4560 1584 2479 4548
20827 4 2 0 1 4630 2549 316 4550
20828 4 2 0 1 1339 1362 3443 1519
20829 4 2 0 1 2539 1656 4620 3585
20830 4 2 0 1 2547 4455 1789 2374
20831 4 2 0 1 2536 2565 4646 2334
20832 4 2 0 1 319 170 565 169
20833 4 2 0 1 2261 3491 3983 4342
20834 4 2 0 1 3374 3705 3893 1624
20835 4 2 0 1 364 215 4607 214
20836 4 2 0 1 311 161 580 4570
20837 4 2 0 1 550 148 298 4568
20838 4 2 0 1 2300 4381 4375 3562
20839 4 2 0 1 4179 4319 2098 3331
20840 4 2 0 1 3755 3728 4373 2292
20841 4 2 0 1 351 201 202 2507
20842 4 2 0 1 1667 3749 3727 1668
20843 4 2 0 1 3727 1646 1667 1668
20844 4 2 0 1 3696 2282 1681 4363
20845 4 2 0 1 3439 2417 1358 3708
20846 4 2 0 1 3740 4610 2629 2529
20847 4 2 0 1 1479 2394 1651 3732
20848 4 2 0 1 2394 1479 3560 3732
20849 4 2 0 1 4581 579 132 2500
20850 4 2 0 1 1647 3728 3434 1645
20851 4 2 0 1 110 4606 2528 2525
20852 4 2 0 1 1671 3751 3750 3752
20853 4 2 0 1 2664 3730 583 4556
20854 4 2 0 1 1552 3202 3138 1057
20855 4 2 0 1 3576 1641 4493 1495
20856 4 2 0 1 2529 249 2629 99
20857 4 2 0 1 3872 3874 3871 1793
20858 4 2 0 1 365 598 216 2679
20859 4 2 0 1 2490 339 338 4571
20860 4 2 0 1 157 3875 158 307
20861 4 2 0 1 2509 211 361 2510
20862 4 2 0 1 2526 1651 598 4607
20863 4 2 0 1 4580 235 2 2499
20864 4 2 0 1 2641 273 560 4576
20865 4 2 0 1 3888 1892 3707 3973
20866 4 2 0 1 1452 1950 2272 3533
20867 4 2 0 1 161 5 2489 4570
20868 4 2 0 1 3993 1497 3992 3578
20869 4 2 0 1 2502 4558 590 4583
20870 4 2 0 1 1584 1581 1583 3665
20871 4 2 0 1 4619 2647 566 2484
20872 4 2 0 1 2272 4031 3533 1950
20873 4 2 0 1 3595 1512 1603 1514
20874 4 2 0 1 2115 4638 3673 2557
20875 4 2 0 1 1645 3726 3434 1354
20876 4 2 0 1 3567 3956 1815 1875
20877 4 2 0 1 4469 4416 1654 3735
20878 4 2 0 1 385 2 4580 235
20879 4 2 0 1 2500 4646 4617 2536
20880 4 2 0 1 4571 2490 2423 2670
20881 4 2 0 1 4322 4561 3578 1497
20882 4 2 0 1 1516 2527 1515 4608
20883 4 2 0 1 2262 4342 3491 2261
20884 4 2 0 1 2515 3906 1490 1825
20885 4 2 0 1 4599 2662 3894 2518
20886 4 2 0 1 158 307 3875 308
20887 4 2 0 1 3875 157 158 1794
20888 4 2 0 1 355 1650 2664 3731
20889 4 2 0 1 1650 355 2664 205
20890 4 2 0 1 3869 3871 4619 2538
20891 4 2 0 1 4614 3723 2573 4654
20892 4 2 0 1 2662 92 581 2518
20893 4 2 0 1 2536 4415 2055 2334
20894 4 2 0 1 1504 1517 3598 3586
20895 4 2 0 1 352 202 552 2507
20896 4 2 0 1 4600 2512 336 2519
20897 4 2 0 1 1259 3431 1293 1350
20898 4 2 0 1 283 569 134 2650
20899 4 2 0 1 4606 111 578 2525
20900 4 2 0 1 4662 1657 2501 2581
20901 4 2 0 1 4572 263 559 2491
20902 4 2 0 1 584 210 209 2665
20903 4 2 0 1 4608 2239 2527 594
20904 4 2 0 1 4561 548 3740 2629
20905 4 2 0 1 4561 3740 548 1659
20906 4 2 0 1 350 200 2686 4585
20907 4 2 0 1 4628 1789 4455 3870
20908 4 2 0 1 2660 132 4581 579
20909 4 2 0 1 1497 3399 3992 3578
20910 4 2 0 1 4646 4415 2536 2334
20911 4 2 0 1 4602 563 4580 2644
20912 4 2 0 1 1649 4545 3730 3901
20913 4 2 0 1 4666 1640 2585 4648
20914 4 2 0 1 2512 1855 3709 3936
20915 4 2 0 1 4363 1681 1336 2282
20916 4 2 0 1 4544 2570 313 4651
20917 4 2 0 1 335 557 184 185
20918 4 2 0 1 3982 1901 4342 4563
20919 4 2 0 1 161 5 3 2489
20920 4 2 0 1 246 95 2486 245
20921 4 2 0 1 2667 3744 3993 1912
20922 4 2 0 1 2667 586 3744 1912
20923 4 2 0 1 318 317 601 2682
20924 4 2 0 1 3703 1827 1828 3908
20925 4 2 0 1 4412 2331 1260 1121
20926 4 2 0 1 95 245 568 2486
20927 4 2 0 1 3706 3413 1636 1625
20928 4 2 0 1 1636 3413 1332 1625
20929 4 2 0 1 2567 2585 1640 4648
20930 4 2 0 1 4316 1283 2236 4317
20931 4 2 0 1 4648 4344 2567 4604
20932 4 2 0 1 1631 3711 1859 1630
20933 4 2 0 1 237 88 576 87
20934 4 2 0 1 4576 2672 272 2495
20935 4 2 0 1 246 96 575 2486
20936 4 2 0 1 4643 2679 2562 3732
20937 4 2 0 1 2552 278 127 4633
20938 4 2 0 1 3729 3730 583 2664
20939 4 2 0 1 2546 1637 2539 3718
20940 4 2 0 1 1674 3728 2292 1647
20941 4 2 0 1 2484 566 4619 2538
20942 4 2 0 1 581 243 92 2662
20943 4 2 0 1 4583 2651 254 2502
20944 4 2 0 1 1824 1490 3906 1825
20945 4 2 0 1 3721 2098 4180 1640
20946 4 2 0 1 2652 571 340 4573
20947 4 2 0 1 2643 2465 4615 4546
20948 4 2 0 1 4611 3758 2118 1677
20949 4 2 0 1 2563 4571 2423 4644
20950 4 2 0 1 1629 1824 3710 1825
20951 4 2 0 1 1811 4632 3921 1840
20952 4 2 0 1 1808 1807 3888 3610
20953 4 2 0 1 1654 2388 2335 4416
20954 4 2 0 1 1609 1325 1346 3406
20955 4 2 0 1 3698 3742 3568 1617
20956 4 2 0 1 111 261 260 4606
20957 4 2 0 1 4568 298 550 2631
20958 4 2 0 1 4650 2568 2263 4649
20959 4 2 0 1 3921 3892 4632 1811
20960 4 2 0 1 3869 3871 2538 1790
20961 4 2 0 1 332 181 182 4548
20962 4 2 0 1 4543 2230 2632 4311
20963 4 2 0 1 1648 1337 1649 3418
20964 4 2 0 1 4493 4500 2412 1613
20965 4 2 0 1 4574 3755 4680 2599
20966 4 2 0 1 4619 2484 3874 4565
20967 4 2 0 1 3700 1619 2288 4551
20968 4 2 0 1 2489 2595 1789 4676
20969 4 2 0 1 4579 550 2222 2498
20970 4 2 0 1 1239 1991 3320 4122
20971 4 2 0 1 1481 1664 1665 3562
20972 4 2 0 1 2252 2335 4416 3532
20973 4 2 0 1 321 172 322 2675
20974 4 2 0 1 321 172 2675 171
20975 4 2 0 1 547 4696 4577 2615
20976 4 2 0 1 1795 3419 1339 1338
20977 4 2 0 1 279 278 553 2634
20978 4 2 0 1 279 128 129 553
20979 4 2 0 1 249 2529 2629 4610
20980 4 2 0 1 1950 1949 2509 4031
20981 4 2 0 1 134 283 2650 284
20982 4 2 0 1 194 345 4566 195
20983 4 2 0 1 2310 3431 1670 4391
20984 4 2 0 1 2652 2371 4573 4452
20985 4 2 0 1 4342 2569 2482 2261
20986 4 2 0 1 4666 3721 1640 4648
20987 4 2 0 1 249 98 2529 248
20988 4 2 0 1 315 314 551 2632
20989 4 2 0 1 337 336 186 2519
20990 4 2 0 1 337 186 187 2519
20991 4 2 0 1 194 545 2485 2626
20992 4 2 0 1 4316 2232 3426 4313
20993 4 2 0 1 1617 3698 2280 1485
20994 4 2 0 1 3714 3712 3715 1633
20995 4 2 0 1 1814 4596 3572 1491
20996 4 2 0 1 569 134 2650 2506
20997 4 2 0 1 582 345 4566 2663
20998 4 2 0 1 112 578 4572 2659
20999 4 2 0 1 3739 232 233 1658
21000 4 2 0 1 382 233 3739 232
21001 4 2 0 1 1912 2667 586 2494
21002 4 2 0 1 3993 2667 1912 2494
21003 4 2 0 1 4072 1992 4073 4122
21004 4 2 0 1 3736 1813 2662 1655
21005 4 2 0 1 1268 1506 3587 4072
21006 4 2 0 1 3975 1349 1893 3974
21007 4 2 0 1 3317 4411 2075 2330
21008 4 2 0 1 2510 2509 1949 4591
21009 4 2 0 1 3723 2483 1494 4564
21010 4 2 0 1 260 110 4606 4609
21011 4 2 0 1 3583 1503 1502 3585
21012 4 2 0 1 311 580 2661 4570
21013 4 2 0 1 1646 1645 3726 1667
21014 4 2 0 1 3202 3341 3246 1121
21015 4 2 0 1 4317 1283 4416 3364
21016 4 2 0 1 263 559 2640 4572
21017 4 2 0 1 263 113 559 2491
21018 4 2 0 1 2569 2568 2263 4650
21019 4 2 0 1 599 183 182 333
21020 4 2 0 1 250 249 99 2629
21021 4 2 0 1 2541 1625 3706 2561
21022 4 2 0 1 1516 2215 3597 3411
21023 4 2 0 1 2507 2686 2575 4588
21024 4 2 0 1 2686 2507 2575 605
21025 4 2 0 1 345 582 4566 195
21026 4 2 0 1 3718 1359 4557 1637
21027 4 2 0 1 2512 3936 2638 1855
21028 4 2 0 1 2462 2230 551 2632
21029 4 2 0 1 3715 1859 1860 1634
21030 4 2 0 1 1656 3737 4620 3585
21031 4 2 0 1 2575 605 2593 2686
21032 4 2 0 1 1813 581 2662 1655
21033 4 2 0 1 3702 1845 1621 3363
21034 4 2 0 1 3686 1605 4498 4504
21035 4 2 0 1 3694 4493 3693 1613
21036 4 2 0 1 1356 1355 3700 3437
21037 4 2 0 1 1664 4629 3561 2548
21038 4 2 0 1 4659 2371 4573 2578
21039 4 2 0 1 2590 2577 1666 3747
21040 4 2 0 1 584 2591 4031 4672
21041 4 2 0 1 598 2679 4607 3732
21042 4 2 0 1 1929 4694 563 2613
21043 4 2 0 1 4617 4415 2055 2536
21044 4 2 0 1 3424 1345 2230 4311
21045 4 2 0 1 4564 3723 3575 1494
21046 4 2 0 1 593 2568 4650 2674
21047 4 2 0 1 4567 575 246 2656
21048 4 2 0 1 580 4628 1789 2547
21049 4 2 0 1 2489 580 161 4570
21050 4 2 0 1 340 2492 571 190
21051 4 2 0 1 3728 3726 3434 1645
21052 4 2 0 1 3558 1477 1346 3559
21053 4 2 0 1 2335 1283 2252 4416
21054 4 2 0 1 99 100 250 2629
21055 4 2 0 1 2115 578 4196 2491
21056 4 2 0 1 578 4572 4196 2491
21057 4 2 0 1 4568 574 2561 2487
21058 4 2 0 1 3716 1635 2474 2321
21059 4 2 0 1 354 2514 1650 4595
21060 4 2 0 1 2489 5 566 4570
21061 4 2 0 1 3320 3317 1236 2330
21062 4 2 0 1 4587 284 134 2650
21063 4 2 0 1 3685 1605 1604 4498
21064 4 2 0 1 3673 3672 3674 1593
21065 4 2 0 1 4606 110 111 2525
21066 4 2 0 1 3716 1634 1633 3715
21067 4 2 0 1 4500 2412 1495 4493
21068 4 2 0 1 350 201 351 2686
21069 4 2 0 1 333 599 183 4618
21070 4 2 0 1 1339 3419 3876 3420
21071 4 2 0 1 4622 4642 2655 2561
21072 4 2 0 1 3867 3449 2374 4455
21073 4 2 0 1 4646 4415 4617 2536
21074 4 2 0 1 2465 2534 562 4615
21075 4 2 0 1 4344 2263 2567 4604
21076 4 2 0 1 2626 2544 2485 4625
21077 4 2 0 1 2485 4566 2626 4625
21078 4 2 0 1 3723 2533 2573 1642
21079 4 2 0 1 3739 382 232 2623
21080 4 2 0 1 1658 232 542 3739
21081 4 2 0 1 4582 600 141 2501
21082 4 2 0 1 3562 1664 1480 1481
21083 4 2 0 1 1859 3940 3715 1860
21084 4 2 0 1 3597 2238 2239 4320
21085 4 2 0 1 4320 3597 2238 4319
21086 4 2 0 1 167 318 317 601
21087 4 2 0 1 1815 3956 3896 1876
21088 4 2 0 1 3692 3674 3682 1601
21089 4 2 0 1 1256 3566 3568 1485
21090 4 2 0 1 146 2668 4579 296
21091 4 2 0 1 571 339 2490 2652
21092 4 2 0 1 2578 2666 4573 4659
21093 4 2 0 1 3906 3710 1824 1825
21094 4 2 0 1 2650 134 4587 2506
21095 4 2 0 1 3707 1807 1892 3888
21096 4 2 0 1 2665 209 2534 4615
21097 4 2 0 1 4588 4667 552 2633
21098 4 2 0 1 1659 1376 3457 1653
21099 4 2 0 1 1641 3576 4493 3722
21100 4 2 0 1 2575 4667 2586 4588
21101 4 2 0 1 1788 3869 1790 1787
21102 4 2 0 1 2466 2288 2470 4551
21103 4 2 0 1 215 214 2526 4607
21104 4 2 0 1 4555 587 4616 2668
21105 4 2 0 1 1622 1828 2524 4605
21106 4 2 0 1 1822 3741 3553 3903
21107 4 2 0 1 4567 245 246 2486
21108 4 2 0 1 4585 199 2504 2654
21109 4 2 0 1 1584 2467 2479 4548
21110 4 2 0 1 215 364 4607 365
21111 4 2 0 1 568 4567 245 2649
21112 4 2 0 1 4567 568 245 2486
21113 4 2 0 1 1605 4644 4452 2563
21114 4 2 0 1 248 249 4610 2529
21115 4 2 0 1 2548 3699 2590 4629
21116 4 2 0 1 1653 4689 2656 2608
21117 4 2 0 1 566 3 5 2489
21118 4 2 0 1 2586 2507 2575 4588
21119 4 2 0 1 1648 3730 583 3729
21120 4 2 0 1 2236 2335 2388 4416
21121 4 2 0 1 2415 556 4496 2528
21122 4 2 0 1 3633 4156 4411 2075
21123 4 2 0 1 1236 1239 1237 3320
21124 4 2 0 1 279 129 130 2584
21125 4 2 0 1 3903 570 2651 2502
21126 4 2 0 1 257 2573 258 4654
21127 4 2 0 1 254 253 104 570
21128 4 2 0 1 4635 2673 2476 4557
21129 4 2 0 1 4313 2236 4316 2232
21130 4 2 0 1 557 2594 1855 4675
21131 4 2 0 1 4504 4571 2423 2670
21132 4 2 0 1 2483 2533 3723 1642
21133 4 2 0 1 2508 320 565 2646
21134 4 2 0 1 2655 574 4622 2561
21135 4 2 0 1 2500 569 4646 2565
21136 4 2 0 1 2240 4663 173 2582
21137 4 2 0 1 4563 593 4650 2674
21138 4 2 0 1 218 217 561 367
21139 4 2 0 1 367 561 218 368
21140 4 2 0 1 170 319 565 320
21141 4 2 0 1 4646 2650 569 4581
21142 4 2 0 1 3424 2230 3432 4311
21143 4 2 0 1 4588 2586 552 4667
21144 4 2 0 1 1812 3736 1813 3893
21145 4 2 0 1 340 191 2492 190
21146 4 2 0 1 3992 1912 3744 1911
21147 4 2 0 1 2561 2655 4568 4642
21148 4 2 0 1 3906 2515 1490 4596
21149 4 2 0 1 132 2660 4581 282
21150 4 2 0 1 4638 2491 559 2557
21151 4 2 0 1 1658 3691 3707 1610
21152 4 2 0 1 259 109 110 4609
21153 4 2 0 1 191 340 2492 341
21154 4 2 0 1 2642 561 1623 4578
21155 4 2 0 1 3449 2374 1786 3867
21156 4 2 0 1 2636 555 1664 3746
21157 4 2 0 1 1665 1664 555 3746
21158 4 2 0 1 3975 3430 1349 3974
21159 4 2 0 1 1828 596 370 2677
21160 4 2 0 1 2586 4588 552 2507
21161 4 2 0 1 379 229 230 2676
21162 4 2 0 1 1654 3532 3596 3735
21163 4 2 0 1 4571 338 2490 2670
21164 4 2 0 1 587 4616 2535 2474
21165 4 2 0 1 1660 3552 1663 1471
21166 4 2 0 1 585 4700 4554 2619
21167 4 2 0 1 3704 2642 1623 4578
21168 4 2 0 1 2495 4632 2672 2551
21169 4 2 0 1 1892 3707 1331 1626
21170 4 2 0 1 4622 574 2541 2561
21171 4 2 0 1 2236 4313 4316 4317
21172 4 2 0 1 3664 4547 1583 3665
21173 4 2 0 1 4581 569 4646 2500
21174 4 2 0 1 4072 1991 1992 4122
21175 4 2 0 1 3953 2517 3951 4598
21176 4 2 0 1 560 4611 2641 4576
21177 4 2 0 1 339 571 2490 189
21178 4 2 0 1 1648 1650 1681 3729
21179 4 2 0 1 1912 1497 4561 2480
21180 4 2 0 1 3705 3374 3431 1624
21181 4 2 0 1 4072 3320 1991 4122
21182 4 2 0 1 1940 4553 4021 4554
21183 4 2 0 1 3569 1677 1675 1488
21184 4 2 0 1 2543 1656 4624 2653
21185 4 2 0 1 2232 1345 3426 4312
21186 4 2 0 1 1504 3598 3585 3586
21187 4 2 0 1 1827 3703 1828 1622
21188 4 2 0 1 547 3953 2517 1872
21189 4 2 0 1 122 272 591 2495
21190 4 2 0 1 577 116 115 2658
21191 4 2 0 1 4557 2673 2476 4671
21192 4 2 0 1 574 4568 2561 2655
21193 4 2 0 1 2666 2578 2472 4659
21194 4 2 0 1 4642 3706 3717 2561
21195 4 2 0 1 4136 3568 2055 2024
21196 4 2 0 1 2509 584 1950 4031
21197 4 2 0 1 368 219 2524 218
21198 4 2 0 1 1870 2517 3951 1872
21199 4 2 0 1 3698 4361 4665 2280
21200 4 2 0 1 3410 1620 3703 1329
21201 4 2 0 1 3702 1845 2401 1621
21202 4 2 0 1 1349 3976 1896 3430
21203 4 2 0 1 1503 1504 1502 3585
21204 4 2 0 1 336 335 2512 4593
21205 4 2 0 1 2523 325 2630 4604
21206 4 2 0 1 325 549 2523 2630
21207 4 2 0 1 3940 3941 3715 1860
21208 4 2 0 1 3868 3869 3867 1787
21209 4 2 0 1 3731 1681 3729 3762
21210 4 2 0 1 1631 1402 3483 1630
21211 4 2 0 1 1815 1486 3567 1875
21212 4 2 0 1 4675 1855 1619 2594
21213 4 2 0 1 4638 559 4396 2557
21214 4 2 0 1 557 335 184 2638
21215 4 2 0 1 320 171 321 2508
21216 4 2 0 1 549 325 2523 175
21217 4 2 0 1 4579 2222 2631 4303
21218 4 2 0 1 4567 2515 2486 1825
21219 4 2 0 1 1494 3723 3575 1641
21220 4 2 0 1 260 110 111 4606
21221 4 2 0 1 276 127 3759 126
21222 4 2 0 1 4391 1670 2310 1927
21223 4 2 0 1 3744 586 2481 1663
21224 4 2 0 1 4579 2668 587 4555
21225 4 2 0 1 3419 1795 1339 3876
21226 4 2 0 1 3138 4004 3633 1552
21227 4 2 0 1 4004 1552 2075 3633
21228 4 2 0 1 2 385 4580 4
21229 4 2 0 1 2686 200 2504 4585
21230 4 2 0 1 3718 1637 2539 3583
21231 4 2 0 1 1502 2539 1637 3583
21232 4 2 0 1 2686 2575 4588 4656
21233 4 2 0 1 4043 1609 3427 3690
21234 4 2 0 1 3993 4561 4575 2494
21235 4 2 0 1 2518 581 2662 1813
21236 4 2 0 1 1280 4322 1497 2241
21237 4 2 0 1 3436 1253 3333 1355
21238 4 2 0 1 2593 4656 2575 2686
21239 4 2 0 1 2593 4656 2686 4674
21240 4 2 0 1 3436 1355 3333 3437
21241 4 2 0 1 1620 3410 3703 3701
21242 4 2 0 1 569 283 134 133
21243 4 2 0 1 4582 600 3738 2681
21244 4 2 0 1 2558 4639 603 1643
21245 4 2 0 1 1617 3742 3568 1487
21246 4 2 0 1 3742 1617 1661 1487
21247 4 2 0 1 98 249 2529 99
21248 4 2 0 1 1513 1512 3595 1514
21249 4 2 0 1 3318 3320 1237 4072
21250 4 2 0 1 1613 3693 3682 1612
21251 4 2 0 1 3730 1648 1649 3418
21252 4 2 0 1 141 291 600 4582
21253 4 2 0 1 1860 4687 144 2606
21254 4 2 0 1 2475 4545 2643 4556
21255 4 2 0 1 1894 1893 1891 3972
21256 4 2 0 1 4665 3698 2280 2584
21257 4 2 0 1 3940 3711 4662 2581
21258 4 2 0 1 4572 262 112 2659
21259 4 2 0 1 4561 3993 3578 1497
21260 4 2 0 1 4319 2238 4320 4180
21261 4 2 0 1 4320 2238 2239 4180
21262 4 2 0 1 1610 1506 3691 3412
21263 4 2 0 1 3553 1660 3552 3741
21264 4 2 0 1 2482 4342 2261 1901
21265 4 2 0 1 3874 2685 604 1792
21266 4 2 0 1 2685 3874 3873 1792
21267 4 2 0 1 1515 1516 3597 3411
21268 4 2 0 1 137 286 2496 287
21269 4 2 0 1 3715 2535 3716 1634
21270 4 2 0 1 4554 2472 1940 4553
21271 4 2 0 1 3438 1253 3334 3436
21272 4 2 0 1 339 2490 2652 4571
21273 4 2 0 1 3975 1893 3972 3974
21274 4 2 0 1 1912 1663 3744 1911
21275 4 2 0 1 1497 3993 3992 1912
21276 4 2 0 1 1912 4561 2494 2480
21277 4 2 0 1 3742 4617 579 2660
21278 4 2 0 1 97 98 4640 2559
21279 4 2 0 1 1605 2563 2423 4644
21280 4 2 0 1 2467 182 181 4548
21281 4 2 0 1 1268 1237 1991 4072
21282 4 2 0 1 135 2684 286 285
21283 4 2 0 1 3417 1681 1336 4363
21284 4 2 0 1 3706 3413 3717 1636
21285 4 2 0 1 2537 557 184 4618
21286 4 2 0 1 2466 2288 4551 4369
21287 4 2 0 1 2531 384 233 4612
21288 4 2 0 1 4590 360 210 2665
21289 4 2 0 1 4579 146 147 2498
21290 4 2 0 1 591 271 2503 2672
21291 4 2 0 1 3568 2024 1256 1487
21292 4 2 0 1 3567 3956 3896 1815
21293 4 2 0 1 3665 1581 3981 1584
21294 4 2 0 1 1358 1253 3438 1357
21295 4 2 0 1 4664 600 3738 2583
21296 4 2 0 1 580 4628 2661 1789
21297 4 2 0 1 3953 2628 4679 2598
21298 4 2 0 1 3578 3361 4322 1497
21299 4 2 0 1 4011 1930 1929 1928
21300 4 2 0 1 3431 1259 2310 1350
21301 4 2 0 1 2575 4667 4588 4656
21302 4 2 0 1 1640 2098 4180 2099
21303 4 2 0 1 297 550 4579 147
21304 4 2 0 1 1419 2300 1827 3500
21305 4 2 0 1 2548 1664 1480 3561
21306 4 2 0 1 1628 2519 2512 4600
21307 4 2 0 1 348 199 349 2654
21308 4 2 0 1 2476 592 2673 4635
21309 4 2 0 1 108 109 259 556
21310 4 2 0 1 3699 2548 2590 1618
21311 4 2 0 1 110 4606 4609 2528
21312 4 2 0 1 380 379 230 2676
21313 4 2 0 1 2567 2523 549 2630
21314 4 2 0 1 4604 2567 2630 2523
21315 4 2 0 1 2484 2538 3874 1793
21316 4 2 0 1 2478 2583 4664 1871
21317 4 2 0 1 291 140 600 290
21318 4 2 0 1 547 4598 3953 2628
21319 4 2 0 1 3751 4391 4008 1927
21320 4 2 0 1 361 2509 4591 4590
21321 4 2 0 1 1793 3874 3871 2538
21322 4 2 0 1 1610 4623 1506 2542
21323 4 2 0 1 4136 4617 4415 2055
21324 4 2 0 1 4618 2680 2470 4551
21325 4 2 0 1 4575 250 100 2629
21326 4 2 0 1 1650 3729 2664 3731
21327 4 2 0 1 1481 1665 2300 3562
21328 4 2 0 1 1896 3430 3976 3977
21329 4 2 0 1 4664 3738 4294 2583
21330 4 2 0 1 1661 4617 3742 2055
21331 4 2 0 1 572 2539 1656 2653
21332 4 2 0 1 1659 4322 3457 2241
21333 4 2 0 1 4313 2232 3426 4312
21334 4 2 0 1 120 271 2503 121
21335 4 2 0 1 1648 3418 3729 3417
21336 4 2 0 1 4544 313 2618 4699
21337 4 2 0 1 2401 3702 4475 4482
21338 4 2 0 1 600 291 290 2681
21339 4 2 0 1 1677 3569 1675 3758
21340 4 2 0 1 1814 2515 4596 1491
21341 4 2 0 1 4302 3336 4402 1255
21342 4 2 0 1 1346 1962 1609 3427
21343 4 2 0 1 3439 4498 2417 3708
21344 4 2 0 1 1813 3893 3736 3894
21345 4 2 0 1 3746 4601 2520 2677
21346 4 2 0 1 3705 4668 3894 2587
21347 4 2 0 1 1661 579 4617 2536
21348 4 2 0 1 1828 3703 4605 1622
21349 4 2 0 1 1601 3682 3692 1612
21350 4 2 0 1 2529 548 3740 1659
21351 4 2 0 1 2629 548 3740 2529
21352 4 2 0 1 2485 195 194 4566
21353 4 2 0 1 3597 2239 4608 4320
21354 4 2 0 1 3743 1662 1674 2292
21355 4 2 0 1 3701 1621 3363 3702
21356 4 2 0 1 2497 366 216 2679
21357 4 2 0 1 1793 3872 1792 1791
21358 4 2 0 1 1356 1355 1619 3700
21359 4 2 0 1 4559 3953 4679 2598
21360 4 2 0 1 2472 4554 1940 2473
21361 4 2 0 1 259 110 260 4609
21362 4 2 0 1 3755 3743 1674 2292
21363 4 2 0 1 3597 1515 4608 1516
21364 4 2 0 1 2221 3335 4302 1255
21365 4 2 0 1 2590 2673 2476 592
21366 4 2 0 1 335 557 185 2512
21367 4 2 0 1 2533 3723 2573 4614
21368 4 2 0 1 4402 1255 2322 2321
21369 4 2 0 1 1657 600 3738 2501
21370 4 2 0 1 4344 2262 4650 4343
21371 4 2 0 1 271 591 2503 121
21372 4 2 0 1 359 209 2665 4615
21373 4 2 0 1 2588 2469 4313 4669
21374 4 2 0 1 2512 186 336 2519
21375 4 2 0 1 3703 3908 1828 3909
21376 4 2 0 1 4619 4565 2647 2484
21377 4 2 0 1 3599 2558 1643 4639
21378 4 2 0 1 320 319 565 2646
21379 4 2 0 1 3722 3575 3723 1641
21380 4 2 0 1 325 2523 176 4604
21381 4 2 0 1 1627 1358 2417 3708
21382 4 2 0 1 184 334 4618 2638
21383 4 2 0 1 582 195 2485 4566
21384 4 2 0 1 4416 2236 1283 4317
21385 4 2 0 1 4649 4650 2568 2674
21386 4 2 0 1 2523 325 176 175
21387 4 2 0 1 2521 1930 4602 2041
21388 4 2 0 1 3941 4616 3715 2535
21389 4 2 0 1 550 297 4579 2631
21390 4 2 0 1 370 220 596 1828
21391 4 2 0 1 3909 1828 370 2677
21392 4 2 0 1 1402 1401 3483 1630
21393 4 2 0 1 4612 1658 1610 3691
21394 4 2 0 1 286 137 2496 136
21395 4 2 0 1 2562 2394 4643 3732
21396 4 2 0 1 599 4618 2470 2537
21397 4 2 0 1 3745 3746 1664 3562
21398 4 2 0 1 1626 1807 1892 3707
21399 4 2 0 1 1552 1121 3202 1057
21400 4 2 0 1 2465 2643 4615 562
21401 4 2 0 1 3500 3908 1827 3410
21402 4 2 0 1 4571 2563 2423 2490
21403 4 2 0 1 135 286 603 136
21404 4 2 0 1 3697 2525 2528 4606
21405 4 2 0 1 3723 4564 4614 2533
21406 4 2 0 1 3754 2315 1673 1499
21407 4 2 0 1 4381 2300 1665 3562
21408 4 2 0 1 2573 257 4614 4654
21409 4 2 0 1 3717 4303 4686 2605
21410 4 2 0 1 234 2678 2531 597
21411 4 2 0 1 1358 3439 3708 3438
21412 4 2 0 1 4632 2495 2672 4576
21413 4 2 0 1 369 368 2524 4605
21414 4 2 0 1 4609 109 110 2528
21415 4 2 0 1 2371 1513 2578 4659
21416 4 2 0 1 4565 604 159 2484
21417 4 2 0 1 309 604 159 4565
21418 4 2 0 1 3707 1331 1610 3412
21419 4 2 0 1 4567 246 575 2486
21420 4 2 0 1 383 233 384 4612
21421 4 2 0 1 4621 3320 4122 2540
21422 4 2 0 1 3735 4416 1654 3532
21423 4 2 0 1 4029 1325 1609 3406
21424 4 2 0 1 3572 3895 4596 1814
21425 4 2 0 1 3723 4564 2533 2483
21426 4 2 0 1 4343 4344 2262 3582
21427 4 2 0 1 2614 4695 569 2565
21428 4 2 0 1 2651 570 254 2502
21429 4 2 0 1 2469 2588 601 4669
21430 4 2 0 1 593 2568 2569 4650
21431 4 2 0 1 3874 2484 604 4565
21432 4 2 0 1 586 4562 3744 2481
21433 4 2 0 1 1625 1636 3706 2561
21434 4 2 0 1 366 2497 4578 2679
21435 4 2 0 1 3432 2230 4543 4311
21436 4 2 0 1 2485 2544 1638 4625
21437 4 2 0 1 2485 4566 4625 3719
21438 4 2 0 1 4562 103 570 2481
21439 4 2 0 1 253 570 4562 103
21440 4 2 0 1 592 2476 2554 4635
21441 4 2 0 1 1658 1610 2531 4612
21442 4 2 0 1 2239 2582 594 4663
21443 4 2 0 1 166 316 2549 4550
21444 4 2 0 1 2469 166 2549 4550
21445 4 2 0 1 2231 2549 551 4630
21446 4 2 0 1 2463 1606 2462 3687
21447 4 2 0 1 3750 2587 2635 4668
21448 4 2 0 1 1251 1452 1326 3533
21449 4 2 0 1 4551 2466 2680 2470
21450 4 2 0 1 1681 1648 3417 1336
21451 4 2 0 1 3427 1609 3406 3690
21452 4 2 0 1 1251 2188 1452 3533
21453 4 2 0 1 1604 3595 1605 3685
21454 4 2 0 1 2653 2539 1656 4620
21455 4 2 0 1 3431 4391 3751 1670
21456 4 2 0 1 3870 4628 1789 2661
21457 4 2 0 1 3691 1506 4623 3587
21458 4 2 0 1 4607 1651 598 3732
21459 4 2 0 1 2472 4553 2666 4659
21460 4 2 0 1 3560 2401 2394 4475
21461 4 2 0 1 4010 4011 1929 1928
21462 4 2 0 1 4302 3413 1332 1636
21463 4 2 0 1 130 4552 2584 2471
21464 4 2 0 1 4544 3687 2462 4543
21465 4 2 0 1 2629 99 548 2529
21466 4 2 0 1 268 119 2625 118
21467 4 2 0 1 1479 1477 3558 3559
21468 4 2 0 1 3582 4344 2567 4648
21469 4 2 0 1 2678 234 2531 384
21470 4 2 0 1 2673 2590 2476 4671
21471 4 2 0 1 365 215 598 4607
21472 4 2 0 1 4621 2331 2330 2540
21473 4 2 0 1 368 367 561 2642
21474 4 2 0 1 4581 4617 579 2500
21475 4 2 0 1 4555 3716 4616 2474
21476 4 2 0 1 2496 287 286 4577
21477 4 2 0 1 4686 4303 2631 2605
21478 4 2 0 1 2658 4645 115 2564
21479 4 2 0 1 3601 1339 3876 3420
21480 4 2 0 1 2557 3673 2115 1592
21481 4 2 0 1 4416 2335 1654 3532
21482 4 2 0 1 340 2492 4573 571
21483 4 2 0 1 1345 4312 4311 3426
21484 4 2 0 1 355 206 356 2664
21485 4 2 0 1 1673 3743 1499 1662
21486 4 2 0 1 4566 194 2485 2626
21487 4 2 0 1 2569 2482 593 4650
21488 4 2 0 1 2322 3716 4402 2321
21489 4 2 0 1 4650 2482 4342 2569
21490 4 2 0 1 2115 4638 2491 4196
21491 4 2 0 1 4196 4572 4638 2491
21492 4 2 0 1 4585 349 199 2654
21493 4 2 0 1 2630 2567 2585 549
21494 4 2 0 1 2505 3758 1675 4586
21495 4 2 0 1 4586 3756 3758 1675
21496 4 2 0 1 3728 1674 2292 3755
21497 4 2 0 1 3691 1658 3707 3739
21498 4 2 0 1 126 127 3759 1678
21499 4 2 0 1 2188 1325 1948 4029
21500 4 2 0 1 1501 4344 2567 3582
21501 4 2 0 1 321 320 2508 4589
21502 4 2 0 1 3561 1664 3562 3745
21503 4 2 0 1 1605 2417 1604 4498
21504 4 2 0 1 2415 4692 556 2611
21505 4 2 0 1 2567 4604 2630 4648
21506 4 2 0 1 1790 2538 3869 1788
21507 4 2 0 1 3744 3741 3552 1663
21508 4 2 0 1 2517 3953 3951 1872
21509 4 2 0 1 4670 1627 4504 3708
21510 4 2 0 1 4504 2423 1627 4670
21511 4 2 0 1 1332 3335 4302 2221
21512 4 2 0 1 2546 4627 3718 4620
21513 4 2 0 1 3718 2539 2546 4620
21514 4 2 0 1 554 91 2635 4599
21515 4 2 0 1 258 556 108 259
21516 4 2 0 1 242 241 91 4599
21517 4 2 0 1 2497 561 217 4578
21518 4 2 0 1 367 217 561 4578
21519 4 2 0 1 2188 4269 4029 3533
21520 4 2 0 1 2503 591 4682 2601
21521 4 2 0 1 570 4562 2481 3741
21522 4 2 0 1 258 2573 556 4654
21523 4 2 0 1 4575 548 100 2494
21524 4 2 0 1 4578 1623 2562 2497
21525 4 2 0 1 1667 3749 4584 3748
21526 4 2 0 1 4584 1667 2503 1668
21527 4 2 0 1 1962 2555 546 4636
21528 4 2 0 1 4043 546 4636 1962
21529 4 2 0 1 2622 4560 4548 4703
21530 4 2 0 1 4581 579 4617 2660
21531 4 2 0 1 1828 3703 3909 4605
21532 4 2 0 1 1633 3712 3715 1634
21533 4 2 0 1 2656 4640 3734 1653
21534 4 2 0 1 4640 2656 575 1653
21535 4 2 0 1 1452 2272 1326 3533
21536 4 2 0 1 4011 4122 4602 2041
21537 4 2 0 1 1339 3600 3601 1519
21538 4 2 0 1 171 594 172 2675
21539 4 2 0 1 3431 1624 1293 1350
21540 4 2 0 1 103 104 253 570
21541 4 2 0 1 2560 4641 1520 1795
21542 4 2 0 1 2513 2388 565 4469
21543 4 2 0 1 2646 4594 565 4469
21544 4 2 0 1 1667 3748 4584 2545
21545 4 2 0 1 4584 1667 2545 2503
21546 4 2 0 1 2232 2588 2469 4313
21547 4 2 0 1 553 4665 2634 2280
21548 4 2 0 1 2675 4608 594 4320
21549 4 2 0 1 3345 1338 1265 3419
21550 4 2 0 1 4319 2098 4180 4179
21551 4 2 0 1 2654 1894 3972 3975
21552 4 2 0 1 3972 573 1894 2654
21553 4 2 0 1 3741 1822 3553 1660
21554 4 2 0 1 2492 341 340 4573
21555 4 2 0 1 1654 2388 4416 4469
21556 4 2 0 1 4631 2511 4592 3976
21557 4 2 0 1 1895 2511 4631 3976
21558 4 2 0 1 3748 2625 4626 2545
21559 4 2 0 1 258 556 259 2637
21560 4 2 0 1 4319 3597 2215 4296
21561 4 2 0 1 237 88 238 576
21562 4 2 0 1 2599 4574 3755 2493
21563 4 2 0 1 2566 2508 2646 4647
21564 4 2 0 1 4662 3711 3738 1657
21565 4 2 0 1 2581 3711 1657 1630
21566 4 2 0 1 2415 3722 4692 2611
21567 4 2 0 1 3738 4582 4662 2501
21568 4 2 0 1 583 206 205 2664
21569 4 2 0 1 4629 3699 2590 4671
21570 4 2 0 1 4493 1495 1641 2412
21571 4 2 0 1 1678 2669 588 1676
21572 4 2 0 1 1678 3757 2669 1676
21573 4 2 0 1 4561 3993 1497 1912
21574 4 2 0 1 4344 1501 2567 2263
21575 4 2 0 1 4579 587 146 2498
21576 4 2 0 1 3712 1633 1631 1634
21577 4 2 0 1 1479 4471 2401 3560
21578 4 2 0 1 227 378 377 572
21579 4 2 0 1 227 378 572 228
21580 4 2 0 1 3743 1673 1499 3754
21581 4 2 0 1 3427 1609 1346 3406
21582 4 2 0 1 4361 3698 3566 2280
21583 4 2 0 1 1593 1601 3674 1611
21584 4 2 0 1 3724 2684 603 2506
21585 4 2 0 1 3724 603 1643 2506
21586 4 2 0 1 2545 270 269 4626
21587 4 2 0 1 210 584 4590 2665
21588 4 2 0 1 4680 577 3755 2658
21589 4 2 0 1 2599 3755 577 1674
21590 4 2 0 1 2672 591 272 2495
21591 4 2 0 1 3431 2310 1670 1350
21592 4 2 0 1 3952 4559 4664 1871
21593 4 2 0 1 89 4637 2556 4660
21594 4 2 0 1 4660 89 2579 2556
21595 4 2 0 1 570 253 4562 2651
21596 4 2 0 1 4645 115 265 2658
21597 4 2 0 1 4644 4571 2423 4504
21598 4 2 0 1 2523 2263 2568 4604
21599 4 2 0 1 2634 4633 278 2552
21600 4 2 0 1 2636 4601 555 3746
21601 4 2 0 1 555 2520 1665 3746
21602 4 2 0 1 1653 1629 4689 2608
21603 4 2 0 1 1485 3568 1256 1487
21604 4 2 0 1 3588 2544 1638 1507
21605 4 2 0 1 4625 3588 1638 3719
21606 4 2 0 1 100 99 548 2629
21607 4 2 0 1 4689 1653 2656 3734
21608 4 2 0 1 1653 2656 575 2608
21609 4 2 0 1 3317 3320 4411 2330
21610 4 2 0 1 1672 4008 4009 1927
21611 4 2 0 1 2565 1644 4646 2334
21612 4 2 0 1 2512 2638 335 557
21613 4 2 0 1 4043 2576 1609 4657
21614 4 2 0 1 3570 1488 1675 1489
21615 4 2 0 1 1650 355 354 3731
21616 4 2 0 1 204 355 1650 205
21617 4 2 0 1 3692 3674 1601 1611
21618 4 2 0 1 1650 2514 2592 4595
21619 4 2 0 1 176 326 325 4604
21620 4 2 0 1 3457 3740 4322 1659
21621 4 2 0 1 2553 3737 3598 4634
21622 4 2 0 1 603 3724 4639 2684
21623 4 2 0 1 3724 603 4639 1643
21624 4 2 0 1 1656 3737 2653 4620
21625 4 2 0 1 4369 2466 1583 4547
21626 4 2 0 1 370 596 221 371
21627 4 2 0 1 3876 1339 1520 1795
21628 4 2 0 1 2555 1962 1652 4636
21629 4 2 0 1 4043 3733 1962 4636
21630 4 2 0 1 3869 2595 1789 1788
21631 4 2 0 1 3346 3420 3419 1265
21632 4 2 0 1 4353 4031 2591 4672
21633 4 2 0 1 2562 2394 1623 3704
21634 4 2 0 1 4643 2394 3704 4475
21635 4 2 0 1 600 4559 4664 2681
21636 4 2 0 1 4559 600 4664 2478
21637 4 2 0 1 2545 4584 270 4626
21638 4 2 0 1 1479 3558 4471 3560
21639 4 2 0 1 2500 4617 579 2536
21640 4 2 0 1 4073 2542 1506 4623
21641 4 2 0 1 2577 374 592 224
21642 4 2 0 1 1788 1786 3869 1787
21643 4 2 0 1 2653 2539 2546 572
21644 4 2 0 1 2099 1640 2585 4666
21645 4 2 0 1 2635 91 241 4599
21646 4 2 0 1 3418 3730 1648 3729
21647 4 2 0 1 4682 1811 1668 2601
21648 4 2 0 1 225 224 592 374
21649 4 2 0 1 3760 3757 3759 1678
21650 4 2 0 1 3441 3724 3599 1643
21651 4 2 0 1 4607 1652 3732 3733
21652 4 2 0 1 119 268 2625 269
21653 4 2 0 1 376 2554 375 226
21654 4 2 0 1 4411 1552 2075 2330
21655 4 2 0 1 1487 2055 3568 2024
21656 4 2 0 1 4645 2658 1673 2564
21657 4 2 0 1 319 318 2513 4594
21658 4 2 0 1 2625 118 119 544
21659 4 2 0 1 1346 3558 3559 3427
21660 4 2 0 1 4650 2263 2262 4344
21661 4 2 0 1 1501 2262 4344 3582
21662 4 2 0 1 4561 1912 2494 3993
21663 4 2 0 1 210 584 2509 4590
21664 4 2 0 1 2621 3895 581 1814
21665 4 2 0 1 4702 581 3895 2662
21666 4 2 0 1 1506 1268 1991 4072
21667 4 2 0 1 216 598 2497 2679
21668 4 2 0 1 4689 3734 3710 1629
21669 4 2 0 1 4381 1827 2300 3500
21670 4 2 0 1 4391 3751 1670 1927
21671 4 2 0 1 182 2680 333 332
21672 4 2 0 1 570 4562 3741 2651
21673 4 2 0 1 2481 570 3741 1660
21674 4 2 0 1 1656 2676 4624 3737
21675 4 2 0 1 3320 1236 1239 2330
21676 4 2 0 1 4561 548 4575 2494
21677 4 2 0 1 1672 3751 4008 1927
21678 4 2 0 1 4415 4646 3725 2334
21679 4 2 0 1 2554 376 375 4635
21680 4 2 0 1 4122 1991 1992 2041
21681 4 2 0 1 2547 3687 4455 1606
21682 4 2 0 1 4645 1673 559 2564
21683 4 2 0 1 2526 598 215 4607
21684 4 2 0 1 4562 586 3744 2667
21685 4 2 0 1 4572 578 112 2491
21686 4 2 0 1 4666 1640 3721 4180
21687 4 2 0 1 2585 4666 4648 2630
21688 4 2 0 1 1239 1991 4122 2041
21689 4 2 0 1 4317 4416 2388 4469
21690 4 2 0 1 2534 584 209 2665
21691 4 2 0 1 2589 2423 2670 4670
21692 4 2 0 1 3566 2280 3567 4361
21693 4 2 0 1 570 254 253 2651
21694 4 2 0 1 2567 2630 2585 4648
21695 4 2 0 1 279 130 280 4665
21696 4 2 0 1 4665 279 130 2584
21697 4 2 0 1 559 4396 2557 2315
21698 4 2 0 1 2236 4416 1283 2335
21699 4 2 0 1 2231 2549 4630 4550
21700 4 2 0 1 2557 3673 4396 4638
21701 4 2 0 1 3420 1265 3443 1339
21702 4 2 0 1 3138 3633 3202 1552
21703 4 2 0 1 2412 3693 4493 1613
21704 4 2 0 1 2213 3738 2583 4294
21705 4 2 0 1 109 259 556 4609
21706 4 2 0 1 2630 174 325 549
21707 4 2 0 1 2492 2578 585 2666
21708 4 2 0 1 3594 4659 1513 4452
21709 4 2 0 1 3751 1671 3750 1670
21710 4 2 0 1 548 4561 2480 2494
21711 4 2 0 1 1791 3345 3419 1338
21712 4 2 0 1 1681 4673 3731 2592
21713 4 2 0 1 4562 102 586 252
21714 4 2 0 1 549 175 174 325
21715 4 2 0 1 174 2630 325 324
21716 4 2 0 1 4679 2628 138 2598
21717 4 2 0 1 1789 3869 3870 4676
21718 4 2 0 1 1501 2262 2263 4344
21719 4 2 0 1 4677 4196 3692 1611
21720 4 2 0 1 1949 4591 4590 4030
21721 4 2 0 1 2512 2638 4593 335
21722 4 2 0 1 1912 3992 3744 3993
21723 4 2 0 1 3869 1786 3867 1787
21724 4 2 0 1 1636 3717 3706 2561
21725 4 2 0 1 3874 2484 1793 604
21726 4 2 0 1 4555 3716 2474 2321
21727 4 2 0 1 3889 2676 595 4634
21728 4 2 0 1 3889 595 1808 4634
21729 4 2 0 1 4610 3734 4640 2529
21730 4 2 0 1 368 561 218 2524
21731 4 2 0 1 1674 2599 3755 2493
21732 4 2 0 1 4574 544 4693 2612
21733 4 2 0 1 4320 2240 4321 4772
21734 4 2 0 1 4658 3747 2590 4671
21735 4 2 0 1 3875 604 1792 1794
21736 4 2 0 1 1479 2401 2394 3560
21737 4 2 0 1 2473 2619 585 4554
21738 4 2 0 1 2550 347 346 4631
21739 4 2 0 1 592 374 4658 2673
21740 4 2 0 1 2512 4600 336 4593
21741 4 2 0 1 3705 3750 2587 1624
21742 4 2 0 1 1678 3760 3757 1679
21743 4 2 0 1 270 2503 271 4584
21744 4 2 0 1 2680 182 333 599
21745 4 2 0 1 3413 4302 3717 1636
21746 4 2 0 1 591 4682 2601 2551
21747 4 2 0 1 374 592 375 2673
21748 4 2 0 1 3691 4612 1658 3739
21749 4 2 0 1 3736 1812 1813 1655
21750 4 2 0 1 1654 2566 2646 4647
21751 4 2 0 1 102 4562 586 2481
21752 4 2 0 1 2546 2653 4627 4620
21753 4 2 0 1 2539 2653 2546 4620
21754 4 2 0 1 2616 2678 4623 4697
21755 4 2 0 1 4646 569 4695 2565
21756 4 2 0 1 4620 3718 2539 3583
21757 4 2 0 1 601 4550 4669 2682
21758 4 2 0 1 4579 147 550 2498
21759 4 2 0 1 3908 2574 1828 4655
21760 4 2 0 1 569 4646 4695 2650
21761 4 2 0 1 4012 4011 1931 2041
21762 4 2 0 1 4011 4012 4122 2041
21763 4 2 0 1 1506 4073 4623 3587
21764 4 2 0 1 4639 3599 3724 1643
21765 4 2 0 1 257 2573 107 258
21766 4 2 0 1 258 2573 107 108
21767 4 2 0 1 573 199 198 2654
21768 4 2 0 1 4010 2657 4009 1928
21769 4 2 0 1 576 2657 1929 1928
21770 4 2 0 1 3711 3712 3483 1631
21771 4 2 0 1 3734 3740 3457 1653
21772 4 2 0 1 1339 3600 3443 3420
21773 4 2 0 1 2570 313 2463 4544
21774 4 2 0 1 163 313 2463 2570
21775 4 2 0 1 3569 1675 3570 1488
21776 4 2 0 1 3744 2481 3741 1663
21777 4 2 0 1 4650 2482 593 4563
21778 4 2 0 1 1789 2489 4676 4570
21779 4 2 0 1 2570 551 314 4651
21780 4 2 0 1 1584 1583 2466 3665
21781 4 2 0 1 377 227 572 2546
21782 4 2 0 1 294 3941 1860 2580
21783 4 2 0 1 144 294 1860 2580
21784 4 2 0 1 3697 4606 2528 4609
21785 4 2 0 1 2543 2676 1656 595
21786 4 2 0 1 3953 547 2598 1872
21787 4 2 0 1 2590 2577 3747 4658
21788 4 2 0 1 291 600 4582 2681
21789 4 2 0 1 2482 4650 4342 4563
21790 4 2 0 1 2465 4672 4353 2591
21791 4 2 0 1 4563 2645 2482 4652
21792 4 2 0 1 2645 564 2482 4652
21793 4 2 0 1 1681 3731 3729 1650
21794 4 2 0 1 2513 4594 2682 4469
21795 4 2 0 1 3570 1676 1815 1489
21796 4 2 0 1 2680 599 333 4618
21797 4 2 0 1 3687 2547 4455 4628
21798 4 2 0 1 1613 2412 3693 1612
21799 4 2 0 1 219 368 2524 369
21800 4 2 0 1 1644 3725 4646 2334
21801 4 2 0 1 1478 3732 3733 3559
21802 4 2 0 1 2472 585 2578 2666
21803 4 2 0 1 107 4614 2533 2573
21804 4 2 0 1 3759 3760 2552 4633
21805 4 2 0 1 2679 365 598 4607
21806 4 2 0 1 1991 1237 1239 3320
21807 4 2 0 1 144 294 4687 1860
21808 4 2 0 1 3941 4687 294 1860
21809 4 2 0 1 2540 4122 4012 2041
21810 4 2 0 1 2041 4012 2540 1931
21811 4 2 0 1 1671 4637 4660 2556
21812 4 2 0 1 2579 1671 4660 2556
21813 4 2 0 1 563 4602 4580 2521
21814 4 2 0 1 2513 319 565 169
21815 4 2 0 1 2596 4196 578 4677
21816 4 2 0 1 1670 1671 3750 1669
21817 4 2 0 1 4679 139 4559 2598
21818 4 2 0 1 1520 1339 3601 1519
21819 4 2 0 1 100 548 4575 2629
21820 4 2 0 1 3872 1793 1792 3874
21821 4 2 0 1 2482 2571 593 4652
21822 4 2 0 1 4618 557 184 2638
21823 4 2 0 1 1345 2232 2231 4312
21824 4 2 0 1 1346 3559 1962 3427
21825 4 2 0 1 3876 543 4641 2624
21826 4 2 0 1 3876 4641 543 1795
21827 4 2 0 1 2676 2572 3889 595
21828 4 2 0 1 2572 595 1808 3889
21829 4 2 0 1 4591 2509 1949 4590
21830 4 2 0 1 2423 1605 4644 4504
21831 4 2 0 1 2596 4196 1611 2115
21832 4 2 0 1 4680 117 4574 2599
21833 4 2 0 1 1659 3457 3740 1653
21834 4 2 0 1 375 225 592 374
21835 4 2 0 1 3737 1517 2553 3598
21836 4 2 0 1 2554 375 226 225
21837 4 2 0 1 3745 1666 2636 3747
21838 4 2 0 1 4608 2239 594 4320
21839 4 2 0 1 3700 1355 3436 3437
21840 4 2 0 1 4498 3685 1605 3686
21841 4 2 0 1 3716 4555 4402 2321
21842 4 2 0 1 1612 3692 1601 1611
21843 4 2 0 1 2642 367 561 4578
21844 4 2 0 1 350 199 200 4585
21845 4 2 0 1 1872 2598 3953 2478
21846 4 2 0 1 1620 1623 4678 2597
21847 4 2 0 1 3875 543 1794 1795
21848 4 2 0 1 1681 3696 4363 3762
21849 4 2 0 1 4029 3406 1609 3690
21850 4 2 0 1 4663 173 323 4321
21851 4 2 0 1 4663 2240 173 4321
21852 4 2 0 1 4696 547 4577 2628
21853 4 2 0 1 2496 547 4577 2615
21854 4 2 0 1 2240 2609 173 4321
21855 4 2 0 1 4690 323 173 4321
21856 4 2 0 1 2600 564 2482 2645
21857 4 2 0 1 4681 2645 2482 4563
21858 4 2 0 1 1331 3707 1610 1626
21859 4 2 0 1 2514 354 353 4595
21860 4 2 0 1 4610 3740 3734 2529
21861 4 2 0 1 4344 4649 2263 4604
21862 4 2 0 1 318 168 169 2513
21863 4 2 0 1 1358 1627 1357 3708
21864 4 2 0 1 278 277 127 4633
21865 4 2 0 1 3552 1660 1663 3741
21866 4 2 0 1 581 93 4702 2621
21867 4 2 0 1 4196 4638 3673 2115
21868 4 2 0 1 1502 2539 3583 3585
21869 4 2 0 1 2542 2531 1610 4623
21870 4 2 0 1 1623 4578 2562 3704
21871 4 2 0 1 4669 2469 4313 4550
21872 4 2 0 1 1631 3483 3711 1630
21873 4 2 0 1 4381 3908 1827 3500
21874 4 2 0 1 271 2672 4584 2503
21875 4 2 0 1 4573 2578 2371 2492
21876 4 2 0 1 101 102 251 586
21877 4 2 0 1 2636 1666 2577 3747
21878 4 2 0 1 2577 374 4658 592
21879 4 2 0 1 4599 91 242 2518
21880 4 2 0 1 2552 3760 2634 4633
21881 4 2 0 1 3702 2401 4475 1621
21882 4 2 0 1 4073 1506 4072 3587
21883 4 2 0 1 3711 3483 3482 1401
21884 4 2 0 1 1552 4411 2075 3633
21885 4 2 0 1 546 2510 2576 4657
21886 4 2 0 1 2238 2215 1250 4319
21887 4 2 0 1 329 180 564 179
21888 4 2 0 1 1651 1652 1478 3732
21889 4 2 0 1 3417 1681 4363 3762
21890 4 2 0 1 2628 3953 547 2598
21891 4 2 0 1 1477 1478 1346 3559
21892 4 2 0 1 1623 2597 561 2642
21893 4 2 0 1 2394 2401 1621 4475
21894 4 2 0 1 1250 2098 2238 4319
21895 4 2 0 1 2666 2492 2578 4573
21896 4 2 0 1 4678 2642 1623 3704
21897 4 2 0 1 2618 163 313 2463
21898 4 2 0 1 2463 313 2618 4544
21899 4 2 0 1 4550 601 4669 2469
21900 4 2 0 1 2331 4411 4621 2330
21901 4 2 0 1 2642 2524 368 4605
21902 4 2 0 1 3981 2600 1901 4681
21903 4 2 0 1 259 556 4609 2637
21904 4 2 0 1 145 4661 294 2580
21905 4 2 0 1 1619 3700 3936 4675
21906 4 2 0 1 2520 222 371 4601
21907 4 2 0 1 1513 4659 2472 2578
21908 4 2 0 1 3320 1239 4122 2540
21909 4 2 0 1 3753 4008 4009 1672
21910 4 2 0 1 199 573 2504 2654
21911 4 2 0 1 320 171 2508 170
21912 4 2 0 1 263 262 112 4572
21913 4 2 0 1 4609 556 109 2528
21914 4 2 0 1 1676 3896 3570 1815
21915 4 2 0 1 3759 276 126 2669
21916 4 2 0 1 4687 143 144 2606
21917 4 2 0 1 4660 1671 3750 3752
21918 4 2 0 1 2679 598 2562 3732
21919 4 2 0 1 3876 543 3875 1795
21920 4 2 0 1 543 3876 3875 2624
21921 4 2 0 1 3889 1808 3888 3610
21922 4 2 0 1 3748 3727 3726 1667
21923 4 2 0 1 286 2496 603 136
21924 4 2 0 1 2099 1640 4666 4180
21925 4 2 0 1 4561 4575 548 2629
21926 4 2 0 1 3568 3698 1485 3566
21927 4 2 0 1 4700 585 4554 2666
21928 4 2 0 1 2587 2635 554 1669
21929 4 2 0 1 2589 2423 589 2670
21930 4 2 0 1 4693 2625 544 4574
21931 4 2 0 1 3728 1647 2493 2612
21932 4 2 0 1 2667 586 252 4562
21933 4 2 0 1 3728 4574 4693 2612
21934 4 2 0 1 2525 3697 2528 1616
21935 4 2 0 1 2676 229 2543 4624
21936 4 2 0 1 4680 577 116 2599
21937 4 2 0 1 4629 1664 3561 3745
21938 4 2 0 1 2481 3744 3741 4562
21939 4 2 0 1 1991 1237 3320 4072
21940 4 2 0 1 4644 1605 4452 3686
21941 4 2 0 1 1605 2563 4452 2371
21942 4 2 0 1 4011 4602 4694 1930
21943 4 2 0 1 3709 1628 2512 4600
21944 4 2 0 1 2658 115 577 2564
21945 4 2 0 1 3751 1672 1670 1927
21946 4 2 0 1 1962 1478 1652 3733
21947 4 2 0 1 274 125 2505 124
21948 4 2 0 1 125 274 2505 275
21949 4 2 0 1 247 96 97 575
21950 4 2 0 1 2511 347 198 197
21951 4 2 0 1 1679 553 2634 2280
21952 4 2 0 1 2551 591 2672 2495
21953 4 2 0 1 4684 2603 542 3739
21954 4 2 0 1 3599 4639 4246 2165
21955 4 2 0 1 2638 557 1855 4675
21956 4 2 0 1 2098 2099 2238 4180
21957 4 2 0 1 3720 2593 4656 1639
21958 4 2 0 1 4599 554 91 2518
21959 4 2 0 1 1619 2594 4551 4675
21960 4 2 0 1 1622 1620 1329 3703
21961 4 2 0 1 4655 596 1665 2574
21962 4 2 0 1 177 328 327 593
21963 4 2 0 1 4623 2616 4697 4073
21964 4 2 0 1 4700 192 2619 585
21965 4 2 0 1 1357 1253 3436 1355
21966 4 2 0 1 597 2531 2542 4623
21967 4 2 0 1 2582 173 172 4663
21968 4 2 0 1 555 222 2520 4601
21969 4 2 0 1 3595 1604 1605 1514
21970 4 2 0 1 91 92 242 2518
21971 4 2 0 1 4673 1681 3731 3762
21972 4 2 0 1 2539 1502 1504 3585
21973 4 2 0 1 2672 4632 4682 2551
21974 4 2 0 1 235 597 2499 2678
21975 4 2 0 1 3753 3751 4008 1672
21976 4 2 0 1 3742 579 4617 1661
21977 4 2 0 1 1681 3729 3417 1648
21978 4 2 0 1 2482 4342 1901 4563
21979 4 2 0 1 2239 2240 4320 4772
21980 4 2 0 1 604 3875 1792 2685
21981 4 2 0 1 1792 2685 3875 3873
21982 4 2 0 1 4496 556 4692 2637
21983 4 2 0 1 139 4679 4559 289
21984 4 2 0 1 4682 2601 2551 1811
21985 4 2 0 1 286 2496 4577 603
21986 4 2 0 1 2415 1641 3722 2611
21987 4 2 0 1 4547 2466 1583 3665
21988 4 2 0 1 2501 558 4662 2581
21989 4 2 0 1 3438 1253 3436 1357
21990 4 2 0 1 257 2573 4614 107
21991 4 2 0 1 2221 4302 4402 1255
21992 4 2 0 1 4613 156 543 2532
21993 4 2 0 1 4452 2652 2563 4644
21994 4 2 0 1 544 4574 2493 2612
21995 4 2 0 1 2371 4659 4573 4452
21996 4 2 0 1 368 561 2524 2642
21997 4 2 0 1 600 4664 3738 2681
21998 4 2 0 1 2665 584 4031 4672
21999 4 2 0 1 2512 3709 4600 4593
22000 4 2 0 1 4361 2634 4665 2280
22001 4 2 0 1 1940 4625 4021 3588
22002 4 2 0 1 2463 2547 1606 3687
22003 4 2 0 1 2491 4638 559 4572
22004 4 2 0 1 4311 2231 1345 2230
22005 4 2 0 1 4689 3734 1629 1653
22006 4 2 0 1 3729 1681 3417 3762
22007 4 2 0 1 4641 3876 3601 1520
22008 4 2 0 1 1401 3711 3483 1630
22009 4 2 0 1 252 251 102 586
22010 4 2 0 1 293 143 144 4687
22011 4 2 0 1 127 4633 3759 2552
22012 4 2 0 1 2603 3888 1808 1807
22013 4 2 0 1 1656 2543 572 2653
22014 4 2 0 1 4631 1895 2663 2550
22015 4 2 0 1 4689 4567 2656 2608
22016 4 2 0 1 4246 4696 4598 2615
22017 4 2 0 1 4587 135 2684 2506
22018 4 2 0 1 2684 135 286 603
22019 4 2 0 1 3727 3748 3749 1667
22020 4 2 0 1 2678 2499 235 4580
22021 4 2 0 1 3888 2603 1808 4684
22022 4 2 0 1 4685 563 86 2604
22023 4 2 0 1 378 377 572 2653
22024 4 2 0 1 2678 384 2531 4612
22025 4 2 0 1 156 4613 543 306
22026 4 2 0 1 2222 2605 3717 1636
22027 4 2 0 1 229 595 230 2676
22028 4 2 0 1 4665 130 4552 2584
22029 4 2 0 1 130 4665 4552 280
22030 4 2 0 1 4623 1610 1506 3691
22031 4 2 0 1 3715 1860 2535 1634
22032 4 2 0 1 2215 2238 1516 3597
22033 4 2 0 1 3559 1346 1962 1478
22034 4 2 0 1 4685 86 87 2604
22035 4 2 0 1 278 2552 127 128
22036 4 2 0 1 3682 3693 3692 1612
22037 4 2 0 1 2678 235 385 4580
22038 4 2 0 1 4559 3953 2598 2478
22039 4 2 0 1 2504 200 199 4585
22040 4 2 0 1 1669 2587 3750 1624
22041 4 2 0 1 566 2595 2489 4676
22042 4 2 0 1 2510 4657 2627 4591
22043 4 2 0 1 2478 4664 4559 1871
22044 4 2 0 1 2280 553 4665 2584
22045 4 2 0 1 587 4555 4616 2474
22046 4 2 0 1 2474 587 4579 2498
22047 4 2 0 1 4640 1653 2529 3734
22048 4 2 0 1 2628 138 288 4679
22049 4 2 0 1 180 329 564 330
22050 4 2 0 1 1667 4693 544 2612
22051 4 2 0 1 2547 2374 1606 4455
22052 4 2 0 1 2231 4311 1345 4312
22053 4 2 0 1 2636 2577 373 4658
22054 4 2 0 1 2508 2566 2527 4647
22055 4 2 0 1 4342 4650 2262 4343
22056 4 2 0 1 2576 4043 546 4657
22057 4 2 0 1 2165 3599 2558 1518
22058 4 2 0 1 2605 2631 550 2222
22059 4 2 0 1 2632 2231 551 4630
22060 4 2 0 1 2231 2632 4312 4630
22061 4 2 0 1 3870 1789 4676 4570
22062 4 2 0 1 371 370 596 2677
22063 4 2 0 1 327 593 2568 177
22064 4 2 0 1 1663 2481 3741 1660
22065 4 2 0 1 594 4663 2675 4320
22066 4 2 0 1 588 275 126 125
22067 4 2 0 1 2579 554 2635 1669
22068 4 2 0 1 3981 1584 1900 4560
22069 4 2 0 1 1255 4402 2221 2321
22070 4 2 0 1 117 4680 4574 267
22071 4 2 0 1 2617 4698 130 2471
22072 4 2 0 1 559 4572 4638 2640
22073 4 2 0 1 1825 4567 4689 2608
22074 4 2 0 1 4672 2465 4353 4546
22075 4 2 0 1 2515 4596 568 1814
22076 4 2 0 1 1665 2520 596 2677
22077 4 2 0 1 1673 2658 577 2564
22078 4 2 0 1 3686 4644 1605 4504
22079 4 2 0 1 258 2573 108 556
22080 4 2 0 1 1645 2612 4693 1667
22081 4 2 0 1 2263 4650 2262 2569
22082 4 2 0 1 4607 1651 1652 2526
22083 4 2 0 1 4697 2499 2521 2616
22084 4 2 0 1 3703 1329 1827 3410
22085 4 2 0 1 597 2531 4623 2678
22086 4 2 0 1 3610 2553 1808 1529
22087 4 2 0 1 2553 3610 1808 4634
22088 4 2 0 1 2508 321 2675 171
22089 4 2 0 1 3427 1962 1609 4043
22090 4 2 0 1 2626 4554 2473 4625
22091 4 2 0 1 2557 4396 1592 2315
22092 4 2 0 1 1811 4682 1668 3892
22093 4 2 0 1 2583 4294 4664 1871
22094 4 2 0 1 2545 270 120 269
22095 4 2 0 1 4555 587 4579 2474
22096 4 2 0 1 1349 3976 3430 3975
22097 4 2 0 1 3412 1610 3707 3691
22098 4 2 0 1 4642 2605 3717 4686
22099 4 2 0 1 4560 2479 2622 4548
22100 4 2 0 1 4302 1332 2221 1636
22101 4 2 0 1 4639 4577 4696 2615
22102 4 2 0 1 4654 556 258 2637
22103 4 2 0 1 4369 4551 2466 4547
22104 4 2 0 1 2463 2547 3687 4628
22105 4 2 0 1 1657 3738 600 2583
22106 4 2 0 1 307 156 543 306
22107 4 2 0 1 1657 4662 2501 3738
22108 4 2 0 1 158 309 604 159
22109 4 2 0 1 1654 4647 1515 2566
22110 4 2 0 1 270 2503 2545 120
22111 4 2 0 1 1679 2634 3760 2280
22112 4 2 0 1 2549 315 551 4630
22113 4 2 0 1 2591 2272 4031 4353
22114 4 2 0 1 4412 4411 4621 2331
22115 4 2 0 1 97 98 247 4640
22116 4 2 0 1 248 247 98 4640
22117 4 2 0 1 314 313 2570 4651
22118 4 2 0 1 4678 1620 2597 3703
22119 4 2 0 1 1520 4549 4641 2560
22120 4 2 0 1 2572 380 2676 4653
22121 4 2 0 1 2544 1940 1507 3588
22122 4 2 0 1 3595 1605 3685 3686
22123 4 2 0 1 2462 2463 3687 4544
22124 4 2 0 1 2472 4553 4659 3594
22125 4 2 0 1 3708 1357 1358 3438
22126 4 2 0 1 373 555 223 2577
22127 4 2 0 1 3568 1617 1485 3698
22128 4 2 0 1 566 4676 4619 2595
22129 4 2 0 1 322 173 4663 172
22130 4 2 0 1 2574 1665 4655 4381
22131 4 2 0 1 2609 174 173 4690
22132 4 2 0 1 318 2513 4594 2682
22133 4 2 0 1 2669 126 3759 1678
22134 4 2 0 1 4618 599 2470 2680
22135 4 2 0 1 2549 2231 2469 4550
22136 4 2 0 1 4645 2658 3754 1673
22137 4 2 0 1 1668 3892 4682 3749
22138 4 2 0 1 2514 354 1650 204
22139 4 2 0 1 1828 1827 2574 3908
22140 4 2 0 1 4638 559 2640 4396
22141 4 2 0 1 1992 2542 1506 4073
22142 4 2 0 1 177 328 593 178
22143 4 2 0 1 1901 3981 4681 3982
22144 4 2 0 1 1900 2600 1901 3981
22145 4 2 0 1 4596 3895 568 1814
22146 4 2 0 1 371 2520 4601 2677
22147 4 2 0 1 3673 2557 4396 1592
22148 4 2 0 1 4665 279 553 2634
22149 4 2 0 1 129 279 553 2584
22150 4 2 0 1 3740 3734 2529 1653
22151 4 2 0 1 238 237 576 2657
22152 4 2 0 1 4656 1639 2593 2575
22153 4 2 0 1 2593 3720 4656 4674
22154 4 2 0 1 328 327 593 2674
22155 4 2 0 1 1860 3715 2535 3941
22156 4 2 0 1 2587 1813 3894 1624
22157 4 2 0 1 4659 1513 2472 3594
22158 4 2 0 1 2505 2641 560 1677
22159 4 2 0 1 1896 4688 1895 2607
22160 4 2 0 1 1529 2553 1517 3610
22161 4 2 0 1 3738 2213 2583 1657
22162 4 2 0 1 4578 2562 4643 2679
22163 4 2 0 1 4685 87 576 2604
22164 4 2 0 1 196 347 2550 197
22165 4 2 0 1 1673 4645 559 3754
22166 4 2 0 1 2553 3598 3610 4634
22167 4 2 0 1 221 222 371 2520
22168 4 2 0 1 3756 3569 3758 1675
22169 4 2 0 1 377 226 4627 376
22170 4 2 0 1 4645 559 3754 2640
22171 4 2 0 1 2684 285 135 4587
22172 4 2 0 1 1619 2594 2470 4551
22173 4 2 0 1 372 371 222 4601
22174 4 2 0 1 4670 2670 2589 4600
22175 4 2 0 1 2653 2546 377 572
22176 4 2 0 1 272 121 122 591
22177 4 2 0 1 4589 2646 2508 4647
22178 4 2 0 1 3746 1665 1664 3562
22179 4 2 0 1 2596 4677 578 2525
22180 4 2 0 1 266 116 4680 2658
22181 4 2 0 1 4684 3707 2603 3739
22182 4 2 0 1 1477 1479 1478 3559
22183 4 2 0 1 571 2563 2371 2652
22184 4 2 0 1 275 126 276 2669
22185 4 2 0 1 3748 544 2625 2545
22186 4 2 0 1 315 551 165 2549
22187 4 2 0 1 588 3756 1675 1676
22188 4 2 0 1 1325 4029 1609 1948
22189 4 2 0 1 355 206 2664 205
22190 4 2 0 1 2587 3894 3705 1624
22191 4 2 0 1 1659 3740 2529 1653
22192 4 2 0 1 599 2466 2470 2680
22193 4 2 0 1 1645 4693 3726 1667
22194 4 2 0 1 4594 565 319 2646
22195 4 2 0 1 4689 3906 4567 1825
22196 4 2 0 1 269 120 2545 119
22197 4 2 0 1 4651 551 2462 2570
22198 4 2 0 1 4574 3728 2493 2612
22199 4 2 0 1 2534 2465 2591 4672
22200 4 2 0 1 3711 1859 2581 3940
22201 4 2 0 1 2482 4681 1901 2600
22202 4 2 0 1 547 138 2628 2598
22203 4 2 0 1 348 198 2654 4592
22204 4 2 0 1 4649 2568 2263 4604
22205 4 2 0 1 4601 222 372 2636
22206 4 2 0 1 179 4652 178 2571
22207 4 2 0 1 1893 1894 1349 3975
22208 4 2 0 1 4549 1520 2468 2560
22209 4 2 0 1 593 327 2568 2674
22210 4 2 0 1 4632 1811 4682 2551
22211 4 2 0 1 586 252 251 2667
22212 4 2 0 1 3704 1620 4678 3701
22213 4 2 0 1 1506 4073 4072 1992
22214 4 2 0 1 2673 592 375 4635
22215 4 2 0 1 2605 4642 3717 2561
22216 4 2 0 1 1339 3419 1265 1338
22217 4 2 0 1 598 1651 2562 3732
22218 4 2 0 1 4685 1929 563 2604
22219 4 2 0 1 3748 2625 544 4693
22220 4 2 0 1 3737 4624 1656 2653
22221 4 2 0 1 547 4598 4696 2615
22222 4 2 0 1 313 312 2618 4699
22223 4 2 0 1 221 220 596 370
22224 4 2 0 1 4572 112 263 2491
22225 4 2 0 1 379 229 2676 4624
22226 4 2 0 1 589 2519 2589 4600
22227 4 2 0 1 1855 3936 2638 4675
22228 4 2 0 1 4029 1452 2188 3533
22229 4 2 0 1 4695 569 2506 2614
22230 4 2 0 1 314 164 551 2570
22231 4 2 0 1 2462 4651 4543 2632
22232 4 2 0 1 2188 1948 1452 4029
22233 4 2 0 1 4630 4312 2231 4550
22234 4 2 0 1 2603 542 1808 4684
22235 4 2 0 1 1615 4667 1614 3696
22236 4 2 0 1 1479 3558 3560 3559
22237 4 2 0 1 3696 4667 1614 3695
22238 4 2 0 1 3760 4691 3757 2610
22239 4 2 0 1 4574 2599 117 2493
22240 4 2 0 1 4353 2465 2591 2272
22241 4 2 0 1 3976 1349 1896 1895
22242 4 2 0 1 3745 4629 1666 3747
22243 4 2 0 1 1672 4637 576 3753
22244 4 2 0 1 2479 2467 2622 4548
22245 4 2 0 1 2539 4620 3583 3585
22246 4 2 0 1 114 4645 559 2564
22247 4 2 0 1 2546 2653 377 4627
22248 4 2 0 1 4668 2635 4599 2587
22249 4 2 0 1 198 348 347 4592
22250 4 2 0 1 4548 181 2622 4703
22251 4 2 0 1 2569 4342 2262 2261
22252 4 2 0 1 2371 1513 4659 4452
22253 4 2 0 1 4554 1940 4625 4021
22254 4 2 0 1 4661 145 294 295
22255 4 2 0 1 3758 2641 2505 1677
22256 4 2 0 1 1609 4043 4657 3690
22257 4 2 0 1 162 313 312 2618
22258 4 2 0 1 3875 158 604 1794
22259 4 2 0 1 3875 158 308 604
22260 4 2 0 1 3976 1896 3977 4688
22261 4 2 0 1 4667 1615 1614 2586
22262 4 2 0 1 4011 1930 1928 1931
22263 4 2 0 1 546 2510 4657 2627
22264 4 2 0 1 1265 3420 3419 1339
22265 4 2 0 1 2595 4676 4619 3869
22266 4 2 0 1 4661 2668 4616 2580
22267 4 2 0 1 193 4700 192 2619
22268 4 2 0 1 3952 4664 4294 1871
22269 4 2 0 1 4663 594 2239 4320
22270 4 2 0 1 89 240 239 4660
22271 4 2 0 1 240 89 90 2579
22272 4 2 0 1 581 93 243 4702
22273 4 2 0 1 4657 1949 2510 2576
22274 4 2 0 1 93 94 4702 2621
22275 4 2 0 1 1859 3711 2581 1630
22276 4 2 0 1 1950 584 2591 4031
22277 4 2 0 1 3596 1654 4647 1515
22278 4 2 0 1 4599 3894 4668 2587
22279 4 2 0 1 4011 4010 4009 1928
22280 4 2 0 1 157 307 543 3875
22281 4 2 0 1 1617 3568 1485 1487
22282 4 2 0 1 112 113 263 2491
22283 4 2 0 1 2588 2236 2388 4669
22284 4 2 0 1 4698 4552 130 2471
22285 4 2 0 1 4551 2594 4618 4675
22286 4 2 0 1 318 601 168 2513
22287 4 2 0 1 4645 114 559 264
22288 4 2 0 1 375 592 225 2554
22289 4 2 0 1 2670 2423 4504 4670
22290 4 2 0 1 321 2508 2675 4589
22291 4 2 0 1 381 232 2623 231
22292 4 2 0 1 593 4563 4652 2674
22293 4 2 0 1 1665 2574 2300 4381
22294 4 2 0 1 1855 4675 1619 3936
22295 4 2 0 1 2572 380 230 2676
22296 4 2 0 1 196 347 346 2550
22297 4 2 0 1 377 2546 226 227
22298 4 2 0 1 601 2388 2513 2682
22299 4 2 0 1 4656 1639 3695 3720
22300 4 2 0 1 1614 2575 1639 3695
22301 4 2 0 1 331 181 4548 4703
22302 4 2 0 1 3875 543 157 1794
22303 4 2 0 1 2615 4598 4246 2517
22304 4 2 0 1 4616 587 2580 2668
22305 4 2 0 1 4475 4643 2394 3732
22306 4 2 0 1 542 4684 3739 2623
22307 4 2 0 1 2554 375 592 4635
22308 4 2 0 1 578 4196 2659 4677
22309 4 2 0 1 605 2504 2593 2686
22310 4 2 0 1 354 203 2514 353
22311 4 2 0 1 2466 4551 2680 4547
22312 4 2 0 1 1515 4647 2527 2566
22313 4 2 0 1 1992 1506 1991 4072
22314 4 2 0 1 1609 4029 3690 1949
22315 4 2 0 1 3598 2553 3610 1517
22316 4 2 0 1 4691 2610 2280 1486
22317 4 2 0 1 3567 2280 1486 4691
22318 4 2 0 1 2508 4608 4647 2527
22319 4 2 0 1 4629 2590 1666 3747
22320 4 2 0 1 1949 3690 4030 4029
22321 4 2 0 1 560 274 2505 124
22322 4 2 0 1 2499 2616 4697 2678
22323 4 2 0 1 4570 566 4676 2647
22324 4 2 0 1 4361 3760 2634 2280
22325 4 2 0 1 4246 2165 2615 2517
22326 4 2 0 1 371 596 221 2520
22327 4 2 0 1 323 174 324 4690
22328 4 2 0 1 2656 4567 575 2608
22329 4 2 0 1 2098 4319 4180 2238
22330 4 2 0 1 587 4616 2580 2535
22331 4 2 0 1 353 2514 4595 2633
22332 4 2 0 1 2544 3588 1638 4625
22333 4 2 0 1 2668 4661 145 2580
22334 4 2 0 1 4647 2646 1654 3735
22335 4 2 0 1 2583 2213 4294 1871
22336 4 2 0 1 4637 3752 3753 1671
22337 4 2 0 1 4008 4009 1927 2620
22338 4 2 0 1 556 4496 4692 2415
22339 4 2 0 1 1658 2603 1626 3707
22340 4 2 0 1 2631 4568 4686 2605
22341 4 2 0 1 139 4559 2598 2478
22342 4 2 0 1 2577 2636 3747 4658
22343 4 2 0 1 3600 3601 3420 1339
22344 4 2 0 1 344 343 193 2626
22345 4 2 0 1 4623 597 2616 2542
22346 4 2 0 1 1893 3975 3972 1894
22347 4 2 0 1 195 346 582 196
22348 4 2 0 1 2215 2238 3597 4319
22349 4 2 0 1 2670 589 2589 4600
22350 4 2 0 1 96 247 246 575
22351 4 2 0 1 307 543 3875 2624
22352 4 2 0 1 4662 558 3940 2581
22353 4 2 0 1 594 4608 2508 2527
22354 4 2 0 1 1639 2593 1890 3720
22355 4 2 0 1 558 4582 4662 2639
22356 4 2 0 1 1940 4554 4625 2473
22357 4 2 0 1 2668 145 587 2580
22358 4 2 0 1 319 318 169 2513
22359 4 2 0 1 1811 4632 4682 3892
22360 4 2 0 1 568 3895 4596 2649
22361 4 2 0 1 309 604 4565 2685
22362 4 2 0 1 223 374 2577 224
22363 4 2 0 1 4682 2672 591 2503
22364 4 2 0 1 4565 2685 604 3874
22365 4 2 0 1 2572 381 380 4653
22366 4 2 0 1 3720 2593 1890 3971
22367 4 2 0 1 1656 1517 2553 3737
22368 4 2 0 1 3982 4681 1901 4563
22369 4 2 0 1 4673 3731 2592 4595
22370 4 2 0 1 274 560 2505 2641
22371 4 2 0 1 4679 138 139 2598
22372 4 2 0 1 4669 601 2388 2588
22373 4 2 0 1 3746 4381 1665 3562
22374 4 2 0 1 4688 1895 2607 2663
22375 4 2 0 1 4692 4496 3722 2415
22376 4 2 0 1 1666 1664 2548 4629
22377 4 2 0 1 1650 2592 1681 3731
22378 4 2 0 1 4657 4043 546 2627
22379 4 2 0 1 1828 3909 3908 4655
22380 4 2 0 1 4639 3599 2558 2165
22381 4 2 0 1 596 4655 1665 2677
22382 4 2 0 1 4612 1610 4623 3691
22383 4 2 0 1 226 4627 376 2554
22384 4 2 0 1 2540 1239 4122 2041
22385 4 2 0 1 545 2473 2544 2626
22386 4 2 0 1 4651 551 314 2632
22387 4 2 0 1 3419 1791 1792 3872
22388 4 2 0 1 2602 3972 1890 4683
22389 4 2 0 1 3717 4303 2605 2222
22390 4 2 0 1 286 603 4577 2684
22391 4 2 0 1 1949 4591 4657 2510
22392 4 2 0 1 4009 4008 4701 2620
22393 4 2 0 1 4700 192 585 342
22394 4 2 0 1 4676 566 4619 2647
22395 4 2 0 1 4669 2236 2388 4317
22396 4 2 0 1 591 272 271 2672
22397 4 2 0 1 1962 3427 3559 4043
22398 4 2 0 1 376 2554 4627 4635
22399 4 2 0 1 4582 558 4662 2501
22400 4 2 0 1 4674 2504 2686 2593
22401 4 2 0 1 552 4667 2592 2633
22402 4 2 0 1 4649 2568 327 2674
22403 4 2 0 1 550 4568 2605 2487
22404 4 2 0 1 247 246 575 2656
22405 4 2 0 1 553 278 128 2552
22406 4 2 0 1 2611 4654 556 2573
22407 4 2 0 1 1610 4612 4623 2531
22408 4 2 0 1 1894 4592 3976 3975
22409 4 2 0 1 4546 4672 2465 4615
22410 4 2 0 1 584 2534 2591 4672
22411 4 2 0 1 3697 2596 2525 4677
22412 4 2 0 1 2571 564 179 4652
22413 4 2 0 1 594 171 2508 2675
22414 4 2 0 1 199 350 349 4585
22415 4 2 0 1 2597 2642 4678 4605
22416 4 2 0 1 4692 3722 3723 2611
22417 4 2 0 1 1895 1894 2511 3976
22418 4 2 0 1 4592 1894 3976 2511
22419 4 2 0 1 4667 552 2592 2586
22420 4 2 0 1 4645 114 115 2564
22421 4 2 0 1 1651 4607 1652 3732
22422 4 2 0 1 4621 2330 3320 2540
22423 4 2 0 1 4678 1620 3703 3701
22424 4 2 0 1 4303 2631 2605 2222
22425 4 2 0 1 4680 116 577 2658
22426 4 2 0 1 3695 2575 1639 4656
22427 4 2 0 1 569 4695 2506 2650
22428 4 2 0 1 566 2595 4619 2538
22429 4 2 0 1 2597 3703 4605 4678
22430 4 2 0 1 1641 1642 3723 2611
22431 4 2 0 1 2504 2602 4683 2654
22432 4 2 0 1 4683 2593 2602 2504
22433 4 2 0 1 597 4623 2616 2678
22434 4 2 0 1 2594 4551 4618 2470
22435 4 2 0 1 3872 3873 3874 1792
22436 4 2 0 1 4560 3981 1584 3665
22437 4 2 0 1 2610 3760 4691 2280
22438 4 2 0 1 2669 3757 3756 1676
22439 4 2 0 1 2669 3756 588 1676
22440 4 2 0 1 2590 1666 2548 4629
22441 4 2 0 1 2619 4554 2626 4700
22442 4 2 0 1 1827 3908 3703 3410
22443 4 2 0 1 546 4636 363 2627
22444 4 2 0 1 271 121 272 591
22445 4 2 0 1 3875 604 308 2685
22446 4 2 0 1 114 265 264 4645
22447 4 2 0 1 293 144 294 4687
22448 4 2 0 1 4653 2572 2623 3889
22449 4 2 0 1 1860 3940 4687 2606
22450 4 2 0 1 1515 4608 4647 3596
22451 4 2 0 1 2394 2562 1651 3732
22452 4 2 0 1 547 4598 2615 2517
22453 4 2 0 1 3601 4549 4641 1520
22454 4 2 0 1 2587 3750 2635 1669
22455 4 2 0 1 173 322 4663 323
22456 4 2 0 1 4551 3700 1619 4675
22457 4 2 0 1 4694 563 4602 2644
22458 4 2 0 1 2534 2465 4672 4615
22459 4 2 0 1 2644 4685 86 236
22460 4 2 0 1 2506 2650 4695 4587
22461 4 2 0 1 1584 2479 1900 4560
22462 4 2 0 1 2594 557 4618 4675
22463 4 2 0 1 178 329 4652 179
22464 4 2 0 1 4654 2611 556 4692
22465 4 2 0 1 236 86 87 4685
22466 4 2 0 1 236 87 237 4685
22467 4 2 0 1 2470 4618 2594 2537
22468 4 2 0 1 265 114 115 4645
22469 4 2 0 1 4595 2514 2592 2633
22470 4 2 0 1 1357 1627 1628 3708
22471 4 2 0 1 344 193 194 2626
22472 4 2 0 1 4665 553 279 2584
22473 4 2 0 1 314 313 164 2570
22474 4 2 0 1 316 315 2549 4630
22475 4 2 0 1 1676 1678 3757 1679
22476 4 2 0 1 4637 89 238 239
22477 4 2 0 1 2593 3720 4674 3971
22478 4 2 0 1 4694 1930 1929 4011
22479 4 2 0 1 3341 4412 4701 1260
22480 4 2 0 1 4700 342 585 2666
22481 4 2 0 1 4623 2616 4073 2542
22482 4 2 0 1 139 288 4679 289
22483 4 2 0 1 4628 3687 2463 4544
22484 4 2 0 1 3709 1357 1628 3708
22485 4 2 0 1 2531 4623 2678 4612
22486 4 2 0 1 563 4685 86 2644
22487 4 2 0 1 546 363 2555 213
22488 4 2 0 1 4637 1672 576 2556
22489 4 2 0 1 1671 2579 3750 1669
22490 4 2 0 1 1792 3419 1795 1338
22491 4 2 0 1 4602 1930 2521 2613
22492 4 2 0 1 130 131 4698 2617
22493 4 2 0 1 1675 3569 3570 3756
22494 4 2 0 1 2602 3972 1891 1890
22495 4 2 0 1 1894 2654 4592 3975
22496 4 2 0 1 2654 573 1894 4592
22497 4 2 0 1 2614 1644 4695 2565
22498 4 2 0 1 1808 2623 4684 542
22499 4 2 0 1 2610 3757 3760 1679
22500 4 2 0 1 4009 1928 1672 1927
22501 4 2 0 1 1675 3570 1489 1676
22502 4 2 0 1 373 2577 374 4658
22503 4 2 0 1 131 280 4698 281
22504 4 2 0 1 380 231 2572 230
22505 4 2 0 1 381 2572 380 231
22506 4 2 0 1 2508 4608 4589 4647
22507 4 2 0 1 2511 1894 573 4592
22508 4 2 0 1 3971 4683 1890 3972
22509 4 2 0 1 2579 2635 3750 1669
22510 4 2 0 1 4571 2563 2652 4644
22511 4 2 0 1 566 4570 4676 2489
22512 4 2 0 1 4682 591 2672 2551
22513 4 2 0 1 1636 2605 3717 2561
22514 4 2 0 1 575 4567 2486 2608
22515 4 2 0 1 2504 4674 2686 4585
22516 4 2 0 1 4680 116 117 2599
22517 4 2 0 1 4608 1515 4647 2527
22518 4 2 0 1 4702 243 581 2662
22519 4 2 0 1 294 144 145 2580
22520 4 2 0 1 2632 551 315 4630
22521 4 2 0 1 2568 176 2523 4604
22522 4 2 0 1 1828 2574 596 4655
22523 4 2 0 1 231 542 232 2623
22524 4 2 0 1 4342 2569 2262 4650
22525 4 2 0 1 576 237 87 4685
22526 4 2 0 1 315 166 2549 165
22527 4 2 0 1 1666 3745 2636 1664
22528 4 2 0 1 2538 3869 2595 4619
22529 4 2 0 1 601 4669 2388 2682
22530 4 2 0 1 3559 1962 3733 1478
22531 4 2 0 1 3752 3751 3753 1671
22532 4 2 0 1 1609 4029 1949 1948
22533 4 2 0 1 2513 318 601 2682
22534 4 2 0 1 4633 277 127 3759
22535 4 2 0 1 4698 3742 579 2660
22536 4 2 0 1 2603 1658 542 3739
22537 4 2 0 1 2675 2508 4608 4589
22538 4 2 0 1 1644 4695 3724 2614
22539 4 2 0 1 4641 3876 1520 1795
22540 4 2 0 1 2563 2371 2652 4452
22541 4 2 0 1 2616 4073 2521 4697
22542 4 2 0 1 4599 2635 554 2587
22543 4 2 0 1 1827 1622 1329 3703
22544 4 2 0 1 330 564 2622 4703
22545 4 2 0 1 3695 2575 4667 1614
22546 4 2 0 1 264 559 4645 2640
22547 4 2 0 1 347 2550 2511 4631
22548 4 2 0 1 1825 2486 4567 2608
22549 4 2 0 1 545 194 193 2626
22550 4 2 0 1 2577 373 374 223
22551 4 2 0 1 578 4606 4677 2659
22552 4 2 0 1 162 313 2618 163
22553 4 2 0 1 2514 353 552 2633
22554 4 2 0 1 329 564 330 2645
22555 4 2 0 1 2520 1665 3746 2677
22556 4 2 0 1 1795 1794 3875 1792
22557 4 2 0 1 4246 2615 4639 4696
22558 4 2 0 1 2566 2508 565 2646
22559 4 2 0 1 4616 2580 3941 4661
22560 4 2 0 1 4667 1614 2575 2586
22561 4 2 0 1 329 178 4652 328
22562 4 2 0 1 313 163 164 2570
22563 4 2 0 1 327 2568 326 177
22564 4 2 0 1 288 139 4679 138
22565 4 2 0 1 4578 2562 2679 2497
22566 4 2 0 1 4694 4011 1929 4010
22567 4 2 0 1 309 158 604 308
22568 4 2 0 1 4657 1609 1949 2576
22569 4 2 0 1 2591 2272 1950 4031
22570 4 2 0 1 2540 4012 4621 2331
22571 4 2 0 1 1638 4688 1896 2607
22572 4 2 0 1 1620 3704 4678 1623
22573 4 2 0 1 93 244 4702 94
22574 4 2 0 1 93 244 243 4702
22575 4 2 0 1 4684 1808 3888 3889
22576 4 2 0 1 4577 4639 2496 2615
22577 4 2 0 1 564 4703 4560 2622
22578 4 2 0 1 354 4595 1650 3731
22579 4 2 0 1 4637 88 576 238
22580 4 2 0 1 4669 2236 4313 2588
22581 4 2 0 1 2634 278 553 2552
22582 4 2 0 1 3596 1654 3735 4647
22583 4 2 0 1 3876 3873 3419 1795
22584 4 2 0 1 4661 145 295 2668
22585 4 2 0 1 2635 90 554 2579
22586 4 2 0 1 4687 558 143 2606
22587 4 2 0 1 4606 578 4677 2525
22588 4 2 0 1 2331 2620 4701 1260
22589 4 2 0 1 343 192 4700 342
22590 4 2 0 1 4700 193 192 343
22591 4 2 0 1 4640 98 2529 2559
22592 4 2 0 1 4688 1638 1896 3719
22593 4 2 0 1 345 582 346 2663
22594 4 2 0 1 203 354 2514 204
22595 4 2 0 1 2520 371 596 2677
22596 4 2 0 1 1661 4698 579 2617
22597 4 2 0 1 135 603 2684 2506
22598 4 2 0 1 3873 3876 3875 1795
22599 4 2 0 1 4666 2099 4321 2585
22600 4 2 0 1 4695 2506 3724 2614
22601 4 2 0 1 4670 2589 1628 4600
22602 4 2 0 1 2626 2473 2544 4625
22603 4 2 0 1 2580 4616 3941 2535
22604 4 2 0 1 195 346 345 582
22605 4 2 0 1 4552 130 280 4698
22606 4 2 0 1 543 4613 2624 306
22607 4 2 0 1 2596 4677 3697 1611
22608 4 2 0 1 2546 377 226 4627
22609 4 2 0 1 4685 2644 563 4010
22610 4 2 0 1 329 179 564 4652
22611 4 2 0 1 4613 4641 4549 2560
22612 4 2 0 1 4662 558 2639 3940
22613 4 2 0 1 2537 2594 557 4618
22614 4 2 0 1 326 176 2568 4604
22615 4 2 0 1 2499 4697 2521 4580
22616 4 2 0 1 4672 2665 2534 4615
22617 4 2 0 1 4563 2482 593 4652
22618 4 2 0 1 2573 3723 2611 4654
22619 4 2 0 1 2490 2652 2563 571
22620 4 2 0 1 544 3748 1667 2545
22621 4 2 0 1 1890 4683 2593 2602
22622 4 2 0 1 3708 3709 1357 3438
22623 4 2 0 1 4196 2596 578 2115
22624 4 2 0 1 1612 3697 3692 1611
22625 4 2 0 1 330 564 180 2622
22626 4 2 0 1 4683 2593 2504 4674
22627 4 2 0 1 4694 563 2644 4010
22628 4 2 0 1 2508 2675 4608 594
22629 4 2 0 1 2330 4621 3320 4411
22630 4 2 0 1 2545 269 2625 4626
22631 4 2 0 1 1940 4625 3588 2544
22632 4 2 0 1 306 543 307 2624
22633 4 2 0 1 2639 558 293 4687
22634 4 2 0 1 143 293 558 4687
22635 4 2 0 1 565 1654 2566 2646
22636 4 2 0 1 3747 4629 2590 4671
22637 4 2 0 1 2607 2485 1638 4688
22638 4 2 0 1 4693 1667 544 3748
22639 4 2 0 1 551 4651 2462 2632
22640 4 2 0 1 1644 4646 4695 2565
22641 4 2 0 1 2575 3695 4667 4656
22642 4 2 0 1 2519 1628 2589 4600
22643 4 2 0 1 2654 198 573 4592
22644 4 2 0 1 552 203 353 2514
22645 4 2 0 1 3341 4701 4008 1260
22646 4 2 0 1 266 116 267 4680
22647 4 2 0 1 267 116 117 4680
22648 4 2 0 1 4586 274 275 2505
22649 4 2 0 1 1641 3723 3722 2611
22650 4 2 0 1 4552 3742 3698 2471
22651 4 2 0 1 2511 573 198 4592
22652 4 2 0 1 1860 1859 3940 2606
22653 4 2 0 1 3977 4688 1896 3719
22654 4 2 0 1 2232 2236 2588 4313
22655 4 2 0 1 326 176 177 2568
22656 4 2 0 1 4568 2605 4642 4686
22657 4 2 0 1 4584 2545 270 2503
22658 4 2 0 1 3760 2610 1679 2280
22659 4 2 0 1 2682 2388 2513 4469
22660 4 2 0 1 156 307 543 157
22661 4 2 0 1 2239 2240 2582 4663
22662 4 2 0 1 1658 2603 3707 3739
22663 4 2 0 1 588 4586 2505 1675
22664 4 2 0 1 588 3756 4586 1675
22665 4 2 0 1 4696 4598 547 2628
22666 4 2 0 1 3748 3726 4693 1667
22667 4 2 0 1 552 2592 2514 2633
22668 4 2 0 1 4688 2485 1638 3719
22669 4 2 0 1 582 2607 1895 2663
22670 4 2 0 1 1671 4660 3750 2579
22671 4 2 0 1 4640 575 97 2559
22672 4 2 0 1 2672 4682 4584 2503
22673 4 2 0 1 2330 1239 3320 2540
22674 4 2 0 1 4687 558 3940 2639
22675 4 2 0 1 4568 550 2605 2631
22676 4 2 0 1 598 2562 2497 2679
22677 4 2 0 1 3733 4607 1652 4636
22678 4 2 0 1 4654 4692 3723 2611
22679 4 2 0 1 4639 2558 2496 2615
22680 4 2 0 1 2236 4669 4313 4317
22681 4 2 0 1 330 2622 181 4703
22682 4 2 0 1 4613 2468 2560 4549
22683 4 2 0 1 88 4637 576 2556
22684 4 2 0 1 2573 3723 1642 2611
22685 4 2 0 1 2550 582 1895 2663
22686 4 2 0 1 4660 2635 3750 2579
22687 4 2 0 1 1795 3873 3419 1792
22688 4 2 0 1 1617 3698 3742 2471
22689 4 2 0 1 2468 4613 2560 2532
22690 4 2 0 1 2503 4682 1668 2601
22691 4 2 0 1 4655 3908 2574 4381
22692 4 2 0 1 4639 603 4577 2496
22693 4 2 0 1 2652 2490 2563 4571
22694 4 2 0 1 4554 2619 2626 2473
22695 4 2 0 1 3753 4637 576 2657
22696 4 2 0 1 4667 4673 2592 2633
22697 4 2 0 1 1795 3875 3873 1792
22698 4 2 0 1 4634 1808 3889 3610
22699 4 2 0 1 2543 595 229 2676
22700 4 2 0 1 2467 181 2622 4548
22701 4 2 0 1 1612 1616 3697 1611
22702 4 2 0 1 1894 3976 1349 3975
22703 4 2 0 1 323 173 174 4690
22704 4 2 0 1 3728 2612 1645 1647
22705 4 2 0 1 2612 3728 1645 4693
22706 4 2 0 1 330 181 331 4703
22707 4 2 0 1 2623 1808 4684 3889
22708 4 2 0 1 553 2634 2552 1679
22709 4 2 0 1 347 2511 198 4592
22710 4 2 0 1 1678 3760 2552 3759
22711 4 2 0 1 4568 2561 2605 2487
22712 4 2 0 1 4687 3941 3940 1860
22713 4 2 0 1 3976 1894 1349 1895
22714 4 2 0 1 4011 4009 4012 1931
22715 4 2 0 1 3894 2518 1813 2587
22716 4 2 0 1 558 4687 3940 2606
22717 4 2 0 1 1929 4685 563 4010
22718 4 2 0 1 308 604 309 2685
22719 4 2 0 1 4591 1949 4657 4030
22720 4 2 0 1 2641 4586 3758 2505
22721 4 2 0 1 2620 1927 4008 1260
22722 4 2 0 1 3567 2280 4691 4361
22723 4 2 0 1 556 4654 4692 2637
22724 4 2 0 1 315 166 316 2549
22725 4 2 0 1 2603 1807 3707 3888
22726 4 2 0 1 1672 4637 3753 1671
22727 4 2 0 1 381 232 382 2623
22728 4 2 0 1 2504 4683 4585 2654
22729 4 2 0 1 3888 3707 2603 4684
22730 4 2 0 1 2635 240 90 2579
22731 4 2 0 1 4683 1890 2593 3971
22732 4 2 0 1 2572 230 595 2676
22733 4 2 0 1 4568 2561 4642 2605
22734 4 2 0 1 4646 1644 4695 3725
22735 4 2 0 1 3692 3693 3697 1612
22736 4 2 0 1 4683 4674 2504 4585
22737 4 2 0 1 1962 2576 1609 4043
22738 4 2 0 1 4010 4694 563 1929
22739 4 2 0 1 373 555 2577 2636
22740 4 2 0 1 588 126 2669 1678
22741 4 2 0 1 2099 4666 4321 4180
22742 4 2 0 1 1681 3696 4673 1615
22743 4 2 0 1 2615 4246 4639 2165
22744 4 2 0 1 3697 4606 4677 2525
22745 4 2 0 1 3760 1678 2552 1679
22746 4 2 0 1 2620 4008 4701 1260
22747 4 2 0 1 4695 1644 3724 3725
22748 4 2 0 1 1665 4655 3746 2677
22749 4 2 0 1 2616 2542 1992 4073
22750 4 2 0 1 2572 1808 542 2623
22751 4 2 0 1 2518 4599 554 2587
22752 4 2 0 1 2550 347 2511 197
22753 4 2 0 1 4695 2506 4587 3724
22754 4 2 0 1 2622 330 181 180
22755 4 2 0 1 89 240 4660 2579
22756 4 2 0 1 226 4627 2554 2546
22757 4 2 0 1 3728 4693 3726 1645
22758 4 2 0 1 4663 594 172 2582
22759 4 2 0 1 3869 2538 2595 1788
22760 4 2 0 1 2616 2499 597 2678
22761 4 2 0 1 3894 4599 2518 2587
22762 4 2 0 1 603 4639 2558 2496
22763 4 2 0 1 2463 4628 2618 2547
22764 4 2 0 1 1620 1622 2597 3703
22765 4 2 0 1 378 2543 4624 2653
22766 4 2 0 1 3757 3896 3570 1676
22767 4 2 0 1 4698 579 131 2660
22768 4 2 0 1 4631 346 2550 2663
22769 4 2 0 1 381 2572 2623 4653
22770 4 2 0 1 1661 1617 3742 2471
22771 4 2 0 1 3559 1962 4043 3733
22772 4 2 0 1 3976 1896 4688 1895
22773 4 2 0 1 4317 2388 4669 4469
22774 4 2 0 1 2618 4628 4544 4699
22775 4 2 0 1 2645 2600 4560 4681
22776 4 2 0 1 94 245 244 568
22777 4 2 0 1 2678 4697 2499 4580
22778 4 2 0 1 2552 3760 1679 2634
22779 4 2 0 1 4655 596 1828 2677
22780 4 2 0 1 2473 4625 1940 2544
22781 4 2 0 1 1791 3419 1792 1338
22782 4 2 0 1 588 275 125 2505
22783 4 2 0 1 1827 2300 2574 4381
22784 4 2 0 1 2568 327 326 4649
22785 4 2 0 1 1666 1664 4629 3745
22786 4 2 0 1 4009 4011 1928 1931
22787 4 2 0 1 2331 4701 4412 1260
22788 4 2 0 1 4361 4691 3760 2280
22789 4 2 0 1 3731 1650 2592 4595
22790 4 2 0 1 4689 1629 1825 2608
22791 4 2 0 1 88 4637 89 238
22792 4 2 0 1 3971 2593 4683 4674
22793 4 2 0 1 4702 568 3895 2621
22794 4 2 0 1 1678 127 3759 2552
22795 4 2 0 1 4691 1486 1815 2610
22796 4 2 0 1 1486 4691 1815 3567
22797 4 2 0 1 2603 1807 1626 3707
22798 4 2 0 1 579 4698 131 2617
22799 4 2 0 1 1629 4689 1825 3710
22800 4 2 0 1 1627 2589 1628 4670
22801 4 2 0 1 326 2568 4649 4604
22802 4 2 0 1 2682 4669 2388 4469
22803 4 2 0 1 3756 588 4586 2669
22804 4 2 0 1 4663 322 172 2675
22805 4 2 0 1 4009 4701 4012 2620
22806 4 2 0 1 2240 2099 2585 4321
22807 4 2 0 1 131 4698 2660 281
22808 4 2 0 1 1665 4655 4381 3746
22809 4 2 0 1 2521 563 4602 2613
22810 4 2 0 1 4681 2482 1901 4563
22811 4 2 0 1 2638 4618 557 4675
22812 4 2 0 1 564 2622 4560 2479
22813 4 2 0 1 555 222 4601 2636
22814 4 2 0 1 1859 3940 558 2581
22815 4 2 0 1 4637 238 576 2657
22816 4 2 0 1 4698 579 3742 1661
22817 4 2 0 1 543 4641 4613 2560
22818 4 2 0 1 4691 3567 3896 1815
22819 4 2 0 1 2534 584 2665 4672
22820 4 2 0 1 2524 2642 2597 4605
22821 4 2 0 1 3751 1672 1671 1670
22822 4 2 0 1 1622 2524 2597 4605
22823 4 2 0 1 4412 4621 4012 2331
22824 4 2 0 1 2641 274 4586 2505
22825 4 2 0 1 1672 3753 3751 1671
22826 4 2 0 1 3710 3906 4689 1825
22827 4 2 0 1 4685 576 1929 2604
22828 4 2 0 1 213 214 364 2555
22829 4 2 0 1 2555 4607 1652 2526
22830 4 2 0 1 3908 1827 2574 4381
22831 4 2 0 1 2572 231 381 2623
22832 4 2 0 1 1828 3909 4655 2677
22833 4 2 0 1 2600 3981 4560 4681
22834 4 2 0 1 2545 269 119 2625
22835 4 2 0 1 1615 4673 4667 3696
22836 4 2 0 1 2473 2619 2626 545
22837 4 2 0 1 98 4640 2529 248
22838 4 2 0 1 2462 2570 4544 4651
22839 4 2 0 1 275 588 126 2669
22840 4 2 0 1 558 3940 1859 2606
22841 4 2 0 1 2592 2586 1615 4667
22842 4 2 0 1 280 131 4698 130
22843 4 2 0 1 88 4637 2556 89
22844 4 2 0 1 1664 1666 555 2636
22845 4 2 0 1 2642 2524 2597 561
22846 4 2 0 1 214 364 2555 4607
22847 4 2 0 1 1671 1672 4637 2556
22848 4 2 0 1 2618 312 580 4699
22849 4 2 0 1 4009 1928 1927 2620
22850 4 2 0 1 4682 1668 3749 4584
22851 4 2 0 1 4651 4544 2462 4543
22852 4 2 0 1 4688 1895 2663 3976
22853 4 2 0 1 178 4652 593 2571
22854 4 2 0 1 2560 4613 543 2532
22855 4 2 0 1 2684 603 4577 4639
22856 4 2 0 1 1609 4657 1949 3690
22857 4 2 0 1 4610 4640 248 2529
22858 4 2 0 1 4595 2592 4673 2633
22859 4 2 0 1 1949 3690 4657 4030
22860 4 2 0 1 378 572 228 2543
22861 4 2 0 1 1895 4631 2663 3976
22862 4 2 0 1 1666 2636 2577 555
22863 4 2 0 1 312 2618 580 162
22864 4 2 0 1 4670 1628 3709 4600
22865 4 2 0 1 2572 1808 2623 3889
22866 4 2 0 1 2240 4663 4320 4321
22867 4 2 0 1 4043 2576 546 1962
22868 4 2 0 1 2625 544 119 2545
22869 4 2 0 1 364 363 213 2555
22870 4 2 0 1 2610 1676 3757 1679
22871 4 2 0 1 2535 1860 3941 2580
22872 4 2 0 1 3872 3419 3873 1792
22873 4 2 0 1 3703 2597 4605 1622
22874 4 2 0 1 2609 2630 174 4690
22875 4 2 0 1 2526 214 2555 4607
22876 4 2 0 1 330 564 4703 2645
22877 4 2 0 1 2661 580 312 4699
22878 4 2 0 1 2596 3697 2525 1616
22879 4 2 0 1 4636 546 363 2555
22880 4 2 0 1 1675 3570 1676 3756
22881 4 2 0 1 2592 1615 1681 4673
22882 4 2 0 1 3981 2600 4560 1900
22883 4 2 0 1 2654 3972 2602 4683
22884 4 2 0 1 4639 2615 2165 2558
22885 4 2 0 1 4697 4580 4602 2521
22886 4 2 0 1 4703 564 4560 2645
22887 4 2 0 1 4628 2463 2618 4544
22888 4 2 0 1 575 97 247 4640
22889 4 2 0 1 94 245 568 95
22890 4 2 0 1 2485 4688 4566 3719
22891 4 2 0 1 594 4663 172 2675
22892 4 2 0 1 2645 329 564 4652
22893 4 2 0 1 2540 4012 2331 1931
22894 4 2 0 1 237 576 2657 4685
22895 4 2 0 1 346 582 196 2550
22896 4 2 0 1 2239 2240 4663 4320
22897 4 2 0 1 542 231 2572 2623
22898 4 2 0 1 2602 2504 573 2654
22899 4 2 0 1 2620 4012 2331 4701
22900 4 2 0 1 2609 4666 2630 4690
22901 4 2 0 1 3972 573 2602 1891
22902 4 2 0 1 3692 3697 4677 1611
22903 4 2 0 1 178 4652 328 593
22904 4 2 0 1 4073 2616 2521 1992
22905 4 2 0 1 245 244 568 2649
22906 4 2 0 1 2630 2609 174 549
22907 4 2 0 1 2630 324 174 4690
22908 4 2 0 1 3724 1643 1644 2614
22909 4 2 0 1 3696 1681 4673 3762
22910 4 2 0 1 2543 378 572 2653
22911 4 2 0 1 240 2635 4660 2579
22912 4 2 0 1 4673 2592 1615 4667
22913 4 2 0 1 2479 564 2600 4560
22914 4 2 0 1 4670 1628 1627 3708
22915 4 2 0 1 1616 2596 3697 1611
22916 4 2 0 1 4670 3709 1628 3708
22917 4 2 0 1 3724 1643 2614 2506
22918 4 2 0 1 3570 1676 3756 3757
22919 4 2 0 1 328 593 4652 2674
22920 4 2 0 1 2618 4628 580 2547
22921 4 2 0 1 4628 2618 580 4699
22922 4 2 0 1 2621 568 3895 1814
22923 4 2 0 1 549 2609 2585 2630
22924 4 2 0 1 2463 2462 2570 4544
22925 4 2 0 1 2620 4012 4009 1931
22926 4 2 0 1 2584 4552 3698 2471
22927 4 2 0 1 588 4586 275 2505
22928 4 2 0 1 4010 4685 2657 1929
22929 4 2 0 1 3698 1617 2584 2471
22930 4 2 0 1 1900 2600 4560 2479
22931 4 2 0 1 4701 4412 4012 2331
22932 4 2 0 1 346 582 2550 2663
22933 4 2 0 1 4628 4699 580 2661
22934 4 2 0 1 4666 2585 2609 2630
22935 4 2 0 1 4607 2555 1652 4636
22936 4 2 0 1 4009 1928 2620 1931
22937 4 2 0 1 4592 347 2511 4631
22938 4 2 0 1 4073 4697 4602 2521
22939 4 2 0 1 4560 564 2600 2645
22940 4 2 0 1 4690 2609 4666 4321
22941 4 2 0 1 2656 575 247 4640
22942 4 2 0 1 2617 1661 4698 2471
22943 4 2 0 1 2626 2619 4700 193
22944 4 2 0 1 4702 568 2649 3895
22945 4 2 0 1 4682 2503 1668 4584
22946 4 2 0 1 4702 94 568 2621
22947 4 2 0 1 4586 588 275 2669
22948 4 2 0 1 4641 543 4613 2624
22949 4 2 0 1 364 363 2555 4636
22950 4 2 0 1 2471 3742 4698 4552
22951 4 2 0 1 4012 2620 2331 1931
22952 4 2 0 1 4607 364 2555 4636
22953 4 2 0 1 4552 2584 3698 4665
22954 4 2 0 1 4666 2609 2585 4321
22955 4 2 0 1 3742 2471 4698 1661
22956 4 2 0 1 193 343 4700 2626
22957 4 2 0 1 573 3972 2602 2654
22958 4 2 0 1 94 4702 568 244
22959 4 2 0 1 576 4685 1929 2657
22960 4 2 0 1 2240 2585 2609 4321
22961 4 2 0 1 2626 2619 193 545
22962 4 2 0 1 568 244 4702 2649
22963 4 2 0 1 3779 4522 4505 4776
22964 4 2 0 1 1569 1993 2100 4781
22965 4 2 0 1 379 4624 378 4745
22966 4 2 0 1 251 2667 4575 4747
22967 4 2 0 1 4312 4550 4313 4749
22968 4 2 0 1 2292 1353 1647 4802
22969 4 2 0 1 2232 2469 2231 4749
22970 4 2 0 1 3054 3194 3195 4761
22971 4 2 0 1 3116 3117 3118 4804
22972 4 2 0 1 4448 3069 3068 4800
22973 4 2 0 1 3721 4648 3582 4771
22974 4 2 0 1 2761 2762 2765 4766
22975 4 2 0 1 2347 2345 1463 4752
22976 4 2 0 1 211 210 2509 4746
22977 4 2 0 1 4271 4046 2754 4763
22978 4 2 0 1 586 101 2494 4747
22979 4 2 0 1 3347 4316 3301 4751
22980 4 2 0 1 2447 825 2194 4777
22981 4 2 0 1 2178 856 869 4760
22982 4 2 0 1 1824 1257 1952 4753
22983 4 2 0 1 3718 4635 4627 4755
22984 4 2 0 1 3598 3585 3737 4756
22985 4 2 0 1 361 4590 360 4746
22986 4 2 0 1 2476 2590 1618 4757
22987 4 2 0 1 3498 4134 4441 4758
22988 4 2 0 1 1310 1181 1309 4759
22989 4 2 0 1 3422 3409 4486 4767
22990 4 2 0 1 3024 3025 3023 4748
22991 4 2 0 1 1865 2156 1549 4764
22992 4 2 0 1 681 680 684 4766
22993 4 2 0 1 3056 4098 4260 4762
22994 4 2 0 1 4688 4566 2663 4768
22995 4 2 0 1 936 2122 1051 4769
22996 4 2 0 1 937 934 936 4770
22997 4 2 0 1 1640 1501 2567 4771
22998 4 2 0 1 2240 2239 2099 4772
22999 4 2 0 1 3433 3449 4455 4773
23000 4 2 0 1 2008 2276 1844 4775
23001 4 2 0 1 2190 673 1965 4763
23002 4 2 0 1 1218 1174 2252 4774
23003 4 2 0 1 3391 3390 3262 4759
23004 4 2 0 1 2122 939 2408 4750
23005 4 2 0 1 229 228 2543 4745
23006 4 2 0 1 3833 3838 2731 4782
23007 4 2 0 1 2028 743 872 4779
23008 4 2 0 1 2014 2013 2011 4778
23009 4 2 0 1 3144 3145 3143 4780
23010 4 2 0 1 4273 3513 4298 4799
23011 4 2 0 1 4181 4074 3650 4781
23012 4 2 0 1 3952 3951 3953 4812
23013 4 2 0 1 2710 2712 2713 4783
23014 4 2 0 1 3479 4249 4250 4795
23015 4 2 0 1 3829 4508 3911 4809
23016 4 2 0 1 629 632 631 4783
23017 4 2 0 1 721 722 723 4785
23018 4 2 0 1 4084 2948 3453 4784
23019 4 2 0 1 4094 4095 4092 4778
23020 4 2 0 1 4358 3356 4023 4805
23021 4 2 0 1 698 2076 688 4765
23022 4 2 0 1 975 2179 2017 4762
23023 4 2 0 1 1872 1870 1871 4812
23024 4 2 0 1 1473 1470 2278 4786
23025 4 2 0 1 3905 4033 3338 4753
23026 4 2 0 1 3737 2676 4634 4754
23027 4 2 0 1 3429 3461 3358 4814
23028 4 2 0 1 1964 1982 1567 4808
23029 4 2 0 1 2802 2804 2803 4785
23030 4 2 0 1 1637 2546 2554 4755
23031 4 2 0 1 2367 987 988 4800
23032 4 2 0 1 1348 1277 1380 4814
23033 4 2 0 1 223 222 555 4744
23034 4 2 0 1 3554 4359 3551 4786
23035 4 2 0 1 943 942 944 4748
23036 4 2 0 1 2521 1992 2041 4792
23037 4 2 0 1 3457 3710 3734 4787
23038 4 2 0 1 106 2533 107 4788
23039 4 2 0 1 4558 4564 3573 4789
23040 4 2 0 1 3572 3736 3895 4790
23041 4 2 0 1 3753 4009 2657 4791
23042 4 2 0 1 2553 595 1656 4754
23043 4 2 0 1 968 1026 969 4793
23044 4 2 0 1 2033 2383 957 4794
23045 4 2 0 1 1398 2169 2168 4795
23046 4 2 0 1 2815 4120 4456 4796
23047 4 2 0 1 718 2040 845 4797
23048 4 2 0 1 3155 4150 3156 4798
23049 4 2 0 1 373 2636 372 4744
23050 4 2 0 1 1432 2192 2217 4799
23051 4 2 0 1 2412 1612 2415 4801
23052 4 2 0 1 4373 3728 3434 4802
23053 4 2 0 1 2610 1676 1815 4803
23054 4 2 0 1 1035 1037 1036 4804
23055 4 2 0 1 3299 4333 3255 4774
23056 4 2 0 1 1491 1814 1655 4790
23057 4 2 0 1 4121 2799 2926 4797
23058 4 2 0 1 2277 1942 1275 4805
23059 4 2 0 1 4597 3763 2691 4811
23060 4 2 0 1 1458 1308 1307 4807
23061 4 2 0 1 4427 4326 3539 4810
23062 4 2 0 1 1360 1643 1644 4806
23063 4 2 0 1 3441 3725 3724 4806
23064 4 2 0 1 3757 4691 3896 4803
23065 4 2 0 1 3388 3389 3539 4807
23066 4 2 0 1 4493 4496 3693 4801
23067 4 2 0 1 2039 734 2375 4796
23068 4 2 0 1 2069 1074 1075 4798
23069 4 2 0 1 4114 3038 4464 4794
23070 4 2 0 1 3050 3107 3049 4793
23071 4 2 0 1 4122 4073 4602 4792
23072 4 2 0 1 1928 1672 576 4791
23073 4 2 0 1 2477 1492 2483 4789
23074 4 2 0 1 2003 1372 867 4784
23075 4 2 0 1 1376 1653 1629 4787
23076 4 2 0 1 4180 4320 4321 4772
23077 4 2 0 1 4045 3648 4063 4808
23078 4 2 0 1 3015 3018 3017 4770
23079 4 2 0 1 257 4614 256 4788
23080 4 2 0 1 1757 1752 650 4782
23081 4 2 0 1 1748 1830 2427 4809
23082 4 2 0 1 1063 1062 1064 4780
23083 4 2 0 1 4109 2953 2824 4779
23084 4 2 0 1 4528 4275 2906 4777
23085 4 2 0 1 1698 2424 2441 4776
23086 4 2 0 1 4357 4089 3925 4775
23087 4 2 0 1 2346 1458 2245 4810
23088 4 2 0 1 1368 1352 2374 4773
23089 4 2 0 1 2516 610 1682 4811
23090 4 2 0 1 3984 3070 2997 4813
23091 4 2 0 1 3132 4203 3017 4769
23092 4 2 0 1 2485 2607 582 4768
23093 4 2 0 1 2405 1328 1341 4767
23094 4 2 0 1 2769 4157 2779 4765
23095 4 2 0 1 1114 1113 973 4761
23096 4 2 0 1 4259 2950 2937 4760
23097 4 2 0 1 1417 2360 2053 4758
23098 4 2 0 1 3699 4671 4557 4757
23099 4 2 0 1 1517 1656 1504 4756
23100 4 2 0 1 1903 916 989 4813
23101 4 2 0 1 1266 1220 2235 4751
23102 4 2 0 1 3544 4426 4428 4752
23103 4 2 0 1 3020 4203 4489 4750
23104 4 2 0 1 1865 4764 1863 3946
23105 4 2 0 1 1865 1863 4764 1549
23106 4 2 0 1 4764 4237 3630 3946
23107 4 2 0 1 4764 3630 4237 1549
23108 4 2 0 1 3944 4764 3630 3946
23109 4 2 0 1 3944 3630 4764 1549
23110 4 2 0 1 1863 4764 3944 3946
23111 4 2 0 1 1863 3944 4764 1549
23112 4 2 0 2 26 517 22 4815
23113 4 2 0 2 22 517 513 4815
23114 4 2 0 2 4708 26 4704 4815
23115 4 2 0 2 22 4704 26 4815
23116 4 2 0 2 28 515 4706 4710
23117 4 2 0 2 512 4710 28 4706
23118 4 2 0 2 511 27 4705 515
23119 4 2 0 2 514 510 23 4705
23120 4 2 0 2 29 513 517 4711
23121 4 2 0 2 27 515 4709 4705
23122 4 2 0 2 27 511 4705 23
23123 4 2 0 2 514 27 4709 4705
23124 4 2 0 2 27 514 23 4705
23125 4 2 0 2 4710 512 28 516
23126 4 2 0 2 24 515 4706 28
23127 4 2 0 2 24 515 511 4706
23128 4 2 0 2 28 512 4706 24
23129 4 2 0 2 4704 22 26 510
23130 4 2 0 2 513 4708 4707 4704
23131 4 2 0 2 4709 4707 4711 4708
23132 4 2 0 2 4707 512 4706 4710
23133 4 2 0 2 4706 4707 4710 4709
23134 4 2 0 2 513 4708 4704 4815
23135 4 2 0 2 4708 4707 4711 513
23136 4 2 0 2 4709 4710 4706 515
23137 4 2 0 2 4708 4711 517 513
23138 4 2 0 2 4707 4711 4710 4709
23139 4 2 0 2 517 4708 513 4815
23140 4 2 0 2 4706 4707 4709 4705
23141 4 2 0 2 515 511 4706 4705
23142 4 2 0 2 4706 4709 515 4705
23143 4 2 0 2 26 4708 517 4815
23144 4 2 0 2 513 4704 22 4815
23145 4 2 0 2 25 4707 516 512
23146 4 2 0 2 4710 516 4707 512
23147 4 2 0 2 4710 4707 516 4711
23148 4 2 0 2 513 4707 29 25
23149 4 2 0 2 513 29 4707 4711
23150 4 2 0 2 516 29 4707 25
23151 4 2 0 2 516 4707 29 4711
23152 4 2 0 2 514 4708 4705 4709
23153 4 2 0 2 4707 4705 4708 4709
23154 4 2 0 2 4707 4708 4705 4704
23155 4 2 0 2 4705 510 4708 514
23156 4 2 0 2 4705 4708 510 4704
23157 4 2 0 2 26 4708 510 514
23158 4 2 0 2 26 510 4708 4704
23159 4 2 0 3 4717 4713 31 4816
23160 4 2 0 3 35 4717 31 4816
23161 4 2 0 3 35 519 523 4816
23162 4 2 0 3 35 31 519 4816
23163 4 2 0 3 4714 36 523 4718
23164 4 2 0 3 36 4714 520 4718
23165 4 2 0 3 4716 521 30 4712
23166 4 2 0 3 30 518 4716 4712
23167 4 2 0 3 518 522 4717 31
23168 4 2 0 3 4715 33 520 4719
23169 4 2 0 3 4719 4715 33 521
23170 4 2 0 3 4719 37 33 524
23171 4 2 0 3 4719 33 520 524
23172 4 2 0 3 37 521 4719 33
23173 4 2 0 3 37 521 525 4719
23174 4 2 0 3 4713 518 4717 31
23175 4 2 0 3 522 35 4717 31
23176 4 2 0 3 36 4714 523 32
23177 4 2 0 3 520 524 36 4718
23178 4 2 0 3 523 32 4714 519
23179 4 2 0 3 32 4714 520 36
23180 4 2 0 3 525 4716 30 34
23181 4 2 0 3 521 4716 30 525
23182 4 2 0 3 34 518 522 4716
23183 4 2 0 3 34 518 4716 30
23184 4 2 0 3 4712 4716 4715 4713
23185 4 2 0 3 4716 4715 521 4712
23186 4 2 0 3 4716 4719 4715 4713
23187 4 2 0 3 4719 520 4714 4718
23188 4 2 0 3 4714 4719 4718 4713
23189 4 2 0 3 4716 4712 518 4713
23190 4 2 0 3 4716 4717 4719 4713
23191 4 2 0 3 4715 4716 521 4719
23192 4 2 0 3 523 4714 4718 4713
23193 4 2 0 3 4716 4719 525 521
23194 4 2 0 3 4714 4715 4719 4713
23195 4 2 0 3 4715 520 4714 4719
23196 4 2 0 3 4713 523 519 4816
23197 4 2 0 3 520 4719 524 4718
23198 4 2 0 3 4716 522 4717 518
23199 4 2 0 3 4717 4718 4719 4713
23200 4 2 0 3 4717 523 4713 4816
23201 4 2 0 3 518 4717 4716 4713
23202 4 2 0 3 4713 523 4714 519
23203 4 2 0 3 4718 4717 523 4713
23204 4 2 0 3 519 31 4713 4816
23205 4 2 0 3 523 4717 35 4816
23206 4 2 0 4 44 4722 4726 531
23207 4 2 0 4 4722 532 44 4726
23208 4 2 0 4 43 531 4725 527
23209 4 2 0 4 39 530 526 4725
23210 4 2 0 4 528 4723 41 532
23211 4 2 0 4 527 4721 4725 39
23212 4 2 0 4 527 4725 43 39
23213 4 2 0 4 4721 526 4725 39
23214 4 2 0 4 39 530 4725 43
23215 4 2 0 4 528 40 4722 44
23216 4 2 0 4 40 531 527 4722
23217 4 2 0 4 532 4722 44 528
23218 4 2 0 4 40 531 4722 44
23219 4 2 0 4 4724 526 42 530
23220 4 2 0 4 38 533 529 4720
23221 4 2 0 4 4725 4720 4727 4724
23222 4 2 0 4 4724 4727 533 4720
23223 4 2 0 4 4720 4727 4723 4721
23224 4 2 0 4 532 4722 4727 4726
23225 4 2 0 4 4722 4725 4727 4726
23226 4 2 0 4 4724 526 4725 4720
23227 4 2 0 4 4720 4725 4727 4721
23228 4 2 0 4 4725 4726 4722 531
23229 4 2 0 4 4722 4723 4727 4721
23230 4 2 0 4 4727 4723 4722 532
23231 4 2 0 4 4723 528 4722 532
23232 4 2 0 4 4724 526 530 4725
23233 4 2 0 4 4725 4722 4727 4721
23234 4 2 0 4 4725 4720 526 4721
23235 4 2 0 4 527 4725 4722 531
23236 4 2 0 4 4725 527 4722 4721
23237 4 2 0 4 533 4720 42 4724
23238 4 2 0 4 533 42 4720 38
23239 4 2 0 4 526 42 4720 4724
23240 4 2 0 4 526 4720 42 38
23241 4 2 0 4 4727 4720 529 533
23242 4 2 0 4 529 4720 4727 4723
23243 4 2 0 4 529 45 4727 533
23244 4 2 0 4 41 532 4727 45
23245 4 2 0 4 4727 532 41 4723
23246 4 2 0 4 4727 529 41 45
23247 4 2 0 4 41 529 4727 4723
23248 4 2 0 5 53 540 49 4817
23249 4 2 0 5 49 540 536 4817
23250 4 2 0 5 53 4731 4735 4817
23251 4 2 0 5 49 4731 53 4817
23252 4 2 0 5 51 535 539 4733
23253 4 2 0 5 538 47 4733 534
23254 4 2 0 5 541 53 4731 4735
23255 4 2 0 5 4731 537 53 541
23256 4 2 0 5 4731 537 49 53
23257 4 2 0 5 51 535 4733 47
23258 4 2 0 5 4729 534 4733 47
23259 4 2 0 5 47 538 4733 51
23260 4 2 0 5 4733 535 4729 47
23261 4 2 0 5 536 540 52 4734
23262 4 2 0 5 50 534 538 4732
23263 4 2 0 5 46 541 537 4728
23264 4 2 0 5 4728 4732 4731 4729
23265 4 2 0 5 4732 4731 541 4728
23266 4 2 0 5 4732 4728 534 4729
23267 4 2 0 5 4731 541 4735 4732
23268 4 2 0 5 4731 537 541 4728
23269 4 2 0 5 4733 534 4732 538
23270 4 2 0 5 534 4733 4732 4729
23271 4 2 0 5 4733 535 4730 4729
23272 4 2 0 5 4735 540 53 4817
23273 4 2 0 5 4731 49 536 4817
23274 4 2 0 5 4733 4730 539 4734
23275 4 2 0 5 4733 539 4730 535
23276 4 2 0 5 48 4730 539 535
23277 4 2 0 5 536 4730 52 48
23278 4 2 0 5 536 52 4730 4734
23279 4 2 0 5 539 52 4730 48
23280 4 2 0 5 539 4730 52 4734
23281 4 2 0 5 4728 541 50 46
23282 4 2 0 5 50 541 4728 4732
23283 4 2 0 5 50 534 4728 46
23284 4 2 0 5 4728 534 50 4732
23285 4 2 0 5 4733 4730 4731 4729
23286 4 2 0 5 4733 4732 4731 4735
23287 4 2 0 5 4731 4732 4733 4729
23288 4 2 0 5 4734 4733 4731 4735
23289 4 2 0 5 4731 4733 4734 4730
23290 4 2 0 5 4734 536 4731 4730
23291 4 2 0 5 4817 4731 540 536
23292 4 2 0 5 4817 540 4731 4735
23293 4 2 0 5 4734 540 4731 536
23294 4 2 0 5 4734 4731 540 4735
23295 4 2 0 6 4736 4737 56 55
23296 4 2 0 6 57 54 4737 4736
23297 4 2 0 6 56 57 4737 4736
23298 4 2 0 6 4737 54 55 4736
23299 4 2 0 6 59 56 60 4737
23300 4 2 0 6 56 57 60 4737
23301 4 2 0 6 57 61 60 4737
23302 4 2 0 6 54 61 4737 58
23303 4 2 0 6 4737 59 56 55
23304 4 2 0 6 4737 58 59 55
23305 4 2 0 6 61 54 4737 57
23306 4 2 0 6 4737 54 58 55
23307 4 2 0 7 69 62 66 4818
23308 4 2 0 7 65 62 69 4818
23309 4 2 0 7 4738 4739 66 4818
23310 4 2 0 7 66 62 4738 4818
23311 4 2 0 7 64 4738 65 4739
23312 4 2 0 7 4739 64 67 68
23313 4 2 0 7 4739 65 64 68
23314 4 2 0 7 65 4739 69 68
23315 4 2 0 7 62 66 4738 63
23316 4 2 0 7 4738 65 4739 4818
23317 4 2 0 7 4739 65 69 4818
23318 4 2 0 7 69 66 4739 4818
23319 4 2 0 7 65 4738 62 4818
23320 4 2 0 7 66 63 4739 4738
23321 4 2 0 7 66 4739 63 67
23322 4 2 0 7 64 4739 63 4738
23323 4 2 0 7 64 63 4739 67
23324 4 2 0 8 71 70 4741 4740
23325 4 2 0 8 4741 73 4740 70
23326 4 2 0 8 72 4741 73 4740
23327 4 2 0 8 72 71 4741 4740
23328 4 2 0 8 74 71 70 4741
23329 4 2 0 8 75 72 71 4741
23330 4 2 0 8 75 72 4741 76
23331 4 2 0 8 76 73 4741 77
23332 4 2 0 8 74 71 4741 75
23333 4 2 0 8 77 4741 74 70
23334 4 2 0 8 4741 72 73 76
23335 4 2 0 8 4741 73 70 77
23336 4 2 0 9 78 4743 4742 81
23337 4 2 0 9 4743 79 4742 80
23338 4 2 0 9 79 78 4743 4742
23339 4 2 0 9 81 80 4743 4742
23340 4 2 0 9 85 78 81 4743
23341 4 2 0 9 84 81 80 4743
23342 4 2 0 9 79 82 4743 78
23343 4 2 0 9 85 78 4743 82
23344 4 2 0 9 4743 79 80 83
23345 4 2 0 9 80 4743 83 84
23346 4 2 0 9 84 81 4743 85
23347 4 2 0 9 82 79 4743 83
$EndElements
