$MeshFormat
2.2 0 8
$EndMeshFormat
$Nodes
4674
1 0 0 0
2 0 0.254 0
3 0 -0.254 0
4 0 0 0.10279
5 0 0.254 0.10279
6 0 -0.254 0.10279
7 0.07845010363484341 0.205 0.10279
8 -0.07845010363484341 0.205 0.10279
9 0.07845010363484341 -0.205 0.10279
10 -0.07845010363484341 -0.205 0.10279
11 0.205 0.07845010363484341 0.10279
12 0.205 -0.07845010363484341 0.10279
13 -0.205 0.07845010363484341 0.10279
14 -0.205 -0.07845010363484341 0.10279
15 0.1378858223313768 0.1378858223313768 0.10279
16 0.1378858223313768 -0.1378858223313768 0.10279
17 -0.1378858223313768 -0.1378858223313768 0.10279
18 -0.1378858223313768 0.1378858223313768 0.10279
19 0.1378858223313768 0 0.10279
20 -0.1378858223313768 0 0.10279
21 0 0.1378858223313768 0.10279
22 0 -0.1378858223313768 0.10279
23 0.1453858223313768 0.0075 0.10279
24 0.1453858223313768 -0.0075 0.10279
25 0.1303858223313767 -0.0075 0.10279
26 0.1303858223313767 0.0075 0.10279
27 -0.1303858223313767 0.0075 0.10279
28 -0.1303858223313767 -0.0075 0.10279
29 -0.1453858223313768 -0.0075 0.10279
30 -0.1453858223313768 0.0075 0.10279
31 0.0075 -0.1303858223313767 0.10279
32 0.0075 -0.1453858223313768 0.10279
33 -0.0075 -0.1453858223313768 0.10279
34 -0.0075 -0.1303858223313767 0.10279
35 0.0075 0.1453858223313768 0.10279
36 0.0075 0.1303858223313767 0.10279
37 -0.0075 0.1303858223313767 0.10279
38 -0.0075 0.1453858223313768 0.10279
39 0.1413858223313768 0.1413858223313768 0.10279
40 0.1413858223313768 0.1343858223313767 0.10279
41 0.1343858223313767 0.1343858223313767 0.10279
42 0.1343858223313767 0.1413858223313768 0.10279
43 0.1413858223313768 -0.1343858223313767 0.10279
44 0.1413858223313768 -0.1413858223313768 0.10279
45 0.1343858223313767 -0.1413858223313768 0.10279
46 0.1343858223313767 -0.1343858223313767 0.10279
47 -0.1343858223313767 0.1413858223313768 0.10279
48 -0.1413858223313768 0.1413858223313768 0.10279
49 -0.1413858223313768 0.1343858223313767 0.10279
50 -0.1343858223313767 0.1343858223313767 0.10279
51 -0.1343858223313767 -0.1343858223313767 0.10279
52 -0.1413858223313768 -0.1343858223313767 0.10279
53 -0.1413858223313768 -0.1413858223313768 0.10279
54 -0.1343858223313767 -0.1413858223313768 0.10279
55 0.01049654345919843 0.2537830226303744 0
56 0.02097515374997242 0.2531324612236941 0
57 0.03141792834241422 0.2520494272532094 0
58 0.04180702593130648 0.2505357710642915 0
59 0.0521246969176911 0.248594078713148 0
60 0.06235331373376311 0.2462276675485899 0
61 0.0724754009592728 0.2434405805443962 0
62 0.08247366517798957 0.2402375793919612 0
63 0.09233102452321287 0.2366241363650248 0
64 0.1020306378618543 0.2326064249703846 0
65 0.1115559335672322 0.2281913094005626 0
66 0.1208906378314168 0.2233863328064482 0
67 0.1300188024687587 0.2181997044099508 0
68 0.1389248321630966 0.2126402854786822 0
69 0.1475935111120924 0.2067175741866295 0
70 0.1560100290231758 0.2004416893866839 0
71 0.1641600064166791 0.1938233533227508 0
72 0.1720295191929384 0.1868738733109753 0
73 0.1796051224213832 0.1796051224213829 0
74 0.1868738733109757 0.172029519192938 0
75 0.193823353322751 0.1641600064166788 0
76 0.2004416893866842 0.1560100290231753 0
77 0.2067175741866297 0.1475935111120921 0
78 0.2126402854786825 0.1389248321630961 0
79 0.2181997044099511 0.1300188024687582 0
80 0.2233863328064485 0.1208906378314163 0
81 0.2281913094005629 0.1115559335672315 0
82 0.2326064249703848 0.1020306378618537 0
83 0.2366241363650251 0.09233102452321214 0
84 0.2402375793919614 0.08247366517798903 0
85 0.2434405805443964 0.07247540095927203 0
86 0.2462276675485901 0.06235331373376234 0
87 0.2485940787131482 0.05212469691769032 0
88 0.2505357710642916 0.0418070259313057 0
89 0.2520494272532095 0.03141792834241366 0
90 0.2531324612236942 0.02097515374997186 0
91 0.2537830226303745 0.01049654345919786 0
92 0.254 -6.145819530373187e-16 0
93 0.2537830226303744 -0.01049654345919909 0
94 0.2531324612236941 -0.02097515374997286 0
95 0.2520494272532094 -0.03141792834241488 0
96 0.2505357710642914 -0.04180702593130691 0
97 0.248594078713148 -0.05212469691769153 0
98 0.2462276675485898 -0.06235331373376354 0
99 0.243440580544396 -0.07247540095927321 0
100 0.2402375793919611 -0.08247366517798999 0
101 0.2366241363650247 -0.09233102452321307 0
102 0.2326064249703844 -0.1020306378618547 0
103 0.2281913094005625 -0.1115559335672324 0
104 0.2233863328064481 -0.1208906378314169 0
105 0.2181997044099507 -0.1300188024687589 0
106 0.2126402854786821 -0.1389248321630967 0
107 0.2067175741866294 -0.1475935111120925 0
108 0.2004416893866839 -0.1560100290231758 0
109 0.1938233533227508 -0.1641600064166791 0
110 0.1868738733109753 -0.1720295191929384 0
111 0.179605122421383 -0.1796051224213832 0
112 0.1720295191929382 -0.1868738733109755 0
113 0.164160006416679 -0.1938233533227508 0
114 0.1560100290231755 -0.2004416893866841 0
115 0.1475935111120923 -0.2067175741866295 0
116 0.1389248321630965 -0.2126402854786822 0
117 0.1300188024687586 -0.2181997044099509 0
118 0.1208906378314167 -0.2233863328064482 0
119 0.1115559335672319 -0.2281913094005627 0
120 0.1020306378618544 -0.2326064249703845 0
121 0.09233102452321279 -0.2366241363650249 0
122 0.08247366517798968 -0.2402375793919612 0
123 0.07247540095927291 -0.2434405805443961 0
124 0.06235331373376302 -0.2462276675485899 0
125 0.052124696917691 -0.2485940787131481 0
126 0.0418070259313066 -0.2505357710642914 0
127 0.03141792834241434 -0.2520494272532094 0
128 0.02097515374997232 -0.2531324612236941 0
129 0.01049654345919855 -0.2537830226303744 0
130 -0.01049654345919857 -0.2537830226303744 0
131 -0.0209751537499724 -0.2531324612236941 0
132 -0.03141792834241431 -0.2520494272532094 0
133 -0.04180702593130645 -0.2505357710642915 0
134 -0.05212469691769113 -0.248594078713148 0
135 -0.06235331373376303 -0.2462276675485899 0
136 -0.07247540095927282 -0.2434405805443962 0
137 -0.08247366517798965 -0.2402375793919612 0
138 -0.09233102452321286 -0.2366241363650248 0
139 -0.1020306378618543 -0.2326064249703846 0
140 -0.1115559335672321 -0.2281913094005626 0
141 -0.1208906378314168 -0.2233863328064482 0
142 -0.1300188024687587 -0.2181997044099508 0
143 -0.1389248321630965 -0.2126402854786822 0
144 -0.1475935111120924 -0.2067175741866295 0
145 -0.1560100290231757 -0.2004416893866839 0
146 -0.1641600064166791 -0.1938233533227507 0
147 -0.1720295191929384 -0.1868738733109753 0
148 -0.1796051224213832 -0.1796051224213829 0
149 -0.1868738733109756 -0.1720295191929381 0
150 -0.193823353322751 -0.1641600064166788 0
151 -0.2004416893866842 -0.1560100290231754 0
152 -0.2067175741866297 -0.1475935111120921 0
153 -0.2126402854786824 -0.1389248321630961 0
154 -0.218199704409951 -0.1300188024687583 0
155 -0.2233863328064484 -0.1208906378314163 0
156 -0.2281913094005628 -0.1115559335672317 0
157 -0.2326064249703848 -0.1020306378618537 0
158 -0.236624136365025 -0.09233102452321233 0
159 -0.2402375793919614 -0.082473665177989 0
160 -0.2434405805443964 -0.07247540095927221 0
161 -0.2462276675485901 -0.06235331373376231 0
162 -0.2485940787131481 -0.05212469691769051 0
163 -0.2505357710642916 -0.04180702593130577 0
164 -0.2520494272532095 -0.03141792834241374 0
165 -0.2531324612236942 -0.02097515374997171 0
166 -0.2537830226303745 -0.01049654345919794 0
167 -0.254 5.328882951224911e-16 0
168 -0.2537830226303744 0.01049654345919912 0
169 -0.2531324612236941 0.020975153749973 0
170 -0.2520494272532094 0.03141792834241491 0
171 -0.2505357710642914 0.04180702593130694 0
172 -0.248594078713148 0.05212469691769155 0
173 -0.2462276675485898 0.06235331373376345 0
174 -0.243440580544396 0.07247540095927324 0
175 -0.2402375793919611 0.08247366517799001 0
176 -0.2366241363650247 0.0923310245232131 0
177 -0.2326064249703844 0.1020306378618547 0
178 -0.2281913094005625 0.1115559335672324 0
179 -0.2233863328064481 0.120890637831417 0
180 -0.2181997044099507 0.130018802468759 0
181 -0.2126402854786821 0.1389248321630968 0
182 -0.2067175741866293 0.1475935111120926 0
183 -0.2004416893866839 0.1560100290231758 0
184 -0.1938233533227506 0.1641600064166792 0
185 -0.1868738733109753 0.1720295191929384 0
186 -0.1796051224213829 0.1796051224213833 0
187 -0.1720295191929381 0.1868738733109756 0
188 -0.1641600064166788 0.193823353322751 0
189 -0.1560100290231755 0.2004416893866841 0
190 -0.1475935111120921 0.2067175741866297 0
191 -0.1389248321630962 0.2126402854786824 0
192 -0.1300188024687585 0.2181997044099509 0
193 -0.1208906378314166 0.2233863328064483 0
194 -0.1115559335672319 0.2281913094005627 0
195 -0.1020306378618541 0.2326064249703846 0
196 -0.09233102452321275 0.2366241363650249 0
197 -0.08247366517798965 0.2402375793919612 0
198 -0.07247540095927267 0.2434405805443962 0
199 -0.06235331373376298 0.2462276675485899 0
200 -0.05212469691769097 0.2485940787131481 0
201 -0.04180702593130635 0.2505357710642915 0
202 -0.03141792834241432 0.2520494272532094 0
203 -0.02097515374997229 0.2531324612236941 0
204 -0.01049654345919852 0.2537830226303744 0
205 0.01049654345919843 0.2537830226303744 0.10279
206 0.02097515374997242 0.2531324612236941 0.10279
207 0.03141792834241422 0.2520494272532094 0.10279
208 0.04180702593130648 0.2505357710642915 0.10279
209 0.0521246969176911 0.248594078713148 0.10279
210 0.06235331373376311 0.2462276675485899 0.10279
211 0.0724754009592728 0.2434405805443962 0.10279
212 0.08247366517798957 0.2402375793919612 0.10279
213 0.09233102452321287 0.2366241363650248 0.10279
214 0.1020306378618543 0.2326064249703846 0.10279
215 0.1115559335672322 0.2281913094005626 0.10279
216 0.1208906378314168 0.2233863328064482 0.10279
217 0.1300188024687587 0.2181997044099508 0.10279
218 0.1389248321630966 0.2126402854786822 0.10279
219 0.1475935111120924 0.2067175741866295 0.10279
220 0.1560100290231758 0.2004416893866839 0.10279
221 0.1641600064166791 0.1938233533227508 0.10279
222 0.1720295191929384 0.1868738733109753 0.10279
223 0.1796051224213832 0.1796051224213829 0.10279
224 0.1868738733109757 0.172029519192938 0.10279
225 0.193823353322751 0.1641600064166788 0.10279
226 0.2004416893866842 0.1560100290231753 0.10279
227 0.2067175741866297 0.1475935111120921 0.10279
228 0.2126402854786825 0.1389248321630961 0.10279
229 0.2181997044099511 0.1300188024687582 0.10279
230 0.2233863328064485 0.1208906378314163 0.10279
231 0.2281913094005629 0.1115559335672315 0.10279
232 0.2326064249703848 0.1020306378618537 0.10279
233 0.2366241363650251 0.09233102452321214 0.10279
234 0.2402375793919614 0.08247366517798903 0.10279
235 0.2434405805443964 0.07247540095927203 0.10279
236 0.2462276675485901 0.06235331373376234 0.10279
237 0.2485940787131482 0.05212469691769032 0.10279
238 0.2505357710642916 0.0418070259313057 0.10279
239 0.2520494272532095 0.03141792834241366 0.10279
240 0.2531324612236942 0.02097515374997186 0.10279
241 0.2537830226303745 0.01049654345919786 0.10279
242 0.254 -6.145819530373187e-16 0.10279
243 0.2537830226303744 -0.01049654345919909 0.10279
244 0.2531324612236941 -0.02097515374997286 0.10279
245 0.2520494272532094 -0.03141792834241488 0.10279
246 0.2505357710642914 -0.04180702593130691 0.10279
247 0.248594078713148 -0.05212469691769153 0.10279
248 0.2462276675485898 -0.06235331373376354 0.10279
249 0.243440580544396 -0.07247540095927321 0.10279
250 0.2402375793919611 -0.08247366517798999 0.10279
251 0.2366241363650247 -0.09233102452321307 0.10279
252 0.2326064249703844 -0.1020306378618547 0.10279
253 0.2281913094005625 -0.1115559335672324 0.10279
254 0.2233863328064481 -0.1208906378314169 0.10279
255 0.2181997044099507 -0.1300188024687589 0.10279
256 0.2126402854786821 -0.1389248321630967 0.10279
257 0.2067175741866294 -0.1475935111120925 0.10279
258 0.2004416893866839 -0.1560100290231758 0.10279
259 0.1938233533227508 -0.1641600064166791 0.10279
260 0.1868738733109753 -0.1720295191929384 0.10279
261 0.179605122421383 -0.1796051224213832 0.10279
262 0.1720295191929382 -0.1868738733109755 0.10279
263 0.164160006416679 -0.1938233533227508 0.10279
264 0.1560100290231755 -0.2004416893866841 0.10279
265 0.1475935111120923 -0.2067175741866295 0.10279
266 0.1389248321630965 -0.2126402854786822 0.10279
267 0.1300188024687586 -0.2181997044099509 0.10279
268 0.1208906378314167 -0.2233863328064482 0.10279
269 0.1115559335672319 -0.2281913094005627 0.10279
270 0.1020306378618544 -0.2326064249703845 0.10279
271 0.09233102452321279 -0.2366241363650249 0.10279
272 0.08247366517798968 -0.2402375793919612 0.10279
273 0.07247540095927291 -0.2434405805443961 0.10279
274 0.06235331373376302 -0.2462276675485899 0.10279
275 0.052124696917691 -0.2485940787131481 0.10279
276 0.0418070259313066 -0.2505357710642914 0.10279
277 0.03141792834241434 -0.2520494272532094 0.10279
278 0.02097515374997232 -0.2531324612236941 0.10279
279 0.01049654345919855 -0.2537830226303744 0.10279
280 -0.01049654345919857 -0.2537830226303744 0.10279
281 -0.0209751537499724 -0.2531324612236941 0.10279
282 -0.03141792834241431 -0.2520494272532094 0.10279
283 -0.04180702593130645 -0.2505357710642915 0.10279
284 -0.05212469691769113 -0.248594078713148 0.10279
285 -0.06235331373376303 -0.2462276675485899 0.10279
286 -0.07247540095927282 -0.2434405805443962 0.10279
287 -0.08247366517798965 -0.2402375793919612 0.10279
288 -0.09233102452321286 -0.2366241363650248 0.10279
289 -0.1020306378618543 -0.2326064249703846 0.10279
290 -0.1115559335672321 -0.2281913094005626 0.10279
291 -0.1208906378314168 -0.2233863328064482 0.10279
292 -0.1300188024687587 -0.2181997044099508 0.10279
293 -0.1389248321630965 -0.2126402854786822 0.10279
294 -0.1475935111120924 -0.2067175741866295 0.10279
295 -0.1560100290231757 -0.2004416893866839 0.10279
296 -0.1641600064166791 -0.1938233533227507 0.10279
297 -0.1720295191929384 -0.1868738733109753 0.10279
298 -0.1796051224213832 -0.1796051224213829 0.10279
299 -0.1868738733109756 -0.1720295191929381 0.10279
300 -0.193823353322751 -0.1641600064166788 0.10279
301 -0.2004416893866842 -0.1560100290231754 0.10279
302 -0.2067175741866297 -0.1475935111120921 0.10279
303 -0.2126402854786824 -0.1389248321630961 0.10279
304 -0.218199704409951 -0.1300188024687583 0.10279
305 -0.2233863328064484 -0.1208906378314163 0.10279
306 -0.2281913094005628 -0.1115559335672317 0.10279
307 -0.2326064249703848 -0.1020306378618537 0.10279
308 -0.236624136365025 -0.09233102452321233 0.10279
309 -0.2402375793919614 -0.082473665177989 0.10279
310 -0.2434405805443964 -0.07247540095927221 0.10279
311 -0.2462276675485901 -0.06235331373376231 0.10279
312 -0.2485940787131481 -0.05212469691769051 0.10279
313 -0.2505357710642916 -0.04180702593130577 0.10279
314 -0.2520494272532095 -0.03141792834241374 0.10279
315 -0.2531324612236942 -0.02097515374997171 0.10279
316 -0.2537830226303745 -0.01049654345919794 0.10279
317 -0.254 5.328882951224911e-16 0.10279
318 -0.2537830226303744 0.01049654345919912 0.10279
319 -0.2531324612236941 0.020975153749973 0.10279
320 -0.2520494272532094 0.03141792834241491 0.10279
321 -0.2505357710642914 0.04180702593130694 0.10279
322 -0.248594078713148 0.05212469691769155 0.10279
323 -0.2462276675485898 0.06235331373376345 0.10279
324 -0.243440580544396 0.07247540095927324 0.10279
325 -0.2402375793919611 0.08247366517799001 0.10279
326 -0.2366241363650247 0.0923310245232131 0.10279
327 -0.2326064249703844 0.1020306378618547 0.10279
328 -0.2281913094005625 0.1115559335672324 0.10279
329 -0.2233863328064481 0.120890637831417 0.10279
330 -0.2181997044099507 0.130018802468759 0.10279
331 -0.2126402854786821 0.1389248321630968 0.10279
332 -0.2067175741866293 0.1475935111120926 0.10279
333 -0.2004416893866839 0.1560100290231758 0.10279
334 -0.1938233533227506 0.1641600064166792 0.10279
335 -0.1868738733109753 0.1720295191929384 0.10279
336 -0.1796051224213829 0.1796051224213833 0.10279
337 -0.1720295191929381 0.1868738733109756 0.10279
338 -0.1641600064166788 0.193823353322751 0.10279
339 -0.1560100290231755 0.2004416893866841 0.10279
340 -0.1475935111120921 0.2067175741866297 0.10279
341 -0.1389248321630962 0.2126402854786824 0.10279
342 -0.1300188024687585 0.2181997044099509 0.10279
343 -0.1208906378314166 0.2233863328064483 0.10279
344 -0.1115559335672319 0.2281913094005627 0.10279
345 -0.1020306378618541 0.2326064249703846 0.10279
346 -0.09233102452321275 0.2366241363650249 0.10279
347 -0.08247366517798965 0.2402375793919612 0.10279
348 -0.07247540095927267 0.2434405805443962 0.10279
349 -0.06235331373376298 0.2462276675485899 0.10279
350 -0.05212469691769097 0.2485940787131481 0.10279
351 -0.04180702593130635 0.2505357710642915 0.10279
352 -0.03141792834241432 0.2520494272532094 0.10279
353 -0.02097515374997229 0.2531324612236941 0.10279
354 -0.01049654345919852 0.2537830226303744 0.10279
355 0 0.254 0.01027899999999999
356 0 0.254 0.02055799999999998
357 0 0.254 0.03083699999999998
358 0 0.254 0.04111599999999999
359 0 0.254 0.05139499999999998
360 0 0.254 0.06167399999999999
361 0 0.254 0.07195299999999999
362 0 0.254 0.082232
363 0 0.254 0.092511
364 0 -0.254 0.01027899999999999
365 0 -0.254 0.02055799999999998
366 0 -0.254 0.03083699999999998
367 0 -0.254 0.04111599999999999
368 0 -0.254 0.05139499999999998
369 0 -0.254 0.06167399999999999
370 0 -0.254 0.07195299999999999
371 0 -0.254 0.082232
372 0 -0.254 0.092511
373 0.1979694502019357 0.08548065343290767 0.10279
374 0.1909389004038715 0.09251120323097194 0.10279
375 0.1839083506058072 0.0995417530290362 0.10279
376 0.1768778008077429 0.1065723028271005 0.10279
377 0.1698472510096787 0.1136028526251647 0.10279
378 0.1628167012116144 0.120633402423229 0.10279
379 0.1557861514135501 0.1276639522212933 0.10279
380 0.1487556016154858 0.1346945020193576 0.10279
381 0.1417250518174216 0.1417250518174218 0.10279
382 0.1346945020193573 0.1487556016154861 0.10279
383 0.1276639522212931 0.1557861514135503 0.10279
384 0.1206334024232289 0.1628167012116145 0.10279
385 0.1136028526251646 0.1698472510096787 0.10279
386 0.1065723028271004 0.176877800807743 0.10279
387 0.0995417530290362 0.1839083506058072 0.10279
388 0.09251120323097196 0.1909389004038714 0.10279
389 0.08548065343290773 0.1979694502019357 0.10279
390 -0.06799008981686429 0.205 0.10279
391 -0.05753007599888516 0.205 0.10279
392 -0.04707006218090604 0.205 0.10279
393 -0.0366100483629269 0.205 0.10279
394 -0.0261500345449478 0.205 0.10279
395 -0.01569002072696869 0.205 0.10279
396 -0.005230006908989546 0.205 0.10279
397 0.005230006908989573 0.205 0.10279
398 0.01569002072696868 0.205 0.10279
399 0.02615003454494777 0.205 0.10279
400 0.03661004836292689 0.205 0.10279
401 0.04707006218090599 0.205 0.10279
402 0.05753007599888514 0.205 0.10279
403 0.06799008981686426 0.205 0.10279
404 0.06799008981686429 -0.205 0.10279
405 0.05753007599888516 -0.205 0.10279
406 0.04707006218090604 -0.205 0.10279
407 0.0366100483629269 -0.205 0.10279
408 0.0261500345449478 -0.205 0.10279
409 0.01569002072696869 -0.205 0.10279
410 0.005230006908989546 -0.205 0.10279
411 -0.005230006908989573 -0.205 0.10279
412 -0.01569002072696868 -0.205 0.10279
413 -0.02615003454494777 -0.205 0.10279
414 -0.03661004836292689 -0.205 0.10279
415 -0.04707006218090599 -0.205 0.10279
416 -0.05753007599888514 -0.205 0.10279
417 -0.06799008981686426 -0.205 0.10279
418 -0.08548065343290767 -0.1979694502019357 0.10279
419 -0.09251120323097194 -0.1909389004038715 0.10279
420 -0.0995417530290362 -0.1839083506058072 0.10279
421 -0.1065723028271005 -0.1768778008077429 0.10279
422 -0.1136028526251647 -0.1698472510096787 0.10279
423 -0.120633402423229 -0.1628167012116144 0.10279
424 -0.1276639522212933 -0.1557861514135501 0.10279
425 -0.1346945020193576 -0.1487556016154858 0.10279
426 -0.1417250518174218 -0.1417250518174216 0.10279
427 -0.1487556016154861 -0.1346945020193573 0.10279
428 -0.1557861514135503 -0.1276639522212931 0.10279
429 -0.1628167012116145 -0.1206334024232289 0.10279
430 -0.1698472510096787 -0.1136028526251646 0.10279
431 -0.176877800807743 -0.1065723028271004 0.10279
432 -0.1839083506058072 -0.0995417530290362 0.10279
433 -0.1909389004038714 -0.09251120323097196 0.10279
434 -0.1979694502019357 -0.08548065343290773 0.10279
435 0.205 0.06799008981686429 0.10279
436 0.205 0.05753007599888516 0.10279
437 0.205 0.04707006218090604 0.10279
438 0.205 0.0366100483629269 0.10279
439 0.205 0.0261500345449478 0.10279
440 0.205 0.01569002072696869 0.10279
441 0.205 0.005230006908989546 0.10279
442 0.205 -0.005230006908989573 0.10279
443 0.205 -0.01569002072696868 0.10279
444 0.205 -0.02615003454494777 0.10279
445 0.205 -0.03661004836292689 0.10279
446 0.205 -0.04707006218090599 0.10279
447 0.205 -0.05753007599888514 0.10279
448 0.205 -0.06799008981686426 0.10279
449 0.1979694502019357 -0.08548065343290767 0.10279
450 0.1909389004038715 -0.09251120323097194 0.10279
451 0.1839083506058072 -0.0995417530290362 0.10279
452 0.1768778008077429 -0.1065723028271005 0.10279
453 0.1698472510096787 -0.1136028526251647 0.10279
454 0.1628167012116144 -0.120633402423229 0.10279
455 0.1557861514135501 -0.1276639522212933 0.10279
456 0.1487556016154858 -0.1346945020193576 0.10279
457 0.1417250518174216 -0.1417250518174218 0.10279
458 0.1346945020193573 -0.1487556016154861 0.10279
459 0.1276639522212931 -0.1557861514135503 0.10279
460 0.1206334024232289 -0.1628167012116145 0.10279
461 0.1136028526251646 -0.1698472510096787 0.10279
462 0.1065723028271004 -0.176877800807743 0.10279
463 0.0995417530290362 -0.1839083506058072 0.10279
464 0.09251120323097196 -0.1909389004038714 0.10279
465 0.08548065343290773 -0.1979694502019357 0.10279
466 -0.1979694502019357 0.08548065343290767 0.10279
467 -0.1909389004038715 0.09251120323097194 0.10279
468 -0.1839083506058072 0.0995417530290362 0.10279
469 -0.1768778008077429 0.1065723028271005 0.10279
470 -0.1698472510096787 0.1136028526251647 0.10279
471 -0.1628167012116144 0.120633402423229 0.10279
472 -0.1557861514135501 0.1276639522212933 0.10279
473 -0.1487556016154858 0.1346945020193576 0.10279
474 -0.1417250518174216 0.1417250518174218 0.10279
475 -0.1346945020193573 0.1487556016154861 0.10279
476 -0.1276639522212931 0.1557861514135503 0.10279
477 -0.1206334024232289 0.1628167012116145 0.10279
478 -0.1136028526251646 0.1698472510096787 0.10279
479 -0.1065723028271004 0.176877800807743 0.10279
480 -0.0995417530290362 0.1839083506058072 0.10279
481 -0.09251120323097196 0.1909389004038714 0.10279
482 -0.08548065343290773 0.1979694502019357 0.10279
483 -0.205 -0.06799008981686429 0.10279
484 -0.205 -0.05753007599888516 0.10279
485 -0.205 -0.04707006218090604 0.10279
486 -0.205 -0.0366100483629269 0.10279
487 -0.205 -0.0261500345449478 0.10279
488 -0.205 -0.01569002072696869 0.10279
489 -0.205 -0.005230006908989546 0.10279
490 -0.205 0.005230006908989573 0.10279
491 -0.205 0.01569002072696868 0.10279
492 -0.205 0.02615003454494777 0.10279
493 -0.205 0.03661004836292689 0.10279
494 -0.205 0.04707006218090599 0.10279
495 -0.205 0.05753007599888514 0.10279
496 -0.205 0.06799008981686426 0.10279
497 0.1453858223313768 -8.673617379884035e-19 0.10279
498 0.1378858223313768 -0.0075 0.10279
499 0.1303858223313767 8.673617379884035e-19 0.10279
500 0.1378858223313768 0.0075 0.10279
501 -0.1303858223313767 -8.673617379884035e-19 0.10279
502 -0.1378858223313768 -0.0075 0.10279
503 -0.1453858223313768 8.673617379884035e-19 0.10279
504 -0.1378858223313768 0.0075 0.10279
505 0.0075 -0.1378858223313768 0.10279
506 -8.673617379884035e-19 -0.1453858223313768 0.10279
507 -0.0075 -0.1378858223313768 0.10279
508 8.673617379884035e-19 -0.1303858223313767 0.10279
509 0.0075 0.1378858223313768 0.10279
510 -8.673617379884035e-19 0.1303858223313767 0.10279
511 -0.0075 0.1378858223313768 0.10279
512 8.673617379884035e-19 0.1453858223313768 0.10279
513 -0.04630041931454273 0.2409668849389695 0
514 0.04528430652207475 -0.2406295597066212 0
515 0.2415913772975984 0.04462621082109402 0
516 -0.2417017205634383 -0.0472753629224263 0
517 -0.2021716336455739 0.1381299531993961 0
518 0.202016378678757 -0.1382876571379041 0
519 0.1374400814597389 0.202708132799885 0
520 -0.138945109987926 -0.2032394903883154 0
521 0.1296867057674856 -0.2078615375822084 0
522 -0.04587378326496756 -0.2397890197625021 0
523 -0.240988295684874 0.04619704377880027 0
524 0.2386600428925361 -0.05369156522598725 0
525 0.05571849548875802 0.2391121356718155 0
526 -0.1295566821517042 0.2070677020631218 0
527 0.2026888961270145 0.1387738188512077 0
528 -0.2079099846613111 -0.129709539690342 0
529 0.1695223978829929 -0.1766788330213548 0
530 0.2258549116040749 0.09240274193123116 0
531 0.2447873436312326 -0.005523021393457686 0
532 -0.1702296430340728 0.1759466672445605 0
533 -0.2258651208684325 0.09424803432793373 0
534 0.006088037115412211 0.2448764833269838 0
535 -0.1768777210194877 -0.1701436204653392 0
536 -0.09257999686332502 -0.2248564359190041 0
537 0.004887978604521343 -0.2452589989420493 0
538 0.08427301139414664 -0.2298941342712979 0
539 0.09304059310075692 0.2279592259886883 0
540 0.2229882274136796 -0.1030679999920974 0
541 0.1693073495962647 0.1765265565230643 0
542 -0.2298439749832654 -0.08474906958143026 0
543 -0.08318743825669168 0.2309302037873897 0
544 -0.2435608909886551 0.004181578940084613 0
545 0.1122723858890371 -0.2179510801397108 0
546 0.1138808379252307 0.2177765224834309 0
547 0.02395475219529156 0.2427508275018314 0
548 0.2331899500414162 0.07439117899513584 0
549 0.2177047300739069 0.1120620539042312 0
550 0.2298941342712978 -0.08427301139414696 0
551 -0.01517244589967861 -0.2443829992188671 0
552 0.07556388202601182 0.2324585739830794 0
553 -0.2445194046608299 -0.02446021640731868 0
554 -0.2317499676234232 0.07426039087869613 0
555 -0.2177224213018382 0.1121844912228773 0
556 -0.2362878107970228 -0.06427771855232343 0
557 0.1543533705577786 0.1900744338916746 0
558 0.146647386079975 -0.1967553776301586 0
559 0.2433139869275486 -0.02556283699253829 0
560 -0.2221497191260579 -0.1029696834704327 0
561 0.1839141480456927 0.1620685648868145 0
562 0.245136183701887 0.01503519524283864 0
563 -0.111919390474393 0.2191600736016775 0
564 -0.1636604158743067 -0.1838838788723611 0
565 -0.1120620539042317 -0.2177047300739066 0
566 -0.06492842994564886 0.2359903785585996 0
567 -0.1459162054769751 0.196457814848013 0
568 -0.01398233643243524 0.2449534294498165 0
569 -0.1837363751649115 0.1615465267068263 0
570 -0.1965636953341013 -0.1458678526840933 0
571 0.1831849582008468 -0.1623446634712014 0
572 -0.0758566426101112 -0.2326371271787805 0
573 0.06461470637313699 -0.2365269031663318 0
574 0.2133663152297801 -0.1200187097822874 0
575 0.02518392892517899 -0.2431530464259638 0
576 -0.2441066478836655 0.02584583863404659 0
577 0.09402245528907557 -0.2263407516310389 0
578 0.08612603445350421 -0.2196537691917119 0
579 0.0762453586535887 -0.2231624171619508 0
580 0.07813168701133356 -0.2128437649336929 0
581 0.06821054949206069 -0.2162751056114301 0
582 0.07012668312528997 -0.2060254481467577 0
583 0.08002007579379948 -0.2025130685255877 0
584 0.07202025089029457 -0.195710443954508 0
585 0.06213174550052519 -0.1992375752513602 0
586 0.06402190321367257 -0.1889128032612669 0
587 0.07391022351075718 -0.1853849949243781 0
588 0.06591115753150933 -0.1785855112961543 0
589 0.05602277395782917 -0.1821131664671068 0
590 0.05791199596054309 -0.1717857849902775 0
591 0.06780040273671922 -0.168258189893108 0
592 0.05980121868502614 -0.1614584029304869 0
593 0.04991281164927037 -0.1649859980606092 0
594 0.0518020253477768 -0.1546585922333031 0
595 0.06169043033574483 -0.1511309935117172 0
596 0.05369123737266351 -0.144331183503358 0
597 0.04380283271355565 -0.1478587828006952 0
598 0.04569204449513463 -0.1375313736525601 0
599 0.05558044914984864 -0.134003774317358 0
600 0.04758125620787603 -0.1272039643479282 0
601 0.0376928488439369 -0.1307315648536997 0
602 0.03958206325758809 -0.1204041543631909 0
603 0.04947046792442863 -0.1168765550503121 0
604 0.04147127497235059 -0.1100767450622795 0
605 0.03158286312462481 -0.1136043463153122 0
606 0.03347208202004155 -0.1032769350738217 0
607 0.043360486687219 -0.09974933576156292 0
608 0.03536129373486024 -0.09294952577301359 0
609 0.02547287986409138 -0.0964771277476467 0
610 0.02736210078249506 -0.08614971578445244 0
611 0.03725050544968189 -0.08262211647221089 0
612 0.02925131249731531 -0.0758223064836472 0
613 0.01936289660354923 -0.07934990917996443 0
614 0.02125211954494856 -0.06902249649508319 0
615 0.03114052421213565 -0.06549489718284211 0
616 0.02314133125976884 -0.05869508719427802 0
617 0.01325291334300648 -0.0622226906122811 0
618 0.01514213830740205 -0.05189527720571391 0
619 0.02503054297458917 -0.04836767789347286 0
620 0.01703135002222236 -0.04156786790490875 0
621 0.00714293306757096 -0.04509547125980124 0
622 0.009032157069855558 -0.03476805791634465 0
623 0.01892056173704266 -0.03124045860410358 0
624 0.01092136878467585 -0.02444064861553949 0
625 0.001032955801012349 -0.02796824574099929 0
626 0.002922169475486213 -0.0176408366877701 0
627 0.01281057944002565 -0.01411323899153344 0
628 0.004811386311080428 -0.007313428949102523 0
629 -0.005077017120057789 -0.01084102863841128 0
630 -0.003187805611245664 -0.0005136192747614991 0
631 0.006700599021606744 0.003013980047953669 0
632 -0.001298593764809078 0.009813789985892942 0
633 -0.01118699840433767 0.006286190665214403 0
634 0.00858981092431407 0.01334138929144222 0
635 -0.009297786662971602 0.01661359995792154 0
636 -0.01918618975149614 0.01308600248941163 0
637 -0.01729697933876966 0.02341341024966858 0
638 -0.02718538239023345 0.01988581283444503 0
639 -0.02529617219277015 0.0302132203481747 0
640 -0.03518457684356283 0.02668562105425724 0
641 -0.03329536537890303 0.03701303006027046 0
642 -0.04318377008505111 0.03348543070195126 0
643 -0.04507298180636483 0.0231580213934664 0
644 -0.02340696075340936 0.0405406293233796 0
645 -0.03140615375168612 0.04734043925767694 0
646 -0.0215177490990996 0.05086803855268494 0
647 -0.05307217483425881 0.02995783129297311 0
648 -0.05496138713305562 0.0196304236792729 0
649 -0.02951694206155153 0.05766784852933237 0
650 -0.01962853739847871 0.0611954478367152 0
651 -0.06296057959877532 0.02643023226191615 0
652 -0.06484979192638154 0.01610282468023707 0
653 -0.02762773035321216 0.06799525782248347 0
654 -0.0177393256871052 0.07152285713344889 0
655 -0.07284898430320713 0.02290263304873992 0
656 -0.0747381960242348 0.01257522376444555 0
657 -0.02573851864004659 0.07832266712133441 0
658 -0.01585011397313526 0.08185026643324979 0
659 -0.0827373888817127 0.01937503348575122 0
660 -0.08462660058175267 0.009047624143154768 0
661 -0.08084817715107767 0.02970244274201334 0
662 -0.02384930692564389 0.08865007642164648 0
663 -0.01396090225852637 0.09217767573380543 0
664 -0.005961709306171046 0.08537786574522768 0
665 -0.004072497591403919 0.09570527504597025 0
666 0.00392669536096811 0.08890546505741223 0
667 0.005815907075780318 0.09923287435820798 0
668 0.01381510002814673 0.09243306436964335 0
669 -0.09073658180084868 0.02617484338055714 0
670 -0.08884737008048996 0.03650225266573596 0
671 0.01570431174296494 0.1027604736704462 0
672 0.023703504695332 0.0959606636818823 0
673 -0.02196009521092849 0.09897748572232783 0
674 -0.09873577474385131 0.03297465334268797 0
675 -0.09684656302747036 0.04330206263908759 0
676 0.0255927164101519 0.1062880729826871 0
677 0.03359190936251879 0.09948826299412303 0
678 0.01759352345778497 0.1130878829712511 0
679 0.03548112107733892 0.1098156722949282 0
680 0.04348031402970585 0.1030158623063641 0
681 -0.1067349676937597 0.03977446332431107 0
682 -0.1048457559785298 0.05010187262395943 0
683 0.04536952574452602 0.1133432716071693 0
684 0.05336871869689295 0.1065434616186052 0
685 0.05147950698207276 0.09621605231779998 0
686 0.06136791164925987 0.09974365163004117 0
687 0.05947869993443968 0.08941624232923592 0
688 0.0693671046016268 0.09294384164147713 0
689 0.06747789288680664 0.08261643234067188 0
690 0.07736629755399375 0.08614403165291307 0
691 0.07547708583917359 0.07581662235210783 0
692 0.08536549050636069 0.079344221664349 0
693 0.0834762787915405 0.06901681236354375 0
694 0.09336468345872762 0.07254441167578492 0
695 0.09147547174390744 0.0622170023749797 0
696 0.1013638764110945 0.06574460168722089 0
697 0.09947466469627431 0.05541719238641555 0
698 0.1093630693634614 0.05894479169865682 0
699 0.1074738576486412 0.04861738239785147 0
700 0.1173622623158284 0.05214498171009273 0
701 0.1154730506010082 0.04181757240928755 0
702 -0.1147341606454989 0.04657427331110292 0
703 -0.1166233723602828 0.03624686401019519 0
704 -0.1128449489305742 0.05690168261161275 0
705 0.07925550926881392 0.09647144095371821 0
706 0.1253614552681953 0.04534517172152874 0
707 0.1234722435533752 0.03501776242072351 0
708 0.113583838886188 0.03149016310848218 0
709 0.121583031838555 0.02469035311991827 0
710 -0.07662740762692241 0.00224781414762548 0
711 -0.08651581226546054 -0.001279785245360651 0
712 -0.07851661931786851 -0.008079595220467237 0
713 -0.08840502398107666 -0.01160719454392291 0
714 -0.08040583102884237 -0.01840700453211319 0
715 -0.09029423569517588 -0.0219346038467602 0
716 -0.08229504299224558 -0.0287344131361137 0
717 -0.09218344745151905 -0.03226201303117084 0
718 -0.08418425839553212 -0.03906182163549278 0
719 -0.09407265978800414 -0.04258942217900593 0
720 -0.08607347057936338 -0.04938923147618212 0
721 -0.1020718521945853 -0.03578961239565383 0
722 -0.09596187168460371 -0.05291683154429679 0
723 -0.08796267876253339 -0.05971664154360853 0
724 -0.09785108284111212 -0.06324424098361983 0
725 -0.08985188979569332 -0.07004405099527024 0
726 -0.09974029434927036 -0.07357165033265407 0
727 -0.09174110136245985 -0.08037146032925639 0
728 0.1112522810782818 0.06927220099946192 0
729 0.1314714365057421 0.02821795243215955 0
730 0.129582224790922 0.01789054313135432 0
731 0.1196938201237349 0.01436294381911305 0
732 0.1276930130761019 0.00756313383054907 0
733 -0.1016295060049713 -0.0838990596470276 0
734 -0.09363031304275127 -0.09069886963785311 0
735 -0.1096286989532256 -0.07709924965938518 0
736 -0.124622565312539 0.04304667399844677 0
737 -0.1265117770273348 0.03271926469757244 0
738 0.1178046084089149 0.004035534518307823 0
739 0.1258038013612818 -0.002764275470256151 0
740 0.1356922060284692 0.000763323841985042 0
741 0.1338029943136489 -0.009564085458820117 0
742 0.1239145896464617 -0.01309168477106139 0
743 0.1319137825988287 -0.01989149475962534 0
744 0.1220253779316417 -0.02341909407186664 0
745 0.1300245708840086 -0.03021890406043058 0
746 -0.08374190837392194 -0.08717127032598894 0
747 -0.08563112007928893 -0.0974986796289305 0
748 -0.03184849987812142 0.09544988641007977 0
749 -0.02995928816331972 0.1057772957108632 0
750 -0.03984769283051082 0.1022496963986172 0
751 -0.03795848111569447 0.1125771056994179 0
752 -0.04784688578288281 0.1090495063871752 0
753 -0.04595767406806352 0.1193769156879794 0
754 -0.05584607873525092 0.1158493163757378 0
755 -0.053956867020431 0.1261767256765428 0
756 -0.06384527168761812 0.1226491263643015 0
757 -0.04406846235324409 0.1297043249887838 0
758 0.05525793041171317 0.1168708709194104 0
759 0.04725873745934623 0.1236706809079745 0
760 0.05714714212653339 0.1271982802202157 0
761 0.04914794917416643 0.1339980902087798 0
762 -0.09551952474832527 -0.1010262789407527 0
763 -0.08752033179441737 -0.1078260889296659 0
764 -0.07763192712697337 -0.1042984896174829 0
765 -0.0795211388418022 -0.1146258989182862 0
766 -0.1345109699796791 0.0395190746860729 0
767 -0.1364001816944915 0.0291916653852456 0
768 0.1399129755511961 -0.02669130474818912 0
769 0.138023763836376 -0.03701871404899441 0
770 0.1281353591691886 -0.04054631336123583 0
771 0.1361345521215557 -0.04734612334979969 0
772 0.1262461474543686 -0.05087372266204106 0
773 0.1342453404067357 -0.05767353265060495 0
774 -0.06963273417457368 -0.1110982996060545 0
775 -0.07152194588938846 -0.1214257089068609 0
776 -0.06195605997279811 0.1329765356651066 0
777 -0.07184446463998512 0.1294489363528654 0
778 -0.08940954350899073 -0.1181534982305271 0
779 -0.1443993746468533 0.03599147537379537 0
780 -0.1462885863616714 0.02566406607298407 0
781 -0.1425101629320322 0.04631888467459819 0
782 0.05903635384135358 0.1375256895210209 0
783 0.05103716088898665 0.144325499509585 0
784 0.08958626002908721 0.05188959307417437 0
785 0.1243569357395485 -0.06120113196284637 0
786 0.1323561286919157 -0.0680009419514102 0
787 -0.0616335432358683 -0.1178981092262564 0
788 -0.06352275327262399 -0.128225518834033 0
789 0.1460229567887438 -0.04381852403755828 0
790 -0.06995525292516505 0.1397763456536706 0
791 -0.07984365759235208 0.1362487463414293 0
792 0.1224677240247273 -0.07152854126365185 0
793 0.1304669169770949 -0.07832835125221559 0
794 0.1163577427871813 -0.05440132197428234 0
795 -0.05974433069600593 -0.1075707000763778 0
796 -0.05363435148262578 -0.1246979208722078 0
797 -0.0555235599846416 -0.135025328883992 0
798 -0.06541196470776459 -0.1385529281860007 0
799 -0.05741277170878443 -0.1453527381830918 0
800 -0.04752436703382846 -0.1418251388722718 0
801 -0.04941357874890766 -0.1521525481730296 0
802 -0.152398567599217 0.04279128536235063 0
803 -0.1505093558843962 0.05311869466315438 0
804 -0.07807428323689489 -0.05618904363777064 0
805 0.1403553216442827 -0.07480075193997401 0
806 0.1384661099294627 -0.08512816124077931 0
807 0.1285777052622743 -0.08865576055302081 0
808 0.06092556555617375 0.1478530988218261 0
809 0.05292637260380686 0.1546529088103902 0
810 -0.03952517408046886 -0.1486249488610174 0
811 -0.04141438579512365 -0.1589523581618529 0
812 0.1365768982146426 -0.09545557054158454 0
813 0.1266884935474548 -0.09898316985382588 0
814 -0.06730117637752528 -0.1488803374950487 0
815 0.06892475850854067 0.1410532888332621 0
816 0.06558868117198641 0.07228902303986652 0
817 0.04303796793661973 0.151125309498149 0
818 0.0449271796514399 0.1614527187989542 0
819 0.03503877498425281 0.157925119486713 0
820 -0.07795444587753199 0.1465761556422346 0
821 -0.06806604121034496 0.1501037549544758 0
822 -0.08784285054471906 0.1430485563299933 0
823 -0.08973206225953917 0.1327211470291882 0
824 -0.09773125521190613 0.1395209570177522 0
825 -0.09962046692672624 0.1291935477169469 0
826 -0.1076196598790932 0.1359933577055109 0
827 -0.1095088715939133 0.1256659484047057 0
828 0.07081397022336089 0.1513806981340673 0
829 0.07881316317572779 0.1445808881455032 0
830 0.1346876864998226 -0.1057829798423898 0
831 0.1247992818326356 -0.1093105791546311 0
832 -0.03152598112770032 -0.155424758849655 0
833 -0.03341519284245348 -0.1657521681504726 0
834 -0.1603977605515829 0.04959109535091197 0
835 -0.1585085488367625 0.0599185046517167 0
836 0.03692798669907289 0.1682525287875182 0
837 0.02703958203188587 0.164724929475277 0
838 0.1483545145966498 -0.08160056192853789 0
839 -0.1175080645462802 0.1324657583932697 0
840 -0.1193972762611003 0.1221383490924645 0
841 0.116800088880268 -0.1025107691660673 0
842 0.01192588831332644 0.082105655068838 0
843 -0.07240664228066118 -0.02520682340966733 0
844 -0.0296367698953617 -0.1450973509114527 0
845 -0.02352678817521594 -0.1622245688382405 0
846 -0.02541599989001633 -0.1725519781390495 0
847 -0.04330359750962944 -0.1692797674627161 0
848 -0.04973609749770315 0.09872209708636991 0
849 0.1327984747850029 -0.116110389143195 0
850 0.1229100701178159 -0.1196379884554363 0
851 0.08070237489054803 0.1549082974463084 0
852 0.08870156784291491 0.1481084874577444 0
853 -0.07606523416271189 0.1569035649430398 0
854 -0.06617682949552484 0.1604311642552811 0
855 0.0289287937467059 0.1750523387760822 0
856 0.0190403890795189 0.171524739463841 0
857 -0.1015096786415463 0.1188661384161418 0
858 0.04681639136625998 0.1717801280997595 0
859 -0.1273964692134673 0.1289381590810284 0
860 -0.1683969535039495 0.05639090533947531 0
861 -0.1702861652187697 0.04606349603867008 0
862 -0.1665077417891291 0.06671831464028034 0
863 -0.01552759522281773 -0.1690243788268102 0
864 -0.01741680693763255 -0.1793517881276163 0
865 -0.1382893934093042 0.01886425608441904 0
866 -0.1481777980764895 0.01533665677217282 0
867 -0.1029565442633696 0.06042928192380468 0
868 0.14268687945219 -0.1125827898309537 0
869 -0.105730448164273 0.146320767006316 0
870 0.1309092630701829 -0.1264377984440001 0
871 0.1210208584029958 -0.1299653977562415 0
872 0.020929600794339 0.1818521487646461 0
873 0.01104119612715193 0.1783245494524049 0
874 0.009151984412331832 0.1679971401515997 0
875 0.001152791459964864 0.1747969501401637 0
876 0.09059077955773516 0.1584358967585495 0
877 0.098589972510102 0.1516360867699854 0
878 -0.07417602244789176 0.167230974243845 0
879 -0.06428761778070471 0.1707585735560863 0
880 -0.156619337121942 0.07024591395252143 0
881 -0.1646185300743089 0.0770457239410854 0
882 0.003042003174785014 0.1851243594409689 0
883 -0.007528402270442791 -0.1758241888153756 0
884 -0.0068464014924021 0.1815967601287277 0
885 -0.1401786051241228 0.008536846783609255 0
886 -0.1500670097913095 0.005009247471367298 0
887 0.1290200513553629 -0.1367652077448054 0
888 0.1191316466881759 -0.1402928070570467 0
889 -0.009417613985261577 -0.1861515981161811 0
890 -0.1782853581711364 0.05286330602723397 0
891 -0.1801745698859566 0.04253589672642884 0
892 -0.01930601865244828 -0.1896791974284228 0
893 -0.1420678168389427 -0.001790562517196741 0
894 -0.1519562215061298 -0.00531816182943804 0
895 -0.1599554144584966 0.001481648159126087 0
896 -0.1618446261733169 -0.008845761141679093 0
897 -0.1698438191256836 -0.002045951153114962 0
898 -0.1717330308405041 -0.01237336045392011 0
899 -0.1637338378881373 -0.01917317044248429 0
900 -0.1736222425553244 -0.02270076975472531 0
901 -0.1656230496029576 -0.02950057974328946 0
902 -0.1755114542701447 -0.03302817905553049 0
903 -0.1675122613177779 -0.03982798904409465 0
904 -0.177400665984965 -0.0433555883563357 0
905 -0.1694014730325982 -0.05015539834489984 0
906 -0.1797322237928708 -0.005573550465355944 0
907 -0.1792898776997853 -0.05368299765714089 0
908 -0.1712906847474185 -0.06048280764570503 0
909 -0.1595130683654111 -0.04662779903265882 0
910 -0.1853998589373317 -0.03655577836777142 0
911 0.09670076079528178 0.1413086774691802 0
912 0.1065891654624689 0.1448362767814213 0
913 0.1046999537476486 0.1345088674806161 0
914 0.1145883584148358 0.1380364667928572 0
915 0.1126991467000156 0.127709057492052 0
916 0.1225875513672027 0.1312366568042933 0
917 0.1206983396523826 0.1209092475034879 0
918 0.1305867443195697 0.1244368468157292 0
919 0.1286975326047496 0.1141094375149239 0
920 0.1385859372719367 0.1176370368271652 0
921 0.1366967255571166 0.1073096275263599 0
922 0.1465851302243038 0.1108372268386013 0
923 0.1446959185094837 0.100509817537796 0
924 0.1545843231766708 0.1040374168500373 0
925 0.1526951114618507 0.09371000754923201 0
926 0.1625835161290378 0.09723760686147336 0
927 0.1606943044142178 0.08691019756066805 0
928 0.124476763082023 0.1415640661050983 0
929 0.1705827090814048 0.09043779687290929 0
930 0.1686934973665848 0.08011038757210408 0
931 -0.1811790894146054 -0.06401040695794598 0
932 -0.1731798964622388 -0.07081021694651024 0
933 0.0004707906819261575 -0.1826239988039399 0
934 0.1111324537358081 -0.1334929970684827 0
935 -0.0007364202548552612 0.1644695408393585 0
936 -0.005639190698477074 -0.1654967812403836 0
937 -0.1109557372156557 0.06722909191214042 0
938 -0.1010673325484764 0.07075669122440363 0
939 0.1004791842249222 0.1619634960707906 0
940 0.09247999127255545 0.1687633060593548 0
941 -0.1547301254071218 0.08057332325332649 0
942 -0.1627293183594887 0.08737313324189054 0
943 -0.1726177230266757 0.0838455339296494 0
944 -0.1707285113118556 0.09417294323045458 0
945 0.1564735348914907 0.1143648261508425 0
946 -0.01162934444679758 0.0543956378473414 0
947 -0.0562884248283378 0.1639587635675223 0
948 -0.05439921311351768 0.1742861728683275 0
949 -0.03751613502079369 0.06446765850977647 0
950 -0.07228681073307161 0.1775583835446503 0
951 -0.08217521540025866 0.1740307842324091 0
952 -0.004957189777581974 0.1919241694295329 0
953 -0.1881737628383235 0.04933570671499281 0
954 -0.1900629745531437 0.03900829741418759 0
955 -0.001418421032893567 -0.1929514081047452 0
956 0.1271308396405428 -0.1470926170456106 0
957 0.1172424349733559 -0.1506202163578519 0
958 0.1785819020337718 0.08363798688434536 0
959 0.1766926903189519 0.07331057758354016 0
960 0.1370192443077299 -0.1435650177333693 0
961 0.008469983634293641 -0.1894238087925038 0
962 0.1668042856517646 0.06978297827129888 0
963 0.174803478604132 0.06298316828273487 0
964 0.1846918832713188 0.0665107675949763 0
965 0.1828026715564989 0.05618335829417097 0
966 0.1729142668893119 0.05265575898192962 0
967 0.1809134598416787 0.04585594899336572 0
968 0.1908018645088659 0.04938354830560698 0
969 0.188912652794046 0.03905613900480173 0
970 0.1790242481268586 0.03552853969256043 0
971 0.1870234410792259 0.02872872970399649 0
972 0.177135036412039 0.02520113039175512 0
973 0.1851342293644061 0.01840132040319125 0
974 0.195022634031593 0.02192891971543261 0
975 0.1931334223167731 0.01160151041462737 0
976 0.183245017649586 0.00807391110238603 0
977 0.191244210601953 0.001274101113822121 0
978 0.181355805934766 -0.002253498198419182 0
979 0.189354998887133 -0.009053308186983126 0
980 -0.1830683011294252 -0.07433781625875105 0
981 -0.175069108177059 -0.08113762624731542 0
982 -0.1651807035098719 -0.07761002693507438 0
983 -0.1670699152246922 -0.08793743623587956 0
984 -0.1571815105575051 -0.08440983692363851 0
985 -0.1590707222723254 -0.09473724622444375 0
986 -0.1689591269395125 -0.0982648455366848 0
987 -0.1609599339871457 -0.1050646555252489 0
988 -0.1510715293199585 -0.1015370562130079 0
989 -0.1529607410347789 -0.1118644655138131 0
990 -0.1430723363675917 -0.1083368662015721 0
991 -0.1449615480824121 -0.1186642755023773 0
992 -0.1548499527495993 -0.1221918748146184 0
993 -0.1468507597972324 -0.1289916848031826 0
994 -0.1369623551300453 -0.1254640854909415 0
995 -0.1388515668448655 -0.1357914947917468 0
996 0.006580771919473793 -0.1997512180933091 0
997 0.1023683959397426 0.1722909053715958 0
998 0.09436920298737575 0.17909071536016 0
999 -0.08028600368543855 0.1843581935332142 0
1000 -0.09017440835262561 0.180830594220973 0
1001 0.19924340355432 -0.005525708874741826 0
1002 0.1973541918395 -0.01585311817554709 0
1003 0.187465787172313 -0.0193807174877884 0
1004 0.1954649801246799 -0.02618052747635232 0
1005 0.01646917658666078 -0.1962236187810677 0
1006 0.185576575457493 -0.02970812678859362 0
1007 0.1935757684098599 -0.03650793677715757 0
1008 0.1836873637426729 -0.04003553608939882 0
1009 0.1916865566950398 -0.04683534607796282 0
1010 0.1817981520278528 -0.05036294539020404 0
1011 0.1897973449802196 -0.05716275537876803 0
1012 -0.08695815836002319 0.04682966195059444 0
1013 -0.1289631621776784 -0.1322638954795056 0
1014 -0.1308523738924986 -0.1425913047803109 0
1015 -0.002183285876587936 0.1060326843467704 0
1016 -0.1209639692253115 -0.1390637054680697 0
1017 -0.1228531809401317 -0.149391114768875 0
1018 -0.1129647762729446 -0.1458635154566338 0
1019 -0.1148539879877648 -0.1561909247574391 0
1020 0.1098054154565479 0.01083534450687181 0
1021 -0.1439570285537629 -0.01211797181800217 0
1022 -0.1891782823669715 -0.057210596969382 0
1023 -0.1255072574986472 0.1392655683818336 0
1024 -0.1353956621658342 0.1357379690695923 0
1025 -0.1335064504510142 0.1460653783703976 0
1026 0.03081800546152605 0.1853797480768874 0
1027 0.1140261849792747 -0.01661928408330268 0
1028 0.02281881250915921 0.1921795580654514 0
1029 0.03270721717634629 0.1957071573776925 0
1030 -0.0686282193787259 -0.00455200545954948 0
1031 0.01658900388033692 0.006541579301762826 0
1032 0.01847821563956401 0.01686898858902131 0
1033 0.02647740858745834 0.01006917860182159 0
1034 0.02836662031001664 0.02039658790026621 0
1035 0.03636581326184541 0.01359677791186625 0
1036 0.03825502497833116 0.02392418721216336 0
1037 0.04625421793042041 0.01712437722368394 0
1038 0.04436500621555386 0.006796967922892859 0
1039 0.05425341088296459 0.0103245672350657 0
1040 0.05236419916817386 -2.842065748505029e-06 0
1041 0.03025583202577636 0.03072399720078479 0
1042 0.06225260383540316 0.003524757246479675 0
1043 0.06036339212059957 -0.006802652054330599 0
1044 0.04814342964547196 0.02745178652441857 0
1045 0.07025179678779178 -0.003275052742091094 0
1046 0.06836258507297741 -0.01360246204289808 0
1047 0.0721410085026129 0.007052356558713834 0
1048 0.1508058997470305 0.08338259824842667 0
1049 -0.09829342864761328 -0.01513479385799794 0
1050 0.1724719207962249 0.1007652061737145 0
1051 -0.02807007644850803 0.1161047050116583 0
1052 0.04959029526725257 0.08588864301699474 0
1053 0.05847418040578899 -0.01713006135513874 0
1054 0.06647337335815744 -0.02392987134370335 0
1055 -0.02107541136301095 0.002758595913914276 0
1056 -0.09451500522301316 0.005520024757821889 0
1057 -0.04640002016115073 0.1674863628797635 0
1058 -0.04451080844633055 0.1778137721805687 0
1059 0.007262772697511697 0.1576697308507945 0
1060 -0.002625631969675381 0.1541421315385533 0
1061 0.09525389517354794 0.08287182097659004 0
1062 -0.07039759901825152 0.1878857928454555 0
1063 -0.06573448340243837 0.1123217170634964 0
1064 -0.1058502756953776 -0.05644443101635076 0
1065 -0.1090665255008312 0.07755650121293327 0
1066 -0.09917812083364339 0.0810841005251724 0
1067 -0.09117892788127635 0.07428429053660804 0
1068 -0.1528409136923017 0.09090073255413146 0
1069 0.1404751489867569 0.1279644461279704 0
1070 0.01035919563720667 -0.17909640057021 0
1071 -0.1433948551182012 0.1425377790581563 0
1072 -0.1452840668330212 0.132210369757351 0
1073 -0.1247423926549519 -0.1597185240696803 0
1074 -0.1167431997025849 -0.1665183340582443 0
1075 -0.1068547950353978 -0.1629907347460031 0
1076 -0.1087440067502179 -0.1733181440468083 0
1077 -0.09885560208303081 -0.1697905447345671 0
1078 -0.00330763274771366 -0.2032788174055513 0
1079 -0.1007448137978509 -0.1801179540353723 0
1080 -0.09085640913066381 -0.1765903547231311 0
1081 0.1252416279257228 -0.1574200263464159 0
1082 0.1153532232585358 -0.1609476256586572 0
1083 0.1073540303061689 -0.1541478156700933 0
1084 -0.1806169159790426 0.09064534391821345 0
1085 -0.1787277042642224 0.1009727532190187 0
1086 -0.1708483386543329 -0.10859225483749 0
1087 -0.1788475316066997 -0.101792444848926 0
1088 -0.1407407785596856 -0.146118904092552 0
1089 -0.1980621675055106 0.04580810740275154 0
1090 -0.1999513792203307 0.03548069810194632 0
1091 -0.1961729557906904 0.05613551670355677 0
1092 0.02470802422397941 0.2025069673662567 0
1093 0.198801057461233 0.04258373831704301 0
1094 0.203464173077047 -0.03298033746491637 0
1095 -0.1567391644644197 -0.1325192841154235 0
1096 0.2030218269839601 0.01512910972686876 0
1097 -0.09274562084548396 -0.1869177640239363 0
1098 -0.08285721617829683 -0.1833901647116952 0
1099 -0.1532832597853882 0.1390101797459154 0
1100 0.200690269176053 0.05291114761784829 0
1101 -0.1415056434033811 0.1528651883589615 0
1102 -0.1316172387361939 0.1563927876712026 0
1103 0.1996857496474067 -0.05363515606652685 0
1104 0.1977965379325866 -0.06396256536733207 0
1105 0.1879081332653995 -0.06749016467957324 0
1106 0.1959073262177664 -0.07428997466813729 0
1107 0.1860189215505793 -0.07781757398037845 0
1108 0.2072425965066871 -0.01232551886330577 0
1109 0.1054648185913489 -0.1644752249708985 0
1110 0.1134640115437159 -0.1712750349594624 0
1111 0.1775773825051259 -0.02290831680002968 0
1112 0.1436913989808369 -0.006036486146578969 0
1113 0.1394706294581091 0.02141814244359553 0
1114 0.07636177802534481 -0.0204022720314624 0
1115 0.07447256631052467 -0.03072968133226761 0
1116 0.06458416164333752 -0.03425728064450863 0
1117 0.07258335459570442 -0.04105709063307281 0
1118 0.08247175926289153 -0.03752949132083176 0
1119 0.08058254754807118 -0.04785690062163693 0
1120 0.07069414288088412 -0.05138449993387798 0
1121 0.07869333583325086 -0.0581843099224421 0
1122 0.1413598411729292 0.03174555174440075 0
1123 0.08448079832018857 0.1755631160479188 0
1124 0.08637001003500884 0.1858905253487241 0
1125 -0.127073950462858 -0.1219364861787003 0
1126 -0.1115179106575072 -0.08742665896260537 0
1127 -0.1195171036074322 -0.08062684897459739 0
1128 0.01047902268211529 0.02366879857913565 0
1129 0.06880493116606382 -0.06171190923468315 0
1130 0.0768041241184306 -0.06851171922324728 0
1131 0.07692395146090752 0.134253478844698 0
1132 0.03314956326943264 0.1475977101859078 0
1133 -0.1321794121717557 0.001737036795044306 0
1134 0.1108099349851954 0.1173816481912467 0
1135 0.1268083208899295 0.1037820282141186 0
1136 0.03459642889116644 0.2060345666784979 0
1137 0.04259562184353338 0.1992347566899338 0
1138 0.1042576076545629 0.1826183146724011 0
1139 0.1122568006069298 0.1758185046838368 0
1140 0.01457996487184083 -0.2065510280818729 0
1141 0.0244683695390278 -0.2030234287696316 0
1142 0.1940181145029463 -0.08461738396894246 0
1143 0.1841297098357591 -0.08814498328118364 0
1144 -0.08474642789311702 -0.1937175740125004 0
1145 -0.07485802322592991 -0.1901899747002594 0
1146 -0.08828519663780555 0.1911580035217782 0
1147 -0.09817360130499257 0.187630404209537 0
1148 -0.2060613604578775 0.05260791739131556 0
1149 -0.2041721487430574 0.0629353266921208 0
1150 -0.01062482492204238 0.1609419415271174 0
1151 -0.01251403663686245 0.1506145322263121 0
1152 -0.004514843684495501 0.1438147222377481 0
1153 0.1272506669830153 0.05567258102233391 0
1154 -0.1679546074108632 0.008281458147690149 0
1155 -0.146730932454755 0.07377351326476235 0
1156 -0.08928971616645401 0.0846116998374071 0
1157 -0.08129052321408672 0.07781188984884199 0
1158 -0.1292856809282872 0.1186107497802231 0
1159 -0.1212864879759203 0.1118109397916593 0
1160 -0.1688392995970354 0.1045003525312598 0
1161 -0.1768384925494022 0.1113001625198239 0
1162 -0.126631604369772 -0.1700459333704855 0
1163 0.1921289027881261 -0.09494479326974768 0
1164 0.182240498120939 -0.09847239258198889 0
1165 0.1035756068765289 -0.1748026342717037 0
1166 0.0263575816350276 -0.1926960202709028 0
1167 0.09746562563898187 -0.1576754149823346 0
1168 0.08669252878561789 -0.06498411991100585 0
1169 0.08480331707079743 -0.0753115292118114 0
1170 0.0749149124036103 -0.07883912852405243 0
1171 0.08291410535597707 -0.08563893851261657 0
1172 0.09280251002316417 -0.08211133920037557 0
1173 0.09091329830834384 -0.09243874850118074 0
1174 0.08102489364115671 -0.09596634781342171 0
1175 0.08902408659352351 -0.1027661578019859 0
1176 0.173356612982399 0.004546311790144788 0
1177 0.08014020145498352 0.000252546570148561 0
1178 0.1780197285982123 -0.07101776399181468 0
1179 0.08202941316980455 0.01057995587095352 0
1180 -0.0969663903682107 -0.1594631354337618 0
1181 0.0764816053678217 0.182362926036483 0
1182 0.07837081708264199 0.1926903353372882 0
1183 0.1121369732644546 -0.02694669338410793 0
1184 -0.07530036933015113 -0.1420805275064373 0
1185 -0.05118296310576852 0.04028524060990125 0
1186 0.060805738213697 -0.05491209924611902 0
1187 -0.07296881151110965 -0.1798625653994541 0
1188 -0.06496961855874273 -0.1866623753880183 0
1189 -0.0668588302735631 -0.1969897846888235 0
1190 -0.05697042560637589 -0.1934621853765825 0
1191 -0.05885963732119635 -0.2037895946773877 0
1192 -0.04897123265400917 -0.2002619953651469 0
1193 -0.1185125840749639 0.02591945470899702 0
1194 0.07403022021743785 0.01737976585951759 0
1195 0.08391862488462615 0.02090736517175832 0
1196 0.07591943193225908 0.02770717516032248 0
1197 0.1502437263114698 -0.07127315262773264 0
1198 0.04247579450099166 -0.003530441377991062 0
1199 -0.1000628130198126 0.1773029949087317 0
1200 -0.1080620059721796 0.1841028048972956 0
1201 -0.04696219359671216 0.01283061200360387 0
1202 0.07913568192633637 -0.1062937571142268 0
1203 0.0871348748787031 -0.113093567102791 0
1204 -0.1552922988426848 -0.07408242762283335 0
1205 -0.01484559444476903 0.1883965701172916 0
1206 -0.01295638272994886 0.1987239794180969 0
1207 -0.003067978062761751 0.2022515787303381 0
1208 -0.01106717101512863 0.2090513887189021 0
1209 -0.02095557568231572 0.2055237894066609 0
1210 -0.001329856571390948 0.2124012477924277 0
1211 -0.1919521862679637 0.02868088811338223 0
1212 -0.2018405909351508 0.02515328880114109 0
1213 -0.2098397838875178 0.03195309878970515 0
1214 -0.211728995602338 0.02162568948889996 0
1215 -0.2037298026499709 0.01482587950033589 0
1216 -0.2136182073171581 0.01129828018809471 0
1217 -0.205619014364791 0.004498470199530689 0
1218 -0.2155074190319781 0.0009708708872893858 0
1219 -0.2075082260796111 -0.005828939101274517 0
1220 -0.1396164316885609 0.1631925976597667 0
1221 -0.1106332184650381 -0.1836455533476136 0
1222 -0.1886161089314095 0.0974451539067776 0
1223 -0.1807367433215201 -0.1121198541497312 0
1224 -0.1887359362738869 -0.1053200441611671 0
1225 0.111574799828896 -0.1816024442602675 0
1226 0.1214632044960829 -0.1780748449480262 0
1227 0.2076849425997737 -0.06043496605509086 0
1228 0.08825922174982906 0.1962179346495294 0
1229 0.2086894621284201 0.04611133762928437 0
1230 0.04448483355835346 0.2095621659907392 0
1231 0.02720317906853582 0.212723530391305 0
1232 -0.2173966307467981 -0.009356538413515903 0
1233 -0.2093974377944312 -0.01615634840207973 0
1234 0.08026002879746218 0.2030177446380934 0
1235 0.0225791578242075 -0.2133508380704374 0
1236 0.03246756249139475 -0.2098232387581955 0
1237 -0.05086044436882966 -0.210589404665952 0
1238 -0.04097203970164247 -0.2070618053537111 0
1239 -0.01906636396749548 0.2158511987074661 0
1240 -0.02895476863468264 0.212323599395225 0
1241 0.1902396910733059 -0.1052722025705529 0
1242 0.1803512864061188 -0.108799801882794 0
1243 0.1723520934537519 -0.10199999189423 0
1244 0.1704628817389318 -0.1123274011950352 0
1245 0.1784620746912986 -0.1191272111835992 0
1246 0.1685736700241116 -0.1226548104958404 0
1247 0.1765728629764785 -0.1294546204844044 0
1248 0.1666844583092913 -0.1329822197966456 0
1249 0.01269075315701957 -0.2168784373826806 0
1250 0.1141460123217501 0.1861459139846418 0
1251 0.1221452052741169 0.1793461039960776 0
1252 0.2105786738432399 0.05643874693008966 0
1253 -0.1495048363557481 0.1596649983475256 0
1254 -0.06874804198838344 -0.2073171939896287 0
1255 0.101686394976503 -0.185130043899096 0
1256 0.1737989590754858 -0.04356313540163997 0
1257 0.09047095221525919 -0.04432930130939563 0
1258 0.1493590341252962 0.0249457417558368 0
1259 0.1041377803120876 -0.02014688339554404 0
1260 0.1512482458401163 0.03527315105664205 0
1261 -0.03651161549396361 0.1710139621920047 0
1262 -0.03840082720878377 0.1606865528911993 0
1263 0.05248402651072051 0.2027623560021751 0
1264 0.05437323822554071 0.2130897653029804 0
1265 -0.1110755645581243 -0.1355361061558286 0
1266 -0.1214063153200891 -0.0909542582758978 0
1267 -0.1099512176869996 0.1737753955964904 0
1268 -0.1179504106393666 0.1805752055850542 0
1269 -0.1905053206462298 0.08711774460597235 0
1270 0.05891652649887671 -0.06523950854692419 0
1271 -0.1721753769335899 0.03573608673786473 0
1272 -0.1472931058903179 -0.08088223761139751 0
1273 -0.1454038941754975 -0.07055482831059234 0
1274 0.07113648897396962 -0.09949394712566273 0
1275 -0.1208441418828535 0.06370149259992949 0
1276 -0.03084398034950281 0.2019961900944199 0
1277 -0.03884317330186988 0.2087960000829839 0
1278 0.07724647021151597 -0.116621166415032 0
1279 0.08524566316388335 -0.1234209764035966 0
1280 -0.01440324835168256 0.1402871229255069 0
1281 -0.006404055399315598 0.1334873129369429 0
1282 0.003484349267871447 0.1370149122491841 0
1283 -0.07940131149926613 0.08813929914964599 0
1284 -0.07140211854689908 0.08133948916108161 0
1285 -0.07329133026171922 0.07101207986027636 0
1286 -0.06340292559453201 0.07453967917251714 0
1287 -0.0652921373093522 0.06421226987171198 0
1288 0.1202559935592965 0.1690186946952725 0
1289 0.1301443982264838 0.1725462940075135 0
1290 -0.087400504451633 0.09493910913820981 0
1291 -0.1311748926431074 0.1082833404794179 0
1292 -0.1071773137860074 0.08788391051372808 0
1293 -0.1170657184531947 0.08435631120148776 0
1294 -0.1669500878822151 0.1148277618320649 0
1295 -0.174949280834582 0.1216275718206291 0
1296 -0.184837685501769 0.1180999725083881 0
1297 -0.1985045135985966 0.09391755459453663 0
1298 -0.219285842461618 -0.01968394771432116 0
1299 -0.2112866495092511 -0.026483757702885 0
1300 -0.1476156246409279 0.1699924076483308 0
1301 -0.09463483256030414 -0.1972451733247416 0
1302 -0.02706555691986236 0.2226510086960302 0
1303 0.1096855880832085 -0.1919298536155039 0
1304 0.2039065191701333 -0.08108978465670134 0
1305 -0.09628438959017258 0.1979578135103422 0
1306 -0.08639598492298557 0.2014854128225834 0
1307 -0.2142838041940834 0.05944856705069015 0
1308 -0.2122085501593976 0.06974194329248648 0
1309 0.03067517616704482 -0.220574018155462 0
1310 0.04057971839931023 -0.217116980525963 0
1311 -0.221175054176438 -0.03001135701512646 0
1312 -0.2131758612240709 -0.03681116700369025 0
1313 -0.2197281885547049 0.02842549947746411 0
1314 -0.04286125141646295 -0.2173892146545162 0
1315 -0.03297284674927569 -0.2138616153422753 0
1316 -0.05274965608365011 -0.2209168139667572 0
1317 -0.1829484737869489 0.1284273818091932 0
1318 0.1746836512616582 -0.1397820297852096 0
1319 0.1647952465944711 -0.1433096290974508 0
1320 -0.2272850354139852 -0.01288413772575728 0
1321 0.04637404527317355 0.2198895752915444 0
1322 -0.03486194230073224 -0.2241888879902675 0
1323 -0.02497363443634846 -0.2206614025553708 0
1324 0.2185778667956071 0.04963893694152589 0
1325 0.2166886550807873 0.03931152764072061 0
1326 -0.1906251479887073 -0.1156474534619722 0
1327 -0.1826259550363405 -0.1224472634505365 0
1328 -0.1986243409410741 -0.1088476434734079 0
1329 -0.1967351292262528 -0.09852023417260274 0
1330 -0.09435264051903702 0.2082774413754041 0
1331 0.200128095740493 -0.1017446032583116 0
1332 0.09979717483114361 -0.195457463116162 0
1333 0.04237479592926133 -0.2063779621948793 0
1334 0.09368720201173414 -0.1783302341610912 0
1335 0.09702327954589179 -0.10956596779055 0
1336 0.100801702975531 -0.08891114918893973 0
1337 0.1026909146903512 -0.07858373988813454 0
1338 -0.02308443885532825 -0.2103340122341231 0
1339 -0.01508524536516851 -0.2171338215900358 0
1340 0.09002860612217214 0.003780145882389153 0
1341 0.1582429192638371 -0.07807296261629665 0
1342 0.1601321309786575 -0.06774555331549177 0
1343 0.1563537075490169 -0.08840037191710173 0
1344 -0.04708202093918866 -0.1899345860643417 0
1345 -0.02240244130404954 0.1470869329140709 0
1346 0.1061468193693833 0.1929457239732063 0
1347 0.1160352240365706 0.1964733232854469 0
1348 -0.07718958103750459 -0.1524079368086085 0
1349 0.08580783659944637 0.03123477447256353 0
1350 0.07780864364707957 0.03803458446112769 0
1351 0.1567960536421042 -0.1365098191088867 0
1352 0.2095741543145938 -0.05010755675428568 0
1353 0.1624636887865648 -0.1055275912064713 0
1354 0.06848241241545472 0.1891627360250471 0
1355 0.1714674012675789 -0.005781097510660448 0
1356 0.1634682083152119 0.001018712477903461 0
1357 0.1615789966003919 -0.00930869682290179 0
1358 0.06659320070063435 0.1788353267242418 0
1359 0.03170269764769855 0.0891608536933178 0
1360 0.2091318082215071 -0.001998109562500492 0
1361 0.2171310011738742 -0.008797919551064303 0
1362 0.2190202128886948 0.00152948974974104 0
1363 -0.1391740855954743 0.1150831504679818 0
1364 -0.06308040684392242 -0.1763349660872131 0
1365 -0.1557346449357705 -0.02597298043104842 0
1366 0.1060269920269075 -0.009819474094738847 0
1367 -0.1019520247346327 0.1669755856079264 0
1368 0.09380702955181325 0.02443496448399938 0
1369 0.06514633507890022 0.1203984702316516 0
1370 0.0509173335465099 -0.05843969855836006 0
1371 0.154906841927284 -0.1468372284096919 0
1372 0.1629060348796509 -0.153637038398256 0
1373 0.1530176302124639 -0.1571646377104972 0
1374 0.08813939440735222 -0.006547263418416095 0
1375 -0.1134071223673616 -0.09775406826454443 0
1376 -0.1232955270337212 -0.1012816675769745 0
1377 -0.1152963340811562 -0.1080814775655839 0
1378 0.0528065452613302 -0.0481122892575549 0
1379 -0.1346307973221389 -0.1632461233819215 0
1380 -0.1365200090369593 -0.1735735326827267 0
1381 -0.1445192019893263 -0.1667737226941624 0
1382 -0.1285208160845921 -0.1803733426712908 0
1383 -0.1176278918922049 -0.07029943967388494 0
1384 0.09481154908046144 0.130981268168375 0
1385 0.2152417894590542 -0.01912532885186964 0
1386 -0.08518877398867025 -0.1456081268202642 0
1387 -0.007408574888598217 0.02694100930515159 0
1388 -0.01673480615958925 0.1780691608164865 0
1389 -0.1942837440758702 0.06646292600436189 0
1390 -0.1377272199737407 0.1735200069605718 0
1391 0.1474698224104762 0.01461833245503157 0
1392 0.157358227077664 0.01814593176727268 0
1393 0.03925954450697926 0.1304704908965385 0
1394 0.09935483735380192 -0.1473480056815294 0
1395 0.08946643268661467 -0.150875604993771 0
1396 0.08757722097114475 -0.1612030142966126 0
1397 -0.1006249864580341 0.02264724404008174 0
1398 0.02458819687189262 -0.0002582306987562009 0
1399 0.05059481479590029 0.1924349467013698 0
1400 0.06792023897989241 0.03450698514888657 0
1401 0.06980945069471274 0.04483439444969184 0
1402 -0.2178389768398847 0.03875290877826926 0
1403 0.1432490528877493 0.04207296104520603 0
1404 0.1531374575549364 0.04560056035744731 0
1405 0.05992104602752555 0.0413067951374507 0
1406 0.06181025774234582 0.05163420443825589 0
1407 0.05192185307515869 0.04810660512601481 0
1408 0.05381106478997896 0.05843401442682 0
1409 0.04392266012279183 0.05490641511457891 0
1410 0.04581187183761211 0.06523382441538413 0
1411 0.03592346717042497 0.06170622510314304 0
1412 0.03403425545560471 0.05137881580233784 0
1413 0.02603506250323787 0.05817862579090194 0
1414 0.02414585078841759 0.04785121649009676 0
1415 0.01614665783605075 0.05465102647866085 0
1416 0.02792427421805808 0.06850603509170715 0
1417 0.01425744612123048 0.04432361717785568 0
1418 -0.1411831246527714 -0.09800945690076686 0
1419 -0.05251000139869736 0.1846135821691326 0
1420 0.1451382646025694 0.05240037034601128 0
1421 -0.1406209512172091 0.0566462939753952 0
1422 -0.08663563960793719 -0.2040449833133057 0
1423 -0.1966153018837763 0.1042449638953419 0
1424 -0.1561769910288565 0.02213646676073745 0
1425 0.001595137553051299 0.1266875029483789 0
1426 0.2025794808908729 0.06323855691865357 0
1427 0.2124678855580597 0.06676615623089502 0
1428 0.2044686926056926 0.07356596621945886 0
1429 0.07535725849669736 -0.1269485757158378 0
1430 0.01148354222023835 0.1302151022606201 0
1431 0.01337275393505849 0.1405425115614253 0
1432 -0.03462240377914329 0.1813413714928097 0
1433 -0.195730609697604 0.008026069511771903 0
1434 -0.06951290683207884 0.09166689846188646 0
1435 -0.02429165301886959 0.1367595236132656 0
1436 -0.1118404294018196 0.1634479862956851 0
1437 -0.008293267114135874 0.1231599036361378 0
1438 0.1282551865116634 0.1622188847067083 0
1439 0.1381435911788506 0.1657464840189493 0
1440 0.1362543794640302 0.1554190747181441 0
1441 0.1461427841312174 0.1589466740303851 0
1442 0.1480319958460379 0.1692740833311903 0
1443 0.1560311887984046 0.1624742733426259 0
1444 0.154141977083584 0.1521468640418206 0
1445 -0.1589508949298483 0.1080279518435008 0
1446 -0.03229084597123656 0.1435593336018295 0
1447 -0.1995090331272445 -0.01262874908983848 0
1448 -0.1730600691197619 0.1319549811214344 0
1449 -0.1810592620721289 0.1387547911099985 0
1450 -0.1711708574049419 0.1422823904222395 0
1451 -0.1159704892959249 0.190648341813544 0
1452 -0.1259344853202967 0.1873326367282321 0
1453 -0.2235066119843452 0.007770680875853492 0
1454 0.1639870967764525 0.1556823815529222 0
1455 0.1621339558735642 0.1453483737530663 0
1456 0.2175733472669607 -0.05690736674284971 0
1457 0.2189080347702292 -0.04647851732225235 0
1458 0.2156841355521406 -0.06723477604365491 0
1459 0.2251301941262414 -0.0155977295396281 0
1460 0.2232409824114214 -0.02592513884043343 0
1461 0.09018102672163072 0.2064539800266218 0
1462 0.08200691437699972 0.2136768526722205 0
1463 0.172029574703138 0.1488746533654971 0
1464 0.1701391606279195 0.1385474640146604 0
1465 0.1800508057700972 0.1420125420691943 0
1466 0.1781430285663831 0.1317370871831663 0
1467 0.1602505555673328 0.135019901360748 0
1468 0.1319987283410469 0.1828326691248025 0
1469 0.186361094027666 -0.1259086962308977 0
1470 0.2143570972728795 0.07709356553170048 0
1471 0.2063579043205123 0.08389337552026417 0
1472 -0.138178749239295 -0.1836298188048714 0
1473 -0.08442145422300118 0.2115922360775638 0
1474 -0.07649336042493782 0.2049762477938539 0
1475 -0.07452354931252914 0.2150782405646296 0
1476 -0.06660100241205986 0.2084907872450707 0
1477 -0.01709528192732604 0.2259491128656462 0
1478 -0.2228177795264591 -0.04038385651371106 0
1479 -0.2150239918780908 -0.04714609133745868 0
1480 -0.2051698214282376 -0.0436122294977477 0
1481 -0.2070578920024794 -0.05393984754946889 0
1482 -0.2169191239722 -0.05743573984263326 0
1483 -0.2089479002570842 -0.06426099817615515 0
1484 -0.2185523981837048 -0.06741267439110038 0
1485 -0.2107945884779821 -0.07452895190588384 0
1486 -0.09619031799996167 -0.20717999211599 0
1487 -0.104362342434661 -0.2005834984521093 0
1488 -0.06461088640267522 0.2185350165827656 0
1489 0.1979233104445519 -0.1120142841115483 0
1490 0.05037713024314009 -0.2131914924980233 0
1491 0.04846594839612923 -0.2234228587353227 0
1492 0.07957802801942251 -0.1544032043072465 0
1493 0.110690107642718 -0.08538354987669851 0
1494 0.08146723973424652 -0.1440757950054133 0
1495 0.1691358434596711 0.03200094038031919 0
1496 0.1022485685972673 -0.03047429269634926 0
1497 0.09424937564489969 -0.0236744827077854 0
1498 0.1662421122162039 -0.08487277260486029 0
1499 -0.05670789581347972 0.2120044060314569 0
1500 -0.05471765503981145 0.2220484819250133 0
1501 0.1719097473606654 -0.05389054470244535 0
1502 0.1639105544082987 -0.0470907347138811 0
1503 0.165799766123119 -0.03676332541307591 0
1504 0.09569624126663359 0.03476237378480469 0
1505 0.07223711482254816 0.2098728377488777 0
1506 0.1550266692697566 0.05592796965825254 0
1507 0.1470274763173896 0.06272777964681646 0
1508 -0.02851242254159661 0.1642141522034404 0
1509 0.0716986624095331 0.05516180375049719 0
1510 -0.1030763716057572 -0.1423359161443927 0
1511 -0.1011871598909369 -0.1320085068435875 0
1512 -0.200393725313417 0.08359014529373134 0
1513 0.07270318193818115 0.1617081074348725 0
1514 -0.1091863528433038 -0.1252086968550234 0
1515 -0.08329956227364979 -0.1352807175194955 0
1516 0.2049110386987801 0.02545651902767398 0
1517 0.2129102316511476 0.0186567090391101 0
1518 -0.0554037326421651 0.06773986918395307 0
1519 -0.05351452092734493 0.07806727848475821 0
1520 -0.05729294435698532 0.05741245988314787 0
1521 -0.06718134902417242 0.05388486057090671 0
1522 -0.05861748942168573 0.2017338997985258 0
1523 0.0148196195567922 0.1989793680540154 0
1524 0.1102477615496346 -0.03727410268491316 0
1525 -0.04073238501668991 0.1984685907821788 0
1526 -0.1374047012231307 -0.07735463829915648 0
1527 -0.1355154895083104 -0.06702722899835128 0
1528 -0.1435146824606772 -0.06022741900978715 0
1529 -0.1336262777934902 -0.05669981969754607 0
1530 -0.141625470745857 -0.04990000970898197 0
1531 -0.1317370660786699 -0.04637241039674082 0
1532 -0.1397362590310368 -0.03957260040817677 0
1533 -0.1298478543638498 -0.03604500109593562 0
1534 -0.1218486614114828 -0.04284481108449965 0
1535 -0.1199594496966626 -0.03251740178369442 0
1536 -0.1279586426490295 -0.02571759179513042 0
1537 -0.1180702379818425 -0.02218999248288921 0
1538 0.04902812183168959 -0.06876710785916522 0
1539 0.05702731478405642 -0.07556691784772934 0
1540 0.0429181405941431 -0.05163988856979593 0
1541 0.0448073523089634 -0.04131247926899077 0
1542 0.1521329380262901 -0.06094574332692747 0
1543 -0.06919038808389323 -0.1592077467974002 0
1544 -0.07907879274967178 -0.162735346109899 0
1545 0.006258253168863636 0.05112342716641979 0
1546 0.008147464883683897 0.06145083646722502 0
1547 0.004369041454043414 0.04079601786561456 0
1548 0.02137194688742542 0.1337427015728613 0
1549 -0.1647383574167865 -0.1257194741268594 0
1550 -0.1666275691316069 -0.1360468834276646 0
1551 -0.1586283761792399 -0.1428466934162288 0
1552 -0.1685167808464272 -0.1463742927284698 0
1553 -0.1605175878940601 -0.153174102717034 0
1554 -0.1765077575251148 -0.1395759857577522 0
1555 -0.1784100953114047 -0.1498576049183011 0
1556 -0.1260694309342092 -0.0153901824943252 0
1557 -0.1161810262670224 -0.01186258318208402 0
1558 0.06735806554432917 -0.1201487657272731 0
1559 -0.1849575128442454 -0.08466522555955648 0
1560 0.1183667818444763 0.1586912853944674 0
1561 0.1964694996533254 0.08036577620802279 0
1562 0.1983587113681451 0.09069318550882784 0
1563 0.2080393705039998 0.09397639614066326 0
1564 0.2002132988277427 0.1009798633628988 0
1565 -0.1151765067383739 0.09468372050229117 0
1566 -0.1052881020711867 0.0982113198145322 0
1567 -0.125064911405561 0.09115612119004983 0
1568 -0.1269541231203811 0.08082871188924481 0
1569 -0.1349533160727479 0.08762852187780831 0
1570 -0.1410632973102944 0.1047557411671768 0
1571 0.1903537477065744 0.09748620692293579 0
1572 0.1922419976365267 0.1078124847946651 0
1573 -0.1570616832150281 0.1183553611443058 0
1574 -0.2009464143519036 -0.07105409718134587 0
1575 -0.2028352439079213 -0.08138038798492195 0
1576 -0.2125012174247441 -0.08464621118952582 0
1577 -0.02695263791851917 -0.2307366365933689 0
1578 -0.2083850701684303 0.09038647904742163 0
1579 0.0956425853970243 -0.2160655132372088 0
1580 -0.1926329435503605 0.1246210820771625 0
1581 -0.02532454672128351 0.2328814357370193 0
1582 0.2017634298835473 0.1111612612980881 0
1583 0.1940745356106994 0.1181153702963546 0
1584 0.1842378473900994 0.11461348748573 0
1585 -0.2277273815070718 0.03522530946602825 0
1586 -0.2258381697922515 0.04555271876683342 0
1587 0.2038998058870121 0.1204834772745557 0
1588 0.22525720688433 -0.06401930735247685 0
1589 -0.1039331271427631 0.2041545971664986 0
1590 -0.1920280704776597 -0.1260385972823423 0
1591 -0.1570094730880836 0.1663743382697539 0
1592 -0.1593108149862632 0.1561223206908955 0
1593 -0.1549077827852465 0.1767095781319451 0
1594 -0.1672324091447136 0.1646615295631367 0
1595 0.05641139963784639 0.2229964405487522 0
1596 0.1071636442094921 -0.202214286444242 0
1597 -0.03491674958993845 0.2289505487524777 0
1598 -0.2062420028639546 -0.1019967272589459 0
1599 -0.2085370222433632 -0.1114914451072152 0
1600 0.1076836464164264 0.202858593315432 0
1601 0.1608752739996478 -0.1635676635686254 0
1602 0.1511048269701133 -0.1674259163228964 0
1603 0.1431252936240217 -0.1606812152413375 0
1604 0.1412354265889924 -0.1710067875785758 0
1605 0.1491613495509242 -0.1776012104890579 0
1606 0.1392217181751666 -0.1810957407714342 0
1607 0.1165860503378295 -0.1986856419596023 0
1608 -0.09351688885485729 0.217866958166077 0
1609 -0.2310634588436249 -0.03353895632736797 0
1610 -0.2293921179152964 0.02485683649024364 0
1611 -0.1297211330790183 -0.1904612750239174 0
1612 0.18747142459218 0.1353655112853564 0
1613 0.1888855019862226 0.1452852161786723 0
1614 0.2081853235596294 -0.1088178910350761 0
1615 0.2097817648667747 -0.09818546750948608 0
1616 0.2260153064625079 0.04294188950035721 0
1617 0.2245942224855768 0.03252884474338941 0
1618 0.2280521549535147 0.05314845753556437 0
1619 -0.2228066617707195 0.06655653884378065 0
1620 -0.2205573009485193 0.07684277073678387 0
1621 -0.2343484918225311 0.06258614568972794 0
1622 -0.179982338131158 0.1507061462224004 0
1623 -0.1880128561109879 0.145463909361199 0
1624 0.1179244357513912 0.2068007325862522 0
1625 -0.08852485132275739 -0.2143723926141109 0
1626 0.07386279189039556 0.2209787843401751 0
1627 -0.07239860212765893 0.2262083375206198 0
1628 0.1721205639572896 -0.1603368767147375 0
1629 -0.03463626032856672 0.2402489282839266 0
1630 0.1259236287037578 0.2000009225976877 0
1631 0.15804304587206 0.1727816835861101 0
1632 0.2246585072232595 -0.07509671709853573 0
1633 0.2223562902252468 0.07029375554313683 0
1634 0.150586870675539 0.1795127073090843 0
1635 -0.1229936683023971 0.1976786087079426 0
1636 -0.1342565186877562 0.1944966970387677 0
1637 -0.1198717899330747 0.2057924968358771 0
1638 0.2345762527003415 0.03603931696439851 0
1639 0.2326870409855219 0.02571190766359325 0
1640 0.04907402016408255 0.2312238016565008 0
1641 0.03850997951682138 0.2268571881241337 0
1642 0.03989554255789631 0.2353545493813249 0
1643 0.03092035096879107 0.2336077346901541 0
1644 0.2241467774624885 0.08079503879041905 0
1645 0.2303393614256494 0.06314907850670705 0
1646 0.233301574586347 -0.02208056914222825 0
1647 0.2312401753637886 -0.03272494882899719 0
1648 0.2351512365640008 -0.01087041622228268 0
1649 0.2422124999848575 -0.03668576027261481 0
1650 0.2346621846452742 -0.04408975129386614 0
1651 0.09749804370323369 -0.2057373775936027 0
1652 -0.2241817367323944 0.05573180099162811 0
1653 0.05831465119853716 -0.219789135308147 0
1654 0.0879875196896986 -0.2093191733448947 0
1655 0.08190934427466173 -0.1921848496026914 0
1656 0.05413339567994408 -0.1924401073411911 0
1657 0.04613435614625608 -0.185640726655982 0
1658 0.04802359506976298 -0.1753133978527597 0
1659 0.04002440673903081 -0.1685136003121571 0
1660 0.0381351904306941 -0.1788409939628792 0
1661 0.03013600197798974 -0.1720411996510399 0
1662 0.03202521420866637 -0.1617137925916787 0
1663 0.02213680962348338 -0.1652413936841976 0
1664 0.02402601829194527 -0.1549139856845961 0
1665 0.01413761486227158 -0.1584415867916982 0
1666 0.01602682379748841 -0.1481141774965319 0
1667 0.006138420251396173 -0.1516417788142329 0
1668 0.00802762924092024 -0.1413143694036213 0
1669 -0.001860774239717159 -0.1448419706388261 0
1670 2.843469412239998e-05 -0.1345145612930181 0
1671 0.009916838452181692 -0.1309869597342629 0
1672 0.001917643901744967 -0.1241871516257603 0
1673 -0.007970759930734438 -0.127714753272355 0
1674 -0.006081550666602252 -0.117387343538299 0
1675 -0.01596995450206642 -0.1209149451884015 0
1676 -0.01408074522901371 -0.110587535443796 0
1677 -0.004192341395508883 -0.1070599337960152 0
1678 -0.01219153595488374 -0.1002601256979167 0
1679 -0.02207993978885256 -0.1037877273462463 0
1680 -0.02019073051388431 -0.09346031759937484 0
1681 -0.0103023266800601 -0.08993271595121649 0
1682 -0.01830152123881336 -0.08313290785238182 0
1683 -0.0281899250726786 -0.08666050950058872 0
1684 -0.02630071579753627 -0.0763330997535112 0
1685 -0.03618911768304508 -0.0798606999888485 0
1686 -0.03429991003151615 -0.06953329141914222 0
1687 -0.02441150646826513 -0.06600568996717805 0
1688 -0.03241070101794382 -0.0592058818617379 0
1689 -0.04418831104052061 -0.07306089097572992 0
1690 -0.02252229723725822 -0.05567828025209917 0
1691 -0.03052149179374165 -0.04887847215159295 0
1692 -0.04040989562722858 -0.05240607379952127 0
1693 -0.03852068636050134 -0.04207866405853865 0
1694 -0.02863228252977819 -0.0385510624126145 0
1695 -0.03663147708861394 -0.03175125431381404 0
1696 -0.04840909019570098 -0.04560626570770896 0
1697 -0.02674307325561034 -0.0282236526662362 0
1698 -0.0347422680831805 -0.02142384488369745 0
1699 -0.01452310267784983 -0.06247808835048431 0
1700 -0.03807832578458834 -0.09018810553834801 0
1701 -0.04463067169283382 -0.02495144626815539 0
1702 -0.04274146269427719 -0.0146240368463974 0
1703 -0.01874387020245463 -0.03502345410473973 0
1704 0.01180604772434476 -0.1206595499908702 0
1705 -0.02485386391830446 -0.01789624166585561 0
1706 -0.01263389111004133 -0.05215067590308097 0
1707 -0.008413117404972005 -0.07960530620420318 0
1708 -0.0004139228462769856 -0.08640511430310682 0
1709 -0.05029829947108338 -0.055933675454968 0
1710 -0.0582974914087641 -0.04913386570385022 0
1711 -0.06018669678560411 -0.05946126846646287 0
1712 -0.05640828047603324 -0.03880645803789238 0
1713 -0.05262986620686128 -0.01815163811663071 0
1714 -0.05074065693170285 -0.007824228369534071 0
1715 -0.04085225006868661 -0.004296621926336667 0
1716 -0.00463469846900717 -0.05895048625740171 0
1717 0.001475286428864448 -0.07607770455603041 0
1718 0.01980524333481514 -0.1274593582844313 0
1719 0.02591523004101288 -0.144586575696107 0
1720 -0.01785916323536319 -0.1312423542980785 0
1721 -0.02585835770141006 -0.1244425460901898 0
1722 -0.06629667415042677 -0.04233404755294517 0
1723 -0.002745480710814732 -0.04862307226998017 0
1724 -0.04885143462919812 0.002503186074449804 0
1725 0.009474482951252434 -0.082877512350467 0
1726 0.007585272039686699 -0.09320492235128142 0
1727 0.005253713475263076 -0.05542288292411045 0
1728 -0.0008562584898270275 -0.03829565635118806 0
1729 -0.008855456329365756 -0.03149584492024737 0
1730 0.02169445302047587 -0.1171319483140492 0
1731 0.01369525724084027 -0.1103321402418378 0
1732 0.01747368308536224 -0.08967731965245686 0
1733 0.01136369909594038 -0.07255010133379364 0
1734 0.02969365245719666 -0.1239317565797626 0
1735 0.02358366692352875 -0.1068045380322661 0
1736 0.06024358700440167 -0.2095678513517547 0
1737 0.07579956783232707 -0.1750579278988931 0
1738 0.08379872271089946 -0.1818576791723936 0
1739 0.08983502461263715 -0.1989782628378685 0
1740 0.07768880869410992 -0.1647305939363256 0
1741 -0.01074467413576246 -0.04182326234357832 0
1742 -0.01685466389655632 -0.02469604291248653 0
1743 -0.01496544997782954 -0.01436863307667748 0
1744 -0.02296464788336771 -0.007568825328069901 0
1745 0.06968962335241523 -0.1579308036190579 0
1746 0.07157883505639981 -0.1476033942981602 0
1747 0.06357964208767444 -0.140803584279219 0
1748 0.1125793193575386 -0.07505614057589344 0
1749 0.1045801264051723 -0.06825633058732895 0
1750 0.1088008959278978 -0.09571095917750386 0
1751 0.1205785123099063 -0.08185595056445702 0
1752 0.1003593568824471 -0.04080170199715431 0
1753 0.1559113614559317 -0.04029092472531701 0
1754 0.1578005731707515 -0.0299635154245118 0
1755 -0.01319603711158501 -0.2068064163609775 0
1756 -0.005196843784556248 -0.2136062259087944 0
1757 -0.007086055436933877 -0.2239336351361425 0
1758 0.002802348726231881 -0.2204060364168249 0
1759 0.001054666367340693 -0.2301501497468905 0
1760 -0.008987806728173991 -0.2351643794318012 0
1761 0.01084802636298865 -0.2269145179436368 0
1762 0.02071383116126471 -0.2237002542640127 0
1763 0.02868913906175672 -0.230478057359807 0
1764 0.01826659264932933 -0.2340118165895577 0
1765 0.03504897231707158 -0.2400859832766933 0
1766 0.03915849607176226 -0.2294906786263266 0
1767 -0.0211952297789218 -0.2000066060371074 0
1768 0.1535798036480247 -0.002508886834337803 0
1769 0.1516905919332045 -0.01283629613514293 0
1770 0.1672466317448514 0.02167353107951392 0
1771 0.1611366505073035 0.03880075036888331 0
1772 0.1144685310723604 -0.06472873127508781 0
1773 0.1064693381199938 -0.05792892128652318 0
1774 0.09658093345280588 -0.06145652059876421 0
1775 0.1569158809845772 0.06625537895905757 0
1776 0.147912168503564 -0.03349111473675295 0
1777 -0.04681790304178076 0.2155273195943899 0
1778 -0.04473105939416223 0.2252864633928103 0
1779 -0.05295139297435816 0.2322816887794988 0
1780 0.1036954342190007 0.02796256379624079 0
1781 0.2227830320604052 0.02218716286655704 0
1782 0.2303912408941635 0.01545887631196116 0
1783 0.06423463839363114 0.2166954261952047 0
1784 0.06615085460754824 0.2269447739160266 0
1785 0.08370897141260125 0.2241276701224461 0
1786 0.2207048257831241 -0.0361342013348149 0
1787 -0.03040163425641665 0.153886742902635 0
1788 -0.0402900389236038 0.150359143590394 0
1789 0.09802779907454004 -0.003019664106174923 0
1790 0.09991701078936008 0.007307745194630251 0
1791 -0.2103507056484307 0.08011222202433682 0
1792 0.09236016393007941 -0.03400189200859049 0
1793 0.1660276820770474 0.166024248342922 0
1794 -0.031083634398604 -0.2035342052934647 0
1795 0.09809432784855041 0.1996612166480551 0
1796 0.09985817450363649 0.2098235950438157 0
1797 0.06236811778321027 0.2063012941496377 0
1798 -0.1454764836839271 0.1799357747646999 0
1799 -0.1531926947414067 0.1885033291660684 0
1800 -0.1251847387481725 -0.1116090768778641 0
1801 0.03580363982794767 -0.1410589729648013 0
1802 0.03391442662849019 -0.1513863832571281 0
1803 0.06048250056397137 0.1959644358194813 0
1804 0.1630258622221236 0.04912815966968866 0
1805 -0.1081818333146795 -0.01866239317057987 0
1806 -0.1062926215998635 -0.008334983869763292 0
1807 -0.1142918145522069 -0.001535173881265598 0
1808 -0.1044034098858849 0.001992425433414251 0
1809 -0.1124026028375276 0.008792235419937384 0
1810 0.2208390591644369 0.01186977112794279 0
1811 0.2283665296661948 0.00515625418285932 0
1812 0.1710250551744908 0.04232834968112455 0
1813 -0.05508121389155537 -0.1831347760757773 0
1814 -0.04519280922438183 -0.179607176763534 0
1815 -0.03719361627200345 -0.1864069867521002 0
1816 -0.1513803103977895 0.1493350759893224 0
1817 0.1028107420328283 0.1241814581798108 0
1818 0.1009215303180083 0.1138540488790055 0
1819 0.1089207232703754 0.1070542388904414 0
1820 0.09903231860318823 0.1035266395782003 0
1821 0.1070315115555554 0.0967268295896362 0
1822 0.09103312565082111 0.1103264495667643 0
1823 0.09292233736564123 0.1206538588675696 0
1824 0.0830339326984541 0.1171262595553283 0
1825 0.1540221497411111 -0.05061833402612227 0
1826 -0.2015079267684352 -0.1204270169593409 0
1827 0.2110092923631477 0.008331445084537616 0
1828 0.1469076489749171 -0.140037418421128 0
1829 0.1487968606897373 -0.1297100091203227 0
1830 0.1601560682894157 -0.1744953448516729 0
1831 0.1568792556289553 -0.1846721988617709 0
1832 -0.04551532797467511 0.07126746849655188 0
1833 -0.04362611626010735 0.08159487779705887 0
1834 -0.05918215606952717 0.04708505058502973 0
1835 -0.06907056073861287 0.04355745127054917 0
1836 -0.04929375140196033 0.05061264989771864 0
1837 0.1643529005013846 -0.09520018190566595 0
1838 0.1544644958341973 -0.09872778121790721 0
1839 0.1525752841193777 -0.1090551905187126 0
1840 -0.1312947199859501 -0.09448185758844196 0
1841 0.1844551867101792 -0.1362330513748254 0
1842 0.1825051031170493 -0.1461346413023249 0
1843 0.1920256257067328 -0.142430220144361 0
1844 -0.05319200217675112 -0.1728073667749691 0
1845 -0.05130279046229937 -0.1624799574740963 0
1846 0.2114112406508812 -0.03977061206344261 0
1847 0.2132360660288991 -0.02943142445326467 0
1848 -0.2023005677168705 0.07327214976870074 0
1849 -0.1923974708091556 0.07679190426779627 0
1850 -0.184395829150034 0.06999078681037461 0
1851 0.04070641012871315 0.1889073473891286 0
1852 -0.123737873126303 -0.05317222038530486 0
1853 0.05570027650479923 0.06876142372762524 0
1854 0.1348075138422966 0.09698221822555463 0
1855 0.1249191091751095 0.09345461891331332 0
1856 0.1329183021274765 0.08665480892474933 0
1857 0.1230298974602894 0.08312720961250808 0
1858 0.1310290904126562 0.07632739962394411 0
1859 0.1211406857454689 0.07279980031170294 0
1860 -0.2215799877184259 0.01809124623082898 0
1861 -0.2315058049367127 0.014570490864418 0
1862 -0.2332754664781072 0.00436938547945752 0
1863 -0.03692041068228766 0.2190208994867808 0
1864 -0.2253758986702611 -0.002535677772310915 0
1865 -0.2352958093231685 -0.005730539737938069 0
1866 -0.2371734400811724 -0.01641173703799844 0
1867 -0.2286508523480896 -0.02330729258311047 0
1868 0.1150307045079225 0.08992701960107218 0
1869 0.04770108355243233 0.07556123371618938 0
1870 -0.0931879669385698 -0.1388083168321516 0
1871 -0.170091766766403 -0.1562606380599507 0
1872 -0.1619836612631218 -0.1629918362549571 0
1873 -0.1524478718840667 -0.1598889667451178 0
1874 0.1389084560225502 -0.133237608432564 0
1875 -0.09495735131114003 0.05362947193562845 0
1876 -0.08506894664401023 0.05715707124803122 0
1877 -0.1119602567638752 -0.03931721176153121 0
1878 -0.09929794817612675 -0.1216810975427798 0
1879 -0.1072971411285361 -0.1148812875542059 0
1880 0.1409174950798433 0.07985499893618543 0
1881 -0.165060876167395 0.1251551711328701 0
1882 0.140137933146075 0.1760522567353499 0
1883 0.1429012703633188 0.1863422702268169 0
1884 -0.1542877793140374 0.03246387606154557 0
1885 -0.08406442711507883 0.1637033749316038 0
1886 0.05614262259781441 0.02065197653586186 0
1887 0.0955764138903949 -0.168002824380946 0
1888 -0.03418005768605673 0.1332319243010244 0
1889 0.1130216654506286 -0.1231655877676777 0
1890 0.1031332607834391 -0.1266931870799188 0
1891 0.1050224724982599 -0.1163657777791139 0
1892 -0.1302902004569358 0.0120644460958505 0
1893 -0.01130682555147065 -0.1964790072421642 0
1894 0.01293040784197211 0.1886519587532101 0
1895 -0.1538454332209501 -0.01564557113024327 0
1896 -0.1458462402685833 -0.02244538111880743 0
1897 0.007705118790598585 0.1095602836590107 0
1898 0.02930668443770641 0.2230801890237352 0
1899 0.02087114414398117 0.2298746916439907 0
1900 0.01462040832580284 0.2393570425047236 0
1901 0.009831088202640741 0.2301737675702082 0
1902 0.01447010799316348 0.2209949379293681 0
1903 0.1450177819398877 -0.1503629907583664 0
1904 -0.1515138754130441 -0.05342760902122299 0
1905 0.1588050926993975 0.07658278825986276 0
1906 -0.02051322958922958 0.1574143422148764 0
1907 -0.1641761839812233 0.02893627674930137 0
1908 -0.0353044045572062 -0.1760795774512906 0
1909 0.1794665942199459 -0.01258090749922442 0
1910 0.02225663907356605 0.03752380718930112 0
1911 -0.2246159335914142 -0.05068551713099493 0
1912 0.1742413051685718 -0.09167258259342471 0
1913 0.1586852653569243 -0.1261824098080816 0
1914 0.0876970483142667 0.0415621837733688 0
1915 0.09758545298145391 0.04508978308561001 0
1916 0.1149108771654485 -0.1128381784668725 0
1917 -0.1198396223541864 0.170247796284249 0
1918 -0.1217288340690067 0.1599203869834438 0
1919 -0.1946921010183269 0.1145259231261821 0
1920 -0.2021521446239766 0.1218828425886999 0
1921 -0.206359156246137 0.1113802650516608 0
1922 -0.1576238566505908 -0.03630038973185361 0
1923 0.09624953160745171 0.189404071775346 0
1924 0.0872547022211809 0.0896716309651541 0
1925 -0.08896719741601283 -0.1662629454222949 0
1926 0.1079162037417275 0.0005079352060664488 0
1927 -0.05206765530561102 0.1365041349773479 0
1928 -0.0814103505569627 -0.1249533082190308 0
1929 0.06281477727099402 0.1581805081226314 0
1930 0.0647039889858142 0.1685079174234366 0
1931 0.08259158660536828 0.1652357067471136 0
1932 -0.07839442199880842 0.1946794754438576 0
1933 -0.1917218918273467 0.1358714705203893 0
1934 0.00336450095737207 -0.06575029369012483 0
1935 0.03913971716450242 -0.07229470717140614 0
1936 -0.01540776775870026 0.03374081938694759 0
1937 -0.1816214355076911 -0.01590095976616126 0
1938 0.03737033279215906 0.1201430815957334 0
1939 -0.03763596365945832 -0.1382975427729564 0
1940 -0.1486201441695753 0.06344610396395749 0
1941 0.04159110231488563 0.09268845300555886 0
1942 0.03970189060006535 0.0823610437047536 0
1943 0.02981348593287828 0.07883344439251246 0
1944 -0.095842043497086 0.1498483663185573 0
1945 0.1644727278438577 0.1075650161622785 0
1946 0.1663619395586771 0.1178924254630829 0
1947 0.1351292680526658 -0.1538902839100132 0
1948 0.05047498745341771 -0.01033025136657327 0
1949 0.04058658278622507 -0.01385785067881264 0
1950 0.04858577573860271 -0.02065766066738006 0
1951 0.03869737107141463 -0.02418525997962082 0
1952 0.03069817811904764 -0.01738544999105665 0
1953 0.04713891011686922 -0.07909451715997025 0
1954 0.05513810306923612 -0.0858943271485345 0
1955 -0.1632914917950516 -0.06728261763426918 0
1956 -0.117185545795753 -0.1184088868664404 0
1957 -0.07095977248495584 0.03323004205820551 0
1958 -0.01207169054375774 0.1025050850345497 0
1959 0.05481558431862699 0.1649803181111954 0
1960 0.05670479603344709 0.1753077274120007 0
1961 0.2015662737991381 -0.04330615753404864 0
1962 -0.009189495949991751 0.2193109254561505 0
1963 -0.007859782744737972 0.2296839505207974 0
1964 0.03491894764177628 -0.04484007858123181 0
1965 0.01715117736469882 0.1611973301630358 0
1966 -0.01363838394223556 -0.1586969718544165 0
1967 0.0951340678310711 -0.1198933770913551 0
1968 0.09324485611625172 -0.1302207863921609 0
1969 -0.02473399911195607 0.1848689708050504 0
1970 -0.02284478739713594 0.1951963801058556 0
1971 -0.07751209978444584 0.09846670845045051 0
1972 -0.0855112927368126 0.1052665184390144 0
1973 -0.1100710450523222 -0.02898980245892678 0
1974 0.1464653028818298 -0.09192797122934318 0
1975 -0.06673900692832183 0.005775409116520891 0
1976 -0.09306813959612009 0.06395688123586946 0
1977 0.1188091279375625 0.1105818382026827 0
1978 0.1332392735942625 -0.1642154990598914 0
1979 -0.03908282788084694 -0.1967343959282382 0
1980 0.1522513292160662 0.1418197174590335 0
1981 -0.02396914895709089 -0.1141151369675595 0
1982 -0.03196834360509754 -0.1073153289737258 0
1983 -0.0338575521811223 -0.1176427378983729 0
1984 -0.0418567448658612 -0.1108429208389109 0
1985 -0.03996753573209081 -0.1005155103618715 0
1986 0.05135967963952642 -0.1065491457500177 0
1987 -0.007850921020804515 0.07505045644464299 0
1988 -0.009740132735271833 0.06472304714425464 0
1989 0.0001482719314576099 0.06825064645595522 0
1990 0.1159153966940946 -0.006291874782497463 0
1991 -0.01641231195287856 -0.0728054980974817 0
1992 -0.006523907186411841 -0.06927789619262102 0
1993 -0.07996349001598387 -0.06651645129737607 0
1994 0.004691560357049361 -0.2100786272148388 0
1995 0.2057957308849535 -0.07076237535589613 0
1996 -0.04129455841013339 0.04381283995572386 0
1997 0.08158706707672031 0.05868940306273848 0
1998 0.07358787412435333 0.06548921305130247 0
1999 -0.07051743217197176 -0.01487941791846446 0
2000 -0.08185269753796695 -0.07684386094647579 0
2001 -0.07385350384691017 -0.08364367100205404 0
2002 -0.1835106472225115 -0.02622836906696648 0
2003 -0.1933990518896984 -0.02975596837920754 0
2004 0.1324759560343897 0.1347642561165343 0
2005 -0.1190747575105048 -0.1287362961672613 0
2006 0.1695781895527589 -0.01610850681146565 0
2007 -0.06151371387971188 0.08486708847332232 0
2008 0.04102892887932277 -0.06196729787060106 0
2009 -0.02063308450150608 -0.04535086786128428 0
2010 0.07125631631644698 0.1032712509422822 0
2011 0.05758948821961944 0.07908883302843062 0
2012 0.001910595990024199 0.2234620465481797 0
2013 0.09891249126071161 -0.0992385584897449 0
2014 0.1445760911670099 -0.1022553805301484 0
2015 0.06269494992851729 -0.04458468994531382 0
2016 -0.02007088349613226 0.1093048950231048 0
2017 -0.01818167178132086 0.1196323043238993 0
2018 -0.1825066990587723 0.08031823969347504 0
2019 0.1620213426934779 -0.05741814401468658 0
2020 0.1700205356458452 -0.06421795400325063 0
2021 -0.1001826403926492 -0.02546220312684824 0
2022 -0.05817763654315795 0.1536313542667171 0
2023 0.08681235612809472 0.1377810781569392 0
2024 -0.008735613207222321 0.1712693508279226 0
2025 0.06691571945124353 -0.07203931853548831 0
2026 0.2137949238373204 -0.07756218534446037 0
2027 0.06369946945716613 0.06196161373906114 0
2028 0.04203344840797158 0.04457900581377373 0
2029 0.01469979205674396 -0.003785829965860282 0
2030 -0.04217925063842385 0.1400317342895889 0
2031 -0.06006684825797803 0.1433039449659118 0
2032 -0.04873157796905669 0.2052684007707427 0
2033 -0.06107136780531643 0.03675764134642915 0
2034 -0.07574271543862396 -0.09397108031402633 0
2035 -0.0658543107742731 -0.09044348100169934 0
2036 -0.06396509903009447 -0.08011607170364299 0
2037 -0.05596590764319747 -0.0869158826757875 0
2038 -0.05785511965157705 -0.09724329073023112 0
2039 -0.1156188528314601 0.1427931676940749 0
2040 0.07825098974016365 -0.01007486273065676 0
2041 0.08625018269253217 -0.01687467271922146 0
2042 -0.09640421693381865 -0.004807384554301442 0
2043 -0.118632411417405 -0.1768457433590496 0
2044 0.0546957569761505 -0.03778487995674968 0
2045 0.09191781783699271 0.01410755518319431 0
2046 0.004931214889605129 0.1954517687417741 0
2047 -0.09262579351925943 0.01584743408985574 0
2048 -0.1077394873175211 -0.0667718403399606 0
2049 -0.08317973492895864 0.06748448054818296 0
2050 -0.09539969740399967 0.1017389191267732 0
2051 0.03781267888524519 0.07203363440394832 0
2052 0.01992508126569154 0.07530584508027176 0
2053 -0.01307621601845366 -0.004041219316489051 0
2054 -0.03096382367756782 -0.000768979445750731 0
2055 -0.03707379508250836 0.01635820802285072 0
2056 -0.1035187177057633 -0.09422646895103261 0
2057 0.07459239365300135 0.1720355167356777 0
2058 -0.03007913341619869 -0.09698791655335916 0
2059 -0.03940534672265388 0.05414024922426953 0
2060 -0.07373367635480527 0.1191215270520603 0
2061 -0.08173286930717219 0.1259213370406242 0
2062 0.1422445333591028 -0.06447334263916885 0
2063 -0.1487399715120526 -0.1393190941039878 0
2064 0.0368081593565962 -0.03451266928042653 0
2065 0.02691975468940939 -0.03804026859266767 0
2066 0.04524969840204703 -0.08942192646077195 0
2067 0.01526196564987863 0.1508699208622305 0
2068 0.005373560982691556 0.1473423215499893 0
2069 -0.1204068073454929 -0.1871332398351585 0
2070 -0.1218568718066958 -0.1975308304254397 0
2071 0.03302973592695596 -0.05516748788203698 0
2072 -0.07341115767175677 -0.1317531181953097 0
2073 -0.1745071115925393 0.07351821905715065 0
2074 0.01236823440482595 0.03399620787753378 0
2075 -0.04229910432284834 -0.06273348311916953 0
2076 0.000590618019320743 0.02014119926835692 0
2077 -0.2079505721726976 0.04228050809051039 0
2078 0.02326115860224559 0.1440701108736665 0
2079 0.06502650773642323 -0.08236672783629347 0
2080 0.02880896640422891 -0.02771285929186228 0
2081 -0.1189549301680196 0.07402890190069583 0
2082 -0.1025141981743801 0.01231983474357385 0
2083 -0.08595363882989894 0.1533759656307985 0
2084 -0.1628491457019661 -0.1153920648260542 0
2085 0.02036742735597738 0.02719639788934047 0
2086 0.2109949216104495 0.1044873330395846 0
2087 0.1018062225041804 0.01763515449543558 0
2088 0.1116946271713678 0.02116275380767694 0
2089 0.226777806265089 -0.005022127711345845 0
2090 0.1418021872660159 -0.01636389544738404 0
2091 -0.05773529045007119 0.1055219070749326 0
2092 -0.1054079294154065 -0.104553878253016 0
2093 -0.1872890706521516 -0.04688318766857648 0
2094 0.1799089403130325 -0.06069035469100923 0
2095 -0.080968004463674 -0.1730627554108538 0
2096 -0.1387317395023882 0.0669737032761986 0
2097 -0.1326217582648558 0.04984648398686953 0
2098 0.07969785536189999 0.04836199376193313 0
2099 -0.1496246636982239 -0.04310019972041778 0
2100 -0.1614022800802313 -0.05695520833346396 0
2101 -0.003630151497674649 0.04759582785494512 0
2102 0.01835838837897451 -0.1858962104747633 0
2103 0.05324889135440233 -0.09622173644931491 0
2104 0.06124808430676878 -0.1030215464378784 0
2105 0.1182469545020016 -0.04407391267347709 0
2106 -0.1622869722664033 0.03926368605010739 0
2107 -0.1740645886484103 0.02540867743705954 0
2108 0.0641418155502175 0.01385216654728666 0
2109 0.03214504374074794 0.0410514065015438 0
2110 0.1455806106956573 0.004290923154226154 0
2111 0.08436097097771203 -0.02720208202002652 0
2112 -0.1938413979827838 0.01835347881257689 0
2113 -0.1858422050304169 0.01155366882401277 0
2114 -0.09740873646147086 -0.1113536882419372 0
2115 0.1441337450739229 -0.05414593333836362 0
2116 -0.04651988021595051 -0.03527885604163945 0
2117 0.2011306606736102 0.004802057983768927 0
2118 0.02080977327528398 -0.02091304924943145 0
2119 -0.09162127397435924 0.1223937377283831 0
2120 -0.002303132066633363 -0.09673252404144371 0
2121 0.1032530881259148 0.07607201098802607 0
2122 0.1375814177432893 0.01109073314279028 0
2123 -0.1372848738806541 0.1254105597687871 0
2124 0.03447660154526869 0.003269368611596869 0
2125 -0.05218750273949224 -0.06626108000510041 0
2126 0.02269898493281068 -0.01058563993114837 0
2127 -0.0474045396865389 0.06094005919923625 0
2128 -0.1327415856073187 -0.1529187140811162 0
2129 0.05003264136033073 0.03777919582521199 0
2130 0.1055846459338209 0.03828997309704611 0
2131 -0.1227333535977238 0.05337408329926593 0
2132 0.02181429298051225 0.08563325438107759 0
2133 -0.1491823176051382 -0.09120964691220268 0
2134 0.05658496869097013 -0.02745747065594435 0
2135 0.1882811881589656 -0.1155869363065524 0
2136 0.1955359714259127 -0.1222895702152062 0
2137 -0.0545190732136628 -0.02847904826368412 0
2138 0.06325712336408001 0.1100710609308464 0
2139 0.06703554679372045 0.1307258795324568 0
2140 0.07503473974608726 0.1239260695438928 0
2141 -0.1580662027436763 0.01180905745993139 0
2142 0.03258738979270605 -0.007058040677694675 0
2143 -0.06774352282921317 -0.1007708902474381 0
2144 0.1012440490686205 -0.1370205963807246 0
2145 -0.03562692330696762 0.07479506780940758 0
2146 -0.1039610640975936 -0.04611702166165036 0
2147 -0.1138494685028126 -0.04964462105986841 0
2148 -0.1157386802292237 -0.05997203036024659 0
2149 -0.1113980833087333 0.1153385391039007 0
2150 -0.001740939782623153 0.05792323715602352 0
2151 -0.09728890911882071 0.09141150982597047 0
2152 0.07302570068878997 -0.08916653782485756 0
2153 0.1761305168833921 -0.0813451732926196 0
2154 -0.1086241794089089 0.02944705402443418 0
2155 -0.0950771786538015 -0.1491357261328814 0
2156 0.1084783771772891 0.1551636860822264 0
2157 -0.1331839317005719 -0.1048092668892926 0
2158 0.1103675888921094 0.1654910953830316 0
2159 -0.1867212323581511 0.1077648215292554 0
2160 -0.09129875522420611 -0.128480907531262 0
2161 -0.01351855614644268 0.04406822856464565 0
2162 -0.1769583198918792 -0.09146503554812074 0
2163 0.1352498599353824 0.04887277103376999 0
2164 -0.07895896540919238 0.04002985196647639 0
2165 -0.0456351575502092 -0.1314977336225348 0
2166 0.1592474387924837 0.02847334106807799 0
2167 -0.07518054197659538 0.0606846705596291 0
2168 0.002037483646213438 0.0785780557566844 0
2169 0.027481928124972 0.1166154822834922 0
2170 -0.1763961464563163 0.06319071532803912 0
2171 -0.1862846327470618 0.05966315959809319 0
2172 0.06924727725914698 -0.1098213564264636 0
2173 0.04114875622179944 0.1407979001973438 0
2174 -0.0216375772913407 -0.1518971625083223 0
2175 -0.1284009887421204 0.02239185539666965 0
2176 0.2147812383983828 0.02898744860765503 0
2177 0.206797216252336 0.03578448337310245 0
2178 -0.07196429823097367 -0.07331626338333778 0
2179 0.06603102726505441 0.02417957584808678 0
2180 0.1201361662168216 -0.0337465033726719 0
2181 0.04014423669310495 0.0342515965129827 0
2182 -0.1256270848509126 -0.06349962968370815 0
2183 0.1169199162227424 0.1002544289018774 0
2184 0.1728243195535225 -0.149617245857938 0
2185 0.01803586955087102 0.06497843577946617 0
2186 -0.1026072097138661 -0.1904138176386987 0
2187 0.04669656402378292 -0.03098506996818537 0
2188 0.1333606482205623 0.03854536173296476 0
2189 -0.139293912938012 -0.08768204759994763 0
2190 0.05803183431268158 0.03097938583665274 0
2191 -0.1608401066446685 0.09770054254269568 0
2192 0.1193908709880161 -0.1883949173262307 0
2193 0.1275382785070429 -0.1970457078880983 0
2194 0.1428067067946636 0.09018240823699065 0
2195 -0.1976198214124242 -0.002301339789033218 0
2196 0.06313729602159834 -0.09269413713709025 0
2197 0.2053339661726446 -0.02264937588087598 0
2198 -0.1534030871278644 -0.06375501832202818 0
2199 0.1092432420209885 -0.1438204063692881 0
2200 -0.123618045783827 0.1495929776826387 0
2201 -0.04462267901050269 -0.2280072956114355 0
2202 -0.05431617328884993 -0.2313427591343858 0
2203 -0.06227628410699273 -0.2240985162053107 0
2204 0.1554690153628443 0.007818522466467434 0
2205 0.2019781848651622 -0.09141193788474243 0
2206 -0.06068855292870937 -0.2140593544659117 0
2207 -0.07027455898133414 -0.2172334303033412 0
2208 -0.1294055082717596 -0.08415444828749273 0
2209 -0.1123796819434055 -0.193934551941374 0
2210 -0.1143942438849297 -0.2061401500176799 0
2211 -0.1243000465618661 -0.2078279712614654 0
2212 0.1239937217886371 0.1896256400827807 0
2213 0.175688170790306 -0.03323572610083481 0
2214 -0.01629246006650243 0.1299597136247021 0
2215 0.05746966087465883 -0.123676365034943 0
2216 0.06546885382251495 -0.1304761750152123 0
2217 -0.005519363183024859 0.0372684185903523 0
2218 0.1649150739369447 0.05945556897049365 0
2219 -0.1350731434152752 -0.1151366761901246 0
2220 -0.07107959979689556 -0.169535156098538 0
2221 -0.1049655833206461 -0.1526633254451853 0
2222 -0.1275162965589584 -0.07382703898619848 0
2223 -0.07674723494075009 -0.2005173840010646 0
2224 0.002479829748113719 0.03046860858102413 0
2225 0.0946917217379848 -0.07178392989957008 0
2226 -0.06239840606588455 0.1810859828568914 0
2227 0.03126035155461243 0.1372703008851025 0
2228 -0.04828923187597087 0.1571589535789583 0
2229 0.1233521583302649 -0.1677467127680396 0
2230 0.03435991344570247 -0.1995095509708413 0
2231 -0.1060085571240048 0.1940330578916649 0
2232 -0.1540401793428809 -0.1698667717809497 0
2233 -0.1460634974871746 -0.1766949920870025 0
2234 -0.1466946042295477 -0.1867737339392368 0
2235 0.002360002543513154 -0.1722965913810713 0
2236 0.1484743419391238 0.1211646361394064 0
2237 -0.1426182364315682 -0.1564321557332772 0
2238 0.1371390716502025 0.05920018033457514 0
2239 -0.0593019834172368 -0.1556801474850619 0
2240 0.058593887931748 0.1856354516804509 0
2241 0.1407976677373699 -0.1229101991317588 0
2242 0.1752458246972189 0.01487372109094994 0
2243 -0.2065037065509631 0.1007173645831008 0
2244 0.196911340052869 0.03225642152367504 0
2245 -0.09206362006744567 0.1705031849201678 0
2246 -0.1307325465500385 0.06017389328768302 0
2247 -0.02919442309793968 -0.1932067964798653 0
2248 0.1605744770717445 -0.1158550005072764 0
2249 0.144253333057614 0.1486193085159163 0
2250 -0.1378470473162165 -0.02924519110737154 0
2251 0.2278405061351315 -0.05281780772641 0
2252 -0.05017844359079097 0.146831544278153 0
2253 -0.2160257700315315 0.04906240351154115 0
2254 -0.05062037414811736 0.1949398411932751 0
2255 -0.1477354519834037 -0.03277279041961261 0
2256 0.02515037031706578 0.1543975201744718 0
2257 -0.06850395204226709 0.1982013429089864 0
2258 -0.1746253927050271 -0.1292473239420749 0
2259 -0.1844081854409808 -0.1327681280335502 0
2260 -0.1727373221393288 -0.118919705888791 0
2261 0.1083585498348146 -0.04760151198571818 0
2262 0.1653574200300316 0.0113461217787087 0
2263 0.2203953721335529 0.0599058552813198 0
2264 -0.1288433348352036 0.07050130258844654 0
2265 -0.1278362955946475 0.1770405431319153 0
2266 -0.1297276070693893 0.1667190197818582 0
2267 0.01003667659854066 0.07177824576807343 0
2268 -0.1820637816007767 0.03220848742562375 0
2269 0.1926910762236859 0.05971095760641234 0
2270 -0.08707798570231193 -0.1559355361212849 0
2271 -0.13571261063777 0.183458545212077 0
2272 0.116477570129656 0.1483638760936622 0
2273 -0.1359578356013962 -0.01891778180656635 0
2274 0.150686072404557 -0.1193825998195176 0
2275 0.01948273517260518 0.1234152922720562 0
2276 0.07036683191088144 0.1995015639530709 0
2277 0.05935887259147646 -0.1133489557378147 0
2278 -0.0327331920643231 0.1916687807936148 0
2279 -0.04262152747555027 0.1881409897685966 0
2280 0.1131414927931023 0.07959961030026706 0
2281 0.03667151050001481 0.2163590426012242 0
2282 0.1192514740306485 0.06247239101089783 0
2283 -0.09395283178226585 0.1601757756193624 0
2284 -0.03373771159270406 0.08512247710955526 0
2285 0.08492314441327438 0.1274536688561338 0
2286 0.2162463089876991 0.08742097483250585 0
2287 0.009594330505418225 0.1198876929598151 0
2288 -0.0002940741617686834 0.1163600936475743 0
2289 -0.01018247882895056 0.1128324943353394 0
2290 -0.1340686238865759 -0.008590372505761048 0
2291 0.02937113983979223 0.1269428915842974 0
2292 0.1293623628638901 -0.1851311037416971 0
2293 0.1313123573414432 -0.1745451148112774 0
2294 0.1051422998407354 0.08639942028883106 0
2295 -0.07706975369210106 0.05035726126103116 0
2296 -0.06050832006398313 0.1914110217798498 0
2297 -0.06119119512964522 -0.1660075567863085 0
2298 0.04870558311166021 0.1821075898951721 0
2299 -0.1368425277875684 0.07730111257700464 0
2300 0.08858174050043778 -0.05465671061020105 0
2301 0.006644154677067629 0.2055718144307445 0
2302 0.01684026918041984 0.2106836961548378 0
2303 0.1676889778379387 -0.02643591611227076 0
2304 -0.04173690454527861 0.09192228709787405 0
2305 0.2113041384362989 -0.08778176515561903 0
2306 -0.07857599753525882 -0.2107762644706876 0
2307 -0.1509517019774816 0.1012281418549368 0
2308 -0.166065395696043 0.0186088674484954 0
2309 0.09714310688836809 0.09319923027739516 0
2310 -0.05162530921252003 0.08839468778556894 0
2311 -0.1506154704101122 -0.1496299861346996 0
2312 0.03881719508565636 0.1785799468374246 0
2313 -0.1759538003632299 0.01508126813625423 0
2314 0.07314552803126707 0.1135986602430874 0
2315 -0.1038412364494529 0.1566481763071211 0
2316 -0.06762369511725866 0.1019943077626914 0
2317 0.07346804677443321 -0.1372759850030411 0
2318 -0.05962450216489061 0.0951944977741286 0
2319 0.1596897848855713 -0.01963610612370674 0
2320 -0.07562288806962547 0.1087941177512553 0
2321 0.08914391393600109 0.09999904026595917 0
2322 -0.09351048568917941 0.1120663284275781 0
2323 0.09613858735971988 -0.01334707340698013 0
2324 -0.1448417207399349 0.08410092256556752 0
2325 -0.03606926940087615 0.1229045150002207 0
2326 0.1945802879385056 0.07003836690721771 0
2327 -0.1868467245590659 -0.09499263486036186 0
2328 -0.1241802192193898 -0.005062773193517774 0
2329 -0.1033988903563664 0.108538729115337 0
2330 -0.1490624902626614 0.1115555511557417 0
2331 -0.01862401787440942 0.1677417515156814 0
2332 -0.1877314167452374 0.001226259523208066 0
2333 -0.1204017957897796 0.01559204540817859 0
2334 -0.1778430120780502 0.004753858835449097 0
2335 -0.02618086473368896 0.1264321143124617 0
2336 -0.0266232108267764 0.1745415615042455 0
2337 0.1498013802183835 -0.02316370543594781 0
2338 0.1865810949861386 0.07683817689578147 0
2339 0.1263659747968432 0.1518914754059033 0
2340 -0.1132872950235535 0.1050111298030958 0
2341 0.003806853207010282 -0.113859741890318 0
2342 -0.2219641212659307 -0.07747232050478374 0
2343 -0.08362208102199226 0.1155939277398192 0
2344 -0.1896206284600577 -0.009101149777597278 0
2345 -0.01708140482528163 -0.2273177607383381 0
2346 0.08114472098363412 0.1067988502545232 0
2347 -0.1222910075045992 0.005264636107371235 0
2348 -0.1137296411166398 0.1531205769948799 0
2349 -0.1105133911239323 0.01911964472420046 0
2350 -0.1839529933155969 0.02188107812481823 0
2351 -0.1231756996907406 0.1014835304908545 0
2352 0.1291398786978358 0.06599999032313907 0
2353 0.1390282833650229 0.06952758963538033 0
2354 0.1343651278560794 0.1450916727150619 0
2355 0.1884693449160911 0.08716445476751057 0
2356 0.1069116842130807 -0.106038368478309 0
2357 -0.191509840174878 -0.01942855907840242 0
2358 -0.02730521156787441 -0.1828793873963908 0
2359 -0.08014911082478904 -0.2223123793445904 0
2360 0.1489166880322101 0.07305518894762154 0
2361 -0.163171664452575 0.1354825804336749 0
2362 -0.1429525090251147 0.09442833186637209 0
2363 -0.1330641043579277 0.09795593117861315 0
2364 -0.147173278547841 0.1218829604565463 0
2365 -0.1690428453736774 0.1531042733326353 0
2366 0.1423640748008083 0.1382919077291212 0
2367 0.1804699916662464 0.09396407618456168 0
2368 0.005696062549415613 -0.1035323321369709 0
2369 0.1186893005950856 -0.0921833598652621 0
2370 -0.2013982448420646 -0.02295615839064374 0
2371 0.1681313239310252 -0.07454536330405588 0
2372 -0.1612266254001058 0.1458894701024472 0
2373 -0.155172471500208 0.1286827704451105 0
2374 0.09847014516762639 -0.05112911129795943 0
2375 0.1823603254634115 0.1042928054859547 0
2376 -0.2032863154163068 -0.03328377644236431 0
2377 0.150363032852733 0.1314921407113211 0
2378 0.1743591842130224 0.1110914942576804 0
2379 -0.195286932273844 -0.04008362122274744 0
2380 0.1583624260138089 0.1246922940982148 0
2381 0.01558446913732878 -0.1000047301624631 0
2382 -0.1971767739554016 -0.05041091528259441 0
2383 0.1860340556575772 0.1249544507376225 0
2384 0.1682512424266641 0.1282181994825324 0
2385 -0.1948442730854522 -0.08819072038874531 0
2386 0.1966770113469113 0.1296525713610299 0
2387 -0.1990636673687629 -0.06073644434583714 0
2388 -0.2047343221786171 -0.09172042418403749 0
2389 -0.1910654100713799 -0.06753579621404225 0
2390 0.1762312163020705 0.1214178574349691 0
2391 -0.1929528592317213 -0.07786067393122714 0
2392 0.09135564440143359 -0.1405481956930005 0
2393 0.08335645144782429 -0.133748385702175 0
2394 -0.2153914349137257 -0.09533460988468001 0
2395 -0.009859968200549542 -0.1380421618368043 0
2396 0.01791603467135958 -0.1377867679938077 0
2397 0.08568798935176837 -0.171530378974377 0
2398 0.02780444232890189 -0.1342591666918765 0
2399 0.04191361954779837 -0.1581861915425952 0
2400 0.09178564390292983 -0.1886564221315504 0
2401 0.05224437866642211 -0.2027680427571393 0
2402 0.04424880487430199 -0.1959841355859002 0
2403 0.02824679213050245 -0.1823686084745254 0
2404 -0.03285305272089737 -0.01109642501601796 0
2405 0.02024759926247442 -0.1755688011339926 0
2406 0.03624710644374744 -0.1891733393201718 0
2407 0.0122484068958213 -0.1687689935047599 0
2408 -0.07429585957001725 -0.0355342314323643 0
2409 -0.006966247955919457 -0.02116843575647981 0
2410 0.004249212855477374 -0.1619691846873021 0
2411 -0.003749981001054564 -0.1551693757295152 0
2412 -0.01174917477129086 -0.1483695667514261 0
2413 -0.01974836851983403 -0.1415697575835125 0
2414 -0.02774756196440742 -0.1347699486432045 0
2415 -0.05685060421780411 0.009303013715233253 0
2416 -0.03574675628177696 -0.1279701398720593 0
2417 -0.05174514651412946 -0.1143705100020905 0
2418 -0.04374595147928748 -0.1211703271843627 0
2419 -0.04985593711186426 -0.1040430998386884 0
2420 -0.0290746085939344 0.009558401376666538 0
2421 -0.04796672429183845 -0.09371569492570846 0
2422 -0.04607751358832807 -0.08338829390921519 0
2423 -0.05407670554779583 -0.07658848345527991 0
2424 -0.03896303313007111 0.006030785063726411 0
2425 -0.06207590033377204 -0.069788669313172 0
2426 -0.07007509404025408 -0.06298885624525975 0
2427 -0.06818588716130389 -0.05266145178930594 0
2428 -0.07618507218225637 -0.04586163792067683 0
2429 -0.06440745947976423 -0.03200664782229948 0
2430 -0.0625182472378763 -0.02167924181920291 0
2431 -0.06062903825051493 -0.01135183032425695 0
2432 -0.05873982616490248 -0.001024413765202503 0
2433 -0.03675057319873281 -0.2345156140270077 0
2434 -0.02904273510317493 -0.2404415305906935 0
2435 -0.2182546231354365 0.08705957663784233 0
2436 -0.2159831296092274 0.09680951192755589 0
2437 -0.1864136861437639 -0.1429463226946475 0
2438 -0.1889102891116592 -0.1547643614399703 0
2439 0.05670340685086509 -0.2297684005017271 0
2440 -0.06480423463825892 -0.2348418269207563 0
2441 -0.1937118043514884 -0.1360839425628554 0
2442 0.2322571337916847 -0.07033642992060443 0
2443 -0.2263908308610831 -0.06054686488604565 0
2444 -0.2337644278549462 -0.05382275268268825 0
2445 0.1380078543097736 -0.1915769902935707 0
2446 -0.2288814547221329 0.08453591038040988 0
2447 -0.1030823107229742 0.2138018536415051 0
2448 0.174165185742923 0.1590817654589833 0
2449 0.190234398847343 -0.1533182039599449 0
2450 -0.1784883079253887 -0.1600443153106645 0
2451 0.1348124363435654 0.1930227136039891 0
2452 0.1612096743329871 0.1826776847645408 0
2453 -0.1646904176557614 -0.1726910964907004 0
2454 0.181953642320434 0.1520397777010802 0
2455 0.01489710918082777 -0.2440480226447721 0
2456 -0.2410379739809637 -0.03570714520339616 0
2457 0.1029157594960612 0.2205421357741551 0
2458 0.1212293575980819 -0.2133498034324396 0
2459 0.07437307850326175 -0.2332337873757712 0
2460 -0.005069024158200612 -0.2452201926132027 0
2461 -0.2263172342355421 -0.09404895011345545 0
2462 0.2225299077405823 0.1031459065214931 0
2463 -0.2332802590019025 -0.07503556311756134 0
2464 0.2385369227804088 0.05537206693938134 0
2465 0.1455184498099449 0.1965511356826131 0
2466 0.2451059681953843 0.004559737575818611 0
2467 0.208510103116262 -0.1290994967889723 0
2468 -0.1771592704855481 0.1688054380819174 0
2469 0.138066427989911 -0.2020995788432246 0
2470 -0.004740353034174028 0.2453091878875528 0
2471 0.2267460601497982 -0.09335731488493931 0
2472 0.1768346051506079 -0.1698430985254372 0
2473 0.1766488935323811 0.1692226294710175 0
2474 0.2427176393922673 0.02630925766224346 0
2475 -0.2448998098365217 0.0153951108077383 0
2476 0.2445696590586589 -0.01538575022746706 0
2477 0.2182685630873489 -0.1118473150799129 0
2478 -0.242683231104249 0.03634834529584538 0
2479 -0.1035086615796538 -0.2216672551951094 0
2480 -0.2126547486512927 0.1210441567593188 0
2481 -0.2081087325194058 0.1299079013924989 0
2482 -0.2451427728307195 -0.006202835217952831 0
2483 -0.212985213132355 -0.1208236829497683 0
2484 -0.08461559389214067 -0.2310675179346392 0
2485 -0.2404044122917719 0.05488554352792905 0
2486 0.0919519066019477 0.2170972432713245 0
2487 0.06633773087843997 -0.2263683824345491 0
2488 0.1938594189000352 -0.1326168815131339 0
2489 0.06521118057347722 0.236625742658207 0
2490 -0.2183703079046212 -0.1124046556415371 0
2491 -0.1392495499183248 0.2034760147230429 0
2492 0.0003816599471507348 0.2358809426042576 0
2493 0.1033295892826199 -0.222255161381116 0
2494 -0.147319012994696 -0.196929134204536 0
2495 -0.1628425885184393 0.1824297665171566 0
2496 0.2135961091182098 0.1210910546193519 0
2497 -0.1906300090007591 0.1542277307121078 0
2498 -0.104932630491596 -0.2112405041589212 0
2499 0.2079838144132867 0.1301341972839742 0
2500 0.1286981599390389 0.2091645545693097 0
2501 0.2362084133931975 -0.0004662367557290763 0
2502 -0.023522157360072 0.243065788066832 0
2503 0.05482576755531399 -0.2389929249782105 0
2504 0.1911993895074043 0.1545562615927601 0
2505 -0.2223241151097916 0.1036274822945343 0
2506 0.1472854106671745 -0.1873353904404977 0
2507 0.2206512953838194 -0.08503444575873249 0
2508 -0.2028541813947051 -0.13802972030985 0
2509 0.008281682517725143 -0.2365182101219498 0
2510 -0.08327306290494702 0.2213442060870538 0
2511 0.007707054253856843 0.2146227485711116 0
2512 0.1047675655706654 -0.2122539927948591 0
2513 -0.01593187482703664 0.2357765284468823 0
2514 -0.07509270729345235 0.2353614159605933 0
2515 -0.2317409492035645 -0.04398905825745508 0
2516 0.2442940935415416 0.03603994794429107 0
2517 -0.09363946272146222 0.227414217774962 0
2518 -0.01961168763201388 -0.2366489127319709 0
2519 -0.1132999490267253 0.2003044143987746 0
2520 -0.05557945793086462 -0.2402376165791794 0
2521 -0.2467502202853581 -0.01570929717448792 0
2522 0.2371204704064066 0.009592316312109772 0
2523 0.2429329154600214 -0.04567975992829333 0
2524 -0.06192139329803052 0.2270127806732994 0
2525 -0.1029457185911703 0.2233618142505448 0
2526 -0.1977834418880627 0.1474797665423663 0
2527 0.03463051211081319 0.2433252138854251 0
2528 0.2167330840893611 0.09628667049309558 0
2529 0.2041001724243308 -0.1197050671097683 0
2530 0.1222825747831672 0.2150655693710784 0
2531 0.04888758507922907 -0.2324608845096416 0
2532 0.113853908502157 -0.2085037357387657 0
2533 -0.1753337566239558 0.1593062077572381 0
2534 -0.221287715054794 -0.08687867535912377 0
2535 0.231843053710241 0.08498743288473735 0
2536 0.2177288837020143 -0.0950206426939012 0
2537 -0.09714729165145879 -0.2158633160006271 0
2538 -0.1384396302182905 -0.193753769032555 0
2539 -0.155674436483095 -0.1913644773401865 0
2540 -0.1549844232713889 -0.179568446124862 0
2541 -0.03711593282652428 -0.2433256988874721 0
2542 -0.1713726392327755 -0.1786395183121518 0
2543 -0.05571516777445732 0.2408242111697857 0
2544 0.1976323683801088 0.1471779197477948 0
2545 -0.1430446605662519 0.188425612648275 0
2546 -0.2352554656588406 0.0312659324408512 0
2547 -0.1996124619838496 0.1300273899667782 0
2548 -0.1215712540069949 0.2145776364058108 0
2549 -0.2272950840219288 -0.0689490282903629 0
2550 0.0468644390712627 0.2415680406419341 0
2551 0.1541964175631919 -0.1926056019283724 0
2552 0.1679017818559908 -0.1689843633363655 0
2553 -0.1200179040831559 -0.2150423406313611 0
2554 0.1801738687352102 -0.1543503262612293 0
2555 0.2356138562994447 -0.06261563748641921 0
2556 -0.1303417540343527 -0.2008810805069926 0
2557 -0.2333969022998155 0.04140090087851566 0
2558 0.05851319009434248 0.2313805788902605 0
2559 -0.07077236983795827 -0.2259085212546516 0
2560 -0.214222752383721 -0.1052687954417018 0
2561 -0.1119203298781161 0.2095997135232421 0
2562 -0.2135762845083048 0.1049362848597518 0
2563 -0.2325418306221435 0.05111167470635098 0
2564 -0.2370928581183128 0.02053281479986776 0
2565 -0.199581744356018 -0.1299986436466212 0
2566 -0.0001123508243204721 -0.2385913830823365 0
2567 0.2098246667288418 0.113803797998844 0
2568 -0.1625358849402931 0.1727217979266389 0
2569 0.1985025253686192 -0.1478489061558704 0
2570 0.238768219003156 0.06571500631546227 0
2571 -0.1704263749260325 -0.1644263013163224 0
2572 0.237644000921733 0.01919445346140956 0
2573 -0.2383611562565796 0.01048804960212562 0
2574 -0.04220460256382421 0.233398290249391 0
2575 0.01529501390831013 0.2471320027079394 0
2576 0.1218612084923112 -0.2051658912028453 0
2577 0.1650235087609417 -0.183190971354094 0
2578 -0.2362114376378404 -0.02699293081775827 0
2579 0.1080447671634201 0.2112762084418815 0
2580 -0.1325061090432 -0.2085577064090813 0
2581 0.2261923228985693 -0.04244510430458927 0
2582 0.1945516384406198 0.1394181482832341 0
2583 0.2334314029352771 0.04669875399987247 0
2584 0.007730298397751632 0.2375720590015433 0
2585 0.2145954792430221 -0.1043911479627653 0
2586 0.2004932994090876 -0.1288215273195172 0
2587 -0.007807143776365108 0.2381254540411822 0
2588 0.2341304661995043 -0.07799629545634951 0
2589 -0.02277968495538491 -0.2456373366685123 0
2590 -0.2415441061958968 -0.05598316234112442 0
2591 0.02223370176485124 0.2189691090010836 0
2592 0.08545871728010627 0.2325918877049287 0
2593 -0.1856487639941838 -0.1643839571075735 0
2594 -0.04630041931454273 0.2409668849389695 0.10279
2595 0.04528430652207475 -0.2406295597066212 0.10279
2596 0.2415913772975984 0.04462621082109402 0.10279
2597 -0.2417017205634383 -0.0472753629224263 0.10279
2598 -0.2021716336455739 0.1381299531993961 0.10279
2599 0.202016378678757 -0.1382876571379041 0.10279
2600 0.1374400814597389 0.202708132799885 0.10279
2601 -0.138945109987926 -0.2032394903883154 0.10279
2602 0.1296867057674856 -0.2078615375822084 0.10279
2603 -0.04587378326496756 -0.2397890197625021 0.10279
2604 -0.240988295684874 0.04619704377880027 0.10279
2605 0.2386600428925361 -0.05369156522598725 0.10279
2606 0.05571849548875802 0.2391121356718155 0.10279
2607 -0.1295566821517042 0.2070677020631218 0.10279
2608 0.2026888961270145 0.1387738188512077 0.10279
2609 -0.2079099846613111 -0.129709539690342 0.10279
2610 0.1695223978829929 -0.1766788330213548 0.10279
2611 0.2258549116040749 0.09240274193123116 0.10279
2612 0.2447873436312326 -0.005523021393457686 0.10279
2613 -0.1702296430340728 0.1759466672445605 0.10279
2614 -0.2258651208684325 0.09424803432793373 0.10279
2615 0.006088037115412211 0.2448764833269838 0.10279
2616 -0.1768777210194877 -0.1701436204653392 0.10279
2617 -0.09257999686332502 -0.2248564359190041 0.10279
2618 0.004887978604521343 -0.2452589989420493 0.10279
2619 0.08427301139414664 -0.2298941342712979 0.10279
2620 0.09304059310075692 0.2279592259886883 0.10279
2621 0.2229882274136796 -0.1030679999920974 0.10279
2622 0.1693073495962647 0.1765265565230643 0.10279
2623 -0.2298439749832654 -0.08474906958143026 0.10279
2624 -0.08318743825669168 0.2309302037873897 0.10279
2625 -0.2435608909886551 0.004181578940084613 0.10279
2626 0.1122723858890371 -0.2179510801397108 0.10279
2627 0.1138808379252307 0.2177765224834309 0.10279
2628 0.02395475219529156 0.2427508275018314 0.10279
2629 0.2331899500414162 0.07439117899513584 0.10279
2630 0.2177047300739069 0.1120620539042312 0.10279
2631 0.2298941342712978 -0.08427301139414696 0.10279
2632 -0.01517244589967861 -0.2443829992188671 0.10279
2633 0.07556388202601182 0.2324585739830794 0.10279
2634 -0.2445194046608299 -0.02446021640731868 0.10279
2635 -0.2317499676234232 0.07426039087869613 0.10279
2636 -0.2177224213018382 0.1121844912228773 0.10279
2637 -0.2362878107970228 -0.06427771855232343 0.10279
2638 0.1543533705577786 0.1900744338916746 0.10279
2639 0.146647386079975 -0.1967553776301586 0.10279
2640 0.2433139869275486 -0.02556283699253829 0.10279
2641 -0.2221497191260579 -0.1029696834704327 0.10279
2642 0.1839141480456927 0.1620685648868145 0.10279
2643 0.245136183701887 0.01503519524283864 0.10279
2644 -0.111919390474393 0.2191600736016775 0.10279
2645 -0.1636604158743067 -0.1838838788723611 0.10279
2646 -0.1120620539042317 -0.2177047300739066 0.10279
2647 -0.06492842994564886 0.2359903785585996 0.10279
2648 -0.1459162054769751 0.196457814848013 0.10279
2649 -0.01398233643243524 0.2449534294498165 0.10279
2650 -0.1837363751649115 0.1615465267068263 0.10279
2651 -0.1965636953341013 -0.1458678526840933 0.10279
2652 0.1831849582008468 -0.1623446634712014 0.10279
2653 -0.0758566426101112 -0.2326371271787805 0.10279
2654 0.06461470637313699 -0.2365269031663318 0.10279
2655 0.2133663152297801 -0.1200187097822874 0.10279
2656 0.02518392892517899 -0.2431530464259638 0.10279
2657 -0.2441066478836655 0.02584583863404659 0.10279
2658 0.09402245528907557 -0.2263407516310389 0.10279
2659 0.08612603445350421 -0.2196537691917119 0.10279
2660 0.0762453586535887 -0.2231624171619508 0.10279
2661 0.07813168701133356 -0.2128437649336929 0.10279
2662 0.06821054949206069 -0.2162751056114301 0.10279
2663 0.07012668312528997 -0.2060254481467577 0.10279
2664 0.08002007579379948 -0.2025130685255877 0.10279
2665 0.07202025089029457 -0.195710443954508 0.10279
2666 0.06213174550052519 -0.1992375752513602 0.10279
2667 0.06402190321367257 -0.1889128032612669 0.10279
2668 0.07391022351075718 -0.1853849949243781 0.10279
2669 0.06591115753150933 -0.1785855112961543 0.10279
2670 0.05602277395782917 -0.1821131664671068 0.10279
2671 0.05791199596054309 -0.1717857849902775 0.10279
2672 0.06780040273671922 -0.168258189893108 0.10279
2673 0.05980121868502614 -0.1614584029304869 0.10279
2674 0.04991281164927037 -0.1649859980606092 0.10279
2675 0.0518020253477768 -0.1546585922333031 0.10279
2676 0.06169043033574483 -0.1511309935117172 0.10279
2677 0.05369123737266351 -0.144331183503358 0.10279
2678 0.04380283271355565 -0.1478587828006952 0.10279
2679 0.04569204449513463 -0.1375313736525601 0.10279
2680 0.05558044914984864 -0.134003774317358 0.10279
2681 0.04758125620787603 -0.1272039643479282 0.10279
2682 0.0376928488439369 -0.1307315648536997 0.10279
2683 0.03958206325758809 -0.1204041543631909 0.10279
2684 0.04947046792442863 -0.1168765550503121 0.10279
2685 0.04147127497235059 -0.1100767450622795 0.10279
2686 0.03158286312462481 -0.1136043463153122 0.10279
2687 0.03347208202004155 -0.1032769350738217 0.10279
2688 0.043360486687219 -0.09974933576156292 0.10279
2689 0.03536129373486024 -0.09294952577301359 0.10279
2690 0.02547287986409138 -0.0964771277476467 0.10279
2691 0.02736210078249506 -0.08614971578445244 0.10279
2692 0.03725050544968189 -0.08262211647221089 0.10279
2693 0.02925131249731531 -0.0758223064836472 0.10279
2694 0.01936289660354923 -0.07934990917996443 0.10279
2695 0.02125211954494856 -0.06902249649508319 0.10279
2696 0.03114052421213565 -0.06549489718284211 0.10279
2697 0.02314133125976884 -0.05869508719427802 0.10279
2698 0.01325291334300648 -0.0622226906122811 0.10279
2699 0.01514213830740205 -0.05189527720571391 0.10279
2700 0.02503054297458917 -0.04836767789347286 0.10279
2701 0.01703135002222236 -0.04156786790490875 0.10279
2702 0.00714293306757096 -0.04509547125980124 0.10279
2703 0.009032157069855558 -0.03476805791634465 0.10279
2704 0.01892056173704266 -0.03124045860410358 0.10279
2705 0.01092136878467585 -0.02444064861553949 0.10279
2706 0.001032955801012349 -0.02796824574099929 0.10279
2707 0.002922169475486213 -0.0176408366877701 0.10279
2708 0.01281057944002565 -0.01411323899153344 0.10279
2709 0.004811386311080428 -0.007313428949102523 0.10279
2710 -0.005077017120057789 -0.01084102863841128 0.10279
2711 -0.003187805611245664 -0.0005136192747614991 0.10279
2712 0.006700599021606744 0.003013980047953669 0.10279
2713 -0.001298593764809078 0.009813789985892942 0.10279
2714 -0.01118699840433767 0.006286190665214403 0.10279
2715 0.00858981092431407 0.01334138929144222 0.10279
2716 -0.009297786662971602 0.01661359995792154 0.10279
2717 -0.01918618975149614 0.01308600248941163 0.10279
2718 -0.01729697933876966 0.02341341024966858 0.10279
2719 -0.02718538239023345 0.01988581283444503 0.10279
2720 -0.02529617219277015 0.0302132203481747 0.10279
2721 -0.03518457684356283 0.02668562105425724 0.10279
2722 -0.03329536537890303 0.03701303006027046 0.10279
2723 -0.04318377008505111 0.03348543070195126 0.10279
2724 -0.04507298180636483 0.0231580213934664 0.10279
2725 -0.02340696075340936 0.0405406293233796 0.10279
2726 -0.03140615375168612 0.04734043925767694 0.10279
2727 -0.0215177490990996 0.05086803855268494 0.10279
2728 -0.05307217483425881 0.02995783129297311 0.10279
2729 -0.05496138713305562 0.0196304236792729 0.10279
2730 -0.02951694206155153 0.05766784852933237 0.10279
2731 -0.01962853739847871 0.0611954478367152 0.10279
2732 -0.06296057959877532 0.02643023226191615 0.10279
2733 -0.06484979192638154 0.01610282468023707 0.10279
2734 -0.02762773035321216 0.06799525782248347 0.10279
2735 -0.0177393256871052 0.07152285713344889 0.10279
2736 -0.07284898430320713 0.02290263304873992 0.10279
2737 -0.0747381960242348 0.01257522376444555 0.10279
2738 -0.02573851864004659 0.07832266712133441 0.10279
2739 -0.01585011397313526 0.08185026643324979 0.10279
2740 -0.0827373888817127 0.01937503348575122 0.10279
2741 -0.08462660058175267 0.009047624143154768 0.10279
2742 -0.08084817715107767 0.02970244274201334 0.10279
2743 -0.02384930692564389 0.08865007642164648 0.10279
2744 -0.01396090225852637 0.09217767573380543 0.10279
2745 -0.005961709306171046 0.08537786574522768 0.10279
2746 -0.004072497591403919 0.09570527504597025 0.10279
2747 0.00392669536096811 0.08890546505741223 0.10279
2748 0.005815907075780318 0.09923287435820798 0.10279
2749 0.01381510002814673 0.09243306436964335 0.10279
2750 -0.09073658180084868 0.02617484338055714 0.10279
2751 -0.08884737008048996 0.03650225266573596 0.10279
2752 0.01570431174296494 0.1027604736704462 0.10279
2753 0.023703504695332 0.0959606636818823 0.10279
2754 -0.02196009521092849 0.09897748572232783 0.10279
2755 -0.09873577474385131 0.03297465334268797 0.10279
2756 -0.09684656302747036 0.04330206263908759 0.10279
2757 0.0255927164101519 0.1062880729826871 0.10279
2758 0.03359190936251879 0.09948826299412303 0.10279
2759 0.01759352345778497 0.1130878829712511 0.10279
2760 0.03548112107733892 0.1098156722949282 0.10279
2761 0.04348031402970585 0.1030158623063641 0.10279
2762 -0.1067349676937597 0.03977446332431107 0.10279
2763 -0.1048457559785298 0.05010187262395943 0.10279
2764 0.04536952574452602 0.1133432716071693 0.10279
2765 0.05336871869689295 0.1065434616186052 0.10279
2766 0.05147950698207276 0.09621605231779998 0.10279
2767 0.06136791164925987 0.09974365163004117 0.10279
2768 0.05947869993443968 0.08941624232923592 0.10279
2769 0.0693671046016268 0.09294384164147713 0.10279
2770 0.06747789288680664 0.08261643234067188 0.10279
2771 0.07736629755399375 0.08614403165291307 0.10279
2772 0.07547708583917359 0.07581662235210783 0.10279
2773 0.08536549050636069 0.079344221664349 0.10279
2774 0.0834762787915405 0.06901681236354375 0.10279
2775 0.09336468345872762 0.07254441167578492 0.10279
2776 0.09147547174390744 0.0622170023749797 0.10279
2777 0.1013638764110945 0.06574460168722089 0.10279
2778 0.09947466469627431 0.05541719238641555 0.10279
2779 0.1093630693634614 0.05894479169865682 0.10279
2780 0.1074738576486412 0.04861738239785147 0.10279
2781 0.1173622623158284 0.05214498171009273 0.10279
2782 0.1154730506010082 0.04181757240928755 0.10279
2783 -0.1147341606454989 0.04657427331110292 0.10279
2784 -0.1166233723602828 0.03624686401019519 0.10279
2785 -0.1128449489305742 0.05690168261161275 0.10279
2786 0.07925550926881392 0.09647144095371821 0.10279
2787 0.1253614552681953 0.04534517172152874 0.10279
2788 0.1234722435533752 0.03501776242072351 0.10279
2789 0.113583838886188 0.03149016310848218 0.10279
2790 0.121583031838555 0.02469035311991827 0.10279
2791 -0.07662740762692241 0.00224781414762548 0.10279
2792 -0.08651581226546054 -0.001279785245360651 0.10279
2793 -0.07851661931786851 -0.008079595220467237 0.10279
2794 -0.08840502398107666 -0.01160719454392291 0.10279
2795 -0.08040583102884237 -0.01840700453211319 0.10279
2796 -0.09029423569517588 -0.0219346038467602 0.10279
2797 -0.08229504299224558 -0.0287344131361137 0.10279
2798 -0.09218344745151905 -0.03226201303117084 0.10279
2799 -0.08418425839553212 -0.03906182163549278 0.10279
2800 -0.09407265978800414 -0.04258942217900593 0.10279
2801 -0.08607347057936338 -0.04938923147618212 0.10279
2802 -0.1020718521945853 -0.03578961239565383 0.10279
2803 -0.09596187168460371 -0.05291683154429679 0.10279
2804 -0.08796267876253339 -0.05971664154360853 0.10279
2805 -0.09785108284111212 -0.06324424098361983 0.10279
2806 -0.08985188979569332 -0.07004405099527024 0.10279
2807 -0.09974029434927036 -0.07357165033265407 0.10279
2808 -0.09174110136245985 -0.08037146032925639 0.10279
2809 0.1112522810782818 0.06927220099946192 0.10279
2810 0.1314714365057421 0.02821795243215955 0.10279
2811 0.129582224790922 0.01789054313135432 0.10279
2812 0.1196938201237349 0.01436294381911305 0.10279
2813 0.1276930130761019 0.00756313383054907 0.10279
2814 -0.1016295060049713 -0.0838990596470276 0.10279
2815 -0.09363031304275127 -0.09069886963785311 0.10279
2816 -0.1096286989532256 -0.07709924965938518 0.10279
2817 -0.124622565312539 0.04304667399844677 0.10279
2818 -0.1265117770273348 0.03271926469757244 0.10279
2819 0.1178046084089149 0.004035534518307823 0.10279
2820 0.1258038013612818 -0.002764275470256151 0.10279
2821 0.1356922060284692 0.000763323841985042 0.10279
2822 0.1338029943136489 -0.009564085458820117 0.10279
2823 0.1239145896464617 -0.01309168477106139 0.10279
2824 0.1319137825988287 -0.01989149475962534 0.10279
2825 0.1220253779316417 -0.02341909407186664 0.10279
2826 0.1300245708840086 -0.03021890406043058 0.10279
2827 -0.08374190837392194 -0.08717127032598894 0.10279
2828 -0.08563112007928893 -0.0974986796289305 0.10279
2829 -0.03184849987812142 0.09544988641007977 0.10279
2830 -0.02995928816331972 0.1057772957108632 0.10279
2831 -0.03984769283051082 0.1022496963986172 0.10279
2832 -0.03795848111569447 0.1125771056994179 0.10279
2833 -0.04784688578288281 0.1090495063871752 0.10279
2834 -0.04595767406806352 0.1193769156879794 0.10279
2835 -0.05584607873525092 0.1158493163757378 0.10279
2836 -0.053956867020431 0.1261767256765428 0.10279
2837 -0.06384527168761812 0.1226491263643015 0.10279
2838 -0.04406846235324409 0.1297043249887838 0.10279
2839 0.05525793041171317 0.1168708709194104 0.10279
2840 0.04725873745934623 0.1236706809079745 0.10279
2841 0.05714714212653339 0.1271982802202157 0.10279
2842 0.04914794917416643 0.1339980902087798 0.10279
2843 -0.09551952474832527 -0.1010262789407527 0.10279
2844 -0.08752033179441737 -0.1078260889296659 0.10279
2845 -0.07763192712697337 -0.1042984896174829 0.10279
2846 -0.0795211388418022 -0.1146258989182862 0.10279
2847 -0.1345109699796791 0.0395190746860729 0.10279
2848 -0.1364001816944915 0.0291916653852456 0.10279
2849 0.1399129755511961 -0.02669130474818912 0.10279
2850 0.138023763836376 -0.03701871404899441 0.10279
2851 0.1281353591691886 -0.04054631336123583 0.10279
2852 0.1361345521215557 -0.04734612334979969 0.10279
2853 0.1262461474543686 -0.05087372266204106 0.10279
2854 0.1342453404067357 -0.05767353265060495 0.10279
2855 -0.06963273417457368 -0.1110982996060545 0.10279
2856 -0.07152194588938846 -0.1214257089068609 0.10279
2857 -0.06195605997279811 0.1329765356651066 0.10279
2858 -0.07184446463998512 0.1294489363528654 0.10279
2859 -0.08940954350899073 -0.1181534982305271 0.10279
2860 -0.1443993746468533 0.03599147537379537 0.10279
2861 -0.1462885863616714 0.02566406607298407 0.10279
2862 -0.1425101629320322 0.04631888467459819 0.10279
2863 0.05903635384135358 0.1375256895210209 0.10279
2864 0.05103716088898665 0.144325499509585 0.10279
2865 0.08958626002908721 0.05188959307417437 0.10279
2866 0.1243569357395485 -0.06120113196284637 0.10279
2867 0.1323561286919157 -0.0680009419514102 0.10279
2868 -0.0616335432358683 -0.1178981092262564 0.10279
2869 -0.06352275327262399 -0.128225518834033 0.10279
2870 0.1460229567887438 -0.04381852403755828 0.10279
2871 -0.06995525292516505 0.1397763456536706 0.10279
2872 -0.07984365759235208 0.1362487463414293 0.10279
2873 0.1224677240247273 -0.07152854126365185 0.10279
2874 0.1304669169770949 -0.07832835125221559 0.10279
2875 0.1163577427871813 -0.05440132197428234 0.10279
2876 -0.05974433069600593 -0.1075707000763778 0.10279
2877 -0.05363435148262578 -0.1246979208722078 0.10279
2878 -0.0555235599846416 -0.135025328883992 0.10279
2879 -0.06541196470776459 -0.1385529281860007 0.10279
2880 -0.05741277170878443 -0.1453527381830918 0.10279
2881 -0.04752436703382846 -0.1418251388722718 0.10279
2882 -0.04941357874890766 -0.1521525481730296 0.10279
2883 -0.152398567599217 0.04279128536235063 0.10279
2884 -0.1505093558843962 0.05311869466315438 0.10279
2885 -0.07807428323689489 -0.05618904363777064 0.10279
2886 0.1403553216442827 -0.07480075193997401 0.10279
2887 0.1384661099294627 -0.08512816124077931 0.10279
2888 0.1285777052622743 -0.08865576055302081 0.10279
2889 0.06092556555617375 0.1478530988218261 0.10279
2890 0.05292637260380686 0.1546529088103902 0.10279
2891 -0.03952517408046886 -0.1486249488610174 0.10279
2892 -0.04141438579512365 -0.1589523581618529 0.10279
2893 0.1365768982146426 -0.09545557054158454 0.10279
2894 0.1266884935474548 -0.09898316985382588 0.10279
2895 -0.06730117637752528 -0.1488803374950487 0.10279
2896 0.06892475850854067 0.1410532888332621 0.10279
2897 0.06558868117198641 0.07228902303986652 0.10279
2898 0.04303796793661973 0.151125309498149 0.10279
2899 0.0449271796514399 0.1614527187989542 0.10279
2900 0.03503877498425281 0.157925119486713 0.10279
2901 -0.07795444587753199 0.1465761556422346 0.10279
2902 -0.06806604121034496 0.1501037549544758 0.10279
2903 -0.08784285054471906 0.1430485563299933 0.10279
2904 -0.08973206225953917 0.1327211470291882 0.10279
2905 -0.09773125521190613 0.1395209570177522 0.10279
2906 -0.09962046692672624 0.1291935477169469 0.10279
2907 -0.1076196598790932 0.1359933577055109 0.10279
2908 -0.1095088715939133 0.1256659484047057 0.10279
2909 0.07081397022336089 0.1513806981340673 0.10279
2910 0.07881316317572779 0.1445808881455032 0.10279
2911 0.1346876864998226 -0.1057829798423898 0.10279
2912 0.1247992818326356 -0.1093105791546311 0.10279
2913 -0.03152598112770032 -0.155424758849655 0.10279
2914 -0.03341519284245348 -0.1657521681504726 0.10279
2915 -0.1603977605515829 0.04959109535091197 0.10279
2916 -0.1585085488367625 0.0599185046517167 0.10279
2917 0.03692798669907289 0.1682525287875182 0.10279
2918 0.02703958203188587 0.164724929475277 0.10279
2919 0.1483545145966498 -0.08160056192853789 0.10279
2920 -0.1175080645462802 0.1324657583932697 0.10279
2921 -0.1193972762611003 0.1221383490924645 0.10279
2922 0.116800088880268 -0.1025107691660673 0.10279
2923 0.01192588831332644 0.082105655068838 0.10279
2924 -0.07240664228066118 -0.02520682340966733 0.10279
2925 -0.0296367698953617 -0.1450973509114527 0.10279
2926 -0.02352678817521594 -0.1622245688382405 0.10279
2927 -0.02541599989001633 -0.1725519781390495 0.10279
2928 -0.04330359750962944 -0.1692797674627161 0.10279
2929 -0.04973609749770315 0.09872209708636991 0.10279
2930 0.1327984747850029 -0.116110389143195 0.10279
2931 0.1229100701178159 -0.1196379884554363 0.10279
2932 0.08070237489054803 0.1549082974463084 0.10279
2933 0.08870156784291491 0.1481084874577444 0.10279
2934 -0.07606523416271189 0.1569035649430398 0.10279
2935 -0.06617682949552484 0.1604311642552811 0.10279
2936 0.0289287937467059 0.1750523387760822 0.10279
2937 0.0190403890795189 0.171524739463841 0.10279
2938 -0.1015096786415463 0.1188661384161418 0.10279
2939 0.04681639136625998 0.1717801280997595 0.10279
2940 -0.1273964692134673 0.1289381590810284 0.10279
2941 -0.1683969535039495 0.05639090533947531 0.10279
2942 -0.1702861652187697 0.04606349603867008 0.10279
2943 -0.1665077417891291 0.06671831464028034 0.10279
2944 -0.01552759522281773 -0.1690243788268102 0.10279
2945 -0.01741680693763255 -0.1793517881276163 0.10279
2946 -0.1382893934093042 0.01886425608441904 0.10279
2947 -0.1481777980764895 0.01533665677217282 0.10279
2948 -0.1029565442633696 0.06042928192380468 0.10279
2949 0.14268687945219 -0.1125827898309537 0.10279
2950 -0.105730448164273 0.146320767006316 0.10279
2951 0.1309092630701829 -0.1264377984440001 0.10279
2952 0.1210208584029958 -0.1299653977562415 0.10279
2953 0.020929600794339 0.1818521487646461 0.10279
2954 0.01104119612715193 0.1783245494524049 0.10279
2955 0.009151984412331832 0.1679971401515997 0.10279
2956 0.001152791459964864 0.1747969501401637 0.10279
2957 0.09059077955773516 0.1584358967585495 0.10279
2958 0.098589972510102 0.1516360867699854 0.10279
2959 -0.07417602244789176 0.167230974243845 0.10279
2960 -0.06428761778070471 0.1707585735560863 0.10279
2961 -0.156619337121942 0.07024591395252143 0.10279
2962 -0.1646185300743089 0.0770457239410854 0.10279
2963 0.003042003174785014 0.1851243594409689 0.10279
2964 -0.007528402270442791 -0.1758241888153756 0.10279
2965 -0.0068464014924021 0.1815967601287277 0.10279
2966 -0.1401786051241228 0.008536846783609255 0.10279
2967 -0.1500670097913095 0.005009247471367298 0.10279
2968 0.1290200513553629 -0.1367652077448054 0.10279
2969 0.1191316466881759 -0.1402928070570467 0.10279
2970 -0.009417613985261577 -0.1861515981161811 0.10279
2971 -0.1782853581711364 0.05286330602723397 0.10279
2972 -0.1801745698859566 0.04253589672642884 0.10279
2973 -0.01930601865244828 -0.1896791974284228 0.10279
2974 -0.1420678168389427 -0.001790562517196741 0.10279
2975 -0.1519562215061298 -0.00531816182943804 0.10279
2976 -0.1599554144584966 0.001481648159126087 0.10279
2977 -0.1618446261733169 -0.008845761141679093 0.10279
2978 -0.1698438191256836 -0.002045951153114962 0.10279
2979 -0.1717330308405041 -0.01237336045392011 0.10279
2980 -0.1637338378881373 -0.01917317044248429 0.10279
2981 -0.1736222425553244 -0.02270076975472531 0.10279
2982 -0.1656230496029576 -0.02950057974328946 0.10279
2983 -0.1755114542701447 -0.03302817905553049 0.10279
2984 -0.1675122613177779 -0.03982798904409465 0.10279
2985 -0.177400665984965 -0.0433555883563357 0.10279
2986 -0.1694014730325982 -0.05015539834489984 0.10279
2987 -0.1797322237928708 -0.005573550465355944 0.10279
2988 -0.1792898776997853 -0.05368299765714089 0.10279
2989 -0.1712906847474185 -0.06048280764570503 0.10279
2990 -0.1595130683654111 -0.04662779903265882 0.10279
2991 -0.1853998589373317 -0.03655577836777142 0.10279
2992 0.09670076079528178 0.1413086774691802 0.10279
2993 0.1065891654624689 0.1448362767814213 0.10279
2994 0.1046999537476486 0.1345088674806161 0.10279
2995 0.1145883584148358 0.1380364667928572 0.10279
2996 0.1126991467000156 0.127709057492052 0.10279
2997 0.1225875513672027 0.1312366568042933 0.10279
2998 0.1206983396523826 0.1209092475034879 0.10279
2999 0.1305867443195697 0.1244368468157292 0.10279
3000 0.1286975326047496 0.1141094375149239 0.10279
3001 0.1385859372719367 0.1176370368271652 0.10279
3002 0.1366967255571166 0.1073096275263599 0.10279
3003 0.1465851302243038 0.1108372268386013 0.10279
3004 0.1446959185094837 0.100509817537796 0.10279
3005 0.1545843231766708 0.1040374168500373 0.10279
3006 0.1526951114618507 0.09371000754923201 0.10279
3007 0.1625835161290378 0.09723760686147336 0.10279
3008 0.1606943044142178 0.08691019756066805 0.10279
3009 0.124476763082023 0.1415640661050983 0.10279
3010 0.1705827090814048 0.09043779687290929 0.10279
3011 0.1686934973665848 0.08011038757210408 0.10279
3012 -0.1811790894146054 -0.06401040695794598 0.10279
3013 -0.1731798964622388 -0.07081021694651024 0.10279
3014 0.0004707906819261575 -0.1826239988039399 0.10279
3015 0.1111324537358081 -0.1334929970684827 0.10279
3016 -0.0007364202548552612 0.1644695408393585 0.10279
3017 -0.005639190698477074 -0.1654967812403836 0.10279
3018 -0.1109557372156557 0.06722909191214042 0.10279
3019 -0.1010673325484764 0.07075669122440363 0.10279
3020 0.1004791842249222 0.1619634960707906 0.10279
3021 0.09247999127255545 0.1687633060593548 0.10279
3022 -0.1547301254071218 0.08057332325332649 0.10279
3023 -0.1627293183594887 0.08737313324189054 0.10279
3024 -0.1726177230266757 0.0838455339296494 0.10279
3025 -0.1707285113118556 0.09417294323045458 0.10279
3026 0.1564735348914907 0.1143648261508425 0.10279
3027 -0.01162934444679758 0.0543956378473414 0.10279
3028 -0.0562884248283378 0.1639587635675223 0.10279
3029 -0.05439921311351768 0.1742861728683275 0.10279
3030 -0.03751613502079369 0.06446765850977647 0.10279
3031 -0.07228681073307161 0.1775583835446503 0.10279
3032 -0.08217521540025866 0.1740307842324091 0.10279
3033 -0.004957189777581974 0.1919241694295329 0.10279
3034 -0.1881737628383235 0.04933570671499281 0.10279
3035 -0.1900629745531437 0.03900829741418759 0.10279
3036 -0.001418421032893567 -0.1929514081047452 0.10279
3037 0.1271308396405428 -0.1470926170456106 0.10279
3038 0.1172424349733559 -0.1506202163578519 0.10279
3039 0.1785819020337718 0.08363798688434536 0.10279
3040 0.1766926903189519 0.07331057758354016 0.10279
3041 0.1370192443077299 -0.1435650177333693 0.10279
3042 0.008469983634293641 -0.1894238087925038 0.10279
3043 0.1668042856517646 0.06978297827129888 0.10279
3044 0.174803478604132 0.06298316828273487 0.10279
3045 0.1846918832713188 0.0665107675949763 0.10279
3046 0.1828026715564989 0.05618335829417097 0.10279
3047 0.1729142668893119 0.05265575898192962 0.10279
3048 0.1809134598416787 0.04585594899336572 0.10279
3049 0.1908018645088659 0.04938354830560698 0.10279
3050 0.188912652794046 0.03905613900480173 0.10279
3051 0.1790242481268586 0.03552853969256043 0.10279
3052 0.1870234410792259 0.02872872970399649 0.10279
3053 0.177135036412039 0.02520113039175512 0.10279
3054 0.1851342293644061 0.01840132040319125 0.10279
3055 0.195022634031593 0.02192891971543261 0.10279
3056 0.1931334223167731 0.01160151041462737 0.10279
3057 0.183245017649586 0.00807391110238603 0.10279
3058 0.191244210601953 0.001274101113822121 0.10279
3059 0.181355805934766 -0.002253498198419182 0.10279
3060 0.189354998887133 -0.009053308186983126 0.10279
3061 -0.1830683011294252 -0.07433781625875105 0.10279
3062 -0.175069108177059 -0.08113762624731542 0.10279
3063 -0.1651807035098719 -0.07761002693507438 0.10279
3064 -0.1670699152246922 -0.08793743623587956 0.10279
3065 -0.1571815105575051 -0.08440983692363851 0.10279
3066 -0.1590707222723254 -0.09473724622444375 0.10279
3067 -0.1689591269395125 -0.0982648455366848 0.10279
3068 -0.1609599339871457 -0.1050646555252489 0.10279
3069 -0.1510715293199585 -0.1015370562130079 0.10279
3070 -0.1529607410347789 -0.1118644655138131 0.10279
3071 -0.1430723363675917 -0.1083368662015721 0.10279
3072 -0.1449615480824121 -0.1186642755023773 0.10279
3073 -0.1548499527495993 -0.1221918748146184 0.10279
3074 -0.1468507597972324 -0.1289916848031826 0.10279
3075 -0.1369623551300453 -0.1254640854909415 0.10279
3076 -0.1388515668448655 -0.1357914947917468 0.10279
3077 0.006580771919473793 -0.1997512180933091 0.10279
3078 0.1023683959397426 0.1722909053715958 0.10279
3079 0.09436920298737575 0.17909071536016 0.10279
3080 -0.08028600368543855 0.1843581935332142 0.10279
3081 -0.09017440835262561 0.180830594220973 0.10279
3082 0.19924340355432 -0.005525708874741826 0.10279
3083 0.1973541918395 -0.01585311817554709 0.10279
3084 0.187465787172313 -0.0193807174877884 0.10279
3085 0.1954649801246799 -0.02618052747635232 0.10279
3086 0.01646917658666078 -0.1962236187810677 0.10279
3087 0.185576575457493 -0.02970812678859362 0.10279
3088 0.1935757684098599 -0.03650793677715757 0.10279
3089 0.1836873637426729 -0.04003553608939882 0.10279
3090 0.1916865566950398 -0.04683534607796282 0.10279
3091 0.1817981520278528 -0.05036294539020404 0.10279
3092 0.1897973449802196 -0.05716275537876803 0.10279
3093 -0.08695815836002319 0.04682966195059444 0.10279
3094 -0.1289631621776784 -0.1322638954795056 0.10279
3095 -0.1308523738924986 -0.1425913047803109 0.10279
3096 -0.002183285876587936 0.1060326843467704 0.10279
3097 -0.1209639692253115 -0.1390637054680697 0.10279
3098 -0.1228531809401317 -0.149391114768875 0.10279
3099 -0.1129647762729446 -0.1458635154566338 0.10279
3100 -0.1148539879877648 -0.1561909247574391 0.10279
3101 0.1098054154565479 0.01083534450687181 0.10279
3102 -0.1439570285537629 -0.01211797181800217 0.10279
3103 -0.1891782823669715 -0.057210596969382 0.10279
3104 -0.1255072574986472 0.1392655683818336 0.10279
3105 -0.1353956621658342 0.1357379690695923 0.10279
3106 -0.1335064504510142 0.1460653783703976 0.10279
3107 0.03081800546152605 0.1853797480768874 0.10279
3108 0.1140261849792747 -0.01661928408330268 0.10279
3109 0.02281881250915921 0.1921795580654514 0.10279
3110 0.03270721717634629 0.1957071573776925 0.10279
3111 -0.0686282193787259 -0.00455200545954948 0.10279
3112 0.01658900388033692 0.006541579301762826 0.10279
3113 0.01847821563956401 0.01686898858902131 0.10279
3114 0.02647740858745834 0.01006917860182159 0.10279
3115 0.02836662031001664 0.02039658790026621 0.10279
3116 0.03636581326184541 0.01359677791186625 0.10279
3117 0.03825502497833116 0.02392418721216336 0.10279
3118 0.04625421793042041 0.01712437722368394 0.10279
3119 0.04436500621555386 0.006796967922892859 0.10279
3120 0.05425341088296459 0.0103245672350657 0.10279
3121 0.05236419916817386 -2.842065748505029e-06 0.10279
3122 0.03025583202577636 0.03072399720078479 0.10279
3123 0.06225260383540316 0.003524757246479675 0.10279
3124 0.06036339212059957 -0.006802652054330599 0.10279
3125 0.04814342964547196 0.02745178652441857 0.10279
3126 0.07025179678779178 -0.003275052742091094 0.10279
3127 0.06836258507297741 -0.01360246204289808 0.10279
3128 0.0721410085026129 0.007052356558713834 0.10279
3129 0.1508058997470305 0.08338259824842667 0.10279
3130 -0.09829342864761328 -0.01513479385799794 0.10279
3131 0.1724719207962249 0.1007652061737145 0.10279
3132 -0.02807007644850803 0.1161047050116583 0.10279
3133 0.04959029526725257 0.08588864301699474 0.10279
3134 0.05847418040578899 -0.01713006135513874 0.10279
3135 0.06647337335815744 -0.02392987134370335 0.10279
3136 -0.02107541136301095 0.002758595913914276 0.10279
3137 -0.09451500522301316 0.005520024757821889 0.10279
3138 -0.04640002016115073 0.1674863628797635 0.10279
3139 -0.04451080844633055 0.1778137721805687 0.10279
3140 0.007262772697511697 0.1576697308507945 0.10279
3141 -0.002625631969675381 0.1541421315385533 0.10279
3142 0.09525389517354794 0.08287182097659004 0.10279
3143 -0.07039759901825152 0.1878857928454555 0.10279
3144 -0.06573448340243837 0.1123217170634964 0.10279
3145 -0.1058502756953776 -0.05644443101635076 0.10279
3146 -0.1090665255008312 0.07755650121293327 0.10279
3147 -0.09917812083364339 0.0810841005251724 0.10279
3148 -0.09117892788127635 0.07428429053660804 0.10279
3149 -0.1528409136923017 0.09090073255413146 0.10279
3150 0.1404751489867569 0.1279644461279704 0.10279
3151 0.01035919563720667 -0.17909640057021 0.10279
3152 -0.1433948551182012 0.1425377790581563 0.10279
3153 -0.1452840668330212 0.132210369757351 0.10279
3154 -0.1247423926549519 -0.1597185240696803 0.10279
3155 -0.1167431997025849 -0.1665183340582443 0.10279
3156 -0.1068547950353978 -0.1629907347460031 0.10279
3157 -0.1087440067502179 -0.1733181440468083 0.10279
3158 -0.09885560208303081 -0.1697905447345671 0.10279
3159 -0.00330763274771366 -0.2032788174055513 0.10279
3160 -0.1007448137978509 -0.1801179540353723 0.10279
3161 -0.09085640913066381 -0.1765903547231311 0.10279
3162 0.1252416279257228 -0.1574200263464159 0.10279
3163 0.1153532232585358 -0.1609476256586572 0.10279
3164 0.1073540303061689 -0.1541478156700933 0.10279
3165 -0.1806169159790426 0.09064534391821345 0.10279
3166 -0.1787277042642224 0.1009727532190187 0.10279
3167 -0.1708483386543329 -0.10859225483749 0.10279
3168 -0.1788475316066997 -0.101792444848926 0.10279
3169 -0.1407407785596856 -0.146118904092552 0.10279
3170 -0.1980621675055106 0.04580810740275154 0.10279
3171 -0.1999513792203307 0.03548069810194632 0.10279
3172 -0.1961729557906904 0.05613551670355677 0.10279
3173 0.02470802422397941 0.2025069673662567 0.10279
3174 0.198801057461233 0.04258373831704301 0.10279
3175 0.203464173077047 -0.03298033746491637 0.10279
3176 -0.1567391644644197 -0.1325192841154235 0.10279
3177 0.2030218269839601 0.01512910972686876 0.10279
3178 -0.09274562084548396 -0.1869177640239363 0.10279
3179 -0.08285721617829683 -0.1833901647116952 0.10279
3180 -0.1532832597853882 0.1390101797459154 0.10279
3181 0.200690269176053 0.05291114761784829 0.10279
3182 -0.1415056434033811 0.1528651883589615 0.10279
3183 -0.1316172387361939 0.1563927876712026 0.10279
3184 0.1996857496474067 -0.05363515606652685 0.10279
3185 0.1977965379325866 -0.06396256536733207 0.10279
3186 0.1879081332653995 -0.06749016467957324 0.10279
3187 0.1959073262177664 -0.07428997466813729 0.10279
3188 0.1860189215505793 -0.07781757398037845 0.10279
3189 0.2072425965066871 -0.01232551886330577 0.10279
3190 0.1054648185913489 -0.1644752249708985 0.10279
3191 0.1134640115437159 -0.1712750349594624 0.10279
3192 0.1775773825051259 -0.02290831680002968 0.10279
3193 0.1436913989808369 -0.006036486146578969 0.10279
3194 0.1394706294581091 0.02141814244359553 0.10279
3195 0.07636177802534481 -0.0204022720314624 0.10279
3196 0.07447256631052467 -0.03072968133226761 0.10279
3197 0.06458416164333752 -0.03425728064450863 0.10279
3198 0.07258335459570442 -0.04105709063307281 0.10279
3199 0.08247175926289153 -0.03752949132083176 0.10279
3200 0.08058254754807118 -0.04785690062163693 0.10279
3201 0.07069414288088412 -0.05138449993387798 0.10279
3202 0.07869333583325086 -0.0581843099224421 0.10279
3203 0.1413598411729292 0.03174555174440075 0.10279
3204 0.08448079832018857 0.1755631160479188 0.10279
3205 0.08637001003500884 0.1858905253487241 0.10279
3206 -0.127073950462858 -0.1219364861787003 0.10279
3207 -0.1115179106575072 -0.08742665896260537 0.10279
3208 -0.1195171036074322 -0.08062684897459739 0.10279
3209 0.01047902268211529 0.02366879857913565 0.10279
3210 0.06880493116606382 -0.06171190923468315 0.10279
3211 0.0768041241184306 -0.06851171922324728 0.10279
3212 0.07692395146090752 0.134253478844698 0.10279
3213 0.03314956326943264 0.1475977101859078 0.10279
3214 -0.1321794121717557 0.001737036795044306 0.10279
3215 0.1108099349851954 0.1173816481912467 0.10279
3216 0.1268083208899295 0.1037820282141186 0.10279
3217 0.03459642889116644 0.2060345666784979 0.10279
3218 0.04259562184353338 0.1992347566899338 0.10279
3219 0.1042576076545629 0.1826183146724011 0.10279
3220 0.1122568006069298 0.1758185046838368 0.10279
3221 0.01457996487184083 -0.2065510280818729 0.10279
3222 0.0244683695390278 -0.2030234287696316 0.10279
3223 0.1940181145029463 -0.08461738396894246 0.10279
3224 0.1841297098357591 -0.08814498328118364 0.10279
3225 -0.08474642789311702 -0.1937175740125004 0.10279
3226 -0.07485802322592991 -0.1901899747002594 0.10279
3227 -0.08828519663780555 0.1911580035217782 0.10279
3228 -0.09817360130499257 0.187630404209537 0.10279
3229 -0.2060613604578775 0.05260791739131556 0.10279
3230 -0.2041721487430574 0.0629353266921208 0.10279
3231 -0.01062482492204238 0.1609419415271174 0.10279
3232 -0.01251403663686245 0.1506145322263121 0.10279
3233 -0.004514843684495501 0.1438147222377481 0.10279
3234 0.1272506669830153 0.05567258102233391 0.10279
3235 -0.1679546074108632 0.008281458147690149 0.10279
3236 -0.146730932454755 0.07377351326476235 0.10279
3237 -0.08928971616645401 0.0846116998374071 0.10279
3238 -0.08129052321408672 0.07781188984884199 0.10279
3239 -0.1292856809282872 0.1186107497802231 0.10279
3240 -0.1212864879759203 0.1118109397916593 0.10279
3241 -0.1688392995970354 0.1045003525312598 0.10279
3242 -0.1768384925494022 0.1113001625198239 0.10279
3243 -0.126631604369772 -0.1700459333704855 0.10279
3244 0.1921289027881261 -0.09494479326974768 0.10279
3245 0.182240498120939 -0.09847239258198889 0.10279
3246 0.1035756068765289 -0.1748026342717037 0.10279
3247 0.0263575816350276 -0.1926960202709028 0.10279
3248 0.09746562563898187 -0.1576754149823346 0.10279
3249 0.08669252878561789 -0.06498411991100585 0.10279
3250 0.08480331707079743 -0.0753115292118114 0.10279
3251 0.0749149124036103 -0.07883912852405243 0.10279
3252 0.08291410535597707 -0.08563893851261657 0.10279
3253 0.09280251002316417 -0.08211133920037557 0.10279
3254 0.09091329830834384 -0.09243874850118074 0.10279
3255 0.08102489364115671 -0.09596634781342171 0.10279
3256 0.08902408659352351 -0.1027661578019859 0.10279
3257 0.173356612982399 0.004546311790144788 0.10279
3258 0.08014020145498352 0.000252546570148561 0.10279
3259 0.1780197285982123 -0.07101776399181468 0.10279
3260 0.08202941316980455 0.01057995587095352 0.10279
3261 -0.0969663903682107 -0.1594631354337618 0.10279
3262 0.0764816053678217 0.182362926036483 0.10279
3263 0.07837081708264199 0.1926903353372882 0.10279
3264 0.1121369732644546 -0.02694669338410793 0.10279
3265 -0.07530036933015113 -0.1420805275064373 0.10279
3266 -0.05118296310576852 0.04028524060990125 0.10279
3267 0.060805738213697 -0.05491209924611902 0.10279
3268 -0.07296881151110965 -0.1798625653994541 0.10279
3269 -0.06496961855874273 -0.1866623753880183 0.10279
3270 -0.0668588302735631 -0.1969897846888235 0.10279
3271 -0.05697042560637589 -0.1934621853765825 0.10279
3272 -0.05885963732119635 -0.2037895946773877 0.10279
3273 -0.04897123265400917 -0.2002619953651469 0.10279
3274 -0.1185125840749639 0.02591945470899702 0.10279
3275 0.07403022021743785 0.01737976585951759 0.10279
3276 0.08391862488462615 0.02090736517175832 0.10279
3277 0.07591943193225908 0.02770717516032248 0.10279
3278 0.1502437263114698 -0.07127315262773264 0.10279
3279 0.04247579450099166 -0.003530441377991062 0.10279
3280 -0.1000628130198126 0.1773029949087317 0.10279
3281 -0.1080620059721796 0.1841028048972956 0.10279
3282 -0.04696219359671216 0.01283061200360387 0.10279
3283 0.07913568192633637 -0.1062937571142268 0.10279
3284 0.0871348748787031 -0.113093567102791 0.10279
3285 -0.1552922988426848 -0.07408242762283335 0.10279
3286 -0.01484559444476903 0.1883965701172916 0.10279
3287 -0.01295638272994886 0.1987239794180969 0.10279
3288 -0.003067978062761751 0.2022515787303381 0.10279
3289 -0.01106717101512863 0.2090513887189021 0.10279
3290 -0.02095557568231572 0.2055237894066609 0.10279
3291 -0.001329856571390948 0.2124012477924277 0.10279
3292 -0.1919521862679637 0.02868088811338223 0.10279
3293 -0.2018405909351508 0.02515328880114109 0.10279
3294 -0.2098397838875178 0.03195309878970515 0.10279
3295 -0.211728995602338 0.02162568948889996 0.10279
3296 -0.2037298026499709 0.01482587950033589 0.10279
3297 -0.2136182073171581 0.01129828018809471 0.10279
3298 -0.205619014364791 0.004498470199530689 0.10279
3299 -0.2155074190319781 0.0009708708872893858 0.10279
3300 -0.2075082260796111 -0.005828939101274517 0.10279
3301 -0.1396164316885609 0.1631925976597667 0.10279
3302 -0.1106332184650381 -0.1836455533476136 0.10279
3303 -0.1886161089314095 0.0974451539067776 0.10279
3304 -0.1807367433215201 -0.1121198541497312 0.10279
3305 -0.1887359362738869 -0.1053200441611671 0.10279
3306 0.111574799828896 -0.1816024442602675 0.10279
3307 0.1214632044960829 -0.1780748449480262 0.10279
3308 0.2076849425997737 -0.06043496605509086 0.10279
3309 0.08825922174982906 0.1962179346495294 0.10279
3310 0.2086894621284201 0.04611133762928437 0.10279
3311 0.04448483355835346 0.2095621659907392 0.10279
3312 0.02720317906853582 0.212723530391305 0.10279
3313 -0.2173966307467981 -0.009356538413515903 0.10279
3314 -0.2093974377944312 -0.01615634840207973 0.10279
3315 0.08026002879746218 0.2030177446380934 0.10279
3316 0.0225791578242075 -0.2133508380704374 0.10279
3317 0.03246756249139475 -0.2098232387581955 0.10279
3318 -0.05086044436882966 -0.210589404665952 0.10279
3319 -0.04097203970164247 -0.2070618053537111 0.10279
3320 -0.01906636396749548 0.2158511987074661 0.10279
3321 -0.02895476863468264 0.212323599395225 0.10279
3322 0.1902396910733059 -0.1052722025705529 0.10279
3323 0.1803512864061188 -0.108799801882794 0.10279
3324 0.1723520934537519 -0.10199999189423 0.10279
3325 0.1704628817389318 -0.1123274011950352 0.10279
3326 0.1784620746912986 -0.1191272111835992 0.10279
3327 0.1685736700241116 -0.1226548104958404 0.10279
3328 0.1765728629764785 -0.1294546204844044 0.10279
3329 0.1666844583092913 -0.1329822197966456 0.10279
3330 0.01269075315701957 -0.2168784373826806 0.10279
3331 0.1141460123217501 0.1861459139846418 0.10279
3332 0.1221452052741169 0.1793461039960776 0.10279
3333 0.2105786738432399 0.05643874693008966 0.10279
3334 -0.1495048363557481 0.1596649983475256 0.10279
3335 -0.06874804198838344 -0.2073171939896287 0.10279
3336 0.101686394976503 -0.185130043899096 0.10279
3337 0.1737989590754858 -0.04356313540163997 0.10279
3338 0.09047095221525919 -0.04432930130939563 0.10279
3339 0.1493590341252962 0.0249457417558368 0.10279
3340 0.1041377803120876 -0.02014688339554404 0.10279
3341 0.1512482458401163 0.03527315105664205 0.10279
3342 -0.03651161549396361 0.1710139621920047 0.10279
3343 -0.03840082720878377 0.1606865528911993 0.10279
3344 0.05248402651072051 0.2027623560021751 0.10279
3345 0.05437323822554071 0.2130897653029804 0.10279
3346 -0.1110755645581243 -0.1355361061558286 0.10279
3347 -0.1214063153200891 -0.0909542582758978 0.10279
3348 -0.1099512176869996 0.1737753955964904 0.10279
3349 -0.1179504106393666 0.1805752055850542 0.10279
3350 -0.1905053206462298 0.08711774460597235 0.10279
3351 0.05891652649887671 -0.06523950854692419 0.10279
3352 -0.1721753769335899 0.03573608673786473 0.10279
3353 -0.1472931058903179 -0.08088223761139751 0.10279
3354 -0.1454038941754975 -0.07055482831059234 0.10279
3355 0.07113648897396962 -0.09949394712566273 0.10279
3356 -0.1208441418828535 0.06370149259992949 0.10279
3357 -0.03084398034950281 0.2019961900944199 0.10279
3358 -0.03884317330186988 0.2087960000829839 0.10279
3359 0.07724647021151597 -0.116621166415032 0.10279
3360 0.08524566316388335 -0.1234209764035966 0.10279
3361 -0.01440324835168256 0.1402871229255069 0.10279
3362 -0.006404055399315598 0.1334873129369429 0.10279
3363 0.003484349267871447 0.1370149122491841 0.10279
3364 -0.07940131149926613 0.08813929914964599 0.10279
3365 -0.07140211854689908 0.08133948916108161 0.10279
3366 -0.07329133026171922 0.07101207986027636 0.10279
3367 -0.06340292559453201 0.07453967917251714 0.10279
3368 -0.0652921373093522 0.06421226987171198 0.10279
3369 0.1202559935592965 0.1690186946952725 0.10279
3370 0.1301443982264838 0.1725462940075135 0.10279
3371 -0.087400504451633 0.09493910913820981 0.10279
3372 -0.1311748926431074 0.1082833404794179 0.10279
3373 -0.1071773137860074 0.08788391051372808 0.10279
3374 -0.1170657184531947 0.08435631120148776 0.10279
3375 -0.1669500878822151 0.1148277618320649 0.10279
3376 -0.174949280834582 0.1216275718206291 0.10279
3377 -0.184837685501769 0.1180999725083881 0.10279
3378 -0.1985045135985966 0.09391755459453663 0.10279
3379 -0.219285842461618 -0.01968394771432116 0.10279
3380 -0.2112866495092511 -0.026483757702885 0.10279
3381 -0.1476156246409279 0.1699924076483308 0.10279
3382 -0.09463483256030414 -0.1972451733247416 0.10279
3383 -0.02706555691986236 0.2226510086960302 0.10279
3384 0.1096855880832085 -0.1919298536155039 0.10279
3385 0.2039065191701333 -0.08108978465670134 0.10279
3386 -0.09628438959017258 0.1979578135103422 0.10279
3387 -0.08639598492298557 0.2014854128225834 0.10279
3388 -0.2142838041940834 0.05944856705069015 0.10279
3389 -0.2122085501593976 0.06974194329248648 0.10279
3390 0.03067517616704482 -0.220574018155462 0.10279
3391 0.04057971839931023 -0.217116980525963 0.10279
3392 -0.221175054176438 -0.03001135701512646 0.10279
3393 -0.2131758612240709 -0.03681116700369025 0.10279
3394 -0.2197281885547049 0.02842549947746411 0.10279
3395 -0.04286125141646295 -0.2173892146545162 0.10279
3396 -0.03297284674927569 -0.2138616153422753 0.10279
3397 -0.05274965608365011 -0.2209168139667572 0.10279
3398 -0.1829484737869489 0.1284273818091932 0.10279
3399 0.1746836512616582 -0.1397820297852096 0.10279
3400 0.1647952465944711 -0.1433096290974508 0.10279
3401 -0.2272850354139852 -0.01288413772575728 0.10279
3402 0.04637404527317355 0.2198895752915444 0.10279
3403 -0.03486194230073224 -0.2241888879902675 0.10279
3404 -0.02497363443634846 -0.2206614025553708 0.10279
3405 0.2185778667956071 0.04963893694152589 0.10279
3406 0.2166886550807873 0.03931152764072061 0.10279
3407 -0.1906251479887073 -0.1156474534619722 0.10279
3408 -0.1826259550363405 -0.1224472634505365 0.10279
3409 -0.1986243409410741 -0.1088476434734079 0.10279
3410 -0.1967351292262528 -0.09852023417260274 0.10279
3411 -0.09435264051903702 0.2082774413754041 0.10279
3412 0.200128095740493 -0.1017446032583116 0.10279
3413 0.09979717483114361 -0.195457463116162 0.10279
3414 0.04237479592926133 -0.2063779621948793 0.10279
3415 0.09368720201173414 -0.1783302341610912 0.10279
3416 0.09702327954589179 -0.10956596779055 0.10279
3417 0.100801702975531 -0.08891114918893973 0.10279
3418 0.1026909146903512 -0.07858373988813454 0.10279
3419 -0.02308443885532825 -0.2103340122341231 0.10279
3420 -0.01508524536516851 -0.2171338215900358 0.10279
3421 0.09002860612217214 0.003780145882389153 0.10279
3422 0.1582429192638371 -0.07807296261629665 0.10279
3423 0.1601321309786575 -0.06774555331549177 0.10279
3424 0.1563537075490169 -0.08840037191710173 0.10279
3425 -0.04708202093918866 -0.1899345860643417 0.10279
3426 -0.02240244130404954 0.1470869329140709 0.10279
3427 0.1061468193693833 0.1929457239732063 0.10279
3428 0.1160352240365706 0.1964733232854469 0.10279
3429 -0.07718958103750459 -0.1524079368086085 0.10279
3430 0.08580783659944637 0.03123477447256353 0.10279
3431 0.07780864364707957 0.03803458446112769 0.10279
3432 0.1567960536421042 -0.1365098191088867 0.10279
3433 0.2095741543145938 -0.05010755675428568 0.10279
3434 0.1624636887865648 -0.1055275912064713 0.10279
3435 0.06848241241545472 0.1891627360250471 0.10279
3436 0.1714674012675789 -0.005781097510660448 0.10279
3437 0.1634682083152119 0.001018712477903461 0.10279
3438 0.1615789966003919 -0.00930869682290179 0.10279
3439 0.06659320070063435 0.1788353267242418 0.10279
3440 0.03170269764769855 0.0891608536933178 0.10279
3441 0.2091318082215071 -0.001998109562500492 0.10279
3442 0.2171310011738742 -0.008797919551064303 0.10279
3443 0.2190202128886948 0.00152948974974104 0.10279
3444 -0.1391740855954743 0.1150831504679818 0.10279
3445 -0.06308040684392242 -0.1763349660872131 0.10279
3446 -0.1557346449357705 -0.02597298043104842 0.10279
3447 0.1060269920269075 -0.009819474094738847 0.10279
3448 -0.1019520247346327 0.1669755856079264 0.10279
3449 0.09380702955181325 0.02443496448399938 0.10279
3450 0.06514633507890022 0.1203984702316516 0.10279
3451 0.0509173335465099 -0.05843969855836006 0.10279
3452 0.154906841927284 -0.1468372284096919 0.10279
3453 0.1629060348796509 -0.153637038398256 0.10279
3454 0.1530176302124639 -0.1571646377104972 0.10279
3455 0.08813939440735222 -0.006547263418416095 0.10279
3456 -0.1134071223673616 -0.09775406826454443 0.10279
3457 -0.1232955270337212 -0.1012816675769745 0.10279
3458 -0.1152963340811562 -0.1080814775655839 0.10279
3459 0.0528065452613302 -0.0481122892575549 0.10279
3460 -0.1346307973221389 -0.1632461233819215 0.10279
3461 -0.1365200090369593 -0.1735735326827267 0.10279
3462 -0.1445192019893263 -0.1667737226941624 0.10279
3463 -0.1285208160845921 -0.1803733426712908 0.10279
3464 -0.1176278918922049 -0.07029943967388494 0.10279
3465 0.09481154908046144 0.130981268168375 0.10279
3466 0.2152417894590542 -0.01912532885186964 0.10279
3467 -0.08518877398867025 -0.1456081268202642 0.10279
3468 -0.007408574888598217 0.02694100930515159 0.10279
3469 -0.01673480615958925 0.1780691608164865 0.10279
3470 -0.1942837440758702 0.06646292600436189 0.10279
3471 -0.1377272199737407 0.1735200069605718 0.10279
3472 0.1474698224104762 0.01461833245503157 0.10279
3473 0.157358227077664 0.01814593176727268 0.10279
3474 0.03925954450697926 0.1304704908965385 0.10279
3475 0.09935483735380192 -0.1473480056815294 0.10279
3476 0.08946643268661467 -0.150875604993771 0.10279
3477 0.08757722097114475 -0.1612030142966126 0.10279
3478 -0.1006249864580341 0.02264724404008174 0.10279
3479 0.02458819687189262 -0.0002582306987562009 0.10279
3480 0.05059481479590029 0.1924349467013698 0.10279
3481 0.06792023897989241 0.03450698514888657 0.10279
3482 0.06980945069471274 0.04483439444969184 0.10279
3483 -0.2178389768398847 0.03875290877826926 0.10279
3484 0.1432490528877493 0.04207296104520603 0.10279
3485 0.1531374575549364 0.04560056035744731 0.10279
3486 0.05992104602752555 0.0413067951374507 0.10279
3487 0.06181025774234582 0.05163420443825589 0.10279
3488 0.05192185307515869 0.04810660512601481 0.10279
3489 0.05381106478997896 0.05843401442682 0.10279
3490 0.04392266012279183 0.05490641511457891 0.10279
3491 0.04581187183761211 0.06523382441538413 0.10279
3492 0.03592346717042497 0.06170622510314304 0.10279
3493 0.03403425545560471 0.05137881580233784 0.10279
3494 0.02603506250323787 0.05817862579090194 0.10279
3495 0.02414585078841759 0.04785121649009676 0.10279
3496 0.01614665783605075 0.05465102647866085 0.10279
3497 0.02792427421805808 0.06850603509170715 0.10279
3498 0.01425744612123048 0.04432361717785568 0.10279
3499 -0.1411831246527714 -0.09800945690076686 0.10279
3500 -0.05251000139869736 0.1846135821691326 0.10279
3501 0.1451382646025694 0.05240037034601128 0.10279
3502 -0.1406209512172091 0.0566462939753952 0.10279
3503 -0.08663563960793719 -0.2040449833133057 0.10279
3504 -0.1966153018837763 0.1042449638953419 0.10279
3505 -0.1561769910288565 0.02213646676073745 0.10279
3506 0.001595137553051299 0.1266875029483789 0.10279
3507 0.2025794808908729 0.06323855691865357 0.10279
3508 0.2124678855580597 0.06676615623089502 0.10279
3509 0.2044686926056926 0.07356596621945886 0.10279
3510 0.07535725849669736 -0.1269485757158378 0.10279
3511 0.01148354222023835 0.1302151022606201 0.10279
3512 0.01337275393505849 0.1405425115614253 0.10279
3513 -0.03462240377914329 0.1813413714928097 0.10279
3514 -0.195730609697604 0.008026069511771903 0.10279
3515 -0.06951290683207884 0.09166689846188646 0.10279
3516 -0.02429165301886959 0.1367595236132656 0.10279
3517 -0.1118404294018196 0.1634479862956851 0.10279
3518 -0.008293267114135874 0.1231599036361378 0.10279
3519 0.1282551865116634 0.1622188847067083 0.10279
3520 0.1381435911788506 0.1657464840189493 0.10279
3521 0.1362543794640302 0.1554190747181441 0.10279
3522 0.1461427841312174 0.1589466740303851 0.10279
3523 0.1480319958460379 0.1692740833311903 0.10279
3524 0.1560311887984046 0.1624742733426259 0.10279
3525 0.154141977083584 0.1521468640418206 0.10279
3526 -0.1589508949298483 0.1080279518435008 0.10279
3527 -0.03229084597123656 0.1435593336018295 0.10279
3528 -0.1995090331272445 -0.01262874908983848 0.10279
3529 -0.1730600691197619 0.1319549811214344 0.10279
3530 -0.1810592620721289 0.1387547911099985 0.10279
3531 -0.1711708574049419 0.1422823904222395 0.10279
3532 -0.1159704892959249 0.190648341813544 0.10279
3533 -0.1259344853202967 0.1873326367282321 0.10279
3534 -0.2235066119843452 0.007770680875853492 0.10279
3535 0.1639870967764525 0.1556823815529222 0.10279
3536 0.1621339558735642 0.1453483737530663 0.10279
3537 0.2175733472669607 -0.05690736674284971 0.10279
3538 0.2189080347702292 -0.04647851732225235 0.10279
3539 0.2156841355521406 -0.06723477604365491 0.10279
3540 0.2251301941262414 -0.0155977295396281 0.10279
3541 0.2232409824114214 -0.02592513884043343 0.10279
3542 0.09018102672163072 0.2064539800266218 0.10279
3543 0.08200691437699972 0.2136768526722205 0.10279
3544 0.172029574703138 0.1488746533654971 0.10279
3545 0.1701391606279195 0.1385474640146604 0.10279
3546 0.1800508057700972 0.1420125420691943 0.10279
3547 0.1781430285663831 0.1317370871831663 0.10279
3548 0.1602505555673328 0.135019901360748 0.10279
3549 0.1319987283410469 0.1828326691248025 0.10279
3550 0.186361094027666 -0.1259086962308977 0.10279
3551 0.2143570972728795 0.07709356553170048 0.10279
3552 0.2063579043205123 0.08389337552026417 0.10279
3553 -0.138178749239295 -0.1836298188048714 0.10279
3554 -0.08442145422300118 0.2115922360775638 0.10279
3555 -0.07649336042493782 0.2049762477938539 0.10279
3556 -0.07452354931252914 0.2150782405646296 0.10279
3557 -0.06660100241205986 0.2084907872450707 0.10279
3558 -0.01709528192732604 0.2259491128656462 0.10279
3559 -0.2228177795264591 -0.04038385651371106 0.10279
3560 -0.2150239918780908 -0.04714609133745868 0.10279
3561 -0.2051698214282376 -0.0436122294977477 0.10279
3562 -0.2070578920024794 -0.05393984754946889 0.10279
3563 -0.2169191239722 -0.05743573984263326 0.10279
3564 -0.2089479002570842 -0.06426099817615515 0.10279
3565 -0.2185523981837048 -0.06741267439110038 0.10279
3566 -0.2107945884779821 -0.07452895190588384 0.10279
3567 -0.09619031799996167 -0.20717999211599 0.10279
3568 -0.104362342434661 -0.2005834984521093 0.10279
3569 -0.06461088640267522 0.2185350165827656 0.10279
3570 0.1979233104445519 -0.1120142841115483 0.10279
3571 0.05037713024314009 -0.2131914924980233 0.10279
3572 0.04846594839612923 -0.2234228587353227 0.10279
3573 0.07957802801942251 -0.1544032043072465 0.10279
3574 0.110690107642718 -0.08538354987669851 0.10279
3575 0.08146723973424652 -0.1440757950054133 0.10279
3576 0.1691358434596711 0.03200094038031919 0.10279
3577 0.1022485685972673 -0.03047429269634926 0.10279
3578 0.09424937564489969 -0.0236744827077854 0.10279
3579 0.1662421122162039 -0.08487277260486029 0.10279
3580 -0.05670789581347972 0.2120044060314569 0.10279
3581 -0.05471765503981145 0.2220484819250133 0.10279
3582 0.1719097473606654 -0.05389054470244535 0.10279
3583 0.1639105544082987 -0.0470907347138811 0.10279
3584 0.165799766123119 -0.03676332541307591 0.10279
3585 0.09569624126663359 0.03476237378480469 0.10279
3586 0.07223711482254816 0.2098728377488777 0.10279
3587 0.1550266692697566 0.05592796965825254 0.10279
3588 0.1470274763173896 0.06272777964681646 0.10279
3589 -0.02851242254159661 0.1642141522034404 0.10279
3590 0.0716986624095331 0.05516180375049719 0.10279
3591 -0.1030763716057572 -0.1423359161443927 0.10279
3592 -0.1011871598909369 -0.1320085068435875 0.10279
3593 -0.200393725313417 0.08359014529373134 0.10279
3594 0.07270318193818115 0.1617081074348725 0.10279
3595 -0.1091863528433038 -0.1252086968550234 0.10279
3596 -0.08329956227364979 -0.1352807175194955 0.10279
3597 0.2049110386987801 0.02545651902767398 0.10279
3598 0.2129102316511476 0.0186567090391101 0.10279
3599 -0.0554037326421651 0.06773986918395307 0.10279
3600 -0.05351452092734493 0.07806727848475821 0.10279
3601 -0.05729294435698532 0.05741245988314787 0.10279
3602 -0.06718134902417242 0.05388486057090671 0.10279
3603 -0.05861748942168573 0.2017338997985258 0.10279
3604 0.0148196195567922 0.1989793680540154 0.10279
3605 0.1102477615496346 -0.03727410268491316 0.10279
3606 -0.04073238501668991 0.1984685907821788 0.10279
3607 -0.1374047012231307 -0.07735463829915648 0.10279
3608 -0.1355154895083104 -0.06702722899835128 0.10279
3609 -0.1435146824606772 -0.06022741900978715 0.10279
3610 -0.1336262777934902 -0.05669981969754607 0.10279
3611 -0.141625470745857 -0.04990000970898197 0.10279
3612 -0.1317370660786699 -0.04637241039674082 0.10279
3613 -0.1397362590310368 -0.03957260040817677 0.10279
3614 -0.1298478543638498 -0.03604500109593562 0.10279
3615 -0.1218486614114828 -0.04284481108449965 0.10279
3616 -0.1199594496966626 -0.03251740178369442 0.10279
3617 -0.1279586426490295 -0.02571759179513042 0.10279
3618 -0.1180702379818425 -0.02218999248288921 0.10279
3619 0.04902812183168959 -0.06876710785916522 0.10279
3620 0.05702731478405642 -0.07556691784772934 0.10279
3621 0.0429181405941431 -0.05163988856979593 0.10279
3622 0.0448073523089634 -0.04131247926899077 0.10279
3623 0.1521329380262901 -0.06094574332692747 0.10279
3624 -0.06919038808389323 -0.1592077467974002 0.10279
3625 -0.07907879274967178 -0.162735346109899 0.10279
3626 0.006258253168863636 0.05112342716641979 0.10279
3627 0.008147464883683897 0.06145083646722502 0.10279
3628 0.004369041454043414 0.04079601786561456 0.10279
3629 0.02137194688742542 0.1337427015728613 0.10279
3630 -0.1647383574167865 -0.1257194741268594 0.10279
3631 -0.1666275691316069 -0.1360468834276646 0.10279
3632 -0.1586283761792399 -0.1428466934162288 0.10279
3633 -0.1685167808464272 -0.1463742927284698 0.10279
3634 -0.1605175878940601 -0.153174102717034 0.10279
3635 -0.1765077575251148 -0.1395759857577522 0.10279
3636 -0.1784100953114047 -0.1498576049183011 0.10279
3637 -0.1260694309342092 -0.0153901824943252 0.10279
3638 -0.1161810262670224 -0.01186258318208402 0.10279
3639 0.06735806554432917 -0.1201487657272731 0.10279
3640 -0.1849575128442454 -0.08466522555955648 0.10279
3641 0.1183667818444763 0.1586912853944674 0.10279
3642 0.1964694996533254 0.08036577620802279 0.10279
3643 0.1983587113681451 0.09069318550882784 0.10279
3644 0.2080393705039998 0.09397639614066326 0.10279
3645 0.2002132988277427 0.1009798633628988 0.10279
3646 -0.1151765067383739 0.09468372050229117 0.10279
3647 -0.1052881020711867 0.0982113198145322 0.10279
3648 -0.125064911405561 0.09115612119004983 0.10279
3649 -0.1269541231203811 0.08082871188924481 0.10279
3650 -0.1349533160727479 0.08762852187780831 0.10279
3651 -0.1410632973102944 0.1047557411671768 0.10279
3652 0.1903537477065744 0.09748620692293579 0.10279
3653 0.1922419976365267 0.1078124847946651 0.10279
3654 -0.1570616832150281 0.1183553611443058 0.10279
3655 -0.2009464143519036 -0.07105409718134587 0.10279
3656 -0.2028352439079213 -0.08138038798492195 0.10279
3657 -0.2125012174247441 -0.08464621118952582 0.10279
3658 -0.02695263791851917 -0.2307366365933689 0.10279
3659 -0.2083850701684303 0.09038647904742163 0.10279
3660 0.0956425853970243 -0.2160655132372088 0.10279
3661 -0.1926329435503605 0.1246210820771625 0.10279
3662 -0.02532454672128351 0.2328814357370193 0.10279
3663 0.2017634298835473 0.1111612612980881 0.10279
3664 0.1940745356106994 0.1181153702963546 0.10279
3665 0.1842378473900994 0.11461348748573 0.10279
3666 -0.2277273815070718 0.03522530946602825 0.10279
3667 -0.2258381697922515 0.04555271876683342 0.10279
3668 0.2038998058870121 0.1204834772745557 0.10279
3669 0.22525720688433 -0.06401930735247685 0.10279
3670 -0.1039331271427631 0.2041545971664986 0.10279
3671 -0.1920280704776597 -0.1260385972823423 0.10279
3672 -0.1570094730880836 0.1663743382697539 0.10279
3673 -0.1593108149862632 0.1561223206908955 0.10279
3674 -0.1549077827852465 0.1767095781319451 0.10279
3675 -0.1672324091447136 0.1646615295631367 0.10279
3676 0.05641139963784639 0.2229964405487522 0.10279
3677 0.1071636442094921 -0.202214286444242 0.10279
3678 -0.03491674958993845 0.2289505487524777 0.10279
3679 -0.2062420028639546 -0.1019967272589459 0.10279
3680 -0.2085370222433632 -0.1114914451072152 0.10279
3681 0.1076836464164264 0.202858593315432 0.10279
3682 0.1608752739996478 -0.1635676635686254 0.10279
3683 0.1511048269701133 -0.1674259163228964 0.10279
3684 0.1431252936240217 -0.1606812152413375 0.10279
3685 0.1412354265889924 -0.1710067875785758 0.10279
3686 0.1491613495509242 -0.1776012104890579 0.10279
3687 0.1392217181751666 -0.1810957407714342 0.10279
3688 0.1165860503378295 -0.1986856419596023 0.10279
3689 -0.09351688885485729 0.217866958166077 0.10279
3690 -0.2310634588436249 -0.03353895632736797 0.10279
3691 -0.2293921179152964 0.02485683649024364 0.10279
3692 -0.1297211330790183 -0.1904612750239174 0.10279
3693 0.18747142459218 0.1353655112853564 0.10279
3694 0.1888855019862226 0.1452852161786723 0.10279
3695 0.2081853235596294 -0.1088178910350761 0.10279
3696 0.2097817648667747 -0.09818546750948608 0.10279
3697 0.2260153064625079 0.04294188950035721 0.10279
3698 0.2245942224855768 0.03252884474338941 0.10279
3699 0.2280521549535147 0.05314845753556437 0.10279
3700 -0.2228066617707195 0.06655653884378065 0.10279
3701 -0.2205573009485193 0.07684277073678387 0.10279
3702 -0.2343484918225311 0.06258614568972794 0.10279
3703 -0.179982338131158 0.1507061462224004 0.10279
3704 -0.1880128561109879 0.145463909361199 0.10279
3705 0.1179244357513912 0.2068007325862522 0.10279
3706 -0.08852485132275739 -0.2143723926141109 0.10279
3707 0.07386279189039556 0.2209787843401751 0.10279
3708 -0.07239860212765893 0.2262083375206198 0.10279
3709 0.1721205639572896 -0.1603368767147375 0.10279
3710 -0.03463626032856672 0.2402489282839266 0.10279
3711 0.1259236287037578 0.2000009225976877 0.10279
3712 0.15804304587206 0.1727816835861101 0.10279
3713 0.2246585072232595 -0.07509671709853573 0.10279
3714 0.2223562902252468 0.07029375554313683 0.10279
3715 0.150586870675539 0.1795127073090843 0.10279
3716 -0.1229936683023971 0.1976786087079426 0.10279
3717 -0.1342565186877562 0.1944966970387677 0.10279
3718 -0.1198717899330747 0.2057924968358771 0.10279
3719 0.2345762527003415 0.03603931696439851 0.10279
3720 0.2326870409855219 0.02571190766359325 0.10279
3721 0.04907402016408255 0.2312238016565008 0.10279
3722 0.03850997951682138 0.2268571881241337 0.10279
3723 0.03989554255789631 0.2353545493813249 0.10279
3724 0.03092035096879107 0.2336077346901541 0.10279
3725 0.2241467774624885 0.08079503879041905 0.10279
3726 0.2303393614256494 0.06314907850670705 0.10279
3727 0.233301574586347 -0.02208056914222825 0.10279
3728 0.2312401753637886 -0.03272494882899719 0.10279
3729 0.2351512365640008 -0.01087041622228268 0.10279
3730 0.2422124999848575 -0.03668576027261481 0.10279
3731 0.2346621846452742 -0.04408975129386614 0.10279
3732 0.09749804370323369 -0.2057373775936027 0.10279
3733 -0.2241817367323944 0.05573180099162811 0.10279
3734 0.05831465119853716 -0.219789135308147 0.10279
3735 0.0879875196896986 -0.2093191733448947 0.10279
3736 0.08190934427466173 -0.1921848496026914 0.10279
3737 0.05413339567994408 -0.1924401073411911 0.10279
3738 0.04613435614625608 -0.185640726655982 0.10279
3739 0.04802359506976298 -0.1753133978527597 0.10279
3740 0.04002440673903081 -0.1685136003121571 0.10279
3741 0.0381351904306941 -0.1788409939628792 0.10279
3742 0.03013600197798974 -0.1720411996510399 0.10279
3743 0.03202521420866637 -0.1617137925916787 0.10279
3744 0.02213680962348338 -0.1652413936841976 0.10279
3745 0.02402601829194527 -0.1549139856845961 0.10279
3746 0.01413761486227158 -0.1584415867916982 0.10279
3747 0.01602682379748841 -0.1481141774965319 0.10279
3748 0.006138420251396173 -0.1516417788142329 0.10279
3749 0.00802762924092024 -0.1413143694036213 0.10279
3750 -0.001860774239717159 -0.1448419706388261 0.10279
3751 2.843469412239998e-05 -0.1345145612930181 0.10279
3752 0.009916838452181692 -0.1309869597342629 0.10279
3753 0.001917643901744967 -0.1241871516257603 0.10279
3754 -0.007970759930734438 -0.127714753272355 0.10279
3755 -0.006081550666602252 -0.117387343538299 0.10279
3756 -0.01596995450206642 -0.1209149451884015 0.10279
3757 -0.01408074522901371 -0.110587535443796 0.10279
3758 -0.004192341395508883 -0.1070599337960152 0.10279
3759 -0.01219153595488374 -0.1002601256979167 0.10279
3760 -0.02207993978885256 -0.1037877273462463 0.10279
3761 -0.02019073051388431 -0.09346031759937484 0.10279
3762 -0.0103023266800601 -0.08993271595121649 0.10279
3763 -0.01830152123881336 -0.08313290785238182 0.10279
3764 -0.0281899250726786 -0.08666050950058872 0.10279
3765 -0.02630071579753627 -0.0763330997535112 0.10279
3766 -0.03618911768304508 -0.0798606999888485 0.10279
3767 -0.03429991003151615 -0.06953329141914222 0.10279
3768 -0.02441150646826513 -0.06600568996717805 0.10279
3769 -0.03241070101794382 -0.0592058818617379 0.10279
3770 -0.04418831104052061 -0.07306089097572992 0.10279
3771 -0.02252229723725822 -0.05567828025209917 0.10279
3772 -0.03052149179374165 -0.04887847215159295 0.10279
3773 -0.04040989562722858 -0.05240607379952127 0.10279
3774 -0.03852068636050134 -0.04207866405853865 0.10279
3775 -0.02863228252977819 -0.0385510624126145 0.10279
3776 -0.03663147708861394 -0.03175125431381404 0.10279
3777 -0.04840909019570098 -0.04560626570770896 0.10279
3778 -0.02674307325561034 -0.0282236526662362 0.10279
3779 -0.0347422680831805 -0.02142384488369745 0.10279
3780 -0.01452310267784983 -0.06247808835048431 0.10279
3781 -0.03807832578458834 -0.09018810553834801 0.10279
3782 -0.04463067169283382 -0.02495144626815539 0.10279
3783 -0.04274146269427719 -0.0146240368463974 0.10279
3784 -0.01874387020245463 -0.03502345410473973 0.10279
3785 0.01180604772434476 -0.1206595499908702 0.10279
3786 -0.02485386391830446 -0.01789624166585561 0.10279
3787 -0.01263389111004133 -0.05215067590308097 0.10279
3788 -0.008413117404972005 -0.07960530620420318 0.10279
3789 -0.0004139228462769856 -0.08640511430310682 0.10279
3790 -0.05029829947108338 -0.055933675454968 0.10279
3791 -0.0582974914087641 -0.04913386570385022 0.10279
3792 -0.06018669678560411 -0.05946126846646287 0.10279
3793 -0.05640828047603324 -0.03880645803789238 0.10279
3794 -0.05262986620686128 -0.01815163811663071 0.10279
3795 -0.05074065693170285 -0.007824228369534071 0.10279
3796 -0.04085225006868661 -0.004296621926336667 0.10279
3797 -0.00463469846900717 -0.05895048625740171 0.10279
3798 0.001475286428864448 -0.07607770455603041 0.10279
3799 0.01980524333481514 -0.1274593582844313 0.10279
3800 0.02591523004101288 -0.144586575696107 0.10279
3801 -0.01785916323536319 -0.1312423542980785 0.10279
3802 -0.02585835770141006 -0.1244425460901898 0.10279
3803 -0.06629667415042677 -0.04233404755294517 0.10279
3804 -0.002745480710814732 -0.04862307226998017 0.10279
3805 -0.04885143462919812 0.002503186074449804 0.10279
3806 0.009474482951252434 -0.082877512350467 0.10279
3807 0.007585272039686699 -0.09320492235128142 0.10279
3808 0.005253713475263076 -0.05542288292411045 0.10279
3809 -0.0008562584898270275 -0.03829565635118806 0.10279
3810 -0.008855456329365756 -0.03149584492024737 0.10279
3811 0.02169445302047587 -0.1171319483140492 0.10279
3812 0.01369525724084027 -0.1103321402418378 0.10279
3813 0.01747368308536224 -0.08967731965245686 0.10279
3814 0.01136369909594038 -0.07255010133379364 0.10279
3815 0.02969365245719666 -0.1239317565797626 0.10279
3816 0.02358366692352875 -0.1068045380322661 0.10279
3817 0.06024358700440167 -0.2095678513517547 0.10279
3818 0.07579956783232707 -0.1750579278988931 0.10279
3819 0.08379872271089946 -0.1818576791723936 0.10279
3820 0.08983502461263715 -0.1989782628378685 0.10279
3821 0.07768880869410992 -0.1647305939363256 0.10279
3822 -0.01074467413576246 -0.04182326234357832 0.10279
3823 -0.01685466389655632 -0.02469604291248653 0.10279
3824 -0.01496544997782954 -0.01436863307667748 0.10279
3825 -0.02296464788336771 -0.007568825328069901 0.10279
3826 0.06968962335241523 -0.1579308036190579 0.10279
3827 0.07157883505639981 -0.1476033942981602 0.10279
3828 0.06357964208767444 -0.140803584279219 0.10279
3829 0.1125793193575386 -0.07505614057589344 0.10279
3830 0.1045801264051723 -0.06825633058732895 0.10279
3831 0.1088008959278978 -0.09571095917750386 0.10279
3832 0.1205785123099063 -0.08185595056445702 0.10279
3833 0.1003593568824471 -0.04080170199715431 0.10279
3834 0.1559113614559317 -0.04029092472531701 0.10279
3835 0.1578005731707515 -0.0299635154245118 0.10279
3836 -0.01319603711158501 -0.2068064163609775 0.10279
3837 -0.005196843784556248 -0.2136062259087944 0.10279
3838 -0.007086055436933877 -0.2239336351361425 0.10279
3839 0.002802348726231881 -0.2204060364168249 0.10279
3840 0.001054666367340693 -0.2301501497468905 0.10279
3841 -0.008987806728173991 -0.2351643794318012 0.10279
3842 0.01084802636298865 -0.2269145179436368 0.10279
3843 0.02071383116126471 -0.2237002542640127 0.10279
3844 0.02868913906175672 -0.230478057359807 0.10279
3845 0.01826659264932933 -0.2340118165895577 0.10279
3846 0.03504897231707158 -0.2400859832766933 0.10279
3847 0.03915849607176226 -0.2294906786263266 0.10279
3848 -0.0211952297789218 -0.2000066060371074 0.10279
3849 0.1535798036480247 -0.002508886834337803 0.10279
3850 0.1516905919332045 -0.01283629613514293 0.10279
3851 0.1672466317448514 0.02167353107951392 0.10279
3852 0.1611366505073035 0.03880075036888331 0.10279
3853 0.1144685310723604 -0.06472873127508781 0.10279
3854 0.1064693381199938 -0.05792892128652318 0.10279
3855 0.09658093345280588 -0.06145652059876421 0.10279
3856 0.1569158809845772 0.06625537895905757 0.10279
3857 0.147912168503564 -0.03349111473675295 0.10279
3858 -0.04681790304178076 0.2155273195943899 0.10279
3859 -0.04473105939416223 0.2252864633928103 0.10279
3860 -0.05295139297435816 0.2322816887794988 0.10279
3861 0.1036954342190007 0.02796256379624079 0.10279
3862 0.2227830320604052 0.02218716286655704 0.10279
3863 0.2303912408941635 0.01545887631196116 0.10279
3864 0.06423463839363114 0.2166954261952047 0.10279
3865 0.06615085460754824 0.2269447739160266 0.10279
3866 0.08370897141260125 0.2241276701224461 0.10279
3867 0.2207048257831241 -0.0361342013348149 0.10279
3868 -0.03040163425641665 0.153886742902635 0.10279
3869 -0.0402900389236038 0.150359143590394 0.10279
3870 0.09802779907454004 -0.003019664106174923 0.10279
3871 0.09991701078936008 0.007307745194630251 0.10279
3872 -0.2103507056484307 0.08011222202433682 0.10279
3873 0.09236016393007941 -0.03400189200859049 0.10279
3874 0.1660276820770474 0.166024248342922 0.10279
3875 -0.031083634398604 -0.2035342052934647 0.10279
3876 0.09809432784855041 0.1996612166480551 0.10279
3877 0.09985817450363649 0.2098235950438157 0.10279
3878 0.06236811778321027 0.2063012941496377 0.10279
3879 -0.1454764836839271 0.1799357747646999 0.10279
3880 -0.1531926947414067 0.1885033291660684 0.10279
3881 -0.1251847387481725 -0.1116090768778641 0.10279
3882 0.03580363982794767 -0.1410589729648013 0.10279
3883 0.03391442662849019 -0.1513863832571281 0.10279
3884 0.06048250056397137 0.1959644358194813 0.10279
3885 0.1630258622221236 0.04912815966968866 0.10279
3886 -0.1081818333146795 -0.01866239317057987 0.10279
3887 -0.1062926215998635 -0.008334983869763292 0.10279
3888 -0.1142918145522069 -0.001535173881265598 0.10279
3889 -0.1044034098858849 0.001992425433414251 0.10279
3890 -0.1124026028375276 0.008792235419937384 0.10279
3891 0.2208390591644369 0.01186977112794279 0.10279
3892 0.2283665296661948 0.00515625418285932 0.10279
3893 0.1710250551744908 0.04232834968112455 0.10279
3894 -0.05508121389155537 -0.1831347760757773 0.10279
3895 -0.04519280922438183 -0.179607176763534 0.10279
3896 -0.03719361627200345 -0.1864069867521002 0.10279
3897 -0.1513803103977895 0.1493350759893224 0.10279
3898 0.1028107420328283 0.1241814581798108 0.10279
3899 0.1009215303180083 0.1138540488790055 0.10279
3900 0.1089207232703754 0.1070542388904414 0.10279
3901 0.09903231860318823 0.1035266395782003 0.10279
3902 0.1070315115555554 0.0967268295896362 0.10279
3903 0.09103312565082111 0.1103264495667643 0.10279
3904 0.09292233736564123 0.1206538588675696 0.10279
3905 0.0830339326984541 0.1171262595553283 0.10279
3906 0.1540221497411111 -0.05061833402612227 0.10279
3907 -0.2015079267684352 -0.1204270169593409 0.10279
3908 0.2110092923631477 0.008331445084537616 0.10279
3909 0.1469076489749171 -0.140037418421128 0.10279
3910 0.1487968606897373 -0.1297100091203227 0.10279
3911 0.1601560682894157 -0.1744953448516729 0.10279
3912 0.1568792556289553 -0.1846721988617709 0.10279
3913 -0.04551532797467511 0.07126746849655188 0.10279
3914 -0.04362611626010735 0.08159487779705887 0.10279
3915 -0.05918215606952717 0.04708505058502973 0.10279
3916 -0.06907056073861287 0.04355745127054917 0.10279
3917 -0.04929375140196033 0.05061264989771864 0.10279
3918 0.1643529005013846 -0.09520018190566595 0.10279
3919 0.1544644958341973 -0.09872778121790721 0.10279
3920 0.1525752841193777 -0.1090551905187126 0.10279
3921 -0.1312947199859501 -0.09448185758844196 0.10279
3922 0.1844551867101792 -0.1362330513748254 0.10279
3923 0.1825051031170493 -0.1461346413023249 0.10279
3924 0.1920256257067328 -0.142430220144361 0.10279
3925 -0.05319200217675112 -0.1728073667749691 0.10279
3926 -0.05130279046229937 -0.1624799574740963 0.10279
3927 0.2114112406508812 -0.03977061206344261 0.10279
3928 0.2132360660288991 -0.02943142445326467 0.10279
3929 -0.2023005677168705 0.07327214976870074 0.10279
3930 -0.1923974708091556 0.07679190426779627 0.10279
3931 -0.184395829150034 0.06999078681037461 0.10279
3932 0.04070641012871315 0.1889073473891286 0.10279
3933 -0.123737873126303 -0.05317222038530486 0.10279
3934 0.05570027650479923 0.06876142372762524 0.10279
3935 0.1348075138422966 0.09698221822555463 0.10279
3936 0.1249191091751095 0.09345461891331332 0.10279
3937 0.1329183021274765 0.08665480892474933 0.10279
3938 0.1230298974602894 0.08312720961250808 0.10279
3939 0.1310290904126562 0.07632739962394411 0.10279
3940 0.1211406857454689 0.07279980031170294 0.10279
3941 -0.2215799877184259 0.01809124623082898 0.10279
3942 -0.2315058049367127 0.014570490864418 0.10279
3943 -0.2332754664781072 0.00436938547945752 0.10279
3944 -0.03692041068228766 0.2190208994867808 0.10279
3945 -0.2253758986702611 -0.002535677772310915 0.10279
3946 -0.2352958093231685 -0.005730539737938069 0.10279
3947 -0.2371734400811724 -0.01641173703799844 0.10279
3948 -0.2286508523480896 -0.02330729258311047 0.10279
3949 0.1150307045079225 0.08992701960107218 0.10279
3950 0.04770108355243233 0.07556123371618938 0.10279
3951 -0.0931879669385698 -0.1388083168321516 0.10279
3952 -0.170091766766403 -0.1562606380599507 0.10279
3953 -0.1619836612631218 -0.1629918362549571 0.10279
3954 -0.1524478718840667 -0.1598889667451178 0.10279
3955 0.1389084560225502 -0.133237608432564 0.10279
3956 -0.09495735131114003 0.05362947193562845 0.10279
3957 -0.08506894664401023 0.05715707124803122 0.10279
3958 -0.1119602567638752 -0.03931721176153121 0.10279
3959 -0.09929794817612675 -0.1216810975427798 0.10279
3960 -0.1072971411285361 -0.1148812875542059 0.10279
3961 0.1409174950798433 0.07985499893618543 0.10279
3962 -0.165060876167395 0.1251551711328701 0.10279
3963 0.140137933146075 0.1760522567353499 0.10279
3964 0.1429012703633188 0.1863422702268169 0.10279
3965 -0.1542877793140374 0.03246387606154557 0.10279
3966 -0.08406442711507883 0.1637033749316038 0.10279
3967 0.05614262259781441 0.02065197653586186 0.10279
3968 0.0955764138903949 -0.168002824380946 0.10279
3969 -0.03418005768605673 0.1332319243010244 0.10279
3970 0.1130216654506286 -0.1231655877676777 0.10279
3971 0.1031332607834391 -0.1266931870799188 0.10279
3972 0.1050224724982599 -0.1163657777791139 0.10279
3973 -0.1302902004569358 0.0120644460958505 0.10279
3974 -0.01130682555147065 -0.1964790072421642 0.10279
3975 0.01293040784197211 0.1886519587532101 0.10279
3976 -0.1538454332209501 -0.01564557113024327 0.10279
3977 -0.1458462402685833 -0.02244538111880743 0.10279
3978 0.007705118790598585 0.1095602836590107 0.10279
3979 0.02930668443770641 0.2230801890237352 0.10279
3980 0.02087114414398117 0.2298746916439907 0.10279
3981 0.01462040832580284 0.2393570425047236 0.10279
3982 0.009831088202640741 0.2301737675702082 0.10279
3983 0.01447010799316348 0.2209949379293681 0.10279
3984 0.1450177819398877 -0.1503629907583664 0.10279
3985 -0.1515138754130441 -0.05342760902122299 0.10279
3986 0.1588050926993975 0.07658278825986276 0.10279
3987 -0.02051322958922958 0.1574143422148764 0.10279
3988 -0.1641761839812233 0.02893627674930137 0.10279
3989 -0.0353044045572062 -0.1760795774512906 0.10279
3990 0.1794665942199459 -0.01258090749922442 0.10279
3991 0.02225663907356605 0.03752380718930112 0.10279
3992 -0.2246159335914142 -0.05068551713099493 0.10279
3993 0.1742413051685718 -0.09167258259342471 0.10279
3994 0.1586852653569243 -0.1261824098080816 0.10279
3995 0.0876970483142667 0.0415621837733688 0.10279
3996 0.09758545298145391 0.04508978308561001 0.10279
3997 0.1149108771654485 -0.1128381784668725 0.10279
3998 -0.1198396223541864 0.170247796284249 0.10279
3999 -0.1217288340690067 0.1599203869834438 0.10279
4000 -0.1946921010183269 0.1145259231261821 0.10279
4001 -0.2021521446239766 0.1218828425886999 0.10279
4002 -0.206359156246137 0.1113802650516608 0.10279
4003 -0.1576238566505908 -0.03630038973185361 0.10279
4004 0.09624953160745171 0.189404071775346 0.10279
4005 0.0872547022211809 0.0896716309651541 0.10279
4006 -0.08896719741601283 -0.1662629454222949 0.10279
4007 0.1079162037417275 0.0005079352060664488 0.10279
4008 -0.05206765530561102 0.1365041349773479 0.10279
4009 -0.0814103505569627 -0.1249533082190308 0.10279
4010 0.06281477727099402 0.1581805081226314 0.10279
4011 0.0647039889858142 0.1685079174234366 0.10279
4012 0.08259158660536828 0.1652357067471136 0.10279
4013 -0.07839442199880842 0.1946794754438576 0.10279
4014 -0.1917218918273467 0.1358714705203893 0.10279
4015 0.00336450095737207 -0.06575029369012483 0.10279
4016 0.03913971716450242 -0.07229470717140614 0.10279
4017 -0.01540776775870026 0.03374081938694759 0.10279
4018 -0.1816214355076911 -0.01590095976616126 0.10279
4019 0.03737033279215906 0.1201430815957334 0.10279
4020 -0.03763596365945832 -0.1382975427729564 0.10279
4021 -0.1486201441695753 0.06344610396395749 0.10279
4022 0.04159110231488563 0.09268845300555886 0.10279
4023 0.03970189060006535 0.0823610437047536 0.10279
4024 0.02981348593287828 0.07883344439251246 0.10279
4025 -0.095842043497086 0.1498483663185573 0.10279
4026 0.1644727278438577 0.1075650161622785 0.10279
4027 0.1663619395586771 0.1178924254630829 0.10279
4028 0.1351292680526658 -0.1538902839100132 0.10279
4029 0.05047498745341771 -0.01033025136657327 0.10279
4030 0.04058658278622507 -0.01385785067881264 0.10279
4031 0.04858577573860271 -0.02065766066738006 0.10279
4032 0.03869737107141463 -0.02418525997962082 0.10279
4033 0.03069817811904764 -0.01738544999105665 0.10279
4034 0.04713891011686922 -0.07909451715997025 0.10279
4035 0.05513810306923612 -0.0858943271485345 0.10279
4036 -0.1632914917950516 -0.06728261763426918 0.10279
4037 -0.117185545795753 -0.1184088868664404 0.10279
4038 -0.07095977248495584 0.03323004205820551 0.10279
4039 -0.01207169054375774 0.1025050850345497 0.10279
4040 0.05481558431862699 0.1649803181111954 0.10279
4041 0.05670479603344709 0.1753077274120007 0.10279
4042 0.2015662737991381 -0.04330615753404864 0.10279
4043 -0.009189495949991751 0.2193109254561505 0.10279
4044 -0.007859782744737972 0.2296839505207974 0.10279
4045 0.03491894764177628 -0.04484007858123181 0.10279
4046 0.01715117736469882 0.1611973301630358 0.10279
4047 -0.01363838394223556 -0.1586969718544165 0.10279
4048 0.0951340678310711 -0.1198933770913551 0.10279
4049 0.09324485611625172 -0.1302207863921609 0.10279
4050 -0.02473399911195607 0.1848689708050504 0.10279
4051 -0.02284478739713594 0.1951963801058556 0.10279
4052 -0.07751209978444584 0.09846670845045051 0.10279
4053 -0.0855112927368126 0.1052665184390144 0.10279
4054 -0.1100710450523222 -0.02898980245892678 0.10279
4055 0.1464653028818298 -0.09192797122934318 0.10279
4056 -0.06673900692832183 0.005775409116520891 0.10279
4057 -0.09306813959612009 0.06395688123586946 0.10279
4058 0.1188091279375625 0.1105818382026827 0.10279
4059 0.1332392735942625 -0.1642154990598914 0.10279
4060 -0.03908282788084694 -0.1967343959282382 0.10279
4061 0.1522513292160662 0.1418197174590335 0.10279
4062 -0.02396914895709089 -0.1141151369675595 0.10279
4063 -0.03196834360509754 -0.1073153289737258 0.10279
4064 -0.0338575521811223 -0.1176427378983729 0.10279
4065 -0.0418567448658612 -0.1108429208389109 0.10279
4066 -0.03996753573209081 -0.1005155103618715 0.10279
4067 0.05135967963952642 -0.1065491457500177 0.10279
4068 -0.007850921020804515 0.07505045644464299 0.10279
4069 -0.009740132735271833 0.06472304714425464 0.10279
4070 0.0001482719314576099 0.06825064645595522 0.10279
4071 0.1159153966940946 -0.006291874782497463 0.10279
4072 -0.01641231195287856 -0.0728054980974817 0.10279
4073 -0.006523907186411841 -0.06927789619262102 0.10279
4074 -0.07996349001598387 -0.06651645129737607 0.10279
4075 0.004691560357049361 -0.2100786272148388 0.10279
4076 0.2057957308849535 -0.07076237535589613 0.10279
4077 -0.04129455841013339 0.04381283995572386 0.10279
4078 0.08158706707672031 0.05868940306273848 0.10279
4079 0.07358787412435333 0.06548921305130247 0.10279
4080 -0.07051743217197176 -0.01487941791846446 0.10279
4081 -0.08185269753796695 -0.07684386094647579 0.10279
4082 -0.07385350384691017 -0.08364367100205404 0.10279
4083 -0.1835106472225115 -0.02622836906696648 0.10279
4084 -0.1933990518896984 -0.02975596837920754 0.10279
4085 0.1324759560343897 0.1347642561165343 0.10279
4086 -0.1190747575105048 -0.1287362961672613 0.10279
4087 0.1695781895527589 -0.01610850681146565 0.10279
4088 -0.06151371387971188 0.08486708847332232 0.10279
4089 0.04102892887932277 -0.06196729787060106 0.10279
4090 -0.02063308450150608 -0.04535086786128428 0.10279
4091 0.07125631631644698 0.1032712509422822 0.10279
4092 0.05758948821961944 0.07908883302843062 0.10279
4093 0.001910595990024199 0.2234620465481797 0.10279
4094 0.09891249126071161 -0.0992385584897449 0.10279
4095 0.1445760911670099 -0.1022553805301484 0.10279
4096 0.06269494992851729 -0.04458468994531382 0.10279
4097 -0.02007088349613226 0.1093048950231048 0.10279
4098 -0.01818167178132086 0.1196323043238993 0.10279
4099 -0.1825066990587723 0.08031823969347504 0.10279
4100 0.1620213426934779 -0.05741814401468658 0.10279
4101 0.1700205356458452 -0.06421795400325063 0.10279
4102 -0.1001826403926492 -0.02546220312684824 0.10279
4103 -0.05817763654315795 0.1536313542667171 0.10279
4104 0.08681235612809472 0.1377810781569392 0.10279
4105 -0.008735613207222321 0.1712693508279226 0.10279
4106 0.06691571945124353 -0.07203931853548831 0.10279
4107 0.2137949238373204 -0.07756218534446037 0.10279
4108 0.06369946945716613 0.06196161373906114 0.10279
4109 0.04203344840797158 0.04457900581377373 0.10279
4110 0.01469979205674396 -0.003785829965860282 0.10279
4111 -0.04217925063842385 0.1400317342895889 0.10279
4112 -0.06006684825797803 0.1433039449659118 0.10279
4113 -0.04873157796905669 0.2052684007707427 0.10279
4114 -0.06107136780531643 0.03675764134642915 0.10279
4115 -0.07574271543862396 -0.09397108031402633 0.10279
4116 -0.0658543107742731 -0.09044348100169934 0.10279
4117 -0.06396509903009447 -0.08011607170364299 0.10279
4118 -0.05596590764319747 -0.0869158826757875 0.10279
4119 -0.05785511965157705 -0.09724329073023112 0.10279
4120 -0.1156188528314601 0.1427931676940749 0.10279
4121 0.07825098974016365 -0.01007486273065676 0.10279
4122 0.08625018269253217 -0.01687467271922146 0.10279
4123 -0.09640421693381865 -0.004807384554301442 0.10279
4124 -0.118632411417405 -0.1768457433590496 0.10279
4125 0.0546957569761505 -0.03778487995674968 0.10279
4126 0.09191781783699271 0.01410755518319431 0.10279
4127 0.004931214889605129 0.1954517687417741 0.10279
4128 -0.09262579351925943 0.01584743408985574 0.10279
4129 -0.1077394873175211 -0.0667718403399606 0.10279
4130 -0.08317973492895864 0.06748448054818296 0.10279
4131 -0.09539969740399967 0.1017389191267732 0.10279
4132 0.03781267888524519 0.07203363440394832 0.10279
4133 0.01992508126569154 0.07530584508027176 0.10279
4134 -0.01307621601845366 -0.004041219316489051 0.10279
4135 -0.03096382367756782 -0.000768979445750731 0.10279
4136 -0.03707379508250836 0.01635820802285072 0.10279
4137 -0.1035187177057633 -0.09422646895103261 0.10279
4138 0.07459239365300135 0.1720355167356777 0.10279
4139 -0.03007913341619869 -0.09698791655335916 0.10279
4140 -0.03940534672265388 0.05414024922426953 0.10279
4141 -0.07373367635480527 0.1191215270520603 0.10279
4142 -0.08173286930717219 0.1259213370406242 0.10279
4143 0.1422445333591028 -0.06447334263916885 0.10279
4144 -0.1487399715120526 -0.1393190941039878 0.10279
4145 0.0368081593565962 -0.03451266928042653 0.10279
4146 0.02691975468940939 -0.03804026859266767 0.10279
4147 0.04524969840204703 -0.08942192646077195 0.10279
4148 0.01526196564987863 0.1508699208622305 0.10279
4149 0.005373560982691556 0.1473423215499893 0.10279
4150 -0.1204068073454929 -0.1871332398351585 0.10279
4151 -0.1218568718066958 -0.1975308304254397 0.10279
4152 0.03302973592695596 -0.05516748788203698 0.10279
4153 -0.07341115767175677 -0.1317531181953097 0.10279
4154 -0.1745071115925393 0.07351821905715065 0.10279
4155 0.01236823440482595 0.03399620787753378 0.10279
4156 -0.04229910432284834 -0.06273348311916953 0.10279
4157 0.000590618019320743 0.02014119926835692 0.10279
4158 -0.2079505721726976 0.04228050809051039 0.10279
4159 0.02326115860224559 0.1440701108736665 0.10279
4160 0.06502650773642323 -0.08236672783629347 0.10279
4161 0.02880896640422891 -0.02771285929186228 0.10279
4162 -0.1189549301680196 0.07402890190069583 0.10279
4163 -0.1025141981743801 0.01231983474357385 0.10279
4164 -0.08595363882989894 0.1533759656307985 0.10279
4165 -0.1628491457019661 -0.1153920648260542 0.10279
4166 0.02036742735597738 0.02719639788934047 0.10279
4167 0.2109949216104495 0.1044873330395846 0.10279
4168 0.1018062225041804 0.01763515449543558 0.10279
4169 0.1116946271713678 0.02116275380767694 0.10279
4170 0.226777806265089 -0.005022127711345845 0.10279
4171 0.1418021872660159 -0.01636389544738404 0.10279
4172 -0.05773529045007119 0.1055219070749326 0.10279
4173 -0.1054079294154065 -0.104553878253016 0.10279
4174 -0.1872890706521516 -0.04688318766857648 0.10279
4175 0.1799089403130325 -0.06069035469100923 0.10279
4176 -0.080968004463674 -0.1730627554108538 0.10279
4177 -0.1387317395023882 0.0669737032761986 0.10279
4178 -0.1326217582648558 0.04984648398686953 0.10279
4179 0.07969785536189999 0.04836199376193313 0.10279
4180 -0.1496246636982239 -0.04310019972041778 0.10279
4181 -0.1614022800802313 -0.05695520833346396 0.10279
4182 -0.003630151497674649 0.04759582785494512 0.10279
4183 0.01835838837897451 -0.1858962104747633 0.10279
4184 0.05324889135440233 -0.09622173644931491 0.10279
4185 0.06124808430676878 -0.1030215464378784 0.10279
4186 0.1182469545020016 -0.04407391267347709 0.10279
4187 -0.1622869722664033 0.03926368605010739 0.10279
4188 -0.1740645886484103 0.02540867743705954 0.10279
4189 0.0641418155502175 0.01385216654728666 0.10279
4190 0.03214504374074794 0.0410514065015438 0.10279
4191 0.1455806106956573 0.004290923154226154 0.10279
4192 0.08436097097771203 -0.02720208202002652 0.10279
4193 -0.1938413979827838 0.01835347881257689 0.10279
4194 -0.1858422050304169 0.01155366882401277 0.10279
4195 -0.09740873646147086 -0.1113536882419372 0.10279
4196 0.1441337450739229 -0.05414593333836362 0.10279
4197 -0.04651988021595051 -0.03527885604163945 0.10279
4198 0.2011306606736102 0.004802057983768927 0.10279
4199 0.02080977327528398 -0.02091304924943145 0.10279
4200 -0.09162127397435924 0.1223937377283831 0.10279
4201 -0.002303132066633363 -0.09673252404144371 0.10279
4202 0.1032530881259148 0.07607201098802607 0.10279
4203 0.1375814177432893 0.01109073314279028 0.10279
4204 -0.1372848738806541 0.1254105597687871 0.10279
4205 0.03447660154526869 0.003269368611596869 0.10279
4206 -0.05218750273949224 -0.06626108000510041 0.10279
4207 0.02269898493281068 -0.01058563993114837 0.10279
4208 -0.0474045396865389 0.06094005919923625 0.10279
4209 -0.1327415856073187 -0.1529187140811162 0.10279
4210 0.05003264136033073 0.03777919582521199 0.10279
4211 0.1055846459338209 0.03828997309704611 0.10279
4212 -0.1227333535977238 0.05337408329926593 0.10279
4213 0.02181429298051225 0.08563325438107759 0.10279
4214 -0.1491823176051382 -0.09120964691220268 0.10279
4215 0.05658496869097013 -0.02745747065594435 0.10279
4216 0.1882811881589656 -0.1155869363065524 0.10279
4217 0.1955359714259127 -0.1222895702152062 0.10279
4218 -0.0545190732136628 -0.02847904826368412 0.10279
4219 0.06325712336408001 0.1100710609308464 0.10279
4220 0.06703554679372045 0.1307258795324568 0.10279
4221 0.07503473974608726 0.1239260695438928 0.10279
4222 -0.1580662027436763 0.01180905745993139 0.10279
4223 0.03258738979270605 -0.007058040677694675 0.10279
4224 -0.06774352282921317 -0.1007708902474381 0.10279
4225 0.1012440490686205 -0.1370205963807246 0.10279
4226 -0.03562692330696762 0.07479506780940758 0.10279
4227 -0.1039610640975936 -0.04611702166165036 0.10279
4228 -0.1138494685028126 -0.04964462105986841 0.10279
4229 -0.1157386802292237 -0.05997203036024659 0.10279
4230 -0.1113980833087333 0.1153385391039007 0.10279
4231 -0.001740939782623153 0.05792323715602352 0.10279
4232 -0.09728890911882071 0.09141150982597047 0.10279
4233 0.07302570068878997 -0.08916653782485756 0.10279
4234 0.1761305168833921 -0.0813451732926196 0.10279
4235 -0.1086241794089089 0.02944705402443418 0.10279
4236 -0.0950771786538015 -0.1491357261328814 0.10279
4237 0.1084783771772891 0.1551636860822264 0.10279
4238 -0.1331839317005719 -0.1048092668892926 0.10279
4239 0.1103675888921094 0.1654910953830316 0.10279
4240 -0.1867212323581511 0.1077648215292554 0.10279
4241 -0.09129875522420611 -0.128480907531262 0.10279
4242 -0.01351855614644268 0.04406822856464565 0.10279
4243 -0.1769583198918792 -0.09146503554812074 0.10279
4244 0.1352498599353824 0.04887277103376999 0.10279
4245 -0.07895896540919238 0.04002985196647639 0.10279
4246 -0.0456351575502092 -0.1314977336225348 0.10279
4247 0.1592474387924837 0.02847334106807799 0.10279
4248 -0.07518054197659538 0.0606846705596291 0.10279
4249 0.002037483646213438 0.0785780557566844 0.10279
4250 0.027481928124972 0.1166154822834922 0.10279
4251 -0.1763961464563163 0.06319071532803912 0.10279
4252 -0.1862846327470618 0.05966315959809319 0.10279
4253 0.06924727725914698 -0.1098213564264636 0.10279
4254 0.04114875622179944 0.1407979001973438 0.10279
4255 -0.0216375772913407 -0.1518971625083223 0.10279
4256 -0.1284009887421204 0.02239185539666965 0.10279
4257 0.2147812383983828 0.02898744860765503 0.10279
4258 0.206797216252336 0.03578448337310245 0.10279
4259 -0.07196429823097367 -0.07331626338333778 0.10279
4260 0.06603102726505441 0.02417957584808678 0.10279
4261 0.1201361662168216 -0.0337465033726719 0.10279
4262 0.04014423669310495 0.0342515965129827 0.10279
4263 -0.1256270848509126 -0.06349962968370815 0.10279
4264 0.1169199162227424 0.1002544289018774 0.10279
4265 0.1728243195535225 -0.149617245857938 0.10279
4266 0.01803586955087102 0.06497843577946617 0.10279
4267 -0.1026072097138661 -0.1904138176386987 0.10279
4268 0.04669656402378292 -0.03098506996818537 0.10279
4269 0.1333606482205623 0.03854536173296476 0.10279
4270 -0.139293912938012 -0.08768204759994763 0.10279
4271 0.05803183431268158 0.03097938583665274 0.10279
4272 -0.1608401066446685 0.09770054254269568 0.10279
4273 0.1193908709880161 -0.1883949173262307 0.10279
4274 0.1275382785070429 -0.1970457078880983 0.10279
4275 0.1428067067946636 0.09018240823699065 0.10279
4276 -0.1976198214124242 -0.002301339789033218 0.10279
4277 0.06313729602159834 -0.09269413713709025 0.10279
4278 0.2053339661726446 -0.02264937588087598 0.10279
4279 -0.1534030871278644 -0.06375501832202818 0.10279
4280 0.1092432420209885 -0.1438204063692881 0.10279
4281 -0.123618045783827 0.1495929776826387 0.10279
4282 -0.04462267901050269 -0.2280072956114355 0.10279
4283 -0.05431617328884993 -0.2313427591343858 0.10279
4284 -0.06227628410699273 -0.2240985162053107 0.10279
4285 0.1554690153628443 0.007818522466467434 0.10279
4286 0.2019781848651622 -0.09141193788474243 0.10279
4287 -0.06068855292870937 -0.2140593544659117 0.10279
4288 -0.07027455898133414 -0.2172334303033412 0.10279
4289 -0.1294055082717596 -0.08415444828749273 0.10279
4290 -0.1123796819434055 -0.193934551941374 0.10279
4291 -0.1143942438849297 -0.2061401500176799 0.10279
4292 -0.1243000465618661 -0.2078279712614654 0.10279
4293 0.1239937217886371 0.1896256400827807 0.10279
4294 0.175688170790306 -0.03323572610083481 0.10279
4295 -0.01629246006650243 0.1299597136247021 0.10279
4296 0.05746966087465883 -0.123676365034943 0.10279
4297 0.06546885382251495 -0.1304761750152123 0.10279
4298 -0.005519363183024859 0.0372684185903523 0.10279
4299 0.1649150739369447 0.05945556897049365 0.10279
4300 -0.1350731434152752 -0.1151366761901246 0.10279
4301 -0.07107959979689556 -0.169535156098538 0.10279
4302 -0.1049655833206461 -0.1526633254451853 0.10279
4303 -0.1275162965589584 -0.07382703898619848 0.10279
4304 -0.07674723494075009 -0.2005173840010646 0.10279
4305 0.002479829748113719 0.03046860858102413 0.10279
4306 0.0946917217379848 -0.07178392989957008 0.10279
4307 -0.06239840606588455 0.1810859828568914 0.10279
4308 0.03126035155461243 0.1372703008851025 0.10279
4309 -0.04828923187597087 0.1571589535789583 0.10279
4310 0.1233521583302649 -0.1677467127680396 0.10279
4311 0.03435991344570247 -0.1995095509708413 0.10279
4312 -0.1060085571240048 0.1940330578916649 0.10279
4313 -0.1540401793428809 -0.1698667717809497 0.10279
4314 -0.1460634974871746 -0.1766949920870025 0.10279
4315 -0.1466946042295477 -0.1867737339392368 0.10279
4316 0.002360002543513154 -0.1722965913810713 0.10279
4317 0.1484743419391238 0.1211646361394064 0.10279
4318 -0.1426182364315682 -0.1564321557332772 0.10279
4319 0.1371390716502025 0.05920018033457514 0.10279
4320 -0.0593019834172368 -0.1556801474850619 0.10279
4321 0.058593887931748 0.1856354516804509 0.10279
4322 0.1407976677373699 -0.1229101991317588 0.10279
4323 0.1752458246972189 0.01487372109094994 0.10279
4324 -0.2065037065509631 0.1007173645831008 0.10279
4325 0.196911340052869 0.03225642152367504 0.10279
4326 -0.09206362006744567 0.1705031849201678 0.10279
4327 -0.1307325465500385 0.06017389328768302 0.10279
4328 -0.02919442309793968 -0.1932067964798653 0.10279
4329 0.1605744770717445 -0.1158550005072764 0.10279
4330 0.144253333057614 0.1486193085159163 0.10279
4331 -0.1378470473162165 -0.02924519110737154 0.10279
4332 0.2278405061351315 -0.05281780772641 0.10279
4333 -0.05017844359079097 0.146831544278153 0.10279
4334 -0.2160257700315315 0.04906240351154115 0.10279
4335 -0.05062037414811736 0.1949398411932751 0.10279
4336 -0.1477354519834037 -0.03277279041961261 0.10279
4337 0.02515037031706578 0.1543975201744718 0.10279
4338 -0.06850395204226709 0.1982013429089864 0.10279
4339 -0.1746253927050271 -0.1292473239420749 0.10279
4340 -0.1844081854409808 -0.1327681280335502 0.10279
4341 -0.1727373221393288 -0.118919705888791 0.10279
4342 0.1083585498348146 -0.04760151198571818 0.10279
4343 0.1653574200300316 0.0113461217787087 0.10279
4344 0.2203953721335529 0.0599058552813198 0.10279
4345 -0.1288433348352036 0.07050130258844654 0.10279
4346 -0.1278362955946475 0.1770405431319153 0.10279
4347 -0.1297276070693893 0.1667190197818582 0.10279
4348 0.01003667659854066 0.07177824576807343 0.10279
4349 -0.1820637816007767 0.03220848742562375 0.10279
4350 0.1926910762236859 0.05971095760641234 0.10279
4351 -0.08707798570231193 -0.1559355361212849 0.10279
4352 -0.13571261063777 0.183458545212077 0.10279
4353 0.116477570129656 0.1483638760936622 0.10279
4354 -0.1359578356013962 -0.01891778180656635 0.10279
4355 0.150686072404557 -0.1193825998195176 0.10279
4356 0.01948273517260518 0.1234152922720562 0.10279
4357 0.07036683191088144 0.1995015639530709 0.10279
4358 0.05935887259147646 -0.1133489557378147 0.10279
4359 -0.0327331920643231 0.1916687807936148 0.10279
4360 -0.04262152747555027 0.1881409897685966 0.10279
4361 0.1131414927931023 0.07959961030026706 0.10279
4362 0.03667151050001481 0.2163590426012242 0.10279
4363 0.1192514740306485 0.06247239101089783 0.10279
4364 -0.09395283178226585 0.1601757756193624 0.10279
4365 -0.03373771159270406 0.08512247710955526 0.10279
4366 0.08492314441327438 0.1274536688561338 0.10279
4367 0.2162463089876991 0.08742097483250585 0.10279
4368 0.009594330505418225 0.1198876929598151 0.10279
4369 -0.0002940741617686834 0.1163600936475743 0.10279
4370 -0.01018247882895056 0.1128324943353394 0.10279
4371 -0.1340686238865759 -0.008590372505761048 0.10279
4372 0.02937113983979223 0.1269428915842974 0.10279
4373 0.1293623628638901 -0.1851311037416971 0.10279
4374 0.1313123573414432 -0.1745451148112774 0.10279
4375 0.1051422998407354 0.08639942028883106 0.10279
4376 -0.07706975369210106 0.05035726126103116 0.10279
4377 -0.06050832006398313 0.1914110217798498 0.10279
4378 -0.06119119512964522 -0.1660075567863085 0.10279
4379 0.04870558311166021 0.1821075898951721 0.10279
4380 -0.1368425277875684 0.07730111257700464 0.10279
4381 0.08858174050043778 -0.05465671061020105 0.10279
4382 0.006644154677067629 0.2055718144307445 0.10279
4383 0.01684026918041984 0.2106836961548378 0.10279
4384 0.1676889778379387 -0.02643591611227076 0.10279
4385 -0.04173690454527861 0.09192228709787405 0.10279
4386 0.2113041384362989 -0.08778176515561903 0.10279
4387 -0.07857599753525882 -0.2107762644706876 0.10279
4388 -0.1509517019774816 0.1012281418549368 0.10279
4389 -0.166065395696043 0.0186088674484954 0.10279
4390 0.09714310688836809 0.09319923027739516 0.10279
4391 -0.05162530921252003 0.08839468778556894 0.10279
4392 -0.1506154704101122 -0.1496299861346996 0.10279
4393 0.03881719508565636 0.1785799468374246 0.10279
4394 -0.1759538003632299 0.01508126813625423 0.10279
4395 0.07314552803126707 0.1135986602430874 0.10279
4396 -0.1038412364494529 0.1566481763071211 0.10279
4397 -0.06762369511725866 0.1019943077626914 0.10279
4398 0.07346804677443321 -0.1372759850030411 0.10279
4399 -0.05962450216489061 0.0951944977741286 0.10279
4400 0.1596897848855713 -0.01963610612370674 0.10279
4401 -0.07562288806962547 0.1087941177512553 0.10279
4402 0.08914391393600109 0.09999904026595917 0.10279
4403 -0.09351048568917941 0.1120663284275781 0.10279
4404 0.09613858735971988 -0.01334707340698013 0.10279
4405 -0.1448417207399349 0.08410092256556752 0.10279
4406 -0.03606926940087615 0.1229045150002207 0.10279
4407 0.1945802879385056 0.07003836690721771 0.10279
4408 -0.1868467245590659 -0.09499263486036186 0.10279
4409 -0.1241802192193898 -0.005062773193517774 0.10279
4410 -0.1033988903563664 0.108538729115337 0.10279
4411 -0.1490624902626614 0.1115555511557417 0.10279
4412 -0.01862401787440942 0.1677417515156814 0.10279
4413 -0.1877314167452374 0.001226259523208066 0.10279
4414 -0.1204017957897796 0.01559204540817859 0.10279
4415 -0.1778430120780502 0.004753858835449097 0.10279
4416 -0.02618086473368896 0.1264321143124617 0.10279
4417 -0.0266232108267764 0.1745415615042455 0.10279
4418 0.1498013802183835 -0.02316370543594781 0.10279
4419 0.1865810949861386 0.07683817689578147 0.10279
4420 0.1263659747968432 0.1518914754059033 0.10279
4421 -0.1132872950235535 0.1050111298030958 0.10279
4422 0.003806853207010282 -0.113859741890318 0.10279
4423 -0.2219641212659307 -0.07747232050478374 0.10279
4424 -0.08362208102199226 0.1155939277398192 0.10279
4425 -0.1896206284600577 -0.009101149777597278 0.10279
4426 -0.01708140482528163 -0.2273177607383381 0.10279
4427 0.08114472098363412 0.1067988502545232 0.10279
4428 -0.1222910075045992 0.005264636107371235 0.10279
4429 -0.1137296411166398 0.1531205769948799 0.10279
4430 -0.1105133911239323 0.01911964472420046 0.10279
4431 -0.1839529933155969 0.02188107812481823 0.10279
4432 -0.1231756996907406 0.1014835304908545 0.10279
4433 0.1291398786978358 0.06599999032313907 0.10279
4434 0.1390282833650229 0.06952758963538033 0.10279
4435 0.1343651278560794 0.1450916727150619 0.10279
4436 0.1884693449160911 0.08716445476751057 0.10279
4437 0.1069116842130807 -0.106038368478309 0.10279
4438 -0.191509840174878 -0.01942855907840242 0.10279
4439 -0.02730521156787441 -0.1828793873963908 0.10279
4440 -0.08014911082478904 -0.2223123793445904 0.10279
4441 0.1489166880322101 0.07305518894762154 0.10279
4442 -0.163171664452575 0.1354825804336749 0.10279
4443 -0.1429525090251147 0.09442833186637209 0.10279
4444 -0.1330641043579277 0.09795593117861315 0.10279
4445 -0.147173278547841 0.1218829604565463 0.10279
4446 -0.1690428453736774 0.1531042733326353 0.10279
4447 0.1423640748008083 0.1382919077291212 0.10279
4448 0.1804699916662464 0.09396407618456168 0.10279
4449 0.005696062549415613 -0.1035323321369709 0.10279
4450 0.1186893005950856 -0.0921833598652621 0.10279
4451 -0.2013982448420646 -0.02295615839064374 0.10279
4452 0.1681313239310252 -0.07454536330405588 0.10279
4453 -0.1612266254001058 0.1458894701024472 0.10279
4454 -0.155172471500208 0.1286827704451105 0.10279
4455 0.09847014516762639 -0.05112911129795943 0.10279
4456 0.1823603254634115 0.1042928054859547 0.10279
4457 -0.2032863154163068 -0.03328377644236431 0.10279
4458 0.150363032852733 0.1314921407113211 0.10279
4459 0.1743591842130224 0.1110914942576804 0.10279
4460 -0.195286932273844 -0.04008362122274744 0.10279
4461 0.1583624260138089 0.1246922940982148 0.10279
4462 0.01558446913732878 -0.1000047301624631 0.10279
4463 -0.1971767739554016 -0.05041091528259441 0.10279
4464 0.1860340556575772 0.1249544507376225 0.10279
4465 0.1682512424266641 0.1282181994825324 0.10279
4466 -0.1948442730854522 -0.08819072038874531 0.10279
4467 0.1966770113469113 0.1296525713610299 0.10279
4468 -0.1990636673687629 -0.06073644434583714 0.10279
4469 -0.2047343221786171 -0.09172042418403749 0.10279
4470 -0.1910654100713799 -0.06753579621404225 0.10279
4471 0.1762312163020705 0.1214178574349691 0.10279
4472 -0.1929528592317213 -0.07786067393122714 0.10279
4473 0.09135564440143359 -0.1405481956930005 0.10279
4474 0.08335645144782429 -0.133748385702175 0.10279
4475 -0.2153914349137257 -0.09533460988468001 0.10279
4476 -0.009859968200549542 -0.1380421618368043 0.10279
4477 0.01791603467135958 -0.1377867679938077 0.10279
4478 0.08568798935176837 -0.171530378974377 0.10279
4479 0.02780444232890189 -0.1342591666918765 0.10279
4480 0.04191361954779837 -0.1581861915425952 0.10279
4481 0.09178564390292983 -0.1886564221315504 0.10279
4482 0.05224437866642211 -0.2027680427571393 0.10279
4483 0.04424880487430199 -0.1959841355859002 0.10279
4484 0.02824679213050245 -0.1823686084745254 0.10279
4485 -0.03285305272089737 -0.01109642501601796 0.10279
4486 0.02024759926247442 -0.1755688011339926 0.10279
4487 0.03624710644374744 -0.1891733393201718 0.10279
4488 0.0122484068958213 -0.1687689935047599 0.10279
4489 -0.07429585957001725 -0.0355342314323643 0.10279
4490 -0.006966247955919457 -0.02116843575647981 0.10279
4491 0.004249212855477374 -0.1619691846873021 0.10279
4492 -0.003749981001054564 -0.1551693757295152 0.10279
4493 -0.01174917477129086 -0.1483695667514261 0.10279
4494 -0.01974836851983403 -0.1415697575835125 0.10279
4495 -0.02774756196440742 -0.1347699486432045 0.10279
4496 -0.05685060421780411 0.009303013715233253 0.10279
4497 -0.03574675628177696 -0.1279701398720593 0.10279
4498 -0.05174514651412946 -0.1143705100020905 0.10279
4499 -0.04374595147928748 -0.1211703271843627 0.10279
4500 -0.04985593711186426 -0.1040430998386884 0.10279
4501 -0.0290746085939344 0.009558401376666538 0.10279
4502 -0.04796672429183845 -0.09371569492570846 0.10279
4503 -0.04607751358832807 -0.08338829390921519 0.10279
4504 -0.05407670554779583 -0.07658848345527991 0.10279
4505 -0.03896303313007111 0.006030785063726411 0.10279
4506 -0.06207590033377204 -0.069788669313172 0.10279
4507 -0.07007509404025408 -0.06298885624525975 0.10279
4508 -0.06818588716130389 -0.05266145178930594 0.10279
4509 -0.07618507218225637 -0.04586163792067683 0.10279
4510 -0.06440745947976423 -0.03200664782229948 0.10279
4511 -0.0625182472378763 -0.02167924181920291 0.10279
4512 -0.06062903825051493 -0.01135183032425695 0.10279
4513 -0.05873982616490248 -0.001024413765202503 0.10279
4514 -0.03675057319873281 -0.2345156140270077 0.10279
4515 -0.02904273510317493 -0.2404415305906935 0.10279
4516 -0.2182546231354365 0.08705957663784233 0.10279
4517 -0.2159831296092274 0.09680951192755589 0.10279
4518 -0.1864136861437639 -0.1429463226946475 0.10279
4519 -0.1889102891116592 -0.1547643614399703 0.10279
4520 0.05670340685086509 -0.2297684005017271 0.10279
4521 -0.06480423463825892 -0.2348418269207563 0.10279
4522 -0.1937118043514884 -0.1360839425628554 0.10279
4523 0.2322571337916847 -0.07033642992060443 0.10279
4524 -0.2263908308610831 -0.06054686488604565 0.10279
4525 -0.2337644278549462 -0.05382275268268825 0.10279
4526 0.1380078543097736 -0.1915769902935707 0.10279
4527 -0.2288814547221329 0.08453591038040988 0.10279
4528 -0.1030823107229742 0.2138018536415051 0.10279
4529 0.174165185742923 0.1590817654589833 0.10279
4530 0.190234398847343 -0.1533182039599449 0.10279
4531 -0.1784883079253887 -0.1600443153106645 0.10279
4532 0.1348124363435654 0.1930227136039891 0.10279
4533 0.1612096743329871 0.1826776847645408 0.10279
4534 -0.1646904176557614 -0.1726910964907004 0.10279
4535 0.181953642320434 0.1520397777010802 0.10279
4536 0.01489710918082777 -0.2440480226447721 0.10279
4537 -0.2410379739809637 -0.03570714520339616 0.10279
4538 0.1029157594960612 0.2205421357741551 0.10279
4539 0.1212293575980819 -0.2133498034324396 0.10279
4540 0.07437307850326175 -0.2332337873757712 0.10279
4541 -0.005069024158200612 -0.2452201926132027 0.10279
4542 -0.2263172342355421 -0.09404895011345545 0.10279
4543 0.2225299077405823 0.1031459065214931 0.10279
4544 -0.2332802590019025 -0.07503556311756134 0.10279
4545 0.2385369227804088 0.05537206693938134 0.10279
4546 0.1455184498099449 0.1965511356826131 0.10279
4547 0.2451059681953843 0.004559737575818611 0.10279
4548 0.208510103116262 -0.1290994967889723 0.10279
4549 -0.1771592704855481 0.1688054380819174 0.10279
4550 0.138066427989911 -0.2020995788432246 0.10279
4551 -0.004740353034174028 0.2453091878875528 0.10279
4552 0.2267460601497982 -0.09335731488493931 0.10279
4553 0.1768346051506079 -0.1698430985254372 0.10279
4554 0.1766488935323811 0.1692226294710175 0.10279
4555 0.2427176393922673 0.02630925766224346 0.10279
4556 -0.2448998098365217 0.0153951108077383 0.10279
4557 0.2445696590586589 -0.01538575022746706 0.10279
4558 0.2182685630873489 -0.1118473150799129 0.10279
4559 -0.242683231104249 0.03634834529584538 0.10279
4560 -0.1035086615796538 -0.2216672551951094 0.10279
4561 -0.2126547486512927 0.1210441567593188 0.10279
4562 -0.2081087325194058 0.1299079013924989 0.10279
4563 -0.2451427728307195 -0.006202835217952831 0.10279
4564 -0.212985213132355 -0.1208236829497683 0.10279
4565 -0.08461559389214067 -0.2310675179346392 0.10279
4566 -0.2404044122917719 0.05488554352792905 0.10279
4567 0.0919519066019477 0.2170972432713245 0.10279
4568 0.06633773087843997 -0.2263683824345491 0.10279
4569 0.1938594189000352 -0.1326168815131339 0.10279
4570 0.06521118057347722 0.236625742658207 0.10279
4571 -0.2183703079046212 -0.1124046556415371 0.10279
4572 -0.1392495499183248 0.2034760147230429 0.10279
4573 0.0003816599471507348 0.2358809426042576 0.10279
4574 0.1033295892826199 -0.222255161381116 0.10279
4575 -0.147319012994696 -0.196929134204536 0.10279
4576 -0.1628425885184393 0.1824297665171566 0.10279
4577 0.2135961091182098 0.1210910546193519 0.10279
4578 -0.1906300090007591 0.1542277307121078 0.10279
4579 -0.104932630491596 -0.2112405041589212 0.10279
4580 0.2079838144132867 0.1301341972839742 0.10279
4581 0.1286981599390389 0.2091645545693097 0.10279
4582 0.2362084133931975 -0.0004662367557290763 0.10279
4583 -0.023522157360072 0.243065788066832 0.10279
4584 0.05482576755531399 -0.2389929249782105 0.10279
4585 0.1911993895074043 0.1545562615927601 0.10279
4586 -0.2223241151097916 0.1036274822945343 0.10279
4587 0.1472854106671745 -0.1873353904404977 0.10279
4588 0.2206512953838194 -0.08503444575873249 0.10279
4589 -0.2028541813947051 -0.13802972030985 0.10279
4590 0.008281682517725143 -0.2365182101219498 0.10279
4591 -0.08327306290494702 0.2213442060870538 0.10279
4592 0.007707054253856843 0.2146227485711116 0.10279
4593 0.1047675655706654 -0.2122539927948591 0.10279
4594 -0.01593187482703664 0.2357765284468823 0.10279
4595 -0.07509270729345235 0.2353614159605933 0.10279
4596 -0.2317409492035645 -0.04398905825745508 0.10279
4597 0.2442940935415416 0.03603994794429107 0.10279
4598 -0.09363946272146222 0.227414217774962 0.10279
4599 -0.01961168763201388 -0.2366489127319709 0.10279
4600 -0.1132999490267253 0.2003044143987746 0.10279
4601 -0.05557945793086462 -0.2402376165791794 0.10279
4602 -0.2467502202853581 -0.01570929717448792 0.10279
4603 0.2371204704064066 0.009592316312109772 0.10279
4604 0.2429329154600214 -0.04567975992829333 0.10279
4605 -0.06192139329803052 0.2270127806732994 0.10279
4606 -0.1029457185911703 0.2233618142505448 0.10279
4607 -0.1977834418880627 0.1474797665423663 0.10279
4608 0.03463051211081319 0.2433252138854251 0.10279
4609 0.2167330840893611 0.09628667049309558 0.10279
4610 0.2041001724243308 -0.1197050671097683 0.10279
4611 0.1222825747831672 0.2150655693710784 0.10279
4612 0.04888758507922907 -0.2324608845096416 0.10279
4613 0.113853908502157 -0.2085037357387657 0.10279
4614 -0.1753337566239558 0.1593062077572381 0.10279
4615 -0.221287715054794 -0.08687867535912377 0.10279
4616 0.231843053710241 0.08498743288473735 0.10279
4617 0.2177288837020143 -0.0950206426939012 0.10279
4618 -0.09714729165145879 -0.2158633160006271 0.10279
4619 -0.1384396302182905 -0.193753769032555 0.10279
4620 -0.155674436483095 -0.1913644773401865 0.10279
4621 -0.1549844232713889 -0.179568446124862 0.10279
4622 -0.03711593282652428 -0.2433256988874721 0.10279
4623 -0.1713726392327755 -0.1786395183121518 0.10279
4624 -0.05571516777445732 0.2408242111697857 0.10279
4625 0.1976323683801088 0.1471779197477948 0.10279
4626 -0.1430446605662519 0.188425612648275 0.10279
4627 -0.2352554656588406 0.0312659324408512 0.10279
4628 -0.1996124619838496 0.1300273899667782 0.10279
4629 -0.1215712540069949 0.2145776364058108 0.10279
4630 -0.2272950840219288 -0.0689490282903629 0.10279
4631 0.0468644390712627 0.2415680406419341 0.10279
4632 0.1541964175631919 -0.1926056019283724 0.10279
4633 0.1679017818559908 -0.1689843633363655 0.10279
4634 -0.1200179040831559 -0.2150423406313611 0.10279
4635 0.1801738687352102 -0.1543503262612293 0.10279
4636 0.2356138562994447 -0.06261563748641921 0.10279
4637 -0.1303417540343527 -0.2008810805069926 0.10279
4638 -0.2333969022998155 0.04140090087851566 0.10279
4639 0.05851319009434248 0.2313805788902605 0.10279
4640 -0.07077236983795827 -0.2259085212546516 0.10279
4641 -0.214222752383721 -0.1052687954417018 0.10279
4642 -0.1119203298781161 0.2095997135232421 0.10279
4643 -0.2135762845083048 0.1049362848597518 0.10279
4644 -0.2325418306221435 0.05111167470635098 0.10279
4645 -0.2370928581183128 0.02053281479986776 0.10279
4646 -0.199581744356018 -0.1299986436466212 0.10279
4647 -0.0001123508243204721 -0.2385913830823365 0.10279
4648 0.2098246667288418 0.113803797998844 0.10279
4649 -0.1625358849402931 0.1727217979266389 0.10279
4650 0.1985025253686192 -0.1478489061558704 0.10279
4651 0.238768219003156 0.06571500631546227 0.10279
4652 -0.1704263749260325 -0.1644263013163224 0.10279
4653 0.237644000921733 0.01919445346140956 0.10279
4654 -0.2383611562565796 0.01048804960212562 0.10279
4655 -0.04220460256382421 0.233398290249391 0.10279
4656 0.01529501390831013 0.2471320027079394 0.10279
4657 0.1218612084923112 -0.2051658912028453 0.10279
4658 0.1650235087609417 -0.183190971354094 0.10279
4659 -0.2362114376378404 -0.02699293081775827 0.10279
4660 0.1080447671634201 0.2112762084418815 0.10279
4661 -0.1325061090432 -0.2085577064090813 0.10279
4662 0.2261923228985693 -0.04244510430458927 0.10279
4663 0.1945516384406198 0.1394181482832341 0.10279
4664 0.2334314029352771 0.04669875399987247 0.10279
4665 0.007730298397751632 0.2375720590015433 0.10279
4666 0.2145954792430221 -0.1043911479627653 0.10279
4667 0.2004932994090876 -0.1288215273195172 0.10279
4668 -0.007807143776365108 0.2381254540411822 0.10279
4669 0.2341304661995043 -0.07799629545634951 0.10279
4670 -0.02277968495538491 -0.2456373366685123 0.10279
4671 -0.2415441061958968 -0.05598316234112442 0.10279
4672 0.02223370176485124 0.2189691090010836 0.10279
4673 0.08545871728010627 0.2325918877049287 0.10279
4674 -0.1856487639941838 -0.1643839571075735 0.10279
$EndNodes
$Elements
9182
1 15 2 0 100 1
2 15 2 0 101 2
3 15 2 0 102 3
4 15 2 0 110 4
5 15 2 0 111 5
6 15 2 0 112 6
7 15 2 0 211 7
8 15 2 0 212 8
9 15 2 0 213 9
10 15 2 0 214 10
11 15 2 0 215 11
12 15 2 0 216 12
13 15 2 0 217 13
14 15 2 0 218 14
15 15 2 0 221 15
16 15 2 0 222 16
17 15 2 0 223 17
18 15 2 0 224 18
19 15 2 0 225 19
20 15 2 0 226 20
21 15 2 0 227 21
22 15 2 0 228 22
23 15 2 0 231 23
24 15 2 0 232 24
25 15 2 0 233 25
26 15 2 0 234 26
27 15 2 0 251 27
28 15 2 0 252 28
29 15 2 0 253 29
30 15 2 0 254 30
31 15 2 0 271 31
32 15 2 0 272 32
33 15 2 0 273 33
34 15 2 0 274 34
35 15 2 0 291 35
36 15 2 0 292 36
37 15 2 0 293 37
38 15 2 0 294 38
39 15 2 0 331 39
40 15 2 0 332 40
41 15 2 0 333 41
42 15 2 0 334 42
43 15 2 0 351 43
44 15 2 0 352 44
45 15 2 0 353 45
46 15 2 0 354 46
47 15 2 0 371 47
48 15 2 0 372 48
49 15 2 0 373 49
50 15 2 0 374 50
51 15 2 0 391 51
52 15 2 0 392 52
53 15 2 0 393 53
54 15 2 0 394 54
55 1 2 0 101 2 55
56 1 2 0 101 55 56
57 1 2 0 101 56 57
58 1 2 0 101 57 58
59 1 2 0 101 58 59
60 1 2 0 101 59 60
61 1 2 0 101 60 61
62 1 2 0 101 61 62
63 1 2 0 101 62 63
64 1 2 0 101 63 64
65 1 2 0 101 64 65
66 1 2 0 101 65 66
67 1 2 0 101 66 67
68 1 2 0 101 67 68
69 1 2 0 101 68 69
70 1 2 0 101 69 70
71 1 2 0 101 70 71
72 1 2 0 101 71 72
73 1 2 0 101 72 73
74 1 2 0 101 73 74
75 1 2 0 101 74 75
76 1 2 0 101 75 76
77 1 2 0 101 76 77
78 1 2 0 101 77 78
79 1 2 0 101 78 79
80 1 2 0 101 79 80
81 1 2 0 101 80 81
82 1 2 0 101 81 82
83 1 2 0 101 82 83
84 1 2 0 101 83 84
85 1 2 0 101 84 85
86 1 2 0 101 85 86
87 1 2 0 101 86 87
88 1 2 0 101 87 88
89 1 2 0 101 88 89
90 1 2 0 101 89 90
91 1 2 0 101 90 91
92 1 2 0 101 91 92
93 1 2 0 101 92 93
94 1 2 0 101 93 94
95 1 2 0 101 94 95
96 1 2 0 101 95 96
97 1 2 0 101 96 97
98 1 2 0 101 97 98
99 1 2 0 101 98 99
100 1 2 0 101 99 100
101 1 2 0 101 100 101
102 1 2 0 101 101 102
103 1 2 0 101 102 103
104 1 2 0 101 103 104
105 1 2 0 101 104 105
106 1 2 0 101 105 106
107 1 2 0 101 106 107
108 1 2 0 101 107 108
109 1 2 0 101 108 109
110 1 2 0 101 109 110
111 1 2 0 101 110 111
112 1 2 0 101 111 112
113 1 2 0 101 112 113
114 1 2 0 101 113 114
115 1 2 0 101 114 115
116 1 2 0 101 115 116
117 1 2 0 101 116 117
118 1 2 0 101 117 118
119 1 2 0 101 118 119
120 1 2 0 101 119 120
121 1 2 0 101 120 121
122 1 2 0 101 121 122
123 1 2 0 101 122 123
124 1 2 0 101 123 124
125 1 2 0 101 124 125
126 1 2 0 101 125 126
127 1 2 0 101 126 127
128 1 2 0 101 127 128
129 1 2 0 101 128 129
130 1 2 0 101 129 3
131 1 2 0 102 3 130
132 1 2 0 102 130 131
133 1 2 0 102 131 132
134 1 2 0 102 132 133
135 1 2 0 102 133 134
136 1 2 0 102 134 135
137 1 2 0 102 135 136
138 1 2 0 102 136 137
139 1 2 0 102 137 138
140 1 2 0 102 138 139
141 1 2 0 102 139 140
142 1 2 0 102 140 141
143 1 2 0 102 141 142
144 1 2 0 102 142 143
145 1 2 0 102 143 144
146 1 2 0 102 144 145
147 1 2 0 102 145 146
148 1 2 0 102 146 147
149 1 2 0 102 147 148
150 1 2 0 102 148 149
151 1 2 0 102 149 150
152 1 2 0 102 150 151
153 1 2 0 102 151 152
154 1 2 0 102 152 153
155 1 2 0 102 153 154
156 1 2 0 102 154 155
157 1 2 0 102 155 156
158 1 2 0 102 156 157
159 1 2 0 102 157 158
160 1 2 0 102 158 159
161 1 2 0 102 159 160
162 1 2 0 102 160 161
163 1 2 0 102 161 162
164 1 2 0 102 162 163
165 1 2 0 102 163 164
166 1 2 0 102 164 165
167 1 2 0 102 165 166
168 1 2 0 102 166 167
169 1 2 0 102 167 168
170 1 2 0 102 168 169
171 1 2 0 102 169 170
172 1 2 0 102 170 171
173 1 2 0 102 171 172
174 1 2 0 102 172 173
175 1 2 0 102 173 174
176 1 2 0 102 174 175
177 1 2 0 102 175 176
178 1 2 0 102 176 177
179 1 2 0 102 177 178
180 1 2 0 102 178 179
181 1 2 0 102 179 180
182 1 2 0 102 180 181
183 1 2 0 102 181 182
184 1 2 0 102 182 183
185 1 2 0 102 183 184
186 1 2 0 102 184 185
187 1 2 0 102 185 186
188 1 2 0 102 186 187
189 1 2 0 102 187 188
190 1 2 0 102 188 189
191 1 2 0 102 189 190
192 1 2 0 102 190 191
193 1 2 0 102 191 192
194 1 2 0 102 192 193
195 1 2 0 102 193 194
196 1 2 0 102 194 195
197 1 2 0 102 195 196
198 1 2 0 102 196 197
199 1 2 0 102 197 198
200 1 2 0 102 198 199
201 1 2 0 102 199 200
202 1 2 0 102 200 201
203 1 2 0 102 201 202
204 1 2 0 102 202 203
205 1 2 0 102 203 204
206 1 2 0 102 204 2
207 1 2 0 111 5 205
208 1 2 0 111 205 206
209 1 2 0 111 206 207
210 1 2 0 111 207 208
211 1 2 0 111 208 209
212 1 2 0 111 209 210
213 1 2 0 111 210 211
214 1 2 0 111 211 212
215 1 2 0 111 212 213
216 1 2 0 111 213 214
217 1 2 0 111 214 215
218 1 2 0 111 215 216
219 1 2 0 111 216 217
220 1 2 0 111 217 218
221 1 2 0 111 218 219
222 1 2 0 111 219 220
223 1 2 0 111 220 221
224 1 2 0 111 221 222
225 1 2 0 111 222 223
226 1 2 0 111 223 224
227 1 2 0 111 224 225
228 1 2 0 111 225 226
229 1 2 0 111 226 227
230 1 2 0 111 227 228
231 1 2 0 111 228 229
232 1 2 0 111 229 230
233 1 2 0 111 230 231
234 1 2 0 111 231 232
235 1 2 0 111 232 233
236 1 2 0 111 233 234
237 1 2 0 111 234 235
238 1 2 0 111 235 236
239 1 2 0 111 236 237
240 1 2 0 111 237 238
241 1 2 0 111 238 239
242 1 2 0 111 239 240
243 1 2 0 111 240 241
244 1 2 0 111 241 242
245 1 2 0 111 242 243
246 1 2 0 111 243 244
247 1 2 0 111 244 245
248 1 2 0 111 245 246
249 1 2 0 111 246 247
250 1 2 0 111 247 248
251 1 2 0 111 248 249
252 1 2 0 111 249 250
253 1 2 0 111 250 251
254 1 2 0 111 251 252
255 1 2 0 111 252 253
256 1 2 0 111 253 254
257 1 2 0 111 254 255
258 1 2 0 111 255 256
259 1 2 0 111 256 257
260 1 2 0 111 257 258
261 1 2 0 111 258 259
262 1 2 0 111 259 260
263 1 2 0 111 260 261
264 1 2 0 111 261 262
265 1 2 0 111 262 263
266 1 2 0 111 263 264
267 1 2 0 111 264 265
268 1 2 0 111 265 266
269 1 2 0 111 266 267
270 1 2 0 111 267 268
271 1 2 0 111 268 269
272 1 2 0 111 269 270
273 1 2 0 111 270 271
274 1 2 0 111 271 272
275 1 2 0 111 272 273
276 1 2 0 111 273 274
277 1 2 0 111 274 275
278 1 2 0 111 275 276
279 1 2 0 111 276 277
280 1 2 0 111 277 278
281 1 2 0 111 278 279
282 1 2 0 111 279 6
283 1 2 0 112 6 280
284 1 2 0 112 280 281
285 1 2 0 112 281 282
286 1 2 0 112 282 283
287 1 2 0 112 283 284
288 1 2 0 112 284 285
289 1 2 0 112 285 286
290 1 2 0 112 286 287
291 1 2 0 112 287 288
292 1 2 0 112 288 289
293 1 2 0 112 289 290
294 1 2 0 112 290 291
295 1 2 0 112 291 292
296 1 2 0 112 292 293
297 1 2 0 112 293 294
298 1 2 0 112 294 295
299 1 2 0 112 295 296
300 1 2 0 112 296 297
301 1 2 0 112 297 298
302 1 2 0 112 298 299
303 1 2 0 112 299 300
304 1 2 0 112 300 301
305 1 2 0 112 301 302
306 1 2 0 112 302 303
307 1 2 0 112 303 304
308 1 2 0 112 304 305
309 1 2 0 112 305 306
310 1 2 0 112 306 307
311 1 2 0 112 307 308
312 1 2 0 112 308 309
313 1 2 0 112 309 310
314 1 2 0 112 310 311
315 1 2 0 112 311 312
316 1 2 0 112 312 313
317 1 2 0 112 313 314
318 1 2 0 112 314 315
319 1 2 0 112 315 316
320 1 2 0 112 316 317
321 1 2 0 112 317 318
322 1 2 0 112 318 319
323 1 2 0 112 319 320
324 1 2 0 112 320 321
325 1 2 0 112 321 322
326 1 2 0 112 322 323
327 1 2 0 112 323 324
328 1 2 0 112 324 325
329 1 2 0 112 325 326
330 1 2 0 112 326 327
331 1 2 0 112 327 328
332 1 2 0 112 328 329
333 1 2 0 112 329 330
334 1 2 0 112 330 331
335 1 2 0 112 331 332
336 1 2 0 112 332 333
337 1 2 0 112 333 334
338 1 2 0 112 334 335
339 1 2 0 112 335 336
340 1 2 0 112 336 337
341 1 2 0 112 337 338
342 1 2 0 112 338 339
343 1 2 0 112 339 340
344 1 2 0 112 340 341
345 1 2 0 112 341 342
346 1 2 0 112 342 343
347 1 2 0 112 343 344
348 1 2 0 112 344 345
349 1 2 0 112 345 346
350 1 2 0 112 346 347
351 1 2 0 112 347 348
352 1 2 0 112 348 349
353 1 2 0 112 349 350
354 1 2 0 112 350 351
355 1 2 0 112 351 352
356 1 2 0 112 352 353
357 1 2 0 112 353 354
358 1 2 0 112 354 5
359 1 2 0 121 2 355
360 1 2 0 121 355 356
361 1 2 0 121 356 357
362 1 2 0 121 357 358
363 1 2 0 121 358 359
364 1 2 0 121 359 360
365 1 2 0 121 360 361
366 1 2 0 121 361 362
367 1 2 0 121 362 363
368 1 2 0 121 363 5
369 1 2 0 122 3 364
370 1 2 0 122 364 365
371 1 2 0 122 365 366
372 1 2 0 122 366 367
373 1 2 0 122 367 368
374 1 2 0 122 368 369
375 1 2 0 122 369 370
376 1 2 0 122 370 371
377 1 2 0 122 371 372
378 1 2 0 122 372 6
379 1 2 0 211 11 373
380 1 2 0 211 373 374
381 1 2 0 211 374 375
382 1 2 0 211 375 376
383 1 2 0 211 376 377
384 1 2 0 211 377 378
385 1 2 0 211 378 379
386 1 2 0 211 379 380
387 1 2 0 211 380 381
388 1 2 0 211 381 382
389 1 2 0 211 382 383
390 1 2 0 211 383 384
391 1 2 0 211 384 385
392 1 2 0 211 385 386
393 1 2 0 211 386 387
394 1 2 0 211 387 388
395 1 2 0 211 388 389
396 1 2 0 211 389 7
397 1 2 0 212 8 390
398 1 2 0 212 390 391
399 1 2 0 212 391 392
400 1 2 0 212 392 393
401 1 2 0 212 393 394
402 1 2 0 212 394 395
403 1 2 0 212 395 396
404 1 2 0 212 396 397
405 1 2 0 212 397 398
406 1 2 0 212 398 399
407 1 2 0 212 399 400
408 1 2 0 212 400 401
409 1 2 0 212 401 402
410 1 2 0 212 402 403
411 1 2 0 212 403 7
412 1 2 0 213 9 404
413 1 2 0 213 404 405
414 1 2 0 213 405 406
415 1 2 0 213 406 407
416 1 2 0 213 407 408
417 1 2 0 213 408 409
418 1 2 0 213 409 410
419 1 2 0 213 410 411
420 1 2 0 213 411 412
421 1 2 0 213 412 413
422 1 2 0 213 413 414
423 1 2 0 213 414 415
424 1 2 0 213 415 416
425 1 2 0 213 416 417
426 1 2 0 213 417 10
427 1 2 0 214 10 418
428 1 2 0 214 418 419
429 1 2 0 214 419 420
430 1 2 0 214 420 421
431 1 2 0 214 421 422
432 1 2 0 214 422 423
433 1 2 0 214 423 424
434 1 2 0 214 424 425
435 1 2 0 214 425 426
436 1 2 0 214 426 427
437 1 2 0 214 427 428
438 1 2 0 214 428 429
439 1 2 0 214 429 430
440 1 2 0 214 430 431
441 1 2 0 214 431 432
442 1 2 0 214 432 433
443 1 2 0 214 433 434
444 1 2 0 214 434 14
445 1 2 0 215 11 435
446 1 2 0 215 435 436
447 1 2 0 215 436 437
448 1 2 0 215 437 438
449 1 2 0 215 438 439
450 1 2 0 215 439 440
451 1 2 0 215 440 441
452 1 2 0 215 441 442
453 1 2 0 215 442 443
454 1 2 0 215 443 444
455 1 2 0 215 444 445
456 1 2 0 215 445 446
457 1 2 0 215 446 447
458 1 2 0 215 447 448
459 1 2 0 215 448 12
460 1 2 0 216 12 449
461 1 2 0 216 449 450
462 1 2 0 216 450 451
463 1 2 0 216 451 452
464 1 2 0 216 452 453
465 1 2 0 216 453 454
466 1 2 0 216 454 455
467 1 2 0 216 455 456
468 1 2 0 216 456 457
469 1 2 0 216 457 458
470 1 2 0 216 458 459
471 1 2 0 216 459 460
472 1 2 0 216 460 461
473 1 2 0 216 461 462
474 1 2 0 216 462 463
475 1 2 0 216 463 464
476 1 2 0 216 464 465
477 1 2 0 216 465 9
478 1 2 0 217 13 466
479 1 2 0 217 466 467
480 1 2 0 217 467 468
481 1 2 0 217 468 469
482 1 2 0 217 469 470
483 1 2 0 217 470 471
484 1 2 0 217 471 472
485 1 2 0 217 472 473
486 1 2 0 217 473 474
487 1 2 0 217 474 475
488 1 2 0 217 475 476
489 1 2 0 217 476 477
490 1 2 0 217 477 478
491 1 2 0 217 478 479
492 1 2 0 217 479 480
493 1 2 0 217 480 481
494 1 2 0 217 481 482
495 1 2 0 217 482 8
496 1 2 0 218 14 483
497 1 2 0 218 483 484
498 1 2 0 218 484 485
499 1 2 0 218 485 486
500 1 2 0 218 486 487
501 1 2 0 218 487 488
502 1 2 0 218 488 489
503 1 2 0 218 489 490
504 1 2 0 218 490 491
505 1 2 0 218 491 492
506 1 2 0 218 492 493
507 1 2 0 218 493 494
508 1 2 0 218 494 495
509 1 2 0 218 495 496
510 1 2 0 218 496 13
511 1 2 0 231 23 497
512 1 2 0 231 497 24
513 1 2 0 232 24 498
514 1 2 0 232 498 25
515 1 2 0 233 25 499
516 1 2 0 233 499 26
517 1 2 0 234 26 500
518 1 2 0 234 500 23
519 1 2 0 251 27 501
520 1 2 0 251 501 28
521 1 2 0 252 28 502
522 1 2 0 252 502 29
523 1 2 0 253 29 503
524 1 2 0 253 503 30
525 1 2 0 254 30 504
526 1 2 0 254 504 27
527 1 2 0 271 31 505
528 1 2 0 271 505 32
529 1 2 0 272 32 506
530 1 2 0 272 506 33
531 1 2 0 273 33 507
532 1 2 0 273 507 34
533 1 2 0 274 34 508
534 1 2 0 274 508 31
535 1 2 0 291 35 509
536 1 2 0 291 509 36
537 1 2 0 292 36 510
538 1 2 0 292 510 37
539 1 2 0 293 37 511
540 1 2 0 293 511 38
541 1 2 0 294 38 512
542 1 2 0 294 512 35
543 1 2 0 331 39 40
544 1 2 0 332 40 41
545 1 2 0 333 41 42
546 1 2 0 334 42 39
547 1 2 0 351 43 44
548 1 2 0 352 44 45
549 1 2 0 353 45 46
550 1 2 0 354 46 43
551 1 2 0 371 47 48
552 1 2 0 372 48 49
553 1 2 0 373 49 50
554 1 2 0 374 50 47
555 1 2 0 391 51 52
556 1 2 0 392 52 53
557 1 2 0 393 53 54
558 1 2 0 394 54 51
559 2 2 0 100 554 1620 1619
560 2 2 0 100 1862 1865 544
561 2 2 0 100 1625 2359 536
562 2 2 0 100 1865 2482 544
563 2 2 0 100 174 1621 173
564 2 2 0 100 99 2555 98
565 2 2 0 100 1899 1900 547
566 2 2 0 100 1902 2012 1901
567 2 2 0 100 127 1765 126
568 2 2 0 100 2012 2492 1901
569 2 2 0 100 1609 2515 2456
570 2 2 0 100 1643 1899 547
571 2 2 0 100 1785 2486 1462
572 2 2 0 100 559 1649 1647
573 2 2 0 100 1619 1621 554
574 2 2 0 100 559 1647 1646
575 2 2 0 100 1638 2474 1639
576 2 2 0 100 1902 2511 2012
577 2 2 0 100 1635 1636 526
578 2 2 0 100 202 1629 201
579 2 2 0 100 555 2480 1921
580 2 2 0 100 2442 2555 99
581 2 2 0 100 2456 2515 516
582 2 2 0 100 1638 2516 2474
583 2 2 0 100 201 1629 513
584 2 2 0 100 522 2202 2201
585 2 2 0 100 517 2526 1933
586 2 2 0 100 1622 2497 569
587 2 2 0 100 189 1799 188
588 2 2 0 100 1594 2468 532
589 2 2 0 100 1636 2491 526
590 2 2 0 100 554 1621 174
591 2 2 0 100 524 2251 1650
592 2 2 0 100 2359 2484 536
593 2 2 0 100 1310 1766 1309
594 2 2 0 100 1933 2526 1623
595 2 2 0 100 567 1799 189
596 2 2 0 100 1866 2482 1865
597 2 2 0 100 2193 2469 521
598 2 2 0 100 1866 2521 2482
599 2 2 0 100 2502 2513 1581
600 2 2 0 100 575 1764 1763
601 2 2 0 100 528 2483 1826
602 2 2 0 100 532 2568 1594
603 2 2 0 100 1608 2517 2510
604 2 2 0 100 2510 2517 543
605 2 2 0 100 1644 2286 530
606 2 2 0 100 1646 2476 559
607 2 2 0 100 1648 2476 1646
608 2 2 0 100 2451 2465 1883
609 2 2 0 100 1796 2486 2457
610 2 2 0 100 1963 2492 2012
611 2 2 0 100 565 2553 2210
612 2 2 0 100 539 2486 1785
613 2 2 0 100 1763 1765 575
614 2 2 0 100 569 2533 1622
615 2 2 0 100 2210 2498 565
616 2 2 0 100 126 1765 514
617 2 2 0 100 575 1765 127
618 2 2 0 100 542 2463 2342
619 2 2 0 100 1634 1883 557
620 2 2 0 100 1921 2480 1920
621 2 2 0 100 176 2446 175
622 2 2 0 100 151 2438 150
623 2 2 0 100 568 2513 2502
624 2 2 0 100 519 2465 2451
625 2 2 0 100 552 1785 1626
626 2 2 0 100 1614 2477 574
627 2 2 0 100 58 2550 2527
628 2 2 0 100 1491 1766 1310
629 2 2 0 100 2527 2550 1642
630 2 2 0 100 1883 2465 557
631 2 2 0 100 2445 2469 2193
632 2 2 0 100 572 2484 2359
633 2 2 0 100 554 2446 1620
634 2 2 0 100 1626 1785 1462
635 2 2 0 100 1626 1784 552
636 2 2 0 100 2359 2559 572
637 2 2 0 100 574 2529 1614
638 2 2 0 100 2201 2433 522
639 2 2 0 100 2463 2549 2342
640 2 2 0 100 571 2472 1628
641 2 2 0 100 522 2520 2202
642 2 2 0 100 1621 2485 173
643 2 2 0 100 2457 2579 1796
644 2 2 0 100 2453 2542 535
645 2 2 0 100 535 2571 2453
646 2 2 0 100 530 2535 1644
647 2 2 0 100 1765 1766 514
648 2 2 0 100 1826 2483 1599
649 2 2 0 100 136 2440 135
650 2 2 0 100 1309 1766 1763
651 2 2 0 100 541 1793 1631
652 2 2 0 100 1921 2562 555
653 2 2 0 100 1650 2523 524
654 2 2 0 100 72 2452 71
655 2 2 0 100 1307 2253 1652
656 2 2 0 100 566 2524 1627
657 2 2 0 100 570 2438 151
658 2 2 0 100 1627 2514 566
659 2 2 0 100 2539 2540 2234
660 2 2 0 100 1760 2460 551
661 2 2 0 100 549 2462 2086
662 2 2 0 100 536 2537 1625
663 2 2 0 100 1645 2464 1618
664 2 2 0 100 564 2540 2539
665 2 2 0 100 1623 2497 1622
666 2 2 0 100 527 2499 2386
667 2 2 0 100 519 2451 1630
668 2 2 0 100 521 2576 2193
669 2 2 0 100 1611 2556 2538
670 2 2 0 100 571 2449 109
671 2 2 0 100 2457 2486 539
672 2 2 0 100 567 2491 1636
673 2 2 0 100 175 2446 554
674 2 2 0 100 533 2446 176
675 2 2 0 100 1628 2554 571
676 2 2 0 100 548 1645 1633
677 2 2 0 100 1618 2263 1645
678 2 2 0 100 1826 2565 528
679 2 2 0 100 557 2452 1634
680 2 2 0 100 560 2461 2394
681 2 2 0 100 541 2473 1793
682 2 2 0 100 1624 2500 1630
683 2 2 0 100 1793 2473 2448
684 2 2 0 100 129 2455 128
685 2 2 0 100 1636 2545 567
686 2 2 0 100 1779 2524 566
687 2 2 0 100 2538 2556 520
688 2 2 0 100 1631 2452 541
689 2 2 0 100 565 2498 2479
690 2 2 0 100 1799 2495 188
691 2 2 0 100 2462 2528 2086
692 2 2 0 100 1766 2531 514
693 2 2 0 100 1633 1644 548
694 2 2 0 100 572 2440 136
695 2 2 0 100 526 1637 1635
696 2 2 0 100 1630 2500 519
697 2 2 0 100 202 2502 1629
698 2 2 0 100 1307 1652 1619
699 2 2 0 100 1652 2253 1586
700 2 2 0 100 1627 2510 543
701 2 2 0 100 2498 2537 2479
702 2 2 0 100 1645 2263 1633
703 2 2 0 100 2386 2499 1587
704 2 2 0 100 566 2543 1779
705 2 2 0 100 531 2476 1648
706 2 2 0 100 1608 2525 2517
707 2 2 0 100 95 1649 559
708 2 2 0 100 96 1649 95
709 2 2 0 100 1619 1652 1621
710 2 2 0 100 2447 2525 1608
711 2 2 0 100 1648 2501 531
712 2 2 0 100 1624 2530 2500
713 2 2 0 100 546 2530 1624
714 2 2 0 100 543 2514 1627
715 2 2 0 100 98 2555 524
716 2 2 0 100 71 2452 557
717 2 2 0 100 541 2452 72
718 2 2 0 100 1624 2579 546
719 2 2 0 100 2459 2487 579
720 2 2 0 100 563 2561 2548
721 2 2 0 100 550 2507 1632
722 2 2 0 100 1899 1901 1900
723 2 2 0 100 1634 2452 1631
724 2 2 0 100 2548 2561 1637
725 2 2 0 100 109 2449 108
726 2 2 0 100 2461 2534 2394
727 2 2 0 100 1629 2574 513
728 2 2 0 100 2251 2581 1650
729 2 2 0 100 2438 2593 150
730 2 2 0 100 551 2518 1760
731 2 2 0 100 2492 2584 1901
732 2 2 0 100 2302 2511 1902
733 2 2 0 100 546 2579 2457
734 2 2 0 100 2448 2454 1463
735 2 2 0 100 1594 2533 2468
736 2 2 0 100 1652 2563 1621
737 2 2 0 100 2210 2553 2211
738 2 2 0 100 537 2455 129
739 2 2 0 100 128 2455 575
740 2 2 0 100 575 2455 1764
741 2 2 0 100 1632 2588 550
742 2 2 0 100 1579 1654 1651
743 2 2 0 100 1649 1650 1647
744 2 2 0 100 2440 2520 135
745 2 2 0 100 2467 2586 2529
746 2 2 0 100 2467 2529 574
747 2 2 0 100 567 2545 1799
748 2 2 0 100 1621 2563 2485
749 2 2 0 100 573 2487 2459
750 2 2 0 100 1899 1902 1901
751 2 2 0 100 1629 2502 1581
752 2 2 0 100 578 1654 1579
753 2 2 0 100 1902 2591 2302
754 2 2 0 100 556 2444 2443
755 2 2 0 100 2437 2438 570
756 2 2 0 100 2211 2553 142
757 2 2 0 100 1763 1766 1765
758 2 2 0 100 2496 2499 79
759 2 2 0 100 561 2454 2448
760 2 2 0 100 2448 2473 561
761 2 2 0 100 583 1739 1654
762 2 2 0 100 1654 1739 1651
763 2 2 0 100 583 1654 580
764 2 2 0 100 531 2501 2466
765 2 2 0 100 1653 1736 581
766 2 2 0 100 581 1736 582
767 2 2 0 100 1739 2400 1332
768 2 2 0 100 2420 2424 2055
769 2 2 0 100 2054 2404 1715
770 2 2 0 100 1055 2053 1744
771 2 2 0 100 1651 1739 1332
772 2 2 0 100 1655 2400 1739
773 2 2 0 100 1744 2053 1743
774 2 2 0 100 1744 2404 2054
775 2 2 0 100 1743 2053 629
776 2 2 0 100 625 2409 626
777 2 2 0 100 1723 1728 621
778 2 2 0 100 2415 2432 1975
779 2 2 0 100 617 1727 618
780 2 2 0 100 621 1727 1723
781 2 2 0 100 617 1934 1727
782 2 2 0 100 1655 1739 583
783 2 2 0 100 618 1727 621
784 2 2 0 100 1703 1742 1729
785 2 2 0 100 2054 2424 2420
786 2 2 0 100 1729 1741 1703
787 2 2 0 100 613 1733 614
788 2 2 0 100 1733 1934 617
789 2 2 0 100 1725 1733 613
790 2 2 0 100 614 1733 617
791 2 2 0 100 1706 2009 1741
792 2 2 0 100 609 1732 610
793 2 2 0 100 1744 2054 1055
794 2 2 0 100 613 1732 1725
795 2 2 0 100 629 2409 1743
796 2 2 0 100 609 2381 1732
797 2 2 0 100 610 1732 613
798 2 2 0 100 1490 2401 1736
799 2 2 0 100 1729 2409 625
800 2 2 0 100 605 1735 606
801 2 2 0 100 2055 2424 1201
802 2 2 0 100 1735 2381 609
803 2 2 0 100 1730 1735 605
804 2 2 0 100 606 1735 609
805 2 2 0 100 622 1728 625
806 2 2 0 100 621 1728 622
807 2 2 0 100 1490 1736 1653
808 2 2 0 100 584 1655 583
809 2 2 0 100 626 2409 629
810 2 2 0 100 601 1734 602
811 2 2 0 100 605 1734 1730
812 2 2 0 100 1724 2415 1201
813 2 2 0 100 1741 2009 1703
814 2 2 0 100 1706 1741 1723
815 2 2 0 100 602 1734 605
816 2 2 0 100 1705 1742 1697
817 2 2 0 100 1697 1742 1703
818 2 2 0 100 601 2398 1734
819 2 2 0 100 1801 1802 1719
820 2 2 0 100 1728 1729 625
821 2 2 0 100 1718 2398 2396
822 2 2 0 100 1719 1802 1664
823 2 2 0 100 1728 1741 1729
824 2 2 0 100 1664 1802 1662
825 2 2 0 100 1715 2424 2054
826 2 2 0 100 1660 1661 1659
827 2 2 0 100 1719 2398 1801
828 2 2 0 100 1736 2401 585
829 2 2 0 100 1723 1741 1728
830 2 2 0 100 1333 2402 2401
831 2 2 0 100 1724 2432 2415
832 2 2 0 100 1802 2399 1662
833 2 2 0 100 1705 1743 1742
834 2 2 0 100 1658 1660 1659
835 2 2 0 100 590 1658 593
836 2 2 0 100 2417 2418 796
837 2 2 0 100 2396 2398 1719
838 2 2 0 100 1734 2398 1718
839 2 2 0 100 2403 2406 1166
840 2 2 0 100 1742 2409 1729
841 2 2 0 100 1801 2398 601
842 2 2 0 100 1658 1659 593
843 2 2 0 100 1662 2399 1659
844 2 2 0 100 1333 2401 1490
845 2 2 0 100 1656 1657 589
846 2 2 0 100 1255 2400 1334
847 2 2 0 100 589 1658 590
848 2 2 0 100 1201 2424 1724
849 2 2 0 100 586 1656 589
850 2 2 0 100 1661 1662 1659
851 2 2 0 100 1743 2409 1742
852 2 2 0 100 1334 2400 1738
853 2 2 0 100 1737 2397 1738
854 2 2 0 100 2417 2419 1984
855 2 2 0 100 1705 1744 1743
856 2 2 0 100 1738 2397 1334
857 2 2 0 100 1332 2400 1255
858 2 2 0 100 804 2428 2427
859 2 2 0 100 2178 2426 2425
860 2 2 0 100 1657 1658 589
861 2 2 0 100 1737 1738 587
862 2 2 0 100 1984 2419 1985
863 2 2 0 100 1659 2399 593
864 2 2 0 100 1660 2406 2403
865 2 2 0 100 1661 1663 1662
866 2 2 0 100 2401 2402 1656
867 2 2 0 100 2230 2402 1333
868 2 2 0 100 1657 1660 1658
869 2 2 0 100 1663 1664 1662
870 2 2 0 100 588 1737 587
871 2 2 0 100 1663 1665 1664
872 2 2 0 100 1887 2397 1396
873 2 2 0 100 1665 1666 1664
874 2 2 0 100 1396 2397 1740
875 2 2 0 100 1740 1745 1492
876 2 2 0 100 1396 1740 1492
877 2 2 0 100 1334 2397 1887
878 2 2 0 100 591 1745 1740
879 2 2 0 100 1666 1719 1664
880 2 2 0 100 1665 1667 1666
881 2 2 0 100 595 1746 1745
882 2 2 0 100 1745 1746 1492
883 2 2 0 100 595 1745 592
884 2 2 0 100 1667 1668 1666
885 2 2 0 100 1667 1669 1668
886 2 2 0 100 1669 1670 1668
887 2 2 0 100 595 1747 1746
888 2 2 0 100 2216 2317 1747
889 2 2 0 100 1747 2317 1746
890 2 2 0 100 1249 1761 1758
891 2 2 0 100 1890 1968 1967
892 2 2 0 100 1249 1762 1761
893 2 2 0 100 934 2199 2144
894 2 2 0 100 1309 1762 1235
895 2 2 0 100 1758 1994 1249
896 2 2 0 100 1890 1967 1891
897 2 2 0 100 1670 1671 1668
898 2 2 0 100 1891 1967 1335
899 2 2 0 100 1756 1994 1758
900 2 2 0 100 2013 2356 1335
901 2 2 0 100 813 2369 807
902 2 2 0 100 1335 2356 1891
903 2 2 0 100 1279 2393 1429
904 2 2 0 100 1762 1764 1761
905 2 2 0 100 1235 1762 1249
906 2 2 0 100 1078 1994 1756
907 2 2 0 100 807 1751 793
908 2 2 0 100 807 2369 1751
909 2 2 0 100 1309 1763 1762
910 2 2 0 100 1078 1756 1755
911 2 2 0 100 1257 2374 2300
912 2 2 0 100 793 1751 792
913 2 2 0 100 1890 2144 1968
914 2 2 0 100 1429 2317 2216
915 2 2 0 100 792 1751 1748
916 2 2 0 100 1748 1772 792
917 2 2 0 100 1774 2225 1168
918 2 2 0 100 2144 2199 1394
919 2 2 0 100 1755 1893 1078
920 2 2 0 100 934 2144 1890
921 2 2 0 100 768 1776 769
922 2 2 0 100 1257 1792 1752
923 2 2 0 100 1342 2371 1341
924 2 2 0 100 1749 1773 1772
925 2 2 0 100 1825 2115 789
926 2 2 0 100 1753 1825 789
927 2 2 0 100 1752 1792 1496
928 2 2 0 100 1768 1769 1112
929 2 2 0 100 1769 2090 1112
930 2 2 0 100 1767 1893 1755
931 2 2 0 100 1754 2337 2319
932 2 2 0 100 740 2122 2110
933 2 2 0 100 1752 2374 1257
934 2 2 0 100 769 1776 789
935 2 2 0 100 1770 2166 1495
936 2 2 0 100 1392 2166 1770
937 2 2 0 100 1770 2262 1392
938 2 2 0 100 789 1776 1753
939 2 2 0 100 1497 2111 2041
940 2 2 0 100 1749 2225 1774
941 2 2 0 100 1815 2358 2247
942 2 2 0 100 1495 2166 1771
943 2 2 0 100 1501 2094 2020
944 2 2 0 100 1374 2323 2041
945 2 2 0 100 1775 2218 1506
946 2 2 0 100 841 2356 1750
947 2 2 0 100 970 1812 967
948 2 2 0 100 1750 2356 2013
949 2 2 0 100 2300 2374 1774
950 2 2 0 100 1749 1772 1748
951 2 2 0 100 841 2369 813
952 2 2 0 100 1496 1792 1497
953 2 2 0 100 892 1893 1767
954 2 2 0 100 833 1908 847
955 2 2 0 100 962 2218 1775
956 2 2 0 100 1749 1774 1773
957 2 2 0 100 2268 2350 1211
958 2 2 0 100 1810 1811 1362
959 2 2 0 100 1792 2111 1497
960 2 2 0 100 1810 1827 1517
961 2 2 0 100 2041 2323 1497
962 2 2 0 100 1498 2153 1912
963 2 2 0 100 1542 2115 1825
964 2 2 0 100 1670 1672 1671
965 2 2 0 100 847 1908 1814
966 2 2 0 100 1789 1926 1366
967 2 2 0 100 1750 2369 841
968 2 2 0 100 1466 2390 2384
969 2 2 0 100 1168 2300 1774
970 2 2 0 100 1781 1810 1517
971 2 2 0 100 1825 2019 1542
972 2 2 0 100 1472 2233 1380
973 2 2 0 100 740 2110 1112
974 2 2 0 100 792 1772 785
975 2 2 0 100 1056 2082 2047
976 2 2 0 100 1811 2089 1362
977 2 2 0 100 1499 2032 1522
978 2 2 0 100 785 1772 794
979 2 2 0 100 2254 2296 1522
980 2 2 0 100 1767 2247 892
981 2 2 0 100 1542 2019 1342
982 2 2 0 100 1776 2337 1754
983 2 2 0 100 1597 1863 1778
984 2 2 0 100 1780 2130 708
985 2 2 0 100 868 2014 1839
986 2 2 0 100 1112 2110 1768
987 2 2 0 100 1839 2014 1838
988 2 2 0 100 1797 2276 1803
989 2 2 0 100 2032 2254 1522
990 2 2 0 100 1814 1844 847
991 2 2 0 100 1790 1926 1789
992 2 2 0 100 1429 2393 2317
993 2 2 0 100 1320 1866 1865
994 2 2 0 100 1808 2082 1056
995 2 2 0 100 1771 1812 1495
996 2 2 0 100 1498 1912 1837
997 2 2 0 100 1504 2130 1780
998 2 2 0 100 1495 1812 970
999 2 2 0 100 2020 2094 1178
1000 2 2 0 100 2361 2373 1881
1001 2 2 0 100 1837 1838 1343
1002 2 2 0 100 1392 2204 1391
1003 2 2 0 100 1508 1787 1262
1004 2 2 0 100 1517 2176 1781
1005 2 2 0 100 1020 1926 1790
1006 2 2 0 100 1457 1846 1786
1007 2 2 0 100 1905 2360 1048
1008 2 2 0 100 1453 1862 1861
1009 2 2 0 100 596 1747 595
1010 2 2 0 100 1873 2237 1381
1011 2 2 0 100 1501 2020 2019
1012 2 2 0 100 2110 2122 1391
1013 2 2 0 100 1391 2204 2110
1014 2 2 0 100 768 2337 1776
1015 2 2 0 100 1838 2014 1974
1016 2 2 0 100 1472 2234 2233
1017 2 2 0 100 699 1915 697
1018 2 2 0 100 2020 2371 1342
1019 2 2 0 100 1790 2087 1020
1020 2 2 0 100 1498 1837 1343
1021 2 2 0 100 1345 1906 1151
1022 2 2 0 100 967 1812 966
1023 2 2 0 100 846 1908 833
1024 2 2 0 100 1815 2247 1979
1025 2 2 0 100 1320 1865 1864
1026 2 2 0 100 1512 1791 1578
1027 2 2 0 100 1506 2218 1804
1028 2 2 0 100 1392 2262 2204
1029 2 2 0 100 1775 1905 962
1030 2 2 0 100 1595 1783 1264
1031 2 2 0 100 1446 1788 1787
1032 2 2 0 100 966 1812 1804
1033 2 2 0 100 1777 1863 1277
1034 2 2 0 100 2140 2285 1824
1035 2 2 0 100 1763 1764 1762
1036 2 2 0 100 1804 2218 966
1037 2 2 0 100 1787 1788 1262
1038 2 2 0 100 708 2088 1780
1039 2 2 0 100 1362 1827 1810
1040 2 2 0 100 1453 1861 1860
1041 2 2 0 100 2087 2088 1020
1042 2 2 0 100 1913 2274 2248
1043 2 2 0 100 1780 2088 2087
1044 2 2 0 100 1838 1974 1343
1045 2 2 0 100 1570 2330 1363
1046 2 2 0 100 1092 2302 1231
1047 2 2 0 100 1102 2266 1918
1048 2 2 0 100 1401 2098 1350
1049 2 2 0 100 1847 2197 1385
1050 2 2 0 100 2047 2082 1397
1051 2 2 0 100 1822 1823 1818
1052 2 2 0 100 1772 1773 794
1053 2 2 0 100 1769 2337 2090
1054 2 2 0 100 1778 1863 1777
1055 2 2 0 100 1238 1794 1315
1056 2 2 0 100 2307 2330 1570
1057 2 2 0 100 1595 1784 1783
1058 2 2 0 100 1777 2032 1499
1059 2 2 0 100 1453 1864 1862
1060 2 2 0 100 1361 2089 1459
1061 2 2 0 100 2382 2387 1481
1062 2 2 0 100 1346 1795 1600
1063 2 2 0 100 1380 2233 1381
1064 2 2 0 100 1150 2331 2024
1065 2 2 0 100 1056 2042 1808
1066 2 2 0 100 1824 2285 1823
1067 2 2 0 100 1846 1847 1786
1068 2 2 0 100 1446 2030 1788
1069 2 2 0 100 1800 2219 2157
1070 2 2 0 100 1930 1960 1358
1071 2 2 0 100 1508 1906 1787
1072 2 2 0 100 1800 1956 1125
1073 2 2 0 100 1789 2323 1374
1074 2 2 0 100 1487 2209 2186
1075 2 2 0 100 1783 1797 1264
1076 2 2 0 100 1468 1883 1882
1077 2 2 0 100 1390 2271 2265
1078 2 2 0 100 998 1923 1138
1079 2 2 0 100 1956 2005 1125
1080 2 2 0 100 2084 2260 1086
1081 2 2 0 100 2186 2209 1221
1082 2 2 0 100 1358 2240 1354
1083 2 2 0 100 1787 1906 1345
1084 2 2 0 100 713 2042 711
1085 2 2 0 100 1419 2279 1058
1086 2 2 0 100 1512 1848 1791
1087 2 2 0 100 1803 2276 1354
1088 2 2 0 100 1399 1851 1137
1089 2 2 0 100 1509 1998 1997
1090 2 2 0 100 2162 2327 1559
1091 2 2 0 100 1099 2372 1816
1092 2 2 0 100 1580 1933 1317
1093 2 2 0 100 1805 1806 1049
1094 2 2 0 100 1253 1816 1592
1095 2 2 0 100 1781 2176 1617
1096 2 2 0 100 1354 2240 1803
1097 2 2 0 100 1813 1844 1814
1098 2 2 0 100 1222 2159 1085
1099 2 2 0 100 1216 1860 1214
1100 2 2 0 100 1277 2032 1777
1101 2 2 0 100 1795 1796 1600
1102 2 2 0 100 1124 1923 998
1103 2 2 0 100 1864 1865 1862
1104 2 2 0 100 1264 1797 1263
1105 2 2 0 100 697 1915 784
1106 2 2 0 100 1317 1933 1449
1107 2 2 0 100 1511 2160 1870
1108 2 2 0 100 1870 2155 1510
1109 2 2 0 100 1134 1817 915
1110 2 2 0 100 1544 2095 1925
1111 2 2 0 100 1028 1894 1523
1112 2 2 0 100 1907 2308 2107
1113 2 2 0 100 1630 2212 1347
1114 2 2 0 100 1453 1860 1216
1115 2 2 0 100 858 2312 2298
1116 2 2 0 100 2157 2219 990
1117 2 2 0 100 1998 2027 816
1118 2 2 0 100 2155 2221 1510
1119 2 2 0 100 757 2030 1888
1120 2 2 0 100 1797 1803 1263
1121 2 2 0 100 1514 2005 1956
1122 2 2 0 100 1818 1823 1817
1123 2 2 0 100 784 1915 1914
1124 2 2 0 100 811 1845 801
1125 2 2 0 100 1125 2219 1800
1126 2 2 0 100 1894 2046 1523
1127 2 2 0 100 1151 1906 1150
1128 2 2 0 100 2248 2274 1839
1129 2 2 0 100 2308 2313 2107
1130 2 2 0 100 2257 2296 1062
1131 2 2 0 100 1915 2130 1504
1132 2 2 0 100 1509 2027 1998
1133 2 2 0 100 1271 2106 1907
1134 2 2 0 100 2319 2337 1769
1135 2 2 0 100 1461 1796 1795
1136 2 2 0 100 1835 2033 1957
1137 2 2 0 100 2333 2347 1892
1138 2 2 0 100 1869 1942 1052
1139 2 2 0 100 816 2027 1853
1140 2 2 0 100 887 1874 960
1141 2 2 0 100 1937 2357 2344
1142 2 2 0 100 960 1874 1828
1143 2 2 0 100 1828 1903 960
1144 2 2 0 100 1423 2159 1222
1145 2 2 0 100 1560 2339 2272
1146 2 2 0 100 1544 2270 1348
1147 2 2 0 100 1443 1793 1454
1148 2 2 0 100 699 2130 1915
1149 2 2 0 100 1302 1863 1597
1150 2 2 0 100 1341 2371 1498
1151 2 2 0 100 1633 2263 1427
1152 2 2 0 100 1551 2311 1553
1153 2 2 0 100 2247 2358 892
1154 2 2 0 100 1364 1813 1188
1155 2 2 0 100 1320 1867 1866
1156 2 2 0 100 1979 2247 1794
1157 2 2 0 100 1927 2252 2030
1158 2 2 0 100 1137 1851 1029
1159 2 2 0 100 1185 2033 1834
1160 2 2 0 100 1468 1882 1289
1161 2 2 0 100 1858 2353 2352
1162 2 2 0 100 1878 2114 778
1163 2 2 0 100 1459 2089 1648
1164 2 2 0 100 1511 1870 1510
1165 2 2 0 100 1914 2098 784
1166 2 2 0 100 1834 1836 1185
1167 2 2 0 100 1451 2231 1200
1168 2 2 0 100 1315 1794 1338
1169 2 2 0 100 1377 2092 1879
1170 2 2 0 100 1522 2296 2257
1171 2 2 0 100 949 2145 653
1172 2 2 0 100 847 1845 811
1173 2 2 0 100 1834 2033 1835
1174 2 2 0 100 2303 2319 2006
1175 2 2 0 100 2283 2315 1367
1176 2 2 0 100 1505 2276 1797
1177 2 2 0 100 1546 2267 2185
1178 2 2 0 100 1907 2106 1884
1179 2 2 0 100 1806 2042 1049
1180 2 2 0 100 870 1874 887
1181 2 2 0 100 1134 1818 1817
1182 2 2 0 100 1385 2197 1108
1183 2 2 0 100 1822 1824 1823
1184 2 2 0 100 1846 1961 1094
1185 2 2 0 100 1181 2057 1358
1186 2 2 0 100 1218 1864 1453
1187 2 2 0 100 1360 2117 1827
1188 2 2 0 100 1925 2270 1544
1189 2 2 0 100 2242 2262 1770
1190 2 2 0 100 2314 2346 2010
1191 2 2 0 100 2067 2256 2078
1192 2 2 0 100 1362 2089 1361
1193 2 2 0 100 2309 2321 1820
1194 2 2 0 100 1078 1893 955
1195 2 2 0 100 1523 2302 1092
1196 2 2 0 100 1094 1847 1846
1197 2 2 0 100 1836 1996 1185
1198 2 2 0 100 1487 2210 2209
1199 2 2 0 100 1908 2358 1815
1200 2 2 0 100 119 545 118
1201 2 2 0 100 1830 1831 1605
1202 2 2 0 100 1924 2321 2309
1203 2 2 0 100 1827 2117 1096
1204 2 2 0 100 1832 2145 949
1205 2 2 0 100 1021 2290 2273
1206 2 2 0 100 1209 1970 1276
1207 2 2 0 100 1212 2112 1215
1208 2 2 0 100 1474 1932 1306
1209 2 2 0 100 1602 1830 1605
1210 2 2 0 100 1670 1673 1672
1211 2 2 0 100 842 2132 2052
1212 2 2 0 100 1509 2098 1401
1213 2 2 0 100 1014 2128 1088
1214 2 2 0 100 779 1884 802
1215 2 2 0 100 915 1817 913
1216 2 2 0 100 1049 2021 1805
1217 2 2 0 100 1512 1849 1848
1218 2 2 0 100 1603 1978 1947
1219 2 2 0 100 128 575 127
1220 2 2 0 100 1925 2095 1080
1221 2 2 0 100 1206 1970 1209
1222 2 2 0 100 1879 2114 1878
1223 2 2 0 100 952 2046 882
1224 2 2 0 100 1423 1921 1919
1225 2 2 0 100 1180 2221 2155
1226 2 2 0 100 1049 2042 713
1227 2 2 0 100 1960 2240 1358
1228 2 2 0 100 1957 2164 1835
1229 2 2 0 100 2107 2350 2268
1230 2 2 0 100 1136 2281 1230
1231 2 2 0 100 1211 2112 1212
1232 2 2 0 100 1350 2098 1914
1233 2 2 0 100 1672 1704 1671
1234 2 2 0 100 1839 2274 868
1235 2 2 0 100 1364 1844 1813
1236 2 2 0 100 1888 2030 1446
1237 2 2 0 100 1856 2194 1880
1238 2 2 0 100 91 562 90
1239 2 2 0 100 1232 1864 1218
1240 2 2 0 100 1240 1863 1302
1241 2 2 0 100 1289 1882 1439
1242 2 2 0 100 1918 2266 1917
1243 2 2 0 100 1394 2199 1083
1244 2 2 0 100 1094 2197 1847
1245 2 2 0 100 2352 2353 2238
1246 2 2 0 100 818 1959 809
1247 2 2 0 100 1091 2171 953
1248 2 2 0 100 1308 1848 1149
1249 2 2 0 100 1149 1848 1389
1250 2 2 0 100 1906 2331 1150
1251 2 2 0 100 2265 2266 1390
1252 2 2 0 100 1997 2098 1509
1253 2 2 0 100 1775 2360 1905
1254 2 2 0 100 993 2063 1095
1255 2 2 0 100 2043 2069 1382
1256 2 2 0 100 1808 2042 1806
1257 2 2 0 100 1853 2011 816
1258 2 2 0 100 2177 2244 1093
1259 2 2 0 100 2100 2198 1955
1260 2 2 0 100 717 2021 715
1261 2 2 0 100 1877 1973 721
1262 2 2 0 100 1138 1923 1346
1263 2 2 0 100 2077 2253 1148
1264 2 2 0 100 1188 1813 1190
1265 2 2 0 100 1390 2266 1220
1266 2 2 0 100 1959 1960 1930
1267 2 2 0 100 117 521 116
1268 2 2 0 100 1173 2013 1175
1269 2 2 0 100 1632 2026 1458
1270 2 2 0 100 60 525 59
1271 2 2 0 100 711 2042 1056
1272 2 2 0 100 1517 1827 1096
1273 2 2 0 100 1221 2209 2069
1274 2 2 0 100 1516 2176 1517
1275 2 2 0 100 1604 1978 1603
1276 2 2 0 100 81 549 80
1277 2 2 0 100 98 524 97
1278 2 2 0 100 177 533 176
1279 2 2 0 100 850 1916 831
1280 2 2 0 100 1061 2309 2294
1281 2 2 0 100 159 542 158
1282 2 2 0 100 955 1893 889
1283 2 2 0 100 1918 2200 1102
1284 2 2 0 100 1432 2278 1969
1285 2 2 0 100 1489 2136 2135
1286 2 2 0 100 2091 2318 2316
1287 2 2 0 100 95 559 94
1288 2 2 0 100 2163 2188 706
1289 2 2 0 100 1164 1912 1143
1290 2 2 0 100 1311 1867 1298
1291 2 2 0 100 1455 1980 1444
1292 2 2 0 100 2092 2114 1879
1293 2 2 0 100 791 2061 823
1294 2 2 0 100 831 1916 841
1295 2 2 0 100 984 2133 985
1296 2 2 0 100 1880 2194 1048
1297 2 2 0 100 1221 2069 2043
1298 2 2 0 100 1325 2177 1229
1299 2 2 0 100 1878 2160 1511
1300 2 2 0 100 2333 2349 1809
1301 2 2 0 100 194 563 193
1302 2 2 0 100 1927 2030 757
1303 2 2 0 100 1855 2183 1135
1304 2 2 0 100 1373 1903 1371
1305 2 2 0 100 124 573 123
1306 2 2 0 100 1094 1961 1007
1307 2 2 0 100 1306 1932 1146
1308 2 2 0 100 1353 1838 1837
1309 2 2 0 100 1358 2057 1930
1310 2 2 0 100 1458 2026 1995
1311 2 2 0 100 1298 1867 1320
1312 2 2 0 100 1879 1956 1377
1313 2 2 0 100 1460 1847 1385
1314 2 2 0 100 1875 1976 1876
1315 2 2 0 100 780 1884 779
1316 2 2 0 100 1889 1916 850
1317 2 2 0 100 1207 2046 952
1318 2 2 0 100 1269 1849 1512
1319 2 2 0 100 1269 2018 1849
1320 2 2 0 100 1521 2295 2167
1321 2 2 0 100 1552 1871 1555
1322 2 2 0 100 1804 1812 1771
1323 2 2 0 100 165 553 164
1324 2 2 0 100 190 567 189
1325 2 2 0 100 1214 1860 1313
1326 2 2 0 100 1791 1848 1308
1327 2 2 0 100 1829 2274 1913
1328 2 2 0 100 2121 2280 728
1329 2 2 0 100 949 2127 1832
1330 2 2 0 100 1021 1896 1895
1331 2 2 0 100 85 548 84
1332 2 2 0 100 706 2188 707
1333 2 2 0 100 809 1959 1929
1334 2 2 0 100 1021 2273 1896
1335 2 2 0 100 1371 1903 1828
1336 2 2 0 100 1848 1849 1389
1337 2 2 0 100 1943 2051 1416
1338 2 2 0 100 2063 2311 1551
1339 2 2 0 100 157 560 156
1340 2 2 0 100 730 2122 732
1341 2 2 0 100 761 2173 783
1342 2 2 0 100 1844 1845 847
1343 2 2 0 100 1238 1979 1794
1344 2 2 0 100 1366 2323 1789
1345 2 2 0 100 2214 2335 1435
1346 2 2 0 100 1873 2311 2237
1347 2 2 0 100 1773 2261 794
1348 2 2 0 100 926 1945 1050
1349 2 2 0 100 1389 2171 1091
1350 2 2 0 100 2095 2220 1187
1351 2 2 0 100 1300 1798 1390
1352 2 2 0 100 1411 2051 1410
1353 2 2 0 100 83 530 82
1354 2 2 0 100 858 1959 818
1355 2 2 0 100 968 2269 1100
1356 2 2 0 100 1516 2244 2177
1357 2 2 0 100 1976 2049 1876
1358 2 2 0 100 2052 2132 1943
1359 2 2 0 100 1304 2205 1142
1360 2 2 0 100 1162 2043 1382
1361 2 2 0 100 1211 2350 2112
1362 2 2 0 100 1416 2052 1943
1363 2 2 0 100 110 571 109
1364 2 2 0 100 921 1854 1135
1365 2 2 0 100 1854 1855 1135
1366 2 2 0 100 1265 2005 1514
1367 2 2 0 100 1532 2255 2250
1368 2 2 0 100 722 2146 719
1369 2 2 0 100 1841 1842 1318
1370 2 2 0 100 1402 2253 2077
1371 2 2 0 100 1841 1843 1842
1372 2 2 0 100 689 2011 687
1373 2 2 0 100 1052 2011 1869
1374 2 2 0 100 1336 2013 1173
1375 2 2 0 100 1418 2189 1840
1376 2 2 0 100 1677 2368 2341
1377 2 2 0 100 653 2145 657
1378 2 2 0 100 874 1965 1059
1379 2 2 0 100 1903 1947 960
1380 2 2 0 100 1099 1816 1071
1381 2 2 0 100 1940 2096 1421
1382 2 2 0 100 777 2061 791
1383 2 2 0 100 896 1895 899
1384 2 2 0 100 1912 2153 1143
1385 2 2 0 100 1351 1913 1248
1386 2 2 0 100 1404 1804 1771
1387 2 2 0 100 1444 2249 1441
1388 2 2 0 100 1969 2278 1970
1389 2 2 0 100 679 1938 683
1390 2 2 0 100 1087 2327 2162
1391 2 2 0 100 1432 2336 1261
1392 2 2 0 100 1449 1623 1622
1393 2 2 0 100 1700 2058 1985
1394 2 2 0 100 2018 2073 1850
1395 2 2 0 100 1418 2157 990
1396 2 2 0 100 1815 1979 1344
1397 2 2 0 100 1346 1923 1795
1398 2 2 0 100 1786 1847 1460
1399 2 2 0 100 1479 1911 1478
1400 2 2 0 100 764 2143 774
1401 2 2 0 100 1490 1491 1310
1402 2 2 0 100 1338 1767 1755
1403 2 2 0 100 2103 2196 2104
1404 2 2 0 100 683 1938 759
1405 2 2 0 100 755 1927 757
1406 2 2 0 100 878 1885 951
1407 2 2 0 100 1104 1995 1106
1408 2 2 0 100 1123 2057 1181
1409 2 2 0 100 1334 1887 1165
1410 2 2 0 100 1355 2006 1357
1411 2 2 0 100 2316 2318 1434
1412 2 2 0 100 1514 1956 1879
1413 2 2 0 100 2030 2252 1788
1414 2 2 0 100 1849 2018 1850
1415 2 2 0 100 161 556 160
1416 2 2 0 100 679 2169 1938
1417 2 2 0 100 721 2021 717
1418 2 2 0 100 1267 1917 1268
1419 2 2 0 100 1500 1778 1777
1420 2 2 0 100 78 527 77
1421 2 2 0 100 163 516 162
1422 2 2 0 100 744 2180 1183
1423 2 2 0 100 899 1895 1365
1424 2 2 0 100 924 1945 926
1425 2 2 0 100 1907 2107 1271
1426 2 2 0 100 1294 1881 1573
1427 2 2 0 100 1449 1933 1623
1428 2 2 0 100 1505 1783 1626
1429 2 2 0 100 2215 2277 1558
1430 2 2 0 100 1869 2051 1942
1431 2 2 0 100 1985 2058 1982
1432 2 2 0 100 3 537 129
1433 2 2 0 100 917 1977 1134
1434 2 2 0 100 1448 1881 1295
1435 2 2 0 100 1426 2326 1428
1436 2 2 0 100 1531 1852 1529
1437 2 2 0 100 1717 1934 1733
1438 2 2 0 100 1869 2011 1853
1439 2 2 0 100 715 2021 1049
1440 2 2 0 100 1859 2282 728
1441 2 2 0 100 789 2115 771
1442 2 2 0 100 1272 2133 984
1443 2 2 0 100 1875 1876 1012
1444 2 2 0 100 1061 2294 2121
1445 2 2 0 100 1086 2260 1223
1446 2 2 0 100 1955 2198 1204
1447 2 2 0 100 1317 1448 1295
1448 2 2 0 100 2179 2190 1400
1449 2 2 0 100 1928 2072 1515
1450 2 2 0 100 1836 2059 1996
1451 2 2 0 100 131 551 130
1452 2 2 0 100 728 2280 1859
1453 2 2 0 100 808 1929 828
1454 2 2 0 100 876 940 939
1455 2 2 0 100 1603 1947 1903
1456 2 2 0 100 1963 2012 1962
1457 2 2 0 100 729 1122 1113
1458 2 2 0 100 803 1940 1421
1459 2 2 0 100 826 2039 869
1460 2 2 0 100 919 1977 917
1461 2 2 0 100 1077 1925 1080
1462 2 2 0 100 1089 2077 1148
1463 2 2 0 100 1910 2085 2074
1464 2 2 0 100 2101 2217 2161
1465 2 2 0 100 168 544 167
1466 2 2 0 100 1973 2021 721
1467 2 2 0 100 1845 2239 801
1468 2 2 0 100 1344 1979 1192
1469 2 2 0 100 1248 1913 1246
1470 2 2 0 100 1717 1992 1934
1471 2 2 0 100 1935 1953 611
1472 2 2 0 100 1113 2122 730
1473 2 2 0 100 817 818 809
1474 2 2 0 100 839 2039 826
1475 2 2 0 100 863 1966 936
1476 2 2 0 100 1052 1942 1941
1477 2 2 0 100 1176 2262 2242
1478 2 2 0 100 1809 2349 2082
1479 2 2 0 100 2034 2143 764
1480 2 2 0 100 835 1940 803
1481 2 2 0 100 809 1929 808
1482 2 2 0 100 1084 1269 1222
1483 2 2 0 100 1227 1995 1104
1484 2 2 0 100 1203 1967 1279
1485 2 2 0 100 1403 2188 2163
1486 2 2 0 100 2269 2326 1426
1487 2 2 0 100 1874 2241 1829
1488 2 2 0 100 1001 2117 1360
1489 2 2 0 100 1037 1886 1039
1490 2 2 0 100 1886 2108 1039
1491 2 2 0 100 1098 2095 1187
1492 2 2 0 100 1143 2153 1107
1493 2 2 0 100 1363 2123 1158
1494 2 2 0 100 1590 1826 1326
1495 2 2 0 100 1381 2232 1873
1496 2 2 0 100 2265 2271 1452
1497 2 2 0 100 1505 1626 1462
1498 2 2 0 100 1904 2099 1530
1499 2 2 0 100 1535 1973 1877
1500 2 2 0 100 1836 2127 2059
1501 2 2 0 100 1884 2106 802
1502 2 2 0 100 959 962 930
1503 2 2 0 100 1015 2289 2288
1504 2 2 0 100 1058 2279 1432
1505 2 2 0 100 1171 2152 1170
1506 2 2 0 100 1247 1841 1318
1507 2 2 0 100 1265 1514 1511
1508 2 2 0 100 1926 1990 1366
1509 2 2 0 100 1439 1882 1442
1510 2 2 0 100 1935 2008 1538
1511 2 2 0 100 1758 1761 1759
1512 2 2 0 100 1965 2256 2067
1513 2 2 0 100 1243 1912 1164
1514 2 2 0 100 1175 2013 1335
1515 2 2 0 100 1364 2297 1844
1516 2 2 0 100 1502 1825 1753
1517 2 2 0 100 1527 2222 1526
1518 2 2 0 100 1602 1605 1604
1519 2 2 0 100 1754 2319 2303
1520 2 2 0 100 1904 2198 2100
1521 2 2 0 100 657 2284 662
1522 2 2 0 100 666 2168 664
1523 2 2 0 100 816 2011 689
1524 2 2 0 100 746 2034 747
1525 2 2 0 100 1513 1931 851
1526 2 2 0 100 1002 1003 979
1527 2 2 0 100 1003 1909 979
1528 2 2 0 100 1931 2057 1123
1529 2 2 0 100 1134 1819 1818
1530 2 2 0 100 1321 1640 1595
1531 2 2 0 100 1338 1755 1339
1532 2 2 0 100 1393 2291 2227
1533 2 2 0 100 1500 1779 1778
1534 2 2 0 100 170 576 169
1535 2 2 0 100 870 2241 1874
1536 2 2 0 100 1074 2043 1162
1537 2 2 0 100 1331 1489 1241
1538 2 2 0 100 1426 1427 1252
1539 2 2 0 100 1399 2298 1851
1540 2 2 0 100 1410 2051 1869
1541 2 2 0 100 598 600 599
1542 2 2 0 100 650 1988 946
1543 2 2 0 100 769 770 745
1544 2 2 0 100 773 2062 786
1545 2 2 0 100 856 1965 874
1546 2 2 0 100 905 907 904
1547 2 2 0 100 965 967 966
1548 2 2 0 100 972 2242 1770
1549 2 2 0 100 1101 1816 1253
1550 2 2 0 100 1593 1798 1300
1551 2 2 0 100 1327 1590 1326
1552 2 2 0 100 1428 1561 1471
1553 2 2 0 100 1438 2339 1560
1554 2 2 0 100 1914 1915 1504
1555 2 2 0 100 2182 2222 1527
1556 2 2 0 100 1638 1639 1617
1557 2 2 0 100 1950 2187 1951
1558 2 2 0 100 691 1998 816
1559 2 2 0 100 795 2143 2038
1560 2 2 0 100 829 2023 1131
1561 2 2 0 100 882 2046 1894
1562 2 2 0 100 2059 2127 949
1563 2 2 0 100 1122 1260 1258
1564 2 2 0 100 1382 1611 1472
1565 2 2 0 100 1416 2051 1411
1566 2 2 0 100 1840 2157 1418
1567 2 2 0 100 1845 2297 2239
1568 2 2 0 100 620 2065 619
1569 2 2 0 100 710 1975 1030
1570 2 2 0 100 943 2073 2018
1571 2 2 0 100 1010 1501 1256
1572 2 2 0 100 1041 2085 1910
1573 2 2 0 100 1085 2159 1161
1574 2 2 0 100 1220 2266 1102
1575 2 2 0 100 1223 1326 1224
1576 2 2 0 100 1242 1244 1243
1577 2 2 0 100 1296 1317 1295
1578 2 2 0 100 1302 1597 1581
1579 2 2 0 100 1353 2248 1839
1580 2 2 0 100 1938 2291 1393
1581 2 2 0 100 2254 2279 1419
1582 2 2 0 100 1501 2019 1502
1583 2 2 0 100 1558 2277 2172
1584 2 2 0 100 2241 2274 1829
1585 2 2 0 100 1868 2183 1855
1586 2 2 0 100 637 1936 1387
1587 2 2 0 100 760 2139 1369
1588 2 2 0 100 778 2160 1878
1589 2 2 0 100 871 1889 850
1590 2 2 0 100 954 2268 1211
1591 2 2 0 100 969 970 967
1592 2 2 0 100 971 972 970
1593 2 2 0 100 1910 2109 1041
1594 2 2 0 100 1106 1107 1105
1595 2 2 0 100 1268 1451 1200
1596 2 2 0 100 1489 2135 1241
1597 2 2 0 100 1303 1332 1255
1598 2 2 0 100 1422 1486 1301
1599 2 2 0 100 2163 2238 1420
1600 2 2 0 100 1441 2249 1440
1601 2 2 0 100 1604 2293 1978
1602 2 2 0 100 2134 2187 1950
1603 2 2 0 100 1954 2066 1953
1604 2 2 0 100 1954 2103 2066
1605 2 2 0 100 885 1892 1133
1606 2 2 0 100 1087 2162 986
1607 2 2 0 100 995 2063 993
1608 2 2 0 100 1111 1909 1003
1609 2 2 0 100 1080 2095 1098
1610 2 2 0 100 1084 2018 1269
1611 2 2 0 100 1098 1145 1144
1612 2 2 0 100 1131 2140 2139
1613 2 2 0 100 1320 1864 1232
1614 2 2 0 100 1620 1791 1308
1615 2 2 0 100 1353 1839 1838
1616 2 2 0 100 2139 2140 1369
1617 2 2 0 100 1419 2296 2254
1618 2 2 0 100 1499 1522 1476
1619 2 2 0 100 1530 1531 1529
1620 2 2 0 100 1538 1953 1935
1621 2 2 0 100 1546 2150 1989
1622 2 2 0 100 1673 1674 1672
1623 2 2 0 100 1716 1992 1699
1624 2 2 0 100 1833 2310 2304
1625 2 2 0 100 1942 2051 1943
1626 2 2 0 100 2185 2267 2052
1627 2 2 0 100 115 558 114
1628 2 2 0 100 671 1897 678
1629 2 2 0 100 677 1941 1359
1630 2 2 0 100 687 2011 1052
1631 2 2 0 100 783 2173 817
1632 2 2 0 100 1343 1974 838
1633 2 2 0 100 2304 2310 848
1634 2 2 0 100 860 2170 862
1635 2 2 0 100 885 886 866
1636 2 2 0 100 934 1889 871
1637 2 2 0 100 985 987 986
1638 2 2 0 100 1104 1105 1011
1639 2 2 0 100 2048 2148 1064
1640 2 2 0 100 1165 1887 1109
1641 2 2 0 100 2074 2085 1128
1642 2 2 0 100 1141 2230 1236
1643 2 2 0 100 1181 1354 1182
1644 2 2 0 100 1190 1344 1192
1645 2 2 0 100 1215 2112 1433
1646 2 2 0 100 1434 2007 1284
1647 2 2 0 100 1537 1973 1535
1648 2 2 0 100 1989 2267 1546
1649 2 2 0 100 1948 1950 1949
1650 2 2 0 100 1984 1985 1982
1651 2 2 0 100 619 2065 1964
1652 2 2 0 100 669 1397 674
1653 2 2 0 100 675 1875 1012
1654 2 2 0 100 693 1998 691
1655 2 2 0 100 721 2146 1877
1656 2 2 0 100 1064 2146 722
1657 2 2 0 100 804 1993 723
1658 2 2 0 100 815 2139 782
1659 2 2 0 100 1184 2072 798
1660 2 2 0 100 2061 2119 823
1661 2 2 0 100 977 978 976
1662 2 2 0 100 1105 2094 1011
1663 2 2 0 100 1134 1977 1819
1664 2 2 0 100 1238 1315 1314
1665 2 2 0 100 1436 1917 1267
1666 2 2 0 100 1282 1425 1281
1667 2 2 0 100 1283 1971 1434
1668 2 2 0 100 1289 1439 1438
1669 2 2 0 100 1487 2186 1301
1670 2 2 0 100 1305 1589 1330
1671 2 2 0 100 1352 1457 1456
1672 2 2 0 100 1360 1827 1362
1673 2 2 0 100 1380 1381 1379
1674 2 2 0 100 1382 1472 1380
1675 2 2 0 100 1475 1627 1488
1676 2 2 0 100 1502 1753 1503
1677 2 2 0 100 1704 1730 1718
1678 2 2 0 100 1950 1951 1949
1679 2 2 0 100 122 538 121
1680 2 2 0 100 709 2088 708
1681 2 2 0 100 810 1939 844
1682 2 2 0 100 1944 2083 822
1683 2 2 0 100 832 845 833
1684 2 2 0 100 837 855 836
1685 2 2 0 100 905 2100 908
1686 2 2 0 100 917 1134 915
1687 2 2 0 100 982 1955 1204
1688 2 2 0 100 1965 2067 1059
1689 2 2 0 100 1095 2063 1551
1690 2 2 0 100 1159 1291 1158
1691 2 2 0 100 1515 2072 1184
1692 2 2 0 100 1198 2142 2124
1693 2 2 0 100 1298 1320 1232
1694 2 2 0 100 1478 1609 1311
1695 2 2 0 100 1349 1914 1504
1696 2 2 0 100 1371 1828 1351
1697 2 2 0 100 1378 2044 2015
1698 2 2 0 100 1832 2127 1518
1699 2 2 0 100 1529 2182 1527
1700 2 2 0 100 1530 2099 1532
1701 2 2 0 100 1983 1984 1982
1702 2 2 0 100 603 2277 2215
1703 2 2 0 100 615 2008 1935
1704 2 2 0 100 639 1936 637
1705 2 2 0 100 673 2016 1958
1706 2 2 0 100 759 1938 1393
1707 2 2 0 100 761 783 782
1708 2 2 0 100 794 2261 2105
1709 2 2 0 100 828 1929 1513
1710 2 2 0 100 856 872 855
1711 2 2 0 100 887 960 956
1712 2 2 0 100 1069 2236 920
1713 2 2 0 100 965 2269 968
1714 2 2 0 100 985 2133 988
1715 2 2 0 100 1017 2128 1014
1716 2 2 0 100 1144 2223 1422
1717 2 2 0 100 1175 1202 1174
1718 2 2 0 100 1181 1358 1354
1719 2 2 0 100 1458 1995 1227
1720 2 2 0 100 1333 1490 1310
1721 2 2 0 100 1312 1478 1311
1722 2 2 0 100 1346 1600 1347
1723 2 2 0 100 1941 1942 1359
1724 2 2 0 100 1381 2237 1379
1725 2 2 0 100 1514 1879 1878
1726 2 2 0 100 1934 1992 1716
1727 2 2 0 100 1858 1859 1857
1728 2 2 0 100 1929 1959 1930
1729 2 2 0 100 141 565 140
1730 2 2 0 100 597 1802 1801
1731 2 2 0 100 640 641 639
1732 2 2 0 100 702 704 682
1733 2 2 0 100 692 1924 1061
1734 2 2 0 100 730 731 709
1735 2 2 0 100 719 2146 721
1736 2 2 0 100 739 1990 738
1737 2 2 0 100 817 819 818
1738 2 2 0 100 869 1944 824
1739 2 2 0 100 888 934 871
1740 2 2 0 100 875 2024 884
1741 2 2 0 100 1904 2100 909
1742 2 2 0 100 913 1817 1384
1743 2 2 0 100 922 923 921
1744 2 2 0 100 958 959 930
1745 2 2 0 100 961 996 955
1746 2 2 0 100 991 994 993
1747 2 2 0 100 1177 2040 1045
1748 2 2 0 100 1262 2228 1057
1749 2 2 0 100 1067 2049 1976
1750 2 2 0 100 1077 1080 1079
1751 2 2 0 100 1098 1187 1145
1752 2 2 0 100 1142 1143 1107
1753 2 2 0 100 1191 2206 1254
1754 2 2 0 100 1948 1949 1198
1755 2 2 0 100 1212 1214 1213
1756 2 2 0 100 1230 2281 1321
1757 2 2 0 100 1319 1351 1248
1758 2 2 0 100 1270 1539 1538
1759 2 2 0 100 1313 1610 1585
1760 2 2 0 100 1313 1860 1610
1761 2 2 0 100 1352 1846 1457
1762 2 2 0 100 1374 2041 2040
1763 2 2 0 100 2056 2092 1375
1764 2 2 0 100 1853 2027 1408
1765 2 2 0 100 1420 2238 1507
1766 2 2 0 100 1422 1625 1486
1767 2 2 0 100 1477 1963 1962
1768 2 2 0 100 1533 1536 1535
1769 2 2 0 100 2239 2297 1543
1770 2 2 0 100 1639 1782 1781
1771 2 2 0 100 1641 1642 1640
1772 2 2 0 100 1991 1992 1707
1773 2 2 0 100 1944 2315 2283
1774 2 2 0 100 663 1958 665
1775 2 2 0 100 673 1958 663
1776 2 2 0 100 676 2169 679
1777 2 2 0 100 867 1976 1875
1778 2 2 0 100 876 1931 940
1779 2 2 0 100 884 952 882
1780 2 2 0 100 898 1937 906
1781 2 2 0 100 962 1905 930
1782 2 2 0 100 932 982 981
1783 2 2 0 100 968 1100 1093
1784 2 2 0 100 1001 1002 979
1785 2 2 0 100 994 995 993
1786 2 2 0 100 1016 2005 1265
1787 2 2 0 100 1028 1523 1092
1788 2 2 0 100 1045 1046 1043
1789 2 2 0 100 1119 1120 1117
1790 2 2 0 100 1167 1395 1394
1791 2 2 0 100 1206 1208 1207
1792 2 2 0 100 1284 2007 1286
1793 2 2 0 100 1438 1560 1288
1794 2 2 0 100 1305 1330 1306
1795 2 2 0 100 1619 1620 1308
1796 2 2 0 100 1609 1867 1311
1797 2 2 0 100 1750 2013 1336
1798 2 2 0 100 1340 2045 1790
1799 2 2 0 100 1367 2315 1436
1800 2 2 0 100 1603 1903 1373
1801 2 2 0 100 1449 1450 1448
1802 2 2 0 100 1483 1484 1482
1803 2 2 0 100 1539 1954 1953
1804 2 2 0 100 1726 2120 1708
1805 2 2 0 100 134 522 133
1806 2 2 0 100 201 513 200
1807 2 2 0 100 1987 1988 654
1808 2 2 0 100 662 748 673
1809 2 2 0 100 669 2047 1397
1810 2 2 0 100 714 1999 843
1811 2 2 0 100 748 750 749
1812 2 2 0 100 771 773 772
1813 2 2 0 100 858 1960 1959
1814 2 2 0 100 889 1893 892
1815 2 2 0 100 900 2002 1937
1816 2 2 0 100 975 976 973
1817 2 2 0 100 1004 1094 1007
1818 2 2 0 100 1366 1990 1027
1819 2 2 0 100 2307 2362 1068
1820 2 2 0 100 1228 1923 1124
1821 2 2 0 100 1138 1346 1250
1822 2 2 0 100 1163 1331 1241
1823 2 2 0 100 1169 1171 1170
1824 2 2 0 100 1375 1376 1266
1825 2 2 0 100 1313 1585 1402
1826 2 2 0 100 1348 2270 1386
1827 2 2 0 100 1400 1405 1401
1828 2 2 0 100 1403 1420 1404
1829 2 2 0 100 1506 1804 1404
1830 2 2 0 100 1473 1475 1474
1831 2 2 0 100 2101 2150 1545
1832 2 2 0 100 1597 1629 1581
1833 2 2 0 100 1641 1643 1642
1834 2 2 0 100 1703 2009 1694
1835 2 2 0 100 1805 2021 1973
1836 2 2 0 100 1886 2190 2179
1837 2 2 0 100 1981 1983 1982
1838 2 2 0 100 1989 2150 1988
1839 2 2 0 100 103 540 102
1840 2 2 0 100 867 1875 682
1841 2 2 0 100 702 2131 704
1842 2 2 0 100 729 1113 730
1843 2 2 0 100 759 1393 761
1844 2 2 0 100 785 794 772
1845 2 2 0 100 806 1974 812
1846 2 2 0 100 908 2100 1955
1847 2 2 0 100 918 919 917
1848 2 2 0 100 999 1062 950
1849 2 2 0 100 1070 2102 961
1850 2 2 0 100 988 1418 990
1851 2 2 0 100 1007 1961 1009
1852 2 2 0 100 1045 2040 1046
1853 2 2 0 100 1053 1950 1948
1854 2 2 0 100 1060 1152 1151
1855 2 2 0 100 1100 1229 1093
1856 2 2 0 100 1101 1253 1220
1857 2 2 0 100 1122 1258 1113
1858 2 2 0 100 1118 1257 1119
1859 2 2 0 100 1123 1181 1124
1860 2 2 0 100 1132 2227 2078
1861 2 2 0 100 1172 2225 1337
1862 2 2 0 100 1230 1321 1264
1863 2 2 0 100 1347 2212 1250
1864 2 2 0 100 1967 1968 1279
1865 2 2 0 100 1284 1286 1285
1866 2 2 0 100 1296 1919 1580
1867 2 2 0 100 1330 1608 1473
1868 2 2 0 100 1538 2008 1370
1869 2 2 0 100 1541 2044 1378
1870 2 2 0 100 1849 1850 1389
1871 2 2 0 100 2124 2142 1398
1872 2 2 0 100 1405 1407 1406
1873 2 2 0 100 1408 2027 1406
1874 2 2 0 100 1428 1470 1427
1875 2 2 0 100 1870 2160 1515
1876 2 2 0 100 1540 2071 1964
1877 2 2 0 100 2008 2071 1540
1878 2 2 0 100 1549 2260 2084
1879 2 2 0 100 1707 1992 1717
1880 2 2 0 100 2164 2295 1835
1881 2 2 0 100 2073 2170 1850
1882 2 2 0 100 1856 1857 1855
1883 2 2 0 100 1954 2196 2103
1884 2 2 0 100 616 2071 615
1885 2 2 0 100 623 2065 620
1886 2 2 0 100 729 730 709
1887 2 2 0 100 714 715 713
1888 2 2 0 100 720 804 723
1889 2 2 0 100 742 1990 739
1890 2 2 0 100 741 743 742
1891 2 2 0 100 747 2034 764
1892 2 2 0 100 750 752 751
1893 2 2 0 100 759 760 758
1894 2 2 0 100 769 771 770
1895 2 2 0 100 775 2072 1928
1896 2 2 0 100 790 2031 776
1897 2 2 0 100 784 2098 1997
1898 2 2 0 100 884 1205 952
1899 2 2 0 100 924 926 925
1900 2 2 0 100 929 930 927
1901 2 2 0 100 956 1081 957
1902 2 2 0 100 977 979 978
1903 2 2 0 100 977 1001 979
1904 2 2 0 100 1101 1102 1025
1905 2 2 0 100 1080 1097 1079
1906 2 2 0 100 1121 1168 1130
1907 2 2 0 100 1194 1195 1179
1908 2 2 0 100 1206 1209 1208
1909 2 2 0 100 1236 1310 1309
1910 2 2 0 100 1477 1962 1239
1911 2 2 0 100 1277 1863 1240
1912 2 2 0 100 1895 1896 1365
1913 2 2 0 100 1437 2289 2017
1914 2 2 0 100 1443 1454 1444
1915 2 2 0 100 1482 1911 1479
1916 2 2 0 100 1533 1535 1534
1917 2 2 0 100 2192 2193 1607
1918 2 2 0 100 1639 1781 1617
1919 2 2 0 100 1690 1699 1687
1920 2 2 0 100 1704 1731 1730
1921 2 2 0 100 1821 2183 1868
1922 2 2 0 100 1854 2194 1856
1923 2 2 0 100 2064 2080 1951
1924 2 2 0 100 1964 2071 619
1925 2 2 0 100 642 1996 641
1926 2 2 0 100 1185 1996 642
1927 2 2 0 100 665 1015 667
1928 2 2 0 100 667 1897 671
1929 2 2 0 100 677 1359 672
1930 2 2 0 100 685 1941 680
1931 2 2 0 100 691 816 689
1932 2 2 0 100 692 693 691
1933 2 2 0 100 716 717 715
1934 2 2 0 100 783 817 809
1935 2 2 0 100 796 797 788
1936 2 2 0 100 791 820 790
1937 2 2 0 100 837 856 855
1938 2 2 0 100 853 878 854
1939 2 2 0 100 2156 2272 912
1940 2 2 0 100 921 1135 919
1941 2 2 0 100 1067 1976 938
1942 2 2 0 100 940 997 939
1943 2 2 0 100 940 1931 1123
1944 2 2 0 100 1086 1087 986
1945 2 2 0 100 1000 1146 999
1946 2 2 0 100 1157 2049 1067
1947 2 2 0 100 1077 1079 1076
1948 2 2 0 100 1111 2006 1909
1949 2 2 0 100 1230 1263 1137
1950 2 2 0 100 1199 1200 1147
1951 2 2 0 100 1255 1334 1165
1952 2 2 0 100 1215 1216 1214
1953 2 2 0 100 1223 1327 1326
1954 2 2 0 100 1234 1461 1228
1955 2 2 0 100 1252 1324 1229
1956 2 2 0 100 1788 2228 1262
1957 2 2 0 100 1270 2025 1539
1958 2 2 0 100 1279 1429 1278
1959 2 2 0 100 1293 1568 1567
1960 2 2 0 100 1493 1750 1336
1961 2 2 0 100 1492 1494 1395
1962 2 2 0 100 1414 2109 1910
1963 2 2 0 100 1439 1442 1441
1964 2 2 0 100 1530 1532 1531
1965 2 2 0 100 2273 2290 1556
1966 2 2 0 100 1641 2281 1898
1967 2 2 0 100 1676 1981 1679
1968 2 2 0 100 93 531 92
1969 2 2 0 100 204 568 203
1970 2 2 0 100 619 2071 616
1971 2 2 0 100 658 1987 654
1972 2 2 0 100 656 1975 710
1973 2 2 0 100 662 663 658
1974 2 2 0 100 681 682 675
1975 2 2 0 100 704 867 682
1976 2 2 0 100 688 689 687
1977 2 2 0 100 688 690 689
1978 2 2 0 100 712 1999 714
1979 2 2 0 100 724 2048 1064
1980 2 2 0 100 783 808 782
1981 2 2 0 100 799 814 798
1982 2 2 0 100 830 831 813
1983 2 2 0 100 834 2106 861
1984 2 2 0 100 889 892 864
1985 2 2 0 100 875 884 882
1986 2 2 0 100 956 957 888
1987 2 2 0 100 899 900 898
1988 2 2 0 100 903 1922 909
1989 2 2 0 100 905 908 907
1990 2 2 0 100 908 932 931
1991 2 2 0 100 909 2099 1904
1992 2 2 0 100 1065 1066 938
1993 2 2 0 100 948 1057 947
1994 2 2 0 100 1083 2199 957
1995 2 2 0 100 959 964 963
1996 2 2 0 100 965 966 963
1997 2 2 0 100 968 1093 969
1998 2 2 0 100 972 1495 970
1999 2 2 0 100 1088 2063 995
2000 2 2 0 100 1046 2040 1114
2001 2 2 0 100 1051 2017 2016
2002 2 2 0 100 1066 1156 1067
2003 2 2 0 100 1292 2151 1066
2004 2 2 0 100 1103 1227 1104
2005 2 2 0 100 1126 2056 1375
2006 2 2 0 100 1129 2025 1270
2007 2 2 0 100 1141 1235 1140
2008 2 2 0 100 1156 1283 1157
2009 2 2 0 100 1285 2049 1157
2010 2 2 0 100 1217 1218 1216
2011 2 2 0 100 1225 1303 1255
2012 2 2 0 100 1238 1314 1237
2013 2 2 0 100 1338 1794 1767
2014 2 2 0 100 2019 2020 1342
2015 2 2 0 100 1357 1769 1768
2016 2 2 0 100 1435 1888 1446
2017 2 2 0 100 1647 1786 1460
2018 2 2 0 100 1505 1797 1783
2019 2 2 0 100 1507 1775 1506
2020 2 2 0 100 1552 1554 1550
2021 2 2 0 100 1783 1784 1626
2022 2 2 0 100 1675 1981 1676
2023 2 2 0 100 1856 1858 1857
2024 2 2 0 100 2049 2167 1876
2025 2 2 0 100 62 552 61
2026 2 2 0 100 101 550 100
2027 2 2 0 100 182 517 181
2028 2 2 0 100 643 1201 648
2029 2 2 0 100 647 2033 1185
2030 2 2 0 100 655 1957 651
2031 2 2 0 100 659 2047 669
2032 2 2 0 100 749 2016 673
2033 2 2 0 100 683 759 758
2034 2 2 0 100 688 2010 705
2035 2 2 0 100 1061 2121 694
2036 2 2 0 100 1383 2048 735
2037 2 2 0 100 755 757 753
2038 2 2 0 100 782 2139 760
2039 2 2 0 100 803 1421 781
2040 2 2 0 100 786 792 785
2041 2 2 0 100 800 801 799
2042 2 2 0 100 838 1974 806
2043 2 2 0 100 837 1965 856
2044 2 2 0 100 881 943 942
2045 2 2 0 100 884 1388 1205
2046 2 2 0 100 914 915 913
2047 2 2 0 100 926 927 925
2048 2 2 0 100 934 1890 1889
2049 2 2 0 100 943 1084 944
2050 2 2 0 100 946 2150 2101
2051 2 2 0 100 982 1204 984
2052 2 2 0 100 1028 1092 1029
2053 2 2 0 100 1040 1948 1198
2054 2 2 0 100 1046 1054 1053
2055 2 2 0 100 1080 1098 1097
2056 2 2 0 100 1142 2205 1163
2057 2 2 0 100 1161 1296 1295
2058 2 2 0 100 1174 2152 1171
2059 2 2 0 100 1172 1336 1173
2060 2 2 0 100 1180 2270 1925
2061 2 2 0 100 1187 1364 1188
2062 2 2 0 100 1188 1190 1189
2063 2 2 0 100 1203 1279 1278
2064 2 2 0 100 1215 1217 1216
2065 2 2 0 100 1219 1232 1218
2066 2 2 0 100 1244 1353 1243
2067 2 2 0 100 1346 1347 1250
2068 2 2 0 100 1282 2068 1431
2069 2 2 0 100 1286 1518 1287
2070 2 2 0 100 1328 1598 1329
2071 2 2 0 100 1446 1787 1345
2072 2 2 0 100 1586 2253 1402
2073 2 2 0 100 1431 1548 1430
2074 2 2 0 100 1480 1481 1479
2075 2 2 0 100 1748 1751 1493
2076 2 2 0 100 1852 2182 1529
2077 2 2 0 100 1805 1973 1537
2078 2 2 0 100 1547 2224 2217
2079 2 2 0 100 1551 1553 1552
2080 2 2 0 100 1572 1584 1583
2081 2 2 0 100 1898 1899 1643
2082 2 2 0 100 1704 1718 1671
2083 2 2 0 100 1981 1982 1679
2084 2 2 0 100 1685 1686 1684
2085 2 2 0 100 1694 2009 1691
2086 2 2 0 100 1699 1992 1991
2087 2 2 0 100 1807 1808 1806
2088 2 2 0 100 601 602 600
2089 2 2 0 100 606 608 607
2090 2 2 0 100 641 644 639
2091 2 2 0 100 644 1936 639
2092 2 2 0 100 663 665 664
2093 2 2 0 100 671 678 676
2094 2 2 0 100 680 1941 677
2095 2 2 0 100 724 1064 722
2096 2 2 0 100 737 766 736
2097 2 2 0 100 743 744 742
2098 2 2 0 100 744 1027 742
2099 2 2 0 100 1051 2016 749
2100 2 2 0 100 756 776 755
2101 2 2 0 100 761 782 760
2102 2 2 0 100 774 795 787
2103 2 2 0 100 776 2031 1927
2104 2 2 0 100 836 858 818
2105 2 2 0 100 836 2312 858
2106 2 2 0 100 877 911 852
2107 2 2 0 100 862 881 880
2108 2 2 0 100 872 1894 1028
2109 2 2 0 100 881 942 941
2110 2 2 0 100 912 914 913
2111 2 2 0 100 916 918 917
2112 2 2 0 100 1150 2024 935
2113 2 2 0 100 942 2191 1068
2114 2 2 0 100 1081 1082 957
2115 2 2 0 100 974 1096 975
2116 2 2 0 100 978 1355 1176
2117 2 2 0 100 1002 1004 1003
2118 2 2 0 100 1011 2094 1010
2119 2 2 0 100 1136 1137 1029
2120 2 2 0 100 1053 1948 1043
2121 2 2 0 100 1064 2148 2147
2122 2 2 0 100 1229 2177 1093
2123 2 2 0 100 1516 1517 1096
2124 2 2 0 100 1109 1887 1167
2125 2 2 0 100 1186 2015 1120
2126 2 2 0 100 1121 1130 1129
2127 2 2 0 100 1167 1396 1395
2128 2 2 0 100 1378 2015 1186
2129 2 2 0 100 1190 1813 1344
2130 2 2 0 100 1283 1434 1284
2131 2 2 0 100 1289 1438 1288
2132 2 2 0 100 1293 1567 1565
2133 2 2 0 100 1315 1338 1323
2134 2 2 0 100 1331 1614 1489
2135 2 2 0 100 1340 1789 1374
2136 2 2 0 100 1814 1815 1344
2137 2 2 0 100 1350 1914 1349
2138 2 2 0 100 1400 1401 1350
2139 2 2 0 100 1405 1406 1401
2140 2 2 0 100 1588 1632 1458
2141 2 2 0 100 1459 1646 1460
2142 2 2 0 100 1561 1562 1471
2143 2 2 0 100 1513 2057 1931
2144 2 2 0 100 1544 2220 2095
2145 2 2 0 100 1568 1569 1567
2146 2 2 0 100 1605 1606 1604
2147 2 2 0 100 1982 2058 1679
2148 2 2 0 100 1682 1991 1707
2149 2 2 0 100 1710 1712 1696
2150 2 2 0 100 1717 1733 1725
2151 2 2 0 100 1951 1952 1949
2152 2 2 0 100 73 541 72
2153 2 2 0 100 112 529 111
2154 2 2 0 100 612 1935 611
2155 2 2 0 100 1953 2066 611
2156 2 2 0 100 657 658 654
2157 2 2 0 100 657 662 658
2158 2 2 0 100 681 702 682
2159 2 2 0 100 690 1924 692
2160 2 2 0 100 705 1924 690
2161 2 2 0 100 692 694 693
2162 2 2 0 100 703 1193 737
2163 2 2 0 100 707 729 709
2164 2 2 0 100 730 732 731
2165 2 2 0 100 738 1990 1926
2166 2 2 0 100 740 1112 741
2167 2 2 0 100 743 768 745
2168 2 2 0 100 830 849 831
2169 2 2 0 100 856 873 872
2170 2 2 0 100 904 2093 910
2171 2 2 0 100 910 2003 2002
2172 2 2 0 100 972 1770 1495
2173 2 2 0 100 978 1909 1355
2174 2 2 0 100 1095 1549 992
2175 2 2 0 100 1019 1073 1017
2176 2 2 0 100 1398 2029 1031
2177 2 2 0 100 1044 1886 1037
2178 2 2 0 100 1043 1948 1040
2179 2 2 0 100 1042 1045 1043
2180 2 2 0 100 1047 1194 1179
2181 2 2 0 100 1072 1099 1071
2182 2 2 0 100 1212 1213 1090
2183 2 2 0 100 1106 1142 1107
2184 2 2 0 100 1129 1270 1186
2185 2 2 0 100 1144 1422 1301
2186 2 2 0 100 1203 1278 1202
2187 2 2 0 100 1209 1240 1239
2188 2 2 0 100 1461 1795 1228
2189 2 2 0 100 1501 1502 1256
2190 2 2 0 100 1425 1437 1281
2191 2 2 0 100 1294 1573 1445
2192 2 2 0 100 1303 2192 1607
2193 2 2 0 100 1315 1323 1322
2194 2 2 0 100 1331 1615 1614
2195 2 2 0 100 1459 1460 1385
2196 2 2 0 100 1409 1411 1410
2197 2 2 0 100 1417 1545 1415
2198 2 2 0 100 1910 2074 1417
2199 2 2 0 100 1519 1832 1518
2200 2 2 0 100 1572 1582 1564
2201 2 2 0 100 1676 1677 1674
2202 2 2 0 100 1699 1991 1687
2203 2 2 0 100 1688 1692 1691
2204 2 2 0 100 2116 2137 1701
2205 2 2 0 100 1712 2137 2116
2206 2 2 0 100 1730 1734 1718
2207 2 2 0 100 1756 1758 1757
2208 2 2 0 100 1854 1856 1855
2209 2 2 0 100 1856 1880 1858
2210 2 2 0 100 88 515 87
2211 2 2 0 100 137 572 136
2212 2 2 0 100 154 528 153
2213 2 2 0 100 598 1801 601
2214 2 2 0 100 615 2071 2008
2215 2 2 0 100 621 622 620
2216 2 2 0 100 1031 2029 631
2217 2 2 0 100 638 639 637
2218 2 2 0 100 640 2055 643
2219 2 2 0 100 1957 2033 651
2220 2 2 0 100 656 710 660
2221 2 2 0 100 1015 1897 667
2222 2 2 0 100 676 679 677
2223 2 2 0 100 683 758 684
2224 2 2 0 100 696 697 695
2225 2 2 0 100 697 784 695
2226 2 2 0 100 701 2130 699
2227 2 2 0 100 703 2154 1193
2228 2 2 0 100 1993 2000 725
2229 2 2 0 100 727 733 726
2230 2 2 0 100 732 738 731
2231 2 2 0 100 733 1126 735
2232 2 2 0 100 740 741 739
2233 2 2 0 100 745 2180 744
2234 2 2 0 100 750 848 752
2235 2 2 0 100 765 778 763
2236 2 2 0 100 773 785 772
2237 2 2 0 100 786 793 792
2238 2 2 0 100 797 798 788
2239 2 2 0 100 806 812 807
2240 2 2 0 100 824 1944 822
2241 2 2 0 100 830 2014 868
2242 2 2 0 100 859 1023 839
2243 2 2 0 100 876 877 852
2244 2 2 0 100 863 883 864
2245 2 2 0 100 874 1059 935
2246 2 2 0 100 885 893 886
2247 2 2 0 100 908 1955 932
2248 2 2 0 100 945 1945 924
2249 2 2 0 100 996 1078 955
2250 2 2 0 100 975 977 976
2251 2 2 0 100 985 986 983
2252 2 2 0 100 987 1086 986
2253 2 2 0 100 1000 2245 1199
2254 2 2 0 100 1010 1256 1008
2255 2 2 0 100 1016 1018 1017
2256 2 2 0 100 1071 1101 1025
2257 2 2 0 100 1064 2147 2146
2258 2 2 0 100 1107 1178 1105
2259 2 2 0 100 1141 1236 1235
2260 2 2 0 100 1145 2223 1144
2261 2 2 0 100 1283 1284 1157
2262 2 2 0 100 1173 1175 1174
2263 2 2 0 100 1175 1203 1202
2264 2 2 0 100 1237 2206 1191
2265 2 2 0 100 1196 1400 1350
2266 2 2 0 100 1949 2142 1198
2267 2 2 0 100 1215 1433 1217
2268 2 2 0 100 1324 1325 1229
2269 2 2 0 100 1314 1316 1237
2270 2 2 0 100 1253 1592 1591
2271 2 2 0 100 1376 1840 1266
2272 2 2 0 100 1565 1566 1292
2273 2 2 0 100 1317 1449 1448
2274 2 2 0 100 1319 1371 1351
2275 2 2 0 100 1338 1339 1323
2276 2 2 0 100 1370 1540 1378
2277 2 2 0 100 1412 2109 1414
2278 2 2 0 100 1545 1546 1415
2279 2 2 0 100 1426 1428 1427
2280 2 2 0 100 1471 2286 1470
2281 2 2 0 100 1483 1574 1485
2282 2 2 0 100 1575 1576 1485
2283 2 2 0 100 1514 1878 1511
2284 2 2 0 100 1515 2160 1928
2285 2 2 0 100 1536 1537 1535
2286 2 2 0 100 1571 1572 1564
2287 2 2 0 100 1721 1981 1675
2288 2 2 0 100 1683 1684 1682
2289 2 2 0 100 1686 1687 1684
2290 2 2 0 100 1686 1688 1687
2291 2 2 0 100 1688 1690 1687
2292 2 2 0 100 1692 1693 1691
2293 2 2 0 100 1692 1709 1696
2294 2 2 0 100 1692 2075 1709
2295 2 2 0 100 1725 1732 1726
2296 2 2 0 100 1809 2347 2333
2297 2 2 0 100 64 539 63
2298 2 2 0 100 107 518 106
2299 2 2 0 100 139 536 138
2300 2 2 0 100 199 566 198
2301 2 2 0 100 636 638 637
2302 2 2 0 100 638 2055 640
2303 2 2 0 100 640 642 641
2304 2 2 0 100 665 667 666
2305 2 2 0 100 674 681 675
2306 2 2 0 100 684 685 680
2307 2 2 0 100 688 705 690
2308 2 2 0 100 692 1061 694
2309 2 2 0 100 704 937 867
2310 2 2 0 100 704 1275 937
2311 2 2 0 100 719 721 717
2312 2 2 0 100 751 1051 749
2313 2 2 0 100 756 777 776
2314 2 2 0 100 760 1369 758
2315 2 2 0 100 774 775 765
2316 2 2 0 100 777 791 790
2317 2 2 0 100 831 841 813
2318 2 2 0 100 853 854 821
2319 2 2 0 100 823 825 824
2320 2 2 0 100 825 826 824
2321 2 2 0 100 825 857 827
2322 2 2 0 100 845 846 833
2323 2 2 0 100 849 870 850
2324 2 2 0 100 851 1931 876
2325 2 2 0 100 853 1885 878
2326 2 2 0 100 879 947 854
2327 2 2 0 100 938 1976 867
2328 2 2 0 100 881 941 880
2329 2 2 0 100 897 1154 895
2330 2 2 0 100 912 913 911
2331 2 2 0 100 929 958 930
2332 2 2 0 100 1062 2226 950
2333 2 2 0 100 1204 1272 984
2334 2 2 0 100 988 990 989
2335 2 2 0 100 1000 1147 1146
2336 2 2 0 100 1001 1360 1108
2337 2 2 0 100 1005 1141 1140
2338 2 2 0 100 1018 1019 1017
2339 2 2 0 100 1074 1162 1073
2340 2 2 0 100 1180 1925 1077
2341 2 2 0 100 1110 1165 1109
2342 2 2 0 100 1258 1391 1113
2343 2 2 0 100 1120 2015 1117
2344 2 2 0 100 1152 1280 1151
2345 2 2 0 100 1280 1345 1151
2346 2 2 0 100 1374 2040 1177
2347 2 2 0 100 1195 2045 1179
2348 2 2 0 100 1370 1378 1186
2349 2 2 0 100 1204 1273 1272
2350 2 2 0 100 1962 2012 1210
2351 2 2 0 100 1269 1297 1222
2352 2 2 0 100 1230 1264 1263
2353 2 2 0 100 1469 1841 1247
2354 2 2 0 100 1318 1319 1248
2355 2 2 0 100 1253 1591 1300
2356 2 2 0 100 1258 1392 1391
2357 2 2 0 100 1274 2172 2104
2358 2 2 0 100 1290 2050 1972
2359 2 2 0 100 1319 1372 1371
2360 2 2 0 100 1337 1749 1748
2361 2 2 0 100 1341 1498 1343
2362 2 2 0 100 1403 2163 1420
2363 2 2 0 100 1409 2028 1412
2364 2 2 0 100 1414 1417 1415
2365 2 2 0 100 1414 1910 1417
2366 2 2 0 100 1417 1547 1545
2367 2 2 0 100 2017 2214 1437
2368 2 2 0 100 1439 1440 1438
2369 2 2 0 100 1524 1752 1496
2370 2 2 0 100 1518 2127 1520
2371 2 2 0 100 1520 1834 1521
2372 2 2 0 100 1520 1836 1834
2373 2 2 0 100 1533 1534 1531
2374 2 2 0 100 1557 1805 1537
2375 2 2 0 100 1543 2220 1544
2376 2 2 0 100 1560 2272 2156
2377 2 2 0 100 1691 2009 1690
2378 2 2 0 100 1698 1705 1697
2379 2 2 0 100 1714 1715 1702
2380 2 2 0 100 1714 1724 1715
2381 2 2 0 100 1731 1735 1730
2382 2 2 0 100 1753 1776 1754
2383 2 2 0 100 1782 1811 1810
2384 2 2 0 100 2065 2080 2064
2385 2 2 0 100 105 574 104
2386 2 2 0 100 172 523 171
2387 2 2 0 100 175 554 174
2388 2 2 0 100 187 532 186
2389 2 2 0 100 605 606 604
2390 2 2 0 100 606 607 604
2391 2 2 0 100 614 616 615
2392 2 2 0 100 626 627 624
2393 2 2 0 100 629 630 628
2394 2 2 0 100 631 2029 628
2395 2 2 0 100 638 640 639
2396 2 2 0 100 641 645 644
2397 2 2 0 100 643 647 642
2398 2 2 0 100 647 1185 642
2399 2 2 0 100 643 648 647
2400 2 2 0 100 654 1988 650
2401 2 2 0 100 653 657 654
2402 2 2 0 100 656 659 655
2403 2 2 0 100 710 711 660
2404 2 2 0 100 665 1958 1015
2405 2 2 0 100 686 687 685
2406 2 2 0 100 686 688 687
2407 2 2 0 100 696 728 698
2408 2 2 0 100 710 1030 712
2409 2 2 0 100 725 727 726
2410 2 2 0 100 727 746 734
2411 2 2 0 100 738 1020 731
2412 2 2 0 100 732 2122 740
2413 2 2 0 100 747 762 734
2414 2 2 0 100 768 769 745
2415 2 2 0 100 767 780 779
2416 2 2 0 100 771 2115 773
2417 2 2 0 100 1928 2160 778
2418 2 2 0 100 805 806 793
2419 2 2 0 100 828 1513 851
2420 2 2 0 100 2052 2267 842
2421 2 2 0 100 845 1966 863
2422 2 2 0 100 876 939 877
2423 2 2 0 100 885 1133 893
2424 2 2 0 100 891 953 890
2425 2 2 0 100 894 896 895
2426 2 2 0 100 898 906 897
2427 2 2 0 100 902 2002 900
2428 2 2 0 100 931 1022 907
2429 2 2 0 100 920 921 919
2430 2 2 0 100 1135 1977 919
2431 2 2 0 100 2101 2161 946
2432 2 2 0 100 1206 1207 952
2433 2 2 0 100 964 965 963
2434 2 2 0 100 979 1909 978
2435 2 2 0 100 1004 1007 1006
2436 2 2 0 100 1007 1009 1008
2437 2 2 0 100 1016 1017 1014
2438 2 2 0 100 1024 1025 1023
2439 2 2 0 100 1183 1259 1027
2440 2 2 0 100 1039 2108 1042
2441 2 2 0 100 1042 1047 1045
2442 2 2 0 100 1059 2068 1060
2443 2 2 0 100 1110 1225 1165
2444 2 2 0 100 1115 1118 1117
2445 2 2 0 100 1118 1119 1117
2446 2 2 0 100 1129 1186 1120
2447 2 2 0 100 1126 1375 1266
2448 2 2 0 100 1168 1169 1130
2449 2 2 0 100 1166 2230 1141
2450 2 2 0 100 1147 1305 1146
2451 2 2 0 100 1152 2068 1282
2452 2 2 0 100 1173 1174 1171
2453 2 2 0 100 1179 1340 1177
2454 2 2 0 100 1340 1374 1177
2455 2 2 0 100 1183 1524 1496
2456 2 2 0 100 1192 1238 1237
2457 2 2 0 100 1368 2045 1195
2458 2 2 0 100 1267 1268 1200
2459 2 2 0 100 1496 1497 1259
2460 2 2 0 100 1367 1436 1267
2461 2 2 0 100 1276 1525 1277
2462 2 2 0 100 1290 1972 1971
2463 2 2 0 100 1293 2081 1568
2464 2 2 0 100 2202 2203 1316
2465 2 2 0 100 1596 1651 1332
2466 2 2 0 100 1357 1768 1356
2467 2 2 0 100 1942 1943 1359
2468 2 2 0 100 1370 2008 1540
2469 2 2 0 100 1372 1373 1371
2470 2 2 0 100 1414 1415 1413
2471 2 2 0 100 1470 1633 1427
2472 2 2 0 100 1483 1485 1484
2473 2 2 0 100 1539 1953 1538
2474 2 2 0 100 1602 1604 1603
2475 2 2 0 100 1616 1638 1617
2476 2 2 0 100 1641 1898 1643
2477 2 2 0 100 1688 1691 1690
2478 2 2 0 100 1690 1706 1699
2479 2 2 0 100 1706 1716 1699
2480 2 2 0 100 1701 1713 1702
2481 2 2 0 100 1809 2082 1808
2482 2 2 0 100 1919 1921 1920
2483 2 2 0 100 2161 2217 1936
2484 2 2 0 100 1951 2187 2064
2485 2 2 0 100 2036 2037 2035
2486 2 2 0 100 2121 2294 2280
2487 2 2 0 100 179 555 178
2488 2 2 0 100 614 615 612
2489 2 2 0 100 615 1935 612
2490 2 2 0 100 625 626 624
2491 2 2 0 100 626 629 628
2492 2 2 0 100 630 632 631
2493 2 2 0 100 630 2053 633
2494 2 2 0 100 664 1987 658
2495 2 2 0 100 659 669 661
2496 2 2 0 100 784 1997 695
2497 2 2 0 100 712 714 713
2498 2 2 0 100 714 843 716
2499 2 2 0 100 732 739 738
2500 2 2 0 100 732 740 739
2501 2 2 0 100 2000 2001 746
2502 2 2 0 100 754 755 753
2503 2 2 0 100 775 1928 765
2504 2 2 0 100 774 787 775
2505 2 2 0 100 800 1939 810
2506 2 2 0 100 1974 2014 812
2507 2 2 0 100 834 861 860
2508 2 2 0 100 840 859 839
2509 2 2 0 100 887 888 871
2510 2 2 0 100 872 1028 1026
2511 2 2 0 100 935 2024 875
2512 2 2 0 100 894 1895 896
2513 2 2 0 100 1021 1895 894
2514 2 2 0 100 916 2004 918
2515 2 2 0 100 926 929 927
2516 2 2 0 100 1059 1060 935
2517 2 2 0 100 1060 1150 935
2518 2 2 0 100 940 1123 998
2519 2 2 0 100 1010 2094 1501
2520 2 2 0 100 1016 1265 1018
2521 2 2 0 100 1259 1366 1027
2522 2 2 0 100 1032 1034 1033
2523 2 2 0 100 1034 1036 1035
2524 2 2 0 100 1034 2085 1041
2525 2 2 0 100 1037 1038 1035
2526 2 2 0 100 1036 1044 1037
2527 2 2 0 100 1036 2181 1044
2528 2 2 0 100 1037 1039 1038
2529 2 2 0 100 1047 1179 1177
2530 2 2 0 100 1114 1115 1054
2531 2 2 0 100 1261 1262 1057
2532 2 2 0 100 1058 1432 1261
2533 2 2 0 100 1084 1222 1085
2534 2 2 0 100 1085 1161 1160
2535 2 2 0 100 1178 2094 1105
2536 2 2 0 100 1305 1306 1146
2537 2 2 0 100 1162 1382 1380
2538 2 2 0 100 1202 1274 1174
2539 2 2 0 100 1196 1350 1349
2540 2 2 0 100 1196 2179 1400
2541 2 2 0 100 1212 1215 1214
2542 2 2 0 100 1219 1447 1233
2543 2 2 0 100 1236 1309 1235
2544 2 2 0 100 1240 1302 1239
2545 2 2 0 100 1282 1430 1425
2546 2 2 0 100 1290 2151 2050
2547 2 2 0 100 1296 1580 1317
2548 2 2 0 100 1617 2176 1325
2549 2 2 0 100 1543 1544 1348
2550 2 2 0 100 1398 2126 2029
2551 2 2 0 100 1406 1509 1401
2552 2 2 0 100 1410 1853 1408
2553 2 2 0 100 1412 1413 1411
2554 2 2 0 100 1412 1414 1413
2555 2 2 0 100 1980 2249 1444
2556 2 2 0 100 1449 1622 1450
2557 2 2 0 100 1452 1635 1451
2558 2 2 0 100 1452 1636 1635
2559 2 2 0 100 1474 2257 1932
2560 2 2 0 100 1475 1488 1476
2561 2 2 0 100 1492 1746 1494
2562 2 2 0 100 1528 1904 1530
2563 2 2 0 100 1556 1557 1537
2564 2 2 0 100 1593 1799 1798
2565 2 2 0 100 1606 2293 1604
2566 2 2 0 100 1683 1685 1684
2567 2 2 0 100 1685 1689 1686
2568 2 2 0 100 1690 2009 1706
2569 2 2 0 100 1693 1695 1694
2570 2 2 0 100 1695 1698 1697
2571 2 2 0 100 1824 2314 2140
2572 2 2 0 100 2017 2335 2214
2573 2 2 0 100 144 520 143
2574 2 2 0 100 147 564 146
2575 2 2 0 100 610 613 612
2576 2 2 0 100 628 2029 627
2577 2 2 0 100 630 631 628
2578 2 2 0 100 629 2053 630
2579 2 2 0 100 634 1031 631
2580 2 2 0 100 632 2076 634
2581 2 2 0 100 633 636 635
2582 2 2 0 100 633 1055 636
2583 2 2 0 100 633 2053 1055
2584 2 2 0 100 636 637 635
2585 2 2 0 100 641 1996 645
2586 2 2 0 100 645 649 646
2587 2 2 0 100 645 2059 649
2588 2 2 0 100 651 2033 647
2589 2 2 0 100 652 656 655
2590 2 2 0 100 665 666 664
2591 2 2 0 100 664 2168 1987
2592 2 2 0 100 668 2132 842
2593 2 2 0 100 676 677 672
2594 2 2 0 100 683 684 680
2595 2 2 0 100 684 686 685
2596 2 2 0 100 694 695 693
2597 2 2 0 100 1997 1998 693
2598 2 2 0 100 706 707 701
2599 2 2 0 100 736 2131 702
2600 2 2 0 100 710 712 711
2601 2 2 0 100 715 1049 713
2602 2 2 0 100 752 753 751
2603 2 2 0 100 848 2091 752
2604 2 2 0 100 805 1197 838
2605 2 2 0 100 862 880 835
2606 2 2 0 100 875 882 873
2607 2 2 0 100 874 935 875
2608 2 2 0 100 887 956 888
2609 2 2 0 100 910 2002 902
2610 2 2 0 100 903 905 904
2611 2 2 0 100 916 917 915
2612 2 2 0 100 937 1065 938
2613 2 2 0 100 942 1068 941
2614 2 2 0 100 943 944 942
2615 2 2 0 100 1085 1160 944
2616 2 2 0 100 1160 2191 944
2617 2 2 0 100 961 1005 996
2618 2 2 0 100 965 968 967
2619 2 2 0 100 978 1176 976
2620 2 2 0 100 985 988 987
2621 2 2 0 100 1013 1014 995
2622 2 2 0 100 1123 1124 998
2623 2 2 0 100 1013 2005 1016
2624 2 2 0 100 1033 1398 1031
2625 2 2 0 100 1040 1198 1038
2626 2 2 0 100 1039 1042 1040
2627 2 2 0 100 1046 1053 1043
2628 2 2 0 100 1046 1114 1054
2629 2 2 0 100 1115 1116 1054
2630 2 2 0 100 1104 1106 1105
2631 2 2 0 100 1106 1304 1142
2632 2 2 0 100 1391 2122 1113
2633 2 2 0 100 2040 2041 1114
2634 2 2 0 100 1152 1281 1280
2635 2 2 0 100 1169 1172 1171
2636 2 2 0 100 1190 1192 1191
2637 2 2 0 100 1197 1542 1342
2638 2 2 0 100 1233 1298 1232
2639 2 2 0 100 1244 2248 1353
2640 2 2 0 100 1502 1503 1256
2641 2 2 0 100 1273 1526 1272
2642 2 2 0 100 1286 1519 1518
2643 2 2 0 100 1293 1565 1292
2644 2 2 0 100 1295 1881 1294
2645 2 2 0 100 1312 1479 1478
2646 2 2 0 100 1504 1780 1368
2647 2 2 0 100 1800 2157 1376
2648 2 2 0 100 1386 1870 1515
2649 2 2 0 100 1406 2027 1509
2650 2 2 0 100 1407 2028 1409
2651 2 2 0 100 1409 1412 1411
2652 2 2 0 100 1417 2074 1547
2653 2 2 0 100 1919 2159 1423
2654 2 2 0 100 1969 2336 1432
2655 2 2 0 100 1519 1833 1832
2656 2 2 0 100 1535 1877 1534
2657 2 2 0 100 1557 1807 1806
2658 2 2 0 100 1679 2058 1680
2659 2 2 0 100 1683 1700 1685
2660 2 2 0 100 1687 1991 1684
2661 2 2 0 100 1709 1710 1696
2662 2 2 0 100 1701 1702 1698
2663 2 2 0 100 1713 1714 1702
2664 2 2 0 100 1709 1711 1710
2665 2 2 0 100 1727 1934 1716
2666 2 2 0 100 1886 2179 2108
2667 2 2 0 100 69 519 68
2668 2 2 0 100 602 603 600
2669 2 2 0 100 610 612 611
2670 2 2 0 100 618 620 619
2671 2 2 0 100 622 623 620
2672 2 2 0 100 624 2118 623
2673 2 2 0 100 626 628 627
2674 2 2 0 100 634 1032 1031
2675 2 2 0 100 634 1128 1032
2676 2 2 0 100 637 1387 635
2677 2 2 0 100 645 646 644
2678 2 2 0 100 649 650 646
2679 2 2 0 100 649 2059 949
2680 2 2 0 100 653 654 650
2681 2 2 0 100 659 661 655
2682 2 2 0 100 662 673 663
2683 2 2 0 100 842 2168 666
2684 2 2 0 100 669 674 670
2685 2 2 0 100 682 1875 675
2686 2 2 0 100 679 680 677
2687 2 2 0 100 1052 1941 685
2688 2 2 0 100 690 691 689
2689 2 2 0 100 703 737 736
2690 2 2 0 100 712 713 711
2691 2 2 0 100 1030 1999 712
2692 2 2 0 100 718 720 719
2693 2 2 0 100 746 747 734
2694 2 2 0 100 1112 2090 741
2695 2 2 0 100 765 1928 778
2696 2 2 0 100 769 789 771
2697 2 2 0 100 774 2143 795
2698 2 2 0 100 820 821 790
2699 2 2 0 100 791 823 822
2700 2 2 0 100 810 832 811
2701 2 2 0 100 817 1132 819
2702 2 2 0 100 827 840 839
2703 2 2 0 100 830 868 849
2704 2 2 0 100 840 1158 859
2705 2 2 0 100 870 871 850
2706 2 2 0 100 893 894 886
2707 2 2 0 100 914 916 915
2708 2 2 0 100 951 999 950
2709 2 2 0 100 977 2117 1001
2710 2 2 0 100 984 985 983
2711 2 2 0 100 1001 1108 1002
2712 2 2 0 100 1007 1008 1006
2713 2 2 0 100 1032 1033 1031
2714 2 2 0 100 1034 1035 1033
2715 2 2 0 100 1034 1041 1036
2716 2 2 0 100 1060 1151 1150
2717 2 2 0 100 1065 1292 1066
2718 2 2 0 100 1109 1167 1083
2719 2 2 0 100 1360 1361 1108
2720 2 2 0 100 2015 2044 1116
2721 2 2 0 100 1118 2111 1792
2722 2 2 0 100 2078 2256 1132
2723 2 2 0 100 1307 1308 1149
2724 2 2 0 100 1156 1290 1283
2725 2 2 0 100 1163 1241 1164
2726 2 2 0 100 1179 2045 1340
2727 2 2 0 100 1270 1370 1186
2728 2 2 0 100 1349 1368 1195
2729 2 2 0 100 1352 1456 1227
2730 2 2 0 100 1456 1458 1227
2731 2 2 0 100 1898 2281 1231
2732 2 2 0 100 1247 1318 1248
2733 2 2 0 100 1270 1538 1370
2734 2 2 0 100 1280 1435 1345
2735 2 2 0 100 1520 1521 1287
2736 2 2 0 100 1486 1487 1301
2737 2 2 0 100 1315 1322 1314
2738 2 2 0 100 1324 1616 1325
2739 2 2 0 100 1360 1362 1361
2740 2 2 0 100 1368 2087 2045
2741 2 2 0 100 1602 1603 1373
2742 2 2 0 100 1375 2092 1377
2743 2 2 0 100 1540 1541 1378
2744 2 2 0 100 1407 1408 1406
2745 2 2 0 100 2028 2109 1412
2746 2 2 0 100 1431 2078 1548
2747 2 2 0 100 1540 1964 1541
2748 2 2 0 100 1553 1873 1872
2749 2 2 0 100 1680 1681 1678
2750 2 2 0 100 1684 1991 1682
2751 2 2 0 100 1693 1694 1691
2752 2 2 0 100 1692 1696 1693
2753 2 2 0 100 1695 1697 1694
2754 2 2 0 100 1707 1717 1708
2755 2 2 0 100 1723 1727 1716
2756 2 2 0 100 2189 2208 1840
2757 2 2 0 100 2079 2196 1954
2758 2 2 0 100 2035 2143 2034
2759 2 2 0 100 66 546 65
2760 2 2 0 100 71 557 70
2761 2 2 0 100 618 619 616
2762 2 2 0 100 622 625 624
2763 2 2 0 100 623 2118 2080
2764 2 2 0 100 630 633 632
2765 2 2 0 100 632 634 631
2766 2 2 0 100 633 635 632
2767 2 2 0 100 640 643 642
2768 2 2 0 100 652 655 651
2769 2 2 0 100 656 660 659
2770 2 2 0 100 711 1056 660
2771 2 2 0 100 748 749 673
2772 2 2 0 100 727 734 733
2773 2 2 0 100 1027 1990 742
2774 2 2 0 100 743 2090 768
2775 2 2 0 100 747 763 762
2776 2 2 0 100 752 754 753
2777 2 2 0 100 754 1063 756
2778 2 2 0 100 866 1424 780
2779 2 2 0 100 787 796 788
2780 2 2 0 100 812 2014 830
2781 2 2 0 100 870 887 871
2782 2 2 0 100 900 1937 898
2783 2 2 0 100 903 909 905
2784 2 2 0 100 913 1384 911
2785 2 2 0 100 923 1854 921
2786 2 2 0 100 924 925 923
2787 2 2 0 100 944 2191 942
2788 2 2 0 100 1988 2150 946
2789 2 2 0 100 954 1089 953
2790 2 2 0 100 954 1211 1090
2791 2 2 0 100 969 971 970
2792 2 2 0 100 998 1138 997
2793 2 2 0 100 1004 1006 1003
2794 2 2 0 100 1005 1166 1141
2795 2 2 0 100 1005 2102 1166
2796 2 2 0 100 1009 1011 1010
2797 2 2 0 100 1039 1040 1038
2798 2 2 0 100 1042 1043 1040
2799 2 2 0 100 1223 1224 1087
2800 2 2 0 100 1089 1148 1091
2801 2 2 0 100 1099 2373 2361
2802 2 2 0 100 1115 1117 1116
2803 2 2 0 100 1118 1792 1257
2804 2 2 0 100 1231 2281 1136
2805 2 2 0 100 1170 2152 2079
2806 2 2 0 100 1218 1453 1216
2807 2 2 0 100 1245 1246 1244
2808 2 2 0 100 1404 1771 1260
2809 2 2 0 100 1303 1596 1332
2810 2 2 0 100 1337 2225 1749
2811 2 2 0 100 1377 1800 1376
2812 2 2 0 100 1585 1586 1402
2813 2 2 0 100 1410 1869 1853
2814 2 2 0 100 1428 1471 1470
2815 2 2 0 100 1500 1777 1499
2816 2 2 0 100 1834 1835 1521
2817 2 2 0 100 1534 1852 1531
2818 2 2 0 100 2025 2079 1539
2819 2 2 0 100 2074 2224 1547
2820 2 2 0 100 1675 1676 1674
2821 2 2 0 100 1697 1703 1694
2822 2 2 0 100 1712 2116 1696
2823 2 2 0 100 1701 2137 1713
2824 2 2 0 100 1964 2065 2064
2825 2 2 0 100 2038 2143 2035
2826 2 2 0 100 185 569 184
2827 2 2 0 100 649 653 650
2828 2 2 0 100 661 1957 655
2829 2 2 0 100 671 676 672
2830 2 2 0 100 698 700 699
2831 2 2 0 100 700 706 701
2832 2 2 0 100 704 2131 1275
2833 2 2 0 100 720 723 722
2834 2 2 0 100 1126 1127 735
2835 2 2 0 100 1127 1383 735
2836 2 2 0 100 741 2090 743
2837 2 2 0 100 754 756 755
2838 2 2 0 100 776 1927 755
2839 2 2 0 100 794 2105 772
2840 2 2 0 100 865 866 780
2841 2 2 0 100 1424 1884 780
2842 2 2 0 100 796 2165 797
2843 2 2 0 100 802 834 803
2844 2 2 0 100 834 835 803
2845 2 2 0 100 828 851 829
2846 2 2 0 100 859 1024 1023
2847 2 2 0 100 865 1892 885
2848 2 2 0 100 884 2024 1388
2849 2 2 0 100 901 903 902
2850 2 2 0 100 922 924 923
2851 2 2 0 100 922 945 924
2852 2 2 0 100 933 1070 961
2853 2 2 0 100 1066 1067 938
2854 2 2 0 100 945 1946 1945
2855 2 2 0 100 948 1419 1058
2856 2 2 0 100 1205 1206 952
2857 2 2 0 100 1138 1139 997
2858 2 2 0 100 1102 2200 1025
2859 2 2 0 100 1128 2085 1032
2860 2 2 0 100 1036 1037 1035
2861 2 2 0 100 1198 2124 1038
2862 2 2 0 100 1053 2134 1950
2863 2 2 0 100 2067 2068 1059
2864 2 2 0 100 1156 1157 1067
2865 2 2 0 100 1075 1076 1074
2866 2 2 0 100 1263 1399 1137
2867 2 2 0 100 1291 1363 1158
2868 2 2 0 100 1161 1295 1294
2869 2 2 0 100 1225 1255 1165
2870 2 2 0 100 1172 1337 1336
2871 2 2 0 100 1214 1313 1213
2872 2 2 0 100 1217 1219 1218
2873 2 2 0 100 1302 1477 1239
2874 2 2 0 100 1265 1511 1510
2875 2 2 0 100 1286 2007 1519
2876 2 2 0 100 1591 1593 1300
2877 2 2 0 100 1616 1617 1325
2878 2 2 0 100 1337 1493 1336
2879 2 2 0 100 1340 1790 1789
2880 2 2 0 100 1407 1409 1408
2881 2 2 0 100 1413 1416 1411
2882 2 2 0 100 1442 1631 1443
2883 2 2 0 100 1574 1575 1485
2884 2 2 0 100 1526 2208 2189
2885 2 2 0 100 1539 2079 1954
2886 2 2 0 100 1919 1920 1580
2887 2 2 0 100 1860 1861 1610
2888 2 2 0 100 1676 1679 1678
2889 2 2 0 100 1682 1707 1681
2890 2 2 0 100 1689 2075 1686
2891 2 2 0 100 1706 1723 1716
2892 2 2 0 100 2045 2087 1790
2893 2 2 0 100 602 604 603
2894 2 2 0 100 602 605 604
2895 2 2 0 100 2066 2103 607
2896 2 2 0 100 610 611 608
2897 2 2 0 100 613 614 612
2898 2 2 0 100 622 624 623
2899 2 2 0 100 635 2076 632
2900 2 2 0 100 1387 2076 635
2901 2 2 0 100 643 2055 1201
2902 2 2 0 100 648 651 647
2903 2 2 0 100 649 949 653
2904 2 2 0 100 668 842 666
2905 2 2 0 100 667 671 668
2906 2 2 0 100 672 2132 668
2907 2 2 0 100 687 1052 685
2908 2 2 0 100 707 709 708
2909 2 2 0 100 716 718 717
2910 2 2 0 100 738 1926 1020
2911 2 2 0 100 750 751 749
2912 2 2 0 100 752 2091 754
2913 2 2 0 100 762 2114 2092
2914 2 2 0 100 833 847 811
2915 2 2 0 100 819 837 836
2916 2 2 0 100 882 1894 873
2917 2 2 0 100 933 955 889
2918 2 2 0 100 891 954 953
2919 2 2 0 100 893 1021 894
2920 2 2 0 100 904 910 902
2921 2 2 0 100 908 931 907
2922 2 2 0 100 920 922 921
2923 2 2 0 100 968 969 967
2924 2 2 0 100 1549 2084 992
2925 2 2 0 100 994 1013 995
2926 2 2 0 100 1032 2085 1034
2927 2 2 0 100 1047 1177 1045
2928 2 2 0 100 1148 1149 1091
2929 2 2 0 100 1181 1182 1124
2930 2 2 0 100 1130 2025 1129
2931 2 2 0 100 1192 1237 1191
2932 2 2 0 100 1276 1277 1240
2933 2 2 0 100 1245 1469 1247
2934 2 2 0 100 1403 1404 1260
2935 2 2 0 100 1290 1971 1283
2936 2 2 0 100 2176 2177 1325
2937 2 2 0 100 1337 1748 1493
2938 2 2 0 100 1829 1913 1351
2939 2 2 0 100 1909 2006 1355
2940 2 2 0 100 1365 2255 1922
2941 2 2 0 100 1409 1410 1408
2942 2 2 0 100 1463 1465 1464
2943 2 2 0 100 1753 1754 1503
2944 2 2 0 100 1528 1529 1527
2945 2 2 0 100 1532 1533 1531
2946 2 2 0 100 1877 2147 1534
2947 2 2 0 100 1536 1556 1537
2948 2 2 0 100 1557 1806 1805
2949 2 2 0 100 1679 1680 1678
2950 2 2 0 100 1686 2075 1688
2951 2 2 0 100 1695 1701 1698
2952 2 2 0 100 1828 1874 1829
2953 2 2 0 100 2146 2147 1877
2954 2 2 0 100 1951 2080 1952
2955 2 2 0 100 2001 2035 2034
2956 2 2 0 100 2172 2277 2104
2957 2 2 0 100 197 543 196
2958 2 2 0 100 609 610 608
2959 2 2 0 100 618 621 620
2960 2 2 0 100 623 2080 2065
2961 2 2 0 100 634 2076 1128
2962 2 2 0 100 648 652 651
2963 2 2 0 100 2145 2284 657
2964 2 2 0 100 671 672 668
2965 2 2 0 100 674 675 670
2966 2 2 0 100 707 708 701
2967 2 2 0 100 718 719 717
2968 2 2 0 100 725 726 724
2969 2 2 0 100 733 2056 1126
2970 2 2 0 100 744 1183 1027
2971 2 2 0 100 2001 2034 746
2972 2 2 0 100 772 2105 770
2973 2 2 0 100 787 788 775
2974 2 2 0 100 2060 2061 777
2975 2 2 0 100 806 807 793
2976 2 2 0 100 797 800 799
2977 2 2 0 100 810 844 832
2978 2 2 0 100 872 1026 855
2979 2 2 0 100 865 885 866
2980 2 2 0 100 896 899 898
2981 2 2 0 100 1084 1085 944
2982 2 2 0 100 959 963 962
2983 2 2 0 100 974 975 973
2984 2 2 0 100 1019 1075 1074
2985 2 2 0 100 1038 2124 1035
2986 2 2 0 100 1092 1231 1136
2987 2 2 0 100 2173 2227 1132
2988 2 2 0 100 1188 1189 1145
2989 2 2 0 100 1156 2151 1290
2990 2 2 0 100 1175 1335 1203
2991 2 2 0 100 1187 2220 1364
2992 2 2 0 100 1190 1191 1189
2993 2 2 0 100 1191 1254 1189
2994 2 2 0 100 1196 1349 1195
2995 2 2 0 100 1335 1967 1203
2996 2 2 0 100 1209 1239 1208
2997 2 2 0 100 1236 1333 1310
2998 2 2 0 100 1245 1247 1246
2999 2 2 0 100 1260 2166 1258
3000 2 2 0 100 1566 2151 1292
3001 2 2 0 100 1302 1581 1477
3002 2 2 0 100 1303 1607 1596
3003 2 2 0 100 2203 2206 1316
3004 2 2 0 100 1435 1446 1345
3005 2 2 0 100 1349 1504 1368
3006 2 2 0 100 1601 1602 1373
3007 2 2 0 100 1817 1823 1384
3008 2 2 0 100 1420 1506 1404
3009 2 2 0 100 1429 2216 1558
3010 2 2 0 100 1442 1443 1441
3011 2 2 0 100 1454 1455 1444
3012 2 2 0 100 1490 1653 1491
3013 2 2 0 100 1929 1930 1513
3014 2 2 0 100 1520 2127 1836
3015 2 2 0 100 1547 2101 1545
3016 2 2 0 100 1553 2311 1873
3017 2 2 0 100 2375 2378 1584
3018 2 2 0 100 1707 1708 1681
3019 2 2 0 100 1717 1725 1708
3020 2 2 0 100 1725 1726 1708
3021 2 2 0 100 1710 1722 1712
3022 2 2 0 100 1721 1983 1981
3023 2 2 0 100 1814 1908 1815
3024 2 2 0 100 1820 1822 1818
3025 2 2 0 100 1819 1821 1820
3026 2 2 0 100 1819 2183 1821
3027 2 2 0 100 2148 2182 1852
3028 2 2 0 100 2167 2295 1876
3029 2 2 0 100 1891 1916 1889
3030 2 2 0 100 1987 1989 1988
3031 2 2 0 100 126 514 125
3032 2 2 0 100 599 1747 596
3033 2 2 0 100 617 618 616
3034 2 2 0 100 650 946 646
3035 2 2 0 100 946 2161 646
3036 2 2 0 100 675 1012 670
3037 2 2 0 100 758 2138 684
3038 2 2 0 100 694 696 695
3039 2 2 0 100 700 701 699
3040 2 2 0 100 723 1993 725
3041 2 2 0 100 743 745 744
3042 2 2 0 100 759 761 760
3043 2 2 0 100 767 779 766
3044 2 2 0 100 777 790 776
3045 2 2 0 100 779 802 781
3046 2 2 0 100 808 815 782
3047 2 2 0 100 808 828 815
3048 2 2 0 100 820 853 821
3049 2 2 0 100 826 869 824
3050 2 2 0 100 1197 1341 838
3051 2 2 0 100 1023 2039 839
3052 2 2 0 100 856 874 873
3053 2 2 0 100 863 936 883
3054 2 2 0 100 899 1365 901
3055 2 2 0 100 1365 1922 901
3056 2 2 0 100 943 2018 1084
3057 2 2 0 100 947 2228 2022
3058 2 2 0 100 961 2102 1005
3059 2 2 0 100 1006 1111 1003
3060 2 2 0 100 1024 2123 1072
3061 2 2 0 100 1092 1136 1029
3062 2 2 0 100 1033 2124 1398
3063 2 2 0 100 1060 2068 1152
3064 2 2 0 100 1924 2309 1061
3065 2 2 0 100 1079 1221 1076
3066 2 2 0 100 1353 1837 1243
3067 2 2 0 100 1287 2167 1285
3068 2 2 0 100 1299 1311 1298
3069 2 2 0 100 1416 2185 2052
3070 2 2 0 100 1488 1500 1499
3071 2 2 0 100 1502 2019 1825
3072 2 2 0 100 1524 2180 2105
3073 2 2 0 100 1964 2064 1541
3074 2 2 0 100 1551 1552 1550
3075 2 2 0 100 1553 1872 1871
3076 2 2 0 100 2156 2158 1560
3077 2 2 0 100 1673 1720 1675
3078 2 2 0 100 1708 2120 1681
3079 2 2 0 100 1688 2075 1692
3080 2 2 0 100 1857 1868 1855
3081 2 2 0 100 192 526 191
3082 2 2 0 100 606 609 608
3083 2 2 0 100 608 2066 607
3084 2 2 0 100 1996 2059 645
3085 2 2 0 100 1397 2154 674
3086 2 2 0 100 679 683 680
3087 2 2 0 100 686 2138 2010
3088 2 2 0 100 690 692 691
3089 2 2 0 100 695 1997 693
3090 2 2 0 100 700 1153 706
3091 2 2 0 100 708 2130 701
3092 2 2 0 100 720 722 719
3093 2 2 0 100 733 735 726
3094 2 2 0 100 786 2062 805
3095 2 2 0 100 800 810 801
3096 2 2 0 100 832 833 811
3097 2 2 0 100 817 2173 1132
3098 2 2 0 100 863 864 846
3099 2 2 0 100 1158 2123 859
3100 2 2 0 100 937 938 867
3101 2 2 0 100 879 948 947
3102 2 2 0 100 899 901 900
3103 2 2 0 100 918 920 919
3104 2 2 0 100 940 998 997
3105 2 2 0 100 1089 1091 953
3106 2 2 0 100 974 1516 1096
3107 2 2 0 100 990 2219 991
3108 2 2 0 100 1009 1961 1103
3109 2 2 0 100 1103 1104 1011
3110 2 2 0 100 1042 2108 1047
3111 2 2 0 100 1065 1293 1292
3112 2 2 0 100 1149 1389 1091
3113 2 2 0 100 1098 1144 1097
3114 2 2 0 100 1119 1121 1120
3115 2 2 0 100 2208 2222 1127
3116 2 2 0 100 1169 1170 1130
3117 2 2 0 100 1170 2025 1130
3118 2 2 0 100 1235 1249 1140
3119 2 2 0 100 1148 1307 1149
3120 2 2 0 100 1183 1496 1259
3121 2 2 0 100 1386 1515 1184
3122 2 2 0 100 1209 1276 1240
3123 2 2 0 100 1225 2192 1303
3124 2 2 0 100 1242 1245 1244
3125 2 2 0 100 1321 1595 1264
3126 2 2 0 100 1970 2278 1276
3127 2 2 0 100 1282 1431 1430
3128 2 2 0 100 1324 1618 1616
3129 2 2 0 100 1813 1814 1344
3130 2 2 0 100 1361 1459 1385
3131 2 2 0 100 1372 1601 1373
3132 2 2 0 100 1372 1628 1601
3133 2 2 0 100 1375 1377 1376
3134 2 2 0 100 1546 2185 1415
3135 2 2 0 100 1673 1675 1674
3136 2 2 0 100 1758 1759 1757
3137 2 2 0 100 1819 1820 1818
3138 2 2 0 100 614 617 616
3139 2 2 0 100 627 2118 624
3140 2 2 0 100 663 664 658
3141 2 2 0 100 696 698 697
3142 2 2 0 100 723 724 722
3143 2 2 0 100 725 2000 727
3144 2 2 0 100 1193 2175 737
3145 2 2 0 100 763 2114 762
3146 2 2 0 100 764 765 763
3147 2 2 0 100 767 865 780
3148 2 2 0 100 798 2072 788
3149 2 2 0 100 828 829 815
3150 2 2 0 100 858 2298 1960
3151 2 2 0 100 861 1271 891
3152 2 2 0 100 877 912 911
3153 2 2 0 100 881 2073 943
3154 2 2 0 100 894 895 886
3155 2 2 0 100 896 897 895
3156 2 2 0 100 932 980 931
3157 2 2 0 100 982 984 983
3158 2 2 0 100 1014 1088 995
3159 2 2 0 100 1035 2124 1033
3160 2 2 0 100 1116 2134 1054
3161 2 2 0 100 1162 1379 1073
3162 2 2 0 100 1086 1223 1087
3163 2 2 0 100 1114 2111 1115
3164 2 2 0 100 1251 1288 1139
3165 2 2 0 100 1241 1242 1164
3166 2 2 0 100 1167 1887 1396
3167 2 2 0 100 1355 1356 1176
3168 2 2 0 100 2155 2270 1180
3169 2 2 0 100 1219 1233 1232
3170 2 2 0 100 1234 1505 1462
3171 2 2 0 100 1261 1508 1262
3172 2 2 0 100 1269 1512 1297
3173 2 2 0 100 1429 1558 1278
3174 2 2 0 100 1286 1287 1285
3175 2 2 0 100 1323 1577 1322
3176 2 2 0 100 1352 1961 1846
3177 2 2 0 100 1355 1357 1356
3178 2 2 0 100 1405 2129 1407
3179 2 2 0 100 1467 1980 1455
3180 2 2 0 100 1481 1482 1479
3181 2 2 0 100 1676 1678 1677
3182 2 2 0 100 1693 2116 1695
3183 2 2 0 100 1844 2297 1845
3184 2 2 0 100 57 547 56
3185 2 2 0 100 1056 2047 660
3186 2 2 0 100 669 670 661
3187 2 2 0 100 686 2010 688
3188 2 2 0 100 703 736 702
3189 2 2 0 100 707 2188 729
3190 2 2 0 100 714 716 715
3191 2 2 0 100 723 725 724
3192 2 2 0 100 1888 2325 757
3193 2 2 0 100 764 774 765
3194 2 2 0 100 779 781 766
3195 2 2 0 100 773 786 785
3196 2 2 0 100 802 803 781
3197 2 2 0 100 1421 2097 781
3198 2 2 0 100 786 805 793
3199 2 2 0 100 797 2165 800
3200 2 2 0 100 805 838 806
3201 2 2 0 100 822 2083 820
3202 2 2 0 100 854 2022 821
3203 2 2 0 100 832 2174 845
3204 2 2 0 100 1341 1343 838
3205 2 2 0 100 878 879 854
3206 2 2 0 100 859 2123 1024
3207 2 2 0 100 890 2170 860
3208 2 2 0 100 861 2106 1271
3209 2 2 0 100 878 950 879
3210 2 2 0 100 878 951 950
3211 2 2 0 100 941 1155 880
3212 2 2 0 100 883 933 889
3213 2 2 0 100 1922 2099 909
3214 2 2 0 100 933 961 955
3215 2 2 0 100 1082 1083 957
3216 2 2 0 100 964 2269 965
3217 2 2 0 100 971 973 972
3218 2 2 0 100 971 974 973
3219 2 2 0 100 982 983 981
3220 2 2 0 100 1000 1199 1147
3221 2 2 0 100 1009 1103 1011
3222 2 2 0 100 1047 2108 1194
3223 2 2 0 100 1058 1261 1057
3224 2 2 0 100 2044 2134 1116
3225 2 2 0 100 1122 1403 1260
3226 2 2 0 100 1127 2222 1383
3227 2 2 0 100 1138 1250 1139
3228 2 2 0 100 1250 1251 1139
3229 2 2 0 100 1152 1282 1281
3230 2 2 0 100 1155 2096 1940
3231 2 2 0 100 1284 1285 1157
3232 2 2 0 100 1169 2225 1172
3233 2 2 0 100 1183 2180 1524
3234 2 2 0 100 1348 1386 1184
3235 2 2 0 100 1194 1196 1195
3236 2 2 0 100 1199 1367 1267
3237 2 2 0 100 1328 1329 1224
3238 2 2 0 100 1316 2206 1237
3239 2 2 0 100 1268 1452 1451
3240 2 2 0 100 1291 1570 1363
3241 2 2 0 100 1312 1480 1479
3242 2 2 0 100 1328 1826 1599
3243 2 2 0 100 1755 1756 1339
3244 2 2 0 100 1943 2132 1359
3245 2 2 0 100 1377 1956 1800
3246 2 2 0 100 1386 2155 1870
3247 2 2 0 100 1396 1492 1395
3248 2 2 0 100 1439 1441 1440
3249 2 2 0 100 1631 1793 1443
3250 2 2 0 100 1553 1871 1552
3251 2 2 0 100 1680 1682 1681
3252 2 2 0 100 1680 1683 1682
3253 2 2 0 100 1683 2058 1700
3254 2 2 0 100 1859 2280 1857
3255 2 2 0 100 1944 2283 2083
3256 2 2 0 100 2001 2036 2035
3257 2 2 0 100 2037 2038 2035
3258 2 2 0 100 2200 2348 2039
3259 2 2 0 100 2044 2187 2134
3260 2 2 0 100 2203 2207 2206
3261 2 2 0 100 652 1975 656
3262 2 2 0 100 667 668 666
3263 2 2 0 100 684 2138 686
3264 2 2 0 100 694 2121 696
3265 2 2 0 100 747 764 763
3266 2 2 0 100 762 2092 2056
3267 2 2 0 100 840 1159 1158
3268 2 2 0 100 853 2083 1885
3269 2 2 0 100 909 2100 905
3270 2 2 0 100 927 1905 1048
3271 2 2 0 100 1275 2081 937
3272 2 2 0 100 1108 2197 1002
3273 2 2 0 100 1125 2005 1013
3274 2 2 0 100 1048 2360 1880
3275 2 2 0 100 1066 2151 1156
3276 2 2 0 100 1082 1110 1109
3277 2 2 0 100 1211 1212 1090
3278 2 2 0 100 1107 2153 1178
3279 2 2 0 100 1117 2015 1116
3280 2 2 0 100 1121 1129 1120
3281 2 2 0 100 1136 1230 1137
3282 2 2 0 100 1163 1164 1143
3283 2 2 0 100 1187 1188 1145
3284 2 2 0 100 1326 1328 1224
3285 2 2 0 100 1263 1803 1399
3286 2 2 0 100 1299 1312 1311
3287 2 2 0 100 1321 1641 1640
3288 2 2 0 100 1328 1599 1598
3289 2 2 0 100 2006 2319 1357
3290 2 2 0 100 2287 2288 1425
3291 2 2 0 100 1516 2177 2176
3292 2 2 0 100 1835 2295 1521
3293 2 2 0 100 1526 2222 2208
3294 2 2 0 100 1545 2150 1546
3295 2 2 0 100 1552 1555 1554
3296 2 2 0 100 2050 2151 1566
3297 2 2 0 100 152 570 151
3298 2 2 0 100 604 1986 603
3299 2 2 0 100 611 2066 608
3300 2 2 0 100 2029 2126 627
3301 2 2 0 100 661 2164 1957
3302 2 2 0 100 770 2180 745
3303 2 2 0 100 788 2072 775
3304 2 2 0 100 783 809 808
3305 2 2 0 100 791 822 820
3306 2 2 0 100 814 1543 1348
3307 2 2 0 100 823 824 822
3308 2 2 0 100 827 839 826
3309 2 2 0 100 862 2170 2073
3310 2 2 0 100 1024 1071 1025
3311 2 2 0 100 1071 1816 1101
3312 2 2 0 100 1103 1352 1227
3313 2 2 0 100 1126 1266 1127
3314 2 2 0 100 1131 2285 2140
3315 2 2 0 100 1294 1445 1160
3316 2 2 0 100 1182 1234 1228
3317 2 2 0 100 1433 2195 1217
3318 2 2 0 100 2104 2196 1274
3319 2 2 0 100 1518 1520 1287
3320 2 2 0 100 1828 1829 1351
3321 2 2 0 100 1398 2142 2126
3322 2 2 0 100 2067 2078 1431
3323 2 2 0 100 1547 2217 2101
3324 2 2 0 100 1550 2258 1549
3325 2 2 0 100 1562 1564 1563
3326 2 2 0 100 1807 1809 1808
3327 2 2 0 100 1952 2142 1949
3328 2 2 0 100 2080 2118 1952
3329 2 2 0 100 660 2047 659
3330 2 2 0 100 681 2154 703
3331 2 2 0 100 814 1184 798
3332 2 2 0 100 819 836 818
3333 2 2 0 100 950 2226 879
3334 2 2 0 100 918 2004 1069
3335 2 2 0 100 991 993 992
3336 2 2 0 100 1005 1140 996
3337 2 2 0 100 1013 1016 1014
3338 2 2 0 100 1100 1252 1229
3339 2 2 0 100 1361 1385 1108
3340 2 2 0 100 1110 1226 1225
3341 2 2 0 100 2041 2111 1114
3342 2 2 0 100 1266 2208 1127
3343 2 2 0 100 1242 1243 1164
3344 2 2 0 100 1197 2062 1542
3345 2 2 0 100 1199 1267 1200
3346 2 2 0 100 1837 1912 1243
3347 2 2 0 100 1307 1619 1308
3348 2 2 0 100 1768 2204 1356
3349 2 2 0 100 1382 2069 1611
3350 2 2 0 100 2096 2246 1421
3351 2 2 0 100 1443 1444 1441
3352 2 2 0 100 1454 1463 1455
3353 2 2 0 100 1459 1648 1646
3354 2 2 0 100 1696 2116 1693
3355 2 2 0 100 1890 1891 1889
3356 2 2 0 100 2228 2252 2022
3357 2 2 0 100 2119 2343 2322
3358 2 2 0 100 149 535 148
3359 2 2 0 100 607 2103 1986
3360 2 2 0 100 1359 2132 672
3361 2 2 0 100 698 699 697
3362 2 2 0 100 1393 2173 761
3363 2 2 0 100 812 830 813
3364 2 2 0 100 880 1940 835
3365 2 2 0 100 1916 2356 841
3366 2 2 0 100 851 876 852
3367 2 2 0 100 874 875 873
3368 2 2 0 100 901 1922 903
3369 2 2 0 100 930 1905 927
3370 2 2 0 100 932 1955 982
3371 2 2 0 100 1019 1074 1073
3372 2 2 0 100 1028 1029 1026
3373 2 2 0 100 1041 2181 1036
3374 2 2 0 100 1044 2181 2129
3375 2 2 0 100 1054 2134 1053
3376 2 2 0 100 1081 2229 1082
3377 2 2 0 100 1082 1109 1083
3378 2 2 0 100 1103 1961 1352
3379 2 2 0 100 1115 2111 1118
3380 2 2 0 100 1142 1163 1143
3381 2 2 0 100 1239 1962 1208
3382 2 2 0 100 1241 2135 1242
3383 2 2 0 100 1251 1289 1288
3384 2 2 0 100 1780 2087 1368
3385 2 2 0 100 1475 1476 1474
3386 2 2 0 100 1528 1530 1529
3387 2 2 0 100 1564 2086 1563
3388 2 2 0 100 2110 2204 1768
3389 2 2 0 100 1977 2183 1819
3390 2 2 0 100 1824 2346 2314
3391 2 2 0 100 1993 2178 2000
3392 2 2 0 100 2000 2178 2001
3393 2 2 0 100 2001 2178 2036
3394 2 2 0 100 2028 2181 2109
3395 2 2 0 100 627 2126 2118
3396 2 2 0 100 734 2056 733
3397 2 2 0 100 781 2097 766
3398 2 2 0 100 948 1058 1057
3399 2 2 0 100 956 1947 1081
3400 2 2 0 100 1096 2117 975
3401 2 2 0 100 981 1559 980
3402 2 2 0 100 1075 1180 1077
3403 2 2 0 100 1101 1220 1102
3404 2 2 0 100 1135 2183 1977
3405 2 2 0 100 1170 2079 2025
3406 2 2 0 100 1313 1402 1213
3407 2 2 0 100 1297 1423 1222
3408 2 2 0 100 1233 1299 1298
3409 2 2 0 100 2206 2207 1254
3410 2 2 0 100 1896 2255 1365
3411 2 2 0 100 1936 2217 1387
3412 2 2 0 100 1413 2185 1416
3413 2 2 0 100 1424 1907 1884
3414 2 2 0 100 1431 2068 2067
3415 2 2 0 100 1470 2286 1644
3416 2 2 0 100 1572 1583 1582
3417 2 2 0 100 1583 1587 1582
3418 2 2 0 100 1680 2058 1683
3419 2 2 0 100 2298 2312 1851
3420 2 2 0 100 2103 2104 1986
3421 2 2 0 100 55 534 2
3422 2 2 0 100 797 799 798
3423 2 2 0 100 849 850 831
3424 2 2 0 100 834 860 835
3425 2 2 0 100 849 2241 870
3426 2 2 0 100 901 902 900
3427 2 2 0 100 914 928 916
3428 2 2 0 100 937 2081 1065
3429 2 2 0 100 954 1090 1089
3430 2 2 0 100 991 992 989
3431 2 2 0 100 1265 1510 1018
3432 2 2 0 100 1019 2221 1075
3433 2 2 0 100 2091 2316 1063
3434 2 2 0 100 1075 1077 1076
3435 2 2 0 100 1182 1228 1124
3436 2 2 0 100 1172 1173 1171
3437 2 2 0 100 1217 2195 1219
3438 2 2 0 100 1242 2135 1245
3439 2 2 0 100 1330 1473 1306
3440 2 2 0 100 1400 2190 1405
3441 2 2 0 100 1407 2129 2028
3442 2 2 0 100 1420 1507 1506
3443 2 2 0 100 1548 2275 1430
3444 2 2 0 100 1456 1588 1458
3445 2 2 0 100 1562 1571 1564
3446 2 2 0 100 1695 2116 1701
3447 2 2 0 100 1820 2321 1822
3448 2 2 0 100 2118 2126 1952
3449 2 2 0 100 678 2169 676
3450 2 2 0 100 728 2282 698
3451 2 2 0 100 726 2048 724
3452 2 2 0 100 727 2000 746
3453 2 2 0 100 800 2165 1939
3454 2 2 0 100 802 2106 834
3455 2 2 0 100 1131 2139 815
3456 2 2 0 100 1154 2141 895
3457 2 2 0 100 928 2004 916
3458 2 2 0 100 988 989 987
3459 2 2 0 100 1029 1851 1026
3460 2 2 0 100 2109 2181 1041
3461 2 2 0 100 1065 2081 1293
3462 2 2 0 100 1200 2231 1147
3463 2 2 0 100 1163 2205 1331
3464 2 2 0 100 1273 1528 1527
3465 2 2 0 100 1624 1630 1347
3466 2 2 0 100 1720 1721 1675
3467 2 2 0 100 1759 1760 1757
3468 2 2 0 100 754 2091 1063
3469 2 2 0 100 947 2022 854
3470 2 2 0 100 862 2073 881
3471 2 2 0 100 883 889 864
3472 2 2 0 100 1048 2194 925
3473 2 2 0 100 1057 2228 947
3474 2 2 0 100 990 991 989
3475 2 2 0 100 1958 2289 1015
3476 2 2 0 100 1167 1394 1083
3477 2 2 0 100 1144 1301 1097
3478 2 2 0 100 1100 2269 1426
3479 2 2 0 100 1253 1300 1220
3480 2 2 0 100 1226 2192 1225
3481 2 2 0 100 1376 2157 1840
3482 2 2 0 100 1383 2148 2048
3483 2 2 0 100 1383 2222 2182
3484 2 2 0 100 2075 2125 1709
3485 2 2 0 100 2126 2142 1952
3486 2 2 0 100 681 703 702
3487 2 2 0 100 766 2097 736
3488 2 2 0 100 737 2175 767
3489 2 2 0 100 741 742 739
3490 2 2 0 100 778 2114 763
3491 2 2 0 100 767 2175 865
3492 2 2 0 100 773 2115 2062
3493 2 2 0 100 845 863 846
3494 2 2 0 100 861 890 860
3495 2 2 0 100 920 2236 922
3496 2 2 0 100 988 2133 1418
3497 2 2 0 100 991 2219 994
3498 2 2 0 100 2129 2190 1044
3499 2 2 0 100 1162 1380 1379
3500 2 2 0 100 1234 1462 1461
3501 2 2 0 100 1840 2208 1266
3502 2 2 0 100 2246 2264 1275
3503 2 2 0 100 1285 2167 2049
3504 2 2 0 100 1405 2190 2129
3505 2 2 0 100 1646 1647 1460
3506 2 2 0 100 1470 1644 1633
3507 2 2 0 100 1519 2310 1833
3508 2 2 0 100 1528 2198 1904
3509 2 2 0 100 1532 2250 1533
3510 2 2 0 100 2099 2255 1532
3511 2 2 0 100 1709 2125 1711
3512 2 2 0 100 1782 1810 1781
3513 2 2 0 100 1987 2168 1989
3514 2 2 0 100 598 599 596
3515 2 2 0 100 1369 2138 758
3516 2 2 0 100 896 898 897
3517 2 2 0 100 951 1000 999
3518 2 2 0 100 960 1947 956
3519 2 2 0 100 993 1095 992
3520 2 2 0 100 1208 1210 1207
3521 2 2 0 100 1208 1962 1210
3522 2 2 0 100 1300 1390 1220
3523 2 2 0 100 1318 2184 1319
3524 2 2 0 100 1327 2259 1590
3525 2 2 0 100 1442 1634 1631
3526 2 2 0 100 1465 1612 1466
3527 2 2 0 100 1481 1483 1482
3528 2 2 0 100 1833 2145 1832
3529 2 2 0 100 1885 2283 2245
3530 2 2 0 100 2031 2252 1927
3531 2 2 0 100 598 601 600
3532 2 2 0 100 603 2215 600
3533 2 2 0 100 810 811 801
3534 2 2 0 100 812 813 807
3535 2 2 0 100 974 2244 1516
3536 2 2 0 100 975 2117 977
3537 2 2 0 100 1009 1010 1008
3538 2 2 0 100 1075 2221 1180
3539 2 2 0 100 1473 1474 1306
3540 2 2 0 100 1383 2182 2148
3541 2 2 0 100 1850 2171 1389
3542 2 2 0 100 1436 1918 1917
3543 2 2 0 100 1465 1466 1464
3544 2 2 0 100 1562 1563 1471
3545 2 2 0 100 597 1801 598
3546 2 2 0 100 696 2121 728
3547 2 2 0 100 750 2304 848
3548 2 2 0 100 771 772 770
3549 2 2 0 100 2105 2180 770
3550 2 2 0 100 852 2023 829
3551 2 2 0 100 903 904 902
3552 2 2 0 100 927 1048 925
3553 2 2 0 100 932 981 980
3554 2 2 0 100 996 1994 1078
3555 2 2 0 100 1095 1550 1549
3556 2 2 0 100 1100 1426 1252
3557 2 2 0 100 1503 2213 1256
3558 2 2 0 100 1512 1578 1297
3559 2 2 0 100 1842 2184 1318
3560 2 2 0 100 2064 2187 1541
3561 2 2 0 100 2017 2289 2016
3562 2 2 0 100 75 561 74
3563 2 2 0 100 814 1348 1184
3564 2 2 0 100 851 852 829
3565 2 2 0 100 1885 2245 951
3566 2 2 0 100 966 2218 963
3567 2 2 0 100 1024 1072 1071
3568 2 2 0 100 2076 2224 1128
3569 2 2 0 100 1600 1624 1347
3570 2 2 0 100 2217 2224 1387
3571 2 2 0 100 1592 1594 1591
3572 2 2 0 100 1601 1830 1602
3573 2 2 0 100 2147 2148 1852
3574 2 2 0 100 607 1986 604
3575 2 2 0 100 644 2161 1936
3576 2 2 0 100 731 2088 709
3577 2 2 0 100 829 1131 815
3578 2 2 0 100 820 2083 853
3579 2 2 0 100 861 891 890
3580 2 2 0 100 939 2158 2156
3581 2 2 0 100 1932 2257 1062
3582 2 2 0 100 1082 2229 1110
3583 2 2 0 100 1128 2224 2074
3584 2 2 0 100 1192 1979 1238
3585 2 2 0 100 2108 2179 1194
3586 2 2 0 100 1204 2198 1273
3587 2 2 0 100 1558 2172 1278
3588 2 2 0 100 1321 2281 1641
3589 2 2 0 100 1798 2271 1390
3590 2 2 0 100 2133 2189 1418
3591 2 2 0 100 674 2154 681
3592 2 2 0 100 737 767 766
3593 2 2 0 100 860 862 835
3594 2 2 0 100 1155 1940 880
3595 2 2 0 100 953 2171 890
3596 2 2 0 100 918 1069 920
3597 2 2 0 100 926 1050 929
3598 2 2 0 100 1018 2221 1019
3599 2 2 0 100 1445 2191 1160
3600 2 2 0 100 1197 1342 1341
3601 2 2 0 100 1199 2245 1367
3602 2 2 0 100 1202 2172 1274
3603 2 2 0 100 1251 1468 1289
3604 2 2 0 100 1258 2166 1392
3605 2 2 0 100 2288 2289 1437
3606 2 2 0 100 2097 2246 2131
3607 2 2 0 100 825 827 826
3608 2 2 0 100 1274 2152 1174
3609 2 2 0 100 1223 2260 1327
3610 2 2 0 100 2002 2357 1937
3611 2 2 0 100 646 2161 644
3612 2 2 0 100 762 2056 734
3613 2 2 0 100 2097 2131 736
3614 2 2 0 100 757 2325 753
3615 2 2 0 100 756 2060 777
3616 2 2 0 100 801 2239 799
3617 2 2 0 100 936 2235 883
3618 2 2 0 100 1012 2295 2164
3619 2 2 0 100 1095 1551 1550
3620 2 2 0 100 1161 1294 1160
3621 2 2 0 100 1521 2167 1287
3622 2 2 0 100 1415 2185 1413
3623 2 2 0 100 1463 1464 1455
3624 2 2 0 100 1464 1467 1455
3625 2 2 0 100 1541 2187 2044
3626 2 2 0 100 1689 2125 2075
3627 2 2 0 100 1794 2247 1767
3628 2 2 0 100 2061 2343 2119
3629 2 2 0 100 1153 2163 706
3630 2 2 0 100 963 2218 962
3631 2 2 0 100 1139 2158 997
3632 2 2 0 100 1978 2229 1081
3633 2 2 0 100 1194 2179 1196
3634 2 2 0 100 1245 2135 1469
3635 2 2 0 100 1326 1826 1328
3636 2 2 0 100 1558 2216 2215
3637 2 2 0 100 2096 2264 2246
3638 2 2 0 100 997 2158 939
3639 2 2 0 100 1068 2324 941
3640 2 2 0 100 994 1125 1013
3641 2 2 0 100 1025 2200 1023
3642 2 2 0 100 1044 2190 1886
3643 2 2 0 100 2078 2227 1548
3644 2 2 0 100 2129 2181 2028
3645 2 2 0 100 2022 2031 821
3646 2 2 0 100 873 1894 872
3647 2 2 0 100 987 2084 1086
3648 2 2 0 100 1189 2223 1145
3649 2 2 0 100 1560 2158 1288
3650 2 2 0 100 1476 2257 1474
3651 2 2 0 100 1882 1883 1634
3652 2 2 0 100 1678 2120 1677
3653 2 2 0 100 1681 2120 1678
3654 2 2 0 100 865 2175 1892
3655 2 2 0 100 922 2236 945
3656 2 2 0 100 994 2219 1125
3657 2 2 0 100 1356 2262 1176
3658 2 2 0 100 2229 2293 1226
3659 2 2 0 100 1247 1248 1246
3660 2 2 0 100 1526 2189 1272
3661 2 2 0 100 1387 2224 2076
3662 2 2 0 100 2223 2306 1422
3663 2 2 0 100 1488 1499 1476
3664 2 2 0 100 2301 2302 1523
3665 2 2 0 100 1534 2147 1852
3666 2 2 0 100 1978 2293 2229
3667 2 2 0 100 1020 2088 731
3668 2 2 0 100 821 2031 790
3669 2 2 0 100 1256 2213 1008
3670 2 2 0 100 1947 1978 1081
3671 2 2 0 100 1427 2263 1252
3672 2 2 0 100 1273 1527 1526
3673 2 2 0 100 1442 1882 1634
3674 2 2 0 100 1930 2057 1513
3675 2 2 0 100 2062 2115 1542
3676 2 2 0 100 2083 2283 1885
3677 2 2 0 100 2210 2211 2070
3678 2 2 0 100 845 2174 1966
3679 2 2 0 100 951 2245 1000
3680 2 2 0 100 1252 2263 1324
3681 2 2 0 100 1272 2189 2133
3682 2 2 0 100 2024 2331 1388
3683 2 2 0 100 2069 2070 1611
3684 2 2 0 100 1897 2288 2287
3685 2 2 0 100 840 2149 1159
3686 2 2 0 100 895 2141 886
3687 2 2 0 100 2237 2311 1088
3688 2 2 0 100 1771 2166 1260
3689 2 2 0 100 1421 2246 2097
3690 2 2 0 100 2135 2136 1469
3691 2 2 0 100 1543 2297 2220
3692 2 2 0 100 662 2284 748
3693 2 2 0 100 2090 2337 768
3694 2 2 0 100 959 2338 964
3695 2 2 0 100 1106 1995 1304
3696 2 2 0 100 1168 2225 1169
3697 2 2 0 100 1219 2195 1447
3698 2 2 0 100 1795 1923 1228
3699 2 2 0 100 670 2164 661
3700 2 2 0 100 911 2023 852
3701 2 2 0 100 1384 2023 911
3702 2 2 0 100 1503 2303 2213
3703 2 2 0 100 2105 2261 1524
3704 2 2 0 100 1554 2258 1550
3705 2 2 0 100 1788 2252 2228
3706 2 2 0 100 2250 2255 1896
3707 2 2 0 100 2152 2196 2079
3708 2 2 0 100 844 2174 832
3709 2 2 0 100 981 2162 1559
3710 2 2 0 100 1257 2300 1119
3711 2 2 0 100 1430 2287 1425
3712 2 2 0 100 1868 2294 1821
3713 2 2 0 100 1012 2164 670
3714 2 2 0 100 823 2119 825
3715 2 2 0 100 925 2194 923
3716 2 2 0 100 2023 2285 1131
3717 2 2 0 100 2131 2246 1275
3718 2 2 0 100 1423 2243 1921
3719 2 2 0 100 1434 2318 2007
3720 2 2 0 100 1533 2250 1536
3721 2 2 0 100 1582 2086 1564
3722 2 2 0 100 1570 2362 2307
3723 2 2 0 100 805 2062 1197
3724 2 2 0 100 879 2226 948
3725 2 2 0 100 893 2290 1021
3726 2 2 0 100 1301 2186 1097
3727 2 2 0 100 1261 2336 1508
3728 2 2 0 100 2112 2113 1433
3729 2 2 0 100 1465 1613 1612
3730 2 2 0 100 1922 2255 2099
3731 2 2 0 100 907 2093 904
3732 2 2 0 100 1063 2320 2060
3733 2 2 0 100 1110 2229 1226
3734 2 2 0 100 1388 1969 1205
3735 2 2 0 100 1858 2352 1859
3736 2 2 0 100 735 2048 726
3737 2 2 0 100 948 2226 1419
3738 2 2 0 100 1146 1932 999
3739 2 2 0 100 1221 2043 1076
3740 2 2 0 100 1288 2158 1139
3741 2 2 0 100 1205 1970 1206
3742 2 2 0 100 1275 2264 2081
3743 2 2 0 100 2140 2314 1369
3744 2 2 0 100 1563 2286 1471
3745 2 2 0 100 886 2141 866
3746 2 2 0 100 1510 2221 1018
3747 2 2 0 100 1437 2214 1281
3748 2 2 0 100 2081 2264 1568
3749 2 2 0 100 2294 2309 1821
3750 2 2 0 100 600 2215 599
3751 2 2 0 100 1063 2060 756
3752 2 2 0 100 868 2241 849
3753 2 2 0 100 2332 2334 906
3754 2 2 0 100 923 2194 1854
3755 2 2 0 100 1002 2197 1004
3756 2 2 0 100 1207 2301 2046
3757 2 2 0 100 1236 2230 1333
3758 2 2 0 100 2245 2283 1367
3759 2 2 0 100 1372 2184 1628
3760 2 2 0 100 1672 2341 1704
3761 2 2 0 100 2010 2346 705
3762 2 2 0 100 825 2119 857
3763 2 2 0 100 1176 2242 976
3764 2 2 0 100 2316 2320 1063
3765 2 2 0 100 1278 2172 1202
3766 2 2 0 100 1913 2248 1246
3767 2 2 0 100 1304 2305 2205
3768 2 2 0 100 1381 2233 2232
3769 2 2 0 100 2227 2291 1548
3770 2 2 0 100 842 2267 2168
3771 2 2 0 100 1022 2093 907
3772 2 2 0 100 1079 2186 1221
3773 2 2 0 100 2128 2237 1088
3774 2 2 0 100 1121 2300 1168
3775 2 2 0 100 2201 2202 1316
3776 2 2 0 100 1508 2331 1906
3777 2 2 0 100 1918 2348 2200
3778 2 2 0 100 1578 2243 1297
3779 2 2 0 100 1422 2306 1625
3780 2 2 0 100 1857 2280 1868
3781 2 2 0 100 1249 1994 1140
3782 2 2 0 100 1259 2323 1366
3783 2 2 0 100 1273 2198 1528
3784 2 2 0 100 1448 2361 1881
3785 2 2 0 100 1097 2186 1079
3786 2 2 0 100 1319 2184 1372
3787 2 2 0 100 1331 2205 1615
3788 2 2 0 100 2209 2210 2070
3789 2 2 0 100 2313 2334 2113
3790 2 2 0 100 1140 1994 996
3791 2 2 0 100 2046 2301 1523
3792 2 2 0 100 989 2084 987
3793 2 2 0 100 1090 2077 1089
3794 2 2 0 100 1274 2196 2152
3795 2 2 0 100 1276 2278 1525
3796 2 2 0 100 814 2239 1543
3797 2 2 0 100 857 2149 827
3798 2 2 0 100 866 2141 1424
3799 2 2 0 100 939 2156 877
3800 2 2 0 100 883 2235 933
3801 2 2 0 100 2104 2277 1986
3802 2 2 0 100 1565 2351 2340
3803 2 2 0 100 1833 2284 2145
3804 2 2 0 100 2170 2171 1850
3805 2 2 0 100 698 2282 700
3806 2 2 0 100 700 2282 1153
3807 2 2 0 100 1008 2213 1006
3808 2 2 0 100 1756 1757 1339
3809 2 2 0 100 2368 2381 1731
3810 2 2 0 100 1897 2287 678
3811 2 2 0 100 1006 2213 1111
3812 2 2 0 100 2325 2335 1051
3813 2 2 0 100 2213 2303 1111
3814 2 2 0 100 1548 2291 2275
3815 2 2 0 100 2022 2252 2031
3816 2 2 0 100 1525 2032 1277
3817 2 2 0 100 2220 2297 1364
3818 2 2 0 100 1754 2303 1503
3819 2 2 0 100 1873 2232 1872
3820 2 2 0 100 827 2149 840
3821 2 2 0 100 837 2256 1965
3822 2 2 0 100 1210 2301 1207
3823 2 2 0 100 1280 2214 1435
3824 2 2 0 100 2344 2357 1447
3825 2 2 0 100 2272 2339 928
3826 2 2 0 100 2191 2307 1068
3827 2 2 0 100 1892 2347 1133
3828 2 2 0 100 1147 2231 1305
3829 2 2 0 100 1986 2277 603
3830 2 2 0 100 992 2084 989
3831 2 2 0 100 1076 2043 1074
3832 2 2 0 100 751 2325 1051
3833 2 2 0 100 1093 2244 969
3834 2 2 0 100 1023 2200 2039
3835 2 2 0 100 1153 2238 2163
3836 2 2 0 100 2169 2291 1938
3837 2 2 0 100 2168 2267 1989
3838 2 2 0 100 964 2338 2326
3839 2 2 0 100 1402 2077 1213
3840 2 2 0 100 1393 2227 2173
3841 2 2 0 100 1669 2395 1670
3842 2 2 0 100 799 2239 814
3843 2 2 0 100 906 2334 897
3844 2 2 0 100 1254 2223 1189
3845 2 2 0 100 2204 2262 1356
3846 2 2 0 100 2069 2209 2070
3847 2 2 0 100 971 2244 974
3848 2 2 0 100 1015 2288 1897
3849 2 2 0 100 2351 2363 1291
3850 2 2 0 100 1995 2026 1304
3851 2 2 0 100 1524 2261 1752
3852 2 2 0 100 2341 2368 1731
3853 2 2 0 100 819 2256 837
3854 2 2 0 100 1322 2201 1314
3855 2 2 0 100 599 2216 1747
3856 2 2 0 100 973 2242 972
3857 2 2 0 100 1969 1970 1205
3858 2 2 0 100 1314 2201 1316
3859 2 2 0 100 1324 2263 1618
3860 2 2 0 100 1088 2311 2063
3861 2 2 0 100 1425 2288 1437
3862 2 2 0 100 1556 2328 1557
3863 2 2 0 100 2016 2289 1958
3864 2 2 0 100 983 2162 981
3865 2 2 0 100 1004 2197 1094
3866 2 2 0 100 1379 2128 1073
3867 2 2 0 100 1823 2285 1384
3868 2 2 0 100 890 2171 2170
3869 2 2 0 100 1133 2290 893
3870 2 2 0 100 999 1932 1062
3871 2 2 0 100 1062 2296 2226
3872 2 2 0 100 877 2156 912
3873 2 2 0 100 933 2235 1070
3874 2 2 0 100 1525 2254 2032
3875 2 2 0 100 1213 2077 1090
3876 2 2 0 100 1598 2388 1329
3877 2 2 0 100 1674 2341 1672
3878 2 2 0 100 1384 2285 2023
3879 2 2 0 100 1386 2270 2155
3880 2 2 0 100 1022 2387 2382
3881 2 2 0 100 1122 2188 1403
3882 2 2 0 100 1281 2214 1280
3883 2 2 0 100 1435 2335 1888
3884 2 2 0 100 2264 2299 1568
3885 2 2 0 100 1876 2295 1012
3886 2 2 0 100 1073 2128 1017
3887 2 2 0 100 1452 2271 1636
3888 2 2 0 100 2007 2310 1519
3889 2 2 0 100 957 2199 888
3890 2 2 0 100 1522 2257 1476
3891 2 2 0 100 1565 2340 1566
3892 2 2 0 100 1567 2363 2351
3893 2 2 0 100 1568 2299 1569
3894 2 2 0 100 2299 2324 1569
3895 2 2 0 100 2096 2299 2264
3896 2 2 0 100 729 2188 1122
3897 2 2 0 100 868 2274 2241
3898 2 2 0 100 1234 2276 1505
3899 2 2 0 100 1246 2248 1244
3900 2 2 0 100 855 2312 836
3901 2 2 0 100 969 2244 971
3902 2 2 0 100 1119 2300 1121
3903 2 2 0 100 1363 2364 2123
3904 2 2 0 100 1388 2336 1969
3905 2 2 0 100 1972 2320 1971
3906 2 2 0 100 2275 2291 2169
3907 2 2 0 100 1132 2256 819
3908 2 2 0 100 888 2199 934
3909 2 2 0 100 1111 2303 2006
3910 2 2 0 100 2370 2376 1299
3911 2 2 0 100 2292 2293 1606
3912 2 2 0 100 2050 2322 1972
3913 2 2 0 100 2275 2287 1430
3914 2 2 0 100 1297 2243 1423
3915 2 2 0 100 1888 2335 2325
3916 2 2 0 100 2138 2314 2010
3917 2 2 0 100 748 2304 750
3918 2 2 0 100 1971 2316 1434
3919 2 2 0 100 2258 2260 1549
3920 2 2 0 100 2290 2328 1556
3921 2 2 0 100 678 2275 2169
3922 2 2 0 100 1821 2309 1820
3923 2 2 0 100 1254 2306 2223
3924 2 2 0 100 1357 2319 1769
3925 2 2 0 100 2240 2298 1399
3926 2 2 0 100 1917 2266 2265
3927 2 2 0 100 1960 2298 2240
3928 2 2 0 100 1822 2346 1824
3929 2 2 0 100 597 598 596
3930 2 2 0 100 1498 2371 2153
3931 2 2 0 100 705 2321 1924
3932 2 2 0 100 976 2242 973
3933 2 2 0 100 2280 2294 1868
3934 2 2 0 100 2175 2333 1892
3935 2 2 0 100 848 2318 2091
3936 2 2 0 100 1803 2240 1399
3937 2 2 0 100 1428 2326 1561
3938 2 2 0 100 2026 2305 1304
3939 2 2 0 100 1445 2307 2191
3940 2 2 0 100 2050 2329 2322
3941 2 2 0 100 846 2358 1908
3942 2 2 0 100 1133 2328 2290
3943 2 2 0 100 1155 2299 2096
3944 2 2 0 100 1305 2231 1589
3945 2 2 0 100 1746 2317 1494
3946 2 2 0 100 1572 2375 1584
3947 2 2 0 100 2322 2343 1972
3948 2 2 0 100 1026 2312 855
3949 2 2 0 100 2207 2306 1254
3950 2 2 0 100 2258 2259 1327
3951 2 2 0 100 2082 2349 1397
3952 2 2 0 100 1148 2253 1307
3953 2 2 0 100 1397 2349 2154
3954 2 2 0 100 1436 2348 1918
3955 2 2 0 100 1896 2273 2250
3956 2 2 0 100 1327 2260 2258
3957 2 2 0 100 2238 2353 1507
3958 2 2 0 100 753 2325 751
3959 2 2 0 100 1536 2273 1556
3960 2 2 0 100 857 2329 2149
3961 2 2 0 100 1497 2323 1259
3962 2 2 0 100 1833 2304 2284
3963 2 2 0 100 2215 2216 599
3964 2 2 0 100 986 2162 983
3965 2 2 0 100 2322 2329 857
3966 2 2 0 100 869 2315 1944
3967 2 2 0 100 1369 2314 2138
3968 2 2 0 100 2060 2343 2061
3969 2 2 0 100 864 2358 846
3970 2 2 0 100 964 2326 2269
3971 2 2 0 100 2361 2372 1099
3972 2 2 0 100 1154 2313 2308
3973 2 2 0 100 1155 2324 2299
3974 2 2 0 100 1296 2159 1919
3975 2 2 0 100 1457 2251 1456
3976 2 2 0 100 2192 2292 2193
3977 2 2 0 100 2039 2348 869
3978 2 2 0 100 914 2272 928
3979 2 2 0 100 1154 2308 2141
3980 2 2 0 100 1971 2320 2316
3981 2 2 0 100 941 2324 1155
3982 2 2 0 100 1354 2276 1182
3983 2 2 0 100 1432 2279 2278
3984 2 2 0 100 2205 2305 1615
3985 2 2 0 100 912 2272 914
3986 2 2 0 100 891 2268 954
3987 2 2 0 100 897 2334 1154
3988 2 2 0 100 2340 2351 1159
3989 2 2 0 100 1704 2341 1731
3990 2 2 0 100 928 2354 2004
3991 2 2 0 100 1154 2334 2313
3992 2 2 0 100 1917 2265 1268
3993 2 2 0 100 1968 2393 1279
3994 2 2 0 100 1566 2329 2050
3995 2 2 0 100 1445 2330 2307
3996 2 2 0 100 1816 2372 1592
3997 2 2 0 100 958 2338 959
3998 2 2 0 100 1182 2276 1234
3999 2 2 0 100 1573 2330 1445
4000 2 2 0 100 1554 2259 2258
4001 2 2 0 100 678 2287 2275
4002 2 2 0 100 1677 2341 1674
4003 2 2 0 100 2226 2296 1419
4004 2 2 0 100 1433 2332 2195
4005 2 2 0 100 2250 2273 1536
4006 2 2 0 100 2332 2344 2195
4007 2 2 0 100 2119 2322 857
4008 2 2 0 100 1567 2351 1565
4009 2 2 0 100 2310 2318 848
4010 2 2 0 100 1226 2293 2292
4011 2 2 0 100 1424 2308 1907
4012 2 2 0 100 2284 2304 748
4013 2 2 0 100 1133 2347 2328
4014 2 2 0 100 1161 2159 1296
4015 2 2 0 100 2331 2336 1388
4016 2 2 0 100 2107 2268 1271
4017 2 2 0 100 1456 2251 1588
4018 2 2 0 100 1851 2312 1026
4019 2 2 0 100 1493 2369 1750
4020 2 2 0 100 1557 2328 1807
4021 2 2 0 100 2383 2390 1466
4022 2 2 0 100 1561 2355 1562
4023 2 2 0 100 1193 2349 2333
4024 2 2 0 100 1440 2339 1438
4025 2 2 0 100 2007 2318 2310
4026 2 2 0 100 2003 2357 2002
4027 2 2 0 100 2113 2334 2332
4028 2 2 0 100 1051 2335 2017
4029 2 2 0 100 2315 2348 1436
4030 2 2 0 100 1193 2333 2175
4031 2 2 0 100 906 2344 2332
4032 2 2 0 100 2149 2340 1159
4033 2 2 0 100 1447 2370 1233
4034 2 2 0 100 1271 2268 891
4035 2 2 0 100 1329 2327 1224
4036 2 2 0 100 2093 2379 910
4037 2 2 0 100 1224 2327 1087
4038 2 2 0 100 2154 2349 1193
4039 2 2 0 100 1291 2363 1570
4040 2 2 0 100 2329 2340 2149
4041 2 2 0 100 1268 2265 1452
4042 2 2 0 100 2141 2308 1424
4043 2 2 0 100 1379 2237 2128
4044 2 2 0 100 1573 2373 2364
4045 2 2 0 100 1050 2367 929
4046 2 2 0 100 1937 2344 906
4047 2 2 0 100 2120 2368 1677
4048 2 2 0 100 1731 2381 1735
4049 2 2 0 100 2320 2343 2060
4050 2 2 0 100 2195 2344 1447
4051 2 2 0 100 1226 2292 2192
4052 2 2 0 100 2003 2376 2370
4053 2 2 0 100 1891 2356 1916
4054 2 2 0 100 892 2358 864
4055 2 2 0 100 1178 2371 2020
4056 2 2 0 100 1566 2340 2329
4057 2 2 0 100 1159 2351 1291
4058 2 2 0 100 2330 2364 1363
4059 2 2 0 100 1508 2336 2331
4060 2 2 0 100 1881 2373 1573
4061 2 2 0 100 1807 2347 1809
4062 2 2 0 100 2366 2377 1069
4063 2 2 0 100 1859 2352 2282
4064 2 2 0 100 2144 2392 1968
4065 2 2 0 100 1251 2212 1468
4066 2 2 0 100 1774 2374 1773
4067 2 2 0 100 1250 2212 1251
4068 2 2 0 100 2113 2332 1433
4069 2 2 0 100 2321 2346 1822
4070 2 2 0 100 1946 2378 1945
4071 2 2 0 100 1323 2345 1577
4072 2 2 0 100 1507 2360 1775
4073 2 2 0 100 1972 2343 2320
4074 2 2 0 100 2153 2371 1178
4075 2 2 0 100 2278 2279 1525
4076 2 2 0 100 2328 2347 1807
4077 2 2 0 100 1760 2345 1757
4078 2 2 0 100 2093 2382 2379
4079 2 2 0 100 2338 2355 1561
4080 2 2 0 100 2249 2354 1440
4081 2 2 0 100 1592 2365 1594
4082 2 2 0 100 2112 2350 2113
4083 2 2 0 100 2113 2350 2313
4084 2 2 0 100 958 2355 2338
4085 2 2 0 100 1450 2361 1448
4086 2 2 0 100 1525 2279 2254
4087 2 2 0 100 1068 2362 2324
4088 2 2 0 100 2282 2352 1153
4089 2 2 0 100 1880 2353 1858
4090 2 2 0 100 1980 2377 2366
4091 2 2 0 100 705 2346 2321
4092 2 2 0 100 2313 2350 2107
4093 2 2 0 100 2306 2359 1625
4094 2 2 0 100 1573 2364 2330
4095 2 2 0 100 2385 2391 1559
4096 2 2 0 100 2326 2338 1561
4097 2 2 0 100 1569 2363 1567
4098 2 2 0 100 1757 2345 1339
4099 2 2 0 100 2123 2364 1072
4100 2 2 0 100 1562 2355 1571
4101 2 2 0 100 958 2367 2355
4102 2 2 0 100 2339 2354 928
4103 2 2 0 100 1339 2345 1323
4104 2 2 0 100 2355 2367 1571
4105 2 2 0 100 869 2348 2315
4106 2 2 0 100 2324 2362 1569
4107 2 2 0 100 2364 2373 1072
4108 2 2 0 100 1576 2342 1485
4109 2 2 0 100 1153 2352 2238
4110 2 2 0 100 2207 2359 2306
4111 2 2 0 100 1299 2376 1312
4112 2 2 0 100 929 2367 958
4113 2 2 0 100 1726 2368 2120
4114 2 2 0 100 1485 2342 1484
4115 2 2 0 100 2362 2363 1569
4116 2 2 0 100 2004 2366 1069
4117 2 2 0 100 1622 2365 1450
4118 2 2 0 100 2357 2370 1447
4119 2 2 0 100 1751 2369 1493
4120 2 2 0 100 1592 2372 2365
4121 2 2 0 100 1481 2387 1483
4122 2 2 0 100 1980 2366 2249
4123 2 2 0 100 1069 2377 2236
4124 2 2 0 100 1050 2378 2375
4125 2 2 0 100 2365 2372 1450
4126 2 2 0 100 1233 2370 1299
4127 2 2 0 100 1570 2363 2362
4128 2 2 0 100 1773 2374 2261
4129 2 2 0 100 1440 2354 2339
4130 2 2 0 100 2392 2393 1968
4131 2 2 0 100 1072 2373 1099
4132 2 2 0 100 2384 2390 1946
4133 2 2 0 100 945 2380 1946
4134 2 2 0 100 2354 2366 2004
4135 2 2 0 100 2353 2360 1507
4136 2 2 0 100 2249 2366 2354
4137 2 2 0 100 1466 2384 1464
4138 2 2 0 100 2003 2370 2357
4139 2 2 0 100 1726 2381 2368
4140 2 2 0 100 1050 2375 2367
4141 2 2 0 100 1880 2360 2353
4142 2 2 0 100 594 597 596
4143 2 2 0 100 1312 2376 1480
4144 2 2 0 100 1945 2378 1050
4145 2 2 0 100 1467 2377 1980
4146 2 2 0 100 1571 2375 1572
4147 2 2 0 100 2261 2374 1752
4148 2 2 0 100 910 2379 2003
4149 2 2 0 100 2377 2380 2236
4150 2 2 0 100 1394 2392 2144
4151 2 2 0 100 1450 2372 2361
4152 2 2 0 100 1575 2391 2385
4153 2 2 0 100 1022 2382 2093
4154 2 2 0 100 1329 2385 2327
4155 2 2 0 100 2379 2382 1480
4156 2 2 0 100 1467 2380 2377
4157 2 2 0 100 1732 2381 1726
4158 2 2 0 100 1612 2383 1466
4159 2 2 0 100 1395 2392 1394
4160 2 2 0 100 2236 2380 945
4161 2 2 0 100 2367 2375 1571
4162 2 2 0 100 931 2389 1022
4163 2 2 0 100 1480 2382 1481
4164 2 2 0 100 980 2389 931
4165 2 2 0 100 2380 2384 1946
4166 2 2 0 100 1575 2388 1576
4167 2 2 0 100 2327 2385 1559
4168 2 2 0 100 1559 2391 980
4169 2 2 0 100 1584 2383 1583
4170 2 2 0 100 1583 2386 1587
4171 2 2 0 100 980 2391 2389
4172 2 2 0 100 1464 2384 1467
4173 2 2 0 100 1584 2390 2383
4174 2 2 0 100 1483 2387 1574
4175 2 2 0 100 2003 2379 2376
4176 2 2 0 100 1612 2386 2383
4177 2 2 0 100 2383 2386 1583
4178 2 2 0 100 2376 2379 1480
4179 2 2 0 100 1467 2384 2380
4180 2 2 0 100 1329 2388 2385
4181 2 2 0 100 1574 2391 1575
4182 2 2 0 100 1494 2392 1395
4183 2 2 0 100 1946 2390 2378
4184 2 2 0 100 2389 2391 1574
4185 2 2 0 100 1022 2389 2387
4186 2 2 0 100 2385 2388 1575
4187 2 2 0 100 1494 2393 2392
4188 2 2 0 100 1598 2394 2388
4189 2 2 0 100 2378 2390 1584
4190 2 2 0 100 1670 2395 1673
4191 2 2 0 100 2387 2389 1574
4192 2 2 0 100 2317 2393 1494
4193 2 2 0 100 594 596 595
4194 2 2 0 100 2388 2394 1576
4195 2 2 0 100 1673 2395 1720
4196 2 2 0 100 594 595 592
4197 2 2 0 100 593 594 592
4198 2 2 0 100 592 1745 591
4199 2 2 0 100 590 593 592
4200 2 2 0 100 591 1740 1737
4201 2 2 0 100 1666 2396 1719
4202 2 2 0 100 1718 2396 1671
4203 2 2 0 100 1668 2396 1666
4204 2 2 0 100 590 592 591
4205 2 2 0 100 591 1737 588
4206 2 2 0 100 1671 2396 1668
4207 2 2 0 100 1740 2397 1737
4208 2 2 0 100 590 591 588
4209 2 2 0 100 589 590 588
4210 2 2 0 100 593 2399 594
4211 2 2 0 100 597 2399 1802
4212 2 2 0 100 587 1738 1655
4213 2 2 0 100 586 589 588
4214 2 2 0 100 594 2399 597
4215 2 2 0 100 2419 2421 1985
4216 2 2 0 100 587 1655 584
4217 2 2 0 100 586 588 587
4218 2 2 0 100 1166 2406 2230
4219 2 2 0 100 1738 2400 1655
4220 2 2 0 100 1985 2421 1700
4221 2 2 0 100 1660 2403 1661
4222 2 2 0 100 1705 2404 1744
4223 2 2 0 100 586 587 584
4224 2 2 0 100 585 1656 586
4225 2 2 0 100 2230 2406 2402
4226 2 2 0 100 1698 2404 1705
4227 2 2 0 100 1715 2404 1702
4228 2 2 0 100 1656 2402 1657
4229 2 2 0 100 1070 2405 2102
4230 2 2 0 100 585 2401 1656
4231 2 2 0 100 2102 2403 1166
4232 2 2 0 100 716 2408 718
4233 2 2 0 100 1070 2407 2405
4234 2 2 0 100 2235 2407 1070
4235 2 2 0 100 1702 2404 1698
4236 2 2 0 100 1661 2405 1663
4237 2 2 0 100 2235 2410 2407
4238 2 2 0 100 1657 2406 1660
4239 2 2 0 100 2402 2406 1657
4240 2 2 0 100 2403 2405 1661
4241 2 2 0 100 936 2410 2235
4242 2 2 0 100 2102 2405 2403
4243 2 2 0 100 2405 2407 1663
4244 2 2 0 100 1663 2407 1665
4245 2 2 0 100 2054 2420 1055
4246 2 2 0 100 936 2411 2410
4247 2 2 0 100 843 2408 716
4248 2 2 0 100 1984 2418 2417
4249 2 2 0 100 582 1736 585
4250 2 2 0 100 585 586 584
4251 2 2 0 100 2407 2410 1665
4252 2 2 0 100 1966 2411 936
4253 2 2 0 100 1201 2415 648
4254 2 2 0 100 652 2415 1975
4255 2 2 0 100 1665 2410 1667
4256 2 2 0 100 1966 2412 2411
4257 2 2 0 100 2410 2411 1667
4258 2 2 0 100 2174 2412 1966
4259 2 2 0 100 787 2417 796
4260 2 2 0 100 843 2430 2429
4261 2 2 0 100 1667 2411 1669
4262 2 2 0 100 2174 2413 2412
4263 2 2 0 100 1999 2430 843
4264 2 2 0 100 2411 2412 1669
4265 2 2 0 100 2427 2428 1722
4266 2 2 0 100 2425 2426 1711
4267 2 2 0 100 1055 2420 636
4268 2 2 0 100 638 2420 2055
4269 2 2 0 100 844 2413 2174
4270 2 2 0 100 1999 2431 2430
4271 2 2 0 100 1669 2412 2395
4272 2 2 0 100 843 2429 2408
4273 2 2 0 100 844 2414 2413
4274 2 2 0 100 1030 2431 1999
4275 2 2 0 100 2412 2413 2395
4276 2 2 0 100 1939 2414 844
4277 2 2 0 100 1030 2432 2431
4278 2 2 0 100 2408 2428 718
4279 2 2 0 100 2395 2413 1720
4280 2 2 0 100 1939 2416 2414
4281 2 2 0 100 1975 2432 1030
4282 2 2 0 100 2413 2414 1720
4283 2 2 0 100 2165 2416 1939
4284 2 2 0 100 1993 2426 2178
4285 2 2 0 100 1700 2422 1685
4286 2 2 0 100 1720 2414 1721
4287 2 2 0 100 2165 2418 2416
4288 2 2 0 100 648 2415 652
4289 2 2 0 100 2414 2416 1721
4290 2 2 0 100 796 2418 2165
4291 2 2 0 100 720 2428 804
4292 2 2 0 100 1722 2428 2408
4293 2 2 0 100 1721 2416 1983
4294 2 2 0 100 1722 2429 1712
4295 2 2 0 100 2416 2418 1983
4296 2 2 0 100 795 2417 787
4297 2 2 0 100 1983 2418 1984
4298 2 2 0 100 795 2419 2417
4299 2 2 0 100 2038 2419 795
4300 2 2 0 100 1711 2427 1710
4301 2 2 0 100 2408 2429 1722
4302 2 2 0 100 1685 2422 1689
4303 2 2 0 100 2038 2421 2419
4304 2 2 0 100 636 2420 638
4305 2 2 0 100 2422 2423 1689
4306 2 2 0 100 1724 2424 1715
4307 2 2 0 100 2037 2421 2038
4308 2 2 0 100 1689 2423 2125
4309 2 2 0 100 2423 2425 2125
4310 2 2 0 100 2125 2425 1711
4311 2 2 0 100 2037 2423 2422
4312 2 2 0 100 2036 2423 2037
4313 2 2 0 100 2421 2422 1700
4314 2 2 0 100 1710 2427 1722
4315 2 2 0 100 2036 2425 2423
4316 2 2 0 100 2178 2425 2036
4317 2 2 0 100 582 585 584
4318 2 2 0 100 804 2426 1993
4319 2 2 0 100 718 2428 720
4320 2 2 0 100 2037 2422 2421
4321 2 2 0 100 1712 2429 2137
4322 2 2 0 100 2426 2427 1711
4323 2 2 0 100 2429 2430 2137
4324 2 2 0 100 2137 2430 1713
4325 2 2 0 100 2430 2431 1713
4326 2 2 0 100 1713 2431 1714
4327 2 2 0 100 2431 2432 1714
4328 2 2 0 100 1714 2432 1724
4329 2 2 0 100 804 2427 2426
4330 2 2 0 100 582 584 583
4331 2 2 0 100 582 583 580
4332 2 2 0 100 1322 2433 2201
4333 2 2 0 100 1577 2434 2433
4334 2 2 0 100 1577 2433 1322
4335 2 2 0 100 581 582 580
4336 2 2 0 100 579 581 580
4337 2 2 0 100 580 1654 578
4338 2 2 0 100 1791 2435 1578
4339 2 2 0 100 1620 2435 1791
4340 2 2 0 100 2435 2436 1578
4341 2 2 0 100 579 580 578
4342 2 2 0 100 533 2436 2435
4343 2 2 0 100 1554 2437 2259
4344 2 2 0 100 1555 2438 2437
4345 2 2 0 100 558 2469 2445
4346 2 2 0 100 2501 2522 2466
4347 2 2 0 100 1578 2436 2243
4348 2 2 0 100 2437 2441 2259
4349 2 2 0 100 1555 2437 1554
4350 2 2 0 100 2471 2507 550
4351 2 2 0 100 570 2441 2437
4352 2 2 0 100 547 2527 1643
4353 2 2 0 100 578 1579 577
4354 2 2 0 100 538 579 578
4355 2 2 0 100 1640 2550 525
4356 2 2 0 100 1653 2439 1491
4357 2 2 0 100 1843 2488 518
4358 2 2 0 100 1620 2446 2435
4359 2 2 0 100 2456 2578 1609
4360 2 2 0 100 2471 2536 2507
4361 2 2 0 100 1484 2443 1482
4362 2 2 0 100 1606 2445 2292
4363 2 2 0 100 1589 2447 1330
4364 2 2 0 100 1454 2448 1463
4365 2 2 0 100 1871 2450 1555
4366 2 2 0 100 1645 2570 2464
4367 2 2 0 100 2202 2440 2203
4368 2 2 0 100 2259 2441 1590
4369 2 2 0 100 1468 2451 1883
4370 2 2 0 100 1630 2451 2212
4371 2 2 0 100 2286 2528 530
4372 2 2 0 100 2443 2444 1911
4373 2 2 0 100 1463 2454 1465
4374 2 2 0 100 571 2554 2449
4375 2 2 0 100 538 2459 579
4376 2 2 0 100 2386 2582 527
4377 2 2 0 100 113 2551 1831
4378 2 2 0 100 1588 2442 1632
4379 2 2 0 100 1482 2443 1911
4380 2 2 0 100 2292 2445 2193
4381 2 2 0 100 1330 2447 1608
4382 2 2 0 100 1642 2550 1640
4383 2 2 0 100 1793 2448 1454
4384 2 2 0 100 2435 2446 533
4385 2 2 0 100 1462 2486 1461
4386 2 2 0 100 579 2487 581
4387 2 2 0 100 1843 2449 1842
4388 2 2 0 100 1841 2488 1843
4389 2 2 0 100 2136 2488 1469
4390 2 2 0 100 1555 2450 2438
4391 2 2 0 100 1831 2577 113
4392 2 2 0 100 1933 2547 517
4393 2 2 0 100 2478 2557 2546
4394 2 2 0 100 538 578 577
4395 2 2 0 100 524 2555 2251
4396 2 2 0 100 2212 2451 1468
4397 2 2 0 100 1653 2487 2439
4398 2 2 0 100 2439 2487 573
4399 2 2 0 100 2193 2576 1607
4400 2 2 0 100 2232 2453 1872
4401 2 2 0 100 142 2580 2211
4402 2 2 0 100 1465 2454 1613
4403 2 2 0 100 1606 2506 2445
4404 2 2 0 100 1607 2532 1596
4405 2 2 0 100 515 2464 87
4406 2 2 0 100 87 2464 86
4407 2 2 0 100 121 577 120
4408 2 2 0 100 545 2458 118
4409 2 2 0 100 122 2459 538
4410 2 2 0 100 118 2458 117
4411 2 2 0 100 185 2468 569
4412 2 2 0 100 116 2469 115
4413 2 2 0 100 74 2473 73
4414 2 2 0 100 159 2463 542
4415 2 2 0 100 186 2468 185
4416 2 2 0 100 103 2477 540
4417 2 2 0 100 70 2465 69
4418 2 2 0 100 557 2465 70
4419 2 2 0 100 106 2467 105
4420 2 2 0 100 538 577 121
4421 2 2 0 100 117 2458 521
4422 2 2 0 100 573 2459 123
4423 2 2 0 100 115 2469 558
4424 2 2 0 100 104 2477 103
4425 2 2 0 100 521 2469 116
4426 2 2 0 100 110 2472 571
4427 2 2 0 100 111 2472 110
4428 2 2 0 100 123 2459 122
4429 2 2 0 100 64 2457 539
4430 2 2 0 100 561 2473 74
4431 2 2 0 100 540 2471 102
4432 2 2 0 100 565 2479 140
4433 2 2 0 100 529 2472 111
4434 2 2 0 100 73 2473 541
4435 2 2 0 100 518 2467 106
4436 2 2 0 100 140 2479 139
4437 2 2 0 100 523 2478 171
4438 2 2 0 100 105 2467 574
4439 2 2 0 100 532 2468 186
4440 2 2 0 100 102 2471 101
4441 2 2 0 100 163 2456 516
4442 2 2 0 100 168 2475 544
4443 2 2 0 100 171 2478 170
4444 2 2 0 100 69 2465 519
4445 2 2 0 100 160 2463 159
4446 2 2 0 100 65 2457 64
4447 2 2 0 100 81 2462 549
4448 2 2 0 100 551 2460 130
4449 2 2 0 100 93 2476 531
4450 2 2 0 100 546 2457 65
4451 2 2 0 100 3 2460 537
4452 2 2 0 100 531 2466 92
4453 2 2 0 100 180 2480 179
4454 2 2 0 100 170 2478 576
4455 2 2 0 100 556 2463 160
4456 2 2 0 100 562 2474 90
4457 2 2 0 100 139 2479 536
4458 2 2 0 100 157 2461 560
4459 2 2 0 100 534 2470 2
4460 2 2 0 100 574 2477 104
4461 2 2 0 100 94 2476 93
4462 2 2 0 100 101 2471 550
4463 2 2 0 100 576 2475 169
4464 2 2 0 100 559 2476 94
4465 2 2 0 100 179 2480 555
4466 2 2 0 100 542 2461 158
4467 2 2 0 100 530 2462 82
4468 2 2 0 100 91 2466 562
4469 2 2 0 100 169 2475 168
4470 2 2 0 100 130 2460 3
4471 2 2 0 100 553 2456 164
4472 2 2 0 100 82 2462 81
4473 2 2 0 100 204 2470 568
4474 2 2 0 100 90 2474 89
4475 2 2 0 100 92 2466 91
4476 2 2 0 100 2 2470 204
4477 2 2 0 100 158 2461 157
4478 2 2 0 100 164 2456 163
4479 2 2 0 100 515 2516 1638
4480 2 2 0 100 2480 2481 1920
4481 2 2 0 100 1487 2498 2210
4482 2 2 0 100 517 2481 181
4483 2 2 0 100 544 2482 167
4484 2 2 0 100 2089 2501 1648
4485 2 2 0 100 155 2483 154
4486 2 2 0 100 1587 2499 2496
4487 2 2 0 100 1637 2519 1635
4488 2 2 0 100 181 2481 180
4489 2 2 0 100 536 2484 138
4490 2 2 0 100 137 2484 572
4491 2 2 0 100 173 2485 172
4492 2 2 0 100 516 2515 2444
4493 2 2 0 100 1784 2489 552
4494 2 2 0 100 167 2482 166
4495 2 2 0 100 154 2483 528
4496 2 2 0 100 1760 2566 2460
4497 2 2 0 100 1638 2583 515
4498 2 2 0 100 513 2574 1779
4499 2 2 0 100 2445 2506 558
4500 2 2 0 100 1596 2512 1651
4501 2 2 0 100 138 2484 137
4502 2 2 0 100 1831 2506 1605
4503 2 2 0 100 1632 2507 2026
4504 2 2 0 100 523 2557 2478
4505 2 2 0 100 552 2489 61
4506 2 2 0 100 60 2489 525
4507 2 2 0 100 560 2490 156
4508 2 2 0 100 1475 2510 1627
4509 2 2 0 100 1608 2510 1473
4510 2 2 0 100 2012 2511 1210
4511 2 2 0 100 2301 2511 2302
4512 2 2 0 100 172 2485 523
4513 2 2 0 100 1461 2486 1796
4514 2 2 0 100 190 2491 567
4515 2 2 0 100 526 2491 191
4516 2 2 0 100 581 2487 1653
4517 2 2 0 100 132 2541 2434
4518 2 2 0 100 1581 2513 1477
4519 2 2 0 100 553 2521 1866
4520 2 2 0 100 119 2493 545
4521 2 2 0 100 1478 2515 1609
4522 2 2 0 100 145 2494 144
4523 2 2 0 100 1469 2488 1841
4524 2 2 0 100 1866 2578 553
4525 2 2 0 100 525 2558 1640
4526 2 2 0 100 1643 2527 1642
4527 2 2 0 100 1579 2493 577
4528 2 2 0 100 188 2495 187
4529 2 2 0 100 1760 2518 2345
4530 2 2 0 100 1577 2518 2434
4531 2 2 0 100 1779 2543 513
4532 2 2 0 100 1635 2519 1451
4533 2 2 0 100 2231 2519 1589
4534 2 2 0 100 80 2496 79
4535 2 2 0 100 534 2575 1900
4536 2 2 0 100 1900 2575 547
4537 2 2 0 100 2444 2515 1911
4538 2 2 0 100 184 2497 183
4539 2 2 0 100 79 2499 78
4540 2 2 0 100 2342 2549 1484
4541 2 2 0 100 180 2481 2480
4542 2 2 0 100 519 2500 68
4543 2 2 0 100 1500 2524 1779
4544 2 2 0 100 1627 2524 1488
4545 2 2 0 100 203 2502 202
4546 2 2 0 100 124 2503 573
4547 2 2 0 100 514 2503 125
4548 2 2 0 100 1871 2571 2450
4549 2 2 0 100 2434 2589 132
4550 2 2 0 100 1830 2552 529
4551 2 2 0 100 2086 2528 1563
4552 2 2 0 100 1614 2529 1489
4553 2 2 0 100 61 2489 60
4554 2 2 0 100 1593 2495 1799
4555 2 2 0 100 75 2504 561
4556 2 2 0 100 1622 2533 2365
4557 2 2 0 100 156 2490 155
4558 2 2 0 100 2394 2534 1576
4559 2 2 0 100 155 2490 2483
4560 2 2 0 100 573 2503 2439
4561 2 2 0 100 1472 2538 2234
4562 2 2 0 100 555 2505 178
4563 2 2 0 100 177 2505 533
4564 2 2 0 100 528 2508 153
4565 2 2 0 100 152 2508 570
4566 2 2 0 100 2234 2540 2233
4567 2 2 0 100 2493 2512 545
4568 2 2 0 100 533 2505 2436
4569 2 2 0 100 191 2491 190
4570 2 2 0 100 1799 2545 1798
4571 2 2 0 100 2271 2545 1636
4572 2 2 0 100 2468 2533 569
4573 2 2 0 100 2483 2490 1599
4574 2 2 0 100 1644 2535 548
4575 2 2 0 100 1601 2552 1830
4576 2 2 0 100 566 2514 198
4577 2 2 0 100 197 2514 543
4578 2 2 0 100 2184 2554 1628
4579 2 2 0 100 2070 2556 1611
4580 2 2 0 100 120 2493 119
4581 2 2 0 100 88 2516 515
4582 2 2 0 100 1650 2581 1647
4583 2 2 0 100 543 2517 196
4584 2 2 0 100 144 2494 520
4585 2 2 0 100 1899 2591 1902
4586 2 2 0 100 2207 2559 2359
4587 2 2 0 100 2450 2571 535
4588 2 2 0 100 577 2493 120
4589 2 2 0 100 2450 2593 2438
4590 2 2 0 100 1640 2558 1595
4591 2 2 0 100 2251 2555 1588
4592 2 2 0 100 2497 2526 183
4593 2 2 0 100 556 2590 2444
4594 2 2 0 100 2243 2562 1921
4595 2 2 0 100 526 2548 1637
4596 2 2 0 100 570 2508 2441
4597 2 2 0 100 1898 2591 1899
4598 2 2 0 100 2302 2591 1231
4599 2 2 0 100 1594 2568 1591
4600 2 2 0 100 2202 2520 2440
4601 2 2 0 100 1597 2574 1629
4602 2 2 0 100 1779 2574 1778
4603 2 2 0 100 1867 2578 1866
4604 2 2 0 100 1616 2583 1638
4605 2 2 0 100 1612 2582 2386
4606 2 2 0 100 1600 2579 1624
4607 2 2 0 100 1647 2581 1786
4608 2 2 0 100 1457 2581 2251
4609 2 2 0 100 1590 2565 1826
4610 2 2 0 100 548 2570 1645
4611 2 2 0 100 134 2520 522
4612 2 2 0 100 518 2569 1843
4613 2 2 0 100 187 2495 532
4614 2 2 0 100 165 2521 553
4615 2 2 0 100 524 2523 97
4616 2 2 0 100 1764 2509 1761
4617 2 2 0 100 549 2496 80
4618 2 2 0 100 194 2525 563
4619 2 2 0 100 2442 2588 1632
4620 2 2 0 100 182 2526 517
4621 2 2 0 100 58 2527 57
4622 2 2 0 100 552 2592 1785
4623 2 2 0 100 1785 2592 539
4624 2 2 0 100 569 2497 184
4625 2 2 0 100 572 2559 2440
4626 2 2 0 100 2440 2559 2203
4627 2 2 0 100 1486 2498 1487
4628 2 2 0 100 66 2530 546
4629 2 2 0 100 561 2504 2454
4630 2 2 0 100 83 2535 530
4631 2 2 0 100 548 2535 84
4632 2 2 0 100 78 2499 527
4633 2 2 0 100 514 2531 2503
4634 2 2 0 100 529 2577 1830
4635 2 2 0 100 2444 2590 516
4636 2 2 0 100 96 2523 1649
4637 2 2 0 100 1761 2509 1759
4638 2 2 0 100 564 2539 146
4639 2 2 0 100 133 2541 132
4640 2 2 0 100 145 2539 2494
4641 2 2 0 100 1579 2512 2493
4642 2 2 0 100 68 2500 67
4643 2 2 0 100 2449 2554 1842
4644 2 2 0 100 147 2542 564
4645 2 2 0 100 535 2542 148
4646 2 2 0 100 199 2543 566
4647 2 2 0 100 513 2543 200
4648 2 2 0 100 527 2544 77
4649 2 2 0 100 1811 2501 2089
4650 2 2 0 100 563 2548 193
4651 2 2 0 100 192 2548 526
4652 2 2 0 100 2232 2540 2453
4653 2 2 0 100 2453 2540 564
4654 2 2 0 100 59 2550 58
4655 2 2 0 100 114 2551 113
4656 2 2 0 100 534 2492 2470
4657 2 2 0 100 568 2502 203
4658 2 2 0 100 142 2553 141
4659 2 2 0 100 544 2573 1862
4660 2 2 0 100 1593 2568 2495
4661 2 2 0 100 563 2525 2447
4662 2 2 0 100 125 2503 124
4663 2 2 0 100 1491 2531 1766
4664 2 2 0 100 2474 2516 89
4665 2 2 0 100 107 2569 518
4666 2 2 0 100 85 2570 548
4667 2 2 0 100 1830 2577 1831
4668 2 2 0 100 149 2593 535
4669 2 2 0 100 62 2592 552
4670 2 2 0 100 539 2592 63
4671 2 2 0 100 55 2575 534
4672 2 2 0 100 547 2575 56
4673 2 2 0 100 516 2590 162
4674 2 2 0 100 161 2590 556
4675 2 2 0 100 132 2589 131
4676 2 2 0 100 113 2577 112
4677 2 2 0 100 100 2588 99
4678 2 2 0 100 1589 2561 2447
4679 2 2 0 100 1623 2526 2497
4680 2 2 0 100 2453 2571 1872
4681 2 2 0 100 2479 2537 536
4682 2 2 0 100 1651 2512 1579
4683 2 2 0 100 76 2504 75
4684 2 2 0 100 1649 2523 1650
4685 2 2 0 100 2455 2509 1764
4686 2 2 0 100 2394 2560 560
4687 2 2 0 100 2234 2538 2494
4688 2 2 0 100 2495 2568 532
4689 2 2 0 100 2482 2521 166
4690 2 2 0 100 2472 2552 1628
4691 2 2 0 100 178 2505 177
4692 2 2 0 100 2342 2534 542
4693 2 2 0 100 99 2588 2442
4694 2 2 0 100 564 2542 2453
4695 2 2 0 100 2519 2561 1589
4696 2 2 0 100 2494 2539 2234
4697 2 2 0 100 1605 2506 1606
4698 2 2 0 100 2026 2507 2305
4699 2 2 0 100 535 2593 2450
4700 2 2 0 100 1580 2547 1933
4701 2 2 0 100 2474 2572 1639
4702 2 2 0 100 153 2508 152
4703 2 2 0 100 1607 2576 2532
4704 2 2 0 100 2447 2561 563
4705 2 2 0 100 1596 2532 2512
4706 2 2 0 100 1811 2522 2501
4707 2 2 0 100 2546 2564 576
4708 2 2 0 100 1473 2510 1475
4709 2 2 0 100 1210 2511 2301
4710 2 2 0 100 2454 2504 1613
4711 2 2 0 100 2464 2583 1618
4712 2 2 0 100 2503 2531 2439
4713 2 2 0 100 1486 2537 2498
4714 2 2 0 100 1477 2513 1963
4715 2 2 0 100 2485 2563 523
4716 2 2 0 100 198 2514 197
4717 2 2 0 100 1598 2560 2394
4718 2 2 0 100 1911 2515 1478
4719 2 2 0 100 89 2516 88
4720 2 2 0 100 2464 2570 86
4721 2 2 0 100 2478 2546 576
4722 2 2 0 100 196 2517 195
4723 2 2 0 100 553 2578 2456
4724 2 2 0 100 2345 2518 1577
4725 2 2 0 100 1451 2519 2231
4726 2 2 0 100 523 2563 2557
4727 2 2 0 100 2507 2536 2305
4728 2 2 0 100 1900 2584 534
4729 2 2 0 100 2466 2522 562
4730 2 2 0 100 537 2509 2455
4731 2 2 0 100 2518 2589 2434
4732 2 2 0 100 2443 2549 556
4733 2 2 0 100 135 2520 134
4734 2 2 0 100 2564 2573 2475
4735 2 2 0 100 166 2521 165
4736 2 2 0 100 530 2528 2462
4737 2 2 0 100 1782 2522 1811
4738 2 2 0 100 1759 2566 1760
4739 2 2 0 100 2500 2530 67
4740 2 2 0 100 97 2523 96
4741 2 2 0 100 1587 2567 1582
4742 2 2 0 100 1488 2524 1500
4743 2 2 0 100 2529 2586 2136
4744 2 2 0 100 2522 2572 562
4745 2 2 0 100 540 2536 2471
4746 2 2 0 100 195 2525 194
4747 2 2 0 100 183 2526 182
4748 2 2 0 100 57 2527 547
4749 2 2 0 100 556 2549 2463
4750 2 2 0 100 1563 2528 2286
4751 2 2 0 100 1489 2529 2136
4752 2 2 0 100 555 2562 2505
4753 2 2 0 100 2086 2567 549
4754 2 2 0 100 2504 2544 1613
4755 2 2 0 100 540 2585 2536
4756 2 2 0 100 1920 2547 1580
4757 2 2 0 100 515 2583 2464
4758 2 2 0 100 76 2544 2504
4759 2 2 0 100 67 2530 66
4760 2 2 0 100 2517 2525 195
4761 2 2 0 100 576 2564 2475
4762 2 2 0 100 2365 2533 1594
4763 2 2 0 100 1576 2534 2342
4764 2 2 0 100 84 2535 83
4765 2 2 0 100 2305 2536 1615
4766 2 2 0 100 1625 2537 1486
4767 2 2 0 100 2439 2531 1491
4768 2 2 0 100 1611 2538 1472
4769 2 2 0 100 2434 2541 2433
4770 2 2 0 100 2433 2541 522
4771 2 2 0 100 1599 2560 1598
4772 2 2 0 100 1582 2567 2086
4773 2 2 0 100 143 2580 142
4774 2 2 0 100 528 2565 2508
4775 2 2 0 100 1831 2551 2506
4776 2 2 0 100 146 2539 145
4777 2 2 0 100 1782 2572 2522
4778 2 2 0 100 2233 2540 2232
4779 2 2 0 100 522 2541 133
4780 2 2 0 100 1843 2569 2449
4781 2 2 0 100 2449 2569 108
4782 2 2 0 100 2494 2538 520
4783 2 2 0 100 148 2542 147
4784 2 2 0 100 200 2543 199
4785 2 2 0 100 77 2544 76
4786 2 2 0 100 1798 2545 2271
4787 2 2 0 100 542 2534 2461
4788 2 2 0 100 520 2580 143
4789 2 2 0 100 1610 2546 1585
4790 2 2 0 100 193 2548 192
4791 2 2 0 100 1484 2549 2443
4792 2 2 0 100 525 2550 59
4793 2 2 0 100 2481 2547 1920
4794 2 2 0 100 2546 2557 1585
4795 2 2 0 100 558 2551 114
4796 2 2 0 100 545 2532 2458
4797 2 2 0 100 1628 2552 1601
4798 2 2 0 100 2536 2585 1615
4799 2 2 0 100 141 2553 565
4800 2 2 0 100 1842 2554 2184
4801 2 2 0 100 527 2582 2544
4802 2 2 0 100 1586 2563 1652
4803 2 2 0 100 2211 2556 2070
4804 2 2 0 100 1614 2585 2477
4805 2 2 0 100 2470 2587 568
4806 2 2 0 100 1610 2564 2546
4807 2 2 0 100 1585 2557 1586
4808 2 2 0 100 1637 2561 2519
4809 2 2 0 100 2509 2566 1759
4810 2 2 0 100 1595 2558 1784
4811 2 2 0 100 2203 2559 2207
4812 2 2 0 100 2496 2567 1587
4813 2 2 0 100 529 2552 2472
4814 2 2 0 100 2512 2532 545
4815 2 2 0 100 1901 2584 1900
4816 2 2 0 100 518 2586 2467
4817 2 2 0 100 2436 2562 2243
4818 2 2 0 100 2505 2562 2436
4819 2 2 0 100 1861 2564 1610
4820 2 2 0 100 1861 2573 2564
4821 2 2 0 100 1588 2555 2442
4822 2 2 0 100 1591 2568 1593
4823 2 2 0 100 108 2569 107
4824 2 2 0 100 86 2570 85
4825 2 2 0 100 1872 2571 1871
4826 2 2 0 100 1639 2572 1782
4827 2 2 0 100 1862 2573 1861
4828 2 2 0 100 1778 2574 1597
4829 2 2 0 100 517 2547 2481
4830 2 2 0 100 56 2575 55
4831 2 2 0 100 2488 2586 518
4832 2 2 0 100 112 2577 529
4833 2 2 0 100 1609 2578 1867
4834 2 2 0 100 2490 2560 1599
4835 2 2 0 100 1796 2579 1600
4836 2 2 0 100 2441 2565 1590
4837 2 2 0 100 1786 2581 1457
4838 2 2 0 100 2136 2586 2488
4839 2 2 0 100 1613 2582 1612
4840 2 2 0 100 1618 2583 1616
4841 2 2 0 100 1615 2585 1614
4842 2 2 0 100 2508 2565 2441
4843 2 2 0 100 550 2588 100
4844 2 2 0 100 131 2589 551
4845 2 2 0 100 162 2590 161
4846 2 2 0 100 1231 2591 1898
4847 2 2 0 100 63 2592 62
4848 2 2 0 100 150 2593 149
4849 2 2 0 100 2489 2558 525
4850 2 2 0 100 562 2572 2474
4851 2 2 0 100 560 2560 2490
4852 2 2 0 100 537 2566 2509
4853 2 2 0 100 551 2589 2518
4854 2 2 0 100 2475 2573 544
4855 2 2 0 100 2477 2585 540
4856 2 2 0 100 2460 2566 537
4857 2 2 0 100 568 2587 2513
4858 2 2 0 100 1784 2558 2489
4859 2 2 0 100 2458 2576 521
4860 2 2 0 100 2506 2551 558
4861 2 2 0 100 2557 2563 1586
4862 2 2 0 100 1963 2587 2492
4863 2 2 0 100 2532 2576 2458
4864 2 2 0 100 549 2567 2496
4865 2 2 0 100 534 2584 2492
4866 2 2 0 100 2492 2587 2470
4867 2 2 0 100 2513 2587 1963
4868 2 2 0 100 2544 2582 1613
4869 2 2 0 100 2556 2580 520
4870 2 2 0 100 2211 2580 2556
4871 2 2 0 110 2635 3701 3700
4872 2 2 0 110 3943 3946 2625
4873 2 2 0 110 3706 4440 2617
4874 2 2 0 110 3946 4563 2625
4875 2 2 0 110 324 3702 323
4876 2 2 0 110 249 4636 248
4877 2 2 0 110 3980 3981 2628
4878 2 2 0 110 3983 4093 3982
4879 2 2 0 110 277 3846 276
4880 2 2 0 110 4093 4573 3982
4881 2 2 0 110 3690 4596 4537
4882 2 2 0 110 3724 3980 2628
4883 2 2 0 110 3866 4567 3543
4884 2 2 0 110 2640 3730 3728
4885 2 2 0 110 3700 3702 2635
4886 2 2 0 110 2640 3728 3727
4887 2 2 0 110 3719 4555 3720
4888 2 2 0 110 3983 4592 4093
4889 2 2 0 110 3716 3717 2607
4890 2 2 0 110 352 3710 351
4891 2 2 0 110 2636 4561 4002
4892 2 2 0 110 4523 4636 249
4893 2 2 0 110 4537 4596 2597
4894 2 2 0 110 3719 4597 4555
4895 2 2 0 110 351 3710 2594
4896 2 2 0 110 2603 4283 4282
4897 2 2 0 110 2598 4607 4014
4898 2 2 0 110 3703 4578 2650
4899 2 2 0 110 339 3880 338
4900 2 2 0 110 3675 4549 2613
4901 2 2 0 110 3717 4572 2607
4902 2 2 0 110 2635 3702 324
4903 2 2 0 110 2605 4332 3731
4904 2 2 0 110 4440 4565 2617
4905 2 2 0 110 3391 3847 3390
4906 2 2 0 110 4014 4607 3704
4907 2 2 0 110 2648 3880 339
4908 2 2 0 110 3947 4563 3946
4909 2 2 0 110 4274 4550 2602
4910 2 2 0 110 3947 4602 4563
4911 2 2 0 110 4583 4594 3662
4912 2 2 0 110 2656 3845 3844
4913 2 2 0 110 2609 4564 3907
4914 2 2 0 110 2613 4649 3675
4915 2 2 0 110 3689 4598 4591
4916 2 2 0 110 4591 4598 2624
4917 2 2 0 110 3725 4367 2611
4918 2 2 0 110 3727 4557 2640
4919 2 2 0 110 3729 4557 3727
4920 2 2 0 110 4532 4546 3964
4921 2 2 0 110 3877 4567 4538
4922 2 2 0 110 4044 4573 4093
4923 2 2 0 110 2646 4634 4291
4924 2 2 0 110 2620 4567 3866
4925 2 2 0 110 3844 3846 2656
4926 2 2 0 110 2650 4614 3703
4927 2 2 0 110 4291 4579 2646
4928 2 2 0 110 276 3846 2595
4929 2 2 0 110 2656 3846 277
4930 2 2 0 110 2623 4544 4423
4931 2 2 0 110 3715 3964 2638
4932 2 2 0 110 4002 4561 4001
4933 2 2 0 110 326 4527 325
4934 2 2 0 110 301 4519 300
4935 2 2 0 110 2649 4594 4583
4936 2 2 0 110 2600 4546 4532
4937 2 2 0 110 2633 3866 3707
4938 2 2 0 110 3695 4558 2655
4939 2 2 0 110 208 4631 4608
4940 2 2 0 110 3572 3847 3391
4941 2 2 0 110 4608 4631 3723
4942 2 2 0 110 3964 4546 2638
4943 2 2 0 110 4526 4550 4274
4944 2 2 0 110 2653 4565 4440
4945 2 2 0 110 2635 4527 3701
4946 2 2 0 110 3707 3866 3543
4947 2 2 0 110 3707 3865 2633
4948 2 2 0 110 4440 4640 2653
4949 2 2 0 110 2655 4610 3695
4950 2 2 0 110 4282 4514 2603
4951 2 2 0 110 4544 4630 4423
4952 2 2 0 110 2652 4553 3709
4953 2 2 0 110 2603 4601 4283
4954 2 2 0 110 3702 4566 323
4955 2 2 0 110 4538 4660 3877
4956 2 2 0 110 4534 4623 2616
4957 2 2 0 110 2616 4652 4534
4958 2 2 0 110 2611 4616 3725
4959 2 2 0 110 3846 3847 2595
4960 2 2 0 110 3907 4564 3680
4961 2 2 0 110 286 4521 285
4962 2 2 0 110 3390 3847 3844
4963 2 2 0 110 2622 3874 3712
4964 2 2 0 110 4002 4643 2636
4965 2 2 0 110 3731 4604 2605
4966 2 2 0 110 222 4533 221
4967 2 2 0 110 3388 4334 3733
4968 2 2 0 110 2647 4605 3708
4969 2 2 0 110 2651 4519 301
4970 2 2 0 110 3708 4595 2647
4971 2 2 0 110 4620 4621 4315
4972 2 2 0 110 3841 4541 2632
4973 2 2 0 110 2630 4543 4167
4974 2 2 0 110 2617 4618 3706
4975 2 2 0 110 3726 4545 3699
4976 2 2 0 110 2645 4621 4620
4977 2 2 0 110 3704 4578 3703
4978 2 2 0 110 2608 4580 4467
4979 2 2 0 110 2600 4532 3711
4980 2 2 0 110 2602 4657 4274
4981 2 2 0 110 3692 4637 4619
4982 2 2 0 110 2652 4530 259
4983 2 2 0 110 4538 4567 2620
4984 2 2 0 110 2648 4572 3717
4985 2 2 0 110 325 4527 2635
4986 2 2 0 110 2614 4527 326
4987 2 2 0 110 3709 4635 2652
4988 2 2 0 110 2629 3726 3714
4989 2 2 0 110 3699 4344 3726
4990 2 2 0 110 3907 4646 2609
4991 2 2 0 110 2638 4533 3715
4992 2 2 0 110 2641 4542 4475
4993 2 2 0 110 2622 4554 3874
4994 2 2 0 110 3705 4581 3711
4995 2 2 0 110 3874 4554 4529
4996 2 2 0 110 279 4536 278
4997 2 2 0 110 3717 4626 2648
4998 2 2 0 110 3860 4605 2647
4999 2 2 0 110 4619 4637 2601
5000 2 2 0 110 3712 4533 2622
5001 2 2 0 110 2646 4579 4560
5002 2 2 0 110 3880 4576 338
5003 2 2 0 110 4543 4609 4167
5004 2 2 0 110 3847 4612 2595
5005 2 2 0 110 3714 3725 2629
5006 2 2 0 110 2653 4521 286
5007 2 2 0 110 2607 3718 3716
5008 2 2 0 110 3711 4581 2600
5009 2 2 0 110 352 4583 3710
5010 2 2 0 110 3388 3733 3700
5011 2 2 0 110 3733 4334 3667
5012 2 2 0 110 3708 4591 2624
5013 2 2 0 110 4579 4618 4560
5014 2 2 0 110 3726 4344 3714
5015 2 2 0 110 4467 4580 3668
5016 2 2 0 110 2647 4624 3860
5017 2 2 0 110 2612 4557 3729
5018 2 2 0 110 3689 4606 4598
5019 2 2 0 110 245 3730 2640
5020 2 2 0 110 246 3730 245
5021 2 2 0 110 3700 3733 3702
5022 2 2 0 110 4528 4606 3689
5023 2 2 0 110 3729 4582 2612
5024 2 2 0 110 3705 4611 4581
5025 2 2 0 110 2627 4611 3705
5026 2 2 0 110 2624 4595 3708
5027 2 2 0 110 248 4636 2605
5028 2 2 0 110 221 4533 2638
5029 2 2 0 110 2622 4533 222
5030 2 2 0 110 3705 4660 2627
5031 2 2 0 110 4540 4568 2660
5032 2 2 0 110 2644 4642 4629
5033 2 2 0 110 2631 4588 3713
5034 2 2 0 110 3980 3982 3981
5035 2 2 0 110 3715 4533 3712
5036 2 2 0 110 4629 4642 3718
5037 2 2 0 110 259 4530 258
5038 2 2 0 110 4542 4615 4475
5039 2 2 0 110 3710 4655 2594
5040 2 2 0 110 4332 4662 3731
5041 2 2 0 110 4519 4674 300
5042 2 2 0 110 2632 4599 3841
5043 2 2 0 110 4573 4665 3982
5044 2 2 0 110 4383 4592 3983
5045 2 2 0 110 2627 4660 4538
5046 2 2 0 110 4529 4535 3544
5047 2 2 0 110 3675 4614 4549
5048 2 2 0 110 3733 4644 3702
5049 2 2 0 110 4291 4634 4292
5050 2 2 0 110 2618 4536 279
5051 2 2 0 110 278 4536 2656
5052 2 2 0 110 2656 4536 3845
5053 2 2 0 110 3713 4669 2631
5054 2 2 0 110 3660 3735 3732
5055 2 2 0 110 3730 3731 3728
5056 2 2 0 110 4521 4601 285
5057 2 2 0 110 4548 4667 4610
5058 2 2 0 110 4548 4610 2655
5059 2 2 0 110 2648 4626 3880
5060 2 2 0 110 3702 4644 4566
5061 2 2 0 110 2654 4568 4540
5062 2 2 0 110 3980 3983 3982
5063 2 2 0 110 3710 4583 3662
5064 2 2 0 110 2659 3735 3660
5065 2 2 0 110 3983 4672 4383
5066 2 2 0 110 2637 4525 4524
5067 2 2 0 110 4518 4519 2651
5068 2 2 0 110 4292 4634 292
5069 2 2 0 110 3844 3847 3846
5070 2 2 0 110 4577 4580 229
5071 2 2 0 110 2642 4535 4529
5072 2 2 0 110 4529 4554 2642
5073 2 2 0 110 2664 3820 3735
5074 2 2 0 110 3735 3820 3732
5075 2 2 0 110 2664 3735 2661
5076 2 2 0 110 2612 4582 4547
5077 2 2 0 110 3734 3817 2662
5078 2 2 0 110 2662 3817 2663
5079 2 2 0 110 3820 4481 3413
5080 2 2 0 110 4501 4505 4136
5081 2 2 0 110 4135 4485 3796
5082 2 2 0 110 3136 4134 3825
5083 2 2 0 110 3732 3820 3413
5084 2 2 0 110 3736 4481 3820
5085 2 2 0 110 3825 4134 3824
5086 2 2 0 110 3825 4485 4135
5087 2 2 0 110 3824 4134 2710
5088 2 2 0 110 2706 4490 2707
5089 2 2 0 110 3804 3809 2702
5090 2 2 0 110 4496 4513 4056
5091 2 2 0 110 2698 3808 2699
5092 2 2 0 110 2702 3808 3804
5093 2 2 0 110 2698 4015 3808
5094 2 2 0 110 3736 3820 2664
5095 2 2 0 110 2699 3808 2702
5096 2 2 0 110 3784 3823 3810
5097 2 2 0 110 4135 4505 4501
5098 2 2 0 110 3810 3822 3784
5099 2 2 0 110 2694 3814 2695
5100 2 2 0 110 3814 4015 2698
5101 2 2 0 110 3806 3814 2694
5102 2 2 0 110 2695 3814 2698
5103 2 2 0 110 3787 4090 3822
5104 2 2 0 110 2690 3813 2691
5105 2 2 0 110 3825 4135 3136
5106 2 2 0 110 2694 3813 3806
5107 2 2 0 110 2710 4490 3824
5108 2 2 0 110 2690 4462 3813
5109 2 2 0 110 2691 3813 2694
5110 2 2 0 110 3571 4482 3817
5111 2 2 0 110 3810 4490 2706
5112 2 2 0 110 2686 3816 2687
5113 2 2 0 110 4136 4505 3282
5114 2 2 0 110 3816 4462 2690
5115 2 2 0 110 3811 3816 2686
5116 2 2 0 110 2687 3816 2690
5117 2 2 0 110 2703 3809 2706
5118 2 2 0 110 2702 3809 2703
5119 2 2 0 110 3571 3817 3734
5120 2 2 0 110 2665 3736 2664
5121 2 2 0 110 2707 4490 2710
5122 2 2 0 110 2682 3815 2683
5123 2 2 0 110 2686 3815 3811
5124 2 2 0 110 3805 4496 3282
5125 2 2 0 110 3822 4090 3784
5126 2 2 0 110 3787 3822 3804
5127 2 2 0 110 2683 3815 2686
5128 2 2 0 110 3786 3823 3778
5129 2 2 0 110 3778 3823 3784
5130 2 2 0 110 2682 4479 3815
5131 2 2 0 110 3882 3883 3800
5132 2 2 0 110 3809 3810 2706
5133 2 2 0 110 3799 4479 4477
5134 2 2 0 110 3800 3883 3745
5135 2 2 0 110 3809 3822 3810
5136 2 2 0 110 3745 3883 3743
5137 2 2 0 110 3796 4505 4135
5138 2 2 0 110 3741 3742 3740
5139 2 2 0 110 3800 4479 3882
5140 2 2 0 110 3817 4482 2666
5141 2 2 0 110 3804 3822 3809
5142 2 2 0 110 3414 4483 4482
5143 2 2 0 110 3805 4513 4496
5144 2 2 0 110 3883 4480 3743
5145 2 2 0 110 3786 3824 3823
5146 2 2 0 110 3739 3741 3740
5147 2 2 0 110 2671 3739 2674
5148 2 2 0 110 4498 4499 2877
5149 2 2 0 110 4477 4479 3800
5150 2 2 0 110 3815 4479 3799
5151 2 2 0 110 4484 4487 3247
5152 2 2 0 110 3823 4490 3810
5153 2 2 0 110 3882 4479 2682
5154 2 2 0 110 3739 3740 2674
5155 2 2 0 110 3743 4480 3740
5156 2 2 0 110 3414 4482 3571
5157 2 2 0 110 3737 3738 2670
5158 2 2 0 110 3336 4481 3415
5159 2 2 0 110 2670 3739 2671
5160 2 2 0 110 3282 4505 3805
5161 2 2 0 110 2667 3737 2670
5162 2 2 0 110 3742 3743 3740
5163 2 2 0 110 3824 4490 3823
5164 2 2 0 110 3415 4481 3819
5165 2 2 0 110 3818 4478 3819
5166 2 2 0 110 4498 4500 4065
5167 2 2 0 110 3786 3825 3824
5168 2 2 0 110 3819 4478 3415
5169 2 2 0 110 3413 4481 3336
5170 2 2 0 110 2885 4509 4508
5171 2 2 0 110 4259 4507 4506
5172 2 2 0 110 3738 3739 2670
5173 2 2 0 110 3818 3819 2668
5174 2 2 0 110 4065 4500 4066
5175 2 2 0 110 3740 4480 2674
5176 2 2 0 110 3741 4487 4484
5177 2 2 0 110 3742 3744 3743
5178 2 2 0 110 4482 4483 3737
5179 2 2 0 110 4311 4483 3414
5180 2 2 0 110 3738 3741 3739
5181 2 2 0 110 3744 3745 3743
5182 2 2 0 110 2669 3818 2668
5183 2 2 0 110 3744 3746 3745
5184 2 2 0 110 3968 4478 3477
5185 2 2 0 110 3746 3747 3745
5186 2 2 0 110 3477 4478 3821
5187 2 2 0 110 3821 3826 3573
5188 2 2 0 110 3477 3821 3573
5189 2 2 0 110 3415 4478 3968
5190 2 2 0 110 2672 3826 3821
5191 2 2 0 110 3747 3800 3745
5192 2 2 0 110 3746 3748 3747
5193 2 2 0 110 2676 3827 3826
5194 2 2 0 110 3826 3827 3573
5195 2 2 0 110 2676 3826 2673
5196 2 2 0 110 3748 3749 3747
5197 2 2 0 110 3748 3750 3749
5198 2 2 0 110 3750 3751 3749
5199 2 2 0 110 2676 3828 3827
5200 2 2 0 110 4297 4398 3828
5201 2 2 0 110 3828 4398 3827
5202 2 2 0 110 3330 3842 3839
5203 2 2 0 110 3971 4049 4048
5204 2 2 0 110 3330 3843 3842
5205 2 2 0 110 3015 4280 4225
5206 2 2 0 110 3390 3843 3316
5207 2 2 0 110 3839 4075 3330
5208 2 2 0 110 3971 4048 3972
5209 2 2 0 110 3751 3752 3749
5210 2 2 0 110 3972 4048 3416
5211 2 2 0 110 3837 4075 3839
5212 2 2 0 110 4094 4437 3416
5213 2 2 0 110 2894 4450 2888
5214 2 2 0 110 3416 4437 3972
5215 2 2 0 110 3360 4474 3510
5216 2 2 0 110 3843 3845 3842
5217 2 2 0 110 3316 3843 3330
5218 2 2 0 110 3159 4075 3837
5219 2 2 0 110 2888 3832 2874
5220 2 2 0 110 2888 4450 3832
5221 2 2 0 110 3390 3844 3843
5222 2 2 0 110 3159 3837 3836
5223 2 2 0 110 3338 4455 4381
5224 2 2 0 110 2874 3832 2873
5225 2 2 0 110 3971 4225 4049
5226 2 2 0 110 3510 4398 4297
5227 2 2 0 110 2873 3832 3829
5228 2 2 0 110 3829 3853 2873
5229 2 2 0 110 3855 4306 3249
5230 2 2 0 110 4225 4280 3475
5231 2 2 0 110 3836 3974 3159
5232 2 2 0 110 3015 4225 3971
5233 2 2 0 110 2849 3857 2850
5234 2 2 0 110 3338 3873 3833
5235 2 2 0 110 3423 4452 3422
5236 2 2 0 110 3830 3854 3853
5237 2 2 0 110 3906 4196 2870
5238 2 2 0 110 3834 3906 2870
5239 2 2 0 110 3833 3873 3577
5240 2 2 0 110 3849 3850 3193
5241 2 2 0 110 3850 4171 3193
5242 2 2 0 110 3848 3974 3836
5243 2 2 0 110 3835 4418 4400
5244 2 2 0 110 2821 4203 4191
5245 2 2 0 110 3833 4455 3338
5246 2 2 0 110 2850 3857 2870
5247 2 2 0 110 3851 4247 3576
5248 2 2 0 110 3473 4247 3851
5249 2 2 0 110 3851 4343 3473
5250 2 2 0 110 2870 3857 3834
5251 2 2 0 110 3578 4192 4122
5252 2 2 0 110 3830 4306 3855
5253 2 2 0 110 3896 4439 4328
5254 2 2 0 110 3576 4247 3852
5255 2 2 0 110 3582 4175 4101
5256 2 2 0 110 3455 4404 4122
5257 2 2 0 110 3856 4299 3587
5258 2 2 0 110 2922 4437 3831
5259 2 2 0 110 3051 3893 3048
5260 2 2 0 110 3831 4437 4094
5261 2 2 0 110 4381 4455 3855
5262 2 2 0 110 3830 3853 3829
5263 2 2 0 110 2922 4450 2894
5264 2 2 0 110 3577 3873 3578
5265 2 2 0 110 2973 3974 3848
5266 2 2 0 110 2914 3989 2928
5267 2 2 0 110 3043 4299 3856
5268 2 2 0 110 3830 3855 3854
5269 2 2 0 110 4349 4431 3292
5270 2 2 0 110 3891 3892 3443
5271 2 2 0 110 3873 4192 3578
5272 2 2 0 110 3891 3908 3598
5273 2 2 0 110 4122 4404 3578
5274 2 2 0 110 3579 4234 3993
5275 2 2 0 110 3623 4196 3906
5276 2 2 0 110 3751 3753 3752
5277 2 2 0 110 2928 3989 3895
5278 2 2 0 110 3870 4007 3447
5279 2 2 0 110 3831 4450 2922
5280 2 2 0 110 3547 4471 4465
5281 2 2 0 110 3249 4381 3855
5282 2 2 0 110 3862 3891 3598
5283 2 2 0 110 3906 4100 3623
5284 2 2 0 110 3553 4314 3461
5285 2 2 0 110 2821 4191 3193
5286 2 2 0 110 2873 3853 2866
5287 2 2 0 110 3137 4163 4128
5288 2 2 0 110 3892 4170 3443
5289 2 2 0 110 3580 4113 3603
5290 2 2 0 110 2866 3853 2875
5291 2 2 0 110 4335 4377 3603
5292 2 2 0 110 3848 4328 2973
5293 2 2 0 110 3623 4100 3423
5294 2 2 0 110 3857 4418 3835
5295 2 2 0 110 3678 3944 3859
5296 2 2 0 110 3861 4211 2789
5297 2 2 0 110 2949 4095 3920
5298 2 2 0 110 3193 4191 3849
5299 2 2 0 110 3920 4095 3919
5300 2 2 0 110 3878 4357 3884
5301 2 2 0 110 4113 4335 3603
5302 2 2 0 110 3895 3925 2928
5303 2 2 0 110 3871 4007 3870
5304 2 2 0 110 3510 4474 4398
5305 2 2 0 110 3401 3947 3946
5306 2 2 0 110 3889 4163 3137
5307 2 2 0 110 3852 3893 3576
5308 2 2 0 110 3579 3993 3918
5309 2 2 0 110 3585 4211 3861
5310 2 2 0 110 3576 3893 3051
5311 2 2 0 110 4101 4175 3259
5312 2 2 0 110 4442 4454 3962
5313 2 2 0 110 3918 3919 3424
5314 2 2 0 110 3473 4285 3472
5315 2 2 0 110 3589 3868 3343
5316 2 2 0 110 3598 4257 3862
5317 2 2 0 110 3101 4007 3871
5318 2 2 0 110 3538 3927 3867
5319 2 2 0 110 3986 4441 3129
5320 2 2 0 110 3534 3943 3942
5321 2 2 0 110 2677 3828 2676
5322 2 2 0 110 3954 4318 3462
5323 2 2 0 110 3582 4101 4100
5324 2 2 0 110 4191 4203 3472
5325 2 2 0 110 3472 4285 4191
5326 2 2 0 110 2849 4418 3857
5327 2 2 0 110 3919 4095 4055
5328 2 2 0 110 3553 4315 4314
5329 2 2 0 110 2780 3996 2778
5330 2 2 0 110 4101 4452 3423
5331 2 2 0 110 3871 4168 3101
5332 2 2 0 110 3579 3918 3424
5333 2 2 0 110 3426 3987 3232
5334 2 2 0 110 3048 3893 3047
5335 2 2 0 110 2927 3989 2914
5336 2 2 0 110 3896 4328 4060
5337 2 2 0 110 3401 3946 3945
5338 2 2 0 110 3593 3872 3659
5339 2 2 0 110 3587 4299 3885
5340 2 2 0 110 3473 4343 4285
5341 2 2 0 110 3856 3986 3043
5342 2 2 0 110 3676 3864 3345
5343 2 2 0 110 3527 3869 3868
5344 2 2 0 110 3047 3893 3885
5345 2 2 0 110 3858 3944 3358
5346 2 2 0 110 4221 4366 3905
5347 2 2 0 110 3844 3845 3843
5348 2 2 0 110 3885 4299 3047
5349 2 2 0 110 3868 3869 3343
5350 2 2 0 110 2789 4169 3861
5351 2 2 0 110 3443 3908 3891
5352 2 2 0 110 3534 3942 3941
5353 2 2 0 110 4168 4169 3101
5354 2 2 0 110 3994 4355 4329
5355 2 2 0 110 3861 4169 4168
5356 2 2 0 110 3919 4055 3424
5357 2 2 0 110 3651 4411 3444
5358 2 2 0 110 3173 4383 3312
5359 2 2 0 110 3183 4347 3999
5360 2 2 0 110 3482 4179 3431
5361 2 2 0 110 3928 4278 3466
5362 2 2 0 110 4128 4163 3478
5363 2 2 0 110 3903 3904 3899
5364 2 2 0 110 3853 3854 2875
5365 2 2 0 110 3850 4418 4171
5366 2 2 0 110 3859 3944 3858
5367 2 2 0 110 3319 3875 3396
5368 2 2 0 110 4388 4411 3651
5369 2 2 0 110 3676 3865 3864
5370 2 2 0 110 3858 4113 3580
5371 2 2 0 110 3534 3945 3943
5372 2 2 0 110 3442 4170 3540
5373 2 2 0 110 4463 4468 3562
5374 2 2 0 110 3427 3876 3681
5375 2 2 0 110 3461 4314 3462
5376 2 2 0 110 3231 4412 4105
5377 2 2 0 110 3137 4123 3889
5378 2 2 0 110 3905 4366 3904
5379 2 2 0 110 3927 3928 3867
5380 2 2 0 110 3527 4111 3869
5381 2 2 0 110 3881 4300 4238
5382 2 2 0 110 4011 4041 3439
5383 2 2 0 110 3589 3987 3868
5384 2 2 0 110 3881 4037 3206
5385 2 2 0 110 3870 4404 3455
5386 2 2 0 110 3568 4290 4267
5387 2 2 0 110 3864 3878 3345
5388 2 2 0 110 3549 3964 3963
5389 2 2 0 110 3471 4352 4346
5390 2 2 0 110 3079 4004 3219
5391 2 2 0 110 4037 4086 3206
5392 2 2 0 110 4165 4341 3167
5393 2 2 0 110 4267 4290 3302
5394 2 2 0 110 3439 4321 3435
5395 2 2 0 110 3868 3987 3426
5396 2 2 0 110 2794 4123 2792
5397 2 2 0 110 3500 4360 3139
5398 2 2 0 110 3593 3929 3872
5399 2 2 0 110 3884 4357 3435
5400 2 2 0 110 3480 3932 3218
5401 2 2 0 110 3590 4079 4078
5402 2 2 0 110 4243 4408 3640
5403 2 2 0 110 3180 4453 3897
5404 2 2 0 110 3661 4014 3398
5405 2 2 0 110 3886 3887 3130
5406 2 2 0 110 3334 3897 3673
5407 2 2 0 110 3862 4257 3698
5408 2 2 0 110 3435 4321 3884
5409 2 2 0 110 3894 3925 3895
5410 2 2 0 110 3303 4240 3166
5411 2 2 0 110 3297 3941 3295
5412 2 2 0 110 3358 4113 3858
5413 2 2 0 110 3876 3877 3681
5414 2 2 0 110 3205 4004 3079
5415 2 2 0 110 3945 3946 3943
5416 2 2 0 110 3345 3878 3344
5417 2 2 0 110 2778 3996 2865
5418 2 2 0 110 3398 4014 3530
5419 2 2 0 110 3592 4241 3951
5420 2 2 0 110 3951 4236 3591
5421 2 2 0 110 3215 3898 2996
5422 2 2 0 110 3625 4176 4006
5423 2 2 0 110 3109 3975 3604
5424 2 2 0 110 3988 4389 4188
5425 2 2 0 110 3711 4293 3428
5426 2 2 0 110 3534 3941 3297
5427 2 2 0 110 2939 4393 4379
5428 2 2 0 110 4238 4300 3071
5429 2 2 0 110 4079 4108 2897
5430 2 2 0 110 4236 4302 3591
5431 2 2 0 110 2838 4111 3969
5432 2 2 0 110 3878 3884 3344
5433 2 2 0 110 3595 4086 4037
5434 2 2 0 110 3899 3904 3898
5435 2 2 0 110 2865 3996 3995
5436 2 2 0 110 2892 3926 2882
5437 2 2 0 110 3206 4300 3881
5438 2 2 0 110 3975 4127 3604
5439 2 2 0 110 3232 3987 3231
5440 2 2 0 110 4329 4355 3920
5441 2 2 0 110 4389 4394 4188
5442 2 2 0 110 4338 4377 3143
5443 2 2 0 110 3996 4211 3585
5444 2 2 0 110 3590 4108 4079
5445 2 2 0 110 3352 4187 3988
5446 2 2 0 110 4400 4418 3850
5447 2 2 0 110 3542 3877 3876
5448 2 2 0 110 3916 4114 4038
5449 2 2 0 110 4414 4428 3973
5450 2 2 0 110 3950 4023 3133
5451 2 2 0 110 2897 4108 3934
5452 2 2 0 110 2968 3955 3041
5453 2 2 0 110 4018 4438 4425
5454 2 2 0 110 3041 3955 3909
5455 2 2 0 110 3909 3984 3041
5456 2 2 0 110 3504 4240 3303
5457 2 2 0 110 3641 4420 4353
5458 2 2 0 110 3625 4351 3429
5459 2 2 0 110 3524 3874 3535
5460 2 2 0 110 2780 4211 3996
5461 2 2 0 110 3383 3944 3678
5462 2 2 0 110 3422 4452 3579
5463 2 2 0 110 3714 4344 3508
5464 2 2 0 110 3632 4392 3634
5465 2 2 0 110 4328 4439 2973
5466 2 2 0 110 3445 3894 3269
5467 2 2 0 110 3401 3948 3947
5468 2 2 0 110 4060 4328 3875
5469 2 2 0 110 4008 4333 4111
5470 2 2 0 110 3218 3932 3110
5471 2 2 0 110 3266 4114 3915
5472 2 2 0 110 3549 3963 3370
5473 2 2 0 110 3939 4434 4433
5474 2 2 0 110 3959 4195 2859
5475 2 2 0 110 3540 4170 3729
5476 2 2 0 110 3592 3951 3591
5477 2 2 0 110 3995 4179 2865
5478 2 2 0 110 3915 3917 3266
5479 2 2 0 110 3532 4312 3281
5480 2 2 0 110 3396 3875 3419
5481 2 2 0 110 3458 4173 3960
5482 2 2 0 110 3603 4377 4338
5483 2 2 0 110 3030 4226 2734
5484 2 2 0 110 2928 3926 2892
5485 2 2 0 110 3915 4114 3916
5486 2 2 0 110 4384 4400 4087
5487 2 2 0 110 4364 4396 3448
5488 2 2 0 110 3586 4357 3878
5489 2 2 0 110 3627 4348 4266
5490 2 2 0 110 3988 4187 3965
5491 2 2 0 110 3887 4123 3130
5492 2 2 0 110 2951 3955 2968
5493 2 2 0 110 3215 3899 3898
5494 2 2 0 110 3466 4278 3189
5495 2 2 0 110 3903 3905 3904
5496 2 2 0 110 3927 4042 3175
5497 2 2 0 110 3262 4138 3439
5498 2 2 0 110 3299 3945 3534
5499 2 2 0 110 3441 4198 3908
5500 2 2 0 110 4006 4351 3625
5501 2 2 0 110 4323 4343 3851
5502 2 2 0 110 4395 4427 4091
5503 2 2 0 110 4148 4337 4159
5504 2 2 0 110 3443 4170 3442
5505 2 2 0 110 4390 4402 3901
5506 2 2 0 110 3159 3974 3036
5507 2 2 0 110 3604 4383 3173
5508 2 2 0 110 3175 3928 3927
5509 2 2 0 110 3917 4077 3266
5510 2 2 0 110 3568 4291 4290
5511 2 2 0 110 3989 4439 3896
5512 2 2 0 110 269 2626 268
5513 2 2 0 110 3911 3912 3686
5514 2 2 0 110 4005 4402 4390
5515 2 2 0 110 3908 4198 3177
5516 2 2 0 110 3913 4226 3030
5517 2 2 0 110 3102 4371 4354
5518 2 2 0 110 3290 4051 3357
5519 2 2 0 110 3293 4193 3296
5520 2 2 0 110 3555 4013 3387
5521 2 2 0 110 3683 3911 3686
5522 2 2 0 110 3751 3754 3753
5523 2 2 0 110 2923 4213 4133
5524 2 2 0 110 3590 4179 3482
5525 2 2 0 110 3095 4209 3169
5526 2 2 0 110 2860 3965 2883
5527 2 2 0 110 2996 3898 2994
5528 2 2 0 110 3130 4102 3886
5529 2 2 0 110 3593 3930 3929
5530 2 2 0 110 3684 4059 4028
5531 2 2 0 110 278 2656 277
5532 2 2 0 110 4006 4176 3161
5533 2 2 0 110 3287 4051 3290
5534 2 2 0 110 3960 4195 3959
5535 2 2 0 110 3033 4127 2963
5536 2 2 0 110 3504 4002 4000
5537 2 2 0 110 3261 4302 4236
5538 2 2 0 110 3130 4123 2794
5539 2 2 0 110 4041 4321 3439
5540 2 2 0 110 4038 4245 3916
5541 2 2 0 110 4188 4431 4349
5542 2 2 0 110 3217 4362 3311
5543 2 2 0 110 3292 4193 3293
5544 2 2 0 110 3431 4179 3995
5545 2 2 0 110 3753 3785 3752
5546 2 2 0 110 3920 4355 2949
5547 2 2 0 110 3445 3925 3894
5548 2 2 0 110 3969 4111 3527
5549 2 2 0 110 3937 4275 3961
5550 2 2 0 110 241 2643 240
5551 2 2 0 110 3313 3945 3299
5552 2 2 0 110 3321 3944 3383
5553 2 2 0 110 3370 3963 3520
5554 2 2 0 110 3999 4347 3998
5555 2 2 0 110 3475 4280 3164
5556 2 2 0 110 3175 4278 3928
5557 2 2 0 110 4433 4434 4319
5558 2 2 0 110 2899 4040 2890
5559 2 2 0 110 3172 4252 3034
5560 2 2 0 110 3389 3929 3230
5561 2 2 0 110 3230 3929 3470
5562 2 2 0 110 3987 4412 3231
5563 2 2 0 110 4346 4347 3471
5564 2 2 0 110 4078 4179 3590
5565 2 2 0 110 3856 4441 3986
5566 2 2 0 110 3074 4144 3176
5567 2 2 0 110 4124 4150 3463
5568 2 2 0 110 3889 4123 3887
5569 2 2 0 110 3934 4092 2897
5570 2 2 0 110 4258 4325 3174
5571 2 2 0 110 4181 4279 4036
5572 2 2 0 110 2798 4102 2796
5573 2 2 0 110 3958 4054 2802
5574 2 2 0 110 3219 4004 3427
5575 2 2 0 110 4158 4334 3229
5576 2 2 0 110 3269 3894 3271
5577 2 2 0 110 3471 4347 3301
5578 2 2 0 110 4040 4041 4011
5579 2 2 0 110 267 2602 266
5580 2 2 0 110 3254 4094 3256
5581 2 2 0 110 3713 4107 3539
5582 2 2 0 110 210 2606 209
5583 2 2 0 110 2792 4123 3137
5584 2 2 0 110 3598 3908 3177
5585 2 2 0 110 3302 4290 4150
5586 2 2 0 110 3597 4257 3598
5587 2 2 0 110 3685 4059 3684
5588 2 2 0 110 231 2630 230
5589 2 2 0 110 248 2605 247
5590 2 2 0 110 327 2614 326
5591 2 2 0 110 2931 3997 2912
5592 2 2 0 110 3142 4390 4375
5593 2 2 0 110 309 2623 308
5594 2 2 0 110 3036 3974 2970
5595 2 2 0 110 3999 4281 3183
5596 2 2 0 110 3513 4359 4050
5597 2 2 0 110 3570 4217 4216
5598 2 2 0 110 4172 4399 4397
5599 2 2 0 110 245 2640 244
5600 2 2 0 110 4244 4269 2787
5601 2 2 0 110 3245 3993 3224
5602 2 2 0 110 3392 3948 3379
5603 2 2 0 110 3536 4061 3525
5604 2 2 0 110 4173 4195 3960
5605 2 2 0 110 2872 4142 2904
5606 2 2 0 110 2912 3997 2922
5607 2 2 0 110 3065 4214 3066
5608 2 2 0 110 3961 4275 3129
5609 2 2 0 110 3302 4150 4124
5610 2 2 0 110 3406 4258 3310
5611 2 2 0 110 3959 4241 3592
5612 2 2 0 110 4414 4430 3890
5613 2 2 0 110 344 2644 343
5614 2 2 0 110 4008 4111 2838
5615 2 2 0 110 3936 4264 3216
5616 2 2 0 110 3454 3984 3452
5617 2 2 0 110 274 2654 273
5618 2 2 0 110 3175 4042 3088
5619 2 2 0 110 3387 4013 3227
5620 2 2 0 110 3434 3919 3918
5621 2 2 0 110 3439 4138 4011
5622 2 2 0 110 3539 4107 4076
5623 2 2 0 110 3379 3948 3401
5624 2 2 0 110 3960 4037 3458
5625 2 2 0 110 3541 3928 3466
5626 2 2 0 110 3956 4057 3957
5627 2 2 0 110 2861 3965 2860
5628 2 2 0 110 3970 3997 2931
5629 2 2 0 110 3288 4127 3033
5630 2 2 0 110 3350 3930 3593
5631 2 2 0 110 3350 4099 3930
5632 2 2 0 110 3602 4376 4248
5633 2 2 0 110 3633 3952 3636
5634 2 2 0 110 3885 3893 3852
5635 2 2 0 110 315 2634 314
5636 2 2 0 110 340 2648 339
5637 2 2 0 110 3295 3941 3394
5638 2 2 0 110 3872 3929 3389
5639 2 2 0 110 3910 4355 3994
5640 2 2 0 110 4202 4361 2809
5641 2 2 0 110 3030 4208 3913
5642 2 2 0 110 3102 3977 3976
5643 2 2 0 110 235 2629 234
5644 2 2 0 110 2787 4269 2788
5645 2 2 0 110 2890 4040 4010
5646 2 2 0 110 3102 4354 3977
5647 2 2 0 110 3452 3984 3909
5648 2 2 0 110 3929 3930 3470
5649 2 2 0 110 4024 4132 3497
5650 2 2 0 110 4144 4392 3632
5651 2 2 0 110 307 2641 306
5652 2 2 0 110 2811 4203 2813
5653 2 2 0 110 2842 4254 2864
5654 2 2 0 110 3925 3926 2928
5655 2 2 0 110 3319 4060 3875
5656 2 2 0 110 3447 4404 3870
5657 2 2 0 110 4295 4416 3516
5658 2 2 0 110 3954 4392 4318
5659 2 2 0 110 3854 4342 2875
5660 2 2 0 110 3007 4026 3131
5661 2 2 0 110 3470 4252 3172
5662 2 2 0 110 4176 4301 3268
5663 2 2 0 110 3381 3879 3471
5664 2 2 0 110 3492 4132 3491
5665 2 2 0 110 233 2611 232
5666 2 2 0 110 2939 4040 2899
5667 2 2 0 110 3049 4350 3181
5668 2 2 0 110 3597 4325 4258
5669 2 2 0 110 4057 4130 3957
5670 2 2 0 110 4133 4213 4024
5671 2 2 0 110 3385 4286 3223
5672 2 2 0 110 3243 4124 3463
5673 2 2 0 110 3292 4431 4193
5674 2 2 0 110 3497 4133 4024
5675 2 2 0 110 260 2652 259
5676 2 2 0 110 3002 3935 3216
5677 2 2 0 110 3935 3936 3216
5678 2 2 0 110 3346 4086 3595
5679 2 2 0 110 3613 4336 4331
5680 2 2 0 110 2803 4227 2800
5681 2 2 0 110 3922 3923 3399
5682 2 2 0 110 3483 4334 4158
5683 2 2 0 110 3922 3924 3923
5684 2 2 0 110 2770 4092 2768
5685 2 2 0 110 3133 4092 3950
5686 2 2 0 110 3417 4094 3254
5687 2 2 0 110 3499 4270 3921
5688 2 2 0 110 3758 4449 4422
5689 2 2 0 110 2734 4226 2738
5690 2 2 0 110 2955 4046 3140
5691 2 2 0 110 3984 4028 3041
5692 2 2 0 110 3180 3897 3152
5693 2 2 0 110 4021 4177 3502
5694 2 2 0 110 2858 4142 2872
5695 2 2 0 110 2977 3976 2980
5696 2 2 0 110 3993 4234 3224
5697 2 2 0 110 3432 3994 3329
5698 2 2 0 110 3485 3885 3852
5699 2 2 0 110 3525 4330 3522
5700 2 2 0 110 4050 4359 4051
5701 2 2 0 110 2760 4019 2764
5702 2 2 0 110 3168 4408 4243
5703 2 2 0 110 3513 4417 3342
5704 2 2 0 110 3530 3704 3703
5705 2 2 0 110 3781 4139 4066
5706 2 2 0 110 4099 4154 3931
5707 2 2 0 110 3499 4238 3071
5708 2 2 0 110 3896 4060 3425
5709 2 2 0 110 3427 4004 3876
5710 2 2 0 110 3867 3928 3541
5711 2 2 0 110 3560 3992 3559
5712 2 2 0 110 2845 4224 2855
5713 2 2 0 110 3571 3572 3391
5714 2 2 0 110 3419 3848 3836
5715 2 2 0 110 4184 4277 4185
5716 2 2 0 110 2764 4019 2840
5717 2 2 0 110 2836 4008 2838
5718 2 2 0 110 2959 3966 3032
5719 2 2 0 110 3185 4076 3187
5720 2 2 0 110 3204 4138 3262
5721 2 2 0 110 3415 3968 3246
5722 2 2 0 110 3436 4087 3438
5723 2 2 0 110 4397 4399 3515
5724 2 2 0 110 3595 4037 3960
5725 2 2 0 110 4111 4333 3869
5726 2 2 0 110 3930 4099 3931
5727 2 2 0 110 311 2637 310
5728 2 2 0 110 2760 4250 4019
5729 2 2 0 110 2802 4102 2798
5730 2 2 0 110 3348 3998 3349
5731 2 2 0 110 3581 3859 3858
5732 2 2 0 110 228 2608 227
5733 2 2 0 110 313 2597 312
5734 2 2 0 110 2825 4261 3264
5735 2 2 0 110 2980 3976 3446
5736 2 2 0 110 3005 4026 3007
5737 2 2 0 110 3988 4188 3352
5738 2 2 0 110 3375 3962 3654
5739 2 2 0 110 3530 4014 3704
5740 2 2 0 110 3586 3864 3707
5741 2 2 0 110 4296 4358 3639
5742 2 2 0 110 3950 4132 4023
5743 2 2 0 110 4066 4139 4063
5744 2 2 0 110 6 2618 279
5745 2 2 0 110 2998 4058 3215
5746 2 2 0 110 3529 3962 3376
5747 2 2 0 110 3507 4407 3509
5748 2 2 0 110 3612 3933 3610
5749 2 2 0 110 3798 4015 3814
5750 2 2 0 110 3950 4092 3934
5751 2 2 0 110 2796 4102 3130
5752 2 2 0 110 3940 4363 2809
5753 2 2 0 110 2870 4196 2852
5754 2 2 0 110 3353 4214 3065
5755 2 2 0 110 3956 3957 3093
5756 2 2 0 110 3142 4375 4202
5757 2 2 0 110 3167 4341 3304
5758 2 2 0 110 4036 4279 3285
5759 2 2 0 110 3398 3529 3376
5760 2 2 0 110 4260 4271 3481
5761 2 2 0 110 4009 4153 3596
5762 2 2 0 110 3917 4140 4077
5763 2 2 0 110 281 2632 280
5764 2 2 0 110 2809 4361 3940
5765 2 2 0 110 2889 4010 2909
5766 2 2 0 110 2957 3021 3020
5767 2 2 0 110 3684 4028 3984
5768 2 2 0 110 4044 4093 4043
5769 2 2 0 110 2810 3203 3194
5770 2 2 0 110 2884 4021 3502
5771 2 2 0 110 2907 4120 2950
5772 2 2 0 110 3000 4058 2998
5773 2 2 0 110 3158 4006 3161
5774 2 2 0 110 3170 4158 3229
5775 2 2 0 110 3991 4166 4155
5776 2 2 0 110 4182 4298 4242
5777 2 2 0 110 318 2625 317
5778 2 2 0 110 4054 4102 2802
5779 2 2 0 110 3926 4320 2882
5780 2 2 0 110 3425 4060 3273
5781 2 2 0 110 3329 3994 3327
5782 2 2 0 110 3798 4073 4015
5783 2 2 0 110 4016 4034 2692
5784 2 2 0 110 3194 4203 2811
5785 2 2 0 110 2898 2899 2890
5786 2 2 0 110 2920 4120 2907
5787 2 2 0 110 2944 4047 3017
5788 2 2 0 110 3133 4023 4022
5789 2 2 0 110 3257 4343 4323
5790 2 2 0 110 3890 4430 4163
5791 2 2 0 110 4115 4224 2845
5792 2 2 0 110 2916 4021 2884
5793 2 2 0 110 2890 4010 2889
5794 2 2 0 110 3165 3350 3303
5795 2 2 0 110 3308 4076 3185
5796 2 2 0 110 3284 4048 3360
5797 2 2 0 110 3484 4269 4244
5798 2 2 0 110 4350 4407 3507
5799 2 2 0 110 3955 4322 3910
5800 2 2 0 110 3082 4198 3441
5801 2 2 0 110 3118 3967 3120
5802 2 2 0 110 3967 4189 3120
5803 2 2 0 110 3179 4176 3268
5804 2 2 0 110 3224 4234 3188
5805 2 2 0 110 3444 4204 3239
5806 2 2 0 110 3671 3907 3407
5807 2 2 0 110 3462 4313 3954
5808 2 2 0 110 4346 4352 3533
5809 2 2 0 110 3586 3707 3543
5810 2 2 0 110 3985 4180 3611
5811 2 2 0 110 3616 4054 3958
5812 2 2 0 110 3917 4208 4140
5813 2 2 0 110 3965 4187 2883
5814 2 2 0 110 3040 3043 3011
5815 2 2 0 110 3096 4370 4369
5816 2 2 0 110 3139 4360 3513
5817 2 2 0 110 3252 4233 3251
5818 2 2 0 110 3328 3922 3399
5819 2 2 0 110 3346 3595 3592
5820 2 2 0 110 4007 4071 3447
5821 2 2 0 110 3520 3963 3523
5822 2 2 0 110 4016 4089 3619
5823 2 2 0 110 3839 3842 3840
5824 2 2 0 110 4046 4337 4148
5825 2 2 0 110 3324 3993 3245
5826 2 2 0 110 3256 4094 3416
5827 2 2 0 110 3445 4378 3925
5828 2 2 0 110 3583 3906 3834
5829 2 2 0 110 3608 4303 3607
5830 2 2 0 110 3683 3686 3685
5831 2 2 0 110 3835 4400 4384
5832 2 2 0 110 3985 4279 4181
5833 2 2 0 110 2738 4365 2743
5834 2 2 0 110 2747 4249 2745
5835 2 2 0 110 2897 4092 2770
5836 2 2 0 110 2827 4115 2828
5837 2 2 0 110 3594 4012 2932
5838 2 2 0 110 3083 3084 3060
5839 2 2 0 110 3084 3990 3060
5840 2 2 0 110 4012 4138 3204
5841 2 2 0 110 3215 3900 3899
5842 2 2 0 110 3402 3721 3676
5843 2 2 0 110 3419 3836 3420
5844 2 2 0 110 3474 4372 4308
5845 2 2 0 110 3581 3860 3859
5846 2 2 0 110 320 2657 319
5847 2 2 0 110 2951 4322 3955
5848 2 2 0 110 3155 4124 3243
5849 2 2 0 110 3412 3570 3322
5850 2 2 0 110 3507 3508 3333
5851 2 2 0 110 3480 4379 3932
5852 2 2 0 110 3491 4132 3950
5853 2 2 0 110 2679 2681 2680
5854 2 2 0 110 2731 4069 3027
5855 2 2 0 110 2850 2851 2826
5856 2 2 0 110 2854 4143 2867
5857 2 2 0 110 2937 4046 2955
5858 2 2 0 110 2986 2988 2985
5859 2 2 0 110 3046 3048 3047
5860 2 2 0 110 3053 4323 3851
5861 2 2 0 110 3182 3897 3334
5862 2 2 0 110 3674 3879 3381
5863 2 2 0 110 3408 3671 3407
5864 2 2 0 110 3509 3642 3552
5865 2 2 0 110 3519 4420 3641
5866 2 2 0 110 3995 3996 3585
5867 2 2 0 110 4263 4303 3608
5868 2 2 0 110 3719 3720 3698
5869 2 2 0 110 4031 4268 4032
5870 2 2 0 110 2772 4079 2897
5871 2 2 0 110 2876 4224 4119
5872 2 2 0 110 2910 4104 3212
5873 2 2 0 110 2963 4127 3975
5874 2 2 0 110 4140 4208 3030
5875 2 2 0 110 3203 3341 3339
5876 2 2 0 110 3463 3692 3553
5877 2 2 0 110 3497 4132 3492
5878 2 2 0 110 3921 4238 3499
5879 2 2 0 110 3926 4378 4320
5880 2 2 0 110 2701 4146 2700
5881 2 2 0 110 2791 4056 3111
5882 2 2 0 110 3024 4154 4099
5883 2 2 0 110 3091 3582 3337
5884 2 2 0 110 3122 4166 3991
5885 2 2 0 110 3166 4240 3242
5886 2 2 0 110 3301 4347 3183
5887 2 2 0 110 3304 3407 3305
5888 2 2 0 110 3323 3325 3324
5889 2 2 0 110 3377 3398 3376
5890 2 2 0 110 3383 3678 3662
5891 2 2 0 110 3434 4329 3920
5892 2 2 0 110 4019 4372 3474
5893 2 2 0 110 4335 4360 3500
5894 2 2 0 110 3582 4100 3583
5895 2 2 0 110 3639 4358 4253
5896 2 2 0 110 4322 4355 3910
5897 2 2 0 110 3949 4264 3936
5898 2 2 0 110 2718 4017 3468
5899 2 2 0 110 2841 4220 3450
5900 2 2 0 110 2859 4241 3959
5901 2 2 0 110 2952 3970 2931
5902 2 2 0 110 3035 4349 3292
5903 2 2 0 110 3050 3051 3048
5904 2 2 0 110 3052 3053 3051
5905 2 2 0 110 3991 4190 3122
5906 2 2 0 110 3187 3188 3186
5907 2 2 0 110 3349 3532 3281
5908 2 2 0 110 3570 4216 3322
5909 2 2 0 110 3384 3413 3336
5910 2 2 0 110 3503 3567 3382
5911 2 2 0 110 4244 4319 3501
5912 2 2 0 110 3522 4330 3521
5913 2 2 0 110 3685 4374 4059
5914 2 2 0 110 4215 4268 4031
5915 2 2 0 110 4035 4147 4034
5916 2 2 0 110 4035 4184 4147
5917 2 2 0 110 2966 3973 3214
5918 2 2 0 110 3168 4243 3067
5919 2 2 0 110 3076 4144 3074
5920 2 2 0 110 3192 3990 3084
5921 2 2 0 110 3161 4176 3179
5922 2 2 0 110 3165 4099 3350
5923 2 2 0 110 3179 3226 3225
5924 2 2 0 110 3212 4221 4220
5925 2 2 0 110 3401 3945 3313
5926 2 2 0 110 3701 3872 3389
5927 2 2 0 110 3434 3920 3919
5928 2 2 0 110 4220 4221 3450
5929 2 2 0 110 3500 4377 4335
5930 2 2 0 110 3580 3603 3557
5931 2 2 0 110 3611 3612 3610
5932 2 2 0 110 3619 4034 4016
5933 2 2 0 110 3627 4231 4070
5934 2 2 0 110 3754 3755 3753
5935 2 2 0 110 3797 4073 3780
5936 2 2 0 110 3914 4391 4385
5937 2 2 0 110 4023 4132 4024
5938 2 2 0 110 4266 4348 4133
5939 2 2 0 110 265 2639 264
5940 2 2 0 110 2752 3978 2759
5941 2 2 0 110 2758 4022 3440
5942 2 2 0 110 2768 4092 3133
5943 2 2 0 110 2864 4254 2898
5944 2 2 0 110 3424 4055 2919
5945 2 2 0 110 4385 4391 2929
5946 2 2 0 110 2941 4251 2943
5947 2 2 0 110 2966 2967 2947
5948 2 2 0 110 3015 3970 2952
5949 2 2 0 110 3066 3068 3067
5950 2 2 0 110 3185 3186 3092
5951 2 2 0 110 4129 4229 3145
5952 2 2 0 110 3246 3968 3190
5953 2 2 0 110 4155 4166 3209
5954 2 2 0 110 3222 4311 3317
5955 2 2 0 110 3262 3435 3263
5956 2 2 0 110 3271 3425 3273
5957 2 2 0 110 3296 4193 3514
5958 2 2 0 110 3515 4088 3365
5959 2 2 0 110 3618 4054 3616
5960 2 2 0 110 4070 4348 3627
5961 2 2 0 110 4029 4031 4030
5962 2 2 0 110 4065 4066 4063
5963 2 2 0 110 2700 4146 4045
5964 2 2 0 110 2750 3478 2755
5965 2 2 0 110 2756 3956 3093
5966 2 2 0 110 2774 4079 2772
5967 2 2 0 110 2802 4227 3958
5968 2 2 0 110 3145 4227 2803
5969 2 2 0 110 2885 4074 2804
5970 2 2 0 110 2896 4220 2863
5971 2 2 0 110 3265 4153 2879
5972 2 2 0 110 4142 4200 2904
5973 2 2 0 110 3058 3059 3057
5974 2 2 0 110 3186 4175 3092
5975 2 2 0 110 3215 4058 3900
5976 2 2 0 110 3319 3396 3395
5977 2 2 0 110 3517 3998 3348
5978 2 2 0 110 3363 3506 3362
5979 2 2 0 110 3364 4052 3515
5980 2 2 0 110 3370 3520 3519
5981 2 2 0 110 3568 4267 3382
5982 2 2 0 110 3386 3670 3411
5983 2 2 0 110 3433 3538 3537
5984 2 2 0 110 3441 3908 3443
5985 2 2 0 110 3461 3462 3460
5986 2 2 0 110 3463 3553 3461
5987 2 2 0 110 3556 3708 3569
5988 2 2 0 110 3583 3834 3584
5989 2 2 0 110 3785 3811 3799
5990 2 2 0 110 4031 4032 4030
5991 2 2 0 110 272 2619 271
5992 2 2 0 110 2790 4169 2789
5993 2 2 0 110 2891 4020 2925
5994 2 2 0 110 4025 4164 2903
5995 2 2 0 110 2913 2926 2914
5996 2 2 0 110 2918 2936 2917
5997 2 2 0 110 2986 4181 2989
5998 2 2 0 110 2998 3215 2996
5999 2 2 0 110 3063 4036 3285
6000 2 2 0 110 4046 4148 3140
6001 2 2 0 110 3176 4144 3632
6002 2 2 0 110 3240 3372 3239
6003 2 2 0 110 3596 4153 3265
6004 2 2 0 110 3279 4223 4205
6005 2 2 0 110 3379 3401 3313
6006 2 2 0 110 3559 3690 3392
6007 2 2 0 110 3430 3995 3585
6008 2 2 0 110 3452 3909 3432
6009 2 2 0 110 3459 4125 4096
6010 2 2 0 110 3913 4208 3599
6011 2 2 0 110 3610 4263 3608
6012 2 2 0 110 3611 4180 3613
6013 2 2 0 110 4064 4065 4063
6014 2 2 0 110 2684 4358 4296
6015 2 2 0 110 2696 4089 4016
6016 2 2 0 110 2720 4017 2718
6017 2 2 0 110 2754 4097 4039
6018 2 2 0 110 2840 4019 3474
6019 2 2 0 110 2842 2864 2863
6020 2 2 0 110 2875 4342 4186
6021 2 2 0 110 2909 4010 3594
6022 2 2 0 110 2937 2953 2936
6023 2 2 0 110 2968 3041 3037
6024 2 2 0 110 3150 4317 3001
6025 2 2 0 110 3046 4350 3049
6026 2 2 0 110 3066 4214 3069
6027 2 2 0 110 3098 4209 3095
6028 2 2 0 110 3225 4304 3503
6029 2 2 0 110 3256 3283 3255
6030 2 2 0 110 3262 3439 3435
6031 2 2 0 110 3539 4076 3308
6032 2 2 0 110 3414 3571 3391
6033 2 2 0 110 3393 3559 3392
6034 2 2 0 110 3427 3681 3428
6035 2 2 0 110 4022 4023 3440
6036 2 2 0 110 3462 4318 3460
6037 2 2 0 110 3595 3960 3959
6038 2 2 0 110 4015 4073 3797
6039 2 2 0 110 3939 3940 3938
6040 2 2 0 110 4010 4040 4011
6041 2 2 0 110 291 2646 290
6042 2 2 0 110 2678 3883 3882
6043 2 2 0 110 2721 2722 2720
6044 2 2 0 110 2783 2785 2763
6045 2 2 0 110 2773 4005 3142
6046 2 2 0 110 2811 2812 2790
6047 2 2 0 110 2800 4227 2802
6048 2 2 0 110 2820 4071 2819
6049 2 2 0 110 2898 2900 2899
6050 2 2 0 110 2950 4025 2905
6051 2 2 0 110 2969 3015 2952
6052 2 2 0 110 2956 4105 2965
6053 2 2 0 110 3985 4181 2990
6054 2 2 0 110 2994 3898 3465
6055 2 2 0 110 3003 3004 3002
6056 2 2 0 110 3039 3040 3011
6057 2 2 0 110 3042 3077 3036
6058 2 2 0 110 3072 3075 3074
6059 2 2 0 110 3258 4121 3126
6060 2 2 0 110 3343 4309 3138
6061 2 2 0 110 3148 4130 4057
6062 2 2 0 110 3158 3161 3160
6063 2 2 0 110 3179 3268 3226
6064 2 2 0 110 3223 3224 3188
6065 2 2 0 110 3272 4287 3335
6066 2 2 0 110 4029 4030 3279
6067 2 2 0 110 3293 3295 3294
6068 2 2 0 110 3311 4362 3402
6069 2 2 0 110 3400 3432 3329
6070 2 2 0 110 3351 3620 3619
6071 2 2 0 110 3394 3691 3666
6072 2 2 0 110 3394 3941 3691
6073 2 2 0 110 3433 3927 3538
6074 2 2 0 110 3455 4122 4121
6075 2 2 0 110 4137 4173 3456
6076 2 2 0 110 3934 4108 3489
6077 2 2 0 110 3501 4319 3588
6078 2 2 0 110 3503 3706 3567
6079 2 2 0 110 3558 4044 4043
6080 2 2 0 110 3614 3617 3616
6081 2 2 0 110 4320 4378 3624
6082 2 2 0 110 3720 3863 3862
6083 2 2 0 110 3722 3723 3721
6084 2 2 0 110 4072 4073 3788
6085 2 2 0 110 4025 4396 4364
6086 2 2 0 110 2744 4039 2746
6087 2 2 0 110 2754 4039 2744
6088 2 2 0 110 2757 4250 2760
6089 2 2 0 110 2948 4057 3956
6090 2 2 0 110 2957 4012 3021
6091 2 2 0 110 2965 3033 2963
6092 2 2 0 110 2979 4018 2987
6093 2 2 0 110 3043 3986 3011
6094 2 2 0 110 3013 3063 3062
6095 2 2 0 110 3049 3181 3174
6096 2 2 0 110 3082 3083 3060
6097 2 2 0 110 3075 3076 3074
6098 2 2 0 110 3097 4086 3346
6099 2 2 0 110 3109 3604 3173
6100 2 2 0 110 3126 3127 3124
6101 2 2 0 110 3200 3201 3198
6102 2 2 0 110 3248 3476 3475
6103 2 2 0 110 3287 3289 3288
6104 2 2 0 110 3365 4088 3367
6105 2 2 0 110 3519 3641 3369
6106 2 2 0 110 3386 3411 3387
6107 2 2 0 110 3700 3701 3389
6108 2 2 0 110 3690 3948 3392
6109 2 2 0 110 3831 4094 3417
6110 2 2 0 110 3421 4126 3871
6111 2 2 0 110 3448 4396 3517
6112 2 2 0 110 3684 3984 3454
6113 2 2 0 110 3530 3531 3529
6114 2 2 0 110 3564 3565 3563
6115 2 2 0 110 3620 4035 4034
6116 2 2 0 110 3807 4201 3789
6117 2 2 0 110 284 2603 283
6118 2 2 0 110 351 2594 350
6119 2 2 0 110 4068 4069 2735
6120 2 2 0 110 2743 2829 2754
6121 2 2 0 110 2750 4128 3478
6122 2 2 0 110 2795 4080 2924
6123 2 2 0 110 2829 2831 2830
6124 2 2 0 110 2852 2854 2853
6125 2 2 0 110 2939 4041 4040
6126 2 2 0 110 2970 3974 2973
6127 2 2 0 110 2981 4083 4018
6128 2 2 0 110 3056 3057 3054
6129 2 2 0 110 3085 3175 3088
6130 2 2 0 110 3447 4071 3108
6131 2 2 0 110 4388 4443 3149
6132 2 2 0 110 3309 4004 3205
6133 2 2 0 110 3219 3427 3331
6134 2 2 0 110 3244 3412 3322
6135 2 2 0 110 3250 3252 3251
6136 2 2 0 110 3456 3457 3347
6137 2 2 0 110 3394 3666 3483
6138 2 2 0 110 3429 4351 3467
6139 2 2 0 110 3481 3486 3482
6140 2 2 0 110 3484 3501 3485
6141 2 2 0 110 3587 3885 3485
6142 2 2 0 110 3554 3556 3555
6143 2 2 0 110 4182 4231 3626
6144 2 2 0 110 3678 3710 3662
6145 2 2 0 110 3722 3724 3723
6146 2 2 0 110 3784 4090 3775
6147 2 2 0 110 3886 4102 4054
6148 2 2 0 110 3967 4271 4260
6149 2 2 0 110 4062 4064 4063
6150 2 2 0 110 4070 4231 4069
6151 2 2 0 110 253 2621 252
6152 2 2 0 110 2948 3956 2763
6153 2 2 0 110 2783 4212 2785
6154 2 2 0 110 2810 3194 2811
6155 2 2 0 110 2840 3474 2842
6156 2 2 0 110 2866 2875 2853
6157 2 2 0 110 2887 4055 2893
6158 2 2 0 110 2989 4181 4036
6159 2 2 0 110 2999 3000 2998
6160 2 2 0 110 3080 3143 3031
6161 2 2 0 110 3151 4183 3042
6162 2 2 0 110 3069 3499 3071
6163 2 2 0 110 3088 4042 3090
6164 2 2 0 110 3126 4121 3127
6165 2 2 0 110 3134 4031 4029
6166 2 2 0 110 3141 3233 3232
6167 2 2 0 110 3181 3310 3174
6168 2 2 0 110 3182 3334 3301
6169 2 2 0 110 3203 3339 3194
6170 2 2 0 110 3199 3338 3200
6171 2 2 0 110 3204 3262 3205
6172 2 2 0 110 3213 4308 4159
6173 2 2 0 110 3253 4306 3418
6174 2 2 0 110 3311 3402 3345
6175 2 2 0 110 3428 4293 3331
6176 2 2 0 110 4048 4049 3360
6177 2 2 0 110 3365 3367 3366
6178 2 2 0 110 3377 4000 3661
6179 2 2 0 110 3411 3689 3554
6180 2 2 0 110 3619 4089 3451
6181 2 2 0 110 3622 4125 3459
6182 2 2 0 110 3930 3931 3470
6183 2 2 0 110 4205 4223 3479
6184 2 2 0 110 3486 3488 3487
6185 2 2 0 110 3489 4108 3487
6186 2 2 0 110 3509 3551 3508
6187 2 2 0 110 3951 4241 3596
6188 2 2 0 110 3621 4152 4045
6189 2 2 0 110 4089 4152 3621
6190 2 2 0 110 3630 4341 4165
6191 2 2 0 110 3788 4073 3798
6192 2 2 0 110 4245 4376 3916
6193 2 2 0 110 4154 4251 3931
6194 2 2 0 110 3937 3938 3936
6195 2 2 0 110 4035 4277 4184
6196 2 2 0 110 2697 4152 2696
6197 2 2 0 110 2704 4146 2701
6198 2 2 0 110 2810 2811 2790
6199 2 2 0 110 2795 2796 2794
6200 2 2 0 110 2801 2885 2804
6201 2 2 0 110 2823 4071 2820
6202 2 2 0 110 2822 2824 2823
6203 2 2 0 110 2828 4115 2845
6204 2 2 0 110 2831 2833 2832
6205 2 2 0 110 2840 2841 2839
6206 2 2 0 110 2850 2852 2851
6207 2 2 0 110 2856 4153 4009
6208 2 2 0 110 2871 4112 2857
6209 2 2 0 110 2865 4179 4078
6210 2 2 0 110 2965 3286 3033
6211 2 2 0 110 3005 3007 3006
6212 2 2 0 110 3010 3011 3008
6213 2 2 0 110 3037 3162 3038
6214 2 2 0 110 3058 3060 3059
6215 2 2 0 110 3058 3082 3060
6216 2 2 0 110 3182 3183 3106
6217 2 2 0 110 3161 3178 3160
6218 2 2 0 110 3202 3249 3211
6219 2 2 0 110 3275 3276 3260
6220 2 2 0 110 3287 3290 3289
6221 2 2 0 110 3317 3391 3390
6222 2 2 0 110 3558 4043 3320
6223 2 2 0 110 3358 3944 3321
6224 2 2 0 110 3976 3977 3446
6225 2 2 0 110 3518 4370 4098
6226 2 2 0 110 3524 3535 3525
6227 2 2 0 110 3563 3992 3560
6228 2 2 0 110 3614 3616 3615
6229 2 2 0 110 4273 4274 3688
6230 2 2 0 110 3720 3862 3698
6231 2 2 0 110 3771 3780 3768
6232 2 2 0 110 3785 3812 3811
6233 2 2 0 110 3902 4264 3949
6234 2 2 0 110 3935 4275 3937
6235 2 2 0 110 4145 4161 4032
6236 2 2 0 110 4045 4152 2700
6237 2 2 0 110 2723 4077 2722
6238 2 2 0 110 3266 4077 2723
6239 2 2 0 110 2746 3096 2748
6240 2 2 0 110 2748 3978 2752
6241 2 2 0 110 2758 3440 2753
6242 2 2 0 110 2766 4022 2761
6243 2 2 0 110 2772 2897 2770
6244 2 2 0 110 2773 2774 2772
6245 2 2 0 110 2797 2798 2796
6246 2 2 0 110 2864 2898 2890
6247 2 2 0 110 2877 2878 2869
6248 2 2 0 110 2872 2901 2871
6249 2 2 0 110 2918 2937 2936
6250 2 2 0 110 2934 2959 2935
6251 2 2 0 110 4237 4353 2993
6252 2 2 0 110 3002 3216 3000
6253 2 2 0 110 3148 4057 3019
6254 2 2 0 110 3021 3078 3020
6255 2 2 0 110 3021 4012 3204
6256 2 2 0 110 3167 3168 3067
6257 2 2 0 110 3081 3227 3080
6258 2 2 0 110 3238 4130 3148
6259 2 2 0 110 3158 3160 3157
6260 2 2 0 110 3192 4087 3990
6261 2 2 0 110 3311 3344 3218
6262 2 2 0 110 3280 3281 3228
6263 2 2 0 110 3336 3415 3246
6264 2 2 0 110 3296 3297 3295
6265 2 2 0 110 3304 3408 3407
6266 2 2 0 110 3315 3542 3309
6267 2 2 0 110 3333 3405 3310
6268 2 2 0 110 3869 4309 3343
6269 2 2 0 110 3351 4106 3620
6270 2 2 0 110 3360 3510 3359
6271 2 2 0 110 3374 3649 3648
6272 2 2 0 110 3574 3831 3417
6273 2 2 0 110 3573 3575 3476
6274 2 2 0 110 3495 4190 3991
6275 2 2 0 110 3520 3523 3522
6276 2 2 0 110 3611 3613 3612
6277 2 2 0 110 4354 4371 3637
6278 2 2 0 110 3722 4362 3979
6279 2 2 0 110 3757 4062 3760
6280 2 2 0 110 243 2612 242
6281 2 2 0 110 354 2649 353
6282 2 2 0 110 2700 4152 2697
6283 2 2 0 110 2739 4068 2735
6284 2 2 0 110 2737 4056 2791
6285 2 2 0 110 2743 2744 2739
6286 2 2 0 110 2762 2763 2756
6287 2 2 0 110 2785 2948 2763
6288 2 2 0 110 2769 2770 2768
6289 2 2 0 110 2769 2771 2770
6290 2 2 0 110 2793 4080 2795
6291 2 2 0 110 2805 4129 3145
6292 2 2 0 110 2864 2889 2863
6293 2 2 0 110 2880 2895 2879
6294 2 2 0 110 2911 2912 2894
6295 2 2 0 110 2915 4187 2942
6296 2 2 0 110 2970 2973 2945
6297 2 2 0 110 2956 2965 2963
6298 2 2 0 110 3037 3038 2969
6299 2 2 0 110 2980 2981 2979
6300 2 2 0 110 2984 4003 2990
6301 2 2 0 110 2986 2989 2988
6302 2 2 0 110 2989 3013 3012
6303 2 2 0 110 2990 4180 3985
6304 2 2 0 110 3146 3147 3019
6305 2 2 0 110 3029 3138 3028
6306 2 2 0 110 3164 4280 3038
6307 2 2 0 110 3040 3045 3044
6308 2 2 0 110 3046 3047 3044
6309 2 2 0 110 3049 3174 3050
6310 2 2 0 110 3053 3576 3051
6311 2 2 0 110 3169 4144 3076
6312 2 2 0 110 3127 4121 3195
6313 2 2 0 110 3132 4098 4097
6314 2 2 0 110 3147 3237 3148
6315 2 2 0 110 3373 4232 3147
6316 2 2 0 110 3184 3308 3185
6317 2 2 0 110 3207 4137 3456
6318 2 2 0 110 3210 4106 3351
6319 2 2 0 110 3222 3316 3221
6320 2 2 0 110 3237 3364 3238
6321 2 2 0 110 3366 4130 3238
6322 2 2 0 110 3298 3299 3297
6323 2 2 0 110 3306 3384 3336
6324 2 2 0 110 3319 3395 3318
6325 2 2 0 110 3419 3875 3848
6326 2 2 0 110 4100 4101 3423
6327 2 2 0 110 3438 3850 3849
6328 2 2 0 110 3516 3969 3527
6329 2 2 0 110 3728 3867 3541
6330 2 2 0 110 3586 3878 3864
6331 2 2 0 110 3588 3856 3587
6332 2 2 0 110 3633 3635 3631
6333 2 2 0 110 3864 3865 3707
6334 2 2 0 110 3756 4062 3757
6335 2 2 0 110 3937 3939 3938
6336 2 2 0 110 4130 4248 3957
6337 2 2 0 110 212 2633 211
6338 2 2 0 110 251 2631 250
6339 2 2 0 110 332 2598 331
6340 2 2 0 110 2724 3282 2729
6341 2 2 0 110 2728 4114 3266
6342 2 2 0 110 2736 4038 2732
6343 2 2 0 110 2740 4128 2750
6344 2 2 0 110 2830 4097 2754
6345 2 2 0 110 2764 2840 2839
6346 2 2 0 110 2769 4091 2786
6347 2 2 0 110 3142 4202 2775
6348 2 2 0 110 3464 4129 2816
6349 2 2 0 110 2836 2838 2834
6350 2 2 0 110 2863 4220 2841
6351 2 2 0 110 2884 3502 2862
6352 2 2 0 110 2867 2873 2866
6353 2 2 0 110 2881 2882 2880
6354 2 2 0 110 2919 4055 2887
6355 2 2 0 110 2918 4046 2937
6356 2 2 0 110 2962 3024 3023
6357 2 2 0 110 2965 3469 3286
6358 2 2 0 110 2995 2996 2994
6359 2 2 0 110 3007 3008 3006
6360 2 2 0 110 3015 3971 3970
6361 2 2 0 110 3024 3165 3025
6362 2 2 0 110 3027 4231 4182
6363 2 2 0 110 3063 3285 3065
6364 2 2 0 110 3109 3173 3110
6365 2 2 0 110 3121 4029 3279
6366 2 2 0 110 3127 3135 3134
6367 2 2 0 110 3161 3179 3178
6368 2 2 0 110 3223 4286 3244
6369 2 2 0 110 3242 3377 3376
6370 2 2 0 110 3255 4233 3252
6371 2 2 0 110 3253 3417 3254
6372 2 2 0 110 3261 4351 4006
6373 2 2 0 110 3268 3445 3269
6374 2 2 0 110 3269 3271 3270
6375 2 2 0 110 3284 3360 3359
6376 2 2 0 110 3296 3298 3297
6377 2 2 0 110 3300 3313 3299
6378 2 2 0 110 3325 3434 3324
6379 2 2 0 110 3427 3428 3331
6380 2 2 0 110 3363 4149 3512
6381 2 2 0 110 3367 3599 3368
6382 2 2 0 110 3409 3679 3410
6383 2 2 0 110 3527 3868 3426
6384 2 2 0 110 3667 4334 3483
6385 2 2 0 110 3512 3629 3511
6386 2 2 0 110 3561 3562 3560
6387 2 2 0 110 3829 3832 3574
6388 2 2 0 110 3933 4263 3610
6389 2 2 0 110 3886 4054 3618
6390 2 2 0 110 3628 4305 4298
6391 2 2 0 110 3632 3634 3633
6392 2 2 0 110 3653 3665 3664
6393 2 2 0 110 3979 3980 3724
6394 2 2 0 110 3785 3799 3752
6395 2 2 0 110 4062 4063 3760
6396 2 2 0 110 3766 3767 3765
6397 2 2 0 110 3775 4090 3772
6398 2 2 0 110 3780 4073 4072
6399 2 2 0 110 3888 3889 3887
6400 2 2 0 110 2682 2683 2681
6401 2 2 0 110 2687 2689 2688
6402 2 2 0 110 2722 2725 2720
6403 2 2 0 110 2725 4017 2720
6404 2 2 0 110 2744 2746 2745
6405 2 2 0 110 2752 2759 2757
6406 2 2 0 110 2761 4022 2758
6407 2 2 0 110 2805 3145 2803
6408 2 2 0 110 2818 2847 2817
6409 2 2 0 110 2824 2825 2823
6410 2 2 0 110 2825 3108 2823
6411 2 2 0 110 3132 4097 2830
6412 2 2 0 110 2837 2857 2836
6413 2 2 0 110 2842 2863 2841
6414 2 2 0 110 2855 2876 2868
6415 2 2 0 110 2857 4112 4008
6416 2 2 0 110 2917 2939 2899
6417 2 2 0 110 2917 4393 2939
6418 2 2 0 110 2958 2992 2933
6419 2 2 0 110 2943 2962 2961
6420 2 2 0 110 2953 3975 3109
6421 2 2 0 110 2962 3023 3022
6422 2 2 0 110 2993 2995 2994
6423 2 2 0 110 2997 2999 2998
6424 2 2 0 110 3231 4105 3016
6425 2 2 0 110 3023 4272 3149
6426 2 2 0 110 3162 3163 3038
6427 2 2 0 110 3055 3177 3056
6428 2 2 0 110 3059 3436 3257
6429 2 2 0 110 3083 3085 3084
6430 2 2 0 110 3092 4175 3091
6431 2 2 0 110 3217 3218 3110
6432 2 2 0 110 3134 4029 3124
6433 2 2 0 110 3145 4229 4228
6434 2 2 0 110 3310 4258 3174
6435 2 2 0 110 3597 3598 3177
6436 2 2 0 110 3190 3968 3248
6437 2 2 0 110 3267 4096 3201
6438 2 2 0 110 3202 3211 3210
6439 2 2 0 110 3248 3477 3476
6440 2 2 0 110 3459 4096 3267
6441 2 2 0 110 3271 3894 3425
6442 2 2 0 110 3364 3515 3365
6443 2 2 0 110 3370 3519 3369
6444 2 2 0 110 3374 3648 3646
6445 2 2 0 110 3396 3419 3404
6446 2 2 0 110 3412 3695 3570
6447 2 2 0 110 3421 3870 3455
6448 2 2 0 110 3895 3896 3425
6449 2 2 0 110 3431 3995 3430
6450 2 2 0 110 3481 3482 3431
6451 2 2 0 110 3486 3487 3482
6452 2 2 0 110 3669 3713 3539
6453 2 2 0 110 3540 3727 3541
6454 2 2 0 110 3642 3643 3552
6455 2 2 0 110 3594 4138 4012
6456 2 2 0 110 3625 4301 4176
6457 2 2 0 110 3649 3650 3648
6458 2 2 0 110 3686 3687 3685
6459 2 2 0 110 4063 4139 3760
6460 2 2 0 110 3763 4072 3788
6461 2 2 0 110 3791 3793 3777
6462 2 2 0 110 3798 3814 3806
6463 2 2 0 110 4032 4033 4030
6464 2 2 0 110 223 2622 222
6465 2 2 0 110 262 2610 261
6466 2 2 0 110 2693 4016 2692
6467 2 2 0 110 4034 4147 2692
6468 2 2 0 110 2738 2739 2735
6469 2 2 0 110 2738 2743 2739
6470 2 2 0 110 2762 2783 2763
6471 2 2 0 110 2771 4005 2773
6472 2 2 0 110 2786 4005 2771
6473 2 2 0 110 2773 2775 2774
6474 2 2 0 110 2784 3274 2818
6475 2 2 0 110 2788 2810 2790
6476 2 2 0 110 2811 2813 2812
6477 2 2 0 110 2819 4071 4007
6478 2 2 0 110 2821 3193 2822
6479 2 2 0 110 2824 2849 2826
6480 2 2 0 110 2911 2930 2912
6481 2 2 0 110 2937 2954 2953
6482 2 2 0 110 2985 4174 2991
6483 2 2 0 110 2991 4084 4083
6484 2 2 0 110 3053 3851 3576
6485 2 2 0 110 3059 3990 3436
6486 2 2 0 110 3176 3630 3073
6487 2 2 0 110 3100 3154 3098
6488 2 2 0 110 3479 4110 3112
6489 2 2 0 110 3125 3967 3118
6490 2 2 0 110 3124 4029 3121
6491 2 2 0 110 3123 3126 3124
6492 2 2 0 110 3128 3275 3260
6493 2 2 0 110 3153 3180 3152
6494 2 2 0 110 3293 3294 3171
6495 2 2 0 110 3187 3223 3188
6496 2 2 0 110 3210 3351 3267
6497 2 2 0 110 3225 3503 3382
6498 2 2 0 110 3284 3359 3283
6499 2 2 0 110 3290 3321 3320
6500 2 2 0 110 3542 3876 3309
6501 2 2 0 110 3582 3583 3337
6502 2 2 0 110 3506 3518 3362
6503 2 2 0 110 3375 3654 3526
6504 2 2 0 110 3384 4273 3688
6505 2 2 0 110 3396 3404 3403
6506 2 2 0 110 3412 3696 3695
6507 2 2 0 110 3540 3541 3466
6508 2 2 0 110 3490 3492 3491
6509 2 2 0 110 3498 3626 3496
6510 2 2 0 110 3991 4155 3498
6511 2 2 0 110 3600 3913 3599
6512 2 2 0 110 3653 3663 3645
6513 2 2 0 110 3757 3758 3755
6514 2 2 0 110 3780 4072 3768
6515 2 2 0 110 3769 3773 3772
6516 2 2 0 110 4197 4218 3782
6517 2 2 0 110 3793 4218 4197
6518 2 2 0 110 3811 3815 3799
6519 2 2 0 110 3837 3839 3838
6520 2 2 0 110 3935 3937 3936
6521 2 2 0 110 3937 3961 3939
6522 2 2 0 110 238 2596 237
6523 2 2 0 110 287 2653 286
6524 2 2 0 110 304 2609 303
6525 2 2 0 110 2679 3882 2682
6526 2 2 0 110 2696 4152 4089
6527 2 2 0 110 2702 2703 2701
6528 2 2 0 110 3112 4110 2712
6529 2 2 0 110 2719 2720 2718
6530 2 2 0 110 2721 4136 2724
6531 2 2 0 110 4038 4114 2732
6532 2 2 0 110 2737 2791 2741
6533 2 2 0 110 3096 3978 2748
6534 2 2 0 110 2757 2760 2758
6535 2 2 0 110 2764 2839 2765
6536 2 2 0 110 2777 2778 2776
6537 2 2 0 110 2778 2865 2776
6538 2 2 0 110 2782 4211 2780
6539 2 2 0 110 2784 4235 3274
6540 2 2 0 110 4074 4081 2806
6541 2 2 0 110 2808 2814 2807
6542 2 2 0 110 2813 2819 2812
6543 2 2 0 110 2814 3207 2816
6544 2 2 0 110 2821 2822 2820
6545 2 2 0 110 2826 4261 2825
6546 2 2 0 110 2831 2929 2833
6547 2 2 0 110 2846 2859 2844
6548 2 2 0 110 2854 2866 2853
6549 2 2 0 110 2867 2874 2873
6550 2 2 0 110 2878 2879 2869
6551 2 2 0 110 2887 2893 2888
6552 2 2 0 110 2905 4025 2903
6553 2 2 0 110 2911 4095 2949
6554 2 2 0 110 2940 3104 2920
6555 2 2 0 110 2957 2958 2933
6556 2 2 0 110 2944 2964 2945
6557 2 2 0 110 2955 3140 3016
6558 2 2 0 110 2966 2974 2967
6559 2 2 0 110 2989 4036 3013
6560 2 2 0 110 3026 4026 3005
6561 2 2 0 110 3077 3159 3036
6562 2 2 0 110 3056 3058 3057
6563 2 2 0 110 3066 3067 3064
6564 2 2 0 110 3068 3167 3067
6565 2 2 0 110 3081 4326 3280
6566 2 2 0 110 3091 3337 3089
6567 2 2 0 110 3097 3099 3098
6568 2 2 0 110 3152 3182 3106
6569 2 2 0 110 3145 4228 4227
6570 2 2 0 110 3188 3259 3186
6571 2 2 0 110 3222 3317 3316
6572 2 2 0 110 3226 4304 3225
6573 2 2 0 110 3364 3365 3238
6574 2 2 0 110 3254 3256 3255
6575 2 2 0 110 3256 3284 3283
6576 2 2 0 110 3318 4287 3272
6577 2 2 0 110 3277 3481 3431
6578 2 2 0 110 4030 4223 3279
6579 2 2 0 110 3296 3514 3298
6580 2 2 0 110 3405 3406 3310
6581 2 2 0 110 3395 3397 3318
6582 2 2 0 110 3334 3673 3672
6583 2 2 0 110 3457 3921 3347
6584 2 2 0 110 3646 3647 3373
6585 2 2 0 110 3398 3530 3529
6586 2 2 0 110 3400 3452 3432
6587 2 2 0 110 3419 3420 3404
6588 2 2 0 110 3451 3621 3459
6589 2 2 0 110 3493 4190 3495
6590 2 2 0 110 3626 3627 3496
6591 2 2 0 110 3507 3509 3508
6592 2 2 0 110 3552 4367 3551
6593 2 2 0 110 3564 3655 3566
6594 2 2 0 110 3656 3657 3566
6595 2 2 0 110 3595 3959 3592
6596 2 2 0 110 3596 4241 4009
6597 2 2 0 110 3617 3618 3616
6598 2 2 0 110 3652 3653 3645
6599 2 2 0 110 3802 4062 3756
6600 2 2 0 110 3764 3765 3763
6601 2 2 0 110 3767 3768 3765
6602 2 2 0 110 3767 3769 3768
6603 2 2 0 110 3769 3771 3768
6604 2 2 0 110 3773 3774 3772
6605 2 2 0 110 3773 3790 3777
6606 2 2 0 110 3773 4156 3790
6607 2 2 0 110 3806 3813 3807
6608 2 2 0 110 3890 4428 4414
6609 2 2 0 110 214 2620 213
6610 2 2 0 110 257 2599 256
6611 2 2 0 110 289 2617 288
6612 2 2 0 110 349 2647 348
6613 2 2 0 110 2717 2719 2718
6614 2 2 0 110 2719 4136 2721
6615 2 2 0 110 2721 2723 2722
6616 2 2 0 110 2746 2748 2747
6617 2 2 0 110 2755 2762 2756
6618 2 2 0 110 2765 2766 2761
6619 2 2 0 110 2769 2786 2771
6620 2 2 0 110 2773 3142 2775
6621 2 2 0 110 2785 3018 2948
6622 2 2 0 110 2785 3356 3018
6623 2 2 0 110 2800 2802 2798
6624 2 2 0 110 2832 3132 2830
6625 2 2 0 110 2837 2858 2857
6626 2 2 0 110 2841 3450 2839
6627 2 2 0 110 2855 2856 2846
6628 2 2 0 110 2858 2872 2871
6629 2 2 0 110 2912 2922 2894
6630 2 2 0 110 2934 2935 2902
6631 2 2 0 110 2904 2906 2905
6632 2 2 0 110 2906 2907 2905
6633 2 2 0 110 2906 2938 2908
6634 2 2 0 110 2926 2927 2914
6635 2 2 0 110 2930 2951 2931
6636 2 2 0 110 2932 4012 2957
6637 2 2 0 110 2934 3966 2959
6638 2 2 0 110 2960 3028 2935
6639 2 2 0 110 3019 4057 2948
6640 2 2 0 110 2962 3022 2961
6641 2 2 0 110 2978 3235 2976
6642 2 2 0 110 2993 2994 2992
6643 2 2 0 110 3010 3039 3011
6644 2 2 0 110 3143 4307 3031
6645 2 2 0 110 3285 3353 3065
6646 2 2 0 110 3069 3071 3070
6647 2 2 0 110 3081 3228 3227
6648 2 2 0 110 3082 3441 3189
6649 2 2 0 110 3086 3222 3221
6650 2 2 0 110 3099 3100 3098
6651 2 2 0 110 3155 3243 3154
6652 2 2 0 110 3261 4006 3158
6653 2 2 0 110 3191 3246 3190
6654 2 2 0 110 3339 3472 3194
6655 2 2 0 110 3201 4096 3198
6656 2 2 0 110 3233 3361 3232
6657 2 2 0 110 3361 3426 3232
6658 2 2 0 110 3455 4121 3258
6659 2 2 0 110 3276 4126 3260
6660 2 2 0 110 3451 3459 3267
6661 2 2 0 110 3285 3354 3353
6662 2 2 0 110 4043 4093 3291
6663 2 2 0 110 3350 3378 3303
6664 2 2 0 110 3311 3345 3344
6665 2 2 0 110 3550 3922 3328
6666 2 2 0 110 3399 3400 3329
6667 2 2 0 110 3334 3672 3381
6668 2 2 0 110 3339 3473 3472
6669 2 2 0 110 3355 4253 4185
6670 2 2 0 110 3371 4131 4053
6671 2 2 0 110 3400 3453 3452
6672 2 2 0 110 3418 3830 3829
6673 2 2 0 110 3422 3579 3424
6674 2 2 0 110 3484 4244 3501
6675 2 2 0 110 3490 4109 3493
6676 2 2 0 110 3495 3498 3496
6677 2 2 0 110 3495 3991 3498
6678 2 2 0 110 3498 3628 3626
6679 2 2 0 110 4098 4295 3518
6680 2 2 0 110 3520 3521 3519
6681 2 2 0 110 3605 3833 3577
6682 2 2 0 110 3599 4208 3601
6683 2 2 0 110 3601 3915 3602
6684 2 2 0 110 3601 3917 3915
6685 2 2 0 110 3614 3615 3612
6686 2 2 0 110 3638 3886 3618
6687 2 2 0 110 3624 4301 3625
6688 2 2 0 110 3641 4353 4237
6689 2 2 0 110 3772 4090 3771
6690 2 2 0 110 3779 3786 3778
6691 2 2 0 110 3795 3796 3783
6692 2 2 0 110 3795 3805 3796
6693 2 2 0 110 3812 3816 3811
6694 2 2 0 110 3834 3857 3835
6695 2 2 0 110 3863 3892 3891
6696 2 2 0 110 4146 4161 4145
6697 2 2 0 110 255 2655 254
6698 2 2 0 110 322 2604 321
6699 2 2 0 110 325 2635 324
6700 2 2 0 110 337 2613 336
6701 2 2 0 110 2686 2687 2685
6702 2 2 0 110 2687 2688 2685
6703 2 2 0 110 2695 2697 2696
6704 2 2 0 110 2707 2708 2705
6705 2 2 0 110 2710 2711 2709
6706 2 2 0 110 2712 4110 2709
6707 2 2 0 110 2719 2721 2720
6708 2 2 0 110 2722 2726 2725
6709 2 2 0 110 2724 2728 2723
6710 2 2 0 110 2728 3266 2723
6711 2 2 0 110 2724 2729 2728
6712 2 2 0 110 2735 4069 2731
6713 2 2 0 110 2734 2738 2735
6714 2 2 0 110 2737 2740 2736
6715 2 2 0 110 2791 2792 2741
6716 2 2 0 110 2746 4039 3096
6717 2 2 0 110 2767 2768 2766
6718 2 2 0 110 2767 2769 2768
6719 2 2 0 110 2777 2809 2779
6720 2 2 0 110 2791 3111 2793
6721 2 2 0 110 2806 2808 2807
6722 2 2 0 110 2808 2827 2815
6723 2 2 0 110 2819 3101 2812
6724 2 2 0 110 2813 4203 2821
6725 2 2 0 110 2828 2843 2815
6726 2 2 0 110 2849 2850 2826
6727 2 2 0 110 2848 2861 2860
6728 2 2 0 110 2852 4196 2854
6729 2 2 0 110 4009 4241 2859
6730 2 2 0 110 2886 2887 2874
6731 2 2 0 110 2909 3594 2932
6732 2 2 0 110 4133 4348 2923
6733 2 2 0 110 2926 4047 2944
6734 2 2 0 110 2957 3020 2958
6735 2 2 0 110 2966 3214 2974
6736 2 2 0 110 2972 3034 2971
6737 2 2 0 110 2975 2977 2976
6738 2 2 0 110 2979 2987 2978
6739 2 2 0 110 2983 4083 2981
6740 2 2 0 110 3012 3103 2988
6741 2 2 0 110 3001 3002 3000
6742 2 2 0 110 3216 4058 3000
6743 2 2 0 110 4182 4242 3027
6744 2 2 0 110 3287 3288 3033
6745 2 2 0 110 3045 3046 3044
6746 2 2 0 110 3060 3990 3059
6747 2 2 0 110 3085 3088 3087
6748 2 2 0 110 3088 3090 3089
6749 2 2 0 110 3097 3098 3095
6750 2 2 0 110 3105 3106 3104
6751 2 2 0 110 3264 3340 3108
6752 2 2 0 110 3120 4189 3123
6753 2 2 0 110 3123 3128 3126
6754 2 2 0 110 3140 4149 3141
6755 2 2 0 110 3191 3306 3246
6756 2 2 0 110 3196 3199 3198
6757 2 2 0 110 3199 3200 3198
6758 2 2 0 110 3210 3267 3201
6759 2 2 0 110 3207 3456 3347
6760 2 2 0 110 3249 3250 3211
6761 2 2 0 110 3247 4311 3222
6762 2 2 0 110 3228 3386 3227
6763 2 2 0 110 3233 4149 3363
6764 2 2 0 110 3254 3255 3252
6765 2 2 0 110 3260 3421 3258
6766 2 2 0 110 3421 3455 3258
6767 2 2 0 110 3264 3605 3577
6768 2 2 0 110 3273 3319 3318
6769 2 2 0 110 3449 4126 3276
6770 2 2 0 110 3348 3349 3281
6771 2 2 0 110 3577 3578 3340
6772 2 2 0 110 3448 3517 3348
6773 2 2 0 110 3357 3606 3358
6774 2 2 0 110 3371 4053 4052
6775 2 2 0 110 3374 4162 3649
6776 2 2 0 110 4283 4284 3397
6777 2 2 0 110 3677 3732 3413
6778 2 2 0 110 3438 3849 3437
6779 2 2 0 110 4023 4024 3440
6780 2 2 0 110 3451 4089 3621
6781 2 2 0 110 3453 3454 3452
6782 2 2 0 110 3495 3496 3494
6783 2 2 0 110 3551 3714 3508
6784 2 2 0 110 3564 3566 3565
6785 2 2 0 110 3620 4034 3619
6786 2 2 0 110 3683 3685 3684
6787 2 2 0 110 3697 3719 3698
6788 2 2 0 110 3722 3979 3724
6789 2 2 0 110 3769 3772 3771
6790 2 2 0 110 3771 3787 3780
6791 2 2 0 110 3787 3797 3780
6792 2 2 0 110 3782 3794 3783
6793 2 2 0 110 3890 4163 3889
6794 2 2 0 110 4000 4002 4001
6795 2 2 0 110 4242 4298 4017
6796 2 2 0 110 4032 4268 4145
6797 2 2 0 110 4117 4118 4116
6798 2 2 0 110 4202 4375 4361
6799 2 2 0 110 329 2636 328
6800 2 2 0 110 2695 2696 2693
6801 2 2 0 110 2696 4016 2693
6802 2 2 0 110 2706 2707 2705
6803 2 2 0 110 2707 2710 2709
6804 2 2 0 110 2711 2713 2712
6805 2 2 0 110 2711 4134 2714
6806 2 2 0 110 2745 4068 2739
6807 2 2 0 110 2740 2750 2742
6808 2 2 0 110 2865 4078 2776
6809 2 2 0 110 2793 2795 2794
6810 2 2 0 110 2795 2924 2797
6811 2 2 0 110 2813 2820 2819
6812 2 2 0 110 2813 2821 2820
6813 2 2 0 110 4081 4082 2827
6814 2 2 0 110 2835 2836 2834
6815 2 2 0 110 2856 4009 2846
6816 2 2 0 110 2855 2868 2856
6817 2 2 0 110 2881 4020 2891
6818 2 2 0 110 4055 4095 2893
6819 2 2 0 110 2915 2942 2941
6820 2 2 0 110 2921 2940 2920
6821 2 2 0 110 2968 2969 2952
6822 2 2 0 110 2953 3109 3107
6823 2 2 0 110 3016 4105 2956
6824 2 2 0 110 2975 3976 2977
6825 2 2 0 110 3102 3976 2975
6826 2 2 0 110 2997 4085 2999
6827 2 2 0 110 3007 3010 3008
6828 2 2 0 110 3140 3141 3016
6829 2 2 0 110 3141 3231 3016
6830 2 2 0 110 3021 3204 3079
6831 2 2 0 110 3091 4175 3582
6832 2 2 0 110 3097 3346 3099
6833 2 2 0 110 3340 3447 3108
6834 2 2 0 110 3113 3115 3114
6835 2 2 0 110 3115 3117 3116
6836 2 2 0 110 3115 4166 3122
6837 2 2 0 110 3118 3119 3116
6838 2 2 0 110 3117 3125 3118
6839 2 2 0 110 3117 4262 3125
6840 2 2 0 110 3118 3120 3119
6841 2 2 0 110 3128 3260 3258
6842 2 2 0 110 3195 3196 3135
6843 2 2 0 110 3342 3343 3138
6844 2 2 0 110 3139 3513 3342
6845 2 2 0 110 3165 3303 3166
6846 2 2 0 110 3166 3242 3241
6847 2 2 0 110 3259 4175 3186
6848 2 2 0 110 3386 3387 3227
6849 2 2 0 110 3243 3463 3461
6850 2 2 0 110 3283 3355 3255
6851 2 2 0 110 3277 3431 3430
6852 2 2 0 110 3277 4260 3481
6853 2 2 0 110 3293 3296 3295
6854 2 2 0 110 3300 3528 3314
6855 2 2 0 110 3317 3390 3316
6856 2 2 0 110 3321 3383 3320
6857 2 2 0 110 3363 3511 3506
6858 2 2 0 110 3371 4232 4131
6859 2 2 0 110 3377 3661 3398
6860 2 2 0 110 3698 4257 3406
6861 2 2 0 110 3624 3625 3429
6862 2 2 0 110 3479 4207 4110
6863 2 2 0 110 3487 3590 3482
6864 2 2 0 110 3491 3934 3489
6865 2 2 0 110 3493 3494 3492
6866 2 2 0 110 3493 3495 3494
6867 2 2 0 110 4061 4330 3525
6868 2 2 0 110 3530 3703 3531
6869 2 2 0 110 3533 3716 3532
6870 2 2 0 110 3533 3717 3716
6871 2 2 0 110 3555 4338 4013
6872 2 2 0 110 3556 3569 3557
6873 2 2 0 110 3573 3827 3575
6874 2 2 0 110 3609 3985 3611
6875 2 2 0 110 3637 3638 3618
6876 2 2 0 110 3674 3880 3879
6877 2 2 0 110 3687 4374 3685
6878 2 2 0 110 3764 3766 3765
6879 2 2 0 110 3766 3770 3767
6880 2 2 0 110 3771 4090 3787
6881 2 2 0 110 3774 3776 3775
6882 2 2 0 110 3776 3779 3778
6883 2 2 0 110 3905 4395 4221
6884 2 2 0 110 4098 4416 4295
6885 2 2 0 110 294 2601 293
6886 2 2 0 110 297 2645 296
6887 2 2 0 110 2691 2694 2693
6888 2 2 0 110 2709 4110 2708
6889 2 2 0 110 2711 2712 2709
6890 2 2 0 110 2710 4134 2711
6891 2 2 0 110 2715 3112 2712
6892 2 2 0 110 2713 4157 2715
6893 2 2 0 110 2714 2717 2716
6894 2 2 0 110 2714 3136 2717
6895 2 2 0 110 2714 4134 3136
6896 2 2 0 110 2717 2718 2716
6897 2 2 0 110 2722 4077 2726
6898 2 2 0 110 2726 2730 2727
6899 2 2 0 110 2726 4140 2730
6900 2 2 0 110 2732 4114 2728
6901 2 2 0 110 2733 2737 2736
6902 2 2 0 110 2746 2747 2745
6903 2 2 0 110 2745 4249 4068
6904 2 2 0 110 2749 4213 2923
6905 2 2 0 110 2757 2758 2753
6906 2 2 0 110 2764 2765 2761
6907 2 2 0 110 2765 2767 2766
6908 2 2 0 110 2775 2776 2774
6909 2 2 0 110 4078 4079 2774
6910 2 2 0 110 2787 2788 2782
6911 2 2 0 110 2817 4212 2783
6912 2 2 0 110 2791 2793 2792
6913 2 2 0 110 2796 3130 2794
6914 2 2 0 110 2833 2834 2832
6915 2 2 0 110 2929 4172 2833
6916 2 2 0 110 2886 3278 2919
6917 2 2 0 110 2943 2961 2916
6918 2 2 0 110 2956 2963 2954
6919 2 2 0 110 2955 3016 2956
6920 2 2 0 110 2968 3037 2969
6921 2 2 0 110 2991 4083 2983
6922 2 2 0 110 2984 2986 2985
6923 2 2 0 110 2997 2998 2996
6924 2 2 0 110 3018 3146 3019
6925 2 2 0 110 3023 3149 3022
6926 2 2 0 110 3024 3025 3023
6927 2 2 0 110 3166 3241 3025
6928 2 2 0 110 3241 4272 3025
6929 2 2 0 110 3042 3086 3077
6930 2 2 0 110 3046 3049 3048
6931 2 2 0 110 3059 3257 3057
6932 2 2 0 110 3066 3069 3068
6933 2 2 0 110 3094 3095 3076
6934 2 2 0 110 3204 3205 3079
6935 2 2 0 110 3094 4086 3097
6936 2 2 0 110 3114 3479 3112
6937 2 2 0 110 3121 3279 3119
6938 2 2 0 110 3120 3123 3121
6939 2 2 0 110 3127 3134 3124
6940 2 2 0 110 3127 3195 3135
6941 2 2 0 110 3196 3197 3135
6942 2 2 0 110 3185 3187 3186
6943 2 2 0 110 3187 3385 3223
6944 2 2 0 110 3472 4203 3194
6945 2 2 0 110 4121 4122 3195
6946 2 2 0 110 3233 3362 3361
6947 2 2 0 110 3250 3253 3252
6948 2 2 0 110 3271 3273 3272
6949 2 2 0 110 3278 3623 3423
6950 2 2 0 110 3314 3379 3313
6951 2 2 0 110 3325 4329 3434
6952 2 2 0 110 3583 3584 3337
6953 2 2 0 110 3354 3607 3353
6954 2 2 0 110 3367 3600 3599
6955 2 2 0 110 3374 3646 3373
6956 2 2 0 110 3376 3962 3375
6957 2 2 0 110 3393 3560 3559
6958 2 2 0 110 3585 3861 3449
6959 2 2 0 110 3881 4238 3457
6960 2 2 0 110 3467 3951 3596
6961 2 2 0 110 3487 4108 3590
6962 2 2 0 110 3488 4109 3490
6963 2 2 0 110 3490 3493 3492
6964 2 2 0 110 3498 4155 3628
6965 2 2 0 110 4000 4240 3504
6966 2 2 0 110 4050 4417 3513
6967 2 2 0 110 3600 3914 3913
6968 2 2 0 110 3616 3958 3615
6969 2 2 0 110 3638 3888 3887
6970 2 2 0 110 3760 4139 3761
6971 2 2 0 110 3764 3781 3766
6972 2 2 0 110 3768 4072 3765
6973 2 2 0 110 3790 3791 3777
6974 2 2 0 110 3782 3783 3779
6975 2 2 0 110 3794 3795 3783
6976 2 2 0 110 3790 3792 3791
6977 2 2 0 110 3808 4015 3797
6978 2 2 0 110 3967 4260 4189
6979 2 2 0 110 219 2600 218
6980 2 2 0 110 2683 2684 2681
6981 2 2 0 110 2691 2693 2692
6982 2 2 0 110 2699 2701 2700
6983 2 2 0 110 2703 2704 2701
6984 2 2 0 110 2705 4199 2704
6985 2 2 0 110 2707 2709 2708
6986 2 2 0 110 2715 3113 3112
6987 2 2 0 110 2715 3209 3113
6988 2 2 0 110 2718 3468 2716
6989 2 2 0 110 2726 2727 2725
6990 2 2 0 110 2730 2731 2727
6991 2 2 0 110 2730 4140 3030
6992 2 2 0 110 2734 2735 2731
6993 2 2 0 110 2740 2742 2736
6994 2 2 0 110 2743 2754 2744
6995 2 2 0 110 2923 4249 2747
6996 2 2 0 110 2750 2755 2751
6997 2 2 0 110 2763 3956 2756
6998 2 2 0 110 2760 2761 2758
6999 2 2 0 110 3133 4022 2766
7000 2 2 0 110 2771 2772 2770
7001 2 2 0 110 2784 2818 2817
7002 2 2 0 110 2793 2794 2792
7003 2 2 0 110 3111 4080 2793
7004 2 2 0 110 2799 2801 2800
7005 2 2 0 110 2827 2828 2815
7006 2 2 0 110 3193 4171 2822
7007 2 2 0 110 2846 4009 2859
7008 2 2 0 110 2850 2870 2852
7009 2 2 0 110 2855 4224 2876
7010 2 2 0 110 2901 2902 2871
7011 2 2 0 110 2872 2904 2903
7012 2 2 0 110 2891 2913 2892
7013 2 2 0 110 2898 3213 2900
7014 2 2 0 110 2908 2921 2920
7015 2 2 0 110 2911 2949 2930
7016 2 2 0 110 2921 3239 2940
7017 2 2 0 110 2951 2952 2931
7018 2 2 0 110 2974 2975 2967
7019 2 2 0 110 2995 2997 2996
7020 2 2 0 110 3032 3080 3031
7021 2 2 0 110 3058 4198 3082
7022 2 2 0 110 3065 3066 3064
7023 2 2 0 110 3082 3189 3083
7024 2 2 0 110 3088 3089 3087
7025 2 2 0 110 3113 3114 3112
7026 2 2 0 110 3115 3116 3114
7027 2 2 0 110 3115 3122 3117
7028 2 2 0 110 3141 3232 3231
7029 2 2 0 110 3146 3373 3147
7030 2 2 0 110 3190 3248 3164
7031 2 2 0 110 3441 3442 3189
7032 2 2 0 110 4096 4125 3197
7033 2 2 0 110 3199 4192 3873
7034 2 2 0 110 4159 4337 3213
7035 2 2 0 110 3388 3389 3230
7036 2 2 0 110 3237 3371 3364
7037 2 2 0 110 3244 3322 3245
7038 2 2 0 110 3260 4126 3421
7039 2 2 0 110 3351 3451 3267
7040 2 2 0 110 3430 3449 3276
7041 2 2 0 110 3433 3537 3308
7042 2 2 0 110 3537 3539 3308
7043 2 2 0 110 3979 4362 3312
7044 2 2 0 110 3328 3399 3329
7045 2 2 0 110 3351 3619 3451
7046 2 2 0 110 3361 3516 3426
7047 2 2 0 110 3601 3602 3368
7048 2 2 0 110 3567 3568 3382
7049 2 2 0 110 3396 3403 3395
7050 2 2 0 110 3405 3697 3406
7051 2 2 0 110 3441 3443 3442
7052 2 2 0 110 3449 4168 4126
7053 2 2 0 110 3683 3684 3454
7054 2 2 0 110 3456 4173 3458
7055 2 2 0 110 3621 3622 3459
7056 2 2 0 110 3488 3489 3487
7057 2 2 0 110 4109 4190 3493
7058 2 2 0 110 3512 4159 3629
7059 2 2 0 110 3621 4045 3622
7060 2 2 0 110 3634 3954 3953
7061 2 2 0 110 3761 3762 3759
7062 2 2 0 110 3765 4072 3763
7063 2 2 0 110 3774 3775 3772
7064 2 2 0 110 3773 3777 3774
7065 2 2 0 110 3776 3778 3775
7066 2 2 0 110 3788 3798 3789
7067 2 2 0 110 3804 3808 3797
7068 2 2 0 110 4270 4289 3921
7069 2 2 0 110 4160 4277 4035
7070 2 2 0 110 4116 4224 4115
7071 2 2 0 110 216 2627 215
7072 2 2 0 110 221 2638 220
7073 2 2 0 110 2699 2700 2697
7074 2 2 0 110 2703 2706 2705
7075 2 2 0 110 2704 4199 4161
7076 2 2 0 110 2711 2714 2713
7077 2 2 0 110 2713 2715 2712
7078 2 2 0 110 2714 2716 2713
7079 2 2 0 110 2721 2724 2723
7080 2 2 0 110 2733 2736 2732
7081 2 2 0 110 2737 2741 2740
7082 2 2 0 110 2792 3137 2741
7083 2 2 0 110 2829 2830 2754
7084 2 2 0 110 2808 2815 2814
7085 2 2 0 110 3108 4071 2823
7086 2 2 0 110 2824 4171 2849
7087 2 2 0 110 2828 2844 2843
7088 2 2 0 110 2833 2835 2834
7089 2 2 0 110 2835 3144 2837
7090 2 2 0 110 2947 3505 2861
7091 2 2 0 110 2868 2877 2869
7092 2 2 0 110 2893 4095 2911
7093 2 2 0 110 2951 2968 2952
7094 2 2 0 110 2981 4018 2979
7095 2 2 0 110 2984 2990 2986
7096 2 2 0 110 2994 3465 2992
7097 2 2 0 110 3004 3935 3002
7098 2 2 0 110 3005 3006 3004
7099 2 2 0 110 3025 4272 3023
7100 2 2 0 110 4069 4231 3027
7101 2 2 0 110 3035 3170 3034
7102 2 2 0 110 3035 3292 3171
7103 2 2 0 110 3050 3052 3051
7104 2 2 0 110 3079 3219 3078
7105 2 2 0 110 3085 3087 3084
7106 2 2 0 110 3086 3247 3222
7107 2 2 0 110 3086 4183 3247
7108 2 2 0 110 3090 3092 3091
7109 2 2 0 110 3120 3121 3119
7110 2 2 0 110 3123 3124 3121
7111 2 2 0 110 3304 3305 3168
7112 2 2 0 110 3170 3229 3172
7113 2 2 0 110 3180 4454 4442
7114 2 2 0 110 3196 3198 3197
7115 2 2 0 110 3199 3873 3338
7116 2 2 0 110 3312 4362 3217
7117 2 2 0 110 3251 4233 4160
7118 2 2 0 110 3299 3534 3297
7119 2 2 0 110 3326 3327 3325
7120 2 2 0 110 3485 3852 3341
7121 2 2 0 110 3384 3677 3413
7122 2 2 0 110 3418 4306 3830
7123 2 2 0 110 3458 3881 3457
7124 2 2 0 110 3666 3667 3483
7125 2 2 0 110 3491 3950 3934
7126 2 2 0 110 3509 3552 3551
7127 2 2 0 110 3581 3858 3580
7128 2 2 0 110 3915 3916 3602
7129 2 2 0 110 3615 3933 3612
7130 2 2 0 110 4106 4160 3620
7131 2 2 0 110 4155 4305 3628
7132 2 2 0 110 3756 3757 3755
7133 2 2 0 110 3778 3784 3775
7134 2 2 0 110 3793 4197 3777
7135 2 2 0 110 3782 4218 3794
7136 2 2 0 110 4045 4146 4145
7137 2 2 0 110 4119 4224 4116
7138 2 2 0 110 335 2650 334
7139 2 2 0 110 2730 2734 2731
7140 2 2 0 110 2742 4038 2736
7141 2 2 0 110 2752 2757 2753
7142 2 2 0 110 2779 2781 2780
7143 2 2 0 110 2781 2787 2782
7144 2 2 0 110 2785 4212 3356
7145 2 2 0 110 2801 2804 2803
7146 2 2 0 110 3207 3208 2816
7147 2 2 0 110 3208 3464 2816
7148 2 2 0 110 2822 4171 2824
7149 2 2 0 110 2835 2837 2836
7150 2 2 0 110 2857 4008 2836
7151 2 2 0 110 2875 4186 2853
7152 2 2 0 110 2946 2947 2861
7153 2 2 0 110 3505 3965 2861
7154 2 2 0 110 2877 4246 2878
7155 2 2 0 110 2883 2915 2884
7156 2 2 0 110 2915 2916 2884
7157 2 2 0 110 2909 2932 2910
7158 2 2 0 110 2940 3105 3104
7159 2 2 0 110 2946 3973 2966
7160 2 2 0 110 2965 4105 3469
7161 2 2 0 110 2982 2984 2983
7162 2 2 0 110 3003 3005 3004
7163 2 2 0 110 3003 3026 3005
7164 2 2 0 110 3014 3151 3042
7165 2 2 0 110 3147 3148 3019
7166 2 2 0 110 3026 4027 4026
7167 2 2 0 110 3029 3500 3139
7168 2 2 0 110 3286 3287 3033
7169 2 2 0 110 3219 3220 3078
7170 2 2 0 110 3183 4281 3106
7171 2 2 0 110 3209 4166 3113
7172 2 2 0 110 3117 3118 3116
7173 2 2 0 110 3279 4205 3119
7174 2 2 0 110 3134 4215 4031
7175 2 2 0 110 4148 4149 3140
7176 2 2 0 110 3237 3238 3148
7177 2 2 0 110 3156 3157 3155
7178 2 2 0 110 3344 3480 3218
7179 2 2 0 110 3372 3444 3239
7180 2 2 0 110 3242 3376 3375
7181 2 2 0 110 3306 3336 3246
7182 2 2 0 110 3253 3418 3417
7183 2 2 0 110 3295 3394 3294
7184 2 2 0 110 3298 3300 3299
7185 2 2 0 110 3383 3558 3320
7186 2 2 0 110 3346 3592 3591
7187 2 2 0 110 3367 4088 3600
7188 2 2 0 110 3672 3674 3381
7189 2 2 0 110 3697 3698 3406
7190 2 2 0 110 3418 3574 3417
7191 2 2 0 110 3421 3871 3870
7192 2 2 0 110 3488 3490 3489
7193 2 2 0 110 3494 3497 3492
7194 2 2 0 110 3523 3712 3524
7195 2 2 0 110 3655 3656 3566
7196 2 2 0 110 3607 4289 4270
7197 2 2 0 110 3620 4160 4035
7198 2 2 0 110 4000 4001 3661
7199 2 2 0 110 3941 3942 3691
7200 2 2 0 110 3757 3760 3759
7201 2 2 0 110 3763 3788 3762
7202 2 2 0 110 3770 4156 3767
7203 2 2 0 110 3787 3804 3797
7204 2 2 0 110 4126 4168 3871
7205 2 2 0 110 2683 2685 2684
7206 2 2 0 110 2683 2686 2685
7207 2 2 0 110 4147 4184 2688
7208 2 2 0 110 2691 2692 2689
7209 2 2 0 110 2694 2695 2693
7210 2 2 0 110 2703 2705 2704
7211 2 2 0 110 2716 4157 2713
7212 2 2 0 110 3468 4157 2716
7213 2 2 0 110 2724 4136 3282
7214 2 2 0 110 2729 2732 2728
7215 2 2 0 110 2730 3030 2734
7216 2 2 0 110 2749 2923 2747
7217 2 2 0 110 2748 2752 2749
7218 2 2 0 110 2753 4213 2749
7219 2 2 0 110 2768 3133 2766
7220 2 2 0 110 2788 2790 2789
7221 2 2 0 110 2797 2799 2798
7222 2 2 0 110 2819 4007 3101
7223 2 2 0 110 2831 2832 2830
7224 2 2 0 110 2833 4172 2835
7225 2 2 0 110 2843 4195 4173
7226 2 2 0 110 2914 2928 2892
7227 2 2 0 110 2900 2918 2917
7228 2 2 0 110 2963 3975 2954
7229 2 2 0 110 3014 3036 2970
7230 2 2 0 110 2972 3035 3034
7231 2 2 0 110 2974 3102 2975
7232 2 2 0 110 2985 2991 2983
7233 2 2 0 110 2989 3012 2988
7234 2 2 0 110 3001 3003 3002
7235 2 2 0 110 3049 3050 3048
7236 2 2 0 110 3630 4165 3073
7237 2 2 0 110 3075 3094 3076
7238 2 2 0 110 3113 4166 3115
7239 2 2 0 110 3128 3258 3126
7240 2 2 0 110 3229 3230 3172
7241 2 2 0 110 3262 3263 3205
7242 2 2 0 110 3211 4106 3210
7243 2 2 0 110 3273 3318 3272
7244 2 2 0 110 3357 3358 3321
7245 2 2 0 110 3326 3550 3328
7246 2 2 0 110 3484 3485 3341
7247 2 2 0 110 3371 4052 3364
7248 2 2 0 110 4257 4258 3406
7249 2 2 0 110 3418 3829 3574
7250 2 2 0 110 3910 3994 3432
7251 2 2 0 110 3990 4087 3436
7252 2 2 0 110 3446 4336 4003
7253 2 2 0 110 3490 3491 3489
7254 2 2 0 110 3544 3546 3545
7255 2 2 0 110 3834 3835 3584
7256 2 2 0 110 3609 3610 3608
7257 2 2 0 110 3613 3614 3612
7258 2 2 0 110 3958 4228 3615
7259 2 2 0 110 3617 3637 3618
7260 2 2 0 110 3638 3887 3886
7261 2 2 0 110 3760 3761 3759
7262 2 2 0 110 3767 4156 3769
7263 2 2 0 110 3776 3782 3779
7264 2 2 0 110 3909 3955 3910
7265 2 2 0 110 4227 4228 3958
7266 2 2 0 110 4032 4161 4033
7267 2 2 0 110 4082 4116 4115
7268 2 2 0 110 4253 4358 4185
7269 2 2 0 110 347 2624 346
7270 2 2 0 110 2690 2691 2689
7271 2 2 0 110 2699 2702 2701
7272 2 2 0 110 2704 4161 4146
7273 2 2 0 110 2715 4157 3209
7274 2 2 0 110 2729 2733 2732
7275 2 2 0 110 4226 4365 2738
7276 2 2 0 110 2752 2753 2749
7277 2 2 0 110 2755 2756 2751
7278 2 2 0 110 2788 2789 2782
7279 2 2 0 110 2799 2800 2798
7280 2 2 0 110 2806 2807 2805
7281 2 2 0 110 2814 4137 3207
7282 2 2 0 110 2825 3264 3108
7283 2 2 0 110 4082 4115 2827
7284 2 2 0 110 2853 4186 2851
7285 2 2 0 110 2868 2869 2856
7286 2 2 0 110 4141 4142 2858
7287 2 2 0 110 2887 2888 2874
7288 2 2 0 110 2878 2881 2880
7289 2 2 0 110 2891 2925 2913
7290 2 2 0 110 2953 3107 2936
7291 2 2 0 110 2946 2966 2947
7292 2 2 0 110 2977 2980 2979
7293 2 2 0 110 3165 3166 3025
7294 2 2 0 110 3040 3044 3043
7295 2 2 0 110 3055 3056 3054
7296 2 2 0 110 3100 3156 3155
7297 2 2 0 110 3119 4205 3116
7298 2 2 0 110 3173 3312 3217
7299 2 2 0 110 4254 4308 3213
7300 2 2 0 110 3269 3270 3226
7301 2 2 0 110 3237 4232 3371
7302 2 2 0 110 3256 3416 3284
7303 2 2 0 110 3268 4301 3445
7304 2 2 0 110 3271 3272 3270
7305 2 2 0 110 3272 3335 3270
7306 2 2 0 110 3277 3430 3276
7307 2 2 0 110 3416 4048 3284
7308 2 2 0 110 3290 3320 3289
7309 2 2 0 110 3317 3414 3391
7310 2 2 0 110 3326 3328 3327
7311 2 2 0 110 3341 4247 3339
7312 2 2 0 110 3647 4232 3373
7313 2 2 0 110 3383 3662 3558
7314 2 2 0 110 3384 3688 3677
7315 2 2 0 110 4284 4287 3397
7316 2 2 0 110 3516 3527 3426
7317 2 2 0 110 3430 3585 3449
7318 2 2 0 110 3682 3683 3454
7319 2 2 0 110 3898 3904 3465
7320 2 2 0 110 3501 3587 3485
7321 2 2 0 110 3510 4297 3639
7322 2 2 0 110 3523 3524 3522
7323 2 2 0 110 3535 3536 3525
7324 2 2 0 110 3571 3734 3572
7325 2 2 0 110 4010 4011 3594
7326 2 2 0 110 3601 4208 3917
7327 2 2 0 110 3628 4182 3626
7328 2 2 0 110 3634 4392 3954
7329 2 2 0 110 4456 4459 3665
7330 2 2 0 110 3788 3789 3762
7331 2 2 0 110 3798 3806 3789
7332 2 2 0 110 3806 3807 3789
7333 2 2 0 110 3791 3803 3793
7334 2 2 0 110 3802 4064 4062
7335 2 2 0 110 3895 3989 3896
7336 2 2 0 110 3901 3903 3899
7337 2 2 0 110 3900 3902 3901
7338 2 2 0 110 3900 4264 3902
7339 2 2 0 110 4229 4263 3933
7340 2 2 0 110 4248 4376 3957
7341 2 2 0 110 3972 3997 3970
7342 2 2 0 110 4068 4070 4069
7343 2 2 0 110 276 2595 275
7344 2 2 0 110 2680 3828 2677
7345 2 2 0 110 2698 2699 2697
7346 2 2 0 110 2731 3027 2727
7347 2 2 0 110 3027 4242 2727
7348 2 2 0 110 2756 3093 2751
7349 2 2 0 110 2839 4219 2765
7350 2 2 0 110 2775 2777 2776
7351 2 2 0 110 2781 2782 2780
7352 2 2 0 110 2804 4074 2806
7353 2 2 0 110 2824 2826 2825
7354 2 2 0 110 2840 2842 2841
7355 2 2 0 110 2848 2860 2847
7356 2 2 0 110 2858 2871 2857
7357 2 2 0 110 2860 2883 2862
7358 2 2 0 110 2889 2896 2863
7359 2 2 0 110 2889 2909 2896
7360 2 2 0 110 2901 2934 2902
7361 2 2 0 110 2907 2950 2905
7362 2 2 0 110 3278 3422 2919
7363 2 2 0 110 3104 4120 2920
7364 2 2 0 110 2937 2955 2954
7365 2 2 0 110 2944 3017 2964
7366 2 2 0 110 2980 3446 2982
7367 2 2 0 110 3446 4003 2982
7368 2 2 0 110 3024 4099 3165
7369 2 2 0 110 3028 4309 4103
7370 2 2 0 110 3042 4183 3086
7371 2 2 0 110 3087 3192 3084
7372 2 2 0 110 3105 4204 3153
7373 2 2 0 110 3173 3217 3110
7374 2 2 0 110 3114 4205 3479
7375 2 2 0 110 3141 4149 3233
7376 2 2 0 110 4005 4390 3142
7377 2 2 0 110 3160 3302 3157
7378 2 2 0 110 3434 3918 3324
7379 2 2 0 110 3368 4248 3366
7380 2 2 0 110 3380 3392 3379
7381 2 2 0 110 3497 4266 4133
7382 2 2 0 110 3569 3581 3580
7383 2 2 0 110 3583 4100 3906
7384 2 2 0 110 3605 4261 4186
7385 2 2 0 110 4045 4145 3622
7386 2 2 0 110 3632 3633 3631
7387 2 2 0 110 3634 3953 3952
7388 2 2 0 110 4237 4239 3641
7389 2 2 0 110 3754 3801 3756
7390 2 2 0 110 3789 4201 3762
7391 2 2 0 110 3769 4156 3773
7392 2 2 0 110 3938 3949 3936
7393 2 2 0 110 342 2607 341
7394 2 2 0 110 2687 2690 2689
7395 2 2 0 110 2689 4147 2688
7396 2 2 0 110 4077 4140 2726
7397 2 2 0 110 3478 4235 2755
7398 2 2 0 110 2760 2764 2761
7399 2 2 0 110 2767 4219 4091
7400 2 2 0 110 2771 2773 2772
7401 2 2 0 110 2776 4078 2774
7402 2 2 0 110 2781 3234 2787
7403 2 2 0 110 2789 4211 2782
7404 2 2 0 110 2801 2803 2800
7405 2 2 0 110 2814 2816 2807
7406 2 2 0 110 2867 4143 2886
7407 2 2 0 110 2881 2891 2882
7408 2 2 0 110 2913 2914 2892
7409 2 2 0 110 2898 4254 3213
7410 2 2 0 110 2944 2945 2927
7411 2 2 0 110 3239 4204 2940
7412 2 2 0 110 3018 3019 2948
7413 2 2 0 110 2960 3029 3028
7414 2 2 0 110 2980 2982 2981
7415 2 2 0 110 2999 3001 3000
7416 2 2 0 110 3021 3079 3078
7417 2 2 0 110 3170 3172 3034
7418 2 2 0 110 3055 3597 3177
7419 2 2 0 110 3071 4300 3072
7420 2 2 0 110 3090 4042 3184
7421 2 2 0 110 3184 3185 3092
7422 2 2 0 110 3123 4189 3128
7423 2 2 0 110 3146 3374 3373
7424 2 2 0 110 3230 3470 3172
7425 2 2 0 110 3179 3225 3178
7426 2 2 0 110 3200 3202 3201
7427 2 2 0 110 4289 4303 3208
7428 2 2 0 110 3250 3251 3211
7429 2 2 0 110 3251 4106 3211
7430 2 2 0 110 3316 3330 3221
7431 2 2 0 110 3229 3388 3230
7432 2 2 0 110 3264 3577 3340
7433 2 2 0 110 3467 3596 3265
7434 2 2 0 110 3290 3357 3321
7435 2 2 0 110 3306 4273 3384
7436 2 2 0 110 3323 3326 3325
7437 2 2 0 110 3402 3676 3345
7438 2 2 0 110 4051 4359 3357
7439 2 2 0 110 3363 3512 3511
7440 2 2 0 110 3405 3699 3697
7441 2 2 0 110 3894 3895 3425
7442 2 2 0 110 3442 3540 3466
7443 2 2 0 110 3453 3682 3454
7444 2 2 0 110 3453 3709 3682
7445 2 2 0 110 3456 3458 3457
7446 2 2 0 110 3627 4266 3496
7447 2 2 0 110 3754 3756 3755
7448 2 2 0 110 3839 3840 3838
7449 2 2 0 110 3900 3901 3899
7450 2 2 0 110 2695 2698 2697
7451 2 2 0 110 2708 4199 2705
7452 2 2 0 110 2744 2745 2739
7453 2 2 0 110 2777 2779 2778
7454 2 2 0 110 2804 2805 2803
7455 2 2 0 110 2806 4081 2808
7456 2 2 0 110 3274 4256 2818
7457 2 2 0 110 2844 4195 2843
7458 2 2 0 110 2845 2846 2844
7459 2 2 0 110 2848 2946 2861
7460 2 2 0 110 2879 4153 2869
7461 2 2 0 110 2909 2910 2896
7462 2 2 0 110 2939 4379 4041
7463 2 2 0 110 2942 3352 2972
7464 2 2 0 110 2958 2993 2992
7465 2 2 0 110 2962 4154 3024
7466 2 2 0 110 2975 2976 2967
7467 2 2 0 110 2977 2978 2976
7468 2 2 0 110 3013 3061 3012
7469 2 2 0 110 3063 3065 3064
7470 2 2 0 110 3095 3169 3076
7471 2 2 0 110 3116 4205 3114
7472 2 2 0 110 3197 4215 3135
7473 2 2 0 110 3243 3460 3154
7474 2 2 0 110 3167 3304 3168
7475 2 2 0 110 3195 4192 3196
7476 2 2 0 110 3332 3369 3220
7477 2 2 0 110 3322 3323 3245
7478 2 2 0 110 3248 3968 3477
7479 2 2 0 110 3436 3437 3257
7480 2 2 0 110 4236 4351 3261
7481 2 2 0 110 3300 3314 3313
7482 2 2 0 110 3315 3586 3543
7483 2 2 0 110 3342 3589 3343
7484 2 2 0 110 3350 3593 3378
7485 2 2 0 110 3510 3639 3359
7486 2 2 0 110 3367 3368 3366
7487 2 2 0 110 3404 3658 3403
7488 2 2 0 110 3433 4042 3927
7489 2 2 0 110 3436 3438 3437
7490 2 2 0 110 3486 4210 3488
7491 2 2 0 110 3548 4061 3536
7492 2 2 0 110 3562 3563 3560
7493 2 2 0 110 3757 3759 3758
7494 2 2 0 110 3774 4197 3776
7495 2 2 0 110 3925 4378 3926
7496 2 2 0 110 207 2628 206
7497 2 2 0 110 3137 4128 2741
7498 2 2 0 110 2750 2751 2742
7499 2 2 0 110 2767 4091 2769
7500 2 2 0 110 2784 2817 2783
7501 2 2 0 110 2788 4269 2810
7502 2 2 0 110 2795 2797 2796
7503 2 2 0 110 2804 2806 2805
7504 2 2 0 110 3969 4406 2838
7505 2 2 0 110 2845 2855 2846
7506 2 2 0 110 2860 2862 2847
7507 2 2 0 110 2854 2867 2866
7508 2 2 0 110 2883 2884 2862
7509 2 2 0 110 3502 4178 2862
7510 2 2 0 110 2867 2886 2874
7511 2 2 0 110 2878 4246 2881
7512 2 2 0 110 2886 2919 2887
7513 2 2 0 110 2903 4164 2901
7514 2 2 0 110 2935 4103 2902
7515 2 2 0 110 2913 4255 2926
7516 2 2 0 110 3422 3424 2919
7517 2 2 0 110 2959 2960 2935
7518 2 2 0 110 2940 4204 3105
7519 2 2 0 110 2971 4251 2941
7520 2 2 0 110 2942 4187 3352
7521 2 2 0 110 2959 3031 2960
7522 2 2 0 110 2959 3032 3031
7523 2 2 0 110 3022 3236 2961
7524 2 2 0 110 2964 3014 2970
7525 2 2 0 110 4003 4180 2990
7526 2 2 0 110 3014 3042 3036
7527 2 2 0 110 3163 3164 3038
7528 2 2 0 110 3045 4350 3046
7529 2 2 0 110 3052 3054 3053
7530 2 2 0 110 3052 3055 3054
7531 2 2 0 110 3063 3064 3062
7532 2 2 0 110 3081 3280 3228
7533 2 2 0 110 3090 3184 3092
7534 2 2 0 110 3128 4189 3275
7535 2 2 0 110 3139 3342 3138
7536 2 2 0 110 4125 4215 3197
7537 2 2 0 110 3203 3484 3341
7538 2 2 0 110 3208 4303 3464
7539 2 2 0 110 3219 3331 3220
7540 2 2 0 110 3331 3332 3220
7541 2 2 0 110 3233 3363 3362
7542 2 2 0 110 3236 4177 4021
7543 2 2 0 110 3365 3366 3238
7544 2 2 0 110 3250 4306 3253
7545 2 2 0 110 3264 4261 3605
7546 2 2 0 110 3429 3467 3265
7547 2 2 0 110 3275 3277 3276
7548 2 2 0 110 3280 3448 3348
7549 2 2 0 110 3409 3410 3305
7550 2 2 0 110 3397 4287 3318
7551 2 2 0 110 3349 3533 3532
7552 2 2 0 110 3372 3651 3444
7553 2 2 0 110 3393 3561 3560
7554 2 2 0 110 3409 3907 3680
7555 2 2 0 110 3836 3837 3420
7556 2 2 0 110 4024 4213 3440
7557 2 2 0 110 3458 4037 3881
7558 2 2 0 110 3467 4236 3951
7559 2 2 0 110 3477 3573 3476
7560 2 2 0 110 3520 3522 3521
7561 2 2 0 110 3712 3874 3524
7562 2 2 0 110 3634 3952 3633
7563 2 2 0 110 3761 3763 3762
7564 2 2 0 110 3761 3764 3763
7565 2 2 0 110 3764 4139 3781
7566 2 2 0 110 3940 4361 3938
7567 2 2 0 110 4025 4364 4164
7568 2 2 0 110 4082 4117 4116
7569 2 2 0 110 4118 4119 4116
7570 2 2 0 110 4281 4429 4120
7571 2 2 0 110 4125 4268 4215
7572 2 2 0 110 4284 4288 4287
7573 2 2 0 110 2733 4056 2737
7574 2 2 0 110 2748 2749 2747
7575 2 2 0 110 2765 4219 2767
7576 2 2 0 110 2775 4202 2777
7577 2 2 0 110 2828 2845 2844
7578 2 2 0 110 2843 4173 4137
7579 2 2 0 110 2921 3240 3239
7580 2 2 0 110 2934 4164 3966
7581 2 2 0 110 2990 4181 2986
7582 2 2 0 110 3008 3986 3129
7583 2 2 0 110 3356 4162 3018
7584 2 2 0 110 3189 4278 3083
7585 2 2 0 110 3206 4086 3094
7586 2 2 0 110 3129 4441 3961
7587 2 2 0 110 3147 4232 3237
7588 2 2 0 110 3163 3191 3190
7589 2 2 0 110 3292 3293 3171
7590 2 2 0 110 3188 4234 3259
7591 2 2 0 110 3198 4096 3197
7592 2 2 0 110 3202 3210 3201
7593 2 2 0 110 3217 3311 3218
7594 2 2 0 110 3244 3245 3224
7595 2 2 0 110 3268 3269 3226
7596 2 2 0 110 3407 3409 3305
7597 2 2 0 110 3344 3884 3480
7598 2 2 0 110 3380 3393 3392
7599 2 2 0 110 3402 3722 3721
7600 2 2 0 110 3409 3680 3679
7601 2 2 0 110 4087 4400 3438
7602 2 2 0 110 4368 4369 3506
7603 2 2 0 110 3597 4258 4257
7604 2 2 0 110 3916 4376 3602
7605 2 2 0 110 3607 4303 4289
7606 2 2 0 110 3626 4231 3627
7607 2 2 0 110 3633 3636 3635
7608 2 2 0 110 4131 4232 3647
7609 2 2 0 110 302 2651 301
7610 2 2 0 110 2685 4067 2684
7611 2 2 0 110 2692 4147 2689
7612 2 2 0 110 4110 4207 2708
7613 2 2 0 110 2742 4245 4038
7614 2 2 0 110 2851 4261 2826
7615 2 2 0 110 2869 4153 2856
7616 2 2 0 110 2864 2890 2889
7617 2 2 0 110 2872 2903 2901
7618 2 2 0 110 2895 3624 3429
7619 2 2 0 110 2904 2905 2903
7620 2 2 0 110 2908 2920 2907
7621 2 2 0 110 2943 4251 4154
7622 2 2 0 110 3105 3152 3106
7623 2 2 0 110 3152 3897 3182
7624 2 2 0 110 3184 3433 3308
7625 2 2 0 110 3207 3347 3208
7626 2 2 0 110 3212 4366 4221
7627 2 2 0 110 3375 3526 3241
7628 2 2 0 110 3263 3315 3309
7629 2 2 0 110 3514 4276 3298
7630 2 2 0 110 4185 4277 3355
7631 2 2 0 110 3599 3601 3368
7632 2 2 0 110 3909 3910 3432
7633 2 2 0 110 3479 4223 4207
7634 2 2 0 110 4148 4159 3512
7635 2 2 0 110 3628 4298 4182
7636 2 2 0 110 3631 4339 3630
7637 2 2 0 110 3643 3645 3644
7638 2 2 0 110 3888 3890 3889
7639 2 2 0 110 4033 4223 4030
7640 2 2 0 110 4161 4199 4033
7641 2 2 0 110 2741 4128 2740
7642 2 2 0 110 2762 4235 2784
7643 2 2 0 110 2895 3265 2879
7644 2 2 0 110 2900 2917 2899
7645 2 2 0 110 3031 4307 2960
7646 2 2 0 110 2999 4085 3150
7647 2 2 0 110 3072 3074 3073
7648 2 2 0 110 3086 3221 3077
7649 2 2 0 110 3094 3097 3095
7650 2 2 0 110 3181 3333 3310
7651 2 2 0 110 3442 3466 3189
7652 2 2 0 110 3191 3307 3306
7653 2 2 0 110 4122 4192 3195
7654 2 2 0 110 3347 4289 3208
7655 2 2 0 110 3323 3324 3245
7656 2 2 0 110 3278 4143 3623
7657 2 2 0 110 3280 3348 3281
7658 2 2 0 110 3918 3993 3324
7659 2 2 0 110 3388 3700 3389
7660 2 2 0 110 3849 4285 3437
7661 2 2 0 110 3463 4150 3692
7662 2 2 0 110 4177 4327 3502
7663 2 2 0 110 3524 3525 3522
7664 2 2 0 110 3535 3544 3536
7665 2 2 0 110 3540 3729 3727
7666 2 2 0 110 3777 4197 3774
7667 2 2 0 110 3971 3972 3970
7668 2 2 0 110 4309 4333 4103
7669 2 2 0 110 4200 4424 4403
7670 2 2 0 110 299 2616 298
7671 2 2 0 110 2688 4184 4067
7672 2 2 0 110 3440 4213 2753
7673 2 2 0 110 2779 2780 2778
7674 2 2 0 110 3474 4254 2842
7675 2 2 0 110 2893 2911 2894
7676 2 2 0 110 2961 4021 2916
7677 2 2 0 110 3997 4437 2922
7678 2 2 0 110 2932 2957 2933
7679 2 2 0 110 2955 2956 2954
7680 2 2 0 110 2982 4003 2984
7681 2 2 0 110 3011 3986 3008
7682 2 2 0 110 3013 4036 3063
7683 2 2 0 110 3100 3155 3154
7684 2 2 0 110 3109 3110 3107
7685 2 2 0 110 3122 4262 3117
7686 2 2 0 110 3125 4262 4210
7687 2 2 0 110 3135 4215 3134
7688 2 2 0 110 3162 4310 3163
7689 2 2 0 110 3163 3190 3164
7690 2 2 0 110 3184 4042 3433
7691 2 2 0 110 3196 4192 3199
7692 2 2 0 110 3223 3244 3224
7693 2 2 0 110 3320 4043 3289
7694 2 2 0 110 3322 4216 3323
7695 2 2 0 110 3332 3370 3369
7696 2 2 0 110 3861 4168 3449
7697 2 2 0 110 3556 3557 3555
7698 2 2 0 110 3609 3611 3610
7699 2 2 0 110 3645 4167 3644
7700 2 2 0 110 4191 4285 3849
7701 2 2 0 110 4058 4264 3900
7702 2 2 0 110 3905 4427 4395
7703 2 2 0 110 4074 4259 4081
7704 2 2 0 110 4081 4259 4082
7705 2 2 0 110 4082 4259 4117
7706 2 2 0 110 4109 4262 4190
7707 2 2 0 110 2708 4207 4199
7708 2 2 0 110 2815 4137 2814
7709 2 2 0 110 2862 4178 2847
7710 2 2 0 110 3029 3139 3138
7711 2 2 0 110 3037 4028 3162
7712 2 2 0 110 3177 4198 3056
7713 2 2 0 110 3062 3640 3061
7714 2 2 0 110 3156 3261 3158
7715 2 2 0 110 3182 3301 3183
7716 2 2 0 110 3216 4264 4058
7717 2 2 0 110 3251 4160 4106
7718 2 2 0 110 3394 3483 3294
7719 2 2 0 110 3378 3504 3303
7720 2 2 0 110 3314 3380 3379
7721 2 2 0 110 4287 4288 3335
7722 2 2 0 110 3977 4336 3446
7723 2 2 0 110 4017 4298 3468
7724 2 2 0 110 3494 4266 3497
7725 2 2 0 110 3505 3988 3965
7726 2 2 0 110 3512 4149 4148
7727 2 2 0 110 3551 4367 3725
7728 2 2 0 110 3653 3664 3663
7729 2 2 0 110 3664 3668 3663
7730 2 2 0 110 3761 4139 3764
7731 2 2 0 110 4379 4393 3932
7732 2 2 0 110 4184 4185 4067
7733 2 2 0 110 205 2615 5
7734 2 2 0 110 2878 2880 2879
7735 2 2 0 110 2930 2931 2912
7736 2 2 0 110 2915 2941 2916
7737 2 2 0 110 2930 4322 2951
7738 2 2 0 110 2982 2983 2981
7739 2 2 0 110 2995 3009 2997
7740 2 2 0 110 3018 4162 3146
7741 2 2 0 110 3035 3171 3170
7742 2 2 0 110 3072 3073 3070
7743 2 2 0 110 3346 3591 3099
7744 2 2 0 110 3100 4302 3156
7745 2 2 0 110 4172 4397 3144
7746 2 2 0 110 3156 3158 3157
7747 2 2 0 110 3263 3309 3205
7748 2 2 0 110 3253 3254 3252
7749 2 2 0 110 3298 4276 3300
7750 2 2 0 110 3323 4216 3326
7751 2 2 0 110 3411 3554 3387
7752 2 2 0 110 3481 4271 3486
7753 2 2 0 110 3488 4210 4109
7754 2 2 0 110 3501 3588 3587
7755 2 2 0 110 3629 4356 3511
7756 2 2 0 110 3537 3669 3539
7757 2 2 0 110 3643 3652 3645
7758 2 2 0 110 3776 4197 3782
7759 2 2 0 110 3901 4402 3903
7760 2 2 0 110 4199 4207 4033
7761 2 2 0 110 2759 4250 2757
7762 2 2 0 110 2809 4363 2779
7763 2 2 0 110 2807 4129 2805
7764 2 2 0 110 2808 4081 2827
7765 2 2 0 110 2881 4246 4020
7766 2 2 0 110 2883 4187 2915
7767 2 2 0 110 3212 4220 2896
7768 2 2 0 110 3235 4222 2976
7769 2 2 0 110 3009 4085 2997
7770 2 2 0 110 3069 3070 3068
7771 2 2 0 110 3110 3932 3107
7772 2 2 0 110 4190 4262 3122
7773 2 2 0 110 3146 4162 3374
7774 2 2 0 110 3281 4312 3228
7775 2 2 0 110 3244 4286 3412
7776 2 2 0 110 3354 3609 3608
7777 2 2 0 110 3705 3711 3428
7778 2 2 0 110 3801 3802 3756
7779 2 2 0 110 3840 3841 3838
7780 2 2 0 110 2835 4172 3144
7781 2 2 0 110 3028 4103 2935
7782 2 2 0 110 2943 4154 2962
7783 2 2 0 110 2964 2970 2945
7784 2 2 0 110 3129 4275 3006
7785 2 2 0 110 3138 4309 3028
7786 2 2 0 110 3071 3072 3070
7787 2 2 0 110 4039 4370 3096
7788 2 2 0 110 3248 3475 3164
7789 2 2 0 110 3225 3382 3178
7790 2 2 0 110 3181 4350 3507
7791 2 2 0 110 3334 3381 3301
7792 2 2 0 110 3307 4273 3306
7793 2 2 0 110 3457 4238 3921
7794 2 2 0 110 3464 4229 4129
7795 2 2 0 110 3464 4303 4263
7796 2 2 0 110 4156 4206 3790
7797 2 2 0 110 4207 4223 4033
7798 2 2 0 110 2762 2784 2783
7799 2 2 0 110 2847 4178 2817
7800 2 2 0 110 2818 4256 2848
7801 2 2 0 110 2822 2823 2820
7802 2 2 0 110 2859 4195 2844
7803 2 2 0 110 2848 4256 2946
7804 2 2 0 110 2854 4196 4143
7805 2 2 0 110 2926 2944 2927
7806 2 2 0 110 2942 2971 2941
7807 2 2 0 110 3001 4317 3003
7808 2 2 0 110 3069 4214 3499
7809 2 2 0 110 3072 4300 3075
7810 2 2 0 110 4210 4271 3125
7811 2 2 0 110 3243 3461 3460
7812 2 2 0 110 3315 3543 3542
7813 2 2 0 110 3921 4289 3347
7814 2 2 0 110 4327 4345 3356
7815 2 2 0 110 3366 4248 4130
7816 2 2 0 110 3486 4271 4210
7817 2 2 0 110 3727 3728 3541
7818 2 2 0 110 3551 3725 3714
7819 2 2 0 110 3600 4391 3914
7820 2 2 0 110 3609 4279 3985
7821 2 2 0 110 3613 4331 3614
7822 2 2 0 110 4180 4336 3613
7823 2 2 0 110 3790 4206 3792
7824 2 2 0 110 3863 3891 3862
7825 2 2 0 110 4068 4249 4070
7826 2 2 0 110 2679 2680 2677
7827 2 2 0 110 3450 4219 2839
7828 2 2 0 110 2977 2979 2978
7829 2 2 0 110 3032 3081 3080
7830 2 2 0 110 3041 4028 3037
7831 2 2 0 110 3074 3176 3073
7832 2 2 0 110 3289 3291 3288
7833 2 2 0 110 3289 4043 3291
7834 2 2 0 110 3381 3471 3301
7835 2 2 0 110 3399 4265 3400
7836 2 2 0 110 3408 4340 3671
7837 2 2 0 110 3523 3715 3712
7838 2 2 0 110 3546 3693 3547
7839 2 2 0 110 3562 3564 3563
7840 2 2 0 110 3914 4226 3913
7841 2 2 0 110 3966 4364 4326
7842 2 2 0 110 4112 4333 4008
7843 2 2 0 110 2679 2682 2681
7844 2 2 0 110 2684 4296 2681
7845 2 2 0 110 2891 2892 2882
7846 2 2 0 110 2893 2894 2888
7847 2 2 0 110 3055 4325 3597
7848 2 2 0 110 3056 4198 3058
7849 2 2 0 110 3090 3091 3089
7850 2 2 0 110 3156 4302 3261
7851 2 2 0 110 3554 3555 3387
7852 2 2 0 110 3464 4263 4229
7853 2 2 0 110 3931 4252 3470
7854 2 2 0 110 3517 3999 3998
7855 2 2 0 110 3546 3547 3545
7856 2 2 0 110 3643 3644 3552
7857 2 2 0 110 2678 3882 2679
7858 2 2 0 110 2777 4202 2809
7859 2 2 0 110 2831 4385 2929
7860 2 2 0 110 2852 2853 2851
7861 2 2 0 110 4186 4261 2851
7862 2 2 0 110 2933 4104 2910
7863 2 2 0 110 2984 2985 2983
7864 2 2 0 110 3008 3129 3006
7865 2 2 0 110 3013 3062 3061
7866 2 2 0 110 3077 4075 3159
7867 2 2 0 110 3176 3631 3630
7868 2 2 0 110 3181 3507 3333
7869 2 2 0 110 3584 4294 3337
7870 2 2 0 110 3593 3659 3378
7871 2 2 0 110 3923 4265 3399
7872 2 2 0 110 4145 4268 3622
7873 2 2 0 110 4098 4370 4097
7874 2 2 0 110 225 2642 224
7875 2 2 0 110 2895 3429 3265
7876 2 2 0 110 2932 2933 2910
7877 2 2 0 110 3966 4326 3032
7878 2 2 0 110 3047 4299 3044
7879 2 2 0 110 3105 3153 3152
7880 2 2 0 110 4157 4305 3209
7881 2 2 0 110 3681 3705 3428
7882 2 2 0 110 4298 4305 3468
7883 2 2 0 110 3673 3675 3672
7884 2 2 0 110 3682 3911 3683
7885 2 2 0 110 4228 4229 3933
7886 2 2 0 110 2688 4067 2685
7887 2 2 0 110 2725 4242 4017
7888 2 2 0 110 2812 4169 2790
7889 2 2 0 110 2910 3212 2896
7890 2 2 0 110 2901 4164 2934
7891 2 2 0 110 2942 2972 2971
7892 2 2 0 110 3020 4239 4237
7893 2 2 0 110 4013 4338 3143
7894 2 2 0 110 3163 4310 3191
7895 2 2 0 110 3209 4305 4155
7896 2 2 0 110 3273 4060 3319
7897 2 2 0 110 4189 4260 3275
7898 2 2 0 110 3285 4279 3354
7899 2 2 0 110 3639 4253 3359
7900 2 2 0 110 3402 4362 3722
7901 2 2 0 110 3879 4352 3471
7902 2 2 0 110 4214 4270 3499
7903 2 2 0 110 2755 4235 2762
7904 2 2 0 110 2818 2848 2847
7905 2 2 0 110 2941 2943 2916
7906 2 2 0 110 3236 4021 2961
7907 2 2 0 110 3034 4252 2971
7908 2 2 0 110 2999 3150 3001
7909 2 2 0 110 3007 3131 3010
7910 2 2 0 110 3099 4302 3100
7911 2 2 0 110 3526 4272 3241
7912 2 2 0 110 3278 3423 3422
7913 2 2 0 110 3280 4326 3448
7914 2 2 0 110 3283 4253 3355
7915 2 2 0 110 3332 3549 3370
7916 2 2 0 110 3339 4247 3473
7917 2 2 0 110 4369 4370 3518
7918 2 2 0 110 4178 4327 4212
7919 2 2 0 110 2906 2908 2907
7920 2 2 0 110 3355 4233 3255
7921 2 2 0 110 3304 4341 3408
7922 2 2 0 110 4083 4438 4018
7923 2 2 0 110 2727 4242 2725
7924 2 2 0 110 2843 4137 2815
7925 2 2 0 110 4178 4212 2817
7926 2 2 0 110 2838 4406 2834
7927 2 2 0 110 2837 4141 2858
7928 2 2 0 110 2882 4320 2880
7929 2 2 0 110 3017 4316 2964
7930 2 2 0 110 3093 4376 4245
7931 2 2 0 110 3176 3632 3631
7932 2 2 0 110 3242 3375 3241
7933 2 2 0 110 3602 4248 3368
7934 2 2 0 110 3496 4266 3494
7935 2 2 0 110 3544 3545 3536
7936 2 2 0 110 3545 3548 3536
7937 2 2 0 110 3622 4268 4125
7938 2 2 0 110 3770 4206 4156
7939 2 2 0 110 3875 4328 3848
7940 2 2 0 110 4142 4424 4200
7941 2 2 0 110 3234 4244 2787
7942 2 2 0 110 3044 4299 3043
7943 2 2 0 110 3220 4239 3078
7944 2 2 0 110 4059 4310 3162
7945 2 2 0 110 3275 4260 3277
7946 2 2 0 110 3326 4216 3550
7947 2 2 0 110 3407 3907 3409
7948 2 2 0 110 3639 4297 4296
7949 2 2 0 110 4177 4345 4327
7950 2 2 0 110 3078 4239 3020
7951 2 2 0 110 3149 4405 3022
7952 2 2 0 110 3075 3206 3094
7953 2 2 0 110 3106 4281 3104
7954 2 2 0 110 3125 4271 3967
7955 2 2 0 110 4159 4308 3629
7956 2 2 0 110 4210 4262 4109
7957 2 2 0 110 4103 4112 2902
7958 2 2 0 110 2954 3975 2953
7959 2 2 0 110 3068 4165 3167
7960 2 2 0 110 3270 4304 3226
7961 2 2 0 110 3641 4239 3369
7962 2 2 0 110 3557 4338 3555
7963 2 2 0 110 3963 3964 3715
7964 2 2 0 110 3759 4201 3758
7965 2 2 0 110 3762 4201 3759
7966 2 2 0 110 2946 4256 3973
7967 2 2 0 110 3003 4317 3026
7968 2 2 0 110 3075 4300 3206
7969 2 2 0 110 3437 4343 3257
7970 2 2 0 110 4310 4374 3307
7971 2 2 0 110 3328 3329 3327
7972 2 2 0 110 3607 4270 3353
7973 2 2 0 110 3468 4305 4157
7974 2 2 0 110 4304 4387 3503
7975 2 2 0 110 3569 3580 3557
7976 2 2 0 110 4382 4383 3604
7977 2 2 0 110 3615 4228 3933
7978 2 2 0 110 4059 4374 4310
7979 2 2 0 110 3101 4169 2812
7980 2 2 0 110 2902 4112 2871
7981 2 2 0 110 3337 4294 3089
7982 2 2 0 110 4028 4059 3162
7983 2 2 0 110 3508 4344 3333
7984 2 2 0 110 3354 3608 3607
7985 2 2 0 110 3523 3963 3715
7986 2 2 0 110 4011 4138 3594
7987 2 2 0 110 4143 4196 3623
7988 2 2 0 110 4164 4364 3966
7989 2 2 0 110 4291 4292 4151
7990 2 2 0 110 2926 4255 4047
7991 2 2 0 110 3032 4326 3081
7992 2 2 0 110 3333 4344 3405
7993 2 2 0 110 3353 4270 4214
7994 2 2 0 110 4105 4412 3469
7995 2 2 0 110 4150 4151 3692
7996 2 2 0 110 3978 4369 4368
7997 2 2 0 110 2921 4230 3240
7998 2 2 0 110 2976 4222 2967
7999 2 2 0 110 4318 4392 3169
8000 2 2 0 110 3852 4247 3341
8001 2 2 0 110 3502 4327 4178
8002 2 2 0 110 4216 4217 3550
8003 2 2 0 110 3624 4378 4301
8004 2 2 0 110 2743 4365 2829
8005 2 2 0 110 4171 4418 2849
8006 2 2 0 110 3040 4419 3045
8007 2 2 0 110 3187 4076 3385
8008 2 2 0 110 3249 4306 3250
8009 2 2 0 110 3300 4276 3528
8010 2 2 0 110 3876 4004 3309
8011 2 2 0 110 2751 4245 2742
8012 2 2 0 110 2992 4104 2933
8013 2 2 0 110 3465 4104 2992
8014 2 2 0 110 3584 4384 4294
8015 2 2 0 110 4186 4342 3605
8016 2 2 0 110 3635 4339 3631
8017 2 2 0 110 3869 4333 4309
8018 2 2 0 110 4331 4336 3977
8019 2 2 0 110 4233 4277 4160
8020 2 2 0 110 2925 4255 2913
8021 2 2 0 110 3062 4243 3640
8022 2 2 0 110 3338 4381 3200
8023 2 2 0 110 3511 4368 3506
8024 2 2 0 110 3949 4375 3902
8025 2 2 0 110 3093 4245 2751
8026 2 2 0 110 2904 4200 2906
8027 2 2 0 110 3006 4275 3004
8028 2 2 0 110 4104 4366 3212
8029 2 2 0 110 4212 4327 3356
8030 2 2 0 110 3504 4324 4002
8031 2 2 0 110 3515 4399 4088
8032 2 2 0 110 3614 4331 3617
8033 2 2 0 110 3663 4167 3645
8034 2 2 0 110 3651 4443 4388
8035 2 2 0 110 2886 4143 3278
8036 2 2 0 110 2960 4307 3029
8037 2 2 0 110 2974 4371 3102
8038 2 2 0 110 3382 4267 3178
8039 2 2 0 110 3342 4417 3589
8040 2 2 0 110 4193 4194 3514
8041 2 2 0 110 3546 3694 3693
8042 2 2 0 110 4003 4336 4180
8043 2 2 0 110 2988 4174 2985
8044 2 2 0 110 3144 4401 4141
8045 2 2 0 110 3191 4310 3307
8046 2 2 0 110 3469 4050 3286
8047 2 2 0 110 3939 4433 3940
8048 2 2 0 110 2816 4129 2807
8049 2 2 0 110 3029 4307 3500
8050 2 2 0 110 3227 4013 3080
8051 2 2 0 110 3302 4124 3157
8052 2 2 0 110 3369 4239 3220
8053 2 2 0 110 3286 4051 3287
8054 2 2 0 110 3356 4345 4162
8055 2 2 0 110 4221 4395 3450
8056 2 2 0 110 3644 4367 3552
8057 2 2 0 110 2967 4222 2947
8058 2 2 0 110 3591 4302 3099
8059 2 2 0 110 3518 4295 3362
8060 2 2 0 110 4162 4345 3649
8061 2 2 0 110 4375 4390 3902
8062 2 2 0 110 2681 4296 2680
8063 2 2 0 110 3144 4141 2837
8064 2 2 0 110 2949 4322 2930
8065 2 2 0 110 4413 4415 2987
8066 2 2 0 110 3004 4275 3935
8067 2 2 0 110 3083 4278 3085
8068 2 2 0 110 3288 4382 4127
8069 2 2 0 110 3317 4311 3414
8070 2 2 0 110 4326 4364 3448
8071 2 2 0 110 3453 4265 3709
8072 2 2 0 110 3753 4422 3785
8073 2 2 0 110 4091 4427 2786
8074 2 2 0 110 2906 4200 2938
8075 2 2 0 110 3257 4323 3057
8076 2 2 0 110 4397 4401 3144
8077 2 2 0 110 3359 4253 3283
8078 2 2 0 110 3994 4329 3327
8079 2 2 0 110 3385 4386 4286
8080 2 2 0 110 3462 4314 4313
8081 2 2 0 110 4308 4372 3629
8082 2 2 0 110 2923 4348 4249
8083 2 2 0 110 3103 4174 2988
8084 2 2 0 110 3160 4267 3302
8085 2 2 0 110 4209 4318 3169
8086 2 2 0 110 3202 4381 3249
8087 2 2 0 110 4282 4283 3397
8088 2 2 0 110 3589 4412 3987
8089 2 2 0 110 3999 4429 4281
8090 2 2 0 110 3659 4324 3378
8091 2 2 0 110 3503 4387 3706
8092 2 2 0 110 3938 4361 3949
8093 2 2 0 110 3330 4075 3221
8094 2 2 0 110 3340 4404 3447
8095 2 2 0 110 3354 4279 3609
8096 2 2 0 110 3529 4442 3962
8097 2 2 0 110 3178 4267 3160
8098 2 2 0 110 3400 4265 3453
8099 2 2 0 110 3412 4286 3696
8100 2 2 0 110 4290 4291 4151
8101 2 2 0 110 4394 4415 4194
8102 2 2 0 110 3221 4075 3077
8103 2 2 0 110 4127 4382 3604
8104 2 2 0 110 3070 4165 3068
8105 2 2 0 110 3171 4158 3170
8106 2 2 0 110 3355 4277 4233
8107 2 2 0 110 3357 4359 3606
8108 2 2 0 110 2895 4320 3624
8109 2 2 0 110 2938 4230 2908
8110 2 2 0 110 2947 4222 3505
8111 2 2 0 110 3020 4237 2958
8112 2 2 0 110 2964 4316 3014
8113 2 2 0 110 4185 4358 4067
8114 2 2 0 110 3646 4432 4421
8115 2 2 0 110 3914 4365 4226
8116 2 2 0 110 4251 4252 3931
8117 2 2 0 110 2779 4363 2781
8118 2 2 0 110 2781 4363 3234
8119 2 2 0 110 3089 4294 3087
8120 2 2 0 110 3837 3838 3420
8121 2 2 0 110 4449 4462 3812
8122 2 2 0 110 3978 4368 2759
8123 2 2 0 110 3087 4294 3192
8124 2 2 0 110 4406 4416 3132
8125 2 2 0 110 4294 4384 3192
8126 2 2 0 110 3629 4372 4356
8127 2 2 0 110 4103 4333 4112
8128 2 2 0 110 3606 4113 3358
8129 2 2 0 110 4301 4378 3445
8130 2 2 0 110 3835 4384 3584
8131 2 2 0 110 3954 4313 3953
8132 2 2 0 110 2908 4230 2921
8133 2 2 0 110 2918 4337 4046
8134 2 2 0 110 3291 4382 3288
8135 2 2 0 110 3361 4295 3516
8136 2 2 0 110 4425 4438 3528
8137 2 2 0 110 4353 4420 3009
8138 2 2 0 110 4272 4388 3149
8139 2 2 0 110 3973 4428 3214
8140 2 2 0 110 3228 4312 3386
8141 2 2 0 110 4067 4358 2684
8142 2 2 0 110 3073 4165 3070
8143 2 2 0 110 3157 4124 3155
8144 2 2 0 110 2832 4406 3132
8145 2 2 0 110 3174 4325 3050
8146 2 2 0 110 3104 4281 4120
8147 2 2 0 110 3234 4319 4244
8148 2 2 0 110 4250 4372 4019
8149 2 2 0 110 4249 4348 4070
8150 2 2 0 110 3045 4419 4407
8151 2 2 0 110 3483 4158 3294
8152 2 2 0 110 3474 4308 4254
8153 2 2 0 110 3750 4476 3751
8154 2 2 0 110 2880 4320 2895
8155 2 2 0 110 2987 4415 2978
8156 2 2 0 110 3335 4304 3270
8157 2 2 0 110 4285 4343 3437
8158 2 2 0 110 4150 4290 4151
8159 2 2 0 110 3052 4325 3055
8160 2 2 0 110 3096 4369 3978
8161 2 2 0 110 4432 4444 3372
8162 2 2 0 110 4076 4107 3385
8163 2 2 0 110 3605 4342 3833
8164 2 2 0 110 4422 4449 3812
8165 2 2 0 110 2900 4337 2918
8166 2 2 0 110 3403 4282 3395
8167 2 2 0 110 2680 4297 3828
8168 2 2 0 110 3054 4323 3053
8169 2 2 0 110 4050 4051 3286
8170 2 2 0 110 3395 4282 3397
8171 2 2 0 110 3405 4344 3699
8172 2 2 0 110 3169 4392 4144
8173 2 2 0 110 3506 4369 3518
8174 2 2 0 110 3637 4409 3638
8175 2 2 0 110 4097 4370 4039
8176 2 2 0 110 3064 4243 3062
8177 2 2 0 110 3085 4278 3175
8178 2 2 0 110 3460 4209 3154
8179 2 2 0 110 3904 4366 3465
8180 2 2 0 110 2971 4252 4251
8181 2 2 0 110 3214 4371 2974
8182 2 2 0 110 3080 4013 3143
8183 2 2 0 110 3143 4377 4307
8184 2 2 0 110 2958 4237 2993
8185 2 2 0 110 3014 4316 3151
8186 2 2 0 110 3606 4335 4113
8187 2 2 0 110 3294 4158 3171
8188 2 2 0 110 3679 4469 3410
8189 2 2 0 110 3755 4422 3753
8190 2 2 0 110 3465 4366 4104
8191 2 2 0 110 3467 4351 4236
8192 2 2 0 110 3103 4468 4463
8193 2 2 0 110 3203 4269 3484
8194 2 2 0 110 3362 4295 3361
8195 2 2 0 110 3516 4416 3969
8196 2 2 0 110 4345 4380 3649
8197 2 2 0 110 3957 4376 3093
8198 2 2 0 110 3154 4209 3098
8199 2 2 0 110 3533 4352 3717
8200 2 2 0 110 4088 4391 3600
8201 2 2 0 110 3038 4280 2969
8202 2 2 0 110 3603 4338 3557
8203 2 2 0 110 3646 4421 3647
8204 2 2 0 110 3648 4444 4432
8205 2 2 0 110 3649 4380 3650
8206 2 2 0 110 4380 4405 3650
8207 2 2 0 110 4177 4380 4345
8208 2 2 0 110 2810 4269 3203
8209 2 2 0 110 2949 4355 4322
8210 2 2 0 110 3315 4357 3586
8211 2 2 0 110 3327 4329 3325
8212 2 2 0 110 2936 4393 2917
8213 2 2 0 110 3050 4325 3052
8214 2 2 0 110 3200 4381 3202
8215 2 2 0 110 3444 4445 4204
8216 2 2 0 110 3469 4417 4050
8217 2 2 0 110 4053 4401 4052
8218 2 2 0 110 4356 4372 4250
8219 2 2 0 110 3213 4337 2900
8220 2 2 0 110 2969 4280 3015
8221 2 2 0 110 3192 4384 4087
8222 2 2 0 110 4451 4457 3380
8223 2 2 0 110 4373 4374 3687
8224 2 2 0 110 4131 4403 4053
8225 2 2 0 110 4356 4368 3511
8226 2 2 0 110 3378 4324 3504
8227 2 2 0 110 3969 4416 4406
8228 2 2 0 110 4219 4395 4091
8229 2 2 0 110 2829 4385 2831
8230 2 2 0 110 4052 4397 3515
8231 2 2 0 110 4339 4341 3630
8232 2 2 0 110 4371 4409 3637
8233 2 2 0 110 2759 4356 4250
8234 2 2 0 110 3902 4390 3901
8235 2 2 0 110 3335 4387 4304
8236 2 2 0 110 3438 4400 3850
8237 2 2 0 110 4321 4379 3480
8238 2 2 0 110 3998 4347 4346
8239 2 2 0 110 4041 4379 4321
8240 2 2 0 110 3903 4427 3905
8241 2 2 0 110 2678 2679 2677
8242 2 2 0 110 3579 4452 4234
8243 2 2 0 110 2786 4402 4005
8244 2 2 0 110 3057 4323 3054
8245 2 2 0 110 4361 4375 3949
8246 2 2 0 110 4256 4414 3973
8247 2 2 0 110 2929 4399 4172
8248 2 2 0 110 3884 4321 3480
8249 2 2 0 110 3509 4407 3642
8250 2 2 0 110 4107 4386 3385
8251 2 2 0 110 3526 4388 4272
8252 2 2 0 110 4131 4410 4403
8253 2 2 0 110 2927 4439 3989
8254 2 2 0 110 3214 4409 4371
8255 2 2 0 110 3236 4380 4177
8256 2 2 0 110 3386 4312 3670
8257 2 2 0 110 3827 4398 3575
8258 2 2 0 110 3653 4456 3665
8259 2 2 0 110 4403 4424 4053
8260 2 2 0 110 3107 4393 2936
8261 2 2 0 110 4288 4387 3335
8262 2 2 0 110 4339 4340 3408
8263 2 2 0 110 4163 4430 3478
8264 2 2 0 110 3229 4334 3388
8265 2 2 0 110 3478 4430 4235
8266 2 2 0 110 3517 4429 3999
8267 2 2 0 110 3977 4354 4331
8268 2 2 0 110 3408 4341 4339
8269 2 2 0 110 4319 4434 3588
8270 2 2 0 110 2834 4406 2832
8271 2 2 0 110 3617 4354 3637
8272 2 2 0 110 2938 4410 4230
8273 2 2 0 110 3578 4404 3340
8274 2 2 0 110 3914 4385 4365
8275 2 2 0 110 4296 4297 2680
8276 2 2 0 110 3067 4243 3064
8277 2 2 0 110 4403 4410 2938
8278 2 2 0 110 2950 4396 4025
8279 2 2 0 110 3450 4395 4219
8280 2 2 0 110 4141 4424 4142
8281 2 2 0 110 2945 4439 2927
8282 2 2 0 110 3045 4407 4350
8283 2 2 0 110 4442 4453 3180
8284 2 2 0 110 3235 4394 4389
8285 2 2 0 110 3236 4405 4380
8286 2 2 0 110 3377 4240 4000
8287 2 2 0 110 3538 4332 3537
8288 2 2 0 110 4273 4373 4274
8289 2 2 0 110 4120 4429 2950
8290 2 2 0 110 2995 4353 3009
8291 2 2 0 110 3235 4389 4222
8292 2 2 0 110 4052 4401 4397
8293 2 2 0 110 3022 4405 3236
8294 2 2 0 110 3435 4357 3263
8295 2 2 0 110 3513 4360 4359
8296 2 2 0 110 4286 4386 3696
8297 2 2 0 110 2993 4353 2995
8298 2 2 0 110 2972 4349 3035
8299 2 2 0 110 2978 4415 3235
8300 2 2 0 110 4421 4432 3240
8301 2 2 0 110 3785 4422 3812
8302 2 2 0 110 3009 4435 4085
8303 2 2 0 110 3235 4415 4394
8304 2 2 0 110 3998 4346 3349
8305 2 2 0 110 4049 4474 3360
8306 2 2 0 110 3647 4410 4131
8307 2 2 0 110 3526 4411 4388
8308 2 2 0 110 3897 4453 3673
8309 2 2 0 110 3039 4419 3040
8310 2 2 0 110 3263 4357 3315
8311 2 2 0 110 3654 4411 3526
8312 2 2 0 110 3635 4340 4339
8313 2 2 0 110 2759 4368 4356
8314 2 2 0 110 3758 4422 3755
8315 2 2 0 110 4307 4377 3500
8316 2 2 0 110 3514 4413 4276
8317 2 2 0 110 4331 4354 3617
8318 2 2 0 110 4413 4425 4276
8319 2 2 0 110 4200 4403 2938
8320 2 2 0 110 3648 4432 3646
8321 2 2 0 110 4391 4399 2929
8322 2 2 0 110 3307 4374 4373
8323 2 2 0 110 3505 4389 3988
8324 2 2 0 110 4365 4385 2829
8325 2 2 0 110 3214 4428 4409
8326 2 2 0 110 3242 4240 3377
8327 2 2 0 110 4412 4417 3469
8328 2 2 0 110 4188 4349 3352
8329 2 2 0 110 3537 4332 3669
8330 2 2 0 110 3932 4393 3107
8331 2 2 0 110 3574 4450 3831
8332 2 2 0 110 3638 4409 3888
8333 2 2 0 110 4464 4471 3547
8334 2 2 0 110 3642 4436 3643
8335 2 2 0 110 3274 4430 4414
8336 2 2 0 110 3521 4420 3519
8337 2 2 0 110 4088 4399 4391
8338 2 2 0 110 4084 4438 4083
8339 2 2 0 110 4194 4415 4413
8340 2 2 0 110 3132 4416 4098
8341 2 2 0 110 4396 4429 3517
8342 2 2 0 110 3274 4414 4256
8343 2 2 0 110 2987 4425 4413
8344 2 2 0 110 4230 4421 3240
8345 2 2 0 110 3528 4451 3314
8346 2 2 0 110 3352 4349 2972
8347 2 2 0 110 3410 4408 3305
8348 2 2 0 110 4174 4460 2991
8349 2 2 0 110 3305 4408 3168
8350 2 2 0 110 4235 4430 3274
8351 2 2 0 110 3372 4444 3651
8352 2 2 0 110 4410 4421 4230
8353 2 2 0 110 3349 4346 3533
8354 2 2 0 110 4222 4389 3505
8355 2 2 0 110 3460 4318 4209
8356 2 2 0 110 3654 4454 4445
8357 2 2 0 110 3131 4448 3010
8358 2 2 0 110 4018 4425 2987
8359 2 2 0 110 4201 4449 3758
8360 2 2 0 110 3812 4462 3816
8361 2 2 0 110 4401 4424 4141
8362 2 2 0 110 4276 4425 3528
8363 2 2 0 110 3307 4373 4273
8364 2 2 0 110 4084 4457 4451
8365 2 2 0 110 3972 4437 3997
8366 2 2 0 110 2973 4439 2945
8367 2 2 0 110 3259 4452 4101
8368 2 2 0 110 3647 4421 4410
8369 2 2 0 110 3240 4432 3372
8370 2 2 0 110 4411 4445 3444
8371 2 2 0 110 3589 4417 4412
8372 2 2 0 110 3962 4454 3654
8373 2 2 0 110 3888 4428 3890
8374 2 2 0 110 4447 4458 3150
8375 2 2 0 110 3940 4433 4363
8376 2 2 0 110 4225 4473 4049
8377 2 2 0 110 3332 4293 3549
8378 2 2 0 110 3855 4455 3854
8379 2 2 0 110 3331 4293 3332
8380 2 2 0 110 4194 4413 3514
8381 2 2 0 110 4402 4427 3903
8382 2 2 0 110 4027 4459 4026
8383 2 2 0 110 3404 4426 3658
8384 2 2 0 110 3588 4441 3856
8385 2 2 0 110 4053 4424 4401
8386 2 2 0 110 4234 4452 3259
8387 2 2 0 110 4359 4360 3606
8388 2 2 0 110 4409 4428 3888
8389 2 2 0 110 3841 4426 3838
8390 2 2 0 110 4174 4463 4460
8391 2 2 0 110 4419 4436 3642
8392 2 2 0 110 4330 4435 3521
8393 2 2 0 110 3673 4446 3675
8394 2 2 0 110 4193 4431 4194
8395 2 2 0 110 4194 4431 4394
8396 2 2 0 110 3039 4436 4419
8397 2 2 0 110 3531 4442 3529
8398 2 2 0 110 3606 4360 4335
8399 2 2 0 110 3149 4443 4405
8400 2 2 0 110 4363 4433 3234
8401 2 2 0 110 3961 4434 3939
8402 2 2 0 110 4061 4458 4447
8403 2 2 0 110 2786 4427 4402
8404 2 2 0 110 4394 4431 4188
8405 2 2 0 110 4387 4440 3706
8406 2 2 0 110 3654 4445 4411
8407 2 2 0 110 4466 4472 3640
8408 2 2 0 110 4407 4419 3642
8409 2 2 0 110 3650 4444 3648
8410 2 2 0 110 3838 4426 3420
8411 2 2 0 110 4204 4445 3153
8412 2 2 0 110 3643 4436 3652
8413 2 2 0 110 3039 4448 4436
8414 2 2 0 110 4420 4435 3009
8415 2 2 0 110 3420 4426 3404
8416 2 2 0 110 4436 4448 3652
8417 2 2 0 110 2950 4429 4396
8418 2 2 0 110 4405 4443 3650
8419 2 2 0 110 4445 4454 3153
8420 2 2 0 110 3657 4423 3566
8421 2 2 0 110 3234 4433 4319
8422 2 2 0 110 4288 4440 4387
8423 2 2 0 110 3380 4457 3393
8424 2 2 0 110 3010 4448 3039
8425 2 2 0 110 3807 4449 4201
8426 2 2 0 110 3566 4423 3565
8427 2 2 0 110 4443 4444 3650
8428 2 2 0 110 4085 4447 3150
8429 2 2 0 110 3703 4446 3531
8430 2 2 0 110 4438 4451 3528
8431 2 2 0 110 3832 4450 3574
8432 2 2 0 110 3673 4453 4446
8433 2 2 0 110 3562 4468 3564
8434 2 2 0 110 4061 4447 4330
8435 2 2 0 110 3150 4458 4317
8436 2 2 0 110 3131 4459 4456
8437 2 2 0 110 4446 4453 3531
8438 2 2 0 110 3314 4451 3380
8439 2 2 0 110 3651 4444 4443
8440 2 2 0 110 3854 4455 4342
8441 2 2 0 110 3521 4435 4420
8442 2 2 0 110 4473 4474 4049
8443 2 2 0 110 3153 4454 3180
8444 2 2 0 110 4465 4471 4027
8445 2 2 0 110 3026 4461 4027
8446 2 2 0 110 4435 4447 4085
8447 2 2 0 110 4434 4441 3588
8448 2 2 0 110 4330 4447 4435
8449 2 2 0 110 3547 4465 3545
8450 2 2 0 110 4084 4451 4438
8451 2 2 0 110 3807 4462 4449
8452 2 2 0 110 3131 4456 4448
8453 2 2 0 110 3961 4441 4434
8454 2 2 0 110 2675 2678 2677
8455 2 2 0 110 3393 4457 3561
8456 2 2 0 110 4026 4459 3131
8457 2 2 0 110 3548 4458 4061
8458 2 2 0 110 3652 4456 3653
8459 2 2 0 110 4342 4455 3833
8460 2 2 0 110 2991 4460 4084
8461 2 2 0 110 4458 4461 4317
8462 2 2 0 110 3475 4473 4225
8463 2 2 0 110 3531 4453 4442
8464 2 2 0 110 3656 4472 4466
8465 2 2 0 110 3103 4463 4174
8466 2 2 0 110 3410 4466 4408
8467 2 2 0 110 4460 4463 3561
8468 2 2 0 110 3548 4461 4458
8469 2 2 0 110 3813 4462 3807
8470 2 2 0 110 3693 4464 3547
8471 2 2 0 110 3476 4473 3475
8472 2 2 0 110 4317 4461 3026
8473 2 2 0 110 4448 4456 3652
8474 2 2 0 110 3012 4470 3103
8475 2 2 0 110 3561 4463 3562
8476 2 2 0 110 3061 4470 3012
8477 2 2 0 110 4461 4465 4027
8478 2 2 0 110 3656 4469 3657
8479 2 2 0 110 4408 4466 3640
8480 2 2 0 110 3640 4472 3061
8481 2 2 0 110 3665 4464 3664
8482 2 2 0 110 3664 4467 3668
8483 2 2 0 110 3061 4472 4470
8484 2 2 0 110 3545 4465 3548
8485 2 2 0 110 3665 4471 4464
8486 2 2 0 110 3564 4468 3655
8487 2 2 0 110 4084 4460 4457
8488 2 2 0 110 3693 4467 4464
8489 2 2 0 110 4464 4467 3664
8490 2 2 0 110 4457 4460 3561
8491 2 2 0 110 3548 4465 4461
8492 2 2 0 110 3410 4469 4466
8493 2 2 0 110 3655 4472 3656
8494 2 2 0 110 3575 4473 3476
8495 2 2 0 110 4027 4471 4459
8496 2 2 0 110 4470 4472 3655
8497 2 2 0 110 3103 4470 4468
8498 2 2 0 110 4466 4469 3656
8499 2 2 0 110 3575 4474 4473
8500 2 2 0 110 3679 4475 4469
8501 2 2 0 110 4459 4471 3665
8502 2 2 0 110 3751 4476 3754
8503 2 2 0 110 4468 4470 3655
8504 2 2 0 110 4398 4474 3575
8505 2 2 0 110 2675 2677 2676
8506 2 2 0 110 4469 4475 3657
8507 2 2 0 110 3754 4476 3801
8508 2 2 0 110 2675 2676 2673
8509 2 2 0 110 2674 2675 2673
8510 2 2 0 110 2673 3826 2672
8511 2 2 0 110 2671 2674 2673
8512 2 2 0 110 2672 3821 3818
8513 2 2 0 110 3747 4477 3800
8514 2 2 0 110 3799 4477 3752
8515 2 2 0 110 3749 4477 3747
8516 2 2 0 110 2671 2673 2672
8517 2 2 0 110 2672 3818 2669
8518 2 2 0 110 3752 4477 3749
8519 2 2 0 110 3821 4478 3818
8520 2 2 0 110 2671 2672 2669
8521 2 2 0 110 2670 2671 2669
8522 2 2 0 110 2674 4480 2675
8523 2 2 0 110 2678 4480 3883
8524 2 2 0 110 2668 3819 3736
8525 2 2 0 110 2667 2670 2669
8526 2 2 0 110 2675 4480 2678
8527 2 2 0 110 4500 4502 4066
8528 2 2 0 110 2668 3736 2665
8529 2 2 0 110 2667 2669 2668
8530 2 2 0 110 3247 4487 4311
8531 2 2 0 110 3819 4481 3736
8532 2 2 0 110 4066 4502 3781
8533 2 2 0 110 3741 4484 3742
8534 2 2 0 110 3786 4485 3825
8535 2 2 0 110 2667 2668 2665
8536 2 2 0 110 2666 3737 2667
8537 2 2 0 110 4311 4487 4483
8538 2 2 0 110 3779 4485 3786
8539 2 2 0 110 3796 4485 3783
8540 2 2 0 110 3737 4483 3738
8541 2 2 0 110 3151 4486 4183
8542 2 2 0 110 2666 4482 3737
8543 2 2 0 110 4183 4484 3247
8544 2 2 0 110 2797 4489 2799
8545 2 2 0 110 3151 4488 4486
8546 2 2 0 110 4316 4488 3151
8547 2 2 0 110 3783 4485 3779
8548 2 2 0 110 3742 4486 3744
8549 2 2 0 110 4316 4491 4488
8550 2 2 0 110 3738 4487 3741
8551 2 2 0 110 4483 4487 3738
8552 2 2 0 110 4484 4486 3742
8553 2 2 0 110 3017 4491 4316
8554 2 2 0 110 4183 4486 4484
8555 2 2 0 110 4486 4488 3744
8556 2 2 0 110 3744 4488 3746
8557 2 2 0 110 4135 4501 3136
8558 2 2 0 110 3017 4492 4491
8559 2 2 0 110 2924 4489 2797
8560 2 2 0 110 4065 4499 4498
8561 2 2 0 110 2663 3817 2666
8562 2 2 0 110 2666 2667 2665
8563 2 2 0 110 4488 4491 3746
8564 2 2 0 110 4047 4492 3017
8565 2 2 0 110 3282 4496 2729
8566 2 2 0 110 2733 4496 4056
8567 2 2 0 110 3746 4491 3748
8568 2 2 0 110 4047 4493 4492
8569 2 2 0 110 4491 4492 3748
8570 2 2 0 110 4255 4493 4047
8571 2 2 0 110 2868 4498 2877
8572 2 2 0 110 2924 4511 4510
8573 2 2 0 110 3748 4492 3750
8574 2 2 0 110 4255 4494 4493
8575 2 2 0 110 4080 4511 2924
8576 2 2 0 110 4492 4493 3750
8577 2 2 0 110 4508 4509 3803
8578 2 2 0 110 4506 4507 3792
8579 2 2 0 110 3136 4501 2717
8580 2 2 0 110 2719 4501 4136
8581 2 2 0 110 2925 4494 4255
8582 2 2 0 110 4080 4512 4511
8583 2 2 0 110 3750 4493 4476
8584 2 2 0 110 2924 4510 4489
8585 2 2 0 110 2925 4495 4494
8586 2 2 0 110 3111 4512 4080
8587 2 2 0 110 4493 4494 4476
8588 2 2 0 110 4020 4495 2925
8589 2 2 0 110 3111 4513 4512
8590 2 2 0 110 4489 4509 2799
8591 2 2 0 110 4476 4494 3801
8592 2 2 0 110 4020 4497 4495
8593 2 2 0 110 4056 4513 3111
8594 2 2 0 110 4494 4495 3801
8595 2 2 0 110 4246 4497 4020
8596 2 2 0 110 4074 4507 4259
8597 2 2 0 110 3781 4503 3766
8598 2 2 0 110 3801 4495 3802
8599 2 2 0 110 4246 4499 4497
8600 2 2 0 110 2729 4496 2733
8601 2 2 0 110 4495 4497 3802
8602 2 2 0 110 2877 4499 4246
8603 2 2 0 110 2801 4509 2885
8604 2 2 0 110 3803 4509 4489
8605 2 2 0 110 3802 4497 4064
8606 2 2 0 110 3803 4510 3793
8607 2 2 0 110 4497 4499 4064
8608 2 2 0 110 2876 4498 2868
8609 2 2 0 110 4064 4499 4065
8610 2 2 0 110 2876 4500 4498
8611 2 2 0 110 4119 4500 2876
8612 2 2 0 110 3792 4508 3791
8613 2 2 0 110 4489 4510 3803
8614 2 2 0 110 3766 4503 3770
8615 2 2 0 110 4119 4502 4500
8616 2 2 0 110 2717 4501 2719
8617 2 2 0 110 4503 4504 3770
8618 2 2 0 110 3805 4505 3796
8619 2 2 0 110 4118 4502 4119
8620 2 2 0 110 3770 4504 4206
8621 2 2 0 110 4504 4506 4206
8622 2 2 0 110 4206 4506 3792
8623 2 2 0 110 4118 4504 4503
8624 2 2 0 110 4117 4504 4118
8625 2 2 0 110 4502 4503 3781
8626 2 2 0 110 3791 4508 3803
8627 2 2 0 110 4117 4506 4504
8628 2 2 0 110 4259 4506 4117
8629 2 2 0 110 2663 2666 2665
8630 2 2 0 110 2885 4507 4074
8631 2 2 0 110 2799 4509 2801
8632 2 2 0 110 4118 4503 4502
8633 2 2 0 110 3793 4510 4218
8634 2 2 0 110 4507 4508 3792
8635 2 2 0 110 4510 4511 4218
8636 2 2 0 110 4218 4511 3794
8637 2 2 0 110 4511 4512 3794
8638 2 2 0 110 3794 4512 3795
8639 2 2 0 110 4512 4513 3795
8640 2 2 0 110 3795 4513 3805
8641 2 2 0 110 2885 4508 4507
8642 2 2 0 110 2663 2665 2664
8643 2 2 0 110 2663 2664 2661
8644 2 2 0 110 3403 4514 4282
8645 2 2 0 110 3658 4515 4514
8646 2 2 0 110 3658 4514 3403
8647 2 2 0 110 2662 2663 2661
8648 2 2 0 110 2660 2662 2661
8649 2 2 0 110 2661 3735 2659
8650 2 2 0 110 3872 4516 3659
8651 2 2 0 110 3701 4516 3872
8652 2 2 0 110 4516 4517 3659
8653 2 2 0 110 2660 2661 2659
8654 2 2 0 110 2614 4517 4516
8655 2 2 0 110 3635 4518 4340
8656 2 2 0 110 3636 4519 4518
8657 2 2 0 110 2639 4550 4526
8658 2 2 0 110 4582 4603 4547
8659 2 2 0 110 3659 4517 4324
8660 2 2 0 110 4518 4522 4340
8661 2 2 0 110 3636 4518 3635
8662 2 2 0 110 4552 4588 2631
8663 2 2 0 110 2651 4522 4518
8664 2 2 0 110 2628 4608 3724
8665 2 2 0 110 2659 3660 2658
8666 2 2 0 110 2619 2660 2659
8667 2 2 0 110 3721 4631 2606
8668 2 2 0 110 3734 4520 3572
8669 2 2 0 110 3924 4569 2599
8670 2 2 0 110 3701 4527 4516
8671 2 2 0 110 4537 4659 3690
8672 2 2 0 110 4552 4617 4588
8673 2 2 0 110 3565 4524 3563
8674 2 2 0 110 3687 4526 4373
8675 2 2 0 110 3670 4528 3411
8676 2 2 0 110 3535 4529 3544
8677 2 2 0 110 3952 4531 3636
8678 2 2 0 110 3726 4651 4545
8679 2 2 0 110 4283 4521 4284
8680 2 2 0 110 4340 4522 3671
8681 2 2 0 110 3549 4532 3964
8682 2 2 0 110 3711 4532 4293
8683 2 2 0 110 4367 4609 2611
8684 2 2 0 110 4524 4525 3992
8685 2 2 0 110 3544 4535 3546
8686 2 2 0 110 2652 4635 4530
8687 2 2 0 110 2619 4540 2660
8688 2 2 0 110 4467 4663 2608
8689 2 2 0 110 263 4632 3912
8690 2 2 0 110 3669 4523 3713
8691 2 2 0 110 3563 4524 3992
8692 2 2 0 110 4373 4526 4274
8693 2 2 0 110 3411 4528 3689
8694 2 2 0 110 3723 4631 3721
8695 2 2 0 110 3874 4529 3535
8696 2 2 0 110 4516 4527 2614
8697 2 2 0 110 3543 4567 3542
8698 2 2 0 110 2660 4568 2662
8699 2 2 0 110 3924 4530 3923
8700 2 2 0 110 3922 4569 3924
8701 2 2 0 110 4217 4569 3550
8702 2 2 0 110 3636 4531 4519
8703 2 2 0 110 3912 4658 263
8704 2 2 0 110 4014 4628 2598
8705 2 2 0 110 4559 4638 4627
8706 2 2 0 110 2619 2659 2658
8707 2 2 0 110 2605 4636 4332
8708 2 2 0 110 4293 4532 3549
8709 2 2 0 110 3734 4568 4520
8710 2 2 0 110 4520 4568 2654
8711 2 2 0 110 4274 4657 3688
8712 2 2 0 110 4313 4534 3953
8713 2 2 0 110 292 4661 4292
8714 2 2 0 110 3546 4535 3694
8715 2 2 0 110 3687 4587 4526
8716 2 2 0 110 3688 4613 3677
8717 2 2 0 110 2596 4545 237
8718 2 2 0 110 237 4545 236
8719 2 2 0 110 271 2658 270
8720 2 2 0 110 2626 4539 268
8721 2 2 0 110 272 4540 2619
8722 2 2 0 110 268 4539 267
8723 2 2 0 110 335 4549 2650
8724 2 2 0 110 266 4550 265
8725 2 2 0 110 224 4554 223
8726 2 2 0 110 309 4544 2623
8727 2 2 0 110 336 4549 335
8728 2 2 0 110 253 4558 2621
8729 2 2 0 110 220 4546 219
8730 2 2 0 110 2638 4546 220
8731 2 2 0 110 256 4548 255
8732 2 2 0 110 2619 2658 271
8733 2 2 0 110 267 4539 2602
8734 2 2 0 110 2654 4540 273
8735 2 2 0 110 265 4550 2639
8736 2 2 0 110 254 4558 253
8737 2 2 0 110 2602 4550 266
8738 2 2 0 110 260 4553 2652
8739 2 2 0 110 261 4553 260
8740 2 2 0 110 273 4540 272
8741 2 2 0 110 214 4538 2620
8742 2 2 0 110 2642 4554 224
8743 2 2 0 110 2621 4552 252
8744 2 2 0 110 2646 4560 290
8745 2 2 0 110 2610 4553 261
8746 2 2 0 110 223 4554 2622
8747 2 2 0 110 2599 4548 256
8748 2 2 0 110 290 4560 289
8749 2 2 0 110 2604 4559 321
8750 2 2 0 110 255 4548 2655
8751 2 2 0 110 2613 4549 336
8752 2 2 0 110 252 4552 251
8753 2 2 0 110 313 4537 2597
8754 2 2 0 110 318 4556 2625
8755 2 2 0 110 321 4559 320
8756 2 2 0 110 219 4546 2600
8757 2 2 0 110 310 4544 309
8758 2 2 0 110 215 4538 214
8759 2 2 0 110 231 4543 2630
8760 2 2 0 110 2632 4541 280
8761 2 2 0 110 243 4557 2612
8762 2 2 0 110 2627 4538 215
8763 2 2 0 110 6 4541 2618
8764 2 2 0 110 2612 4547 242
8765 2 2 0 110 330 4561 329
8766 2 2 0 110 320 4559 2657
8767 2 2 0 110 2637 4544 310
8768 2 2 0 110 2643 4555 240
8769 2 2 0 110 289 4560 2617
8770 2 2 0 110 307 4542 2641
8771 2 2 0 110 2615 4551 5
8772 2 2 0 110 2655 4558 254
8773 2 2 0 110 244 4557 243
8774 2 2 0 110 251 4552 2631
8775 2 2 0 110 2657 4556 319
8776 2 2 0 110 2640 4557 244
8777 2 2 0 110 329 4561 2636
8778 2 2 0 110 2623 4542 308
8779 2 2 0 110 2611 4543 232
8780 2 2 0 110 241 4547 2643
8781 2 2 0 110 319 4556 318
8782 2 2 0 110 280 4541 6
8783 2 2 0 110 2634 4537 314
8784 2 2 0 110 232 4543 231
8785 2 2 0 110 354 4551 2649
8786 2 2 0 110 240 4555 239
8787 2 2 0 110 242 4547 241
8788 2 2 0 110 5 4551 354
8789 2 2 0 110 308 4542 307
8790 2 2 0 110 314 4537 313
8791 2 2 0 110 2596 4597 3719
8792 2 2 0 110 4561 4562 4001
8793 2 2 0 110 3568 4579 4291
8794 2 2 0 110 2598 4562 331
8795 2 2 0 110 2625 4563 317
8796 2 2 0 110 4170 4582 3729
8797 2 2 0 110 305 4564 304
8798 2 2 0 110 3668 4580 4577
8799 2 2 0 110 3718 4600 3716
8800 2 2 0 110 331 4562 330
8801 2 2 0 110 2617 4565 288
8802 2 2 0 110 287 4565 2653
8803 2 2 0 110 323 4566 322
8804 2 2 0 110 2597 4596 4525
8805 2 2 0 110 3865 4570 2633
8806 2 2 0 110 317 4563 316
8807 2 2 0 110 304 4564 2609
8808 2 2 0 110 3841 4647 4541
8809 2 2 0 110 3719 4664 2596
8810 2 2 0 110 2594 4655 3860
8811 2 2 0 110 4526 4587 2639
8812 2 2 0 110 3677 4593 3732
8813 2 2 0 110 288 4565 287
8814 2 2 0 110 3912 4587 3686
8815 2 2 0 110 3713 4588 4107
8816 2 2 0 110 2604 4638 4559
8817 2 2 0 110 2633 4570 211
8818 2 2 0 110 210 4570 2606
8819 2 2 0 110 2641 4571 306
8820 2 2 0 110 3556 4591 3708
8821 2 2 0 110 3689 4591 3554
8822 2 2 0 110 4093 4592 3291
8823 2 2 0 110 4382 4592 4383
8824 2 2 0 110 322 4566 2604
8825 2 2 0 110 3542 4567 3877
8826 2 2 0 110 340 4572 2648
8827 2 2 0 110 2607 4572 341
8828 2 2 0 110 2662 4568 3734
8829 2 2 0 110 282 4622 4515
8830 2 2 0 110 3662 4594 3558
8831 2 2 0 110 2634 4602 3947
8832 2 2 0 110 269 4574 2626
8833 2 2 0 110 3559 4596 3690
8834 2 2 0 110 295 4575 294
8835 2 2 0 110 3550 4569 3922
8836 2 2 0 110 3947 4659 2634
8837 2 2 0 110 2606 4639 3721
8838 2 2 0 110 3724 4608 3723
8839 2 2 0 110 3660 4574 2658
8840 2 2 0 110 338 4576 337
8841 2 2 0 110 3841 4599 4426
8842 2 2 0 110 3658 4599 4515
8843 2 2 0 110 3860 4624 2594
8844 2 2 0 110 3716 4600 3532
8845 2 2 0 110 4312 4600 3670
8846 2 2 0 110 230 4577 229
8847 2 2 0 110 2615 4656 3981
8848 2 2 0 110 3981 4656 2628
8849 2 2 0 110 4525 4596 3992
8850 2 2 0 110 334 4578 333
8851 2 2 0 110 229 4580 228
8852 2 2 0 110 4423 4630 3565
8853 2 2 0 110 330 4562 4561
8854 2 2 0 110 2600 4581 218
8855 2 2 0 110 3581 4605 3860
8856 2 2 0 110 3708 4605 3569
8857 2 2 0 110 353 4583 352
8858 2 2 0 110 274 4584 2654
8859 2 2 0 110 2595 4584 275
8860 2 2 0 110 3952 4652 4531
8861 2 2 0 110 4515 4670 282
8862 2 2 0 110 3911 4633 2610
8863 2 2 0 110 4167 4609 3644
8864 2 2 0 110 3695 4610 3570
8865 2 2 0 110 211 4570 210
8866 2 2 0 110 3674 4576 3880
8867 2 2 0 110 225 4585 2642
8868 2 2 0 110 3703 4614 4446
8869 2 2 0 110 306 4571 305
8870 2 2 0 110 4475 4615 3657
8871 2 2 0 110 305 4571 4564
8872 2 2 0 110 2654 4584 4520
8873 2 2 0 110 3553 4619 4315
8874 2 2 0 110 2636 4586 328
8875 2 2 0 110 327 4586 2614
8876 2 2 0 110 2609 4589 303
8877 2 2 0 110 302 4589 2651
8878 2 2 0 110 4315 4621 4314
8879 2 2 0 110 4574 4593 2626
8880 2 2 0 110 2614 4586 4517
8881 2 2 0 110 341 4572 340
8882 2 2 0 110 3880 4626 3879
8883 2 2 0 110 4352 4626 3717
8884 2 2 0 110 4549 4614 2650
8885 2 2 0 110 4564 4571 3680
8886 2 2 0 110 3725 4616 2629
8887 2 2 0 110 3682 4633 3911
8888 2 2 0 110 2647 4595 348
8889 2 2 0 110 347 4595 2624
8890 2 2 0 110 4265 4635 3709
8891 2 2 0 110 4151 4637 3692
8892 2 2 0 110 270 4574 269
8893 2 2 0 110 238 4597 2596
8894 2 2 0 110 3731 4662 3728
8895 2 2 0 110 2624 4598 346
8896 2 2 0 110 294 4575 2601
8897 2 2 0 110 3980 4672 3983
8898 2 2 0 110 4288 4640 4440
8899 2 2 0 110 4531 4652 2616
8900 2 2 0 110 2658 4574 270
8901 2 2 0 110 4531 4674 4519
8902 2 2 0 110 3721 4639 3676
8903 2 2 0 110 4332 4636 3669
8904 2 2 0 110 4578 4607 333
8905 2 2 0 110 2637 4671 4525
8906 2 2 0 110 4324 4643 4002
8907 2 2 0 110 2607 4629 3718
8908 2 2 0 110 2651 4589 4522
8909 2 2 0 110 3979 4672 3980
8910 2 2 0 110 4383 4672 3312
8911 2 2 0 110 3675 4649 3672
8912 2 2 0 110 4283 4601 4521
8913 2 2 0 110 3678 4655 3710
8914 2 2 0 110 3860 4655 3859
8915 2 2 0 110 3948 4659 3947
8916 2 2 0 110 3697 4664 3719
8917 2 2 0 110 3693 4663 4467
8918 2 2 0 110 3681 4660 3705
8919 2 2 0 110 3728 4662 3867
8920 2 2 0 110 3538 4662 4332
8921 2 2 0 110 3671 4646 3907
8922 2 2 0 110 2629 4651 3726
8923 2 2 0 110 284 4601 2603
8924 2 2 0 110 2599 4650 3924
8925 2 2 0 110 337 4576 2613
8926 2 2 0 110 315 4602 2634
8927 2 2 0 110 2605 4604 247
8928 2 2 0 110 3845 4590 3842
8929 2 2 0 110 2630 4577 230
8930 2 2 0 110 344 4606 2644
8931 2 2 0 110 4523 4669 3713
8932 2 2 0 110 332 4607 2598
8933 2 2 0 110 208 4608 207
8934 2 2 0 110 2633 4673 3866
8935 2 2 0 110 3866 4673 2620
8936 2 2 0 110 2650 4578 334
8937 2 2 0 110 2653 4640 4521
8938 2 2 0 110 4521 4640 4284
8939 2 2 0 110 3567 4579 3568
8940 2 2 0 110 216 4611 2627
8941 2 2 0 110 2642 4585 4535
8942 2 2 0 110 233 4616 2611
8943 2 2 0 110 2629 4616 234
8944 2 2 0 110 228 4580 2608
8945 2 2 0 110 2595 4612 4584
8946 2 2 0 110 2610 4658 3911
8947 2 2 0 110 4525 4671 2597
8948 2 2 0 110 246 4604 3730
8949 2 2 0 110 3842 4590 3840
8950 2 2 0 110 2645 4620 296
8951 2 2 0 110 283 4622 282
8952 2 2 0 110 295 4620 4575
8953 2 2 0 110 3660 4593 4574
8954 2 2 0 110 218 4581 217
8955 2 2 0 110 4530 4635 3923
8956 2 2 0 110 297 4623 2645
8957 2 2 0 110 2616 4623 298
8958 2 2 0 110 349 4624 2647
8959 2 2 0 110 2594 4624 350
8960 2 2 0 110 2608 4625 227
8961 2 2 0 110 3892 4582 4170
8962 2 2 0 110 2644 4629 343
8963 2 2 0 110 342 4629 2607
8964 2 2 0 110 4313 4621 4534
8965 2 2 0 110 4534 4621 2645
8966 2 2 0 110 209 4631 208
8967 2 2 0 110 264 4632 263
8968 2 2 0 110 2615 4573 4551
8969 2 2 0 110 2649 4583 353
8970 2 2 0 110 292 4634 291
8971 2 2 0 110 2625 4654 3943
8972 2 2 0 110 3674 4649 4576
8973 2 2 0 110 2644 4606 4528
8974 2 2 0 110 275 4584 274
8975 2 2 0 110 3572 4612 3847
8976 2 2 0 110 4555 4597 239
8977 2 2 0 110 257 4650 2599
8978 2 2 0 110 235 4651 2629
8979 2 2 0 110 3911 4658 3912
8980 2 2 0 110 299 4674 2616
8981 2 2 0 110 212 4673 2633
8982 2 2 0 110 2620 4673 213
8983 2 2 0 110 205 4656 2615
8984 2 2 0 110 2628 4656 206
8985 2 2 0 110 2597 4671 312
8986 2 2 0 110 311 4671 2637
8987 2 2 0 110 282 4670 281
8988 2 2 0 110 263 4658 262
8989 2 2 0 110 250 4669 249
8990 2 2 0 110 3670 4642 4528
8991 2 2 0 110 3704 4607 4578
8992 2 2 0 110 4534 4652 3953
8993 2 2 0 110 4560 4618 2617
8994 2 2 0 110 3732 4593 3660
8995 2 2 0 110 226 4585 225
8996 2 2 0 110 3730 4604 3731
8997 2 2 0 110 4536 4590 3845
8998 2 2 0 110 4475 4641 2641
8999 2 2 0 110 4315 4619 4575
9000 2 2 0 110 4576 4649 2613
9001 2 2 0 110 4563 4602 316
9002 2 2 0 110 4553 4633 3709
9003 2 2 0 110 328 4586 327
9004 2 2 0 110 4423 4615 2623
9005 2 2 0 110 249 4669 4523
9006 2 2 0 110 2645 4623 4534
9007 2 2 0 110 4600 4642 3670
9008 2 2 0 110 4575 4620 4315
9009 2 2 0 110 3686 4587 3687
9010 2 2 0 110 4107 4588 4386
9011 2 2 0 110 2616 4674 4531
9012 2 2 0 110 3661 4628 4014
9013 2 2 0 110 4555 4653 3720
9014 2 2 0 110 303 4589 302
9015 2 2 0 110 3688 4657 4613
9016 2 2 0 110 4528 4642 2644
9017 2 2 0 110 3677 4613 4593
9018 2 2 0 110 3892 4603 4582
9019 2 2 0 110 4627 4645 2657
9020 2 2 0 110 3554 4591 3556
9021 2 2 0 110 3291 4592 4382
9022 2 2 0 110 4535 4585 3694
9023 2 2 0 110 4545 4664 3699
9024 2 2 0 110 4584 4612 4520
9025 2 2 0 110 3567 4618 4579
9026 2 2 0 110 3558 4594 4044
9027 2 2 0 110 4566 4644 2604
9028 2 2 0 110 348 4595 347
9029 2 2 0 110 3679 4641 4475
9030 2 2 0 110 3992 4596 3559
9031 2 2 0 110 239 4597 238
9032 2 2 0 110 4545 4651 236
9033 2 2 0 110 4559 4627 2657
9034 2 2 0 110 346 4598 345
9035 2 2 0 110 2634 4659 4537
9036 2 2 0 110 4426 4599 3658
9037 2 2 0 110 3532 4600 4312
9038 2 2 0 110 2604 4644 4638
9039 2 2 0 110 4588 4617 4386
9040 2 2 0 110 3981 4665 2615
9041 2 2 0 110 4547 4603 2643
9042 2 2 0 110 2618 4590 4536
9043 2 2 0 110 4599 4670 4515
9044 2 2 0 110 4524 4630 2637
9045 2 2 0 110 285 4601 284
9046 2 2 0 110 4645 4654 4556
9047 2 2 0 110 316 4602 315
9048 2 2 0 110 2611 4609 4543
9049 2 2 0 110 3863 4603 3892
9050 2 2 0 110 3840 4647 3841
9051 2 2 0 110 4581 4611 217
9052 2 2 0 110 247 4604 246
9053 2 2 0 110 3668 4648 3663
9054 2 2 0 110 3569 4605 3581
9055 2 2 0 110 4610 4667 4217
9056 2 2 0 110 4603 4653 2643
9057 2 2 0 110 2621 4617 4552
9058 2 2 0 110 345 4606 344
9059 2 2 0 110 333 4607 332
9060 2 2 0 110 207 4608 2628
9061 2 2 0 110 2637 4630 4544
9062 2 2 0 110 3644 4609 4367
9063 2 2 0 110 3570 4610 4217
9064 2 2 0 110 2636 4643 4586
9065 2 2 0 110 4167 4648 2630
9066 2 2 0 110 4585 4625 3694
9067 2 2 0 110 2621 4666 4617
9068 2 2 0 110 4001 4628 3661
9069 2 2 0 110 2596 4664 4545
9070 2 2 0 110 226 4625 4585
9071 2 2 0 110 217 4611 216
9072 2 2 0 110 4598 4606 345
9073 2 2 0 110 2657 4645 4556
9074 2 2 0 110 4446 4614 3675
9075 2 2 0 110 3657 4615 4423
9076 2 2 0 110 234 4616 233
9077 2 2 0 110 4386 4617 3696
9078 2 2 0 110 3706 4618 3567
9079 2 2 0 110 4520 4612 3572
9080 2 2 0 110 3692 4619 3553
9081 2 2 0 110 4515 4622 4514
9082 2 2 0 110 4514 4622 2603
9083 2 2 0 110 3680 4641 3679
9084 2 2 0 110 3663 4648 4167
9085 2 2 0 110 293 4661 292
9086 2 2 0 110 2609 4646 4589
9087 2 2 0 110 3912 4632 4587
9088 2 2 0 110 296 4620 295
9089 2 2 0 110 3863 4653 4603
9090 2 2 0 110 4314 4621 4313
9091 2 2 0 110 2603 4622 283
9092 2 2 0 110 3924 4650 4530
9093 2 2 0 110 4530 4650 258
9094 2 2 0 110 4575 4619 2601
9095 2 2 0 110 298 4623 297
9096 2 2 0 110 350 4624 349
9097 2 2 0 110 227 4625 226
9098 2 2 0 110 3879 4626 4352
9099 2 2 0 110 2623 4615 4542
9100 2 2 0 110 2601 4661 293
9101 2 2 0 110 3691 4627 3666
9102 2 2 0 110 343 4629 342
9103 2 2 0 110 3565 4630 4524
9104 2 2 0 110 2606 4631 209
9105 2 2 0 110 4562 4628 4001
9106 2 2 0 110 4627 4638 3666
9107 2 2 0 110 2639 4632 264
9108 2 2 0 110 2626 4613 4539
9109 2 2 0 110 3709 4633 3682
9110 2 2 0 110 4617 4666 3696
9111 2 2 0 110 291 4634 2646
9112 2 2 0 110 3923 4635 4265
9113 2 2 0 110 2608 4663 4625
9114 2 2 0 110 3667 4644 3733
9115 2 2 0 110 4292 4637 4151
9116 2 2 0 110 3695 4666 4558
9117 2 2 0 110 4551 4668 2649
9118 2 2 0 110 3691 4645 4627
9119 2 2 0 110 3666 4638 3667
9120 2 2 0 110 3718 4642 4600
9121 2 2 0 110 4590 4647 3840
9122 2 2 0 110 3676 4639 3865
9123 2 2 0 110 4284 4640 4288
9124 2 2 0 110 4577 4648 3668
9125 2 2 0 110 2610 4633 4553
9126 2 2 0 110 4593 4613 2626
9127 2 2 0 110 3982 4665 3981
9128 2 2 0 110 2599 4667 4548
9129 2 2 0 110 4517 4643 4324
9130 2 2 0 110 4586 4643 4517
9131 2 2 0 110 3942 4645 3691
9132 2 2 0 110 3942 4654 4645
9133 2 2 0 110 3669 4636 4523
9134 2 2 0 110 3672 4649 3674
9135 2 2 0 110 258 4650 257
9136 2 2 0 110 236 4651 235
9137 2 2 0 110 3953 4652 3952
9138 2 2 0 110 3720 4653 3863
9139 2 2 0 110 3943 4654 3942
9140 2 2 0 110 3859 4655 3678
9141 2 2 0 110 2598 4628 4562
9142 2 2 0 110 206 4656 205
9143 2 2 0 110 4569 4667 2599
9144 2 2 0 110 262 4658 2610
9145 2 2 0 110 3690 4659 3948
9146 2 2 0 110 4571 4641 3680
9147 2 2 0 110 3877 4660 3681
9148 2 2 0 110 4522 4646 3671
9149 2 2 0 110 3867 4662 3538
9150 2 2 0 110 4217 4667 4569
9151 2 2 0 110 3694 4663 3693
9152 2 2 0 110 3699 4664 3697
9153 2 2 0 110 3696 4666 3695
9154 2 2 0 110 4589 4646 4522
9155 2 2 0 110 2631 4669 250
9156 2 2 0 110 281 4670 2632
9157 2 2 0 110 312 4671 311
9158 2 2 0 110 3312 4672 3979
9159 2 2 0 110 213 4673 212
9160 2 2 0 110 300 4674 299
9161 2 2 0 110 4570 4639 2606
9162 2 2 0 110 2643 4653 4555
9163 2 2 0 110 2641 4641 4571
9164 2 2 0 110 2618 4647 4590
9165 2 2 0 110 2632 4670 4599
9166 2 2 0 110 4556 4654 2625
9167 2 2 0 110 4558 4666 2621
9168 2 2 0 110 4541 4647 2618
9169 2 2 0 110 2649 4668 4594
9170 2 2 0 110 3865 4639 4570
9171 2 2 0 110 4539 4657 2602
9172 2 2 0 110 4587 4632 2639
9173 2 2 0 110 4638 4644 3667
9174 2 2 0 110 4044 4668 4573
9175 2 2 0 110 4613 4657 4539
9176 2 2 0 110 2630 4648 4577
9177 2 2 0 110 2615 4665 4573
9178 2 2 0 110 4573 4668 4551
9179 2 2 0 110 4594 4668 4044
9180 2 2 0 110 4625 4663 3694
9181 2 2 0 110 4637 4661 2601
9182 2 2 0 110 4292 4661 4637
$EndElements
