$MeshFormat
2.2 0 8
$EndMeshFormat
$PhysicalNames
1
3 100 "Wafer"
$EndPhysicalNames
$Nodes
2222
1 0 0 0
2 0 5.08 0
3 0 -5.08 0
4 0 5.08 1.395
5 0 -5.08 1.395
6 1.569002072696868 4.1 1.395
7 -1.569002072696868 4.1 1.395
8 1.569002072696868 -4.1 1.395
9 -1.569002072696868 -4.1 1.395
10 4.1 1.569002072696868 1.395
11 4.1 -1.569002072696868 1.395
12 -4.1 1.569002072696868 1.395
13 -4.1 -1.569002072696868 1.395
14 2.89206673505298 2.89206673505298 1.395
15 2.89206673505298 -2.89206673505298 1.395
16 -2.89206673505298 -2.89206673505298 1.395
17 -2.89206673505298 2.89206673505298 1.395
18 2.89206673505298 0 1.395
19 -2.89206673505298 0 1.395
20 0 2.89206673505298 1.395
21 0 -2.89206673505298 1.395
22 3.04206673505298 0.15 1.395
23 3.04206673505298 -0.15 1.395
24 2.74206673505298 -0.15 1.395
25 2.74206673505298 0.15 1.395
26 3.04206673505298 0.15 1.645
27 3.04206673505298 -0.15 1.645
28 2.74206673505298 -0.15 1.645
29 2.74206673505298 0.15 1.645
30 -2.74206673505298 0.15 1.395
31 -2.74206673505298 -0.15 1.395
32 -3.04206673505298 -0.15 1.395
33 -3.04206673505298 0.15 1.395
34 -2.74206673505298 0.15 1.645
35 -2.74206673505298 -0.15 1.645
36 -3.04206673505298 -0.15 1.645
37 -3.04206673505298 0.15 1.645
38 0.15 -2.74206673505298 1.395
39 0.15 -3.04206673505298 1.395
40 -0.15 -3.04206673505298 1.395
41 -0.15 -2.74206673505298 1.395
42 0.15 -2.74206673505298 1.645
43 0.15 -3.04206673505298 1.645
44 -0.15 -3.04206673505298 1.645
45 -0.15 -2.74206673505298 1.645
46 0.15 3.04206673505298 1.395
47 0.15 2.74206673505298 1.395
48 -0.15 2.74206673505298 1.395
49 -0.15 3.04206673505298 1.395
50 0.15 3.04206673505298 1.645
51 0.15 2.74206673505298 1.645
52 -0.15 2.74206673505298 1.645
53 -0.15 3.04206673505298 1.645
54 2.962066735052979 2.962066735052979 1.395
55 2.962066735052979 2.82206673505298 1.395
56 2.82206673505298 2.82206673505298 1.395
57 2.82206673505298 2.962066735052979 1.395
58 2.962066735052979 2.962066735052979 1.645
59 2.962066735052979 2.82206673505298 1.645
60 2.82206673505298 2.82206673505298 1.645
61 2.82206673505298 2.962066735052979 1.645
62 2.962066735052979 -2.82206673505298 1.395
63 2.962066735052979 -2.962066735052979 1.395
64 2.82206673505298 -2.962066735052979 1.395
65 2.82206673505298 -2.82206673505298 1.395
66 2.962066735052979 -2.82206673505298 1.645
67 2.962066735052979 -2.962066735052979 1.645
68 2.82206673505298 -2.962066735052979 1.645
69 2.82206673505298 -2.82206673505298 1.645
70 -2.82206673505298 2.962066735052979 1.395
71 -2.962066735052979 2.962066735052979 1.395
72 -2.962066735052979 2.82206673505298 1.395
73 -2.82206673505298 2.82206673505298 1.395
74 -2.82206673505298 2.962066735052979 1.645
75 -2.962066735052979 2.962066735052979 1.645
76 -2.962066735052979 2.82206673505298 1.645
77 -2.82206673505298 2.82206673505298 1.645
78 -2.82206673505298 -2.82206673505298 1.395
79 -2.962066735052979 -2.82206673505298 1.395
80 -2.962066735052979 -2.962066735052979 1.395
81 -2.82206673505298 -2.962066735052979 1.395
82 -2.82206673505298 -2.82206673505298 1.645
83 -2.962066735052979 -2.82206673505298 1.645
84 -2.962066735052979 -2.962066735052979 1.645
85 -2.82206673505298 -2.962066735052979 1.645
86 0.4195030749994484 5.062649224473883 0
87 0.8361405186261296 5.01071542128583 0
88 1.247066274675262 4.924553350971798 0
89 1.649473303559791 4.804751587839225 0
90 2.040612757237085 4.652128499407691 0
91 2.417812756628335 4.467726656128964 0
92 2.778496643261931 4.252805709573644 0
93 3.120200580463516 4.008833787733677 0
94 3.440590383858768 3.737477466219505 0
95 3.737477466219513 3.44059038385876 0
96 4.008833787733684 3.120200580463507 0
97 4.25280570957365 2.778496643261922 0
98 4.467726656128969 2.417812756628325 0
99 4.652128499407696 2.040612757237075 0
100 4.804751587839228 1.649473303559781 0
101 4.924553350971801 1.247066274675247 0
102 5.010715421285832 0.8361405186261139 0
103 5.062649224473884 0.4195030749994371 0
104 5.08 -1.229163906074637e-14 0
105 5.062649224473883 -0.4195030749994572 0
106 5.010715421285829 -0.8361405186261383 0
107 4.924553350971795 -1.247066274675271 0
108 4.804751587839222 -1.649473303559799 0
109 4.652128499407688 -2.040612757237093 0
110 4.467726656128962 -2.417812756628339 0
111 4.252805709573642 -2.778496643261934 0
112 4.008833787733677 -3.120200580463516 0
113 3.737477466219506 -3.440590383858768 0
114 3.440590383858764 -3.73747746621951 0
115 3.12020058046351 -4.008833787733681 0
116 2.778496643261929 -4.252805709573645 0
117 2.417812756628333 -4.467726656128964 0
118 2.040612757237088 -4.652128499407691 0
119 1.649473303559794 -4.804751587839223 0
120 1.24706627467526 -4.924553350971799 0
121 0.836140518626132 -5.010715421285829 0
122 0.4195030749994464 -5.062649224473883 0
123 -0.4195030749994479 -5.062649224473883 0
124 -0.836140518626129 -5.01071542128583 0
125 -1.247066274675261 -4.924553350971799 0
126 -1.649473303559793 -4.804751587839224 0
127 -2.040612757237086 -4.652128499407691 0
128 -2.417812756628336 -4.467726656128963 0
129 -2.778496643261929 -4.252805709573645 0
130 -3.120200580463514 -4.008833787733678 0
131 -3.440590383858767 -3.737477466219506 0
132 -3.737477466219512 -3.440590383858761 0
133 -4.008833787733684 -3.120200580463508 0
134 -4.252805709573649 -2.778496643261922 0
135 -4.467726656128969 -2.417812756628326 0
136 -4.652128499407697 -2.040612757237074 0
137 -4.804751587839228 -1.64947330355978 0
138 -4.924553350971801 -1.247066274675246 0
139 -5.010715421285831 -0.8361405186261155 0
140 -5.062649224473884 -0.4195030749994342 0
141 -5.08 1.065776590244982e-14 0
142 -5.062649224473882 0.41950307499946 0
143 -5.010715421285828 0.8361405186261388 0
144 -4.924553350971796 1.247066274675269 0
145 -4.804751587839221 1.6494733035598 0
146 -4.652128499407688 2.040612757237094 0
147 -4.467726656128962 2.417812756628339 0
148 -4.252805709573641 2.778496643261935 0
149 -4.008833787733677 3.120200580463516 0
150 -3.737477466219505 3.440590383858769 0
151 -3.440590383858761 3.737477466219512 0
152 -3.12020058046351 4.008833787733682 0
153 -2.778496643261925 4.252805709573648 0
154 -2.417812756628333 4.467726656128965 0
155 -2.040612757237083 4.652128499407692 0
156 -1.649473303559793 4.804751587839224 0
157 -1.24706627467526 4.924553350971799 0
158 -0.8361405186261269 5.01071542128583 0
159 -0.4195030749994458 5.062649224473883 0
160 0 5.08 0.3487500000000004
161 0 5.08 0.6975000000000013
162 0 5.08 1.046250000000002
163 0 -5.08 0.3487500000000004
164 0 -5.08 0.6975000000000013
165 0 -5.08 1.046250000000002
166 0.4195030749994484 5.062649224473883 1.395
167 0.8361405186261296 5.01071542128583 1.395
168 1.247066274675262 4.924553350971798 1.395
169 1.649473303559791 4.804751587839225 1.395
170 2.040612757237085 4.652128499407691 1.395
171 2.417812756628335 4.467726656128964 1.395
172 2.778496643261931 4.252805709573644 1.395
173 3.120200580463516 4.008833787733677 1.395
174 3.440590383858768 3.737477466219505 1.395
175 3.737477466219513 3.44059038385876 1.395
176 4.008833787733684 3.120200580463507 1.395
177 4.25280570957365 2.778496643261922 1.395
178 4.467726656128969 2.417812756628325 1.395
179 4.652128499407696 2.040612757237075 1.395
180 4.804751587839228 1.649473303559781 1.395
181 4.924553350971801 1.247066274675247 1.395
182 5.010715421285832 0.8361405186261139 1.395
183 5.062649224473884 0.4195030749994371 1.395
184 5.08 -1.229163906074637e-14 1.395
185 5.062649224473883 -0.4195030749994572 1.395
186 5.010715421285829 -0.8361405186261383 1.395
187 4.924553350971795 -1.247066274675271 1.395
188 4.804751587839222 -1.649473303559799 1.395
189 4.652128499407688 -2.040612757237093 1.395
190 4.467726656128962 -2.417812756628339 1.395
191 4.252805709573642 -2.778496643261934 1.395
192 4.008833787733677 -3.120200580463516 1.395
193 3.737477466219506 -3.440590383858768 1.395
194 3.440590383858764 -3.73747746621951 1.395
195 3.12020058046351 -4.008833787733681 1.395
196 2.778496643261929 -4.252805709573645 1.395
197 2.417812756628333 -4.467726656128964 1.395
198 2.040612757237088 -4.652128499407691 1.395
199 1.649473303559794 -4.804751587839223 1.395
200 1.24706627467526 -4.924553350971799 1.395
201 0.836140518626132 -5.010715421285829 1.395
202 0.4195030749994464 -5.062649224473883 1.395
203 -0.4195030749994479 -5.062649224473883 1.395
204 -0.836140518626129 -5.01071542128583 1.395
205 -1.247066274675261 -4.924553350971799 1.395
206 -1.649473303559793 -4.804751587839224 1.395
207 -2.040612757237086 -4.652128499407691 1.395
208 -2.417812756628336 -4.467726656128963 1.395
209 -2.778496643261929 -4.252805709573645 1.395
210 -3.120200580463514 -4.008833787733678 1.395
211 -3.440590383858767 -3.737477466219506 1.395
212 -3.737477466219512 -3.440590383858761 1.395
213 -4.008833787733684 -3.120200580463508 1.395
214 -4.252805709573649 -2.778496643261922 1.395
215 -4.467726656128969 -2.417812756628326 1.395
216 -4.652128499407697 -2.040612757237074 1.395
217 -4.804751587839228 -1.64947330355978 1.395
218 -4.924553350971801 -1.247066274675246 1.395
219 -5.010715421285831 -0.8361405186261155 1.395
220 -5.062649224473884 -0.4195030749994342 1.395
221 -5.08 1.065776590244982e-14 1.395
222 -5.062649224473882 0.41950307499946 1.395
223 -5.010715421285828 0.8361405186261388 1.395
224 -4.924553350971796 1.247066274675269 1.395
225 -4.804751587839221 1.6494733035598 1.395
226 -4.652128499407688 2.040612757237094 1.395
227 -4.467726656128962 2.417812756628339 1.395
228 -4.252805709573641 2.778496643261935 1.395
229 -4.008833787733677 3.120200580463516 1.395
230 -3.737477466219505 3.440590383858769 1.395
231 -3.440590383858761 3.737477466219512 1.395
232 -3.12020058046351 4.008833787733682 1.395
233 -2.778496643261925 4.252805709573648 1.395
234 -2.417812756628333 4.467726656128965 1.395
235 -2.040612757237083 4.652128499407692 1.395
236 -1.649473303559793 4.804751587839224 1.395
237 -1.24706627467526 4.924553350971799 1.395
238 -0.8361405186261269 5.01071542128583 1.395
239 -0.4195030749994458 5.062649224473883 1.395
240 3.818778008077429 1.850224064619439 1.395
241 3.537556016154859 2.131446056542009 1.395
242 3.256334024232288 2.412668048464579 1.395
243 2.975112032309717 2.693890040387151 1.395
244 2.693890040387147 2.97511203230972 1.395
245 2.412668048464578 3.25633402423229 1.395
246 2.131446056542009 3.537556016154859 1.395
247 1.850224064619439 3.818778008077428 1.395
248 -1.176751554522651 4.1 1.395
249 -0.7845010363484337 4.1 1.395
250 -0.3922505181742171 4.1 1.395
251 2.220446049250313e-16 4.1 1.395
252 0.3922505181742164 4.1 1.395
253 0.7845010363484333 4.1 1.395
254 1.176751554522651 4.1 1.395
255 1.176751554522651 -4.1 1.395
256 0.7845010363484337 -4.1 1.395
257 0.3922505181742171 -4.1 1.395
258 -2.220446049250313e-16 -4.1 1.395
259 -0.3922505181742164 -4.1 1.395
260 -0.7845010363484333 -4.1 1.395
261 -1.176751554522651 -4.1 1.395
262 -1.850224064619439 -3.818778008077429 1.395
263 -2.131446056542009 -3.537556016154859 1.395
264 -2.412668048464579 -3.256334024232288 1.395
265 -2.693890040387151 -2.975112032309717 1.395
266 -2.97511203230972 -2.693890040387147 1.395
267 -3.25633402423229 -2.412668048464578 1.395
268 -3.537556016154859 -2.131446056542009 1.395
269 -3.818778008077428 -1.850224064619439 1.395
270 4.1 1.176751554522651 1.395
271 4.1 0.7845010363484337 1.395
272 4.1 0.3922505181742171 1.395
273 4.1 -2.220446049250313e-16 1.395
274 4.1 -0.3922505181742164 1.395
275 4.1 -0.7845010363484333 1.395
276 4.1 -1.176751554522651 1.395
277 3.818778008077429 -1.850224064619439 1.395
278 3.537556016154859 -2.131446056542009 1.395
279 3.256334024232288 -2.412668048464579 1.395
280 2.975112032309717 -2.693890040387151 1.395
281 2.693890040387147 -2.97511203230972 1.395
282 2.412668048464578 -3.25633402423229 1.395
283 2.131446056542009 -3.537556016154859 1.395
284 1.850224064619439 -3.818778008077428 1.395
285 -3.818778008077429 1.850224064619439 1.395
286 -3.537556016154859 2.131446056542009 1.395
287 -3.256334024232288 2.412668048464579 1.395
288 -2.975112032309717 2.693890040387151 1.395
289 -2.693890040387147 2.97511203230972 1.395
290 -2.412668048464578 3.25633402423229 1.395
291 -2.131446056542009 3.537556016154859 1.395
292 -1.850224064619439 3.818778008077428 1.395
293 -4.1 -1.176751554522651 1.395
294 -4.1 -0.7845010363484337 1.395
295 -4.1 -0.3922505181742171 1.395
296 -4.1 2.220446049250313e-16 1.395
297 -4.1 0.3922505181742164 1.395
298 -4.1 0.7845010363484333 1.395
299 -4.1 1.176751554522651 1.395
300 4.244039662953008 -2.034757655002125 0
301 -4.247756152660332 2.100629516207367 0
302 -2.049015717006724 -4.214801304542685 0
303 2.122027170084118 4.277460449513331 0
304 -1.726652349808074 4.423948790352943 0
305 -4.512258319106097 -1.385986536265096 0
306 4.573098879326815 1.331364275057355 0
307 1.716619112247865 -4.413872840503204 0
308 0.1889332058171959 4.726297847593917 0
309 -0.2223522902404443 -4.748788998472424 0
310 -3.586345442015207 -3.072853116579909 0
311 3.620866967956657 3.047917885116425 0
312 -3.331922169659286 3.331922169659294 0
313 3.396776760310547 -3.328292254782951 0
314 -4.716716994176771 0.6333918589167689 0
315 4.614892928549673 -0.5863991004852203 0
316 3.820218185438897 -2.736297078084507 0
317 2.738062729739201 -3.83489545846393 0
318 -4.669759032753042 -0.2130077665119897 0
319 -4.505211615963229 1.324739606262386 0
320 -2.437991666665924 4.031593810674124 0
321 4.743787737288507 0.259660598870649 0
322 -3.813371031846567 2.68009095929906 0
323 0.9714922875587155 4.620842413191189 0
324 4.53561920115648 -1.309663885917876 0
325 -0.9116167845388792 -4.638770472520424 0
326 -0.9748490328687411 4.620699850139242 0
327 0.9577143965826487 -4.62330812340462 0
328 3.043645195069697 3.565152782114327 0
329 -2.758928439737073 -3.812370321351555 0
330 -4.013425185034649 -2.433410746744225 0
331 4.205905224484675 2.087803641307831 0
332 2.404717395640753 -4.074691740782208 0
333 2.359885295848465 -3.669242740453809 0
334 2.69559946894959 -3.418874612028752 0
335 2.311061611954199 -3.252037867142443 0
336 2.643584667688717 -2.995772255620017 0
337 2.262167375497532 -2.833774648511975 0
338 1.925674112785339 -3.08483407735506 0
339 1.877557855338801 -2.66756318618896 0
340 2.214780089981015 -2.417441448785882 0
341 1.829694539587387 -2.250596347917577 0
342 1.492437693985557 -2.500678350894055 0
343 1.444487495245321 -2.083586432520806 0
344 1.78173800821672 -1.833494756451792 0
345 1.396526543497665 -1.66647883903669 0
346 1.059278682073784 -1.91657435310103 0
347 1.011314897325724 -1.499462705202184 0
348 1.348562858879408 -1.249367329978366 0
349 0.9633502013212534 -1.082349760787584 0
350 0.6261021373897445 -1.332444995196206 0
351 0.5781374091049613 -0.9153320013421936 0
352 0.9153855028538495 -0.6652368136678914 0
353 0.5301726794819441 -0.4982190091580455 0
354 0.1929245867017831 -0.7483141975756951 0
355 0.1449598460994206 -0.3312011905725705 0
356 0.4822079377493636 -0.08110600064817047 0
357 0.09699510400462917 0.08591181844416076 0
358 -0.2402529872963574 -0.1641833719524443 0
359 -0.2882177297394718 0.252929637537492 0
360 0.04903036156944193 0.5030248279229906 0
361 -0.6254658210745899 0.002834447187681259 0
362 -0.3361824722923925 0.6700426471768119 0
363 0.001065619032456723 0.9201378375405802 0
364 -0.3841472148448506 1.087155656815493 0
365 -0.04689912352141806 1.33725084718119 0
366 0.3383137103608783 1.170233027899478 0
367 -0.4321119574030341 1.504268666461974 0
368 -0.7693600487268339 1.254173476096778 0
369 0.2903489678031762 1.587346037545304 0
370 0.675561801685666 1.420328218263328 0
371 -0.8173247912852197 1.671286485743534 0
372 -1.154572882609114 1.421191295378468 0
373 0.6275970591273586 1.83744122790998 0
374 1.01280989300978 1.670423408628098 0
375 -1.202537625167549 1.838304305025292 0
376 -1.539785716491468 1.588209114660258 0
377 -0.8652895338436194 2.088399495390313 0
378 0.9648451504513604 2.087536418274903 0
379 1.350057984333751 1.920518598993061 0
380 1.398022726892204 1.503405589346211 0
381 1.735270818216143 1.753500779711218 0
382 1.783235560774592 1.336387770064371 0
383 -1.587750459049915 2.005322124307097 0
384 -1.92499855037384 1.755226933942073 0
385 -1.877033807815388 1.338113924295227 0
386 2.120483652098523 1.58648296042939 0
387 2.168448394656973 1.169369950782542 0
388 -2.262246641697765 1.505131743577049 0
389 -2.214281899139314 1.088018733930203 0
390 0.5796323165689868 2.254554237556721 0
391 0.916880407892928 2.504649427921725 0
392 0.5316675740105524 2.671667247203546 0
393 -2.599494733021692 1.255036553212026 0
394 -2.55152999046324 0.8379235435651794 0
395 2.505696485980902 1.419465141147564 0
396 2.553661228539351 1.002352131500716 0
397 2.216413137215423 0.7522569411356935 0
398 2.601625971097801 0.5852391218538675 0
399 2.072518909540074 2.003595970076237 0
400 2.264377879773872 0.335143931488846 0
401 2.64959071365625 0.1681261122070199 0
402 -0.5775010785180034 -0.4142785624566304 0
403 -0.9627139123833355 -0.2472607431980002 0
404 -0.9147491698223533 -0.6643737528482904 0
405 -1.299962003701469 -0.4973559335709065 0
406 -1.251997261142052 -0.9144689432190671 0
407 -1.637210095023726 -0.7474511239382023 0
408 -1.589245352464996 -1.164564133585427 0
409 -1.97445818634721 -0.9975463143038259 0
410 -1.204032518582571 -1.331581952867315 0
411 -1.541280609906255 -1.581677143232669 0
412 -1.156067776766546 -1.748694964227313 0
413 -1.493315867471566 -1.998790153165009 0
414 -1.10810303435246 -2.165807974207268 0
415 -1.445351124957803 -2.415903162914957 0
416 -1.060138291082872 -2.582920982213966 0
417 -1.830563958720417 -2.24888534335691 0
418 -0.7228901991509208 -2.332825795387679 0
419 -0.6749254569818743 -2.749938801815086 0
420 -1.97296329293229 2.172339943588917 0
421 -1.635715201608363 2.42243513395394 0
422 2.98683880498018 0.4182213025720415 0
423 3.034803547538628 0.001108292925193829 0
424 2.6975554562147 -0.2489868974398273 0
425 3.082768290097077 -0.4160047167216523 0
426 0.8689156653344832 2.921762437568565 0
427 0.483702831452106 3.088780256850389 0
428 -1.012173548348499 -3.000033991455072 0
429 -2.936742824345619 1.004941362847003 0
430 -2.888778081787167 0.5878283532001564 0
431 -0.6269607144590036 -3.167051810857735 0
432 -0.2897126231421919 -2.916956620371873 0
433 2.89090931986328 1.252447321865738 0
434 -2.647459475580144 1.672149562858872 0
435 -2.020928035490741 2.589452953235763 0
436 -1.683679944166814 2.839548143600785 0
437 2.842944577304831 1.669560331512587 0
438 2.745520198776328 -0.6660999070863084 0
439 3.130733032656057 -0.8331177263684375 0
440 1.445987469450663 1.08629257969935 0
441 -1.782599216149454 -2.665998352974903 0
442 -2.167812050009787 -2.498980533642231 0
443 -0.2417478805825545 -3.33406963003886 0
444 0.09550021074038499 -3.083974439657054 0
445 -1.829069065256936 0.9210009146483785 0
446 -2.503565247904788 0.4208105339183325 0
447 -2.840813339228715 0.1707153435533093 0
448 -3.226026173111094 0.3377331628351324 0
449 -3.178061430552642 -0.07937984681171464 0
450 0.1434649532988692 -3.501087449304461 0
451 0.480713044622603 -3.25099225893614 0
452 2.793484941335396 -1.083212916733084 0
453 3.178697775214698 -1.250230736015262 0
454 0.04753547101059412 -2.666861433111556 0
455 2.360307364899073 -0.4990820878103525 0
456 0.1464547401281775 2.838685066485366 0
457 0.09848999756972762 3.255798076132213 0
458 -0.2387580937542013 3.005702885767189 0
459 -0.2867228363126521 3.422815895414035 0
460 1.254128499216862 2.75474461828674 0
461 1.206163756658413 3.171857627933586 0
462 1.591376590540792 3.004839808651762 0
463 -0.8188196869092812 -1.498599777765493 0
464 -2.215776792564562 -2.081867523986909 0
465 -2.553024883882119 -2.331962714337235 0
466 -2.600989626438893 -1.914849704686525 0
467 3.420016381421008 -0.1659095263566291 0
468 -0.964208805788862 -3.417147001122058 0
469 0.4357380888936555 3.505893266497234 0
470 3.22815741118721 1.502542512230761 0
471 3.180192668628759 1.91965552187761 0
472 -3.56327426443502 0.08763797247010843 0
473 -3.515309521876568 -0.3294750371767385 0
474 -3.13009668799419 -0.4964928564585619 0
475 -3.467344779318117 -0.746588046823586 0
476 -3.611239006993474 0.504750982116955 0
477 -2.938237717761482 -2.164944895048453 0
478 -2.068892778049191 3.006565962882608 0
479 -2.406140869373118 2.756470772517586 0
480 -1.731644686725264 3.256661153247631 0
481 -2.505060141322608 -2.749075723981634 0
482 2.841449683430384 -1.500325927483379 0
483 3.226662517695936 -1.667343745846013 0
484 -1.346431852842888 3.089643333965807 0
485 -1.347926746259376 -0.08024292392479934 0
486 -2.455600505346337 0.003697524271485816 0
487 -3.082131945435738 -0.9136058661054082 0
488 -3.419380036759665 -1.16370105647043 0
489 3.515945866538011 -1.000135545650309 0
490 -1.394396595401338 3.506756343612652 0
491 0.5286777871810617 -3.668105268583125 0
492 0.8659265469741877 -3.418010315627708 0
493 -3.852557613200496 -0.5795702275417628 0
494 -0.1937831380250532 -3.751182639669578 0
495 1.54341184798234 3.42195281829861 0
496 1.928624681864721 3.254934999016786 0
497 -2.454105611931569 3.173583782164432 0
498 2.889414401494665 -1.917438993458033 0
499 0.8179623498380788 -3.000897925424287 0
500 2.45623684941616 -1.33330810860512 0
501 1.976589424423173 2.837821989369938 0
502 2.313837515747101 3.087917179734962 0
503 2.361802258305552 2.670804170088113 0
504 2.699050349629482 2.920899360453138 0
505 3.276122153745659 1.085429502583913 0
506 3.613370245069589 1.335524692948937 0
507 3.661334987628039 0.9184116833020887 0
508 -0.19079335119575 2.588589876120343 0
509 1.879165045891494 0.5021617507706722 0
510 -1.34942163967223 -3.25012918182345 0
511 -1.301456897113977 -3.667242191466942 0
512 -1.686669730996322 -3.500224372185676 0
513 -1.106608140050658 1.004078285731614 0
514 -0.5295363362768668 -0.8313915716758272 0
515 1.927129788451127 0.08504874112396052 0
516 1.541916954567762 0.2520665604056733 0
517 1.589881697132565 -0.165046449244497 0
518 -0.5760061850781304 2.755607695402166 0
519 0.7235265442441352 1.003215208616456 0
520 -2.11835241402241 0.2537927146365089 0
521 1.158199014099961 3.588970637580433 0
522 -2.744883854111811 -0.6635106757403846 0
523 -2.696919111553361 -1.08062368538723 0
524 3.274627256159154 -2.08445676491148 0
525 -0.9145872938989914 -3.830438808844621 0
526 -3.950020594905687 0.2568940993283353 0
527 0.9161440022106869 -3.829926146510922 0
528 1.251516529850998 -3.584162122107093 0
529 -4.001684715484488 0.6878145210852883 0
530 -3.66007589532003 0.9245382783782202 0
531 2.26587277318865 3.50503018938181 0
532 0.5907845067387557 -4.061230901863203 0
533 -1.774473497760681 3.665517643809875 0
534 -2.784186094293173 2.91382322223204 0
535 -2.742194359203325 2.504764687224668 0
536 1.482990664047513 3.836185679305332 0
537 2.937378996730374 -2.33455225439855 0
538 -1.009183761518961 3.33973852433083 0
539 -1.057148504077411 3.756851533977676 0
540 2.747015092187932 2.503786350806287 0
541 -2.07038767146396 -0.1633202950103383 0
542 1.204668863245139 0.001971370039572675 0
543 1.15670412068547 0.4190843796873053 0
544 -2.263741535114685 -1.664754514320862 0
545 -2.986202460319426 -1.747831885400448 0
546 -3.32345055164305 -1.997927075764759 0
547 -3.123955462777586 2.667127920960572 0
548 -3.07966356313838 2.254967662553923 0
549 -3.275016066744329 -2.411754153757569 0
550 3.59563022260984 -1.836229629619101 0
551 -1.271264384007624 -4.092000712802751 0
552 1.117418359599622 3.989680769123879 0
553 3.062207534215683 2.751345313539989 0
554 2.034928298599029 -3.892345416672102 0
555 1.426215320440624 4.204848409303196 0
556 3.322592002889321 -2.501569764955888 0
557 1.326447183297288 -3.952275831560475 0
558 3.975293582243452 1.161744783501072 0
559 4.040802620757612 0.7459685677562822 0
560 3.708342196727688 0.5003944576112437 0
561 4.076182503477948 0.3312465820236381 0
562 3.970116869050256 1.622810534303475 0
563 -4.052655427163233 1.099743414854424 0
564 -3.70868699035988 1.341232983147852 0
565 -2.888964436719245 3.337627868783493 0
566 4.431760655392798 0.5843760447384395 0
567 -3.46584988590335 2.423298211069367 0
568 -3.4177228951978 2.005966413216917 0
569 -4.092381325992753 1.505994820692472 0
570 -2.482215287361719 3.581414637091774 0
571 -3.834788753392236 2.173367859401286 0
572 1.65195461747164 -3.721653734017007 0
573 3.031601707941414 3.166767520869243 0
574 -4.38786303678252 0.8607133719978229 0
575 -3.660698642966703 -2.248022266129134 0
576 -3.690157868418408 -1.82878126636123 0
577 2.992074517431271 -2.744110280454919 0
578 1.975901124587457 -3.49899300671076 0
579 1.540409184413928 -2.917788435484534 0
580 2.166928195771351 -2.000481906390587 0
581 2.600358639338191 -2.582197558473845 0
582 1.107240625557641 -2.333683269359715 0
583 0.7220308359263912 -2.166669874653966 0
584 1.155204040582422 -2.750791392993929 0
585 0.6740667338992541 -1.749557805925458 0
586 0.2888540383502573 -1.582540184850877 0
587 0.3368186486396212 -1.999652994969277 0
588 -0.04839405334020012 -1.83263537526869 0
589 -0.09635877244080354 -1.415522409752751 0
590 -0.4336068568509713 -1.665617615866899 0
591 1.733775227884052 -1.416384496770423 0
592 1.685811027426828 -0.9992722501605863 0
593 2.118983981202006 -1.583396779905018 0
594 2.552176985519868 -2.167088880811813 0
595 1.300598272666451 -0.8322545421849111 0
596 1.637846401272164 -0.5821594046546231 0
597 2.023059241367 -0.7491772327409127 0
598 1.252633584848315 -0.4151416100061256 0
599 3.754049873736652 0.0835292492760978 0
600 4.142477306627319 -0.08283215527343063 0
601 3.804693448802004 -0.3330367480938357 0
602 4.190442049185766 -0.4999451649202782 0
603 2.794979834746381 2.086673341159437 0
604 3.128551984520947 2.33634582691924 0
605 3.509430472875182 2.168829591710293 0
606 3.474399083399292 2.642824340133981 0
607 3.844213748816267 2.360579130424312 0
608 3.56120308757625 -1.417559899440303 0
609 3.883416496834299 -1.169193580000295 0
610 3.969489775646438 -1.648725473535329 0
611 -1.653844132887397 -3.926506422504501 0
612 -2.039503285472882 -3.754779369015895 0
613 -2.074261298302384 -3.33344510886709 0
614 -1.664661411455891 -4.377379703556734 0
615 -0.5280414425196805 2.338494685755322 0
616 -0.1428286086372997 2.171476866473495 0
617 -0.9132542764020575 2.505512505037145 0
618 3.664738556095097 -2.266626436903946 0
619 3.370940723493379 -2.927680058426816 0
620 2.024554166981625 2.420708979723089 0
621 -3.747114340826301 1.738216504119604 0
622 -3.368809960163095 1.586432806207957 0
623 3.371798229456152 0.2511086927911705 0
624 3.324086896304109 0.6683164929370627 0
625 2.938874062421729 0.8353343122188898 0
626 1.875943262412043 3.664758294420667 0
627 -0.6734305636147787 0.4199474568096822 0
628 1.687306075657692 2.170613789358067 0
629 -3.032297946520347 1.838472231639539 0
630 1.639341333099243 2.587726799004914 0
631 -0.4800766999612838 1.921381676108547 0
632 -1.49182097393302 1.171096105013417 0
633 -2.107394613191219 3.413611968219563 0
634 -0.09486386607912999 1.75436385682703 0
635 -2.89119974284008 -2.581625823253847 0
636 -2.843467751943787 -2.999214474601108 0
637 -2.457230553651563 -3.166021923948771 0
638 -2.788653836739279 -3.408251173674531 0
639 -3.161075359960354 -3.230839600767329 0
640 -3.226831576951684 -2.823502235301914 0
641 -2.310211384256217 1.922244753223894 0
642 0.1944194826866244 2.421572056838523 0
643 -3.274136273297563 0.7552918869177153 0
644 0.3862784529147675 0.7531200182588481 0
645 0.2423842252449527 2.004459047191842 0
646 -1.443856231374564 0.7539830953665635 0
647 -2.166317156580862 0.6709057242833552 0
648 -1.397386382247381 -2.833016172211475 0
649 -0.5787198436839469 -3.583527953427241 0
650 -1.010678654940061 0.1698522664465004 0
651 0.4327485108567794 -2.833879395342099 0
652 -1.39589148881745 0.3368700857215357 0
653 2.312342622335086 -0.08196907815875992 0
654 -3.906940392591644 -0.1594122939702926 0
655 -4.252798532587605 -0.4039519111995921 0
656 -4.210322908031451 -0.8167393504990751 0
657 -4.643180380039745 -0.6170306051688083 0
658 -4.322709914049225 0.02059183735823995 0
659 -3.805061032939734 -0.9941895079055297 0
660 -2.98453080457484 1.421657403914221 0
661 -2.022422928905633 -0.5804333046570165 0
662 -0.8667844280221675 -1.081486762905218 0
663 -2.120266288831767 -2.916105500992149 0
664 -1.73510075936659 -3.083153114842457 0
665 1.060774635568264 1.253310398981205 0
666 -2.695313914562027 2.089105573049646 0
667 -0.1922882452236822 -0.5812963809421045 0
668 -0.1443235051777455 -0.9984093915593273 0
669 0.4342431954003786 0.3360070087115982 0
670 1.831200303333043 0.919274760417521 0
671 1.493952212009195 0.6691795700524744 0
672 -0.3376773643640096 -2.499843615148921 0
673 0.7714912867887913 0.5861021989884984 0
674 -0.7213953061697019 0.8370604664517285 0
675 0.0505252550112765 3.672911085779059 0
676 -0.3346875788711027 3.839928905060882 0
677 0.3890969973160311 3.921221360703637 0
678 0.007598090226249867 4.076301793752288 0
679 -0.3677867158656835 4.309803871625996 0
680 -0.7160995604073717 4.006243604396975 0
681 2.667222822700876 3.336166464487596 0
682 2.660880500098874 3.81690463078616 0
683 1.302093241775306 2.337631608639901 0
684 -2.792848596670263 -0.246397666093539 0
685 -0.6713021948040138 3.589716528038235 0
686 -1.102338830371668 4.19126875453535 0
687 3.850147629513955 -0.750398624872552 0
688 -2.357958642636286 2.339063113806746 0
689 -1.250502367725988 2.255417314672122 0
690 2.409767000864003 2.253691160441262 0
691 2.457731743422452 1.836578150794413 0
692 -1.058643397494536 0.5869652760879374 0
693 1.10873937812442 0.8361973893375482 0
694 3.565405502511136 1.752637702595785 0
695 -1.298467110284437 2.672530324318964 0
696 -1.878528701261015 -1.831772333668872 0
697 0.1937866920237231 -3.914202562887838 0
698 0.2685806982561884 -4.341858033973242 0
699 -0.1301830018803692 -4.144783667635049 0
700 -0.5258502284614558 -3.991419906011741 0
701 -3.321955658227997 1.171959182128826 0
702 0.8209509227760345 3.338875447215409 0
703 0.7744041367240722 3.75295715793828 0
704 -1.781104322698709 0.5038879050018378 0
705 0.8194560292981437 0.1689891894090667 0
706 -2.407635762787907 -0.4134154853753335 0
707 -1.733139580140581 0.08677489535542982 0
708 -1.685174837582458 -0.3303381142909722 0
709 0.8674207678671524 -0.2481238146202575 0
710 -1.926493443794191 -1.414659323963452 0
711 3.467384108171352 -0.5831004813439026 0
712 -1.426778208222392 3.899601313460074 0
713 -2.359671020229483 -0.8305284950221409 0
714 -2.648954368995224 -1.497736695034799 0
715 -0.6238653484047454 3.172701173939407 0
716 -0.9612014224218699 2.922622259499053 0
717 -2.311706277672359 -1.247641504672051 0
718 -3.034167202877438 -1.330718875752598 0
719 4.27151801027065 -0.9479053230265229 0
720 -3.368331041350262 -1.580459401097485 0
721 0.757835343656468 4.235685046188693 0
722 -3.750156488520114 -1.412627464716333 0
723 -4.100791270368396 -1.675487913263096 0
724 1.975094519242836 -0.3320642519141974 0
725 2.071023072460723 -1.166288994271927 0
726 2.408271944709113 -0.9161948745412839 0
727 2.504198349472406 -1.750340099442325 0
728 0.2408893274293183 -1.165427206803296 0
729 -0.4815715976129725 -1.248504588254253 0
730 0.7699949904392072 -2.583781351368281 0
731 -0.0004293030546163479 -2.249748380158407 0
732 -0.7708549465973458 -1.915712792073461 0
733 -0.3856421205596772 -2.082730595650676 0
734 0.3847831923029961 -2.416765571600597 0
735 1.591438924958934 -3.329224614664595 0
736 1.203742929436425 -3.166812467717024 0
737 -2.414394564563216 -3.574755364372045 0
738 -0.4685038475850754 -4.421678141414585 0
739 0.326247042369072 4.344691850860748 0
740 -4.158255444935795 -1.224434865244843 0
741 -3.603885098206351 -2.644726242851726 0
742 -4.353233554650693 0.4425783890234333 0
743 -0.9025967854214578 -4.258066289306278 0
744 4.322955693352534 1.035791953079867 0
745 -2.409691901111693 -4.012873120830798 0
746 2.192767113563538 3.914635203122006 0
747 0.5619482447750668 -4.695620455367713 0
748 -2.092511235106133 4.234996707807738 0
749 4.653677941859003 -0.9779357912868398 0
750 4.058191030950868 -2.374429722061824 0
751 -4.393569143515318 1.73918579340709 0
752 4.715987777872394 -0.1422168356054784 0
753 0.1647530137006795 -4.729826182332157 0
754 -4.700844786683935 0.2171762322976538 0
755 3.066286921894172 -3.576839793504937 0
756 4.398109093551601 -1.67155570095533 0
757 -1.353766013398741 4.547219882346818 0
758 0.5833585788378381 4.666813633932375 0
759 -3.620421065055794 3.066340227232457 0
760 -4.269981345036694 -2.062053685025784 0
761 4.402212826323631 1.689313953653211 0
762 1.331571506290106 -4.541752126729044 0
763 -0.196064645454131 4.740406072505467 0
764 -0.5857495859439289 4.683999341719195 0
765 1.037075528355728 -4.238035947472376 0
766 -2.810406314473667 3.801509329586505 0
767 -4.123289660720348 2.430079546959598 0
768 3.819014363547503 1.998532120068339 0
769 3.027543843294613 -3.165261542469732 0
770 3.360559850017461 3.324444233987776 0
771 -2.124135601260287 3.812913055889626 0
772 -3.116493326265428 -3.604547284430029 0
773 3.893754800467896 2.738280069854345 0
774 2.05846756518839 -4.260709883300431 0
775 -4.467982204351623 -1.762722839070166 0
776 -1.762983441817054 4.046256209330584 0
777 -3.168099176859993 3.022906976899142 0
778 -1.274446490609817 -4.515920352832868 0
779 -4.576547637395119 -1.021233025079864 0
780 1.76505547214228 4.422683932861533 0
781 -0.5716233031979953 -4.776520451633429 0
782 -0.720153527849446 4.359721610284756 0
783 1.810833167115019 4.05342866142101 0
784 1.328226746411166 4.573162390725079 0
785 -0.008214604581459334 4.439500287267683 0
786 -3.438339324488658 2.77195285909212 0
787 -3.911602646459453 -2.792830609288581 0
788 4.791683112600485 0.6174318148413891 0
789 3.899617415515602 -2.012587762490091 0
790 4.700728054096058 0.9756477361803 0
791 4.408549956386374 0.1262757709947912 0
792 4.193196053397562 -1.347306546736067 0
793 0.6832206749416775 -4.392010692416231 0
794 4.41814900830497 -0.2624463503197286 0
795 -3.934878374208377 -2.068236506120318 0
796 1.720375897374154 -4.073941890685788 0
797 1.120237611533319 4.324843805706408 0
798 3.679968715021884 -3.118578108499864 0
799 2.459518057435741 4.149637951507447 0
800 -3.128746061416262 3.630132992758159 0
801 -1.454346702611507 4.230916502490748 0
802 4.248735570059337 1.368205099918996 0
803 4.153983360639801 2.478863372568862 0
804 -4.724827988295398 0.987138332333153 0
805 3.294578683111038 2.988212846845099 0
806 -4.061997296406331 1.840674858113523 0
807 -3.429511356833579 -3.429511356833573 0
808 -0.06657553127448344 -4.469573683891261 0
809 1.426417845513028 -4.243975727390178 0
810 4.732611926169973 -1.846289347928364 0.3618406653988501
811 2.600376049375175 -4.363994088199016 0.3635850352220766
812 4.361226022914313 -2.605015849674432 1.044728611252067
813 3.283200128333577 -3.87646706645502 0.3635850352220769
814 5.075675129320198 0.2095757180600419 0.3618406653988884
815 1.447562323427626 4.869390446430931 0.3601537395148308
816 1.042493938353824 -4.971881574262961 0.3635850352220767
817 3.876467066455016 -3.283200128333581 0.3635850352220771
818 4.971808617425499 -1.042841824867772 0.3618406653988847
819 4.971881574262964 1.042493938353806 1.031414964777921
820 1.84662049046426 -4.732482727300495 0.3635850352220787
821 3.876467066455023 3.283200128333573 0.3635850352220802
822 2.231118671344644 4.563826188011252 1.03141496477792
823 2.951870222241848 4.13435148373259 0.3635850352220805
824 4.732482727300503 1.846620490464243 1.031414964777919
825 4.362873989631341 2.602254897314693 1.033029920515027
826 0.6283585668482845 5.040988545064189 0.3635850352220804
827 5.075660452607494 -0.20993086918386 1.044609213374911
828 0.6283585668482869 -5.040988545064189 1.031414964777923
829 3.59210244842766 -3.592102448427664 1.031414964777923
830 2.951870222241846 -4.134351483732591 1.031414964777923
831 1.449508019185458 -4.868811610887922 1.031414964777921
832 1.045177946850882 4.97131804046136 1.033630866659185
833 4.868811610887935 -1.449508019185417 1.044609213374878
834 2.231118671344642 -4.563826188011253 1.031414964777923
835 3.592102448427664 3.592102448427659 1.03141496477792
836 4.566196812047412 2.226262939018671 0.3502681165019015
837 4.868811610887927 1.449508019185445 0.3635850352220805
838 0.301892880518817 5.071021661232779 0.8718750000000015
839 0.3018928805189906 -5.071021661232769 0.523125000000001
840 4.365165931166701 -2.598408434673337 0.3618512391011405
841 2.231118671344644 4.563826188011252 0.3635850352220804
842 2.951870222241851 4.134351483732588 1.03141496477792
843 1.041887770006684 4.972008635824208 0.3581825012067058
844 1.042120905730836 -4.971959776369751 1.031634657176745
845 1.44989082818252 4.868697627328299 1.035208572228087
846 1.846672620314073 4.732462385839147 1.032670127969875
847 4.565186926887479 -2.228333081605094 0.360770240035462
848 4.654416625310175 -2.035388385059777 0.7086944442059153
849 5.075658807859347 -0.2099706317555523 0.3625225162673451
850 5.041018099098408 -0.6281214250145204 0.3608754512507359
851 5.010711805730381 -0.8361621851735394 0.7034016841604899
852 3.59210244842766 -3.592102448427664 0.3635850352220771
853 4.971881574262929 1.042493938353979 0.3635850352219284
854 5.040955868762064 0.6286206560345449 0.3612408511089189
855 5.062650507335012 0.4194875928803494 0.7034236930181571
856 4.868811610887856 1.449508019185683 1.031414964777813
857 2.600376049375171 -4.363994088199018 1.031414964777924
858 3.283200128333577 -3.87646706645502 1.031414964777923
859 4.133692302081647 2.952793245676192 1.0337146517605
860 4.249700930948063 2.783243071939489 0.686317638168419
861 3.592102448427664 3.592102448427659 0.3635850352220804
862 1.449508019185636 -4.86881161088787 0.3635850352218913
863 2.231118671344809 -4.563826188011171 0.3635850352218937
864 3.876467066455217 -3.283200128333343 1.031414964777799
865 1.846344392242018 4.732590451881132 0.3612126798469979
866 2.951870222241846 -4.134351483732591 0.3635850352220766
867 2.600376049374995 4.363994088199123 1.031414964777827
868 1.84662049046426 -4.732482727300495 1.031414964777921
869 4.134575781907973 -2.951556047860192 0.3615083521501403
870 4.562501400118119 2.233826531743278 1.033699071953898
871 4.868811610887966 -1.449508019185313 0.3618792081244002
872 3.283200128333458 3.87646706645512 0.363585035221944
873 2.600376049375173 4.363994088199017 0.3635850352220804
874 3.283200128333413 3.876467066455159 1.031414964777826
875 4.732828555922345 1.845733962478345 0.3614956598157552
876 3.876467066454915 3.2832001283337 1.03141496477806
877 4.133798517208971 -2.952644546693846 1.033503206026167
878 0.3018873264097194 5.071021991882228 0.5231346327724524
879 0.6539217164849023 5.037736236516302 1.046270754967002
880 0.8780887001276746 5.003534774008081 0.6961091926416271
881 0.3018873264096859 -5.071021991882229 0.8718653672275054
882 0.6539217164850702 -5.037736236516281 0.3487292450328762
883 0.8801254724125239 -5.003176906007885 0.6974438434105266
884 1.248495096266316 4.924191303615139 0.6945904316204716
885 4.468507518619876 -2.416369292148377 0.7050816777270141
886 4.974021112449575 -1.03223736267677 1.045743787650333
887 5.075216638934998 0.2203997910102124 1.045744804409305
888 4.732703759524059 -1.846053933282243 1.051534637083885
889 4.466955353262708 2.419237456711854 0.6898107127780091
890 4.135308858340424 2.950528875664703 0.3479337602463895
891 5.040175056134187 0.6348506938822307 1.042542802939773
892 5.041180466346641 -0.6268169634949771 1.045791817694838
893 1.246712386183393 -4.924642954178193 0.6977578645253611
894 1.649893662094521 4.804607258016032 0.6964079756726489
895 2.040592158305902 4.652137534882268 0.6975423506345819
896 1.649355964896563 -4.804791868651558 0.6975761788347195
897 2.417812728365109 -4.467726671424257 0.6974976106121765
898 3.440590407502387 3.737477444454021 0.6974976106122235
899 2.778496642603902 -4.252805710003556 0.6975195359988697
900 3.440590360215079 -3.737477487985055 0.697502389387765
901 3.737477443410654 -3.440590408635786 0.6975080750927133
902 3.120200570748684 -4.008833795295034 0.6975151213389806
903 4.252663911293044 -2.778713669593497 0.6990496730369573
904 2.040573975315265 -4.652145510543072 0.6975228540255023
905 4.924553347054903 1.247066290142728 0.6974647214181574
906 3.737477414978883 3.440590439520921 0.6975200353223636
907 2.778496643261905 4.252805709573661 0.6975281994951021
908 4.652338932738984 2.040132950305222 0.6943436249295319
909 2.417805990828295 4.46773031759022 0.6975265246370325
910 3.120200581083708 4.008833787250962 0.6975195359988946
911 4.804844522565573 1.649202569113817 0.6966469664215733
912 4.00869651539618 -3.120376939962626 0.6979912234836434
913 4.564184838566596 -2.230384890416635 1.049737664356484
914 4.804751587839293 -1.649473303559591 0.6974320605697903
915 5.062672808764602 -0.4192183576556933 0.6991687869037293
916 5.010643687165559 0.8365702841172 0.6983003505477365
917 4.008833787733443 3.120200580463817 0.6975679394300303
918 4.924706564666827 -1.246461091220848 0.701250684890445
919 5.079999946114456 0.0007399169716253215 0.7018893956082687
920 4.36452108869806 2.599491424550175 0.3467869059131694
921 0.5699457065349415 5.047926494274891 0.6978533773172005
922 0.5703158440091112 -5.047884689458762 0.6967568828763495
923 0.2757559901799637 5.072510092043176 0.2541375918456696
924 0.2803987644533335 5.072255566598852 1.14545450279316
925 0.2757559901799572 -5.072510092043176 1.140862408154236
926 0.28039876445339 -5.072255566598849 0.2495454972068421
927 -4.363994088199013 2.600376049375179 0.3635850352220766
928 -2.231118671344638 4.563826188011254 0.3635850352220767
929 -5.07566045260749 -0.2099308691839588 0.3635850352220768
930 -3.876467066455014 3.283200128333583 1.031414964777922
931 -2.951870222241842 4.134351483732594 0.3635850352220777
932 -4.732482727300494 1.846620490464264 1.031414964777922
933 -1.447555515751371 4.869392470197672 0.3601538950992399
934 -2.609197942840282 -4.358725283276986 0.3570054088556465
935 -4.971881574262959 1.042493938353833 0.3635850352220786
936 -4.971881574262964 -1.042493938353808 0.3635850352220787
937 -1.441624012957563 -4.871151835578946 0.348952531813087
938 -4.563826188011257 -2.231118671344634 1.031414964777919
939 -3.877880417820248 -3.281530658867331 1.033029920515088
940 -3.287321039232918 -3.872973067943619 1.044728611252017
941 -0.6283585668482862 -5.040988545064189 0.3635850352220796
942 -0.6283585668482818 5.040988545064189 0.3635850352220791
943 -5.075660452607488 0.2099308691839823 1.031414964777922
944 -1.846620490464255 4.732482727300497 1.031414964777923
945 -2.600376049375171 4.363994088199018 1.031414964777923
946 -3.283200128333576 3.87646706645502 1.031414964777921
947 -5.040988545064191 -0.6283585668482726 1.031414964777922
948 -3.592102448427657 3.592102448427666 0.363585035222079
949 -2.221877210679255 -4.568332481405461 1.03799102571826
950 -4.868811610887928 -1.449508019185442 1.03141496477792
951 -1.045177946850886 -4.971318040461359 1.033630866659185
952 -1.045169490478565 4.971319818335246 1.033635843111067
953 -4.732482727300502 -1.846620490464244 0.3635850352220806
954 -4.36399408819902 -2.600376049375167 0.3635850352220807
955 -3.588279553438825 -3.595921279223568 0.3502681165018688
956 -0.3018928805188468 -5.071021661232777 0.8718750000000015
957 -0.3018928805189359 5.071021661232772 0.8718750000000015
958 -4.363994088199013 2.600376049375179 1.031414964777923
959 -4.732482727300494 1.846620490464264 0.3635850352220777
960 -4.971881574262959 1.042493938353833 1.031414964777921
961 -1.041885380829761 4.972009136477247 0.3581825546471646
962 -1.037896208486947 -4.972843397937283 0.3558894801443905
963 -1.452082529070124 -4.868044404970985 1.033465682505236
964 -1.449892912783302 4.868697006536837 1.035216542629645
965 -1.845837210543447 -4.732788289388528 1.036006622870834
966 -2.044609756342324 -4.650373204837412 0.6864882791573119
967 -3.283200128333576 3.87646706645502 0.3635850352220788
968 -3.876467066455014 3.283200128333583 0.3635850352220777
969 -4.134351483732587 2.951870222241851 0.3635850352220766
970 -4.563826188011303 2.231118671344537 1.031414964777863
971 -4.134351483732587 2.951870222241851 1.031414964777923
972 -4.732482727300502 -1.846620490464244 1.03141496477792
973 -2.23111867134478 4.563826188011185 1.031414964777851
974 -2.600376049375303 4.36399408819894 0.36358503522215
975 -4.971881574262945 -1.042493938353901 1.031414964777875
976 -4.563826188011303 2.231118671344537 0.3635850352221374
977 -4.868811610887902 -1.449508019185527 0.3635850352221238
978 -5.075660452607486 -0.2099308691840602 1.031414964777872
979 -3.592102448427755 3.592102448427569 1.031414964778023
980 -5.040988545064178 -0.6283585668483689 0.3635850352221244
981 -5.075660452607494 0.2099308691838606 0.3635850352219913
982 -5.040988545064218 0.6283585668480497 0.3635850352220601
983 -2.951870222241966 4.134351483732505 1.031414964777855
984 -2.95334193550828 -4.133300305079248 0.3597036120248594
985 -2.77502322912629 -4.255072981490388 0.7085030112478006
986 -3.279248654042704 -3.87981033878708 0.3559797103105786
987 -4.563826188011209 -2.231118671344731 0.3635850352220069
988 -5.040988545064203 0.6283585668481751 1.031414964778008
989 -1.846340415237988 4.732592003443654 0.361215978045263
990 -4.135010459279021 -2.950947051651909 1.033714651760496
991 -4.012314921841495 -3.115722864435808 0.6863176381684928
992 -4.868811610887954 1.449508019185352 0.363585035222135
993 -4.36399408819898 -2.600376049375234 1.03141496477788
994 -4.868811610887954 1.449508019185352 1.031414964777865
995 -3.596820654438942 -3.587378036923544 1.038234709674465
996 -0.3018873264097189 -5.071021991882228 0.5231346327724467
997 -0.301892880519589 5.071021661232733 0.523125000000001
998 -0.6539217164849409 -5.037736236516298 1.046270754967018
999 -0.8776863004118073 -5.003605375933382 0.6961095066359005
1000 -0.6539217164850205 5.037736236516287 1.046270754967072
1001 -0.8780874872464122 5.003534986860918 0.6961089334914004
1002 -1.25076493219999 -4.923615245363792 0.692395897373509
1003 -1.248481770390385 4.924194682280839 0.6945980810093995
1004 -2.234167801612933 -4.562334296633252 0.3458147522899023
1005 -1.650134344780474 -4.804524601266594 0.688072730458243
1006 -3.114095895195008 -4.01357779986007 0.7071749840802563
1007 -2.597486638554364 -4.365714507675868 1.049204227961777
1008 -4.133393674039799 -2.953211258174358 0.3479337602463824
1009 -3.743224151386238 -3.434337338188953 0.6876831760982201
1010 -1.649916311247757 4.80459948027706 0.6963367716811328
1011 -5.010715426575366 0.8361404869276734 0.6974976106122049
1012 -4.467726656128992 2.417812756628284 0.6975169047491857
1013 -4.804751587839252 1.649473303559711 0.6975169047491844
1014 -4.467726663722955 -2.417812742595868 0.6975352785818377
1015 -4.252805726445778 2.778496617437207 0.6974985254464799
1016 -4.008833788779449 3.120200579119909 0.6974797895842486
1017 -5.08 -9.762894702738944e-14 0.6974830952507646
1018 -3.737477487942853 3.440590360260922 0.6975003436824553
1019 -3.440590409807568 3.737477442331953 0.6974928598927278
1020 -4.652128499407697 -2.040612757237074 0.6975281994950344
1021 -3.440590383858689 -3.737477466219579 0.6974718005048997
1022 -5.010715421285828 -0.83614051862614 0.6974830952507901
1023 -5.06264922447388 -0.419503074999486 0.6974819746871739
1024 -4.924553358544471 -1.247066244771452 0.6975014745535129
1025 -4.804751588392064 -1.649473301949426 0.6975202104157672
1026 -4.924553351666422 1.247066271932257 0.6975073551015127
1027 -4.652128499407721 2.04061275723702 0.69751802531278
1028 -5.062649225831119 0.419503058620046 0.6974910100758964
1029 -2.778496616358282 4.252805727150674 0.6975023893877399
1030 -2.417812748675318 4.467726660432922 0.6975203700920131
1031 -2.040612757237104 4.652128499407683 0.6975281994951859
1032 -3.120200585233456 4.008833784021083 0.6974959853897698
1033 -1.846286038946638 -4.732613217070536 0.3455192000068775
1034 -2.950887193808926 -4.135053176128994 1.052680170330375
1035 -3.876288337173127 -3.283411141952161 0.3428457825887284
1036 -4.252805709573609 -2.778496643261983 0.6975679394302563
1037 -2.417872673381539 -4.467694230284209 0.697441192501688
1038 -0.5699462278351506 5.047926435416475 0.6978525060576388
1039 -0.5698943297619092 -5.047932294802024 0.6978534171865908
1040 -0.2757559901799598 -5.072510092043176 0.2541375918456824
1041 -0.2757483130098772 5.072510509390021 0.2541274991765273
1042 -0.2804108096249047 5.072254900716791 1.145448201708223
1043 -0.2803987644533701 -5.072255566598851 1.145454502793149
1044 4.244039662953008 -2.034757655002125 1.395
1045 -4.247756152660332 2.100629516207367 1.395
1046 -2.049015717006724 -4.214801304542685 1.395
1047 2.122027170084118 4.277460449513331 1.395
1048 -1.726652349808074 4.423948790352943 1.395
1049 -4.512258319106097 -1.385986536265096 1.395
1050 4.573098879326815 1.331364275057355 1.395
1051 1.716619112247865 -4.413872840503204 1.395
1052 0.1889332058171959 4.726297847593917 1.395
1053 -0.2223522902404443 -4.748788998472424 1.395
1054 -3.586345442015207 -3.072853116579909 1.395
1055 3.620866967956657 3.047917885116425 1.395
1056 -3.331922169659286 3.331922169659294 1.395
1057 3.396776760310547 -3.328292254782951 1.395
1058 -4.716716994176771 0.6333918589167689 1.395
1059 4.614892928549673 -0.5863991004852203 1.395
1060 3.820218185438897 -2.736297078084507 1.395
1061 2.738062729739201 -3.83489545846393 1.395
1062 -4.669759032753042 -0.2130077665119897 1.395
1063 -4.505211615963229 1.324739606262386 1.395
1064 -2.437991666665924 4.031593810674124 1.395
1065 4.743787737288507 0.259660598870649 1.395
1066 -3.813371031846567 2.68009095929906 1.395
1067 0.9714922875587155 4.620842413191189 1.395
1068 4.53561920115648 -1.309663885917876 1.395
1069 -0.9116167845388792 -4.638770472520424 1.395
1070 -0.9748490328687411 4.620699850139242 1.395
1071 0.9577143965826487 -4.62330812340462 1.395
1072 3.043645195069697 3.565152782114327 1.395
1073 -2.758928439737073 -3.812370321351555 1.395
1074 -4.013425185034649 -2.433410746744225 1.395
1075 4.205905224484675 2.087803641307831 1.395
1076 2.404717395640753 -4.074691740782208 1.395
1077 2.359885295848465 -3.669242740453809 1.395
1078 2.69559946894959 -3.418874612028752 1.395
1079 2.311061611954199 -3.252037867142443 1.395
1080 2.643584667688717 -2.995772255620017 1.395
1081 2.262167375497532 -2.833774648511975 1.395
1082 1.925674112785339 -3.08483407735506 1.395
1083 1.877557855338801 -2.66756318618896 1.395
1084 2.214780089981015 -2.417441448785882 1.395
1085 1.829694539587387 -2.250596347917577 1.395
1086 1.492437693985557 -2.500678350894055 1.395
1087 1.444487495245321 -2.083586432520806 1.395
1088 1.78173800821672 -1.833494756451792 1.395
1089 1.396526543497665 -1.66647883903669 1.395
1090 1.059278682073784 -1.91657435310103 1.395
1091 1.011314897325724 -1.499462705202184 1.395
1092 1.348562858879408 -1.249367329978366 1.395
1093 0.9633502013212534 -1.082349760787584 1.395
1094 0.6261021373897445 -1.332444995196206 1.395
1095 0.5781374091049613 -0.9153320013421936 1.395
1096 0.9153855028538495 -0.6652368136678914 1.395
1097 0.5301726794819441 -0.4982190091580455 1.395
1098 0.1929245867017831 -0.7483141975756951 1.395
1099 0.1449598460994206 -0.3312011905725705 1.395
1100 0.4822079377493636 -0.08110600064817047 1.395
1101 0.09699510400462917 0.08591181844416076 1.395
1102 -0.2402529872963574 -0.1641833719524443 1.395
1103 -0.2882177297394718 0.252929637537492 1.395
1104 0.04903036156944193 0.5030248279229906 1.395
1105 -0.6254658210745899 0.002834447187681259 1.395
1106 -0.3361824722923925 0.6700426471768119 1.395
1107 0.001065619032456723 0.9201378375405802 1.395
1108 -0.3841472148448506 1.087155656815493 1.395
1109 -0.04689912352141806 1.33725084718119 1.395
1110 0.3383137103608783 1.170233027899478 1.395
1111 -0.4321119574030341 1.504268666461974 1.395
1112 -0.7693600487268339 1.254173476096778 1.395
1113 0.2903489678031762 1.587346037545304 1.395
1114 0.675561801685666 1.420328218263328 1.395
1115 -0.8173247912852197 1.671286485743534 1.395
1116 -1.154572882609114 1.421191295378468 1.395
1117 0.6275970591273586 1.83744122790998 1.395
1118 1.01280989300978 1.670423408628098 1.395
1119 -1.202537625167549 1.838304305025292 1.395
1120 -1.539785716491468 1.588209114660258 1.395
1121 -0.8652895338436194 2.088399495390313 1.395
1122 0.9648451504513604 2.087536418274903 1.395
1123 1.350057984333751 1.920518598993061 1.395
1124 1.398022726892204 1.503405589346211 1.395
1125 1.735270818216143 1.753500779711218 1.395
1126 1.783235560774592 1.336387770064371 1.395
1127 -1.587750459049915 2.005322124307097 1.395
1128 -1.92499855037384 1.755226933942073 1.395
1129 -1.877033807815388 1.338113924295227 1.395
1130 2.120483652098523 1.58648296042939 1.395
1131 2.168448394656973 1.169369950782542 1.395
1132 -2.262246641697765 1.505131743577049 1.395
1133 -2.214281899139314 1.088018733930203 1.395
1134 0.5796323165689868 2.254554237556721 1.395
1135 0.916880407892928 2.504649427921725 1.395
1136 0.5316675740105524 2.671667247203546 1.395
1137 -2.599494733021692 1.255036553212026 1.395
1138 -2.55152999046324 0.8379235435651794 1.395
1139 2.505696485980902 1.419465141147564 1.395
1140 2.553661228539351 1.002352131500716 1.395
1141 2.216413137215423 0.7522569411356935 1.395
1142 2.601625971097801 0.5852391218538675 1.395
1143 2.072518909540074 2.003595970076237 1.395
1144 2.264377879773872 0.335143931488846 1.395
1145 2.64959071365625 0.1681261122070199 1.395
1146 -0.5775010785180034 -0.4142785624566304 1.395
1147 -0.9627139123833355 -0.2472607431980002 1.395
1148 -0.9147491698223533 -0.6643737528482904 1.395
1149 -1.299962003701469 -0.4973559335709065 1.395
1150 -1.251997261142052 -0.9144689432190671 1.395
1151 -1.637210095023726 -0.7474511239382023 1.395
1152 -1.589245352464996 -1.164564133585427 1.395
1153 -1.97445818634721 -0.9975463143038259 1.395
1154 -1.204032518582571 -1.331581952867315 1.395
1155 -1.541280609906255 -1.581677143232669 1.395
1156 -1.156067776766546 -1.748694964227313 1.395
1157 -1.493315867471566 -1.998790153165009 1.395
1158 -1.10810303435246 -2.165807974207268 1.395
1159 -1.445351124957803 -2.415903162914957 1.395
1160 -1.060138291082872 -2.582920982213966 1.395
1161 -1.830563958720417 -2.24888534335691 1.395
1162 -0.7228901991509208 -2.332825795387679 1.395
1163 -0.6749254569818743 -2.749938801815086 1.395
1164 -1.97296329293229 2.172339943588917 1.395
1165 -1.635715201608363 2.42243513395394 1.395
1166 2.98683880498018 0.4182213025720415 1.395
1167 3.034803547538628 0.001108292925193829 1.395
1168 2.6975554562147 -0.2489868974398273 1.395
1169 3.082768290097077 -0.4160047167216523 1.395
1170 0.8689156653344832 2.921762437568565 1.395
1171 0.483702831452106 3.088780256850389 1.395
1172 -1.012173548348499 -3.000033991455072 1.395
1173 -2.936742824345619 1.004941362847003 1.395
1174 -2.888778081787167 0.5878283532001564 1.395
1175 -0.6269607144590036 -3.167051810857735 1.395
1176 -0.2897126231421919 -2.916956620371873 1.395
1177 2.89090931986328 1.252447321865738 1.395
1178 -2.647459475580144 1.672149562858872 1.395
1179 -2.020928035490741 2.589452953235763 1.395
1180 -1.683679944166814 2.839548143600785 1.395
1181 2.842944577304831 1.669560331512587 1.395
1182 2.745520198776328 -0.6660999070863084 1.395
1183 3.130733032656057 -0.8331177263684375 1.395
1184 1.445987469450663 1.08629257969935 1.395
1185 -1.782599216149454 -2.665998352974903 1.395
1186 -2.167812050009787 -2.498980533642231 1.395
1187 -0.2417478805825545 -3.33406963003886 1.395
1188 0.09550021074038499 -3.083974439657054 1.395
1189 -1.829069065256936 0.9210009146483785 1.395
1190 -2.503565247904788 0.4208105339183325 1.395
1191 -2.840813339228715 0.1707153435533093 1.395
1192 -3.226026173111094 0.3377331628351324 1.395
1193 -3.178061430552642 -0.07937984681171464 1.395
1194 0.1434649532988692 -3.501087449304461 1.395
1195 0.480713044622603 -3.25099225893614 1.395
1196 2.793484941335396 -1.083212916733084 1.395
1197 3.178697775214698 -1.250230736015262 1.395
1198 0.04753547101059412 -2.666861433111556 1.395
1199 2.360307364899073 -0.4990820878103525 1.395
1200 0.1464547401281775 2.838685066485366 1.395
1201 0.09848999756972762 3.255798076132213 1.395
1202 -0.2387580937542013 3.005702885767189 1.395
1203 -0.2867228363126521 3.422815895414035 1.395
1204 1.254128499216862 2.75474461828674 1.395
1205 1.206163756658413 3.171857627933586 1.395
1206 1.591376590540792 3.004839808651762 1.395
1207 -0.8188196869092812 -1.498599777765493 1.395
1208 -2.215776792564562 -2.081867523986909 1.395
1209 -2.553024883882119 -2.331962714337235 1.395
1210 -2.600989626438893 -1.914849704686525 1.395
1211 3.420016381421008 -0.1659095263566291 1.395
1212 -0.964208805788862 -3.417147001122058 1.395
1213 0.4357380888936555 3.505893266497234 1.395
1214 3.22815741118721 1.502542512230761 1.395
1215 3.180192668628759 1.91965552187761 1.395
1216 -3.56327426443502 0.08763797247010843 1.395
1217 -3.515309521876568 -0.3294750371767385 1.395
1218 -3.13009668799419 -0.4964928564585619 1.395
1219 -3.467344779318117 -0.746588046823586 1.395
1220 -3.611239006993474 0.504750982116955 1.395
1221 -2.938237717761482 -2.164944895048453 1.395
1222 -2.068892778049191 3.006565962882608 1.395
1223 -2.406140869373118 2.756470772517586 1.395
1224 -1.731644686725264 3.256661153247631 1.395
1225 -2.505060141322608 -2.749075723981634 1.395
1226 2.841449683430384 -1.500325927483379 1.395
1227 3.226662517695936 -1.667343745846013 1.395
1228 -1.346431852842888 3.089643333965807 1.395
1229 -1.347926746259376 -0.08024292392479934 1.395
1230 -2.455600505346337 0.003697524271485816 1.395
1231 -3.082131945435738 -0.9136058661054082 1.395
1232 -3.419380036759665 -1.16370105647043 1.395
1233 3.515945866538011 -1.000135545650309 1.395
1234 -1.394396595401338 3.506756343612652 1.395
1235 0.5286777871810617 -3.668105268583125 1.395
1236 0.8659265469741877 -3.418010315627708 1.395
1237 -3.852557613200496 -0.5795702275417628 1.395
1238 -0.1937831380250532 -3.751182639669578 1.395
1239 1.54341184798234 3.42195281829861 1.395
1240 1.928624681864721 3.254934999016786 1.395
1241 -2.454105611931569 3.173583782164432 1.395
1242 2.889414401494665 -1.917438993458033 1.395
1243 0.8179623498380788 -3.000897925424287 1.395
1244 2.45623684941616 -1.33330810860512 1.395
1245 1.976589424423173 2.837821989369938 1.395
1246 2.313837515747101 3.087917179734962 1.395
1247 2.361802258305552 2.670804170088113 1.395
1248 2.699050349629482 2.920899360453138 1.395
1249 3.276122153745659 1.085429502583913 1.395
1250 3.613370245069589 1.335524692948937 1.395
1251 3.661334987628039 0.9184116833020887 1.395
1252 -0.19079335119575 2.588589876120343 1.395
1253 1.879165045891494 0.5021617507706722 1.395
1254 -1.34942163967223 -3.25012918182345 1.395
1255 -1.301456897113977 -3.667242191466942 1.395
1256 -1.686669730996322 -3.500224372185676 1.395
1257 -1.106608140050658 1.004078285731614 1.395
1258 -0.5295363362768668 -0.8313915716758272 1.395
1259 1.927129788451127 0.08504874112396052 1.395
1260 1.541916954567762 0.2520665604056733 1.395
1261 1.589881697132565 -0.165046449244497 1.395
1262 -0.5760061850781304 2.755607695402166 1.395
1263 0.7235265442441352 1.003215208616456 1.395
1264 -2.11835241402241 0.2537927146365089 1.395
1265 1.158199014099961 3.588970637580433 1.395
1266 -2.744883854111811 -0.6635106757403846 1.395
1267 -2.696919111553361 -1.08062368538723 1.395
1268 3.274627256159154 -2.08445676491148 1.395
1269 -0.9145872938989914 -3.830438808844621 1.395
1270 -3.950020594905687 0.2568940993283353 1.395
1271 0.9161440022106869 -3.829926146510922 1.395
1272 1.251516529850998 -3.584162122107093 1.395
1273 -4.001684715484488 0.6878145210852883 1.395
1274 -3.66007589532003 0.9245382783782202 1.395
1275 2.26587277318865 3.50503018938181 1.395
1276 0.5907845067387557 -4.061230901863203 1.395
1277 -1.774473497760681 3.665517643809875 1.395
1278 -2.784186094293173 2.91382322223204 1.395
1279 -2.742194359203325 2.504764687224668 1.395
1280 1.482990664047513 3.836185679305332 1.395
1281 2.937378996730374 -2.33455225439855 1.395
1282 -1.009183761518961 3.33973852433083 1.395
1283 -1.057148504077411 3.756851533977676 1.395
1284 2.747015092187932 2.503786350806287 1.395
1285 -2.07038767146396 -0.1633202950103383 1.395
1286 1.204668863245139 0.001971370039572675 1.395
1287 1.15670412068547 0.4190843796873053 1.395
1288 -2.263741535114685 -1.664754514320862 1.395
1289 -2.986202460319426 -1.747831885400448 1.395
1290 -3.32345055164305 -1.997927075764759 1.395
1291 -3.123955462777586 2.667127920960572 1.395
1292 -3.07966356313838 2.254967662553923 1.395
1293 -3.275016066744329 -2.411754153757569 1.395
1294 3.59563022260984 -1.836229629619101 1.395
1295 -1.271264384007624 -4.092000712802751 1.395
1296 1.117418359599622 3.989680769123879 1.395
1297 3.062207534215683 2.751345313539989 1.395
1298 2.034928298599029 -3.892345416672102 1.395
1299 1.426215320440624 4.204848409303196 1.395
1300 3.322592002889321 -2.501569764955888 1.395
1301 1.326447183297288 -3.952275831560475 1.395
1302 3.975293582243452 1.161744783501072 1.395
1303 4.040802620757612 0.7459685677562822 1.395
1304 3.708342196727688 0.5003944576112437 1.395
1305 4.076182503477948 0.3312465820236381 1.395
1306 3.970116869050256 1.622810534303475 1.395
1307 -4.052655427163233 1.099743414854424 1.395
1308 -3.70868699035988 1.341232983147852 1.395
1309 -2.888964436719245 3.337627868783493 1.395
1310 4.431760655392798 0.5843760447384395 1.395
1311 -3.46584988590335 2.423298211069367 1.395
1312 -3.4177228951978 2.005966413216917 1.395
1313 -4.092381325992753 1.505994820692472 1.395
1314 -2.482215287361719 3.581414637091774 1.395
1315 -3.834788753392236 2.173367859401286 1.395
1316 1.65195461747164 -3.721653734017007 1.395
1317 3.031601707941414 3.166767520869243 1.395
1318 -4.38786303678252 0.8607133719978229 1.395
1319 -3.660698642966703 -2.248022266129134 1.395
1320 -3.690157868418408 -1.82878126636123 1.395
1321 2.992074517431271 -2.744110280454919 1.395
1322 1.975901124587457 -3.49899300671076 1.395
1323 1.540409184413928 -2.917788435484534 1.395
1324 2.166928195771351 -2.000481906390587 1.395
1325 2.600358639338191 -2.582197558473845 1.395
1326 1.107240625557641 -2.333683269359715 1.395
1327 0.7220308359263912 -2.166669874653966 1.395
1328 1.155204040582422 -2.750791392993929 1.395
1329 0.6740667338992541 -1.749557805925458 1.395
1330 0.2888540383502573 -1.582540184850877 1.395
1331 0.3368186486396212 -1.999652994969277 1.395
1332 -0.04839405334020012 -1.83263537526869 1.395
1333 -0.09635877244080354 -1.415522409752751 1.395
1334 -0.4336068568509713 -1.665617615866899 1.395
1335 1.733775227884052 -1.416384496770423 1.395
1336 1.685811027426828 -0.9992722501605863 1.395
1337 2.118983981202006 -1.583396779905018 1.395
1338 2.552176985519868 -2.167088880811813 1.395
1339 1.300598272666451 -0.8322545421849111 1.395
1340 1.637846401272164 -0.5821594046546231 1.395
1341 2.023059241367 -0.7491772327409127 1.395
1342 1.252633584848315 -0.4151416100061256 1.395
1343 3.754049873736652 0.0835292492760978 1.395
1344 4.142477306627319 -0.08283215527343063 1.395
1345 3.804693448802004 -0.3330367480938357 1.395
1346 4.190442049185766 -0.4999451649202782 1.395
1347 2.794979834746381 2.086673341159437 1.395
1348 3.128551984520947 2.33634582691924 1.395
1349 3.509430472875182 2.168829591710293 1.395
1350 3.474399083399292 2.642824340133981 1.395
1351 3.844213748816267 2.360579130424312 1.395
1352 3.56120308757625 -1.417559899440303 1.395
1353 3.883416496834299 -1.169193580000295 1.395
1354 3.969489775646438 -1.648725473535329 1.395
1355 -1.653844132887397 -3.926506422504501 1.395
1356 -2.039503285472882 -3.754779369015895 1.395
1357 -2.074261298302384 -3.33344510886709 1.395
1358 -1.664661411455891 -4.377379703556734 1.395
1359 -0.5280414425196805 2.338494685755322 1.395
1360 -0.1428286086372997 2.171476866473495 1.395
1361 -0.9132542764020575 2.505512505037145 1.395
1362 3.664738556095097 -2.266626436903946 1.395
1363 3.370940723493379 -2.927680058426816 1.395
1364 2.024554166981625 2.420708979723089 1.395
1365 -3.747114340826301 1.738216504119604 1.395
1366 -3.368809960163095 1.586432806207957 1.395
1367 3.371798229456152 0.2511086927911705 1.395
1368 3.324086896304109 0.6683164929370627 1.395
1369 2.938874062421729 0.8353343122188898 1.395
1370 1.875943262412043 3.664758294420667 1.395
1371 -0.6734305636147787 0.4199474568096822 1.395
1372 1.687306075657692 2.170613789358067 1.395
1373 -3.032297946520347 1.838472231639539 1.395
1374 1.639341333099243 2.587726799004914 1.395
1375 -0.4800766999612838 1.921381676108547 1.395
1376 -1.49182097393302 1.171096105013417 1.395
1377 -2.107394613191219 3.413611968219563 1.395
1378 -0.09486386607912999 1.75436385682703 1.395
1379 -2.89119974284008 -2.581625823253847 1.395
1380 -2.843467751943787 -2.999214474601108 1.395
1381 -2.457230553651563 -3.166021923948771 1.395
1382 -2.788653836739279 -3.408251173674531 1.395
1383 -3.161075359960354 -3.230839600767329 1.395
1384 -3.226831576951684 -2.823502235301914 1.395
1385 -2.310211384256217 1.922244753223894 1.395
1386 0.1944194826866244 2.421572056838523 1.395
1387 -3.274136273297563 0.7552918869177153 1.395
1388 0.3862784529147675 0.7531200182588481 1.395
1389 0.2423842252449527 2.004459047191842 1.395
1390 -1.443856231374564 0.7539830953665635 1.395
1391 -2.166317156580862 0.6709057242833552 1.395
1392 -1.397386382247381 -2.833016172211475 1.395
1393 -0.5787198436839469 -3.583527953427241 1.395
1394 -1.010678654940061 0.1698522664465004 1.395
1395 0.4327485108567794 -2.833879395342099 1.395
1396 -1.39589148881745 0.3368700857215357 1.395
1397 2.312342622335086 -0.08196907815875992 1.395
1398 -3.906940392591644 -0.1594122939702926 1.395
1399 -4.252798532587605 -0.4039519111995921 1.395
1400 -4.210322908031451 -0.8167393504990751 1.395
1401 -4.643180380039745 -0.6170306051688083 1.395
1402 -4.322709914049225 0.02059183735823995 1.395
1403 -3.805061032939734 -0.9941895079055297 1.395
1404 -2.98453080457484 1.421657403914221 1.395
1405 -2.022422928905633 -0.5804333046570165 1.395
1406 -0.8667844280221675 -1.081486762905218 1.395
1407 -2.120266288831767 -2.916105500992149 1.395
1408 -1.73510075936659 -3.083153114842457 1.395
1409 1.060774635568264 1.253310398981205 1.395
1410 -2.695313914562027 2.089105573049646 1.395
1411 -0.1922882452236822 -0.5812963809421045 1.395
1412 -0.1443235051777455 -0.9984093915593273 1.395
1413 0.4342431954003786 0.3360070087115982 1.395
1414 1.831200303333043 0.919274760417521 1.395
1415 1.493952212009195 0.6691795700524744 1.395
1416 -0.3376773643640096 -2.499843615148921 1.395
1417 0.7714912867887913 0.5861021989884984 1.395
1418 -0.7213953061697019 0.8370604664517285 1.395
1419 0.0505252550112765 3.672911085779059 1.395
1420 -0.3346875788711027 3.839928905060882 1.395
1421 0.3890969973160311 3.921221360703637 1.395
1422 0.007598090226249867 4.076301793752288 1.395
1423 -0.3677867158656835 4.309803871625996 1.395
1424 -0.7160995604073717 4.006243604396975 1.395
1425 2.667222822700876 3.336166464487596 1.395
1426 2.660880500098874 3.81690463078616 1.395
1427 1.302093241775306 2.337631608639901 1.395
1428 -2.792848596670263 -0.246397666093539 1.395
1429 -0.6713021948040138 3.589716528038235 1.395
1430 -1.102338830371668 4.19126875453535 1.395
1431 3.850147629513955 -0.750398624872552 1.395
1432 -2.357958642636286 2.339063113806746 1.395
1433 -1.250502367725988 2.255417314672122 1.395
1434 2.409767000864003 2.253691160441262 1.395
1435 2.457731743422452 1.836578150794413 1.395
1436 -1.058643397494536 0.5869652760879374 1.395
1437 1.10873937812442 0.8361973893375482 1.395
1438 3.565405502511136 1.752637702595785 1.395
1439 -1.298467110284437 2.672530324318964 1.395
1440 -1.878528701261015 -1.831772333668872 1.395
1441 0.1937866920237231 -3.914202562887838 1.395
1442 0.2685806982561884 -4.341858033973242 1.395
1443 -0.1301830018803692 -4.144783667635049 1.395
1444 -0.5258502284614558 -3.991419906011741 1.395
1445 -3.321955658227997 1.171959182128826 1.395
1446 0.8209509227760345 3.338875447215409 1.395
1447 0.7744041367240722 3.75295715793828 1.395
1448 -1.781104322698709 0.5038879050018378 1.395
1449 0.8194560292981437 0.1689891894090667 1.395
1450 -2.407635762787907 -0.4134154853753335 1.395
1451 -1.733139580140581 0.08677489535542982 1.395
1452 -1.685174837582458 -0.3303381142909722 1.395
1453 0.8674207678671524 -0.2481238146202575 1.395
1454 -1.926493443794191 -1.414659323963452 1.395
1455 3.467384108171352 -0.5831004813439026 1.395
1456 -1.426778208222392 3.899601313460074 1.395
1457 -2.359671020229483 -0.8305284950221409 1.395
1458 -2.648954368995224 -1.497736695034799 1.395
1459 -0.6238653484047454 3.172701173939407 1.395
1460 -0.9612014224218699 2.922622259499053 1.395
1461 -2.311706277672359 -1.247641504672051 1.395
1462 -3.034167202877438 -1.330718875752598 1.395
1463 4.27151801027065 -0.9479053230265229 1.395
1464 -3.368331041350262 -1.580459401097485 1.395
1465 0.757835343656468 4.235685046188693 1.395
1466 -3.750156488520114 -1.412627464716333 1.395
1467 -4.100791270368396 -1.675487913263096 1.395
1468 1.975094519242836 -0.3320642519141974 1.395
1469 2.071023072460723 -1.166288994271927 1.395
1470 2.408271944709113 -0.9161948745412839 1.395
1471 2.504198349472406 -1.750340099442325 1.395
1472 0.2408893274293183 -1.165427206803296 1.395
1473 -0.4815715976129725 -1.248504588254253 1.395
1474 0.7699949904392072 -2.583781351368281 1.395
1475 -0.0004293030546163479 -2.249748380158407 1.395
1476 -0.7708549465973458 -1.915712792073461 1.395
1477 -0.3856421205596772 -2.082730595650676 1.395
1478 0.3847831923029961 -2.416765571600597 1.395
1479 1.591438924958934 -3.329224614664595 1.395
1480 1.203742929436425 -3.166812467717024 1.395
1481 -2.414394564563216 -3.574755364372045 1.395
1482 -0.4685038475850754 -4.421678141414585 1.395
1483 0.326247042369072 4.344691850860748 1.395
1484 -4.158255444935795 -1.224434865244843 1.395
1485 -3.603885098206351 -2.644726242851726 1.395
1486 -4.353233554650693 0.4425783890234333 1.395
1487 -0.9025967854214578 -4.258066289306278 1.395
1488 4.322955693352534 1.035791953079867 1.395
1489 -2.409691901111693 -4.012873120830798 1.395
1490 2.192767113563538 3.914635203122006 1.395
1491 0.5619482447750668 -4.695620455367713 1.395
1492 -2.092511235106133 4.234996707807738 1.395
1493 4.653677941859003 -0.9779357912868398 1.395
1494 4.058191030950868 -2.374429722061824 1.395
1495 -4.393569143515318 1.73918579340709 1.395
1496 4.715987777872394 -0.1422168356054784 1.395
1497 0.1647530137006795 -4.729826182332157 1.395
1498 -4.700844786683935 0.2171762322976538 1.395
1499 3.066286921894172 -3.576839793504937 1.395
1500 4.398109093551601 -1.67155570095533 1.395
1501 -1.353766013398741 4.547219882346818 1.395
1502 0.5833585788378381 4.666813633932375 1.395
1503 -3.620421065055794 3.066340227232457 1.395
1504 -4.269981345036694 -2.062053685025784 1.395
1505 4.402212826323631 1.689313953653211 1.395
1506 1.331571506290106 -4.541752126729044 1.395
1507 -0.196064645454131 4.740406072505467 1.395
1508 -0.5857495859439289 4.683999341719195 1.395
1509 1.037075528355728 -4.238035947472376 1.395
1510 -2.810406314473667 3.801509329586505 1.395
1511 -4.123289660720348 2.430079546959598 1.395
1512 3.819014363547503 1.998532120068339 1.395
1513 3.027543843294613 -3.165261542469732 1.395
1514 3.360559850017461 3.324444233987776 1.395
1515 -2.124135601260287 3.812913055889626 1.395
1516 -3.116493326265428 -3.604547284430029 1.395
1517 3.893754800467896 2.738280069854345 1.395
1518 2.05846756518839 -4.260709883300431 1.395
1519 -4.467982204351623 -1.762722839070166 1.395
1520 -1.762983441817054 4.046256209330584 1.395
1521 -3.168099176859993 3.022906976899142 1.395
1522 -1.274446490609817 -4.515920352832868 1.395
1523 -4.576547637395119 -1.021233025079864 1.395
1524 1.76505547214228 4.422683932861533 1.395
1525 -0.5716233031979953 -4.776520451633429 1.395
1526 -0.720153527849446 4.359721610284756 1.395
1527 1.810833167115019 4.05342866142101 1.395
1528 1.328226746411166 4.573162390725079 1.395
1529 -0.008214604581459334 4.439500287267683 1.395
1530 -3.438339324488658 2.77195285909212 1.395
1531 -3.911602646459453 -2.792830609288581 1.395
1532 4.791683112600485 0.6174318148413891 1.395
1533 3.899617415515602 -2.012587762490091 1.395
1534 4.700728054096058 0.9756477361803 1.395
1535 4.408549956386374 0.1262757709947912 1.395
1536 4.193196053397562 -1.347306546736067 1.395
1537 0.6832206749416775 -4.392010692416231 1.395
1538 4.41814900830497 -0.2624463503197286 1.395
1539 -3.934878374208377 -2.068236506120318 1.395
1540 1.720375897374154 -4.073941890685788 1.395
1541 1.120237611533319 4.324843805706408 1.395
1542 3.679968715021884 -3.118578108499864 1.395
1543 2.459518057435741 4.149637951507447 1.395
1544 -3.128746061416262 3.630132992758159 1.395
1545 -1.454346702611507 4.230916502490748 1.395
1546 4.248735570059337 1.368205099918996 1.395
1547 4.153983360639801 2.478863372568862 1.395
1548 -4.724827988295398 0.987138332333153 1.395
1549 3.294578683111038 2.988212846845099 1.395
1550 -4.061997296406331 1.840674858113523 1.395
1551 -3.429511356833579 -3.429511356833573 1.395
1552 -0.06657553127448344 -4.469573683891261 1.395
1553 1.426417845513028 -4.243975727390178 1.395
1554 2.89206673505298 -5.782411586589358e-18 1.395
1555 3.04206673505298 0 1.52
1556 2.89206673505298 -0.15 1.52
1557 2.74206673505298 0 1.52
1558 2.89206673505298 0.15 1.52
1559 2.89206673505298 -5.782411586589358e-18 1.645
1560 -2.89206673505298 -5.782411586589358e-18 1.395
1561 -2.74206673505298 0 1.52
1562 -2.89206673505298 -0.15 1.52
1563 -3.04206673505298 0 1.52
1564 -2.89206673505298 0.15 1.52
1565 -2.89206673505298 -5.782411586589358e-18 1.645
1566 5.78241158658936e-18 -2.89206673505298 1.395
1567 0.15 -2.89206673505298 1.52
1568 0 -3.04206673505298 1.52
1569 -0.15 -2.89206673505298 1.52
1570 0 -2.74206673505298 1.52
1571 5.78241158658936e-18 -2.89206673505298 1.645
1572 5.78241158658936e-18 2.89206673505298 1.395
1573 0.15 2.89206673505298 1.52
1574 0 2.74206673505298 1.52
1575 -0.15 2.89206673505298 1.52
1576 0 3.04206673505298 1.52
1577 5.78241158658936e-18 2.89206673505298 1.645
1578 2.89206673505298 2.89206673505298 1.395
1579 2.962066735052979 2.89206673505298 1.52
1580 2.89206673505298 2.82206673505298 1.52
1581 2.82206673505298 2.89206673505298 1.52
1582 2.89206673505298 2.962066735052979 1.52
1583 2.89206673505298 2.89206673505298 1.645
1584 2.89206673505298 -2.89206673505298 1.395
1585 2.962066735052979 -2.89206673505298 1.52
1586 2.89206673505298 -2.962066735052979 1.52
1587 2.82206673505298 -2.89206673505298 1.52
1588 2.89206673505298 -2.82206673505298 1.52
1589 2.89206673505298 -2.89206673505298 1.645
1590 -2.89206673505298 2.89206673505298 1.395
1591 -2.89206673505298 2.962066735052979 1.52
1592 -2.962066735052979 2.89206673505298 1.52
1593 -2.89206673505298 2.82206673505298 1.52
1594 -2.82206673505298 2.89206673505298 1.52
1595 -2.89206673505298 2.89206673505298 1.645
1596 -2.89206673505298 -2.89206673505298 1.395
1597 -2.89206673505298 -2.82206673505298 1.52
1598 -2.962066735052979 -2.89206673505298 1.52
1599 -2.89206673505298 -2.962066735052979 1.52
1600 -2.82206673505298 -2.89206673505298 1.52
1601 -2.89206673505298 -2.89206673505298 1.645
1602 -0.1806881008125823 4.382228376244047 0.6974999999998496
1603 -0.1809872442260333 -4.392405391665446 0.6975060984962536
1604 -1.576800829241038 4.085329232355766 0.6975000000000001
1605 1.249636535457863 4.204693859060829 0.6975
1606 1.511444767344134 -4.051854716213006 0.6975
1607 3.084560325134866 2.961830664503508 0.6974999999999999
1608 -3.325137578807472 2.587608003143924 0.6975
1609 4.217347855540223 1.255430419637594 0.6975
1610 0.5386569326685594 4.327159583171674 0.6892980338760349
1611 -2.695689452748323 -3.187602182251433 0.6975000000000001
1612 0.9315145102592183 3.542216346134019 0.6975
1613 4.205896596628564 -0.2868537220583556 0.6975
1614 0.1964902986556747 3.47608030187938 0.6974999999999999
1615 3.753450535411789 1.812423008028045 0.6975
1616 -1.82807246964709 3.034258419910342 0.6975000000000001
1617 -2.165818858775941 1.727534476914338 0.6974999999999999
1618 -2.695922515943517 1.032633819874736 0.6975
1619 -2.359172722424512 0.2261002576087757 0.6975
1620 2.793983239136526 -0.02658416410253775 0.6975
1621 -2.889276379592088 -0.4688003994308286 0.6974999999999999
1622 -2.793346894475154 -1.303026418724745 0.5828993016010299
1623 -1.491322676128088 2.227724857644384 0.6974999999999999
1624 0.2908472656084525 2.64397479017581 0.6975
1625 2.698053754019627 0.8076418551911575 0.6975
1626 1.687804373462618 3.227242541989052 0.6974999999999999
1627 2.361303960500626 1.614175417457123 0.6975000000000001
1628 -0.6724339679999565 2.533204962064877 0.6975
1629 2.506194783785828 2.476093893778553 0.6975
1630 1.157700716295029 2.532341884949455 0.6974999999999999
1631 -1.588248756854836 0.9486933716761234 0.6975
1632 -0.9137525742070711 1.448883752406306 0.6975
1633 1.686807777852767 1.11398503672708 0.6975
1634 0.145956442322889 1.782056313854748 0.6975
1635 -1.492319271739086 0.1144673523846368 0.6975
1636 0.9163821100878733 1.448020675290766 0.6975
1637 -0.8178230890943959 0.614657733117571 0.6975
1638 0.2418859274334972 0.9478302945660307 0.6975
1639 2.023557571371928 0.3074514744614786 0.6974999999999998
1640 -1.39638978662172 -0.7197586669089628 0.6975
1641 -0.721893603989239 -0.2195682861469545 0.6975000000000001
1642 1.012311595197802 0.6137946559972222 0.6975000000000001
1643 -2.071384267118563 -2.276577800305777 0.6975
1644 0.3378154122975632 0.1136042755600168 0.6975
1645 -0.3861404060617737 -3.139359353718717 0.6974999999999999
1646 -1.396888085126742 -1.776387419803644 0.6975
1647 1.349061393720192 -0.1927388947568495 0.6975
1648 0.6745652020486013 -0.6929292794820168 0.6975
1649 -0.6264624230339616 -2.11042306409692 0.6975
1650 -0.7223919067071545 -1.276197042807708 0.6974999999999999
1651 0.0298671963581643 -1.595032680131725 0.7554807042164117
1652 1.444990791994467 -1.026964737054568 0.6974999999999999
1653 2.119487056069415 -0.5267745162762369 0.6975
1654 3.082269991946888 -1.472633469451455 0.6975000000000001
1655 0.8184589342271452 -1.944267766009435 0.6975000000000001
1656 0.1439630399782187 -2.444458693255029 0.6975
1657 1.6853033134993 -2.055890111954156 0.6975
1658 2.215416987071463 -1.360997211757738 0.6974999999999999
1659 0.3842852617007012 -3.473394992273506 0.6974999999999999
1660 0.9143850237116422 -2.778493209855738 0.6975
1661 0.5325648368953735 -4.332847620599332 0.6975
1662 3.496224361226211 1.126512146004359 0.6975
1663 -1.156566073959806 -2.805323715417591 0.6974999999999999
1664 1.781271862963731 -2.890075728966025 0.6975
1665 -3.17820751032201 -2.190675707389134 0.6975
1666 -2.068964118306715 -1.219728049775323 0.6975000000000001
1667 -2.501761667558876 2.533948350366295 0.6975
1668 -0.7682937515758186 3.36747770003123 0.6975000000000001
1669 -0.05750672167736418 -0.7771118485444279 0.6975000000000001
1670 3.232599394628044 -0.6186210647254814 0.6975000000000001
1671 2.789164462466822 -2.148722074871156 0.6975
1672 3.611829782793782 0.2788738000318399 0.6975
1673 1.607697541914456 1.950145138483369 0.6975
1674 2.206457121756206 -3.502935915623242 0.7333597983911944
1675 -3.134665110173652 1.624480618285144 0.6975
1676 -3.328216578395732 0.1231012042578169 0.6974999999999999
1677 -1.967052089805634 -3.090402316313579 0.6975000000000001
1678 1.957062369787747 3.90382911175615 0.6975
1679 -3.425409442886093 0.9349976772688392 0.6975
1680 -3.618471964842076 -0.5674107088065805 0.6975
1681 2.886525958559992 -2.965068814618526 0.6974999999999999
1682 -3.948383559409906 1.930247103610963 0.6974999999999999
1683 3.522083664280538 -2.064885939005251 0.6974999999999999
1684 -3.514811589949174 -1.395458171969234 0.6974999999999998
1685 -0.8902426561318969 4.287846898756103 0.7033974949462448
1686 -2.168109350569662 -0.4692966923350202 0.6975
1687 2.999490841238917 1.950031987006189 0.6975
1688 -1.061454019683654 -3.638447446025434 0.6975
1689 1.098691410042657 -3.468731609170321 0.688332918544427
1690 4.220830112758224 -1.256295792924046 0.6975000000000001
1691 -2.154971364979962 3.667977917030636 0.6975
1692 -4.102132149498678 0.4572143477196998 0.6975
1693 -2.248850959939979 -3.757593819784899 0.6933526778318295
1694 2.422922734056172 3.308281673327539 0.6975000000000001
1695 -3.866402142729433 -2.057651521209594 0.6975000000000001
1696 -3.322115484418238 -2.875561954700014 0.7036052406034721
1697 -4.360965965369116 -0.2237336182685124 0.6975
1698 -4.199662009669598 1.250293460339214 0.7013026415284844
1699 3.610064149443015 2.498312198674557 0.7224400585282592
1700 -2.874922594191056 3.151952848263825 0.6975000000000001
1701 4.31994040322958 0.4276795635180698 0.6975
1702 -1.601350359427352 -4.097651847787493 0.7091099373341052
1703 1.844315476141717 2.576364192767779 0.7552142705302222
1704 -4.230146578445776 -1.026443631914947 0.6975
1705 -0.9253084725859129 -4.315079083698199 0.7074688504401144
1706 -2.598975339432615 -1.900936558142835 0.7457044448743225
1707 2.64999386196382 -0.8883968372795641 0.7927252917921468
1708 0.7240248420492782 2.059843961247204 0.6014867445811108
1709 -0.2877194319245474 1.309558390158395 0.601486744580194
1710 -0.1917899468974453 0.4753323711391746 0.7935132554589138
1711 0.8669225950571888 -1.304752293049645 0.6014866286520716
1712 -1.202039327362612 2.894933057656252 0.6014867445811435
1713 -2.649345192524039 -2.549937324776417 0.7939390836835983
1714 -1.539785716491508 1.588209114660312 0.6436095353446136
1715 -0.4800766999614898 1.921381676108559 0.7513904646554773
1716 -0.2387149199606302 3.005327436009415 0.6433820431606836
1717 2.353693829040403 -2.61249363066772 0.7972346967839091
1718 -1.387354014805867 3.484469376503632 0.7621092437061517
1719 -0.1937835026714392 -3.751183480710002 0.6436101725087644
1720 3.605969917108792 -1.124581661550869 0.6152808295007479
1721 3.492524618997151 -2.718469716656708 0.613620165460771
1722 2.942523081703349 1.354099344601129 0.596337043564803
1723 -2.157764855340266 0.783761443633497 0.8034245003043896
1724 0.7743153894094702 2.976740528828796 0.8078968381152426
1725 -0.3273089836269024 3.789625264291146 0.7809516260709174
1726 1.335165869807019 -1.595141094435319 0.8125355336635424
1727 -0.144050833133287 -0.2056164071538362 0.8146189090420733
1728 2.251064858533372 -1.937842577148835 0.8146953887280521
1729 -2.683131110559262 1.985210006804442 0.8146615160211508
1730 -2.876543484179716 0.4836517319340591 0.5802932353041225
1731 -1.499498321967135 -2.342886809231377 0.8145746508406996
1732 2.787392525937031 -3.53530391331577 0.5731326220362606
1733 4.082119728850893 -1.863793058692513 0.8321770380781484
1734 1.674170725954519 -3.561710795108021 0.8419853573388619
1735 2.005724399569436 -4.036148848256669 0.9167397176042599
1736 0.2633038185391525 -1.128828902328478 0.8730805487218825
1737 -2.528975292747287 -0.8794463560869481 0.8545725225264333
1738 -3.175265426692751 -0.9502060034017784 0.8286674371218521
1739 4.486248525189777 -0.7999819506392758 0.5057170805383224
1740 -0.1623505389530052 2.341244297168585 0.5407442044212609
1741 -1.002551476403102 1.986609292458414 0.5407442044210983
1742 -3.667171088090496 1.442987511176247 0.8280243295127652
1743 3.656585266097586 -0.2689053777641585 0.5466110856403221
1744 -1.617472559413865 -3.534986353500334 0.5737422367672196
1745 0.9661265727155959 -3.997691173584592 0.8529437196561426
1746 3.220911053497795 0.6572608403945691 0.8417863991133184
1747 0.8055382650462553 -0.16467655283835 0.8416535865353553
1748 2.230330905577091 1.085922689507018 0.5533464122799764
1749 1.555834722924835 0.585732308775172 0.5533464122823518
1750 -0.8528666578542072 -0.7478210155060112 0.8416535871100684
1751 -1.265915033489906 -1.248134691806575 0.5533464113703328
1752 -0.3790037158067668 -2.595159105933178 0.8416536330246429
1753 0.1368264035856803 -2.988658982129433 0.5533464124237982
1754 1.210450816456982 -2.321821228150333 0.5533458429975177
1755 -1.940318354017297 -1.748450290350588 0.5532922338767463
1756 -1.958545128366523 2.506214621044275 0.5530748180264767
1757 1.442765589203778 3.704333260762213 0.8536647363378582
1758 -4.250793985935785 -1.658662760927134 0.8051654881961023
1759 2.124886011470708 2.097055420562418 0.5477389331703879
1760 2.956136482818809 3.490312414532118 0.589988191146153
1761 -3.762465585048324 -2.577337348848133 0.8618860809654955
1762 3.926826552658688 0.799189664158248 0.8478734944897266
1763 -2.021925124850547 1.230665958099502 0.5172411630540935
1764 -2.698465180552251 3.666007506112983 0.5482554307865761
1765 1.173588317265925 -4.425977322536764 0.5034110839583659
1766 -3.838418506409268 -0.06869648298772654 0.5524544823894282
1767 3.976529705954339 -0.77522299931996 0.8494578546964192
1768 0.1489030009551453 3.987845488152633 0.5181955634317527
1769 0.268718138153371 -0.3888136190957894 0.5197628081663631
1770 2.615972424664813 -1.67205841236688 0.5197767116082482
1771 -3.082692590547613 -1.681397036895592 0.8636235270309217
1772 -2.635357888097571 1.53607682426405 0.519689565739329
1773 -2.828828017615509 0.03473129815791073 0.8752371925405166
1774 1.221484187883648 3.033329400453343 0.5176618541339846
1775 -3.433119638722163 2.065854933086649 0.8454882101403088
1776 -3.837150377651656 2.448917774604213 0.8680757613104318
1777 -1.893869765187798 0.4178095820664981 0.5158709924001053
1778 1.123024954761054 1.890475943447429 0.9129013463046463
1779 2.505198188176106 0.3628363885165928 0.91988162770945
1780 0.4347414932840101 1.392635761236898 0.4751183722903081
1781 -1.299463705896322 0.5592728190576852 0.4751183722899616
1782 1.205167161049086 1.058600122672881 0.4751183722903423
1783 -1.20353422078571 -0.2749532002348479 0.4751183722890394
1784 0.5306709784327067 0.558409742046301 0.9198816277296256
1785 -0.9152474693535928 -1.721002509902237 0.47511837169757
1786 1.830702000478809 -0.1373539793184987 0.9198816311229526
1787 1.156205744638533 -0.6375442583181866 0.9198816512602868
1788 -0.1448218472924151 -2.055038073844922 0.9198816486328441
1789 1.926630494024483 -0.9715787002901087 0.9198818999584559
1790 0.6256026811874903 -2.389071731602348 0.9198821669224095
1791 -0.2420169087007322 -1.223731149068013 0.4745655099975775
1792 -0.5344939378364383 0.2246097946005561 0.4741640602370796
1793 -0.6304234230342786 1.058835813869228 0.9208359397732536
1794 1.882945693654738 1.554364323686312 0.4741608314480197
1795 2.597618016364971 -0.4666569293743057 0.4740945195426436
1796 4.009471009322476 2.23173954557357 0.4937311096896449
1797 -1.027476726322886 3.802489092695598 0.530432813609811
1798 2.404151595017796 -3.039817631420407 0.481057698078368
1799 1.967158104865111 -2.446047523159796 0.473888018101881
1800 3.285911110979006 -0.09609533681853949 0.8857004734002559
1801 1.766852091718465 -1.568450677283063 0.5064770276162655
1802 2.217409732825276 2.865514446397671 0.4751183722905744
1803 -0.8675994018503214 -3.194325373847308 0.9199609657752417
1804 -1.071769261184102 -2.320366193380943 0.5044244884946638
1805 -3.390612765520806 3.082112475211274 0.4891113511115796
1806 -2.263279856468948 -2.714778727751601 0.4728797543910559
1807 3.014326617409155 2.458260185018622 0.8809414291706591
1808 -2.35713785081312 3.042937001473763 0.8645194141038358
1809 4.246601360808154 1.751471771047095 0.531894441623825
1810 3.322043269758502 1.583019632289081 0.8860729273359654
1811 1.321044804323047 -3.042367100581103 0.8987552128172426
1812 -1.952318980810602 -0.03606111269642698 0.8999249563084326
1813 3.344967870132378 -3.140333082648501 0.9008207968148644
1814 -1.635952356073328 -2.737071722826949 0.4977914455189288
1815 -4.574888694032161 0.2472465307163098 0.841367139905444
1816 3.872104159336888 -2.437032398646898 0.8804040108176746
1817 2.018877826312703 0.7790654529264461 0.9152802872118244
1818 1.016991341602784 0.1421806808144461 0.4797197103037675
1819 1.344381644786399 0.2788750793700787 0.9152802900771368
1820 0.5082974730661617 -3.018354745270166 0.9152809286461538
1821 -2.738632582892188 -3.682743924555725 0.8787871123852896
1822 -2.169513797988065 2.199177112660528 0.9149897177434152
1823 -2.929447634310794 2.315298075626672 0.4953583475162525
1824 -1.619842221476774 -1.361527264379184 0.9157217905455245
1825 3.140438000115009 0.2934007473721135 0.4801108324226616
1826 -1.490738190780087 -3.149919442378642 0.9025906027216148
1827 -1.851951351328524 -0.8092917349979727 0.9275299704774667
1828 -0.5033838496807732 -0.6338092133789222 0.4775093674957857
1829 2.461153656735998 3.858545570708678 0.5025377023868191
1830 -1.010678654948265 0.169852266459498 0.8777588369536041
1831 1.637846476310702 -0.5821593694415321 0.5172411326383111
1832 0.3368185016596774 -1.999653303308668 0.5172410853230004
1833 2.544281265642893 -3.837656921322021 0.9153438213217507
1834 0.5345572985354566 3.836395984640338 0.8915814379956373
1835 -1.715114189707077 -0.3106594644257175 0.5129699080842345
1836 -4.499397898818716 0.7834143066897773 0.8700411699871249
1837 -2.321203980045402 1.29642510731014 0.9294289270927821
1838 0.7069760797801267 2.453836347479341 0.9296377983724506
1839 -1.534722361602748 2.683172203311993 0.9296377983724478
1840 0.2345423722085659 -3.94174731927082 0.874667852268297
1841 3.01924030390218 -1.021301297236961 0.4633233235419733
1842 -0.4024491910931901 0.824534645120477 0.4837498121027543
1843 0.1950151358104024 4.597208231876084 0.4710927538192614
1844 -0.6414048549148393 -3.903258073004323 0.8846438433763999
1845 -2.528503837032218 -0.1943704372488304 0.4641068591086818
1846 2.55247634571405 2.025176330765289 0.9308931408913141
1847 -3.162039466945195 -3.335327198630155 0.5124678699613582
1848 0.7367234201116927 -3.192607486059889 0.4632316916183578
1849 0.7016529508226067 -3.798718824025981 0.4631425000017546
1850 1.376704120258103 1.541215282602609 0.5055224243628722
1851 1.855761899767861 -3.765618754331856 0.4613055428145293
1852 0.4947647856638587 -1.635362856294404 0.935131236858433
1853 -2.455055337786039 -1.451417692105833 0.9294010854580087
1854 4.594830893099762 0.02486620579318716 0.4886981355783699
1855 0.8492777514460336 3.989326410256658 0.4528315858901553
1856 -1.129058164374476 1.034351670207159 0.5041427332831191
1857 0.7085340363840137 0.9686362249956564 0.5041427332816859
1858 2.334792660630177 -0.1122424579915932 0.8908572767347493
1859 -0.4710494919176115 -1.66992320785035 0.8908573021732167
1860 -2.036769395626867 4.113383841555003 0.9068512177393415
1861 -1.051459643889291 2.298922735051707 0.9336780305642429
1862 0.1325749200193099 2.227443291367894 0.9336780305643041
1863 -0.6932107834537647 -2.792112399167136 0.5012659130030186
1864 1.538116169467895 -2.495436337989337 0.8937403667611409
1865 3.04042106935988 -2.529222468280336 0.4630125598475907
1866 1.199887380640756 2.099942985744608 0.4448103597903193
1867 0.5850232198224918 3.275526727567291 0.4534378147491253
1868 2.591385786773837 1.236672964982767 0.9353610304889429
1869 4.522506772882504 0.8730190669901726 0.8514287711218841
1870 3.5640346734208 -1.574300978440929 0.8900796007346891
1871 -3.624859972669582 0.4993555135581895 0.5131585783845826
1872 1.464516527395676 2.847932638081336 0.9365581508200028
1873 2.179990299434383 -3.056816202483051 0.9519936632457117
1874 2.655146840014538 -1.367869967127926 0.9368235685223512
1875 -3.468267790063119 -1.844605441362485 0.4630295977002485
1876 0.7288070606601083 2.623358596043173 0.457019610443597
1877 -0.8573556072750603 -2.483931244772848 0.9373566517957346
1878 1.353308950458849 -2.791706299159434 0.457645494147997
1879 -2.350784688688134 2.123661730079509 0.4554985070516915
1880 3.559406423424588 0.7034266375473165 0.4393487945170148
1881 0.1261230279467693 4.641801849820191 0.9384171936694246
1882 3.536847837524508 2.932655721116046 0.4814170899330811
1883 2.836354089432203 -0.4536882382760089 0.9524552570667406
1884 3.228164142524001 -1.058077573192754 0.936019222352688
1885 0.1890236521247834 -4.662628731433882 0.6974937732876266
1886 -1.279216866803297 4.349370728320346 0.4301638088059214
1887 -3.219405452496857 0.5478928425725709 0.9401017045356852
1888 -2.360232458587201 -2.922646974212042 0.9518911321822527
1889 -3.084122170008981 1.203402886054953 0.436425677953829
1890 -3.084122170008981 1.203402886054953 0.958574322046171
1891 2.361091711311007 -3.894727048995052 0.4590511310187517
1892 -1.770864746333863 3.459224208634441 0.4500393481786643
1893 -1.284290312176083 4.350984023228893 0.9653901540908085
1894 -1.305346477896167 1.272072744215445 0.9461504310486031
1895 -0.6296129499633498 2.960749142495343 0.9461274428324675
1896 -1.878030403425613 -0.7751435809665893 0.4330839929556934
1897 1.638724265664329 1.531258204715877 0.9618658265823778
1898 -0.5694971425232075 4.601442312066628 0.8693804034431245
1899 -1.828570767452015 1.977629667279361 0.4329955815270485
1900 0.5311692762054071 1.615038494572817 0.9620044184728259
1901 2.360805662695777 0.557546664826318 0.4329955815269796
1902 -1.54028401429747 0.5315803620303216 0.9620044184733828
1903 -1.444354529181097 -0.3026456572615435 0.9620044184731933
1904 1.349559686527586 0.8638898463618748 0.9620044184725123
1905 0.2898506698743938 0.5307172850640429 0.4329955814613805
1906 1.011813290480282 -0.44283407713514 0.4329955888692116
1907 1.686309482545009 0.05735628985373162 0.4329955793457506
1908 -1.011675254473678 -1.943405241114383 0.9620044192719739
1909 -0.2892143355373626 -1.860327867922637 0.4329955893925855
1910 -0.0009275721818738647 -3.306377172994666 0.9620044184758899
1911 2.167452431686276 -0.9438858168564579 0.4329949377712767
1912 0.5291738533577448 -2.611476363220779 0.4329946720086876
1913 -0.7235260603313467 -3.389269043451044 0.433035712002969
1914 1.712105904215948 4.309981453255451 0.8227706500716554
1915 -0.7203809883365546 2.950334013520959 0.433003146626379
1916 0.1513459080849626 3.049558553510512 0.9462734646756197
1917 -1.773298452035377 1.903096115274189 0.9469031261083856
1918 -3.277370524655873 -0.2978971927690171 0.4363577740675645
1919 -3.277370524655873 -0.2978971927690171 0.9586422259324356
1920 -3.892096029306486 0.8945149402212037 0.9281851408355531
1921 4.016844058494041 0.1094000512596869 0.9458765370761411
1922 3.128314718948721 -1.894174801013742 0.4363504492976668
1923 3.128314718948721 -1.894174801013742 0.9586495507023333
1924 -0.3307500785791948 -1.105520128682987 0.9463774234609286
1925 -2.899956999341571 -2.808037474914881 0.4534488654954204
1926 3.195968263518826 -3.283448722254628 0.4506035413048459
1927 -2.304709757972482 -3.338860656906124 0.4366413456322513
1928 2.057976054954321 2.989967110421254 0.9290064281611856
1929 0.9152737795798981 4.407218388947937 0.9716844850530066
1930 4.003157541875262 0.09502792863398549 0.4461639879280632
1931 2.024733864526135 3.485027244810667 0.9562625150639693
1932 -2.907961137795405 2.644995767134549 0.9529265894380992
1933 -4.556127982399809 -0.6675545602821078 0.5282053212709976
1934 0.9403558643563936 4.521388829609079 0.5021769394600346
1935 -2.594419259595047 0.6216773217044184 0.9569342031848
1936 3.466852379693844 1.52871418912116 0.423996560662959
1937 0.08006740740479167 1.351851007880153 0.9221752290012466
1938 -0.5765972543841213 -4.600737885288895 0.8676404667290623
1939 3.123322556800506 0.9255045656044237 0.4442520285715443
1940 -2.372345873282856 -1.513651760531394 0.4518358010934155
1941 -0.7858336704521306 3.783928126033738 0.9581474893464119
1942 1.230576503289631 -2.049223451753716 0.9576721629573159
1943 2.59154670374376 2.00856506366126 0.4364622570438094
1944 -2.438746425154227 0.6395784833910801 0.4313842809914594
1945 0.4626050126336563 -1.533048479266434 0.4528273486144208
1946 3.48034404396445 2.894440312274292 0.9617452300133895
1947 2.951638956454518 -2.541079112724697 0.9476942174276985
1948 0.2971923459719608 2.222075844016914 0.4322044265542718
1949 -1.129120011106309 2.444169331507749 0.4322044265542297
1950 -1.874681916703004 -2.664960531865855 0.9164631469396529
1951 -4.079669562050042 -0.5899051010938814 0.9304632082916133
1952 4.629173637586359 -0.3831983677701444 0.930007749268754
1953 3.160634660778168 -0.1957364010099415 0.4265022879233669
1954 1.480615047874277 -3.26137795752604 0.4690886420812758
1955 1.852285782021156 -4.258599089100072 0.432191182684123
1956 3.820088327807522 1.396245764215303 0.9521821294506343
1957 3.99031428418837 -2.188508397318358 0.4609673703203208
1958 -0.4134600821443518 -0.5811141727875976 0.9629518859619025
1959 -3.569460767289884 -2.368122748739914 0.4647486291689992
1960 -0.4900831444151873 0.1254970065527961 0.9462990517674317
1961 1.900021946974809 -1.640565806225903 0.9666513650853983
1962 -1.239323852449419 -3.236762619147425 0.4782755840881763
1963 -2.168288991818349 -1.865092506852488 0.9644458861969102
1964 2.010693030590897 1.8409116136573 0.9429892919654421
1965 2.635527292077818 2.909295581270236 0.9027225640037985
1966 3.211571937250067 2.561333663909788 0.4340675324385934
1967 -0.5072358269103887 4.106607257974381 0.441153939875332
1968 0.896963248560389 1.032987751126834 0.9446996590455399
1969 -1.921413865243031 -3.504427208608003 0.9595817256229456
1970 -3.474226741252813 -0.9586937092196703 0.4411320053907055
1971 2.392198801185155 0.0757653225092996 0.4495736570143081
1972 2.071745796058051 1.318150341738176 0.9459003378200246
1973 -1.089739537272711 -1.467191803050774 0.945912822165621
1974 -0.2571489312524993 -2.341830803084671 0.4490872186305124
1975 -2.742470179473274 -2.241162938855365 0.4346800958229804
1976 1.344607781688678 3.491167360543628 0.4331351625219279
1977 -3.711826889744224 0.2979116236306362 0.9567768019219517
1978 -1.978218360580167 4.052507561575832 0.431795266580164
1979 1.996831871707861 -2.325341664503244 0.9486640275191558
1980 -3.541273989865589 1.778030089246084 0.4526588526397589
1981 3.417941469868458 2.108445939231707 0.4836456886755183
1982 -2.201132284669332 3.19940155437038 0.4288740344000996
1983 0.3064499264558773 -0.5489671582427648 0.9719799615632081
1984 0.9310802030427662 -4.508749559743598 0.9201403623822888
1985 -0.4060497457739747 -4.648521646366138 0.4006883431568272
1986 -0.1685774079560017 0.9300283207918391 0.9459485794232408
1987 -0.07247333746999229 0.09696045128035669 0.44894516138286
1988 0.3498699203450933 -0.9140724407050346 0.4220286313967705
1989 1.61254974343849 4.075894207303197 0.4265093763175674
1990 1.283768641510155 -1.866860609092029 0.4207938832369874
1991 1.250302102566409 3.274436217255383 0.9309373362978279
1992 -2.519620121163298 -0.6716981777597244 0.4228606803217607
1993 2.385806330623857 -2.214227584077812 0.4470206108273423
1994 -1.267931293454914 1.868059867711706 0.9214464950014027
1995 -0.1322590963704646 2.630222922015964 0.9214840229918123
1996 -3.38669984584604 2.98732606538892 0.9641624098474714
1997 3.045702907411949 1.08172623791889 0.9758062994449423
1998 -3.630118918187154 2.286805308471018 0.4475896064982984
1999 -2.927336225233364 3.555343552980729 0.9607217799587124
2000 2.609750403883763 -3.277368789386497 0.941058586313927
2001 -3.898657073046469 0.9039829819449992 0.4332739303907181
2002 -1.823563255981448 3.43775823730306 0.9590906749703538
2003 -3.970281412842165 -1.400540796220234 0.4626406973278323
2004 -1.666135794525571 -2.118179690614403 0.4282435063813204
2005 -1.15982875697301 0.8185008243525165 0.9593335451843663
2006 -4.571524871816004 0.5416192225757074 0.4546542500070092
2007 -1.708889586863611 -1.355700706624106 0.4185096232938036
2008 2.578397910061681 -1.196880747928355 0.4384658528139249
2009 3.861699037396476 -1.540431155779564 0.4823424954873576
2010 0.1786777740061393 4.167971057444037 0.9590725378326503
2011 1.495715313802573 2.328597013202538 0.9615226091752644
2012 -1.796564390191782 1.307769589861739 0.9280170051941483
2013 -1.031967990887731 -0.8587402095945275 0.4165862030569157
2014 1.071040681896416 -0.91309173438048 0.4294383343875409
2015 -3.767020391935894 -1.006519140514191 0.8933584302648624
2016 2.029261136847711 3.483225547395146 0.4388285028344492
2017 0.1854074261305781 3.022785259658581 0.4342014255667819
2018 -3.483876976575179 -1.925358864347895 0.9510356152859352
2019 4.208614410812761 0.8341148280070416 0.450293039949894
2020 -0.2194910908721534 3.447176822263794 0.4697266058892013
2021 -2.051830373243611 -4.185506956337584 0.5761899115746812
2022 1.586671320949142 2.370355867988474 0.4165336300671401
2023 1.522517110366594 -4.412623523762499 0.9798703717892083
2024 0.7459342629934143 -3.597852173136761 0.9748963454643609
2025 3.925685485510098 2.17300801644797 0.9617583443338134
2026 -1.242985819538335 3.884743053580212 0.957279166210093
2027 1.168646540148438 -3.860906807046986 0.4352893454943725
2028 -1.100960343941641 3.173226905361529 0.9657830662558178
2029 0.08695995528114808 -4.08584220049825 0.4382895961611472
2030 -2.410101947610392 -0.1618389971429348 0.9576348081166247
2031 -4.037114310333219 -0.505429405489533 0.4487823006796314
2032 -3.086516703560145 -2.56512635827405 0.9672539093166768
2033 -0.534068854733982 -4.139879561519287 0.4679836221400717
2034 4.515438824665787 -0.9789912977361962 0.9426077716365616
2035 2.17173991791533 2.294239757573101 0.9693518819137328
2036 -2.543211155841647 3.892674461365141 0.9449892249219527
2037 -4.345696570294607 1.695696368331426 0.5911718071255375
2038 -0.3649715092311558 3.348619151594344 0.9379250568672113
2039 0.5710384530056716 3.372196706567787 0.9638864425548104
2040 1.639603085740821 2.845559739985533 0.4349931472184229
2041 1.124646275290073 -1.214469650694423 0.9786466930215685
2042 3.209093427123508 3.334650838083759 0.9520155030194551
2043 3.642724313309039 -0.4670866890848898 0.9735963792413364
2044 -1.714199170485299 -1.965036039093009 0.9806505615893402
2045 -1.543911624217989 2.651662357916182 0.4015112196934024
2046 -2.709515674276338 -3.567126122179054 0.4295568009746242
2047 2.715888696537793 2.813609460730722 0.4534766254273989
2048 -0.007857940007596334 -2.842558167323455 0.9692179401177735
2049 -3.783826303607623 2.745126425754439 0.4828263923519267
2050 -2.764942589124525 1.540529247425144 0.9655214080019789
2051 -2.057130569383339 -0.008106716247202411 0.4360728408806353
2052 -0.603918656679884 1.635750410497659 0.4090447766490344
2053 -2.958487258667391 0.03944384105553164 0.4294804412907938
2054 2.421594848817448 3.923788987723979 0.9748900226820522
2055 -2.932259097247924 -0.8841077839173539 0.4385225797956553
2056 -2.566357390345519 2.90435472407541 0.4160148690794327
2057 -0.414119759104333 4.647013954931746 0.4159736741770066
2058 -1.347304828328052 -4.466406784283781 0.5676319540070647
2059 -3.111037125828442 3.449049258742073 0.4282563971645442
2060 0.9854979145567053 3.923913421413904 0.9552976577981085
2061 -3.16516626056145 -3.431794033086442 0.9667063314606958
2062 -0.5239119776399014 1.505864321076046 0.9441213102141669
2063 -2.373573489886343 -3.388921101205788 0.9687680880608386
2064 -0.03671052735815872 -3.388907609739194 0.4079350223260763
2065 1.936676427717378 -3.231527144750345 0.4341261585173375
2066 3.59139163448665 -0.7069307898488033 0.4246056753024042
2067 3.997433889471361 -0.952226423757826 0.409572576756189
2068 -2.989909996299402 -1.853748915178881 0.4474908272946648
2069 4.620229919890819 0.09494507682595577 0.9621742928392774
2070 -3.711336353757893 -2.807396324152559 0.4649620690468927
2071 4.278008566678139 1.878377728910993 0.9723012745795798
2072 3.019714061441479 0.2663518045146153 0.9655182731752481
2073 -0.4145861722050618 -3.510621848401762 0.9699848822174683
2074 -1.978101965086741 0.4094897163821227 0.9906493234920832
2075 4.540175902590732 1.149728685160284 0.4070406055337178
2076 1.952000904398984 0.7563776967754379 0.4076393152649729
2077 3.386834081212181 2.048059617421919 0.9530392903659455
2078 0.6510918252646674 -0.1662973188441229 0.4137437137766999
2079 -2.043490731340398 2.71763901230043 0.9532663901335605
2080 -1.514164980755109 -3.731053711574468 0.9844939630270602
2081 -4.645183966256157 0.03529104723265294 0.4288168830748339
2082 0.8763456730718808 0.2678299596209968 0.9565206998613222
2083 -1.19028216773269 -1.025763570608739 0.9602828997762849
2084 -1.130846946683529 3.308678297382629 0.4341518069621363
2085 2.023480464632448 -1.931820829540621 0.4236355751570221
2086 3.843655065137469 1.264421721789013 0.4289334353199475
2087 -3.535043591761813 1.282461278371639 0.419821295721892
2088 4.424756544690363 1.471632329314613 1.011783294055585
2089 2.656068511055902 -1.818002721578133 0.9749617946158833
2090 3.05184049719628 -3.490145635043292 0.9449800636354189
2091 1.282858884251751 -1.355372060700466 0.4337565308352817
2092 -2.999595588626881 2.761361421214593 0.4289095030774747
2093 1.239162972207444 1.323663230297385 0.986837570213019
2094 -0.6189041660157398 2.186581380463377 0.4144701865067216
2095 -0.1809932858869976 1.909009936277188 0.414470186506777
2096 -4.104647857208636 2.234799871529343 0.405158065045851
2097 2.788096352233077 1.64168017190979 0.9487712611023048
2098 -0.2486934214341137 -2.791499941911928 0.4303520461982626
2099 4.31619864631973 -1.661215783895526 0.478134617926963
2100 -1.960387471644859 -3.981420111607592 0.9902432215226729
2101 -0.7024977101238221 1.154470014582231 0.4325469276393755
2102 0.4915133505461147 3.71591259774224 0.3981479390256243
2103 -0.5316892785539959 4.157540654713088 0.9458567963646562
2104 1.584101806452726 -0.5096859831646808 0.956120564632011
2105 -1.100314809073598 0.1595448078895164 0.4388794184761169
2106 0.3009269618311727 -2.082431673905865 0.9561205777499815
2107 -0.159894175946534 -0.3592426185534063 0.3946325919560032
2108 -2.294117611664381 -1.993877106780952 0.4316533888420603
2109 1.098048489254943 -2.476165247223747 0.9711612142087944
2110 0.7635856373115303 -4.600473578870605 0.4109628115880423
2111 -1.204904869802089 -4.022854710586619 0.462844865017238
2112 -4.283118635381926 -1.855591658567222 0.4007363639917105
2113 -1.011983441051624 2.738111824894394 0.9932843898908263
2114 0.9119952399168072 -3.185540694742962 1.00089613590244
2115 -4.126029216174897 0.07663142171190268 0.9719914326641435
2116 -2.990696487264902 -3.000388851461226 0.9742784573659031
2117 -3.821521786876609 -1.605902547467452 0.977497514941837
2118 -1.452752104927738 3.761622914928703 0.4273488922165069
2119 1.767996478024807 -1.135002367565453 0.4138594550205058
2120 -0.1547101496865971 -4.695661630568193 0.9851364892696605
2121 -2.898882840340972 1.879027870674248 0.421110739822169
2122 -2.401553626243393 -2.240116872879519 0.989646412580681
2123 2.870261179568408 3.687711638898999 0.991712534813695
2124 -3.730056030553617 -0.2171900470619951 0.9742219216146184
2125 4.620939918885517 0.7264203375727447 0.3812434159050415
2126 0.532973801010556 2.054723709834771 1.003884852388761
2127 -3.178273824675601 -1.449484292548215 0.4070328290232468
2128 2.046760626694972 -0.1965755601305416 0.4138591524090863
2129 1.324471557543451 -3.774940267152575 0.9887669980067205
2130 -4.515870765431599 1.005654229758339 0.459207071003735
2131 -0.836067167447157 1.880445549132574 1.007700406396242
2132 -0.3375535757679334 2.250099514722021 1.007729355827128
2133 2.613600666418703 -2.650255609627806 0.4388628882698365
2134 0.9315863947782698 -1.629880149316937 0.9829725433602505
2135 0.4845246290272351 1.178929854158425 0.9811408398346555
2136 -2.864552107327265 -1.207007690449257 1.00728725323665
2137 -1.181407762563415 1.614800219779194 0.3924511093977064
2138 -3.032113809882171 2.219426217375379 0.9556747144772664
2139 3.698000331672914 -2.878465607820055 0.9755130715726874
2140 1.615890800578909 -1.307680834111185 0.9872570855883386
2141 -2.359270591626583 -1.078746389734245 0.4013419377115172
2142 -2.836442698824836 -2.1960927841003 0.9706226779748426
2143 0.7427376109350544 -1.002229086174675 0.9991750767321816
2144 0.719903190766837 0.4557587093627117 0.4138591601946457
2145 -3.932217182998772 1.525241747527289 0.4369908636919047
2146 -0.5971753389305341 3.673676636624232 0.4279580353558904
2147 -4.260087456421287 1.895470517539824 1.006015982391304
2148 -2.026474002116433 0.8136508448683761 0.3881443213382783
2149 -0.3776250293083533 2.685417744891818 0.3818081150359913
2150 1.734939073240532 0.4570837477182361 0.9868540880879597
2151 -4.559052117906727 -0.8304177901177805 0.9674769265630228
2152 2.015937030937939 4.201532284868311 0.4025659148359725
2153 -1.015237693676153 -0.3694672864203755 0.9811408398354428
2154 0.8016012050206414 -2.273260771734938 0.4138593318078703
2155 -1.522129894357196 3.106627395155899 0.3972660342843241
2156 -2.421884130863196 1.136941032791164 0.3777714718431869
2157 -1.528710177115443 3.110845779502176 1.001942849718481
2158 -1.145524222775751 -4.00354415328097 0.9625738325249227
2159 -4.429689250688353 -1.381931299714156 0.4838146025272555
2160 -1.526791335583386 -4.44344997320116 0.9648986779071732
2161 2.647715577270214 1.580388956375897 0.3753501738886579
2162 -4.122029480028934 -2.230730800493374 1.014020574300728
2163 4.436393471115941 -1.523938150603008 0.9782619294961281
2164 2.788521841264422 0.5244686845503019 0.3844119405341375
2165 -2.4076204348497 4.002173601736267 0.5358721887683159
2166 2.634370338209216 1.11961123074951 0.4068982523263149
2167 3.073203202260431 1.690563860507008 0.3625830023223639
2168 2.330637102633152 -0.7138080885397743 1.022896365974661
2169 0.7983236125464904 1.703468216483136 0.3717571192184968
2170 0.03172637364067532 1.134977875611691 0.3717571192187084
2171 -0.5375697804102466 0.5891756206510582 1.023242880835773
2172 0.1276558584852479 0.3007518563997731 1.02324288078948
2173 0.8754539627639089 -1.668690694016766 0.3717570610377933
2174 -0.5459513256835491 -1.517886838887657 0.388247902521111
2175 2.817724150413506 2.378876914781534 0.4103267377445013
2176 -4.666764884595865 -0.3866991633399343 0.98181051496384
2177 -3.995115727403962 -2.434705833192285 0.5233839218116501
2178 2.072020523409634 4.178792169932143 0.9913510993989179
2179 -3.144159641208658 0.7768083152555392 0.4109496011614194
2180 3.394126741080168 -1.542711568333427 0.3907486567295168
2181 0.5275780811015927 4.686466896000753 0.881970881490683
2182 -0.2303211089989682 -4.047221565895555 0.9731056716341726
2183 2.429076420581859 0.8179185527752313 1.029821830049296
2184 -1.773486486277255 2.335698437796981 0.999819513670736
2185 3.296292361168333 3.285104811731387 0.4239274232562671
2186 0.2206058233589526 -0.1343972754317281 1.024179202764763
2187 -0.6411016732938589 -1.02153609560207 0.3651360470804358
2188 2.487611295322199 -2.251535613572441 0.9815869481501167
2189 4.680853123915825 -0.4063562951310656 0.4813263951036975
2190 -1.725475841941241 3.846484825966988 1.014708051203637
2191 1.495735495369582 4.473603063802013 0.4901552564401254
2192 -1.459896228148515 -2.730269932377497 0.9866242063410963
2193 1.587401121071068 -2.293493671525967 0.3588551949496537
2194 -1.499287477690072 -0.9522202602152157 0.3569535751955514
2195 -0.5276393797379654 -2.937975339510605 1.043722005253354
2196 -2.504325944802773 3.457846166256361 0.8847080180778999
2197 0.388942329404957 1.814743499611199 0.3506419903547945
2198 2.314923726576726 -1.137685428581327 1.044817893652373
2199 2.264312060797114 2.445951065075349 0.3496781944680255
2200 0.05009257917307802 1.558694657553337 0.3491955090145546
2201 -0.1704164606058682 1.73878706584303 0.977423325753414
2202 -1.614580074928417 1.249388344411946 0.3988656511203258
2203 -1.253245222859017 -1.9700867918266 0.3485313055525052
2204 -1.928409196620696 -2.46937666849816 0.3483364941346431
2205 3.932467403113431 0.5104729041219079 0.5297668027834186
2206 1.01547233411366 2.724133859648172 1.046881332924325
2207 2.977848260486306 -0.6130727182462938 0.3595635588937018
2208 1.710601034482909 -3.135820893169183 1.034401277899601
2209 -0.84067513214824 4.5954989289237 0.4074773005666646
2210 -3.267260725779584 -1.340590138897692 1.039182908660685
2211 0.04987060504286903 3.761896777632047 0.9779564441249808
2212 -0.1468489308544771 0.5062389990592475 0.3744481701954055
2213 3.983918732884503 -0.5140474296366997 0.3870894316733315
2214 1.081865115510034 2.291934573257207 1.037507164843147
2215 -4.21130285865678 0.1310596724444611 0.415904438252421
2216 -1.388523884725914 1.981515212572081 0.3709211712380945
2217 3.86899684019439 2.624386939167489 0.4092215041939949
2218 0.2520909850490523 -3.697478076937174 0.3611655284703042
2219 4.641762712865081 0.5088899297220129 1.019681918455395
2220 -1.198864884735565 -3.430622170972863 1.041355351114092
2221 -3.273924444272933 3.364953875148853 0.8097710532839015
2222 -3.443938262828188 -2.342476506204654 1.012815624628599
$EndNodes
$Elements
11559
1 15 2 0 100 1
2 15 2 0 101 2
3 15 2 0 102 3
4 15 2 0 103 4
5 15 2 0 104 5
6 15 2 0 211 6
7 15 2 0 212 7
8 15 2 0 213 8
9 15 2 0 214 9
10 15 2 0 215 10
11 15 2 0 216 11
12 15 2 0 217 12
13 15 2 0 218 13
14 15 2 0 221 14
15 15 2 0 222 15
16 15 2 0 223 16
17 15 2 0 224 17
18 15 2 0 225 18
19 15 2 0 226 19
20 15 2 0 227 20
21 15 2 0 228 21
22 15 2 0 231 22
23 15 2 0 232 23
24 15 2 0 233 24
25 15 2 0 234 25
26 15 2 0 235 26
27 15 2 0 236 27
28 15 2 0 237 28
29 15 2 0 238 29
30 15 2 0 251 30
31 15 2 0 252 31
32 15 2 0 253 32
33 15 2 0 254 33
34 15 2 0 255 34
35 15 2 0 256 35
36 15 2 0 257 36
37 15 2 0 258 37
38 15 2 0 271 38
39 15 2 0 272 39
40 15 2 0 273 40
41 15 2 0 274 41
42 15 2 0 275 42
43 15 2 0 276 43
44 15 2 0 277 44
45 15 2 0 278 45
46 15 2 0 291 46
47 15 2 0 292 47
48 15 2 0 293 48
49 15 2 0 294 49
50 15 2 0 295 50
51 15 2 0 296 51
52 15 2 0 297 52
53 15 2 0 298 53
54 15 2 0 331 54
55 15 2 0 332 55
56 15 2 0 333 56
57 15 2 0 334 57
58 15 2 0 335 58
59 15 2 0 336 59
60 15 2 0 337 60
61 15 2 0 338 61
62 15 2 0 351 62
63 15 2 0 352 63
64 15 2 0 353 64
65 15 2 0 354 65
66 15 2 0 355 66
67 15 2 0 356 67
68 15 2 0 357 68
69 15 2 0 358 69
70 15 2 0 371 70
71 15 2 0 372 71
72 15 2 0 373 72
73 15 2 0 374 73
74 15 2 0 375 74
75 15 2 0 376 75
76 15 2 0 377 76
77 15 2 0 378 77
78 15 2 0 391 78
79 15 2 0 392 79
80 15 2 0 393 80
81 15 2 0 394 81
82 15 2 0 395 82
83 15 2 0 396 83
84 15 2 0 397 84
85 15 2 0 398 85
86 1 2 0 101 2 86
87 1 2 0 101 86 87
88 1 2 0 101 87 88
89 1 2 0 101 88 89
90 1 2 0 101 89 90
91 1 2 0 101 90 91
92 1 2 0 101 91 92
93 1 2 0 101 92 93
94 1 2 0 101 93 94
95 1 2 0 101 94 95
96 1 2 0 101 95 96
97 1 2 0 101 96 97
98 1 2 0 101 97 98
99 1 2 0 101 98 99
100 1 2 0 101 99 100
101 1 2 0 101 100 101
102 1 2 0 101 101 102
103 1 2 0 101 102 103
104 1 2 0 101 103 104
105 1 2 0 101 104 105
106 1 2 0 101 105 106
107 1 2 0 101 106 107
108 1 2 0 101 107 108
109 1 2 0 101 108 109
110 1 2 0 101 109 110
111 1 2 0 101 110 111
112 1 2 0 101 111 112
113 1 2 0 101 112 113
114 1 2 0 101 113 114
115 1 2 0 101 114 115
116 1 2 0 101 115 116
117 1 2 0 101 116 117
118 1 2 0 101 117 118
119 1 2 0 101 118 119
120 1 2 0 101 119 120
121 1 2 0 101 120 121
122 1 2 0 101 121 122
123 1 2 0 101 122 3
124 1 2 0 102 3 123
125 1 2 0 102 123 124
126 1 2 0 102 124 125
127 1 2 0 102 125 126
128 1 2 0 102 126 127
129 1 2 0 102 127 128
130 1 2 0 102 128 129
131 1 2 0 102 129 130
132 1 2 0 102 130 131
133 1 2 0 102 131 132
134 1 2 0 102 132 133
135 1 2 0 102 133 134
136 1 2 0 102 134 135
137 1 2 0 102 135 136
138 1 2 0 102 136 137
139 1 2 0 102 137 138
140 1 2 0 102 138 139
141 1 2 0 102 139 140
142 1 2 0 102 140 141
143 1 2 0 102 141 142
144 1 2 0 102 142 143
145 1 2 0 102 143 144
146 1 2 0 102 144 145
147 1 2 0 102 145 146
148 1 2 0 102 146 147
149 1 2 0 102 147 148
150 1 2 0 102 148 149
151 1 2 0 102 149 150
152 1 2 0 102 150 151
153 1 2 0 102 151 152
154 1 2 0 102 152 153
155 1 2 0 102 153 154
156 1 2 0 102 154 155
157 1 2 0 102 155 156
158 1 2 0 102 156 157
159 1 2 0 102 157 158
160 1 2 0 102 158 159
161 1 2 0 102 159 2
162 1 2 0 103 2 160
163 1 2 0 103 160 161
164 1 2 0 103 161 162
165 1 2 0 103 162 4
166 1 2 0 104 3 163
167 1 2 0 104 163 164
168 1 2 0 104 164 165
169 1 2 0 104 165 5
170 1 2 0 105 4 166
171 1 2 0 105 166 167
172 1 2 0 105 167 168
173 1 2 0 105 168 169
174 1 2 0 105 169 170
175 1 2 0 105 170 171
176 1 2 0 105 171 172
177 1 2 0 105 172 173
178 1 2 0 105 173 174
179 1 2 0 105 174 175
180 1 2 0 105 175 176
181 1 2 0 105 176 177
182 1 2 0 105 177 178
183 1 2 0 105 178 179
184 1 2 0 105 179 180
185 1 2 0 105 180 181
186 1 2 0 105 181 182
187 1 2 0 105 182 183
188 1 2 0 105 183 184
189 1 2 0 105 184 185
190 1 2 0 105 185 186
191 1 2 0 105 186 187
192 1 2 0 105 187 188
193 1 2 0 105 188 189
194 1 2 0 105 189 190
195 1 2 0 105 190 191
196 1 2 0 105 191 192
197 1 2 0 105 192 193
198 1 2 0 105 193 194
199 1 2 0 105 194 195
200 1 2 0 105 195 196
201 1 2 0 105 196 197
202 1 2 0 105 197 198
203 1 2 0 105 198 199
204 1 2 0 105 199 200
205 1 2 0 105 200 201
206 1 2 0 105 201 202
207 1 2 0 105 202 5
208 1 2 0 106 5 203
209 1 2 0 106 203 204
210 1 2 0 106 204 205
211 1 2 0 106 205 206
212 1 2 0 106 206 207
213 1 2 0 106 207 208
214 1 2 0 106 208 209
215 1 2 0 106 209 210
216 1 2 0 106 210 211
217 1 2 0 106 211 212
218 1 2 0 106 212 213
219 1 2 0 106 213 214
220 1 2 0 106 214 215
221 1 2 0 106 215 216
222 1 2 0 106 216 217
223 1 2 0 106 217 218
224 1 2 0 106 218 219
225 1 2 0 106 219 220
226 1 2 0 106 220 221
227 1 2 0 106 221 222
228 1 2 0 106 222 223
229 1 2 0 106 223 224
230 1 2 0 106 224 225
231 1 2 0 106 225 226
232 1 2 0 106 226 227
233 1 2 0 106 227 228
234 1 2 0 106 228 229
235 1 2 0 106 229 230
236 1 2 0 106 230 231
237 1 2 0 106 231 232
238 1 2 0 106 232 233
239 1 2 0 106 233 234
240 1 2 0 106 234 235
241 1 2 0 106 235 236
242 1 2 0 106 236 237
243 1 2 0 106 237 238
244 1 2 0 106 238 239
245 1 2 0 106 239 4
246 1 2 0 211 10 240
247 1 2 0 211 240 241
248 1 2 0 211 241 242
249 1 2 0 211 242 243
250 1 2 0 211 243 244
251 1 2 0 211 244 245
252 1 2 0 211 245 246
253 1 2 0 211 246 247
254 1 2 0 211 247 6
255 1 2 0 212 7 248
256 1 2 0 212 248 249
257 1 2 0 212 249 250
258 1 2 0 212 250 251
259 1 2 0 212 251 252
260 1 2 0 212 252 253
261 1 2 0 212 253 254
262 1 2 0 212 254 6
263 1 2 0 213 8 255
264 1 2 0 213 255 256
265 1 2 0 213 256 257
266 1 2 0 213 257 258
267 1 2 0 213 258 259
268 1 2 0 213 259 260
269 1 2 0 213 260 261
270 1 2 0 213 261 9
271 1 2 0 214 9 262
272 1 2 0 214 262 263
273 1 2 0 214 263 264
274 1 2 0 214 264 265
275 1 2 0 214 265 266
276 1 2 0 214 266 267
277 1 2 0 214 267 268
278 1 2 0 214 268 269
279 1 2 0 214 269 13
280 1 2 0 215 10 270
281 1 2 0 215 270 271
282 1 2 0 215 271 272
283 1 2 0 215 272 273
284 1 2 0 215 273 274
285 1 2 0 215 274 275
286 1 2 0 215 275 276
287 1 2 0 215 276 11
288 1 2 0 216 11 277
289 1 2 0 216 277 278
290 1 2 0 216 278 279
291 1 2 0 216 279 280
292 1 2 0 216 280 281
293 1 2 0 216 281 282
294 1 2 0 216 282 283
295 1 2 0 216 283 284
296 1 2 0 216 284 8
297 1 2 0 217 12 285
298 1 2 0 217 285 286
299 1 2 0 217 286 287
300 1 2 0 217 287 288
301 1 2 0 217 288 289
302 1 2 0 217 289 290
303 1 2 0 217 290 291
304 1 2 0 217 291 292
305 1 2 0 217 292 7
306 1 2 0 218 13 293
307 1 2 0 218 293 294
308 1 2 0 218 294 295
309 1 2 0 218 295 296
310 1 2 0 218 296 297
311 1 2 0 218 297 298
312 1 2 0 218 298 299
313 1 2 0 218 299 12
314 1 2 0 231 22 23
315 1 2 0 232 23 24
316 1 2 0 233 24 25
317 1 2 0 234 25 22
318 1 2 0 235 22 26
319 1 2 0 236 23 27
320 1 2 0 237 26 27
321 1 2 0 238 24 28
322 1 2 0 239 27 28
323 1 2 0 240 25 29
324 1 2 0 241 28 29
325 1 2 0 242 29 26
326 1 2 0 251 30 31
327 1 2 0 252 31 32
328 1 2 0 253 32 33
329 1 2 0 254 33 30
330 1 2 0 255 30 34
331 1 2 0 256 31 35
332 1 2 0 257 34 35
333 1 2 0 258 32 36
334 1 2 0 259 35 36
335 1 2 0 260 33 37
336 1 2 0 261 36 37
337 1 2 0 262 37 34
338 1 2 0 271 38 39
339 1 2 0 272 39 40
340 1 2 0 273 40 41
341 1 2 0 274 41 38
342 1 2 0 275 38 42
343 1 2 0 276 39 43
344 1 2 0 277 42 43
345 1 2 0 278 40 44
346 1 2 0 279 43 44
347 1 2 0 280 41 45
348 1 2 0 281 44 45
349 1 2 0 282 45 42
350 1 2 0 291 46 47
351 1 2 0 292 47 48
352 1 2 0 293 48 49
353 1 2 0 294 49 46
354 1 2 0 295 46 50
355 1 2 0 296 47 51
356 1 2 0 297 50 51
357 1 2 0 298 48 52
358 1 2 0 299 51 52
359 1 2 0 300 49 53
360 1 2 0 301 52 53
361 1 2 0 302 53 50
362 1 2 0 331 54 55
363 1 2 0 332 55 56
364 1 2 0 333 56 57
365 1 2 0 334 57 54
366 1 2 0 335 54 58
367 1 2 0 336 55 59
368 1 2 0 337 58 59
369 1 2 0 338 56 60
370 1 2 0 339 59 60
371 1 2 0 340 57 61
372 1 2 0 341 60 61
373 1 2 0 342 61 58
374 1 2 0 351 62 63
375 1 2 0 352 63 64
376 1 2 0 353 64 65
377 1 2 0 354 65 62
378 1 2 0 355 62 66
379 1 2 0 356 63 67
380 1 2 0 357 66 67
381 1 2 0 358 64 68
382 1 2 0 359 67 68
383 1 2 0 360 65 69
384 1 2 0 361 68 69
385 1 2 0 362 69 66
386 1 2 0 371 70 71
387 1 2 0 372 71 72
388 1 2 0 373 72 73
389 1 2 0 374 73 70
390 1 2 0 375 70 74
391 1 2 0 376 71 75
392 1 2 0 377 74 75
393 1 2 0 378 72 76
394 1 2 0 379 75 76
395 1 2 0 380 73 77
396 1 2 0 381 76 77
397 1 2 0 382 77 74
398 1 2 0 391 78 79
399 1 2 0 392 79 80
400 1 2 0 393 80 81
401 1 2 0 394 81 78
402 1 2 0 395 78 82
403 1 2 0 396 79 83
404 1 2 0 397 82 83
405 1 2 0 398 80 84
406 1 2 0 399 83 84
407 1 2 0 400 81 85
408 1 2 0 401 84 85
409 1 2 0 402 85 82
410 2 2 0 100 86 308 2
411 2 2 0 100 2 763 159
412 2 2 0 100 308 763 2
413 2 2 0 100 3 753 122
414 2 2 0 100 123 309 3
415 2 2 0 100 309 753 3
416 2 2 0 100 87 758 86
417 2 2 0 100 86 758 308
418 2 2 0 100 88 323 87
419 2 2 0 100 323 758 87
420 2 2 0 100 89 784 88
421 2 2 0 100 88 784 323
422 2 2 0 100 90 780 89
423 2 2 0 100 780 784 89
424 2 2 0 100 91 303 90
425 2 2 0 100 303 780 90
426 2 2 0 100 92 799 91
427 2 2 0 100 91 799 303
428 2 2 0 100 93 682 92
429 2 2 0 100 682 799 92
430 2 2 0 100 94 328 93
431 2 2 0 100 328 682 93
432 2 2 0 100 95 770 94
433 2 2 0 100 94 770 328
434 2 2 0 100 96 311 95
435 2 2 0 100 311 770 95
436 2 2 0 100 97 773 96
437 2 2 0 100 96 773 311
438 2 2 0 100 98 803 97
439 2 2 0 100 97 803 773
440 2 2 0 100 99 331 98
441 2 2 0 100 331 803 98
442 2 2 0 100 100 761 99
443 2 2 0 100 99 761 331
444 2 2 0 100 101 306 100
445 2 2 0 100 306 761 100
446 2 2 0 100 102 790 101
447 2 2 0 100 101 790 306
448 2 2 0 100 103 788 102
449 2 2 0 100 788 790 102
450 2 2 0 100 104 321 103
451 2 2 0 100 321 788 103
452 2 2 0 100 105 752 104
453 2 2 0 100 104 752 321
454 2 2 0 100 106 315 105
455 2 2 0 100 315 752 105
456 2 2 0 100 107 749 106
457 2 2 0 100 106 749 315
458 2 2 0 100 108 324 107
459 2 2 0 100 324 749 107
460 2 2 0 100 109 756 108
461 2 2 0 100 108 756 324
462 2 2 0 100 110 300 109
463 2 2 0 100 300 756 109
464 2 2 0 100 111 750 110
465 2 2 0 100 110 750 300
466 2 2 0 100 112 316 111
467 2 2 0 100 316 750 111
468 2 2 0 100 113 798 112
469 2 2 0 100 112 798 316
470 2 2 0 100 114 313 113
471 2 2 0 100 313 798 113
472 2 2 0 100 115 755 114
473 2 2 0 100 114 755 313
474 2 2 0 100 116 317 115
475 2 2 0 100 317 755 115
476 2 2 0 100 117 332 116
477 2 2 0 100 116 332 317
478 2 2 0 100 118 774 117
479 2 2 0 100 117 774 332
480 2 2 0 100 119 307 118
481 2 2 0 100 307 774 118
482 2 2 0 100 120 762 119
483 2 2 0 100 119 762 307
484 2 2 0 100 121 327 120
485 2 2 0 100 327 762 120
486 2 2 0 100 122 747 121
487 2 2 0 100 121 747 327
488 2 2 0 100 122 753 747
489 2 2 0 100 124 781 123
490 2 2 0 100 123 781 309
491 2 2 0 100 125 325 124
492 2 2 0 100 325 781 124
493 2 2 0 100 126 778 125
494 2 2 0 100 125 778 325
495 2 2 0 100 127 614 126
496 2 2 0 100 614 778 126
497 2 2 0 100 128 302 127
498 2 2 0 100 302 614 127
499 2 2 0 100 129 745 128
500 2 2 0 100 128 745 302
501 2 2 0 100 130 329 129
502 2 2 0 100 329 745 129
503 2 2 0 100 131 772 130
504 2 2 0 100 130 772 329
505 2 2 0 100 132 807 131
506 2 2 0 100 131 807 772
507 2 2 0 100 133 310 132
508 2 2 0 100 310 807 132
509 2 2 0 100 134 787 133
510 2 2 0 100 133 787 310
511 2 2 0 100 135 330 134
512 2 2 0 100 330 787 134
513 2 2 0 100 136 760 135
514 2 2 0 100 135 760 330
515 2 2 0 100 137 775 136
516 2 2 0 100 136 775 760
517 2 2 0 100 138 305 137
518 2 2 0 100 305 775 137
519 2 2 0 100 139 779 138
520 2 2 0 100 138 779 305
521 2 2 0 100 140 657 139
522 2 2 0 100 657 779 139
523 2 2 0 100 141 318 140
524 2 2 0 100 318 657 140
525 2 2 0 100 142 754 141
526 2 2 0 100 141 754 318
527 2 2 0 100 143 314 142
528 2 2 0 100 314 754 142
529 2 2 0 100 144 804 143
530 2 2 0 100 143 804 314
531 2 2 0 100 145 319 144
532 2 2 0 100 319 804 144
533 2 2 0 100 146 751 145
534 2 2 0 100 145 751 319
535 2 2 0 100 147 301 146
536 2 2 0 100 301 751 146
537 2 2 0 100 148 767 147
538 2 2 0 100 147 767 301
539 2 2 0 100 149 322 148
540 2 2 0 100 322 767 148
541 2 2 0 100 150 759 149
542 2 2 0 100 149 759 322
543 2 2 0 100 151 312 150
544 2 2 0 100 312 759 150
545 2 2 0 100 152 800 151
546 2 2 0 100 151 800 312
547 2 2 0 100 153 766 152
548 2 2 0 100 766 800 152
549 2 2 0 100 154 320 153
550 2 2 0 100 320 766 153
551 2 2 0 100 155 748 154
552 2 2 0 100 154 748 320
553 2 2 0 100 156 304 155
554 2 2 0 100 304 748 155
555 2 2 0 100 157 757 156
556 2 2 0 100 156 757 304
557 2 2 0 100 158 326 157
558 2 2 0 100 326 757 157
559 2 2 0 100 159 764 158
560 2 2 0 100 158 764 326
561 2 2 0 100 763 764 159
562 2 2 0 100 610 756 300
563 2 2 0 100 300 789 610
564 2 2 0 100 750 789 300
565 2 2 0 100 301 767 571
566 2 2 0 100 571 806 301
567 2 2 0 100 301 806 751
568 2 2 0 100 302 612 611
569 2 2 0 100 611 614 302
570 2 2 0 100 302 745 612
571 2 2 0 100 746 783 303
572 2 2 0 100 303 799 746
573 2 2 0 100 303 783 780
574 2 2 0 100 304 776 748
575 2 2 0 100 757 801 304
576 2 2 0 100 304 801 776
577 2 2 0 100 305 740 723
578 2 2 0 100 723 775 305
579 2 2 0 100 305 779 740
580 2 2 0 100 306 790 744
581 2 2 0 100 744 802 306
582 2 2 0 100 306 802 761
583 2 2 0 100 762 809 307
584 2 2 0 100 307 796 774
585 2 2 0 100 307 809 796
586 2 2 0 100 308 758 739
587 2 2 0 100 739 785 308
588 2 2 0 100 308 785 763
589 2 2 0 100 309 781 738
590 2 2 0 100 738 808 309
591 2 2 0 100 309 808 753
592 2 2 0 100 310 640 639
593 2 2 0 100 639 807 310
594 2 2 0 100 310 741 640
595 2 2 0 100 310 787 741
596 2 2 0 100 311 773 606
597 2 2 0 100 606 805 311
598 2 2 0 100 311 805 770
599 2 2 0 100 565 777 312
600 2 2 0 100 312 800 565
601 2 2 0 100 312 777 759
602 2 2 0 100 313 769 619
603 2 2 0 100 619 798 313
604 2 2 0 100 755 769 313
605 2 2 0 100 574 742 314
606 2 2 0 100 314 804 574
607 2 2 0 100 742 754 314
608 2 2 0 100 315 719 602
609 2 2 0 100 602 794 315
610 2 2 0 100 315 749 719
611 2 2 0 100 315 794 752
612 2 2 0 100 556 618 316
613 2 2 0 100 316 619 556
614 2 2 0 100 618 750 316
615 2 2 0 100 316 798 619
616 2 2 0 100 332 333 317
617 2 2 0 100 333 334 317
618 2 2 0 100 334 755 317
619 2 2 0 100 655 657 318
620 2 2 0 100 318 658 655
621 2 2 0 100 318 754 658
622 2 2 0 100 319 569 563
623 2 2 0 100 563 574 319
624 2 2 0 100 319 751 569
625 2 2 0 100 574 804 319
626 2 2 0 100 570 766 320
627 2 2 0 100 320 771 570
628 2 2 0 100 748 771 320
629 2 2 0 100 566 788 321
630 2 2 0 100 321 791 566
631 2 2 0 100 752 791 321
632 2 2 0 100 567 571 322
633 2 2 0 100 322 786 567
634 2 2 0 100 571 767 322
635 2 2 0 100 759 786 322
636 2 2 0 100 721 758 323
637 2 2 0 100 323 797 721
638 2 2 0 100 784 797 323
639 2 2 0 100 719 749 324
640 2 2 0 100 324 792 719
641 2 2 0 100 756 792 324
642 2 2 0 100 325 743 738
643 2 2 0 100 738 781 325
644 2 2 0 100 325 778 743
645 2 2 0 100 686 757 326
646 2 2 0 100 326 782 686
647 2 2 0 100 764 782 326
648 2 2 0 100 747 793 327
649 2 2 0 100 327 765 762
650 2 2 0 100 327 793 765
651 2 2 0 100 573 681 328
652 2 2 0 100 328 770 573
653 2 2 0 100 681 682 328
654 2 2 0 100 638 737 329
655 2 2 0 100 329 772 638
656 2 2 0 100 737 745 329
657 2 2 0 100 575 741 330
658 2 2 0 100 330 795 575
659 2 2 0 100 741 787 330
660 2 2 0 100 760 795 330
661 2 2 0 100 331 761 562
662 2 2 0 100 562 768 331
663 2 2 0 100 331 768 607
664 2 2 0 100 607 803 331
665 2 2 0 100 332 554 333
666 2 2 0 100 332 774 554
667 2 2 0 100 333 335 334
668 2 2 0 100 333 578 335
669 2 2 0 100 554 578 333
670 2 2 0 100 335 336 334
671 2 2 0 100 336 769 334
672 2 2 0 100 334 769 755
673 2 2 0 100 335 337 336
674 2 2 0 100 335 338 337
675 2 2 0 100 335 578 338
676 2 2 0 100 337 581 336
677 2 2 0 100 336 581 577
678 2 2 0 100 577 769 336
679 2 2 0 100 338 339 337
680 2 2 0 100 339 340 337
681 2 2 0 100 340 581 337
682 2 2 0 100 338 579 339
683 2 2 0 100 578 735 338
684 2 2 0 100 338 735 579
685 2 2 0 100 339 341 340
686 2 2 0 100 339 342 341
687 2 2 0 100 339 579 342
688 2 2 0 100 341 580 340
689 2 2 0 100 580 594 340
690 2 2 0 100 340 594 581
691 2 2 0 100 342 343 341
692 2 2 0 100 343 344 341
693 2 2 0 100 344 580 341
694 2 2 0 100 342 582 343
695 2 2 0 100 579 584 342
696 2 2 0 100 342 584 582
697 2 2 0 100 343 345 344
698 2 2 0 100 343 346 345
699 2 2 0 100 343 582 346
700 2 2 0 100 345 591 344
701 2 2 0 100 344 593 580
702 2 2 0 100 591 593 344
703 2 2 0 100 346 347 345
704 2 2 0 100 347 348 345
705 2 2 0 100 348 591 345
706 2 2 0 100 346 585 347
707 2 2 0 100 582 583 346
708 2 2 0 100 583 585 346
709 2 2 0 100 347 349 348
710 2 2 0 100 347 350 349
711 2 2 0 100 347 585 350
712 2 2 0 100 349 595 348
713 2 2 0 100 348 592 591
714 2 2 0 100 348 595 592
715 2 2 0 100 350 351 349
716 2 2 0 100 351 352 349
717 2 2 0 100 352 595 349
718 2 2 0 100 350 728 351
719 2 2 0 100 585 586 350
720 2 2 0 100 586 728 350
721 2 2 0 100 351 353 352
722 2 2 0 100 351 354 353
723 2 2 0 100 351 728 354
724 2 2 0 100 353 709 352
725 2 2 0 100 352 598 595
726 2 2 0 100 352 709 598
727 2 2 0 100 354 355 353
728 2 2 0 100 355 356 353
729 2 2 0 100 356 709 353
730 2 2 0 100 354 667 355
731 2 2 0 100 354 668 667
732 2 2 0 100 354 728 668
733 2 2 0 100 355 357 356
734 2 2 0 100 355 358 357
735 2 2 0 100 355 667 358
736 2 2 0 100 357 669 356
737 2 2 0 100 669 705 356
738 2 2 0 100 705 709 356
739 2 2 0 100 358 359 357
740 2 2 0 100 359 360 357
741 2 2 0 100 360 669 357
742 2 2 0 100 358 361 359
743 2 2 0 100 358 402 361
744 2 2 0 100 358 667 402
745 2 2 0 100 359 362 360
746 2 2 0 100 361 627 359
747 2 2 0 100 359 627 362
748 2 2 0 100 362 363 360
749 2 2 0 100 363 644 360
750 2 2 0 100 644 669 360
751 2 2 0 100 402 403 361
752 2 2 0 100 403 650 361
753 2 2 0 100 361 650 627
754 2 2 0 100 362 364 363
755 2 2 0 100 362 674 364
756 2 2 0 100 627 674 362
757 2 2 0 100 364 365 363
758 2 2 0 100 365 366 363
759 2 2 0 100 366 644 363
760 2 2 0 100 364 367 365
761 2 2 0 100 364 368 367
762 2 2 0 100 364 674 368
763 2 2 0 100 365 369 366
764 2 2 0 100 367 634 365
765 2 2 0 100 365 634 369
766 2 2 0 100 369 370 366
767 2 2 0 100 370 519 366
768 2 2 0 100 519 644 366
769 2 2 0 100 368 371 367
770 2 2 0 100 371 631 367
771 2 2 0 100 631 634 367
772 2 2 0 100 368 372 371
773 2 2 0 100 368 513 372
774 2 2 0 100 368 674 513
775 2 2 0 100 369 373 370
776 2 2 0 100 369 645 373
777 2 2 0 100 634 645 369
778 2 2 0 100 373 374 370
779 2 2 0 100 374 665 370
780 2 2 0 100 370 665 519
781 2 2 0 100 372 375 371
782 2 2 0 100 375 377 371
783 2 2 0 100 377 631 371
784 2 2 0 100 372 376 375
785 2 2 0 100 372 632 376
786 2 2 0 100 513 632 372
787 2 2 0 100 373 378 374
788 2 2 0 100 373 390 378
789 2 2 0 100 373 645 390
790 2 2 0 100 378 379 374
791 2 2 0 100 379 380 374
792 2 2 0 100 380 665 374
793 2 2 0 100 376 383 375
794 2 2 0 100 375 689 377
795 2 2 0 100 383 689 375
796 2 2 0 100 376 384 383
797 2 2 0 100 376 385 384
798 2 2 0 100 376 632 385
799 2 2 0 100 377 617 615
800 2 2 0 100 615 631 377
801 2 2 0 100 377 689 617
802 2 2 0 100 378 683 379
803 2 2 0 100 390 391 378
804 2 2 0 100 391 683 378
805 2 2 0 100 379 381 380
806 2 2 0 100 379 628 381
807 2 2 0 100 379 683 628
808 2 2 0 100 381 382 380
809 2 2 0 100 382 440 380
810 2 2 0 100 440 665 380
811 2 2 0 100 381 386 382
812 2 2 0 100 381 399 386
813 2 2 0 100 381 628 399
814 2 2 0 100 386 387 382
815 2 2 0 100 387 670 382
816 2 2 0 100 382 670 440
817 2 2 0 100 384 420 383
818 2 2 0 100 420 421 383
819 2 2 0 100 421 689 383
820 2 2 0 100 385 388 384
821 2 2 0 100 388 641 384
822 2 2 0 100 384 641 420
823 2 2 0 100 385 389 388
824 2 2 0 100 385 445 389
825 2 2 0 100 385 632 445
826 2 2 0 100 386 395 387
827 2 2 0 100 386 691 395
828 2 2 0 100 399 691 386
829 2 2 0 100 395 396 387
830 2 2 0 100 396 397 387
831 2 2 0 100 397 670 387
832 2 2 0 100 389 393 388
833 2 2 0 100 393 434 388
834 2 2 0 100 434 641 388
835 2 2 0 100 389 394 393
836 2 2 0 100 389 647 394
837 2 2 0 100 445 647 389
838 2 2 0 100 390 392 391
839 2 2 0 100 390 642 392
840 2 2 0 100 390 645 642
841 2 2 0 100 392 426 391
842 2 2 0 100 426 460 391
843 2 2 0 100 460 683 391
844 2 2 0 100 392 427 426
845 2 2 0 100 392 456 427
846 2 2 0 100 392 642 456
847 2 2 0 100 394 429 393
848 2 2 0 100 429 660 393
849 2 2 0 100 393 660 434
850 2 2 0 100 394 430 429
851 2 2 0 100 394 446 430
852 2 2 0 100 394 647 446
853 2 2 0 100 395 433 396
854 2 2 0 100 395 437 433
855 2 2 0 100 395 691 437
856 2 2 0 100 396 398 397
857 2 2 0 100 396 625 398
858 2 2 0 100 433 625 396
859 2 2 0 100 398 400 397
860 2 2 0 100 400 509 397
861 2 2 0 100 509 670 397
862 2 2 0 100 398 401 400
863 2 2 0 100 398 422 401
864 2 2 0 100 398 625 422
865 2 2 0 100 399 628 620
866 2 2 0 100 620 690 399
867 2 2 0 100 690 691 399
868 2 2 0 100 401 653 400
869 2 2 0 100 400 515 509
870 2 2 0 100 400 653 515
871 2 2 0 100 422 423 401
872 2 2 0 100 423 424 401
873 2 2 0 100 424 653 401
874 2 2 0 100 402 404 403
875 2 2 0 100 402 514 404
876 2 2 0 100 402 667 514
877 2 2 0 100 404 405 403
878 2 2 0 100 405 485 403
879 2 2 0 100 485 650 403
880 2 2 0 100 404 406 405
881 2 2 0 100 404 662 406
882 2 2 0 100 514 662 404
883 2 2 0 100 406 407 405
884 2 2 0 100 407 708 405
885 2 2 0 100 405 708 485
886 2 2 0 100 406 408 407
887 2 2 0 100 406 410 408
888 2 2 0 100 406 662 410
889 2 2 0 100 408 409 407
890 2 2 0 100 409 661 407
891 2 2 0 100 661 708 407
892 2 2 0 100 408 710 409
893 2 2 0 100 410 411 408
894 2 2 0 100 411 710 408
895 2 2 0 100 409 713 661
896 2 2 0 100 710 717 409
897 2 2 0 100 409 717 713
898 2 2 0 100 410 412 411
899 2 2 0 100 410 463 412
900 2 2 0 100 410 662 463
901 2 2 0 100 412 413 411
902 2 2 0 100 413 696 411
903 2 2 0 100 696 710 411
904 2 2 0 100 412 414 413
905 2 2 0 100 412 732 414
906 2 2 0 100 463 732 412
907 2 2 0 100 414 415 413
908 2 2 0 100 415 417 413
909 2 2 0 100 417 696 413
910 2 2 0 100 414 416 415
911 2 2 0 100 414 418 416
912 2 2 0 100 414 732 418
913 2 2 0 100 416 648 415
914 2 2 0 100 415 441 417
915 2 2 0 100 415 648 441
916 2 2 0 100 418 419 416
917 2 2 0 100 419 428 416
918 2 2 0 100 428 648 416
919 2 2 0 100 441 442 417
920 2 2 0 100 442 464 417
921 2 2 0 100 464 696 417
922 2 2 0 100 418 672 419
923 2 2 0 100 418 733 672
924 2 2 0 100 732 733 418
925 2 2 0 100 419 431 428
926 2 2 0 100 419 432 431
927 2 2 0 100 419 672 432
928 2 2 0 100 420 435 421
929 2 2 0 100 420 688 435
930 2 2 0 100 641 688 420
931 2 2 0 100 435 436 421
932 2 2 0 100 436 695 421
933 2 2 0 100 421 695 689
934 2 2 0 100 422 623 423
935 2 2 0 100 422 624 623
936 2 2 0 100 422 625 624
937 2 2 0 100 423 425 424
938 2 2 0 100 423 467 425
939 2 2 0 100 423 623 467
940 2 2 0 100 425 438 424
941 2 2 0 100 438 455 424
942 2 2 0 100 455 653 424
943 2 2 0 100 425 439 438
944 2 2 0 100 425 711 439
945 2 2 0 100 467 711 425
946 2 2 0 100 427 702 426
947 2 2 0 100 426 461 460
948 2 2 0 100 426 702 461
949 2 2 0 100 456 457 427
950 2 2 0 100 457 469 427
951 2 2 0 100 469 702 427
952 2 2 0 100 431 468 428
953 2 2 0 100 468 510 428
954 2 2 0 100 510 648 428
955 2 2 0 100 430 643 429
956 2 2 0 100 643 701 429
957 2 2 0 100 429 701 660
958 2 2 0 100 446 447 430
959 2 2 0 100 447 448 430
960 2 2 0 100 448 643 430
961 2 2 0 100 432 443 431
962 2 2 0 100 443 649 431
963 2 2 0 100 431 649 468
964 2 2 0 100 432 444 443
965 2 2 0 100 432 454 444
966 2 2 0 100 432 672 454
967 2 2 0 100 437 470 433
968 2 2 0 100 470 505 433
969 2 2 0 100 505 625 433
970 2 2 0 100 434 660 629
971 2 2 0 100 629 666 434
972 2 2 0 100 434 666 641
973 2 2 0 100 435 478 436
974 2 2 0 100 435 479 478
975 2 2 0 100 435 688 479
976 2 2 0 100 478 480 436
977 2 2 0 100 480 484 436
978 2 2 0 100 484 695 436
979 2 2 0 100 437 471 470
980 2 2 0 100 437 603 471
981 2 2 0 100 437 691 603
982 2 2 0 100 439 452 438
983 2 2 0 100 452 726 438
984 2 2 0 100 438 726 455
985 2 2 0 100 439 453 452
986 2 2 0 100 439 489 453
987 2 2 0 100 439 711 489
988 2 2 0 100 440 693 665
989 2 2 0 100 670 671 440
990 2 2 0 100 671 693 440
991 2 2 0 100 441 663 442
992 2 2 0 100 648 664 441
993 2 2 0 100 441 664 663
994 2 2 0 100 442 465 464
995 2 2 0 100 442 481 465
996 2 2 0 100 442 663 481
997 2 2 0 100 444 450 443
998 2 2 0 100 450 494 443
999 2 2 0 100 494 649 443
1000 2 2 0 100 444 451 450
1001 2 2 0 100 444 651 451
1002 2 2 0 100 454 651 444
1003 2 2 0 100 632 646 445
1004 2 2 0 100 646 704 445
1005 2 2 0 100 445 704 647
1006 2 2 0 100 446 486 447
1007 2 2 0 100 446 520 486
1008 2 2 0 100 446 647 520
1009 2 2 0 100 447 449 448
1010 2 2 0 100 447 684 449
1011 2 2 0 100 486 684 447
1012 2 2 0 100 449 472 448
1013 2 2 0 100 472 476 448
1014 2 2 0 100 476 643 448
1015 2 2 0 100 449 473 472
1016 2 2 0 100 449 474 473
1017 2 2 0 100 449 684 474
1018 2 2 0 100 451 491 450
1019 2 2 0 100 491 697 450
1020 2 2 0 100 450 697 494
1021 2 2 0 100 451 492 491
1022 2 2 0 100 451 499 492
1023 2 2 0 100 451 651 499
1024 2 2 0 100 453 482 452
1025 2 2 0 100 482 500 452
1026 2 2 0 100 500 726 452
1027 2 2 0 100 453 483 482
1028 2 2 0 100 453 608 483
1029 2 2 0 100 489 608 453
1030 2 2 0 100 454 734 651
1031 2 2 0 100 672 731 454
1032 2 2 0 100 731 734 454
1033 2 2 0 100 597 724 455
1034 2 2 0 100 455 726 597
1035 2 2 0 100 455 724 653
1036 2 2 0 100 456 458 457
1037 2 2 0 100 456 508 458
1038 2 2 0 100 456 642 508
1039 2 2 0 100 458 459 457
1040 2 2 0 100 459 675 457
1041 2 2 0 100 457 675 469
1042 2 2 0 100 458 715 459
1043 2 2 0 100 508 518 458
1044 2 2 0 100 518 715 458
1045 2 2 0 100 459 676 675
1046 2 2 0 100 459 685 676
1047 2 2 0 100 459 715 685
1048 2 2 0 100 461 462 460
1049 2 2 0 100 462 630 460
1050 2 2 0 100 630 683 460
1051 2 2 0 100 461 495 462
1052 2 2 0 100 461 521 495
1053 2 2 0 100 461 702 521
1054 2 2 0 100 495 496 462
1055 2 2 0 100 496 501 462
1056 2 2 0 100 501 630 462
1057 2 2 0 100 463 729 590
1058 2 2 0 100 590 732 463
1059 2 2 0 100 662 729 463
1060 2 2 0 100 465 466 464
1061 2 2 0 100 466 544 464
1062 2 2 0 100 544 696 464
1063 2 2 0 100 465 477 466
1064 2 2 0 100 465 635 477
1065 2 2 0 100 481 635 465
1066 2 2 0 100 477 545 466
1067 2 2 0 100 466 714 544
1068 2 2 0 100 545 714 466
1069 2 2 0 100 599 601 467
1070 2 2 0 100 467 623 599
1071 2 2 0 100 601 711 467
1072 2 2 0 100 468 511 510
1073 2 2 0 100 468 525 511
1074 2 2 0 100 468 649 525
1075 2 2 0 100 675 677 469
1076 2 2 0 100 677 703 469
1077 2 2 0 100 469 703 702
1078 2 2 0 100 471 694 470
1079 2 2 0 100 470 506 505
1080 2 2 0 100 470 694 506
1081 2 2 0 100 603 604 471
1082 2 2 0 100 604 605 471
1083 2 2 0 100 605 694 471
1084 2 2 0 100 473 654 472
1085 2 2 0 100 472 526 476
1086 2 2 0 100 472 654 526
1087 2 2 0 100 474 475 473
1088 2 2 0 100 475 493 473
1089 2 2 0 100 493 654 473
1090 2 2 0 100 474 487 475
1091 2 2 0 100 474 522 487
1092 2 2 0 100 474 684 522
1093 2 2 0 100 487 488 475
1094 2 2 0 100 488 659 475
1095 2 2 0 100 475 659 493
1096 2 2 0 100 526 529 476
1097 2 2 0 100 529 530 476
1098 2 2 0 100 530 643 476
1099 2 2 0 100 477 546 545
1100 2 2 0 100 477 549 546
1101 2 2 0 100 477 635 549
1102 2 2 0 100 479 497 478
1103 2 2 0 100 478 633 480
1104 2 2 0 100 497 633 478
1105 2 2 0 100 479 534 497
1106 2 2 0 100 479 535 534
1107 2 2 0 100 479 688 535
1108 2 2 0 100 480 490 484
1109 2 2 0 100 480 533 490
1110 2 2 0 100 480 633 533
1111 2 2 0 100 481 636 635
1112 2 2 0 100 481 637 636
1113 2 2 0 100 481 663 637
1114 2 2 0 100 483 498 482
1115 2 2 0 100 498 727 482
1116 2 2 0 100 482 727 500
1117 2 2 0 100 483 524 498
1118 2 2 0 100 483 550 524
1119 2 2 0 100 483 608 550
1120 2 2 0 100 490 538 484
1121 2 2 0 100 538 716 484
1122 2 2 0 100 484 716 695
1123 2 2 0 100 485 652 650
1124 2 2 0 100 485 707 652
1125 2 2 0 100 485 708 707
1126 2 2 0 100 520 541 486
1127 2 2 0 100 541 706 486
1128 2 2 0 100 486 706 684
1129 2 2 0 100 487 718 488
1130 2 2 0 100 522 523 487
1131 2 2 0 100 523 718 487
1132 2 2 0 100 488 722 659
1133 2 2 0 100 718 720 488
1134 2 2 0 100 720 722 488
1135 2 2 0 100 489 609 608
1136 2 2 0 100 489 687 609
1137 2 2 0 100 489 711 687
1138 2 2 0 100 533 712 490
1139 2 2 0 100 490 539 538
1140 2 2 0 100 490 712 539
1141 2 2 0 100 492 527 491
1142 2 2 0 100 527 532 491
1143 2 2 0 100 532 697 491
1144 2 2 0 100 499 736 492
1145 2 2 0 100 492 528 527
1146 2 2 0 100 492 736 528
1147 2 2 0 100 493 655 654
1148 2 2 0 100 493 656 655
1149 2 2 0 100 493 659 656
1150 2 2 0 100 494 700 649
1151 2 2 0 100 697 699 494
1152 2 2 0 100 699 700 494
1153 2 2 0 100 495 626 496
1154 2 2 0 100 521 536 495
1155 2 2 0 100 536 626 495
1156 2 2 0 100 496 502 501
1157 2 2 0 100 496 531 502
1158 2 2 0 100 496 626 531
1159 2 2 0 100 534 565 497
1160 2 2 0 100 565 570 497
1161 2 2 0 100 570 633 497
1162 2 2 0 100 524 537 498
1163 2 2 0 100 537 594 498
1164 2 2 0 100 594 727 498
1165 2 2 0 100 499 730 584
1166 2 2 0 100 584 736 499
1167 2 2 0 100 651 730 499
1168 2 2 0 100 593 725 500
1169 2 2 0 100 500 727 593
1170 2 2 0 100 725 726 500
1171 2 2 0 100 502 503 501
1172 2 2 0 100 503 620 501
1173 2 2 0 100 620 630 501
1174 2 2 0 100 502 504 503
1175 2 2 0 100 502 681 504
1176 2 2 0 100 531 681 502
1177 2 2 0 100 504 540 503
1178 2 2 0 100 540 690 503
1179 2 2 0 100 503 690 620
1180 2 2 0 100 504 553 540
1181 2 2 0 100 504 573 553
1182 2 2 0 100 504 681 573
1183 2 2 0 100 506 507 505
1184 2 2 0 100 507 624 505
1185 2 2 0 100 624 625 505
1186 2 2 0 100 506 558 507
1187 2 2 0 100 506 562 558
1188 2 2 0 100 506 694 562
1189 2 2 0 100 558 559 507
1190 2 2 0 100 559 560 507
1191 2 2 0 100 560 624 507
1192 2 2 0 100 508 615 518
1193 2 2 0 100 508 616 615
1194 2 2 0 100 508 642 616
1195 2 2 0 100 515 516 509
1196 2 2 0 100 516 671 509
1197 2 2 0 100 509 671 670
1198 2 2 0 100 511 512 510
1199 2 2 0 100 512 664 510
1200 2 2 0 100 510 664 648
1201 2 2 0 100 511 611 512
1202 2 2 0 100 525 551 511
1203 2 2 0 100 551 611 511
1204 2 2 0 100 611 612 512
1205 2 2 0 100 612 613 512
1206 2 2 0 100 613 664 512
1207 2 2 0 100 513 646 632
1208 2 2 0 100 513 692 646
1209 2 2 0 100 674 692 513
1210 2 2 0 100 514 729 662
1211 2 2 0 100 667 668 514
1212 2 2 0 100 668 729 514
1213 2 2 0 100 515 517 516
1214 2 2 0 100 515 724 517
1215 2 2 0 100 653 724 515
1216 2 2 0 100 517 542 516
1217 2 2 0 100 542 543 516
1218 2 2 0 100 543 671 516
1219 2 2 0 100 517 598 542
1220 2 2 0 100 596 598 517
1221 2 2 0 100 517 724 596
1222 2 2 0 100 615 617 518
1223 2 2 0 100 617 716 518
1224 2 2 0 100 518 716 715
1225 2 2 0 100 519 673 644
1226 2 2 0 100 665 693 519
1227 2 2 0 100 519 693 673
1228 2 2 0 100 520 707 541
1229 2 2 0 100 647 704 520
1230 2 2 0 100 704 707 520
1231 2 2 0 100 521 552 536
1232 2 2 0 100 521 703 552
1233 2 2 0 100 702 703 521
1234 2 2 0 100 522 713 523
1235 2 2 0 100 684 706 522
1236 2 2 0 100 706 713 522
1237 2 2 0 100 713 717 523
1238 2 2 0 100 523 717 714
1239 2 2 0 100 714 718 523
1240 2 2 0 100 524 556 537
1241 2 2 0 100 550 618 524
1242 2 2 0 100 524 618 556
1243 2 2 0 100 525 743 551
1244 2 2 0 100 649 700 525
1245 2 2 0 100 700 743 525
1246 2 2 0 100 526 742 529
1247 2 2 0 100 654 658 526
1248 2 2 0 100 658 742 526
1249 2 2 0 100 528 557 527
1250 2 2 0 100 527 765 532
1251 2 2 0 100 557 765 527
1252 2 2 0 100 528 572 557
1253 2 2 0 100 528 735 572
1254 2 2 0 100 528 736 735
1255 2 2 0 100 529 563 530
1256 2 2 0 100 529 574 563
1257 2 2 0 100 529 742 574
1258 2 2 0 100 563 564 530
1259 2 2 0 100 564 701 530
1260 2 2 0 100 530 701 643
1261 2 2 0 100 626 746 531
1262 2 2 0 100 531 682 681
1263 2 2 0 100 531 746 682
1264 2 2 0 100 532 698 697
1265 2 2 0 100 532 793 698
1266 2 2 0 100 765 793 532
1267 2 2 0 100 633 771 533
1268 2 2 0 100 533 776 712
1269 2 2 0 100 771 776 533
1270 2 2 0 100 535 547 534
1271 2 2 0 100 547 777 534
1272 2 2 0 100 534 777 565
1273 2 2 0 100 535 548 547
1274 2 2 0 100 535 666 548
1275 2 2 0 100 535 688 666
1276 2 2 0 100 552 555 536
1277 2 2 0 100 555 783 536
1278 2 2 0 100 536 783 626
1279 2 2 0 100 556 577 537
1280 2 2 0 100 577 581 537
1281 2 2 0 100 581 594 537
1282 2 2 0 100 539 685 538
1283 2 2 0 100 685 715 538
1284 2 2 0 100 715 716 538
1285 2 2 0 100 680 685 539
1286 2 2 0 100 539 686 680
1287 2 2 0 100 539 712 686
1288 2 2 0 100 553 604 540
1289 2 2 0 100 540 604 603
1290 2 2 0 100 603 690 540
1291 2 2 0 100 661 706 541
1292 2 2 0 100 541 708 661
1293 2 2 0 100 707 708 541
1294 2 2 0 100 542 705 543
1295 2 2 0 100 598 709 542
1296 2 2 0 100 542 709 705
1297 2 2 0 100 543 693 671
1298 2 2 0 100 673 693 543
1299 2 2 0 100 543 705 673
1300 2 2 0 100 544 710 696
1301 2 2 0 100 544 717 710
1302 2 2 0 100 714 717 544
1303 2 2 0 100 546 720 545
1304 2 2 0 100 545 718 714
1305 2 2 0 100 545 720 718
1306 2 2 0 100 549 575 546
1307 2 2 0 100 575 576 546
1308 2 2 0 100 576 720 546
1309 2 2 0 100 548 567 547
1310 2 2 0 100 567 786 547
1311 2 2 0 100 547 786 777
1312 2 2 0 100 548 568 567
1313 2 2 0 100 548 629 568
1314 2 2 0 100 548 666 629
1315 2 2 0 100 549 741 575
1316 2 2 0 100 635 640 549
1317 2 2 0 100 640 741 549
1318 2 2 0 100 608 610 550
1319 2 2 0 100 610 789 550
1320 2 2 0 100 550 789 618
1321 2 2 0 100 551 614 611
1322 2 2 0 100 551 778 614
1323 2 2 0 100 743 778 551
1324 2 2 0 100 552 797 555
1325 2 2 0 100 703 721 552
1326 2 2 0 100 721 797 552
1327 2 2 0 100 573 805 553
1328 2 2 0 100 553 606 604
1329 2 2 0 100 553 805 606
1330 2 2 0 100 572 578 554
1331 2 2 0 100 554 796 572
1332 2 2 0 100 774 796 554
1333 2 2 0 100 780 783 555
1334 2 2 0 100 555 784 780
1335 2 2 0 100 555 797 784
1336 2 2 0 100 556 619 577
1337 2 2 0 100 572 796 557
1338 2 2 0 100 557 809 765
1339 2 2 0 100 796 809 557
1340 2 2 0 100 558 744 559
1341 2 2 0 100 562 802 558
1342 2 2 0 100 558 802 744
1343 2 2 0 100 559 561 560
1344 2 2 0 100 559 566 561
1345 2 2 0 100 559 744 566
1346 2 2 0 100 561 599 560
1347 2 2 0 100 599 623 560
1348 2 2 0 100 623 624 560
1349 2 2 0 100 566 791 561
1350 2 2 0 100 561 600 599
1351 2 2 0 100 561 791 600
1352 2 2 0 100 694 768 562
1353 2 2 0 100 761 802 562
1354 2 2 0 100 563 569 564
1355 2 2 0 100 569 621 564
1356 2 2 0 100 621 622 564
1357 2 2 0 100 622 701 564
1358 2 2 0 100 565 766 570
1359 2 2 0 100 565 800 766
1360 2 2 0 100 744 790 566
1361 2 2 0 100 566 790 788
1362 2 2 0 100 568 571 567
1363 2 2 0 100 568 621 571
1364 2 2 0 100 568 622 621
1365 2 2 0 100 568 629 622
1366 2 2 0 100 569 806 621
1367 2 2 0 100 751 806 569
1368 2 2 0 100 570 771 633
1369 2 2 0 100 621 806 571
1370 2 2 0 100 572 735 578
1371 2 2 0 100 770 805 573
1372 2 2 0 100 575 795 576
1373 2 2 0 100 576 722 720
1374 2 2 0 100 576 723 722
1375 2 2 0 100 576 795 723
1376 2 2 0 100 619 769 577
1377 2 2 0 100 579 736 584
1378 2 2 0 100 735 736 579
1379 2 2 0 100 593 727 580
1380 2 2 0 100 580 727 594
1381 2 2 0 100 582 730 583
1382 2 2 0 100 584 730 582
1383 2 2 0 100 583 587 585
1384 2 2 0 100 583 734 587
1385 2 2 0 100 730 734 583
1386 2 2 0 100 585 587 586
1387 2 2 0 100 587 588 586
1388 2 2 0 100 588 589 586
1389 2 2 0 100 589 728 586
1390 2 2 0 100 587 731 588
1391 2 2 0 100 587 734 731
1392 2 2 0 100 588 590 589
1393 2 2 0 100 588 733 590
1394 2 2 0 100 731 733 588
1395 2 2 0 100 590 729 589
1396 2 2 0 100 668 728 589
1397 2 2 0 100 589 729 668
1398 2 2 0 100 590 733 732
1399 2 2 0 100 592 725 591
1400 2 2 0 100 591 725 593
1401 2 2 0 100 595 596 592
1402 2 2 0 100 596 597 592
1403 2 2 0 100 597 725 592
1404 2 2 0 100 595 598 596
1405 2 2 0 100 596 724 597
1406 2 2 0 100 597 726 725
1407 2 2 0 100 600 601 599
1408 2 2 0 100 600 602 601
1409 2 2 0 100 600 794 602
1410 2 2 0 100 791 794 600
1411 2 2 0 100 602 687 601
1412 2 2 0 100 687 711 601
1413 2 2 0 100 602 719 687
1414 2 2 0 100 603 691 690
1415 2 2 0 100 604 606 605
1416 2 2 0 100 606 607 605
1417 2 2 0 100 607 768 605
1418 2 2 0 100 605 768 694
1419 2 2 0 100 606 773 607
1420 2 2 0 100 773 803 607
1421 2 2 0 100 609 610 608
1422 2 2 0 100 609 792 610
1423 2 2 0 100 687 719 609
1424 2 2 0 100 719 792 609
1425 2 2 0 100 610 792 756
1426 2 2 0 100 612 737 613
1427 2 2 0 100 612 745 737
1428 2 2 0 100 637 663 613
1429 2 2 0 100 613 737 637
1430 2 2 0 100 663 664 613
1431 2 2 0 100 616 631 615
1432 2 2 0 100 616 634 631
1433 2 2 0 100 616 645 634
1434 2 2 0 100 642 645 616
1435 2 2 0 100 689 695 617
1436 2 2 0 100 695 716 617
1437 2 2 0 100 618 789 750
1438 2 2 0 100 628 630 620
1439 2 2 0 100 629 660 622
1440 2 2 0 100 660 701 622
1441 2 2 0 100 626 783 746
1442 2 2 0 100 650 692 627
1443 2 2 0 100 627 692 674
1444 2 2 0 100 628 683 630
1445 2 2 0 100 636 640 635
1446 2 2 0 100 637 638 636
1447 2 2 0 100 638 639 636
1448 2 2 0 100 639 640 636
1449 2 2 0 100 637 737 638
1450 2 2 0 100 638 772 639
1451 2 2 0 100 772 807 639
1452 2 2 0 100 666 688 641
1453 2 2 0 100 644 673 669
1454 2 2 0 100 646 692 652
1455 2 2 0 100 652 704 646
1456 2 2 0 100 652 692 650
1457 2 2 0 100 651 734 730
1458 2 2 0 100 652 707 704
1459 2 2 0 100 655 658 654
1460 2 2 0 100 656 657 655
1461 2 2 0 100 656 779 657
1462 2 2 0 100 659 740 656
1463 2 2 0 100 740 779 656
1464 2 2 0 100 658 754 742
1465 2 2 0 100 722 740 659
1466 2 2 0 100 661 713 706
1467 2 2 0 100 673 705 669
1468 2 2 0 100 672 733 731
1469 2 2 0 100 676 678 675
1470 2 2 0 100 675 678 677
1471 2 2 0 100 676 679 678
1472 2 2 0 100 676 680 679
1473 2 2 0 100 676 685 680
1474 2 2 0 100 678 739 677
1475 2 2 0 100 677 721 703
1476 2 2 0 100 677 739 721
1477 2 2 0 100 679 785 678
1478 2 2 0 100 678 785 739
1479 2 2 0 100 680 782 679
1480 2 2 0 100 679 764 763
1481 2 2 0 100 763 785 679
1482 2 2 0 100 679 782 764
1483 2 2 0 100 686 782 680
1484 2 2 0 100 746 799 682
1485 2 2 0 100 712 801 686
1486 2 2 0 100 686 801 757
1487 2 2 0 100 698 699 697
1488 2 2 0 100 698 808 699
1489 2 2 0 100 747 753 698
1490 2 2 0 100 698 793 747
1491 2 2 0 100 753 808 698
1492 2 2 0 100 699 738 700
1493 2 2 0 100 699 808 738
1494 2 2 0 100 738 743 700
1495 2 2 0 100 776 801 712
1496 2 2 0 100 739 758 721
1497 2 2 0 100 723 740 722
1498 2 2 0 100 760 775 723
1499 2 2 0 100 723 795 760
1500 2 2 0 100 748 776 771
1501 2 2 0 100 752 794 791
1502 2 2 0 100 777 786 759
1503 2 2 0 100 765 809 762
1504 2 2 0 101 2 923 86
1505 2 2 0 101 160 923 2
1506 2 2 0 101 122 926 3
1507 2 2 0 101 3 926 163
1508 2 2 0 101 4 924 162
1509 2 2 0 101 166 924 4
1510 2 2 0 101 165 925 5
1511 2 2 0 101 5 925 202
1512 2 2 0 101 86 826 87
1513 2 2 0 101 86 923 826
1514 2 2 0 101 87 843 88
1515 2 2 0 101 826 843 87
1516 2 2 0 101 88 815 89
1517 2 2 0 101 88 843 815
1518 2 2 0 101 89 865 90
1519 2 2 0 101 815 865 89
1520 2 2 0 101 90 841 91
1521 2 2 0 101 90 865 841
1522 2 2 0 101 91 873 92
1523 2 2 0 101 841 873 91
1524 2 2 0 101 92 823 93
1525 2 2 0 101 92 873 823
1526 2 2 0 101 93 872 94
1527 2 2 0 101 823 872 93
1528 2 2 0 101 94 861 95
1529 2 2 0 101 94 872 861
1530 2 2 0 101 95 821 96
1531 2 2 0 101 95 861 821
1532 2 2 0 101 96 890 97
1533 2 2 0 101 821 890 96
1534 2 2 0 101 97 920 98
1535 2 2 0 101 890 920 97
1536 2 2 0 101 98 836 99
1537 2 2 0 101 98 920 836
1538 2 2 0 101 99 875 100
1539 2 2 0 101 836 875 99
1540 2 2 0 101 100 837 101
1541 2 2 0 101 100 875 837
1542 2 2 0 101 101 853 102
1543 2 2 0 101 837 853 101
1544 2 2 0 101 102 854 103
1545 2 2 0 101 853 854 102
1546 2 2 0 101 103 814 104
1547 2 2 0 101 103 854 814
1548 2 2 0 101 104 849 105
1549 2 2 0 101 814 849 104
1550 2 2 0 101 105 850 106
1551 2 2 0 101 849 850 105
1552 2 2 0 101 106 818 107
1553 2 2 0 101 106 850 818
1554 2 2 0 101 107 871 108
1555 2 2 0 101 818 871 107
1556 2 2 0 101 108 810 109
1557 2 2 0 101 108 871 810
1558 2 2 0 101 109 847 110
1559 2 2 0 101 810 847 109
1560 2 2 0 101 110 840 111
1561 2 2 0 101 110 847 840
1562 2 2 0 101 111 869 112
1563 2 2 0 101 840 869 111
1564 2 2 0 101 112 817 113
1565 2 2 0 101 112 869 817
1566 2 2 0 101 113 852 114
1567 2 2 0 101 817 852 113
1568 2 2 0 101 114 813 115
1569 2 2 0 101 114 852 813
1570 2 2 0 101 115 866 116
1571 2 2 0 101 813 866 115
1572 2 2 0 101 116 811 117
1573 2 2 0 101 116 866 811
1574 2 2 0 101 117 863 118
1575 2 2 0 101 811 863 117
1576 2 2 0 101 118 820 119
1577 2 2 0 101 118 863 820
1578 2 2 0 101 119 862 120
1579 2 2 0 101 820 862 119
1580 2 2 0 101 120 816 121
1581 2 2 0 101 120 862 816
1582 2 2 0 101 121 882 122
1583 2 2 0 101 816 882 121
1584 2 2 0 101 882 926 122
1585 2 2 0 101 161 878 160
1586 2 2 0 101 878 923 160
1587 2 2 0 101 162 838 161
1588 2 2 0 101 838 878 161
1589 2 2 0 101 162 924 838
1590 2 2 0 101 163 839 164
1591 2 2 0 101 163 926 839
1592 2 2 0 101 164 881 165
1593 2 2 0 101 839 881 164
1594 2 2 0 101 881 925 165
1595 2 2 0 101 167 879 166
1596 2 2 0 101 879 924 166
1597 2 2 0 101 168 832 167
1598 2 2 0 101 832 879 167
1599 2 2 0 101 169 845 168
1600 2 2 0 101 168 845 832
1601 2 2 0 101 170 846 169
1602 2 2 0 101 169 846 845
1603 2 2 0 101 171 822 170
1604 2 2 0 101 822 846 170
1605 2 2 0 101 172 867 171
1606 2 2 0 101 171 867 822
1607 2 2 0 101 173 842 172
1608 2 2 0 101 842 867 172
1609 2 2 0 101 174 874 173
1610 2 2 0 101 173 874 842
1611 2 2 0 101 175 835 174
1612 2 2 0 101 835 874 174
1613 2 2 0 101 176 876 175
1614 2 2 0 101 175 876 835
1615 2 2 0 101 177 859 176
1616 2 2 0 101 859 876 176
1617 2 2 0 101 178 825 177
1618 2 2 0 101 825 859 177
1619 2 2 0 101 179 870 178
1620 2 2 0 101 178 870 825
1621 2 2 0 101 180 824 179
1622 2 2 0 101 824 870 179
1623 2 2 0 101 181 856 180
1624 2 2 0 101 180 856 824
1625 2 2 0 101 182 819 181
1626 2 2 0 101 819 856 181
1627 2 2 0 101 183 891 182
1628 2 2 0 101 182 891 819
1629 2 2 0 101 184 887 183
1630 2 2 0 101 887 891 183
1631 2 2 0 101 185 827 184
1632 2 2 0 101 827 887 184
1633 2 2 0 101 186 892 185
1634 2 2 0 101 185 892 827
1635 2 2 0 101 187 886 186
1636 2 2 0 101 886 892 186
1637 2 2 0 101 188 833 187
1638 2 2 0 101 833 886 187
1639 2 2 0 101 189 888 188
1640 2 2 0 101 188 888 833
1641 2 2 0 101 190 913 189
1642 2 2 0 101 189 913 888
1643 2 2 0 101 191 812 190
1644 2 2 0 101 812 913 190
1645 2 2 0 101 192 877 191
1646 2 2 0 101 191 877 812
1647 2 2 0 101 193 864 192
1648 2 2 0 101 864 877 192
1649 2 2 0 101 194 829 193
1650 2 2 0 101 829 864 193
1651 2 2 0 101 195 858 194
1652 2 2 0 101 194 858 829
1653 2 2 0 101 196 830 195
1654 2 2 0 101 830 858 195
1655 2 2 0 101 197 857 196
1656 2 2 0 101 196 857 830
1657 2 2 0 101 198 834 197
1658 2 2 0 101 834 857 197
1659 2 2 0 101 199 868 198
1660 2 2 0 101 198 868 834
1661 2 2 0 101 200 831 199
1662 2 2 0 101 831 868 199
1663 2 2 0 101 201 844 200
1664 2 2 0 101 200 844 831
1665 2 2 0 101 202 828 201
1666 2 2 0 101 828 844 201
1667 2 2 0 101 202 925 828
1668 2 2 0 101 810 848 847
1669 2 2 0 101 810 914 848
1670 2 2 0 101 871 914 810
1671 2 2 0 101 811 897 863
1672 2 2 0 101 866 899 811
1673 2 2 0 101 811 899 897
1674 2 2 0 101 877 903 812
1675 2 2 0 101 812 903 885
1676 2 2 0 101 885 913 812
1677 2 2 0 101 852 900 813
1678 2 2 0 101 813 902 866
1679 2 2 0 101 900 902 813
1680 2 2 0 101 814 919 849
1681 2 2 0 101 854 855 814
1682 2 2 0 101 855 919 814
1683 2 2 0 101 843 884 815
1684 2 2 0 101 815 894 865
1685 2 2 0 101 884 894 815
1686 2 2 0 101 862 893 816
1687 2 2 0 101 816 883 882
1688 2 2 0 101 816 893 883
1689 2 2 0 101 817 901 852
1690 2 2 0 101 869 912 817
1691 2 2 0 101 817 912 901
1692 2 2 0 101 850 851 818
1693 2 2 0 101 851 918 818
1694 2 2 0 101 818 918 871
1695 2 2 0 101 819 905 856
1696 2 2 0 101 891 916 819
1697 2 2 0 101 819 916 905
1698 2 2 0 101 820 896 862
1699 2 2 0 101 863 904 820
1700 2 2 0 101 820 904 896
1701 2 2 0 101 861 906 821
1702 2 2 0 101 821 917 890
1703 2 2 0 101 906 917 821
1704 2 2 0 101 822 895 846
1705 2 2 0 101 867 909 822
1706 2 2 0 101 822 909 895
1707 2 2 0 101 823 910 872
1708 2 2 0 101 873 907 823
1709 2 2 0 101 907 910 823
1710 2 2 0 101 856 911 824
1711 2 2 0 101 824 908 870
1712 2 2 0 101 824 911 908
1713 2 2 0 101 825 860 859
1714 2 2 0 101 825 889 860
1715 2 2 0 101 870 889 825
1716 2 2 0 101 826 880 843
1717 2 2 0 101 878 921 826
1718 2 2 0 101 826 923 878
1719 2 2 0 101 826 921 880
1720 2 2 0 101 827 919 887
1721 2 2 0 101 892 915 827
1722 2 2 0 101 915 919 827
1723 2 2 0 101 828 883 844
1724 2 2 0 101 881 922 828
1725 2 2 0 101 828 925 881
1726 2 2 0 101 828 922 883
1727 2 2 0 101 858 900 829
1728 2 2 0 101 829 901 864
1729 2 2 0 101 900 901 829
1730 2 2 0 101 857 899 830
1731 2 2 0 101 830 902 858
1732 2 2 0 101 899 902 830
1733 2 2 0 101 844 893 831
1734 2 2 0 101 831 896 868
1735 2 2 0 101 893 896 831
1736 2 2 0 101 845 884 832
1737 2 2 0 101 832 880 879
1738 2 2 0 101 832 884 880
1739 2 2 0 101 833 918 886
1740 2 2 0 101 888 914 833
1741 2 2 0 101 914 918 833
1742 2 2 0 101 834 897 857
1743 2 2 0 101 868 904 834
1744 2 2 0 101 834 904 897
1745 2 2 0 101 835 898 874
1746 2 2 0 101 876 906 835
1747 2 2 0 101 835 906 898
1748 2 2 0 101 836 908 875
1749 2 2 0 101 889 908 836
1750 2 2 0 101 836 920 889
1751 2 2 0 101 837 905 853
1752 2 2 0 101 875 911 837
1753 2 2 0 101 837 911 905
1754 2 2 0 101 838 921 878
1755 2 2 0 101 879 921 838
1756 2 2 0 101 838 924 879
1757 2 2 0 101 839 922 881
1758 2 2 0 101 882 922 839
1759 2 2 0 101 839 926 882
1760 2 2 0 101 847 885 840
1761 2 2 0 101 840 903 869
1762 2 2 0 101 885 903 840
1763 2 2 0 101 865 895 841
1764 2 2 0 101 841 909 873
1765 2 2 0 101 895 909 841
1766 2 2 0 101 842 907 867
1767 2 2 0 101 874 910 842
1768 2 2 0 101 842 910 907
1769 2 2 0 101 880 884 843
1770 2 2 0 101 883 893 844
1771 2 2 0 101 846 894 845
1772 2 2 0 101 845 894 884
1773 2 2 0 101 846 895 894
1774 2 2 0 101 848 885 847
1775 2 2 0 101 848 913 885
1776 2 2 0 101 888 913 848
1777 2 2 0 101 848 914 888
1778 2 2 0 101 849 915 850
1779 2 2 0 101 849 919 915
1780 2 2 0 101 850 915 851
1781 2 2 0 101 851 892 886
1782 2 2 0 101 886 918 851
1783 2 2 0 101 851 915 892
1784 2 2 0 101 852 901 900
1785 2 2 0 101 853 916 854
1786 2 2 0 101 905 916 853
1787 2 2 0 101 854 916 855
1788 2 2 0 101 855 891 887
1789 2 2 0 101 887 919 855
1790 2 2 0 101 855 916 891
1791 2 2 0 101 905 911 856
1792 2 2 0 101 897 899 857
1793 2 2 0 101 858 902 900
1794 2 2 0 101 860 917 859
1795 2 2 0 101 859 917 876
1796 2 2 0 101 889 920 860
1797 2 2 0 101 890 917 860
1798 2 2 0 101 860 920 890
1799 2 2 0 101 872 898 861
1800 2 2 0 101 898 906 861
1801 2 2 0 101 862 896 893
1802 2 2 0 101 897 904 863
1803 2 2 0 101 864 912 877
1804 2 2 0 101 901 912 864
1805 2 2 0 101 894 895 865
1806 2 2 0 101 866 902 899
1807 2 2 0 101 907 909 867
1808 2 2 0 101 896 904 868
1809 2 2 0 101 903 912 869
1810 2 2 0 101 870 908 889
1811 2 2 0 101 871 918 914
1812 2 2 0 101 872 910 898
1813 2 2 0 101 873 909 907
1814 2 2 0 101 898 910 874
1815 2 2 0 101 908 911 875
1816 2 2 0 101 876 917 906
1817 2 2 0 101 877 912 903
1818 2 2 0 101 880 921 879
1819 2 2 0 101 883 922 882
1820 2 2 0 102 159 1041 2
1821 2 2 0 102 2 1041 160
1822 2 2 0 102 3 1040 123
1823 2 2 0 102 163 1040 3
1824 2 2 0 102 162 1042 4
1825 2 2 0 102 4 1042 239
1826 2 2 0 102 5 1043 165
1827 2 2 0 102 203 1043 5
1828 2 2 0 102 123 941 124
1829 2 2 0 102 123 1040 941
1830 2 2 0 102 124 962 125
1831 2 2 0 102 941 962 124
1832 2 2 0 102 125 937 126
1833 2 2 0 102 125 962 937
1834 2 2 0 102 126 1033 127
1835 2 2 0 102 937 1033 126
1836 2 2 0 102 127 1004 128
1837 2 2 0 102 127 1033 1004
1838 2 2 0 102 128 934 129
1839 2 2 0 102 128 1004 934
1840 2 2 0 102 129 984 130
1841 2 2 0 102 934 984 129
1842 2 2 0 102 130 986 131
1843 2 2 0 102 984 986 130
1844 2 2 0 102 131 955 132
1845 2 2 0 102 131 986 955
1846 2 2 0 102 132 1035 133
1847 2 2 0 102 955 1035 132
1848 2 2 0 102 133 1008 134
1849 2 2 0 102 133 1035 1008
1850 2 2 0 102 134 954 135
1851 2 2 0 102 134 1008 954
1852 2 2 0 102 135 987 136
1853 2 2 0 102 954 987 135
1854 2 2 0 102 136 953 137
1855 2 2 0 102 136 987 953
1856 2 2 0 102 137 977 138
1857 2 2 0 102 953 977 137
1858 2 2 0 102 138 936 139
1859 2 2 0 102 138 977 936
1860 2 2 0 102 139 980 140
1861 2 2 0 102 936 980 139
1862 2 2 0 102 140 929 141
1863 2 2 0 102 140 980 929
1864 2 2 0 102 141 981 142
1865 2 2 0 102 929 981 141
1866 2 2 0 102 142 982 143
1867 2 2 0 102 981 982 142
1868 2 2 0 102 143 935 144
1869 2 2 0 102 143 982 935
1870 2 2 0 102 144 992 145
1871 2 2 0 102 935 992 144
1872 2 2 0 102 145 959 146
1873 2 2 0 102 145 992 959
1874 2 2 0 102 146 976 147
1875 2 2 0 102 959 976 146
1876 2 2 0 102 147 927 148
1877 2 2 0 102 147 976 927
1878 2 2 0 102 148 969 149
1879 2 2 0 102 927 969 148
1880 2 2 0 102 149 968 150
1881 2 2 0 102 149 969 968
1882 2 2 0 102 150 948 151
1883 2 2 0 102 150 968 948
1884 2 2 0 102 151 967 152
1885 2 2 0 102 948 967 151
1886 2 2 0 102 152 931 153
1887 2 2 0 102 152 967 931
1888 2 2 0 102 153 974 154
1889 2 2 0 102 931 974 153
1890 2 2 0 102 154 928 155
1891 2 2 0 102 154 974 928
1892 2 2 0 102 155 989 156
1893 2 2 0 102 928 989 155
1894 2 2 0 102 156 933 157
1895 2 2 0 102 156 989 933
1896 2 2 0 102 157 961 158
1897 2 2 0 102 933 961 157
1898 2 2 0 102 158 942 159
1899 2 2 0 102 158 961 942
1900 2 2 0 102 942 1041 159
1901 2 2 0 102 160 997 161
1902 2 2 0 102 160 1041 997
1903 2 2 0 102 161 957 162
1904 2 2 0 102 161 997 957
1905 2 2 0 102 957 1042 162
1906 2 2 0 102 164 996 163
1907 2 2 0 102 996 1040 163
1908 2 2 0 102 165 956 164
1909 2 2 0 102 956 996 164
1910 2 2 0 102 165 1043 956
1911 2 2 0 102 204 998 203
1912 2 2 0 102 998 1043 203
1913 2 2 0 102 205 951 204
1914 2 2 0 102 951 998 204
1915 2 2 0 102 206 963 205
1916 2 2 0 102 205 963 951
1917 2 2 0 102 207 965 206
1918 2 2 0 102 206 965 963
1919 2 2 0 102 208 949 207
1920 2 2 0 102 949 965 207
1921 2 2 0 102 209 1007 208
1922 2 2 0 102 208 1007 949
1923 2 2 0 102 210 1034 209
1924 2 2 0 102 209 1034 1007
1925 2 2 0 102 211 940 210
1926 2 2 0 102 940 1034 210
1927 2 2 0 102 212 995 211
1928 2 2 0 102 211 995 940
1929 2 2 0 102 213 939 212
1930 2 2 0 102 939 995 212
1931 2 2 0 102 214 990 213
1932 2 2 0 102 213 990 939
1933 2 2 0 102 215 993 214
1934 2 2 0 102 214 993 990
1935 2 2 0 102 216 938 215
1936 2 2 0 102 938 993 215
1937 2 2 0 102 217 972 216
1938 2 2 0 102 216 972 938
1939 2 2 0 102 218 950 217
1940 2 2 0 102 950 972 217
1941 2 2 0 102 219 975 218
1942 2 2 0 102 218 975 950
1943 2 2 0 102 220 947 219
1944 2 2 0 102 947 975 219
1945 2 2 0 102 221 978 220
1946 2 2 0 102 220 978 947
1947 2 2 0 102 222 943 221
1948 2 2 0 102 943 978 221
1949 2 2 0 102 223 988 222
1950 2 2 0 102 222 988 943
1951 2 2 0 102 224 960 223
1952 2 2 0 102 960 988 223
1953 2 2 0 102 225 994 224
1954 2 2 0 102 224 994 960
1955 2 2 0 102 226 932 225
1956 2 2 0 102 932 994 225
1957 2 2 0 102 227 970 226
1958 2 2 0 102 226 970 932
1959 2 2 0 102 228 958 227
1960 2 2 0 102 958 970 227
1961 2 2 0 102 229 971 228
1962 2 2 0 102 228 971 958
1963 2 2 0 102 230 930 229
1964 2 2 0 102 930 971 229
1965 2 2 0 102 231 979 230
1966 2 2 0 102 230 979 930
1967 2 2 0 102 232 946 231
1968 2 2 0 102 946 979 231
1969 2 2 0 102 233 983 232
1970 2 2 0 102 232 983 946
1971 2 2 0 102 234 945 233
1972 2 2 0 102 945 983 233
1973 2 2 0 102 235 973 234
1974 2 2 0 102 234 973 945
1975 2 2 0 102 236 944 235
1976 2 2 0 102 944 973 235
1977 2 2 0 102 237 964 236
1978 2 2 0 102 236 964 944
1979 2 2 0 102 238 952 237
1980 2 2 0 102 952 964 237
1981 2 2 0 102 239 1000 238
1982 2 2 0 102 238 1000 952
1983 2 2 0 102 239 1042 1000
1984 2 2 0 102 927 1015 969
1985 2 2 0 102 976 1012 927
1986 2 2 0 102 1012 1015 927
1987 2 2 0 102 974 1030 928
1988 2 2 0 102 928 1031 989
1989 2 2 0 102 1030 1031 928
1990 2 2 0 102 980 1023 929
1991 2 2 0 102 929 1017 981
1992 2 2 0 102 929 1023 1017
1993 2 2 0 102 930 1016 971
1994 2 2 0 102 979 1018 930
1995 2 2 0 102 930 1018 1016
1996 2 2 0 102 967 1032 931
1997 2 2 0 102 931 1029 974
1998 2 2 0 102 931 1032 1029
1999 2 2 0 102 970 1027 932
2000 2 2 0 102 932 1013 994
2001 2 2 0 102 932 1027 1013
2002 2 2 0 102 933 1003 961
2003 2 2 0 102 989 1010 933
2004 2 2 0 102 933 1010 1003
2005 2 2 0 102 934 985 984
2006 2 2 0 102 934 1037 985
2007 2 2 0 102 1004 1037 934
2008 2 2 0 102 982 1011 935
2009 2 2 0 102 935 1026 992
2010 2 2 0 102 1011 1026 935
2011 2 2 0 102 977 1024 936
2012 2 2 0 102 936 1022 980
2013 2 2 0 102 936 1024 1022
2014 2 2 0 102 962 1002 937
2015 2 2 0 102 1002 1005 937
2016 2 2 0 102 1005 1033 937
2017 2 2 0 102 972 1020 938
2018 2 2 0 102 938 1014 993
2019 2 2 0 102 938 1020 1014
2020 2 2 0 102 990 991 939
2021 2 2 0 102 991 1009 939
2022 2 2 0 102 939 1009 995
2023 2 2 0 102 995 1021 940
2024 2 2 0 102 940 1021 1006
2025 2 2 0 102 1006 1034 940
2026 2 2 0 102 941 999 962
2027 2 2 0 102 996 1039 941
2028 2 2 0 102 941 1040 996
2029 2 2 0 102 941 1039 999
2030 2 2 0 102 961 1001 942
2031 2 2 0 102 942 1038 997
2032 2 2 0 102 997 1041 942
2033 2 2 0 102 1001 1038 942
2034 2 2 0 102 943 1017 978
2035 2 2 0 102 988 1028 943
2036 2 2 0 102 943 1028 1017
2037 2 2 0 102 964 1010 944
2038 2 2 0 102 944 1031 973
2039 2 2 0 102 1010 1031 944
2040 2 2 0 102 973 1030 945
2041 2 2 0 102 945 1029 983
2042 2 2 0 102 945 1030 1029
2043 2 2 0 102 946 1019 979
2044 2 2 0 102 983 1032 946
2045 2 2 0 102 946 1032 1019
2046 2 2 0 102 947 1022 975
2047 2 2 0 102 978 1023 947
2048 2 2 0 102 947 1023 1022
2049 2 2 0 102 948 1019 967
2050 2 2 0 102 968 1018 948
2051 2 2 0 102 1018 1019 948
2052 2 2 0 102 949 966 965
2053 2 2 0 102 949 1037 966
2054 2 2 0 102 1007 1037 949
2055 2 2 0 102 950 1025 972
2056 2 2 0 102 975 1024 950
2057 2 2 0 102 1024 1025 950
2058 2 2 0 102 963 1002 951
2059 2 2 0 102 951 999 998
2060 2 2 0 102 951 1002 999
2061 2 2 0 102 952 1003 964
2062 2 2 0 102 1000 1001 952
2063 2 2 0 102 1001 1003 952
2064 2 2 0 102 953 1025 977
2065 2 2 0 102 987 1020 953
2066 2 2 0 102 1020 1025 953
2067 2 2 0 102 954 1014 987
2068 2 2 0 102 1008 1036 954
2069 2 2 0 102 954 1036 1014
2070 2 2 0 102 986 1021 955
2071 2 2 0 102 955 1021 1009
2072 2 2 0 102 1009 1035 955
2073 2 2 0 102 956 1039 996
2074 2 2 0 102 998 1039 956
2075 2 2 0 102 956 1043 998
2076 2 2 0 102 997 1038 957
2077 2 2 0 102 957 1038 1000
2078 2 2 0 102 1000 1042 957
2079 2 2 0 102 958 1012 970
2080 2 2 0 102 971 1015 958
2081 2 2 0 102 958 1015 1012
2082 2 2 0 102 959 1027 976
2083 2 2 0 102 992 1013 959
2084 2 2 0 102 1013 1027 959
2085 2 2 0 102 960 1011 988
2086 2 2 0 102 994 1026 960
2087 2 2 0 102 960 1026 1011
2088 2 2 0 102 961 1003 1001
2089 2 2 0 102 999 1002 962
2090 2 2 0 102 965 1005 963
2091 2 2 0 102 963 1005 1002
2092 2 2 0 102 1003 1010 964
2093 2 2 0 102 966 1005 965
2094 2 2 0 102 1004 1033 966
2095 2 2 0 102 966 1037 1004
2096 2 2 0 102 966 1033 1005
2097 2 2 0 102 1019 1032 967
2098 2 2 0 102 969 1016 968
2099 2 2 0 102 1016 1018 968
2100 2 2 0 102 1015 1016 969
2101 2 2 0 102 1012 1027 970
2102 2 2 0 102 971 1016 1015
2103 2 2 0 102 972 1025 1020
2104 2 2 0 102 973 1031 1030
2105 2 2 0 102 1029 1030 974
2106 2 2 0 102 1022 1024 975
2107 2 2 0 102 976 1027 1012
2108 2 2 0 102 977 1025 1024
2109 2 2 0 102 1017 1023 978
2110 2 2 0 102 979 1019 1018
2111 2 2 0 102 1022 1023 980
2112 2 2 0 102 981 1028 982
2113 2 2 0 102 1017 1028 981
2114 2 2 0 102 982 1028 1011
2115 2 2 0 102 1029 1032 983
2116 2 2 0 102 985 1006 984
2117 2 2 0 102 984 1006 986
2118 2 2 0 102 985 1034 1006
2119 2 2 0 102 1007 1034 985
2120 2 2 0 102 985 1037 1007
2121 2 2 0 102 1006 1021 986
2122 2 2 0 102 1014 1020 987
2123 2 2 0 102 1011 1028 988
2124 2 2 0 102 989 1031 1010
2125 2 2 0 102 990 1036 991
2126 2 2 0 102 993 1036 990
2127 2 2 0 102 1008 1035 991
2128 2 2 0 102 991 1036 1008
2129 2 2 0 102 991 1035 1009
2130 2 2 0 102 992 1026 1013
2131 2 2 0 102 1014 1036 993
2132 2 2 0 102 1013 1026 994
2133 2 2 0 102 1009 1021 995
2134 2 2 0 102 999 1039 998
2135 2 2 0 102 1000 1038 1001
2136 2 2 0 103 166 4 1052
2137 2 2 0 103 4 239 1507
2138 2 2 0 103 1052 4 1507
2139 2 2 0 103 5 202 1497
2140 2 2 0 103 203 5 1053
2141 2 2 0 103 1053 5 1497
2142 2 2 0 103 167 166 1502
2143 2 2 0 103 166 1052 1502
2144 2 2 0 103 168 167 1067
2145 2 2 0 103 1067 167 1502
2146 2 2 0 103 169 168 1528
2147 2 2 0 103 168 1067 1528
2148 2 2 0 103 170 169 1524
2149 2 2 0 103 1524 169 1528
2150 2 2 0 103 171 170 1047
2151 2 2 0 103 1047 170 1524
2152 2 2 0 103 172 171 1543
2153 2 2 0 103 171 1047 1543
2154 2 2 0 103 173 172 1426
2155 2 2 0 103 1426 172 1543
2156 2 2 0 103 174 173 1072
2157 2 2 0 103 1072 173 1426
2158 2 2 0 103 175 174 1514
2159 2 2 0 103 174 1072 1514
2160 2 2 0 103 176 175 1055
2161 2 2 0 103 1055 175 1514
2162 2 2 0 103 177 176 1517
2163 2 2 0 103 176 1055 1517
2164 2 2 0 103 178 177 1547
2165 2 2 0 103 177 1517 1547
2166 2 2 0 103 179 178 1075
2167 2 2 0 103 1075 178 1547
2168 2 2 0 103 180 179 1505
2169 2 2 0 103 179 1075 1505
2170 2 2 0 103 181 180 1050
2171 2 2 0 103 1050 180 1505
2172 2 2 0 103 182 181 1534
2173 2 2 0 103 181 1050 1534
2174 2 2 0 103 183 182 1532
2175 2 2 0 103 1532 182 1534
2176 2 2 0 103 184 183 1065
2177 2 2 0 103 1065 183 1532
2178 2 2 0 103 185 184 1496
2179 2 2 0 103 184 1065 1496
2180 2 2 0 103 186 185 1059
2181 2 2 0 103 1059 185 1496
2182 2 2 0 103 187 186 1493
2183 2 2 0 103 186 1059 1493
2184 2 2 0 103 188 187 1068
2185 2 2 0 103 1068 187 1493
2186 2 2 0 103 189 188 1500
2187 2 2 0 103 188 1068 1500
2188 2 2 0 103 190 189 1044
2189 2 2 0 103 1044 189 1500
2190 2 2 0 103 191 190 1494
2191 2 2 0 103 190 1044 1494
2192 2 2 0 103 192 191 1060
2193 2 2 0 103 1060 191 1494
2194 2 2 0 103 193 192 1542
2195 2 2 0 103 192 1060 1542
2196 2 2 0 103 194 193 1057
2197 2 2 0 103 1057 193 1542
2198 2 2 0 103 195 194 1499
2199 2 2 0 103 194 1057 1499
2200 2 2 0 103 196 195 1061
2201 2 2 0 103 1061 195 1499
2202 2 2 0 103 197 196 1076
2203 2 2 0 103 196 1061 1076
2204 2 2 0 103 198 197 1518
2205 2 2 0 103 197 1076 1518
2206 2 2 0 103 199 198 1051
2207 2 2 0 103 1051 198 1518
2208 2 2 0 103 200 199 1506
2209 2 2 0 103 199 1051 1506
2210 2 2 0 103 201 200 1071
2211 2 2 0 103 1071 200 1506
2212 2 2 0 103 202 201 1491
2213 2 2 0 103 201 1071 1491
2214 2 2 0 103 202 1491 1497
2215 2 2 0 103 204 203 1525
2216 2 2 0 103 203 1053 1525
2217 2 2 0 103 205 204 1069
2218 2 2 0 103 1069 204 1525
2219 2 2 0 103 206 205 1522
2220 2 2 0 103 205 1069 1522
2221 2 2 0 103 207 206 1358
2222 2 2 0 103 1358 206 1522
2223 2 2 0 103 208 207 1046
2224 2 2 0 103 1046 207 1358
2225 2 2 0 103 209 208 1489
2226 2 2 0 103 208 1046 1489
2227 2 2 0 103 210 209 1073
2228 2 2 0 103 1073 209 1489
2229 2 2 0 103 211 210 1516
2230 2 2 0 103 210 1073 1516
2231 2 2 0 103 212 211 1551
2232 2 2 0 103 211 1516 1551
2233 2 2 0 103 213 212 1054
2234 2 2 0 103 1054 212 1551
2235 2 2 0 103 214 213 1531
2236 2 2 0 103 213 1054 1531
2237 2 2 0 103 215 214 1074
2238 2 2 0 103 1074 214 1531
2239 2 2 0 103 216 215 1504
2240 2 2 0 103 215 1074 1504
2241 2 2 0 103 217 216 1519
2242 2 2 0 103 216 1504 1519
2243 2 2 0 103 218 217 1049
2244 2 2 0 103 1049 217 1519
2245 2 2 0 103 219 218 1523
2246 2 2 0 103 218 1049 1523
2247 2 2 0 103 220 219 1401
2248 2 2 0 103 1401 219 1523
2249 2 2 0 103 221 220 1062
2250 2 2 0 103 1062 220 1401
2251 2 2 0 103 222 221 1498
2252 2 2 0 103 221 1062 1498
2253 2 2 0 103 223 222 1058
2254 2 2 0 103 1058 222 1498
2255 2 2 0 103 224 223 1548
2256 2 2 0 103 223 1058 1548
2257 2 2 0 103 225 224 1063
2258 2 2 0 103 1063 224 1548
2259 2 2 0 103 226 225 1495
2260 2 2 0 103 225 1063 1495
2261 2 2 0 103 227 226 1045
2262 2 2 0 103 1045 226 1495
2263 2 2 0 103 228 227 1511
2264 2 2 0 103 227 1045 1511
2265 2 2 0 103 229 228 1066
2266 2 2 0 103 1066 228 1511
2267 2 2 0 103 230 229 1503
2268 2 2 0 103 229 1066 1503
2269 2 2 0 103 231 230 1056
2270 2 2 0 103 1056 230 1503
2271 2 2 0 103 232 231 1544
2272 2 2 0 103 231 1056 1544
2273 2 2 0 103 233 232 1510
2274 2 2 0 103 1510 232 1544
2275 2 2 0 103 234 233 1064
2276 2 2 0 103 1064 233 1510
2277 2 2 0 103 235 234 1492
2278 2 2 0 103 234 1064 1492
2279 2 2 0 103 236 235 1048
2280 2 2 0 103 1048 235 1492
2281 2 2 0 103 237 236 1501
2282 2 2 0 103 236 1048 1501
2283 2 2 0 103 238 237 1070
2284 2 2 0 103 1070 237 1501
2285 2 2 0 103 239 238 1508
2286 2 2 0 103 238 1070 1508
2287 2 2 0 103 1507 239 1508
2288 2 2 0 103 1354 1044 1500
2289 2 2 0 103 1044 1354 1533
2290 2 2 0 103 1494 1044 1533
2291 2 2 0 103 1045 1315 1511
2292 2 2 0 103 1315 1045 1550
2293 2 2 0 103 1045 1495 1550
2294 2 2 0 103 1046 1355 1356
2295 2 2 0 103 1355 1046 1358
2296 2 2 0 103 1046 1356 1489
2297 2 2 0 103 1490 1047 1527
2298 2 2 0 103 1047 1490 1543
2299 2 2 0 103 1047 1524 1527
2300 2 2 0 103 1048 1492 1520
2301 2 2 0 103 1501 1048 1545
2302 2 2 0 103 1048 1520 1545
2303 2 2 0 103 1049 1467 1484
2304 2 2 0 103 1467 1049 1519
2305 2 2 0 103 1049 1484 1523
2306 2 2 0 103 1050 1488 1534
2307 2 2 0 103 1488 1050 1546
2308 2 2 0 103 1050 1505 1546
2309 2 2 0 103 1506 1051 1553
2310 2 2 0 103 1051 1518 1540
2311 2 2 0 103 1051 1540 1553
2312 2 2 0 103 1052 1483 1502
2313 2 2 0 103 1483 1052 1529
2314 2 2 0 103 1052 1507 1529
2315 2 2 0 103 1053 1482 1525
2316 2 2 0 103 1482 1053 1552
2317 2 2 0 103 1053 1497 1552
2318 2 2 0 103 1054 1383 1384
2319 2 2 0 103 1383 1054 1551
2320 2 2 0 103 1054 1384 1485
2321 2 2 0 103 1054 1485 1531
2322 2 2 0 103 1055 1350 1517
2323 2 2 0 103 1350 1055 1549
2324 2 2 0 103 1055 1514 1549
2325 2 2 0 103 1309 1056 1521
2326 2 2 0 103 1056 1309 1544
2327 2 2 0 103 1056 1503 1521
2328 2 2 0 103 1057 1363 1513
2329 2 2 0 103 1363 1057 1542
2330 2 2 0 103 1499 1057 1513
2331 2 2 0 103 1318 1058 1486
2332 2 2 0 103 1058 1318 1548
2333 2 2 0 103 1486 1058 1498
2334 2 2 0 103 1059 1346 1463
2335 2 2 0 103 1346 1059 1538
2336 2 2 0 103 1059 1463 1493
2337 2 2 0 103 1059 1496 1538
2338 2 2 0 103 1300 1060 1362
2339 2 2 0 103 1060 1300 1363
2340 2 2 0 103 1362 1060 1494
2341 2 2 0 103 1060 1363 1542
2342 2 2 0 103 1076 1061 1077
2343 2 2 0 103 1077 1061 1078
2344 2 2 0 103 1078 1061 1499
2345 2 2 0 103 1399 1062 1401
2346 2 2 0 103 1062 1399 1402
2347 2 2 0 103 1062 1402 1498
2348 2 2 0 103 1063 1307 1313
2349 2 2 0 103 1307 1063 1318
2350 2 2 0 103 1063 1313 1495
2351 2 2 0 103 1318 1063 1548
2352 2 2 0 103 1314 1064 1510
2353 2 2 0 103 1064 1314 1515
2354 2 2 0 103 1492 1064 1515
2355 2 2 0 103 1310 1065 1532
2356 2 2 0 103 1065 1310 1535
2357 2 2 0 103 1496 1065 1535
2358 2 2 0 103 1311 1066 1315
2359 2 2 0 103 1066 1311 1530
2360 2 2 0 103 1315 1066 1511
2361 2 2 0 103 1503 1066 1530
2362 2 2 0 103 1465 1067 1502
2363 2 2 0 103 1067 1465 1541
2364 2 2 0 103 1528 1067 1541
2365 2 2 0 103 1463 1068 1493
2366 2 2 0 103 1068 1463 1536
2367 2 2 0 103 1500 1068 1536
2368 2 2 0 103 1069 1482 1487
2369 2 2 0 103 1482 1069 1525
2370 2 2 0 103 1069 1487 1522
2371 2 2 0 103 1430 1070 1501
2372 2 2 0 103 1070 1430 1526
2373 2 2 0 103 1508 1070 1526
2374 2 2 0 103 1491 1071 1537
2375 2 2 0 103 1071 1506 1509
2376 2 2 0 103 1071 1509 1537
2377 2 2 0 103 1317 1072 1425
2378 2 2 0 103 1072 1317 1514
2379 2 2 0 103 1425 1072 1426
2380 2 2 0 103 1382 1073 1481
2381 2 2 0 103 1073 1382 1516
2382 2 2 0 103 1481 1073 1489
2383 2 2 0 103 1319 1074 1485
2384 2 2 0 103 1074 1319 1539
2385 2 2 0 103 1485 1074 1531
2386 2 2 0 103 1504 1074 1539
2387 2 2 0 103 1075 1306 1505
2388 2 2 0 103 1306 1075 1512
2389 2 2 0 103 1075 1351 1512
2390 2 2 0 103 1351 1075 1547
2391 2 2 0 103 1076 1077 1298
2392 2 2 0 103 1076 1298 1518
2393 2 2 0 103 1077 1078 1079
2394 2 2 0 103 1077 1079 1322
2395 2 2 0 103 1298 1077 1322
2396 2 2 0 103 1079 1078 1080
2397 2 2 0 103 1080 1078 1513
2398 2 2 0 103 1078 1499 1513
2399 2 2 0 103 1079 1080 1081
2400 2 2 0 103 1079 1081 1082
2401 2 2 0 103 1079 1082 1322
2402 2 2 0 103 1081 1080 1325
2403 2 2 0 103 1080 1321 1325
2404 2 2 0 103 1321 1080 1513
2405 2 2 0 103 1082 1081 1083
2406 2 2 0 103 1083 1081 1084
2407 2 2 0 103 1084 1081 1325
2408 2 2 0 103 1082 1083 1323
2409 2 2 0 103 1322 1082 1479
2410 2 2 0 103 1082 1323 1479
2411 2 2 0 103 1083 1084 1085
2412 2 2 0 103 1083 1085 1086
2413 2 2 0 103 1083 1086 1323
2414 2 2 0 103 1085 1084 1324
2415 2 2 0 103 1324 1084 1338
2416 2 2 0 103 1084 1325 1338
2417 2 2 0 103 1086 1085 1087
2418 2 2 0 103 1087 1085 1088
2419 2 2 0 103 1088 1085 1324
2420 2 2 0 103 1086 1087 1326
2421 2 2 0 103 1323 1086 1328
2422 2 2 0 103 1086 1326 1328
2423 2 2 0 103 1087 1088 1089
2424 2 2 0 103 1087 1089 1090
2425 2 2 0 103 1087 1090 1326
2426 2 2 0 103 1089 1088 1335
2427 2 2 0 103 1088 1324 1337
2428 2 2 0 103 1335 1088 1337
2429 2 2 0 103 1090 1089 1091
2430 2 2 0 103 1091 1089 1092
2431 2 2 0 103 1092 1089 1335
2432 2 2 0 103 1090 1091 1329
2433 2 2 0 103 1326 1090 1327
2434 2 2 0 103 1327 1090 1329
2435 2 2 0 103 1091 1092 1093
2436 2 2 0 103 1091 1093 1094
2437 2 2 0 103 1091 1094 1329
2438 2 2 0 103 1093 1092 1339
2439 2 2 0 103 1092 1335 1336
2440 2 2 0 103 1092 1336 1339
2441 2 2 0 103 1094 1093 1095
2442 2 2 0 103 1095 1093 1096
2443 2 2 0 103 1096 1093 1339
2444 2 2 0 103 1094 1095 1472
2445 2 2 0 103 1329 1094 1330
2446 2 2 0 103 1330 1094 1472
2447 2 2 0 103 1095 1096 1097
2448 2 2 0 103 1095 1097 1098
2449 2 2 0 103 1095 1098 1472
2450 2 2 0 103 1097 1096 1453
2451 2 2 0 103 1096 1339 1342
2452 2 2 0 103 1096 1342 1453
2453 2 2 0 103 1098 1097 1099
2454 2 2 0 103 1099 1097 1100
2455 2 2 0 103 1100 1097 1453
2456 2 2 0 103 1098 1099 1411
2457 2 2 0 103 1098 1411 1412
2458 2 2 0 103 1098 1412 1472
2459 2 2 0 103 1099 1100 1101
2460 2 2 0 103 1099 1101 1102
2461 2 2 0 103 1099 1102 1411
2462 2 2 0 103 1101 1100 1413
2463 2 2 0 103 1413 1100 1449
2464 2 2 0 103 1449 1100 1453
2465 2 2 0 103 1102 1101 1103
2466 2 2 0 103 1103 1101 1104
2467 2 2 0 103 1104 1101 1413
2468 2 2 0 103 1102 1103 1105
2469 2 2 0 103 1102 1105 1146
2470 2 2 0 103 1102 1146 1411
2471 2 2 0 103 1103 1104 1106
2472 2 2 0 103 1105 1103 1371
2473 2 2 0 103 1103 1106 1371
2474 2 2 0 103 1106 1104 1107
2475 2 2 0 103 1107 1104 1388
2476 2 2 0 103 1388 1104 1413
2477 2 2 0 103 1146 1105 1147
2478 2 2 0 103 1147 1105 1394
2479 2 2 0 103 1105 1371 1394
2480 2 2 0 103 1106 1107 1108
2481 2 2 0 103 1106 1108 1418
2482 2 2 0 103 1371 1106 1418
2483 2 2 0 103 1108 1107 1109
2484 2 2 0 103 1109 1107 1110
2485 2 2 0 103 1110 1107 1388
2486 2 2 0 103 1108 1109 1111
2487 2 2 0 103 1108 1111 1112
2488 2 2 0 103 1108 1112 1418
2489 2 2 0 103 1109 1110 1113
2490 2 2 0 103 1111 1109 1378
2491 2 2 0 103 1109 1113 1378
2492 2 2 0 103 1113 1110 1114
2493 2 2 0 103 1114 1110 1263
2494 2 2 0 103 1263 1110 1388
2495 2 2 0 103 1112 1111 1115
2496 2 2 0 103 1115 1111 1375
2497 2 2 0 103 1375 1111 1378
2498 2 2 0 103 1112 1115 1116
2499 2 2 0 103 1112 1116 1257
2500 2 2 0 103 1112 1257 1418
2501 2 2 0 103 1113 1114 1117
2502 2 2 0 103 1113 1117 1389
2503 2 2 0 103 1378 1113 1389
2504 2 2 0 103 1117 1114 1118
2505 2 2 0 103 1118 1114 1409
2506 2 2 0 103 1114 1263 1409
2507 2 2 0 103 1116 1115 1119
2508 2 2 0 103 1119 1115 1121
2509 2 2 0 103 1121 1115 1375
2510 2 2 0 103 1116 1119 1120
2511 2 2 0 103 1116 1120 1376
2512 2 2 0 103 1257 1116 1376
2513 2 2 0 103 1117 1118 1122
2514 2 2 0 103 1117 1122 1134
2515 2 2 0 103 1117 1134 1389
2516 2 2 0 103 1122 1118 1123
2517 2 2 0 103 1123 1118 1124
2518 2 2 0 103 1124 1118 1409
2519 2 2 0 103 1120 1119 1127
2520 2 2 0 103 1119 1121 1433
2521 2 2 0 103 1127 1119 1433
2522 2 2 0 103 1120 1127 1128
2523 2 2 0 103 1120 1128 1129
2524 2 2 0 103 1120 1129 1376
2525 2 2 0 103 1121 1359 1361
2526 2 2 0 103 1359 1121 1375
2527 2 2 0 103 1121 1361 1433
2528 2 2 0 103 1122 1123 1427
2529 2 2 0 103 1134 1122 1135
2530 2 2 0 103 1135 1122 1427
2531 2 2 0 103 1123 1124 1125
2532 2 2 0 103 1123 1125 1372
2533 2 2 0 103 1123 1372 1427
2534 2 2 0 103 1125 1124 1126
2535 2 2 0 103 1126 1124 1184
2536 2 2 0 103 1184 1124 1409
2537 2 2 0 103 1125 1126 1130
2538 2 2 0 103 1125 1130 1143
2539 2 2 0 103 1125 1143 1372
2540 2 2 0 103 1130 1126 1131
2541 2 2 0 103 1131 1126 1414
2542 2 2 0 103 1126 1184 1414
2543 2 2 0 103 1128 1127 1164
2544 2 2 0 103 1164 1127 1165
2545 2 2 0 103 1165 1127 1433
2546 2 2 0 103 1129 1128 1132
2547 2 2 0 103 1132 1128 1385
2548 2 2 0 103 1128 1164 1385
2549 2 2 0 103 1129 1132 1133
2550 2 2 0 103 1129 1133 1189
2551 2 2 0 103 1129 1189 1376
2552 2 2 0 103 1130 1131 1139
2553 2 2 0 103 1130 1139 1435
2554 2 2 0 103 1143 1130 1435
2555 2 2 0 103 1139 1131 1140
2556 2 2 0 103 1140 1131 1141
2557 2 2 0 103 1141 1131 1414
2558 2 2 0 103 1133 1132 1137
2559 2 2 0 103 1137 1132 1178
2560 2 2 0 103 1178 1132 1385
2561 2 2 0 103 1133 1137 1138
2562 2 2 0 103 1133 1138 1391
2563 2 2 0 103 1189 1133 1391
2564 2 2 0 103 1134 1135 1136
2565 2 2 0 103 1134 1136 1386
2566 2 2 0 103 1134 1386 1389
2567 2 2 0 103 1136 1135 1170
2568 2 2 0 103 1170 1135 1204
2569 2 2 0 103 1204 1135 1427
2570 2 2 0 103 1136 1170 1171
2571 2 2 0 103 1136 1171 1200
2572 2 2 0 103 1136 1200 1386
2573 2 2 0 103 1138 1137 1173
2574 2 2 0 103 1173 1137 1404
2575 2 2 0 103 1137 1178 1404
2576 2 2 0 103 1138 1173 1174
2577 2 2 0 103 1138 1174 1190
2578 2 2 0 103 1138 1190 1391
2579 2 2 0 103 1139 1140 1177
2580 2 2 0 103 1139 1177 1181
2581 2 2 0 103 1139 1181 1435
2582 2 2 0 103 1140 1141 1142
2583 2 2 0 103 1140 1142 1369
2584 2 2 0 103 1177 1140 1369
2585 2 2 0 103 1142 1141 1144
2586 2 2 0 103 1144 1141 1253
2587 2 2 0 103 1253 1141 1414
2588 2 2 0 103 1142 1144 1145
2589 2 2 0 103 1142 1145 1166
2590 2 2 0 103 1142 1166 1369
2591 2 2 0 103 1143 1364 1372
2592 2 2 0 103 1364 1143 1434
2593 2 2 0 103 1434 1143 1435
2594 2 2 0 103 1145 1144 1397
2595 2 2 0 103 1144 1253 1259
2596 2 2 0 103 1144 1259 1397
2597 2 2 0 103 1166 1145 1167
2598 2 2 0 103 1167 1145 1168
2599 2 2 0 103 1168 1145 1397
2600 2 2 0 103 1146 1147 1148
2601 2 2 0 103 1146 1148 1258
2602 2 2 0 103 1146 1258 1411
2603 2 2 0 103 1148 1147 1149
2604 2 2 0 103 1149 1147 1229
2605 2 2 0 103 1229 1147 1394
2606 2 2 0 103 1148 1149 1150
2607 2 2 0 103 1148 1150 1406
2608 2 2 0 103 1258 1148 1406
2609 2 2 0 103 1150 1149 1151
2610 2 2 0 103 1151 1149 1452
2611 2 2 0 103 1149 1229 1452
2612 2 2 0 103 1150 1151 1152
2613 2 2 0 103 1150 1152 1154
2614 2 2 0 103 1150 1154 1406
2615 2 2 0 103 1152 1151 1153
2616 2 2 0 103 1153 1151 1405
2617 2 2 0 103 1405 1151 1452
2618 2 2 0 103 1152 1153 1454
2619 2 2 0 103 1154 1152 1155
2620 2 2 0 103 1155 1152 1454
2621 2 2 0 103 1153 1405 1457
2622 2 2 0 103 1454 1153 1461
2623 2 2 0 103 1153 1457 1461
2624 2 2 0 103 1154 1155 1156
2625 2 2 0 103 1154 1156 1207
2626 2 2 0 103 1154 1207 1406
2627 2 2 0 103 1156 1155 1157
2628 2 2 0 103 1157 1155 1440
2629 2 2 0 103 1440 1155 1454
2630 2 2 0 103 1156 1157 1158
2631 2 2 0 103 1156 1158 1476
2632 2 2 0 103 1207 1156 1476
2633 2 2 0 103 1158 1157 1159
2634 2 2 0 103 1159 1157 1161
2635 2 2 0 103 1161 1157 1440
2636 2 2 0 103 1158 1159 1160
2637 2 2 0 103 1158 1160 1162
2638 2 2 0 103 1158 1162 1476
2639 2 2 0 103 1160 1159 1392
2640 2 2 0 103 1159 1161 1185
2641 2 2 0 103 1159 1185 1392
2642 2 2 0 103 1162 1160 1163
2643 2 2 0 103 1163 1160 1172
2644 2 2 0 103 1172 1160 1392
2645 2 2 0 103 1185 1161 1186
2646 2 2 0 103 1186 1161 1208
2647 2 2 0 103 1208 1161 1440
2648 2 2 0 103 1162 1163 1416
2649 2 2 0 103 1162 1416 1477
2650 2 2 0 103 1476 1162 1477
2651 2 2 0 103 1163 1172 1175
2652 2 2 0 103 1163 1175 1176
2653 2 2 0 103 1163 1176 1416
2654 2 2 0 103 1164 1165 1179
2655 2 2 0 103 1164 1179 1432
2656 2 2 0 103 1385 1164 1432
2657 2 2 0 103 1179 1165 1180
2658 2 2 0 103 1180 1165 1439
2659 2 2 0 103 1165 1433 1439
2660 2 2 0 103 1166 1167 1367
2661 2 2 0 103 1166 1367 1368
2662 2 2 0 103 1166 1368 1369
2663 2 2 0 103 1167 1168 1169
2664 2 2 0 103 1167 1169 1211
2665 2 2 0 103 1167 1211 1367
2666 2 2 0 103 1169 1168 1182
2667 2 2 0 103 1182 1168 1199
2668 2 2 0 103 1199 1168 1397
2669 2 2 0 103 1169 1182 1183
2670 2 2 0 103 1169 1183 1455
2671 2 2 0 103 1211 1169 1455
2672 2 2 0 103 1171 1170 1446
2673 2 2 0 103 1170 1204 1205
2674 2 2 0 103 1170 1205 1446
2675 2 2 0 103 1200 1171 1201
2676 2 2 0 103 1201 1171 1213
2677 2 2 0 103 1213 1171 1446
2678 2 2 0 103 1175 1172 1212
2679 2 2 0 103 1212 1172 1254
2680 2 2 0 103 1254 1172 1392
2681 2 2 0 103 1174 1173 1387
2682 2 2 0 103 1387 1173 1445
2683 2 2 0 103 1173 1404 1445
2684 2 2 0 103 1190 1174 1191
2685 2 2 0 103 1191 1174 1192
2686 2 2 0 103 1192 1174 1387
2687 2 2 0 103 1176 1175 1187
2688 2 2 0 103 1187 1175 1393
2689 2 2 0 103 1175 1212 1393
2690 2 2 0 103 1176 1187 1188
2691 2 2 0 103 1176 1188 1198
2692 2 2 0 103 1176 1198 1416
2693 2 2 0 103 1181 1177 1214
2694 2 2 0 103 1214 1177 1249
2695 2 2 0 103 1249 1177 1369
2696 2 2 0 103 1178 1373 1404
2697 2 2 0 103 1373 1178 1410
2698 2 2 0 103 1178 1385 1410
2699 2 2 0 103 1179 1180 1222
2700 2 2 0 103 1179 1222 1223
2701 2 2 0 103 1179 1223 1432
2702 2 2 0 103 1222 1180 1224
2703 2 2 0 103 1224 1180 1228
2704 2 2 0 103 1228 1180 1439
2705 2 2 0 103 1181 1214 1215
2706 2 2 0 103 1181 1215 1347
2707 2 2 0 103 1181 1347 1435
2708 2 2 0 103 1183 1182 1196
2709 2 2 0 103 1196 1182 1470
2710 2 2 0 103 1182 1199 1470
2711 2 2 0 103 1183 1196 1197
2712 2 2 0 103 1183 1197 1233
2713 2 2 0 103 1183 1233 1455
2714 2 2 0 103 1184 1409 1437
2715 2 2 0 103 1414 1184 1415
2716 2 2 0 103 1415 1184 1437
2717 2 2 0 103 1185 1186 1407
2718 2 2 0 103 1392 1185 1408
2719 2 2 0 103 1185 1407 1408
2720 2 2 0 103 1186 1208 1209
2721 2 2 0 103 1186 1209 1225
2722 2 2 0 103 1186 1225 1407
2723 2 2 0 103 1188 1187 1194
2724 2 2 0 103 1194 1187 1238
2725 2 2 0 103 1238 1187 1393
2726 2 2 0 103 1188 1194 1195
2727 2 2 0 103 1188 1195 1395
2728 2 2 0 103 1198 1188 1395
2729 2 2 0 103 1376 1189 1390
2730 2 2 0 103 1390 1189 1448
2731 2 2 0 103 1189 1391 1448
2732 2 2 0 103 1190 1191 1230
2733 2 2 0 103 1190 1230 1264
2734 2 2 0 103 1190 1264 1391
2735 2 2 0 103 1191 1192 1193
2736 2 2 0 103 1191 1193 1428
2737 2 2 0 103 1230 1191 1428
2738 2 2 0 103 1193 1192 1216
2739 2 2 0 103 1216 1192 1220
2740 2 2 0 103 1220 1192 1387
2741 2 2 0 103 1193 1216 1217
2742 2 2 0 103 1193 1217 1218
2743 2 2 0 103 1193 1218 1428
2744 2 2 0 103 1195 1194 1235
2745 2 2 0 103 1235 1194 1441
2746 2 2 0 103 1194 1238 1441
2747 2 2 0 103 1195 1235 1236
2748 2 2 0 103 1195 1236 1243
2749 2 2 0 103 1195 1243 1395
2750 2 2 0 103 1197 1196 1226
2751 2 2 0 103 1226 1196 1244
2752 2 2 0 103 1244 1196 1470
2753 2 2 0 103 1197 1226 1227
2754 2 2 0 103 1197 1227 1352
2755 2 2 0 103 1233 1197 1352
2756 2 2 0 103 1198 1395 1478
2757 2 2 0 103 1416 1198 1475
2758 2 2 0 103 1475 1198 1478
2759 2 2 0 103 1341 1199 1468
2760 2 2 0 103 1199 1341 1470
2761 2 2 0 103 1199 1397 1468
2762 2 2 0 103 1200 1201 1202
2763 2 2 0 103 1200 1202 1252
2764 2 2 0 103 1200 1252 1386
2765 2 2 0 103 1202 1201 1203
2766 2 2 0 103 1203 1201 1419
2767 2 2 0 103 1201 1213 1419
2768 2 2 0 103 1202 1203 1459
2769 2 2 0 103 1252 1202 1262
2770 2 2 0 103 1262 1202 1459
2771 2 2 0 103 1203 1419 1420
2772 2 2 0 103 1203 1420 1429
2773 2 2 0 103 1203 1429 1459
2774 2 2 0 103 1205 1204 1206
2775 2 2 0 103 1206 1204 1374
2776 2 2 0 103 1374 1204 1427
2777 2 2 0 103 1205 1206 1239
2778 2 2 0 103 1205 1239 1265
2779 2 2 0 103 1205 1265 1446
2780 2 2 0 103 1239 1206 1240
2781 2 2 0 103 1240 1206 1245
2782 2 2 0 103 1245 1206 1374
2783 2 2 0 103 1207 1334 1473
2784 2 2 0 103 1334 1207 1476
2785 2 2 0 103 1406 1207 1473
2786 2 2 0 103 1209 1208 1210
2787 2 2 0 103 1210 1208 1288
2788 2 2 0 103 1288 1208 1440
2789 2 2 0 103 1209 1210 1221
2790 2 2 0 103 1209 1221 1379
2791 2 2 0 103 1225 1209 1379
2792 2 2 0 103 1221 1210 1289
2793 2 2 0 103 1210 1288 1458
2794 2 2 0 103 1289 1210 1458
2795 2 2 0 103 1343 1211 1345
2796 2 2 0 103 1211 1343 1367
2797 2 2 0 103 1345 1211 1455
2798 2 2 0 103 1212 1254 1255
2799 2 2 0 103 1212 1255 1269
2800 2 2 0 103 1212 1269 1393
2801 2 2 0 103 1419 1213 1421
2802 2 2 0 103 1421 1213 1447
2803 2 2 0 103 1213 1446 1447
2804 2 2 0 103 1215 1214 1438
2805 2 2 0 103 1214 1249 1250
2806 2 2 0 103 1214 1250 1438
2807 2 2 0 103 1347 1215 1348
2808 2 2 0 103 1348 1215 1349
2809 2 2 0 103 1349 1215 1438
2810 2 2 0 103 1217 1216 1398
2811 2 2 0 103 1216 1220 1270
2812 2 2 0 103 1216 1270 1398
2813 2 2 0 103 1218 1217 1219
2814 2 2 0 103 1219 1217 1237
2815 2 2 0 103 1237 1217 1398
2816 2 2 0 103 1218 1219 1231
2817 2 2 0 103 1218 1231 1266
2818 2 2 0 103 1218 1266 1428
2819 2 2 0 103 1231 1219 1232
2820 2 2 0 103 1232 1219 1403
2821 2 2 0 103 1219 1237 1403
2822 2 2 0 103 1270 1220 1273
2823 2 2 0 103 1273 1220 1274
2824 2 2 0 103 1274 1220 1387
2825 2 2 0 103 1221 1289 1290
2826 2 2 0 103 1221 1290 1293
2827 2 2 0 103 1221 1293 1379
2828 2 2 0 103 1223 1222 1241
2829 2 2 0 103 1222 1224 1377
2830 2 2 0 103 1241 1222 1377
2831 2 2 0 103 1223 1241 1278
2832 2 2 0 103 1223 1278 1279
2833 2 2 0 103 1223 1279 1432
2834 2 2 0 103 1224 1228 1234
2835 2 2 0 103 1224 1234 1277
2836 2 2 0 103 1224 1277 1377
2837 2 2 0 103 1225 1379 1380
2838 2 2 0 103 1225 1380 1381
2839 2 2 0 103 1225 1381 1407
2840 2 2 0 103 1227 1226 1242
2841 2 2 0 103 1242 1226 1471
2842 2 2 0 103 1226 1244 1471
2843 2 2 0 103 1227 1242 1268
2844 2 2 0 103 1227 1268 1294
2845 2 2 0 103 1227 1294 1352
2846 2 2 0 103 1234 1228 1282
2847 2 2 0 103 1282 1228 1460
2848 2 2 0 103 1228 1439 1460
2849 2 2 0 103 1229 1394 1396
2850 2 2 0 103 1229 1396 1451
2851 2 2 0 103 1229 1451 1452
2852 2 2 0 103 1264 1230 1285
2853 2 2 0 103 1285 1230 1450
2854 2 2 0 103 1230 1428 1450
2855 2 2 0 103 1231 1232 1462
2856 2 2 0 103 1266 1231 1267
2857 2 2 0 103 1267 1231 1462
2858 2 2 0 103 1232 1403 1466
2859 2 2 0 103 1462 1232 1464
2860 2 2 0 103 1464 1232 1466
2861 2 2 0 103 1233 1352 1353
2862 2 2 0 103 1233 1353 1431
2863 2 2 0 103 1233 1431 1455
2864 2 2 0 103 1277 1234 1456
2865 2 2 0 103 1234 1282 1283
2866 2 2 0 103 1234 1283 1456
2867 2 2 0 103 1236 1235 1271
2868 2 2 0 103 1271 1235 1276
2869 2 2 0 103 1276 1235 1441
2870 2 2 0 103 1243 1236 1480
2871 2 2 0 103 1236 1271 1272
2872 2 2 0 103 1236 1272 1480
2873 2 2 0 103 1237 1398 1399
2874 2 2 0 103 1237 1399 1400
2875 2 2 0 103 1237 1400 1403
2876 2 2 0 103 1238 1393 1444
2877 2 2 0 103 1441 1238 1443
2878 2 2 0 103 1443 1238 1444
2879 2 2 0 103 1239 1240 1370
2880 2 2 0 103 1265 1239 1280
2881 2 2 0 103 1280 1239 1370
2882 2 2 0 103 1240 1245 1246
2883 2 2 0 103 1240 1246 1275
2884 2 2 0 103 1240 1275 1370
2885 2 2 0 103 1278 1241 1309
2886 2 2 0 103 1309 1241 1314
2887 2 2 0 103 1314 1241 1377
2888 2 2 0 103 1268 1242 1281
2889 2 2 0 103 1281 1242 1338
2890 2 2 0 103 1338 1242 1471
2891 2 2 0 103 1243 1328 1474
2892 2 2 0 103 1328 1243 1480
2893 2 2 0 103 1395 1243 1474
2894 2 2 0 103 1337 1244 1469
2895 2 2 0 103 1244 1337 1471
2896 2 2 0 103 1469 1244 1470
2897 2 2 0 103 1246 1245 1247
2898 2 2 0 103 1247 1245 1364
2899 2 2 0 103 1364 1245 1374
2900 2 2 0 103 1246 1247 1248
2901 2 2 0 103 1246 1248 1425
2902 2 2 0 103 1275 1246 1425
2903 2 2 0 103 1248 1247 1284
2904 2 2 0 103 1284 1247 1434
2905 2 2 0 103 1247 1364 1434
2906 2 2 0 103 1248 1284 1297
2907 2 2 0 103 1248 1297 1317
2908 2 2 0 103 1248 1317 1425
2909 2 2 0 103 1250 1249 1251
2910 2 2 0 103 1251 1249 1368
2911 2 2 0 103 1368 1249 1369
2912 2 2 0 103 1250 1251 1302
2913 2 2 0 103 1250 1302 1306
2914 2 2 0 103 1250 1306 1438
2915 2 2 0 103 1302 1251 1303
2916 2 2 0 103 1303 1251 1304
2917 2 2 0 103 1304 1251 1368
2918 2 2 0 103 1252 1262 1359
2919 2 2 0 103 1252 1359 1360
2920 2 2 0 103 1252 1360 1386
2921 2 2 0 103 1259 1253 1260
2922 2 2 0 103 1260 1253 1415
2923 2 2 0 103 1253 1414 1415
2924 2 2 0 103 1255 1254 1256
2925 2 2 0 103 1256 1254 1408
2926 2 2 0 103 1254 1392 1408
2927 2 2 0 103 1255 1256 1355
2928 2 2 0 103 1269 1255 1295
2929 2 2 0 103 1295 1255 1355
2930 2 2 0 103 1355 1256 1356
2931 2 2 0 103 1356 1256 1357
2932 2 2 0 103 1357 1256 1408
2933 2 2 0 103 1257 1376 1390
2934 2 2 0 103 1257 1390 1436
2935 2 2 0 103 1418 1257 1436
2936 2 2 0 103 1258 1406 1473
2937 2 2 0 103 1411 1258 1412
2938 2 2 0 103 1412 1258 1473
2939 2 2 0 103 1259 1260 1261
2940 2 2 0 103 1259 1261 1468
2941 2 2 0 103 1397 1259 1468
2942 2 2 0 103 1261 1260 1286
2943 2 2 0 103 1286 1260 1287
2944 2 2 0 103 1287 1260 1415
2945 2 2 0 103 1261 1286 1342
2946 2 2 0 103 1340 1261 1342
2947 2 2 0 103 1261 1340 1468
2948 2 2 0 103 1359 1262 1361
2949 2 2 0 103 1361 1262 1460
2950 2 2 0 103 1262 1459 1460
2951 2 2 0 103 1263 1388 1417
2952 2 2 0 103 1409 1263 1437
2953 2 2 0 103 1263 1417 1437
2954 2 2 0 103 1264 1285 1451
2955 2 2 0 103 1391 1264 1448
2956 2 2 0 103 1448 1264 1451
2957 2 2 0 103 1265 1280 1296
2958 2 2 0 103 1265 1296 1447
2959 2 2 0 103 1446 1265 1447
2960 2 2 0 103 1266 1267 1457
2961 2 2 0 103 1428 1266 1450
2962 2 2 0 103 1450 1266 1457
2963 2 2 0 103 1457 1267 1461
2964 2 2 0 103 1267 1458 1461
2965 2 2 0 103 1458 1267 1462
2966 2 2 0 103 1268 1281 1300
2967 2 2 0 103 1294 1268 1362
2968 2 2 0 103 1268 1300 1362
2969 2 2 0 103 1269 1295 1487
2970 2 2 0 103 1393 1269 1444
2971 2 2 0 103 1444 1269 1487
2972 2 2 0 103 1270 1273 1486
2973 2 2 0 103 1398 1270 1402
2974 2 2 0 103 1402 1270 1486
2975 2 2 0 103 1272 1271 1301
2976 2 2 0 103 1271 1276 1509
2977 2 2 0 103 1301 1271 1509
2978 2 2 0 103 1272 1301 1316
2979 2 2 0 103 1272 1316 1479
2980 2 2 0 103 1272 1479 1480
2981 2 2 0 103 1273 1274 1307
2982 2 2 0 103 1273 1307 1318
2983 2 2 0 103 1273 1318 1486
2984 2 2 0 103 1307 1274 1308
2985 2 2 0 103 1308 1274 1445
2986 2 2 0 103 1274 1387 1445
2987 2 2 0 103 1370 1275 1490
2988 2 2 0 103 1275 1425 1426
2989 2 2 0 103 1275 1426 1490
2990 2 2 0 103 1276 1441 1442
2991 2 2 0 103 1276 1442 1537
2992 2 2 0 103 1509 1276 1537
2993 2 2 0 103 1377 1277 1515
2994 2 2 0 103 1277 1456 1520
2995 2 2 0 103 1515 1277 1520
2996 2 2 0 103 1279 1278 1291
2997 2 2 0 103 1291 1278 1521
2998 2 2 0 103 1278 1309 1521
2999 2 2 0 103 1279 1291 1292
3000 2 2 0 103 1279 1292 1410
3001 2 2 0 103 1279 1410 1432
3002 2 2 0 103 1296 1280 1299
3003 2 2 0 103 1299 1280 1527
3004 2 2 0 103 1280 1370 1527
3005 2 2 0 103 1300 1281 1321
3006 2 2 0 103 1321 1281 1325
3007 2 2 0 103 1325 1281 1338
3008 2 2 0 103 1283 1282 1429
3009 2 2 0 103 1429 1282 1459
3010 2 2 0 103 1459 1282 1460
3011 2 2 0 103 1424 1283 1429
3012 2 2 0 103 1283 1424 1430
3013 2 2 0 103 1283 1430 1456
3014 2 2 0 103 1297 1284 1348
3015 2 2 0 103 1284 1347 1348
3016 2 2 0 103 1347 1284 1434
3017 2 2 0 103 1405 1285 1450
3018 2 2 0 103 1285 1405 1452
3019 2 2 0 103 1451 1285 1452
3020 2 2 0 103 1286 1287 1449
3021 2 2 0 103 1342 1286 1453
3022 2 2 0 103 1286 1449 1453
3023 2 2 0 103 1287 1415 1437
3024 2 2 0 103 1417 1287 1437
3025 2 2 0 103 1287 1417 1449
3026 2 2 0 103 1288 1440 1454
3027 2 2 0 103 1288 1454 1461
3028 2 2 0 103 1458 1288 1461
3029 2 2 0 103 1290 1289 1464
3030 2 2 0 103 1289 1458 1462
3031 2 2 0 103 1289 1462 1464
3032 2 2 0 103 1293 1290 1319
3033 2 2 0 103 1319 1290 1320
3034 2 2 0 103 1320 1290 1464
3035 2 2 0 103 1292 1291 1311
3036 2 2 0 103 1311 1291 1530
3037 2 2 0 103 1291 1521 1530
3038 2 2 0 103 1292 1311 1312
3039 2 2 0 103 1292 1312 1373
3040 2 2 0 103 1292 1373 1410
3041 2 2 0 103 1293 1319 1485
3042 2 2 0 103 1379 1293 1384
3043 2 2 0 103 1384 1293 1485
3044 2 2 0 103 1352 1294 1354
3045 2 2 0 103 1354 1294 1533
3046 2 2 0 103 1294 1362 1533
3047 2 2 0 103 1295 1355 1358
3048 2 2 0 103 1295 1358 1522
3049 2 2 0 103 1487 1295 1522
3050 2 2 0 103 1296 1299 1541
3051 2 2 0 103 1447 1296 1465
3052 2 2 0 103 1465 1296 1541
3053 2 2 0 103 1317 1297 1549
3054 2 2 0 103 1297 1348 1350
3055 2 2 0 103 1297 1350 1549
3056 2 2 0 103 1316 1298 1322
3057 2 2 0 103 1298 1316 1540
3058 2 2 0 103 1518 1298 1540
3059 2 2 0 103 1524 1299 1527
3060 2 2 0 103 1299 1524 1528
3061 2 2 0 103 1299 1528 1541
3062 2 2 0 103 1300 1321 1363
3063 2 2 0 103 1316 1301 1540
3064 2 2 0 103 1301 1509 1553
3065 2 2 0 103 1540 1301 1553
3066 2 2 0 103 1302 1303 1488
3067 2 2 0 103 1306 1302 1546
3068 2 2 0 103 1302 1488 1546
3069 2 2 0 103 1303 1304 1305
3070 2 2 0 103 1303 1305 1310
3071 2 2 0 103 1303 1310 1488
3072 2 2 0 103 1305 1304 1343
3073 2 2 0 103 1343 1304 1367
3074 2 2 0 103 1367 1304 1368
3075 2 2 0 103 1310 1305 1535
3076 2 2 0 103 1305 1343 1344
3077 2 2 0 103 1305 1344 1535
3078 2 2 0 103 1438 1306 1512
3079 2 2 0 103 1505 1306 1546
3080 2 2 0 103 1307 1308 1313
3081 2 2 0 103 1313 1308 1365
3082 2 2 0 103 1365 1308 1366
3083 2 2 0 103 1366 1308 1445
3084 2 2 0 103 1309 1314 1510
3085 2 2 0 103 1309 1510 1544
3086 2 2 0 103 1488 1310 1534
3087 2 2 0 103 1310 1532 1534
3088 2 2 0 103 1312 1311 1315
3089 2 2 0 103 1312 1315 1365
3090 2 2 0 103 1312 1365 1366
3091 2 2 0 103 1312 1366 1373
3092 2 2 0 103 1313 1365 1550
3093 2 2 0 103 1495 1313 1550
3094 2 2 0 103 1314 1377 1515
3095 2 2 0 103 1365 1315 1550
3096 2 2 0 103 1316 1322 1479
3097 2 2 0 103 1514 1317 1549
3098 2 2 0 103 1319 1320 1539
3099 2 2 0 103 1320 1464 1466
3100 2 2 0 103 1320 1466 1467
3101 2 2 0 103 1320 1467 1539
3102 2 2 0 103 1363 1321 1513
3103 2 2 0 103 1323 1328 1480
3104 2 2 0 103 1479 1323 1480
3105 2 2 0 103 1337 1324 1471
3106 2 2 0 103 1324 1338 1471
3107 2 2 0 103 1326 1327 1474
3108 2 2 0 103 1328 1326 1474
3109 2 2 0 103 1327 1329 1331
3110 2 2 0 103 1327 1331 1478
3111 2 2 0 103 1474 1327 1478
3112 2 2 0 103 1329 1330 1331
3113 2 2 0 103 1331 1330 1332
3114 2 2 0 103 1332 1330 1333
3115 2 2 0 103 1333 1330 1472
3116 2 2 0 103 1331 1332 1475
3117 2 2 0 103 1331 1475 1478
3118 2 2 0 103 1332 1333 1334
3119 2 2 0 103 1332 1334 1477
3120 2 2 0 103 1475 1332 1477
3121 2 2 0 103 1334 1333 1473
3122 2 2 0 103 1412 1333 1472
3123 2 2 0 103 1333 1412 1473
3124 2 2 0 103 1334 1476 1477
3125 2 2 0 103 1336 1335 1469
3126 2 2 0 103 1335 1337 1469
3127 2 2 0 103 1339 1336 1340
3128 2 2 0 103 1340 1336 1341
3129 2 2 0 103 1341 1336 1469
3130 2 2 0 103 1339 1340 1342
3131 2 2 0 103 1340 1341 1468
3132 2 2 0 103 1341 1469 1470
3133 2 2 0 103 1344 1343 1345
3134 2 2 0 103 1344 1345 1346
3135 2 2 0 103 1344 1346 1538
3136 2 2 0 103 1535 1344 1538
3137 2 2 0 103 1346 1345 1431
3138 2 2 0 103 1431 1345 1455
3139 2 2 0 103 1346 1431 1463
3140 2 2 0 103 1347 1434 1435
3141 2 2 0 103 1348 1349 1350
3142 2 2 0 103 1350 1349 1351
3143 2 2 0 103 1351 1349 1512
3144 2 2 0 103 1349 1438 1512
3145 2 2 0 103 1350 1351 1517
3146 2 2 0 103 1517 1351 1547
3147 2 2 0 103 1353 1352 1354
3148 2 2 0 103 1353 1354 1536
3149 2 2 0 103 1431 1353 1463
3150 2 2 0 103 1463 1353 1536
3151 2 2 0 103 1354 1500 1536
3152 2 2 0 103 1356 1357 1481
3153 2 2 0 103 1356 1481 1489
3154 2 2 0 103 1381 1357 1407
3155 2 2 0 103 1357 1381 1481
3156 2 2 0 103 1407 1357 1408
3157 2 2 0 103 1360 1359 1375
3158 2 2 0 103 1360 1375 1378
3159 2 2 0 103 1360 1378 1389
3160 2 2 0 103 1386 1360 1389
3161 2 2 0 103 1433 1361 1439
3162 2 2 0 103 1439 1361 1460
3163 2 2 0 103 1362 1494 1533
3164 2 2 0 103 1372 1364 1374
3165 2 2 0 103 1373 1366 1404
3166 2 2 0 103 1404 1366 1445
3167 2 2 0 103 1370 1490 1527
3168 2 2 0 103 1394 1371 1436
3169 2 2 0 103 1371 1418 1436
3170 2 2 0 103 1372 1374 1427
3171 2 2 0 103 1380 1379 1384
3172 2 2 0 103 1381 1380 1382
3173 2 2 0 103 1382 1380 1383
3174 2 2 0 103 1383 1380 1384
3175 2 2 0 103 1381 1382 1481
3176 2 2 0 103 1382 1383 1516
3177 2 2 0 103 1516 1383 1551
3178 2 2 0 103 1410 1385 1432
3179 2 2 0 103 1388 1413 1417
3180 2 2 0 103 1390 1396 1436
3181 2 2 0 103 1396 1390 1448
3182 2 2 0 103 1396 1394 1436
3183 2 2 0 103 1395 1474 1478
3184 2 2 0 103 1396 1448 1451
3185 2 2 0 103 1399 1398 1402
3186 2 2 0 103 1400 1399 1401
3187 2 2 0 103 1400 1401 1523
3188 2 2 0 103 1403 1400 1484
3189 2 2 0 103 1484 1400 1523
3190 2 2 0 103 1402 1486 1498
3191 2 2 0 103 1466 1403 1484
3192 2 2 0 103 1405 1450 1457
3193 2 2 0 103 1417 1413 1449
3194 2 2 0 103 1416 1475 1477
3195 2 2 0 103 1420 1419 1422
3196 2 2 0 103 1419 1421 1422
3197 2 2 0 103 1420 1422 1423
3198 2 2 0 103 1420 1423 1424
3199 2 2 0 103 1420 1424 1429
3200 2 2 0 103 1422 1421 1483
3201 2 2 0 103 1421 1447 1465
3202 2 2 0 103 1421 1465 1483
3203 2 2 0 103 1423 1422 1529
3204 2 2 0 103 1422 1483 1529
3205 2 2 0 103 1424 1423 1526
3206 2 2 0 103 1423 1507 1508
3207 2 2 0 103 1507 1423 1529
3208 2 2 0 103 1423 1508 1526
3209 2 2 0 103 1430 1424 1526
3210 2 2 0 103 1490 1426 1543
3211 2 2 0 103 1456 1430 1545
3212 2 2 0 103 1430 1501 1545
3213 2 2 0 103 1442 1441 1443
3214 2 2 0 103 1442 1443 1552
3215 2 2 0 103 1491 1442 1497
3216 2 2 0 103 1442 1491 1537
3217 2 2 0 103 1497 1442 1552
3218 2 2 0 103 1443 1444 1482
3219 2 2 0 103 1443 1482 1552
3220 2 2 0 103 1482 1444 1487
3221 2 2 0 103 1520 1456 1545
3222 2 2 0 103 1483 1465 1502
3223 2 2 0 103 1467 1466 1484
3224 2 2 0 103 1504 1467 1519
3225 2 2 0 103 1467 1504 1539
3226 2 2 0 103 1492 1515 1520
3227 2 2 0 103 1496 1535 1538
3228 2 2 0 103 1521 1503 1530
3229 2 2 0 103 1509 1506 1553
3230 2 2 0 230 23 1554 22
3231 2 2 0 230 22 1554 25
3232 2 2 0 230 24 1554 23
3233 2 2 0 230 25 1554 24
3234 2 2 0 231 22 1555 23
3235 2 2 0 231 26 1555 22
3236 2 2 0 231 23 1555 27
3237 2 2 0 231 27 1555 26
3238 2 2 0 232 23 1556 24
3239 2 2 0 232 27 1556 23
3240 2 2 0 232 24 1556 28
3241 2 2 0 232 28 1556 27
3242 2 2 0 233 24 1557 25
3243 2 2 0 233 28 1557 24
3244 2 2 0 233 25 1557 29
3245 2 2 0 233 29 1557 28
3246 2 2 0 234 25 1558 22
3247 2 2 0 234 22 1558 26
3248 2 2 0 234 29 1558 25
3249 2 2 0 234 26 1558 29
3250 2 2 0 235 27 26 1559
3251 2 2 0 235 26 29 1559
3252 2 2 0 235 28 27 1559
3253 2 2 0 235 29 28 1559
3254 2 2 0 250 31 1560 30
3255 2 2 0 250 30 1560 33
3256 2 2 0 250 32 1560 31
3257 2 2 0 250 33 1560 32
3258 2 2 0 251 30 1561 31
3259 2 2 0 251 34 1561 30
3260 2 2 0 251 31 1561 35
3261 2 2 0 251 35 1561 34
3262 2 2 0 252 31 1562 32
3263 2 2 0 252 35 1562 31
3264 2 2 0 252 32 1562 36
3265 2 2 0 252 36 1562 35
3266 2 2 0 253 32 1563 33
3267 2 2 0 253 36 1563 32
3268 2 2 0 253 33 1563 37
3269 2 2 0 253 37 1563 36
3270 2 2 0 254 33 1564 30
3271 2 2 0 254 30 1564 34
3272 2 2 0 254 37 1564 33
3273 2 2 0 254 34 1564 37
3274 2 2 0 255 35 34 1565
3275 2 2 0 255 34 37 1565
3276 2 2 0 255 36 35 1565
3277 2 2 0 255 37 36 1565
3278 2 2 0 270 39 1566 38
3279 2 2 0 270 38 1566 41
3280 2 2 0 270 40 1566 39
3281 2 2 0 270 41 1566 40
3282 2 2 0 271 38 1567 39
3283 2 2 0 271 42 1567 38
3284 2 2 0 271 39 1567 43
3285 2 2 0 271 43 1567 42
3286 2 2 0 272 39 1568 40
3287 2 2 0 272 43 1568 39
3288 2 2 0 272 40 1568 44
3289 2 2 0 272 44 1568 43
3290 2 2 0 273 40 1569 41
3291 2 2 0 273 44 1569 40
3292 2 2 0 273 41 1569 45
3293 2 2 0 273 45 1569 44
3294 2 2 0 274 41 1570 38
3295 2 2 0 274 38 1570 42
3296 2 2 0 274 45 1570 41
3297 2 2 0 274 42 1570 45
3298 2 2 0 275 43 42 1571
3299 2 2 0 275 42 45 1571
3300 2 2 0 275 44 43 1571
3301 2 2 0 275 45 44 1571
3302 2 2 0 290 47 1572 46
3303 2 2 0 290 46 1572 49
3304 2 2 0 290 48 1572 47
3305 2 2 0 290 49 1572 48
3306 2 2 0 291 46 1573 47
3307 2 2 0 291 50 1573 46
3308 2 2 0 291 47 1573 51
3309 2 2 0 291 51 1573 50
3310 2 2 0 292 47 1574 48
3311 2 2 0 292 51 1574 47
3312 2 2 0 292 48 1574 52
3313 2 2 0 292 52 1574 51
3314 2 2 0 293 48 1575 49
3315 2 2 0 293 52 1575 48
3316 2 2 0 293 49 1575 53
3317 2 2 0 293 53 1575 52
3318 2 2 0 294 49 1576 46
3319 2 2 0 294 46 1576 50
3320 2 2 0 294 53 1576 49
3321 2 2 0 294 50 1576 53
3322 2 2 0 295 51 50 1577
3323 2 2 0 295 50 53 1577
3324 2 2 0 295 52 51 1577
3325 2 2 0 295 53 52 1577
3326 2 2 0 330 55 1578 54
3327 2 2 0 330 54 1578 57
3328 2 2 0 330 56 1578 55
3329 2 2 0 330 57 1578 56
3330 2 2 0 331 54 1579 55
3331 2 2 0 331 58 1579 54
3332 2 2 0 331 55 1579 59
3333 2 2 0 331 59 1579 58
3334 2 2 0 332 55 1580 56
3335 2 2 0 332 59 1580 55
3336 2 2 0 332 56 1580 60
3337 2 2 0 332 60 1580 59
3338 2 2 0 333 56 1581 57
3339 2 2 0 333 60 1581 56
3340 2 2 0 333 57 1581 61
3341 2 2 0 333 61 1581 60
3342 2 2 0 334 57 1582 54
3343 2 2 0 334 54 1582 58
3344 2 2 0 334 61 1582 57
3345 2 2 0 334 58 1582 61
3346 2 2 0 335 59 58 1583
3347 2 2 0 335 58 61 1583
3348 2 2 0 335 60 59 1583
3349 2 2 0 335 61 60 1583
3350 2 2 0 350 63 1584 62
3351 2 2 0 350 62 1584 65
3352 2 2 0 350 64 1584 63
3353 2 2 0 350 65 1584 64
3354 2 2 0 351 62 1585 63
3355 2 2 0 351 66 1585 62
3356 2 2 0 351 63 1585 67
3357 2 2 0 351 67 1585 66
3358 2 2 0 352 63 1586 64
3359 2 2 0 352 67 1586 63
3360 2 2 0 352 64 1586 68
3361 2 2 0 352 68 1586 67
3362 2 2 0 353 64 1587 65
3363 2 2 0 353 68 1587 64
3364 2 2 0 353 65 1587 69
3365 2 2 0 353 69 1587 68
3366 2 2 0 354 65 1588 62
3367 2 2 0 354 62 1588 66
3368 2 2 0 354 69 1588 65
3369 2 2 0 354 66 1588 69
3370 2 2 0 355 67 66 1589
3371 2 2 0 355 66 69 1589
3372 2 2 0 355 68 67 1589
3373 2 2 0 355 69 68 1589
3374 2 2 0 370 71 1590 70
3375 2 2 0 370 70 1590 73
3376 2 2 0 370 72 1590 71
3377 2 2 0 370 73 1590 72
3378 2 2 0 371 70 71 1591
3379 2 2 0 371 74 70 1591
3380 2 2 0 371 71 75 1591
3381 2 2 0 371 75 74 1591
3382 2 2 0 372 71 72 1592
3383 2 2 0 372 75 71 1592
3384 2 2 0 372 72 76 1592
3385 2 2 0 372 76 75 1592
3386 2 2 0 373 72 73 1593
3387 2 2 0 373 76 72 1593
3388 2 2 0 373 73 77 1593
3389 2 2 0 373 77 76 1593
3390 2 2 0 374 73 70 1594
3391 2 2 0 374 70 74 1594
3392 2 2 0 374 77 73 1594
3393 2 2 0 374 74 77 1594
3394 2 2 0 375 75 1595 74
3395 2 2 0 375 74 1595 77
3396 2 2 0 375 76 1595 75
3397 2 2 0 375 77 1595 76
3398 2 2 0 390 79 1596 78
3399 2 2 0 390 78 1596 81
3400 2 2 0 390 80 1596 79
3401 2 2 0 390 81 1596 80
3402 2 2 0 391 78 79 1597
3403 2 2 0 391 82 78 1597
3404 2 2 0 391 79 83 1597
3405 2 2 0 391 83 82 1597
3406 2 2 0 392 79 80 1598
3407 2 2 0 392 83 79 1598
3408 2 2 0 392 80 84 1598
3409 2 2 0 392 84 83 1598
3410 2 2 0 393 80 81 1599
3411 2 2 0 393 84 80 1599
3412 2 2 0 393 81 85 1599
3413 2 2 0 393 85 84 1599
3414 2 2 0 394 81 78 1600
3415 2 2 0 394 78 82 1600
3416 2 2 0 394 85 81 1600
3417 2 2 0 394 82 85 1600
3418 2 2 0 395 83 1601 82
3419 2 2 0 395 82 1601 85
3420 2 2 0 395 84 1601 83
3421 2 2 0 395 85 1601 84
3422 4 2 0 1 549 1925 1665 1959
3423 4 2 0 1 333 335 1674 1732
3424 4 2 0 1 1651 1333 1736 1924
3425 4 2 0 1 623 1743 1672 1953
3426 4 2 0 1 1540 1735 1606 2129
3427 4 2 0 1 1048 1604 944 1893
3428 4 2 0 1 163 1885 753 1985
3429 4 2 0 1 859 1517 1699 2025
3430 4 2 0 1 335 1674 1732 1798
3431 4 2 0 1 869 1721 1816 1957
3432 4 2 0 1 944 1604 1048 1860
3433 4 2 0 1 1266 1737 1621 2030
3434 4 2 0 1 985 1693 934 2046
3435 4 2 0 1 549 1665 1925 1975
3436 4 2 0 1 1353 1720 1690 1870
3437 4 2 0 1 1442 1603 1885 2120
3438 4 2 0 1 828 881 925 1885
3439 4 2 0 1 1132 1385 1617 2050
3440 4 2 0 1 1540 1316 1735 2129
3441 4 2 0 1 446 1845 1619 2053
3442 4 2 0 1 1442 1603 1840 1885
3443 4 2 0 1 1142 1625 1369 2072
3444 4 2 0 1 623 1672 1825 1953
3445 4 2 0 1 1798 1799 337 2065
3446 4 2 0 1 486 1845 446 2053
3447 4 2 0 1 623 599 1672 1743
3448 4 2 0 1 486 1619 446 1845
3449 4 2 0 1 1672 1746 1304 1762
3450 4 2 0 1 859 1699 825 2025
3451 4 2 0 1 1606 1735 1734 2129
3452 4 2 0 1 1153 1666 1461 1737
3453 4 2 0 1 1693 612 1744 2021
3454 4 2 0 1 999 962 1705 1985
3455 4 2 0 1 1385 1729 1617 2050
3456 4 2 0 1 339 337 1799 2065
3457 4 2 0 1 1322 1734 1674 1735
3458 4 2 0 1 446 1619 1730 2053
3459 4 2 0 1 1690 1720 1353 1767
3460 4 2 0 1 1734 1735 1316 2129
3461 4 2 0 1 623 467 1743 1953
3462 4 2 0 1 456 642 1624 1740
3463 4 2 0 1 1337 1728 1658 2089
3464 4 2 0 1 1337 1658 1874 2089
3465 4 2 0 1 403 1783 404 1828
3466 4 2 0 1 859 860 825 1699
3467 4 2 0 1 869 1816 903 1957
3468 4 2 0 1 1098 1412 1669 1736
3469 4 2 0 1 1153 1666 1737 1827
3470 4 2 0 1 336 1732 1681 1798
3471 4 2 0 1 403 1641 1783 1828
3472 4 2 0 1 1132 1617 1837 2050
3473 4 2 0 1 1353 1536 1354 1690
3474 4 2 0 1 1681 1717 1080 1947
3475 4 2 0 1 333 334 335 1732
3476 4 2 0 1 1388 1986 1784 2172
3477 4 2 0 1 939 1696 1054 2061
3478 4 2 0 1 1369 1625 1746 2072
3479 4 2 0 1 984 985 934 2046
3480 4 2 0 1 1605 1976 1855 1989
3481 4 2 0 1 1698 2037 994 2147
3482 4 2 0 1 1233 1767 1884 2043
3483 4 2 0 1 745 934 1693 2046
3484 4 2 0 1 1233 1767 1720 1884
3485 4 2 0 1 478 479 1756 2056
3486 4 2 0 1 1251 1304 1746 1762
3487 4 2 0 1 659 1704 1970 2031
3488 4 2 0 1 1279 1667 1729 2138
3489 4 2 0 1 1405 1812 1452 1827
3490 4 2 0 1 1611 1806 637 1925
3491 4 2 0 1 623 467 599 1743
3492 4 2 0 1 1080 1717 1681 2000
3493 4 2 0 1 664 1677 613 1744
3494 4 2 0 1 1218 1621 1266 1738
3495 4 2 0 1 1720 1870 1233 1884
3496 4 2 0 1 1337 1658 1728 1961
3497 4 2 0 1 1649 1863 418 1974
3498 4 2 0 1 161 957 997 2057
3499 4 2 0 1 1688 525 1913 2033
3500 4 2 0 1 1142 1779 1625 2072
3501 4 2 0 1 1491 1661 828 1885
3502 4 2 0 1 1454 1666 1824 1963
3503 4 2 0 1 435 478 479 1756
3504 4 2 0 1 1388 1638 1784 1986
3505 4 2 0 1 418 1649 1804 1863
3506 4 2 0 1 825 1699 860 2025
3507 4 2 0 1 939 1054 1696 1761
3508 4 2 0 1 1368 1251 1304 1746
3509 4 2 0 1 932 994 2037 2147
3510 4 2 0 1 1664 1799 1798 2065
3511 4 2 0 1 1452 1827 1812 1903
3512 4 2 0 1 828 1661 922 1885
3513 4 2 0 1 508 1740 456 2149
3514 4 2 0 1 1388 1104 1986 2172
3515 4 2 0 1 1412 1669 1736 1924
3516 4 2 0 1 1266 1450 1737 2030
3517 4 2 0 1 384 1899 1763 2202
3518 4 2 0 1 404 1828 1783 2013
3519 4 2 0 1 1279 1932 1667 2138
3520 4 2 0 1 1619 446 1730 1944
3521 4 2 0 1 1662 1251 1746 1762
3522 4 2 0 1 859 825 1517 2025
3523 4 2 0 1 1299 1757 1605 1914
3524 4 2 0 1 478 1756 1982 2056
3525 4 2 0 1 1354 1690 1536 2163
3526 4 2 0 1 1528 1605 845 1914
3527 4 2 0 1 1855 1976 552 1989
3528 4 2 0 1 817 1721 798 1926
3529 4 2 0 1 728 1791 1945 1988
3530 4 2 0 1 1249 1662 1251 1746
3531 4 2 0 1 568 1823 1980 2121
3532 4 2 0 1 1266 1621 1428 2030
3533 4 2 0 1 1621 1737 1266 1738
3534 4 2 0 1 335 1732 334 1798
3535 4 2 0 1 549 640 1925 1959
3536 4 2 0 1 1300 1683 1721 1947
3537 4 2 0 1 1611 637 1806 1927
3538 4 2 0 1 1704 1758 950 2159
3539 4 2 0 1 1604 1886 801 1978
3540 4 2 0 1 939 1009 1696 2061
3541 4 2 0 1 543 693 1642 1749
3542 4 2 0 1 1097 1096 1648 1747
3543 4 2 0 1 1286 1647 1342 1747
3544 4 2 0 1 1696 1925 640 1959
3545 4 2 0 1 1442 1840 1661 1885
3546 4 2 0 1 478 436 1616 1756
3547 4 2 0 1 339 1799 1664 2065
3548 4 2 0 1 1405 1686 1812 1827
3549 4 2 0 1 479 1667 688 1756
3550 4 2 0 1 1527 1678 1757 1914
3551 4 2 0 1 304 801 1886 1978
3552 4 2 0 1 1457 1737 1686 1827
3553 4 2 0 1 1457 1686 1405 1827
3554 4 2 0 1 1304 1672 1367 1746
3555 4 2 0 1 456 508 642 1740
3556 4 2 0 1 1663 1804 416 1814
3557 4 2 0 1 628 1673 381 1759
3558 4 2 0 1 1450 1686 1457 1737
3559 4 2 0 1 1454 1853 1666 1963
3560 4 2 0 1 1457 1450 1405 1686
3561 4 2 0 1 324 1690 871 1739
3562 4 2 0 1 1395 1478 1790 2048
3563 4 2 0 1 1784 1986 1638 2172
3564 4 2 0 1 1457 1153 1461 1737
3565 4 2 0 1 334 1732 336 1798
3566 4 2 0 1 402 361 1641 2107
3567 4 2 0 1 386 1627 1748 2161
3568 4 2 0 1 1736 1945 1791 1988
3569 4 2 0 1 1354 1690 1733 1870
3570 4 2 0 1 1173 1887 1890 1935
3571 4 2 0 1 361 1792 1641 2107
3572 4 2 0 1 386 1627 691 1759
3573 4 2 0 1 463 1751 1650 2187
3574 4 2 0 1 325 1705 962 1985
3575 4 2 0 1 648 1663 416 1814
3576 4 2 0 1 1702 1744 611 2021
3577 4 2 0 1 382 1748 1633 2076
3578 4 2 0 1 1633 1749 440 2076
3579 4 2 0 1 1325 1080 1717 1947
3580 4 2 0 1 1395 1790 1820 2048
3581 4 2 0 1 1298 1734 1322 1735
3582 4 2 0 1 1661 1849 1765 2110
3583 4 2 0 1 333 1732 1674 1891
3584 4 2 0 1 589 728 1791 1945
3585 4 2 0 1 950 1704 1049 1758
3586 4 2 0 1 1445 1679 1274 1742
3587 4 2 0 1 1527 1678 1370 1757
3588 4 2 0 1 1132 1178 1385 2050
3589 4 2 0 1 1136 1724 1624 1916
3590 4 2 0 1 447 486 446 2053
3591 4 2 0 1 1475 1752 1656 2048
3592 4 2 0 1 808 753 1885 1985
3593 4 2 0 1 612 611 1744 2021
3594 4 2 0 1 1651 1791 1736 1945
3595 4 2 0 1 1333 1472 1736 1924
3596 4 2 0 1 845 1605 1528 1929
3597 4 2 0 1 1763 1899 1714 2202
3598 4 2 0 1 649 1719 1913 2033
3599 4 2 0 1 1088 1942 1089 1961
3600 4 2 0 1 1089 1942 1726 1961
3601 4 2 0 1 163 753 309 1985
3602 4 2 0 1 1545 1520 1048 2190
3603 4 2 0 1 922 1661 828 1984
3604 4 2 0 1 659 1970 1704 2003
3605 4 2 0 1 402 1641 403 1828
3606 4 2 0 1 1522 1705 951 2160
3607 4 2 0 1 1528 1299 1541 1605
3608 4 2 0 1 386 1748 395 2161
3609 4 2 0 1 1627 386 1748 1794
3610 4 2 0 1 382 1633 1748 1794
3611 4 2 0 1 1353 1720 1233 1767
3612 4 2 0 1 436 1616 1756 2045
3613 4 2 0 1 1677 613 1744 1927
3614 4 2 0 1 1629 1247 1928 2035
3615 4 2 0 1 1353 1690 1354 1870
3616 4 2 0 1 1693 1744 612 1927
3617 4 2 0 1 1300 1721 1683 1816
3618 4 2 0 1 1648 1747 1096 1787
3619 4 2 0 1 1647 1342 1747 1787
3620 4 2 0 1 440 1749 1633 1782
3621 4 2 0 1 1642 1749 693 1782
3622 4 2 0 1 1650 1751 463 1785
3623 4 2 0 1 1649 1477 1752 1788
3624 4 2 0 1 1475 1656 1752 1788
3625 4 2 0 1 662 1751 463 2187
3626 4 2 0 1 1665 1925 1696 1959
3627 4 2 0 1 1442 1840 1603 2182
3628 4 2 0 1 1166 1142 1369 2072
3629 4 2 0 1 951 1705 1002 2160
3630 4 2 0 1 384 1617 1763 1899
3631 4 2 0 1 1354 1733 1690 2163
3632 4 2 0 1 448 1676 1730 2179
3633 4 2 0 1 1098 1472 1412 1736
3634 4 2 0 1 1153 1737 1457 1827
3635 4 2 0 1 1063 1698 994 2147
3636 4 2 0 1 702 1612 1774 1976
3637 4 2 0 1 1656 1790 1478 2048
3638 4 2 0 1 1088 1657 1942 1961
3639 4 2 0 1 416 1804 415 1814
3640 4 2 0 1 1048 1860 1604 2190
3641 4 2 0 1 702 1774 1612 1867
3642 4 2 0 1 1528 1299 1605 1914
3643 4 2 0 1 381 1759 1673 1794
3644 4 2 0 1 1489 1693 1007 1821
3645 4 2 0 1 828 1661 1491 1984
3646 4 2 0 1 1249 1662 1746 1997
3647 4 2 0 1 1233 1720 1353 1870
3648 4 2 0 1 926 1885 839 2110
3649 4 2 0 1 765 1765 1849 2110
3650 4 2 0 1 952 1893 1685 1898
3651 4 2 0 1 1491 1442 1661 1885
3652 4 2 0 1 939 1696 991 1761
3653 4 2 0 1 1132 1617 1128 2012
3654 4 2 0 1 481 637 1806 1925
3655 4 2 0 1 1024 1704 950 2159
3656 4 2 0 1 828 925 1491 1885
3657 4 2 0 1 568 1980 1823 1998
3658 4 2 0 1 386 1627 1759 1794
3659 4 2 0 1 1775 1980 1823 2121
3660 4 2 0 1 589 1791 1651 1945
3661 4 2 0 1 549 1925 635 1975
3662 4 2 0 1 1541 1528 1605 1929
3663 4 2 0 1 1189 1723 1631 1902
3664 4 2 0 1 584 1660 1878 2154
3665 4 2 0 1 1720 1884 1767 2043
3666 4 2 0 1 1605 1757 1299 2060
3667 4 2 0 1 1366 1373 1675 1775
3668 4 2 0 1 918 871 1690 1739
3669 4 2 0 1 1218 1266 1231 1738
3670 4 2 0 1 402 403 404 1828
3671 4 2 0 1 1247 1629 1928 1965
3672 4 2 0 1 646 1781 1631 2148
3673 4 2 0 1 1279 1729 1410 2138
3674 4 2 0 1 1337 1874 1658 2198
3675 4 2 0 1 448 1871 1676 2179
3676 4 2 0 1 384 1617 388 1763
3677 4 2 0 1 161 997 160 1843
3678 4 2 0 1 884 1605 845 1929
3679 4 2 0 1 1616 478 1756 1982
3680 4 2 0 1 593 1770 1658 2085
3681 4 2 0 1 1518 1735 834 2023
3682 4 2 0 1 1675 1742 1366 1775
3683 4 2 0 1 869 903 840 1957
3684 4 2 0 1 1754 1878 1660 2154
3685 4 2 0 1 1098 1736 1669 1983
3686 4 2 0 1 1664 1083 1873 1979
3687 4 2 0 1 1132 1837 1617 2012
3688 4 2 0 1 1749 1818 516 1907
3689 4 2 0 1 525 2033 1688 2111
3690 4 2 0 1 648 416 415 1814
3691 4 2 0 1 901 1721 817 1926
3692 4 2 0 1 412 1751 411 2203
3693 4 2 0 1 1800 1921 1343 2043
3694 4 2 0 1 1299 1280 1757 1914
3695 4 2 0 1 1497 1491 925 1885
3696 4 2 0 1 646 704 1781 2148
3697 4 2 0 1 1527 1757 1280 1914
3698 4 2 0 1 1644 2082 1413 2186
3699 4 2 0 1 859 1699 1517 1946
3700 4 2 0 1 730 1660 584 2154
3701 4 2 0 1 411 1751 1646 2203
3702 4 2 0 1 1618 1890 1887 1935
3703 4 2 0 1 1667 1756 479 2056
3704 4 2 0 1 1777 1781 704 2148
3705 4 2 0 1 394 1944 1618 2179
3706 4 2 0 1 1812 1827 1686 1903
3707 4 2 0 1 1100 1413 2082 2186
3708 4 2 0 1 1210 1458 1706 1771
3709 4 2 0 1 1624 1724 1136 1838
3710 4 2 0 1 307 862 820 1955
3711 4 2 0 1 736 1878 1848 1954
3712 4 2 0 1 516 1749 543 1818
3713 4 2 0 1 1369 1625 1142 2183
3714 4 2 0 1 524 1865 1683 1922
3715 4 2 0 1 1695 2003 1875 2112
3716 4 2 0 1 1212 1393 1844 2073
3717 4 2 0 1 989 1604 1031 1978
3718 4 2 0 1 1827 1835 1686 1903
3719 4 2 0 1 429 394 1618 2179
3720 4 2 0 1 1812 1686 1835 1903
3721 4 2 0 1 1660 1689 1848 1878
3722 4 2 0 1 999 1705 1938 1985
3723 4 2 0 1 1757 1855 1605 1976
3724 4 2 0 1 613 612 1744 1927
3725 4 2 0 1 989 1010 1604 1886
3726 4 2 0 1 1678 1914 1527 2178
3727 4 2 0 1 1344 1613 1345 1921
3728 4 2 0 1 1661 1885 698 2110
3729 4 2 0 1 440 1633 382 1850
3730 4 2 0 1 1210 1289 1458 1771
3731 4 2 0 1 1337 1874 1471 2089
3732 4 2 0 1 1010 944 1604 1893
3733 4 2 0 1 384 1763 385 2202
3734 4 2 0 1 1049 1704 950 2151
3735 4 2 0 1 1678 1976 1757 1989
3736 4 2 0 1 1080 1873 1717 2000
3737 4 2 0 1 745 984 934 2046
3738 4 2 0 1 1607 1760 573 2047
3739 4 2 0 1 691 1759 1627 1943
3740 4 2 0 1 1010 944 1031 1604
3741 4 2 0 1 1010 1031 989 1604
3742 4 2 0 1 1843 1934 826 2181
3743 4 2 0 1 1848 1878 1689 1954
3744 4 2 0 1 1745 1765 1661 1849
3745 4 2 0 1 1107 1388 1104 1986
3746 4 2 0 1 1965 2042 1760 2123
3747 4 2 0 1 1007 1693 985 1821
3748 4 2 0 1 971 1996 1776 2049
3749 4 2 0 1 1333 1651 1859 1924
3750 4 2 0 1 593 500 1658 1770
3751 4 2 0 1 1507 1529 1602 1881
3752 4 2 0 1 1230 1190 1619 1773
3753 4 2 0 1 641 388 1617 1772
3754 4 2 0 1 1660 1811 1689 1878
3755 4 2 0 1 1345 1921 1613 2043
3756 4 2 0 1 869 316 1721 1957
3757 4 2 0 1 1026 1698 994 1836
3758 4 2 0 1 1705 2058 1002 2160
3759 4 2 0 1 1547 1517 825 2025
3760 4 2 0 1 370 665 1636 1857
3761 4 2 0 1 674 692 1637 1856
3762 4 2 0 1 1259 1639 1144 1858
3763 4 2 0 1 1332 1333 1651 1859
3764 4 2 0 1 1686 1737 1450 2030
3765 4 2 0 1 1706 1771 1458 1853
3766 4 2 0 1 1274 1742 1679 1920
3767 4 2 0 1 944 1031 1604 1860
3768 4 2 0 1 382 1633 670 2076
3769 4 2 0 1 670 1633 440 2076
3770 4 2 0 1 1530 1608 1776 1996
3771 4 2 0 1 952 1070 1893 1898
3772 4 2 0 1 1054 2061 1696 2116
3773 4 2 0 1 1230 1773 1619 2030
3774 4 2 0 1 1610 1934 1843 2181
3775 4 2 0 1 307 1765 862 1955
3776 4 2 0 1 573 1760 1607 2185
3777 4 2 0 1 1518 834 868 2023
3778 4 2 0 1 747 753 926 1885
3779 4 2 0 1 971 1016 1996 2049
3780 4 2 0 1 950 1704 1024 2151
3781 4 2 0 1 649 1913 525 2033
3782 4 2 0 1 707 1635 652 1777
3783 4 2 0 1 1823 1980 1775 1998
3784 4 2 0 1 448 1730 1676 2053
3785 4 2 0 1 901 1813 1721 1926
3786 4 2 0 1 1783 1828 1641 2013
3787 4 2 0 1 1266 1738 1737 2136
3788 4 2 0 1 1875 2003 576 2112
3789 4 2 0 1 338 337 339 2065
3790 4 2 0 1 1298 1316 1734 1735
3791 4 2 0 1 1304 1672 1762 1921
3792 4 2 0 1 1193 1676 1192 1773
3793 4 2 0 1 1142 1625 1779 2183
3794 4 2 0 1 1037 1693 1007 2100
3795 4 2 0 1 512 664 613 1744
3796 4 2 0 1 688 1756 1667 1879
3797 4 2 0 1 572 1851 1954 2027
3798 4 2 0 1 785 1602 1768 1843
3799 4 2 0 1 692 627 1637 2105
3800 4 2 0 1 403 1641 361 2105
3801 4 2 0 1 1341 1468 1653 2104
3802 4 2 0 1 1336 1652 1339 2104
3803 4 2 0 1 808 1885 1603 1985
3804 4 2 0 1 626 1989 1976 2016
3805 4 2 0 1 1642 543 1749 1818
3806 4 2 0 1 1631 1723 1189 2012
3807 4 2 0 1 1412 1736 1472 1924
3808 4 2 0 1 939 995 1009 2061
3809 4 2 0 1 1976 1989 1678 2016
3810 4 2 0 1 161 1602 957 2057
3811 4 2 0 1 161 957 1602 1881
3812 4 2 0 1 1218 1621 1738 1919
3813 4 2 0 1 1003 1685 952 1893
3814 4 2 0 1 747 1885 926 2110
3815 4 2 0 1 1088 1657 1087 1942
3816 4 2 0 1 884 845 1605 2191
3817 4 2 0 1 1726 1942 1657 1961
3818 4 2 0 1 628 381 399 1759
3819 4 2 0 1 1136 1171 1724 1916
3820 4 2 0 1 1774 1867 426 1876
3821 4 2 0 1 1656 1820 1790 2048
3822 4 2 0 1 845 1914 1605 2191
3823 4 2 0 1 411 1646 1755 2004
3824 4 2 0 1 1406 1650 1750 1924
3825 4 2 0 1 808 1603 1885 2029
3826 4 2 0 1 1671 1770 498 1993
3827 4 2 0 1 1491 1497 1442 1885
3828 4 2 0 1 753 747 698 1885
3829 4 2 0 1 1461 1737 1666 1853
3830 4 2 0 1 785 1602 678 1768
3831 4 2 0 1 499 1660 1848 1878
3832 4 2 0 1 1003 1001 952 1685
3833 4 2 0 1 776 1604 801 1978
3834 4 2 0 1 1097 1747 1648 1983
3835 4 2 0 1 1026 994 960 1836
3836 4 2 0 1 1294 1533 1683 1733
3837 4 2 0 1 1159 1731 1158 1877
3838 4 2 0 1 1042 957 1881 1898
3839 4 2 0 1 1178 1729 1385 2050
3840 4 2 0 1 1173 1174 1887 1935
3841 4 2 0 1 747 698 1885 2110
3842 4 2 0 1 1704 2015 1970 2031
3843 4 2 0 1 446 1730 447 2053
3844 4 2 0 1 1346 1767 1952 2034
3845 4 2 0 1 725 593 1658 2119
3846 4 2 0 1 1009 1847 1035 2070
3847 4 2 0 1 1445 1274 1308 1742
3848 4 2 0 1 418 1649 732 1804
3849 4 2 0 1 985 1821 1693 2046
3850 4 2 0 1 593 1801 1658 2119
3851 4 2 0 1 411 1646 1751 2007
3852 4 2 0 1 1346 1345 1613 2043
3853 4 2 0 1 411 1755 1646 2007
3854 4 2 0 1 1344 1346 1345 1613
3855 4 2 0 1 1332 1651 1852 2106
3856 4 2 0 1 1655 1327 1852 2106
3857 4 2 0 1 1299 1527 1280 1914
3858 4 2 0 1 628 1673 1759 2022
3859 4 2 0 1 577 1865 1681 1926
3860 4 2 0 1 1313 1742 1698 2147
3861 4 2 0 1 1725 1967 1768 2020
3862 4 2 0 1 1445 1679 1742 1890
3863 4 2 0 1 649 1913 1719 2064
3864 4 2 0 1 1191 1773 1174 1935
3865 4 2 0 1 1612 1855 1757 1976
3866 4 2 0 1 351 1988 1711 2014
3867 4 2 0 1 1343 1367 1672 1800
3868 4 2 0 1 985 1007 1037 1693
3869 4 2 0 1 1553 2023 1745 2129
3870 4 2 0 1 768 1796 1615 1809
3871 4 2 0 1 1644 1769 356 2078
3872 4 2 0 1 932 1063 994 2147
3873 4 2 0 1 642 1624 1740 1948
3874 4 2 0 1 1238 1910 1840 2182
3875 4 2 0 1 1190 1619 1773 1935
3876 4 2 0 1 499 1848 736 1878
3877 4 2 0 1 1617 641 1772 1879
3878 4 2 0 1 536 552 1976 1989
3879 4 2 0 1 1009 1696 1847 2070
3880 4 2 0 1 1721 1947 1813 2139
3881 4 2 0 1 1007 1693 1489 2100
3882 4 2 0 1 1385 1617 1729 1822
3883 4 2 0 1 1330 1332 1651 1852
3884 4 2 0 1 1329 1655 1327 1852
3885 4 2 0 1 1174 1773 1887 1935
3886 4 2 0 1 1183 1707 1883 1884
3887 4 2 0 1 1530 1608 1311 1776
3888 4 2 0 1 745 1693 934 2021
3889 4 2 0 1 1174 1773 1191 1887
3890 4 2 0 1 1475 1656 1198 2048
3891 4 2 0 1 1672 1343 1800 1921
3892 4 2 0 1 808 1885 698 2029
3893 4 2 0 1 765 1849 1765 2027
3894 4 2 0 1 164 1985 996 2120
3895 4 2 0 1 386 387 395 1748
3896 4 2 0 1 543 671 693 1749
3897 4 2 0 1 662 410 463 1751
3898 4 2 0 1 412 410 411 1751
3899 4 2 0 1 1097 1453 1096 1747
3900 4 2 0 1 1286 1342 1453 1747
3901 4 2 0 1 1757 1976 1605 1989
3902 4 2 0 1 1454 1963 1824 2044
3903 4 2 0 1 435 479 688 1756
3904 4 2 0 1 412 1785 1751 2203
3905 4 2 0 1 370 1636 665 2169
3906 4 2 0 1 1671 1865 1683 1947
3907 4 2 0 1 1688 1913 1844 2033
3908 4 2 0 1 463 1650 1785 2174
3909 4 2 0 1 478 435 436 1756
3910 4 2 0 1 500 1658 1770 2008
3911 4 2 0 1 1341 1653 1468 2168
3912 4 2 0 1 1696 1959 640 2070
3913 4 2 0 1 1368 1304 1367 1746
3914 4 2 0 1 663 1677 664 1814
3915 4 2 0 1 1617 1917 1128 2012
3916 4 2 0 1 932 994 1013 2037
3917 4 2 0 1 451 1659 1753 2064
3918 4 2 0 1 652 1777 1635 1781
3919 4 2 0 1 1405 1686 1285 1812
3920 4 2 0 1 808 753 698 1885
3921 4 2 0 1 1035 1847 310 2070
3922 4 2 0 1 1368 1249 1251 1746
3923 4 2 0 1 1229 1635 1396 1830
3924 4 2 0 1 517 1647 598 1831
3925 4 2 0 1 588 586 1651 1832
3926 4 2 0 1 734 731 1656 1832
3927 4 2 0 1 1037 2021 1693 2100
3928 4 2 0 1 809 1765 307 1955
3929 4 2 0 1 324 871 1690 2099
3930 4 2 0 1 1674 1734 1322 2208
3931 4 2 0 1 797 552 555 1605
3932 4 2 0 1 1605 1855 552 1989
3933 4 2 0 1 1219 1738 1680 1919
3934 4 2 0 1 1458 1210 1706 1853
3935 4 2 0 1 594 1671 498 1993
3936 4 2 0 1 1811 2114 1689 2129
3937 4 2 0 1 451 1753 1659 1848
3938 4 2 0 1 1689 1878 1811 1954
3939 4 2 0 1 1367 1746 1672 2072
3940 4 2 0 1 762 862 307 1765
3941 4 2 0 1 1683 1865 1721 1947
3942 4 2 0 1 1674 1322 1873 2208
3943 4 2 0 1 1189 1723 1902 2074
3944 4 2 0 1 499 584 1660 1878
3945 4 2 0 1 1194 1659 1235 1840
3946 4 2 0 1 548 1823 568 2121
3947 4 2 0 1 497 1982 1764 2056
3948 4 2 0 1 1705 1985 325 2033
3949 4 2 0 1 1538 1613 1344 1921
3950 4 2 0 1 958 1776 1511 2147
3951 4 2 0 1 1440 1963 1454 2044
3952 4 2 0 1 485 1635 707 1835
3953 4 2 0 1 1676 1192 1773 1887
3954 4 2 0 1 636 638 637 1611
3955 4 2 0 1 1814 1826 1677 1962
3956 4 2 0 1 1537 1661 1745 1984
3957 4 2 0 1 1522 1069 951 1705
3958 4 2 0 1 1717 1873 1083 1979
3959 4 2 0 1 1650 2174 463 2187
3960 4 2 0 1 1518 868 1051 2023
3961 4 2 0 1 304 776 801 1978
3962 4 2 0 1 934 985 1037 1693
3963 4 2 0 1 1887 1890 1618 2179
3964 4 2 0 1 381 628 379 1673
3965 4 2 0 1 1372 1125 1123 1673
3966 4 2 0 1 963 951 1002 2160
3967 4 2 0 1 1001 952 1685 1898
3968 4 2 0 1 1272 2114 1811 2129
3969 4 2 0 1 1671 1683 1923 1947
3970 4 2 0 1 667 668 354 1669
3971 4 2 0 1 1411 1098 1412 1669
3972 4 2 0 1 1628 1995 1262 2132
3973 4 2 0 1 1632 1994 1116 2131
3974 4 2 0 1 638 1611 636 1847
3975 4 2 0 1 1461 1153 1454 1666
3976 4 2 0 1 457 469 675 1614
3977 4 2 0 1 1385 1128 1132 1617
3978 4 2 0 1 1137 1138 1173 1618
3979 4 2 0 1 384 641 388 1617
3980 4 2 0 1 520 446 486 1619
3981 4 2 0 1 1264 1230 1190 1619
3982 4 2 0 1 401 424 423 1620
3983 4 2 0 1 1428 1266 1218 1621
3984 4 2 0 1 522 684 474 1621
3985 4 2 0 1 1386 1200 1136 1624
3986 4 2 0 1 456 642 392 1624
3987 4 2 0 1 495 462 496 1626
3988 4 2 0 1 1206 1239 1240 1626
3989 4 2 0 1 1435 1139 1130 1627
3990 4 2 0 1 1359 1361 1262 1628
3991 4 2 0 1 1284 1434 1247 1629
3992 4 2 0 1 460 391 683 1630
3993 4 2 0 1 1390 1189 1376 1631
3994 4 2 0 1 1414 1184 1126 1633
3995 4 2 0 1 440 670 382 1633
3996 4 2 0 1 1115 1112 1116 1632
3997 4 2 0 1 1396 1229 1451 1635
3998 4 2 0 1 652 707 485 1635
3999 4 2 0 1 674 692 627 1637
4000 4 2 0 1 400 509 515 1639
4001 4 2 0 1 403 402 361 1641
4002 4 2 0 1 1437 1287 1417 1642
4003 4 2 0 1 357 356 669 1644
4004 4 2 0 1 542 598 517 1647
4005 4 2 0 1 1286 1261 1342 1647
4006 4 2 0 1 351 352 353 1648
4007 4 2 0 1 1162 1476 1477 1649
4008 4 2 0 1 732 418 733 1649
4009 4 2 0 1 1473 1207 1406 1650
4010 4 2 0 1 588 586 589 1651
4011 4 2 0 1 1333 1330 1332 1651
4012 4 2 0 1 1227 1226 1197 1654
4013 4 2 0 1 1198 1475 1478 1656
4014 4 2 0 1 734 731 454 1656
4015 4 2 0 1 500 725 593 1658
4016 4 2 0 1 1085 1087 1088 1657
4017 4 2 0 1 1194 1195 1235 1659
4018 4 2 0 1 1169 1455 1183 1670
4019 4 2 0 1 499 584 730 1660
4020 4 2 0 1 1541 1605 1299 2060
4021 4 2 0 1 378 1708 1866 1876
4022 4 2 0 1 388 1763 1617 1772
4023 4 2 0 1 1149 1151 1640 2083
4024 4 2 0 1 1249 1810 1662 1997
4025 4 2 0 1 1734 1954 1851 2027
4026 4 2 0 1 537 498 594 1671
4027 4 2 0 1 646 1631 445 2148
4028 4 2 0 1 594 498 1770 1993
4029 4 2 0 1 648 428 416 1663
4030 4 2 0 1 1632 1894 1116 1994
4031 4 2 0 1 1262 1628 1895 1995
4032 4 2 0 1 994 1698 1063 1836
4033 4 2 0 1 1640 1835 405 2194
4034 4 2 0 1 1149 1150 1151 2083
4035 4 2 0 1 351 350 1711 1988
4036 4 2 0 1 1160 1159 1158 1877
4037 4 2 0 1 535 688 479 1667
4038 4 2 0 1 1432 1279 1223 1667
4039 4 2 0 1 1145 1168 1620 2072
4040 4 2 0 1 706 1845 1686 2051
4041 4 2 0 1 532 1849 1661 2110
4042 4 2 0 1 477 546 549 1665
4043 4 2 0 1 1714 1763 1617 1899
4044 4 2 0 1 1429 1459 1282 1668
4045 4 2 0 1 378 1866 391 1876
4046 4 2 0 1 1231 1738 1266 2136
4047 4 2 0 1 640 1696 310 1847
4048 4 2 0 1 536 1976 626 1989
4049 4 2 0 1 1757 1976 1678 2016
4050 4 2 0 1 681 573 1760 2047
4051 4 2 0 1 1167 1620 1168 2072
4052 4 2 0 1 1077 1322 1079 1674
4053 4 2 0 1 578 333 335 1674
4054 4 2 0 1 758 826 1843 1934
4055 4 2 0 1 1824 2007 1827 2194
4056 4 2 0 1 691 1627 386 2161
4057 4 2 0 1 1720 1670 1884 2043
4058 4 2 0 1 1404 1675 1373 2050
4059 4 2 0 1 1287 1417 1642 2082
4060 4 2 0 1 859 917 1699 1946
4061 4 2 0 1 1606 1735 1540 2023
4062 4 2 0 1 1533 1683 1733 1816
4063 4 2 0 1 1649 1785 732 1804
4064 4 2 0 1 1425 2042 1965 2123
4065 4 2 0 1 448 1676 449 2053
4066 4 2 0 1 1266 1428 1450 2030
4067 4 2 0 1 578 1674 335 2065
4068 4 2 0 1 1405 1285 1686 2030
4069 4 2 0 1 1286 1261 1647 1819
4070 4 2 0 1 1145 1167 1168 2072
4071 4 2 0 1 1474 1660 1243 1820
4072 4 2 0 1 1238 2073 1910 2182
4073 4 2 0 1 1630 1774 460 1876
4074 4 2 0 1 1370 1757 1678 1931
4075 4 2 0 1 664 663 613 1677
4076 4 2 0 1 1407 1408 1357 1677
4077 4 2 0 1 423 401 1620 1825
4078 4 2 0 1 1153 1454 1666 1824
4079 4 2 0 1 1641 1828 402 2107
4080 4 2 0 1 465 1975 1806 2108
4081 4 2 0 1 1413 2172 1644 2186
4082 4 2 0 1 1158 1877 1731 1908
4083 4 2 0 1 1404 1366 1373 1675
4084 4 2 0 1 1651 1832 586 1945
4085 4 2 0 1 1808 1982 1756 2056
4086 4 2 0 1 1765 1849 1745 2027
4087 4 2 0 1 1183 1707 1182 1883
4088 4 2 0 1 1156 1155 1646 2044
4089 4 2 0 1 411 1646 2004 2203
4090 4 2 0 1 675 1614 469 2102
4091 4 2 0 1 619 798 1721 1926
4092 4 2 0 1 999 941 962 1985
4093 4 2 0 1 1192 1193 1216 1676
4094 4 2 0 1 472 449 448 1676
4095 4 2 0 1 1365 1366 1742 1775
4096 4 2 0 1 415 1814 1804 2004
4097 4 2 0 1 796 557 1606 1851
4098 4 2 0 1 1238 1194 1840 1910
4099 4 2 0 1 638 1611 1847 2046
4100 4 2 0 1 627 1792 1637 2105
4101 4 2 0 1 361 1641 1792 2105
4102 4 2 0 1 667 668 1669 1828
4103 4 2 0 1 1373 1675 1775 2138
4104 4 2 0 1 599 560 623 1672
4105 4 2 0 1 1343 1367 1304 1672
4106 4 2 0 1 1686 1835 661 2051
4107 4 2 0 1 440 1782 1633 1850
4108 4 2 0 1 1755 1824 1666 1963
4109 4 2 0 1 379 381 1673 1850
4110 4 2 0 1 1100 2082 1747 2186
4111 4 2 0 1 1341 1653 1789 2104
4112 4 2 0 1 1336 1789 1652 2104
4113 4 2 0 1 1670 1800 1169 2043
4114 4 2 0 1 492 1689 736 1848
4115 4 2 0 1 1413 1644 1784 2082
4116 4 2 0 1 649 1719 494 2064
4117 4 2 0 1 492 528 736 1689
4118 4 2 0 1 939 1054 995 2061
4119 4 2 0 1 1247 1629 1434 2035
4120 4 2 0 1 663 1806 1677 1814
4121 4 2 0 1 1633 1794 382 1850
4122 4 2 0 1 161 997 1843 2057
4123 4 2 0 1 1145 1620 1168 1858
4124 4 2 0 1 1476 1477 1649 1859
4125 4 2 0 1 1207 1650 1473 1859
4126 4 2 0 1 1274 1679 1887 1920
4127 4 2 0 1 1365 1742 1682 1775
4128 4 2 0 1 1631 1781 1777 2148
4129 4 2 0 1 589 1651 586 1945
4130 4 2 0 1 471 2167 1687 2175
4131 4 2 0 1 726 438 1795 2008
4132 4 2 0 1 917 860 859 1699
4133 4 2 0 1 1495 1063 932 2147
4134 4 2 0 1 438 1795 2008 2207
4135 4 2 0 1 1518 1540 1735 2023
4136 4 2 0 1 627 674 1637 1842
4137 4 2 0 1 1172 1803 1663 1877
4138 4 2 0 1 1235 1659 1195 2024
4139 4 2 0 1 429 1618 394 2156
4140 4 2 0 1 1274 1887 1220 1920
4141 4 2 0 1 1840 1910 1719 2182
4142 4 2 0 1 1432 1667 1223 2079
4143 4 2 0 1 962 1705 325 2058
4144 4 2 0 1 1198 1656 1478 2048
4145 4 2 0 1 638 637 1611 2046
4146 4 2 0 1 1513 1681 1321 1813
4147 4 2 0 1 1054 1485 1696 1761
4148 4 2 0 1 636 1611 637 1925
4149 4 2 0 1 808 309 753 1985
4150 4 2 0 1 386 691 399 1759
4151 4 2 0 1 1743 1921 1800 2043
4152 4 2 0 1 442 465 1806 2108
4153 4 2 0 1 1330 1332 1852 2106
4154 4 2 0 1 1329 1852 1327 2106
4155 4 2 0 1 1085 1087 1657 1864
4156 4 2 0 1 416 1663 428 1863
4157 4 2 0 1 679 678 785 1602
4158 4 2 0 1 618 1683 1721 1957
4159 4 2 0 1 776 801 1604 2118
4160 4 2 0 1 520 1619 486 2051
4161 4 2 0 1 537 1671 1993 2133
4162 4 2 0 1 796 557 809 1606
4163 4 2 0 1 1813 1947 1363 2139
4164 4 2 0 1 349 351 1711 2014
4165 4 2 0 1 405 1640 1783 1835
4166 4 2 0 1 1269 1212 1844 2220
4167 4 2 0 1 310 1847 1696 2070
4168 4 2 0 1 572 1954 528 2027
4169 4 2 0 1 1461 1666 1454 1853
4170 4 2 0 1 1138 1618 1137 1837
4171 4 2 0 1 1724 1867 1774 1876
4172 4 2 0 1 739 677 1610 1768
4173 4 2 0 1 324 871 818 1739
4174 4 2 0 1 1386 1624 1136 1838
4175 4 2 0 1 1337 1471 1728 2089
4176 4 2 0 1 939 990 1531 1761
4177 4 2 0 1 161 1843 1602 2057
4178 4 2 0 1 1033 1702 614 2021
4179 4 2 0 1 1183 1196 1707 1884
4180 4 2 0 1 1549 1297 1317 1607
4181 4 2 0 1 553 805 573 1607
4182 4 2 0 1 512 613 612 1744
4183 4 2 0 1 1744 1677 1826 1962
4184 4 2 0 1 1520 1860 1048 2190
4185 4 2 0 1 1081 1083 1717 1873
4186 4 2 0 1 1365 1742 1313 2147
4187 4 2 0 1 1373 2050 1675 2138
4188 4 2 0 1 736 1848 1689 1954
4189 4 2 0 1 614 1702 1033 2058
4190 4 2 0 1 1636 1780 370 1857
4191 4 2 0 1 665 1782 1636 1857
4192 4 2 0 1 692 1781 1637 1856
4193 4 2 0 1 1259 1786 1639 1858
4194 4 2 0 1 1144 1639 1779 1858
4195 4 2 0 1 1332 1651 1788 1859
4196 4 2 0 1 1434 1629 1284 1846
4197 4 2 0 1 482 1654 1841 2008
4198 4 2 0 1 739 1610 677 1855
4199 4 2 0 1 482 1654 453 1841
4200 4 2 0 1 548 568 1823 1998
4201 4 2 0 1 1262 1628 1361 2113
4202 4 2 0 1 1365 1682 1742 2147
4203 4 2 0 1 1282 1668 1459 2028
4204 4 2 0 1 472 1676 448 1871
4205 4 2 0 1 1632 1793 1112 1894
4206 4 2 0 1 1347 1687 1807 2077
4207 4 2 0 1 809 762 307 1765
4208 4 2 0 1 681 1760 1694 2047
4209 4 2 0 1 1372 1673 1123 2011
4210 4 2 0 1 991 939 1009 1696
4211 4 2 0 1 1738 1970 1918 2055
4212 4 2 0 1 370 1780 1636 2169
4213 4 2 0 1 1413 1784 1644 2172
4214 4 2 0 1 882 926 839 2110
4215 4 2 0 1 477 1665 549 1975
4216 4 2 0 1 698 1885 1661 2029
4217 4 2 0 1 1037 934 1693 2021
4218 4 2 0 1 391 1630 460 1876
4219 4 2 0 1 1285 1812 1686 2030
4220 4 2 0 1 1768 1967 676 2020
4221 4 2 0 1 1507 1881 1602 1898
4222 4 2 0 1 337 1799 1798 2133
4223 4 2 0 1 1301 1553 1745 2129
4224 4 2 0 1 1298 1540 1316 1735
4225 4 2 0 1 1361 1628 1359 1861
4226 4 2 0 1 688 1667 535 1879
4227 4 2 0 1 1172 1663 1160 1877
4228 4 2 0 1 351 1648 353 1988
4229 4 2 0 1 1226 1197 1654 1874
4230 4 2 0 1 620 2040 2022 2199
4231 4 2 0 1 462 496 1626 2040
4232 4 2 0 1 1763 1772 388 2156
4233 4 2 0 1 579 1664 339 1878
4234 4 2 0 1 535 1667 479 2056
4235 4 2 0 1 1366 1742 1675 1890
4236 4 2 0 1 1088 1087 1089 1942
4237 4 2 0 1 507 505 1662 2086
4238 4 2 0 1 1694 1965 1760 2123
4239 4 2 0 1 1341 1789 1653 2168
4240 4 2 0 1 1243 1660 1474 2109
4241 4 2 0 1 745 329 984 2046
4242 4 2 0 1 1455 1670 1169 2043
4243 4 2 0 1 1747 2082 1644 2186
4244 4 2 0 1 1613 1921 1538 2069
4245 4 2 0 1 758 1843 1610 1934
4246 4 2 0 1 1298 1316 1322 1734
4247 4 2 0 1 1369 1746 1625 1997
4248 4 2 0 1 1227 1654 1197 1870
4249 4 2 0 1 1173 1890 1618 1935
4250 4 2 0 1 555 797 1605 2191
4251 4 2 0 1 652 1635 485 2105
4252 4 2 0 1 1342 1647 1261 2104
4253 4 2 0 1 1478 1656 1475 2106
4254 4 2 0 1 1663 1826 1172 2192
4255 4 2 0 1 1910 2073 1719 2182
4256 4 2 0 1 1538 1921 1344 2069
4257 4 2 0 1 1274 1679 1387 1887
4258 4 2 0 1 1667 1808 1756 2056
4259 4 2 0 1 896 1955 1765 2023
4260 4 2 0 1 802 1809 1609 2075
4261 4 2 0 1 1667 1823 535 1879
4262 4 2 0 1 1666 1737 1686 2141
4263 4 2 0 1 1637 674 1856 2101
4264 4 2 0 1 1352 1233 1870 1884
4265 4 2 0 1 1144 1779 1639 1817
4266 4 2 0 1 1261 1786 1647 1819
4267 4 2 0 1 1474 1790 1660 1820
4268 4 2 0 1 1606 1851 557 2027
4269 4 2 0 1 495 462 1626 1976
4270 4 2 0 1 1455 1183 1670 1884
4271 4 2 0 1 1484 1758 1704 2117
4272 4 2 0 1 668 1791 1669 1828
4273 4 2 0 1 1674 1851 333 1891
4274 4 2 0 1 918 818 871 1739
4275 4 2 0 1 1112 1632 1115 2062
4276 4 2 0 1 991 1761 1696 2070
4277 4 2 0 1 1844 1913 1719 2033
4278 4 2 0 1 1114 1636 1118 2093
4279 4 2 0 1 1518 1051 1540 2023
4280 4 2 0 1 1211 1800 1343 2043
4281 4 2 0 1 1651 1736 1791 1924
4282 4 2 0 1 456 1624 392 2017
4283 4 2 0 1 546 1665 477 2068
4284 4 2 0 1 578 333 1674 1851
4285 4 2 0 1 497 1764 565 2056
4286 4 2 0 1 622 1675 660 2121
4287 4 2 0 1 1297 1317 1607 1965
4288 4 2 0 1 460 1630 683 2022
4289 4 2 0 1 1133 1189 1723 2012
4290 4 2 0 1 1146 1958 1641 1960
4291 4 2 0 1 1666 1827 1824 2007
4292 4 2 0 1 597 1831 1653 2128
4293 4 2 0 1 1183 1196 1182 1707
4294 4 2 0 1 537 1865 1671 2133
4295 4 2 0 1 349 351 350 1711
4296 4 2 0 1 390 1708 378 1876
4297 4 2 0 1 460 1630 2022 2040
4298 4 2 0 1 390 378 391 1876
4299 4 2 0 1 1687 471 1981 2167
4300 4 2 0 1 1144 1817 1639 2150
4301 4 2 0 1 1156 1157 1155 2044
4302 4 2 0 1 1385 1128 1617 1917
4303 4 2 0 1 1269 1212 1393 1844
4304 4 2 0 1 1264 1230 1619 2030
4305 4 2 0 1 1112 1116 1632 1894
4306 4 2 0 1 1274 1445 1387 1679
4307 4 2 0 1 455 597 1653 2128
4308 4 2 0 1 478 1616 436 2155
4309 4 2 0 1 1136 1624 1200 1916
4310 4 2 0 1 1153 1824 1666 1827
4311 4 2 0 1 481 1925 1806 1975
4312 4 2 0 1 1172 1663 1803 1826
4313 4 2 0 1 1359 1628 1262 2132
4314 4 2 0 1 1115 1632 1116 2131
4315 4 2 0 1 507 1662 505 1880
4316 4 2 0 1 1827 2007 1896 2194
4317 4 2 0 1 351 352 1648 2014
4318 4 2 0 1 1473 1650 1406 1924
4319 4 2 0 1 599 1672 1743 1930
4320 4 2 0 1 401 1620 1825 2164
4321 4 2 0 1 462 1626 1976 2040
4322 4 2 0 1 1666 1896 1827 2007
4323 4 2 0 1 1239 1626 1206 1991
4324 4 2 0 1 1243 1660 2109 2114
4325 4 2 0 1 1123 1673 1125 1897
4326 4 2 0 1 379 1673 628 2022
4327 4 2 0 1 1681 1321 1813 1947
4328 4 2 0 1 423 1620 424 1953
4329 4 2 0 1 1243 2109 1328 2114
4330 4 2 0 1 1442 1885 1497 2120
4331 4 2 0 1 594 537 1671 1993
4332 4 2 0 1 693 543 1642 2144
4333 4 2 0 1 457 469 1614 1867
4334 4 2 0 1 1390 1631 1376 2005
4335 4 2 0 1 1249 1250 1662 1810
4336 4 2 0 1 1824 1827 1640 2194
4337 4 2 0 1 715 1915 458 2020
4338 4 2 0 1 458 1915 1716 2020
4339 4 2 0 1 796 1606 809 1955
4340 4 2 0 1 1666 1686 1896 2141
4341 4 2 0 1 1970 2015 1680 2031
4342 4 2 0 1 1672 1800 1743 1921
4343 4 2 0 1 1369 1746 1166 2072
4344 4 2 0 1 667 1669 354 2107
4345 4 2 0 1 725 1658 500 2008
4346 4 2 0 1 1280 1299 1757 2060
4347 4 2 0 1 1608 1823 567 2092
4348 4 2 0 1 1357 1407 1677 1888
4349 4 2 0 1 1411 1098 1669 1983
4350 4 2 0 1 668 354 1669 1988
4351 4 2 0 1 445 1631 646 2202
4352 4 2 0 1 702 1867 1612 2102
4353 4 2 0 1 1197 1654 1874 1884
4354 4 2 0 1 1183 1169 1670 1883
4355 4 2 0 1 1186 1643 1161 1950
4356 4 2 0 1 1656 1753 454 1912
4357 4 2 0 1 1527 1370 1678 2178
4358 4 2 0 1 686 782 1685 1967
4359 4 2 0 1 391 683 1630 1866
4360 4 2 0 1 1529 1423 1507 1602
4361 4 2 0 1 1616 1756 1808 1982
4362 4 2 0 1 1138 1618 1837 1935
4363 4 2 0 1 1687 1981 471 2175
4364 4 2 0 1 702 521 1612 1976
4365 4 2 0 1 659 656 1704 2031
4366 4 2 0 1 1738 1918 1621 2055
4367 4 2 0 1 1090 1327 1655 1942
4368 4 2 0 1 1156 1646 1155 1973
4369 4 2 0 1 733 1649 418 1974
4370 4 2 0 1 1126 1414 1633 1972
4371 4 2 0 1 1629 1807 1284 1846
4372 4 2 0 1 515 400 1639 1971
4373 4 2 0 1 1437 1642 1417 1968
4374 4 2 0 1 1144 1639 1259 2150
4375 4 2 0 1 407 405 1835 2194
4376 4 2 0 1 379 1866 1673 2022
4377 4 2 0 1 1167 1168 1620 1883
4378 4 2 0 1 1679 1890 1887 2179
4379 4 2 0 1 669 1644 356 2078
4380 4 2 0 1 1327 1655 1329 2134
4381 4 2 0 1 749 324 818 1739
4382 4 2 0 1 528 736 1689 1954
4383 4 2 0 1 1609 1809 802 2086
4384 4 2 0 1 1207 1406 1650 1973
4385 4 2 0 1 454 1656 731 1974
4386 4 2 0 1 1130 1627 1139 1972
4387 4 2 0 1 401 424 1620 1971
4388 4 2 0 1 1138 1837 1723 1935
4389 4 2 0 1 1918 1970 474 2055
4390 4 2 0 1 663 613 1677 1927
4391 4 2 0 1 1085 1657 1088 1979
4392 4 2 0 1 1161 1643 1186 2122
4393 4 2 0 1 1173 1618 1138 1935
4394 4 2 0 1 1097 1648 1096 2143
4395 4 2 0 1 1336 1339 1652 2140
4396 4 2 0 1 1376 1631 1189 2012
4397 4 2 0 1 1692 2001 529 2006
4398 4 2 0 1 1386 1200 1624 1995
4399 4 2 0 1 1435 1627 1130 1964
4400 4 2 0 1 515 1639 509 1907
4401 4 2 0 1 1189 1631 1390 1902
4402 4 2 0 1 641 1617 384 1899
4403 4 2 0 1 1396 1635 1451 1902
4404 4 2 0 1 1118 1636 1114 1900
4405 4 2 0 1 1451 1635 1229 1903
4406 4 2 0 1 509 1639 400 1901
4407 4 2 0 1 1149 1640 1151 1903
4408 4 2 0 1 1414 1184 1633 1904
4409 4 2 0 1 1287 1642 1437 1904
4410 4 2 0 1 669 357 1644 1905
4411 4 2 0 1 542 1647 517 1907
4412 4 2 0 1 353 1648 352 1906
4413 4 2 0 1 598 1647 542 1906
4414 4 2 0 1 1476 1649 1162 1908
4415 4 2 0 1 732 1649 733 1909
4416 4 2 0 1 589 588 1651 1909
4417 4 2 0 1 455 1653 597 1911
4418 4 2 0 1 1126 1633 1184 1897
4419 4 2 0 1 454 734 1656 1912
4420 4 2 0 1 1195 1659 1194 1910
4421 4 2 0 1 642 392 1624 1948
4422 4 2 0 1 1327 1090 1655 2134
4423 4 2 0 1 1139 1627 1435 2097
4424 4 2 0 1 684 1621 522 1992
4425 4 2 0 1 1264 1619 1190 2074
4426 4 2 0 1 499 1660 730 1912
4427 4 2 0 1 446 1619 520 1944
4428 4 2 0 1 1160 1663 1172 2192
4429 4 2 0 1 556 1721 1683 1865
4430 4 2 0 1 1346 1613 1767 2043
4431 4 2 0 1 1083 1664 1864 1979
4432 4 2 0 1 1077 1674 1079 2000
4433 4 2 0 1 644 1638 1857 2170
4434 4 2 0 1 1350 1807 1699 2077
4435 4 2 0 1 949 965 966 2100
4436 4 2 0 1 1517 1351 1699 2025
4437 4 2 0 1 1915 2020 715 2146
4438 4 2 0 1 1624 1838 1386 1862
4439 4 2 0 1 1265 1446 1612 1991
4440 4 2 0 1 1546 1609 1956 2088
4441 4 2 0 1 1347 1215 1687 2077
4442 4 2 0 1 1079 1674 1322 1873
4443 4 2 0 1 1429 1459 1668 2038
4444 4 2 0 1 1321 1513 1080 1681
4445 4 2 0 1 1359 1861 1628 2132
4446 4 2 0 1 958 970 1012 2147
4447 4 2 0 1 958 1012 1776 2147
4448 4 2 0 1 1173 1137 1618 1890
4449 4 2 0 1 457 1614 675 2020
4450 4 2 0 1 1631 1894 1376 2005
4451 4 2 0 1 1795 1911 726 2008
4452 4 2 0 1 1337 1244 1471 1874
4453 4 2 0 1 648 428 1663 1962
4454 4 2 0 1 522 1621 474 2055
4455 4 2 0 1 565 1764 1700 2056
4456 4 2 0 1 1699 1796 860 2025
4457 4 2 0 1 678 1768 1602 1967
4458 4 2 0 1 1750 1783 1641 2013
4459 4 2 0 1 1412 1411 1669 1958
4460 4 2 0 1 1352 1233 1353 1870
4461 4 2 0 1 1337 1244 1874 2198
4462 4 2 0 1 1436 1830 1637 2171
4463 4 2 0 1 560 623 1672 1880
4464 4 2 0 1 1664 1873 1717 1979
4465 4 2 0 1 361 358 1792 2107
4466 4 2 0 1 1247 1284 1629 1965
4467 4 2 0 1 547 567 1823 2092
4468 4 2 0 1 431 443 1645 1913
4469 4 2 0 1 1281 2089 1671 2188
4470 4 2 0 1 1220 1920 1887 1977
4471 4 2 0 1 1670 1455 1884 2043
4472 4 2 0 1 1317 1965 1425 2042
4473 4 2 0 1 1218 1428 1621 1919
4474 4 2 0 1 684 474 1621 1918
4475 4 2 0 1 1346 1767 1613 1952
4476 4 2 0 1 669 1644 2078 2144
4477 4 2 0 1 1491 1442 1537 1661
4478 4 2 0 1 739 721 1610 1855
4479 4 2 0 1 622 660 1675 1889
4480 4 2 0 1 1366 1675 1404 1890
4481 4 2 0 1 1327 1790 1655 1942
4482 4 2 0 1 1940 2068 466 2108
4483 4 2 0 1 1616 1808 1756 2079
4484 4 2 0 1 1408 1677 1407 1950
4485 4 2 0 1 1357 1677 1408 1969
4486 4 2 0 1 1385 1617 1822 1917
4487 4 2 0 1 573 1607 805 2185
4488 4 2 0 1 453 1720 489 1841
4489 4 2 0 1 593 1658 1801 2085
4490 4 2 0 1 1223 1667 1279 1932
4491 4 2 0 1 1527 1370 1280 1757
4492 4 2 0 1 691 1943 1627 2161
4493 4 2 0 1 901 912 817 1721
4494 4 2 0 1 482 1770 1654 2008
4495 4 2 0 1 1125 1673 1372 1964
4496 4 2 0 1 644 1857 366 2170
4497 4 2 0 1 577 619 1865 1926
4498 4 2 0 1 430 1944 394 2179
4499 4 2 0 1 1654 1197 1870 1884
4500 4 2 0 1 1365 1313 1550 2147
4501 4 2 0 1 702 426 1774 1867
4502 4 2 0 1 552 1605 797 1855
4503 4 2 0 1 702 1774 461 1976
4504 4 2 0 1 1484 1704 2015 2117
4505 4 2 0 1 537 498 1671 1922
4506 4 2 0 1 1546 1488 1609 2088
4507 4 2 0 1 1080 1081 1717 1873
4508 4 2 0 1 496 1802 2016 2040
4509 4 2 0 1 1218 1738 1219 1919
4510 4 2 0 1 549 1665 546 1959
4511 4 2 0 1 1611 636 1847 1925
4512 4 2 0 1 1223 1808 1667 1932
4513 4 2 0 1 161 1602 1843 1881
4514 4 2 0 1 501 2040 620 2199
4515 4 2 0 1 1693 1744 1702 2021
4516 4 2 0 1 1149 2083 1640 2153
4517 4 2 0 1 1081 1717 1083 1979
4518 4 2 0 1 1281 1923 1671 2089
4519 4 2 0 1 472 449 1676 1918
4520 4 2 0 1 1193 1216 1676 1919
4521 4 2 0 1 939 1531 1054 1761
4522 4 2 0 1 460 1774 1630 2040
4523 4 2 0 1 1406 1750 1258 1924
4524 4 2 0 1 381 399 1759 1794
4525 4 2 0 1 1227 1226 1654 1923
4526 4 2 0 1 1680 1918 1738 1970
4527 4 2 0 1 1005 1033 966 2058
4528 4 2 0 1 1637 1792 627 1842
4529 4 2 0 1 1735 1955 904 2023
4530 4 2 0 1 1637 1781 692 2105
4531 4 2 0 1 403 1783 1641 2105
4532 4 2 0 1 1468 1786 1653 2104
4533 4 2 0 1 1652 1787 1339 2104
4534 4 2 0 1 1332 1788 1651 2106
4535 4 2 0 1 1655 1790 1327 2106
4536 4 2 0 1 1750 1641 1828 2013
4537 4 2 0 1 473 1766 1680 1918
4538 4 2 0 1 1206 1626 1240 1928
4539 4 2 0 1 1432 1822 1667 2079
4540 4 2 0 1 1291 1311 1530 1608
4541 4 2 0 1 1242 1923 1281 2089
4542 4 2 0 1 1765 1955 1606 2023
4543 4 2 0 1 1669 1769 354 2107
4544 4 2 0 1 505 1936 1722 1939
4545 4 2 0 1 505 470 1722 1936
4546 4 2 0 1 589 586 728 1945
4547 4 2 0 1 1664 1717 1798 1799
4548 4 2 0 1 354 1769 1669 1988
4549 4 2 0 1 1215 1347 1687 2097
4550 4 2 0 1 1657 1961 1088 1979
4551 4 2 0 1 1283 2026 1941 2028
4552 4 2 0 1 930 971 1016 1996
4553 4 2 0 1 1445 1387 1679 1890
4554 4 2 0 1 1686 1737 1666 1827
4555 4 2 0 1 1705 1844 1487 1938
4556 4 2 0 1 556 1683 524 1865
4557 4 2 0 1 1239 1626 1757 1931
4558 4 2 0 1 1033 1702 966 2058
4559 4 2 0 1 801 1886 1604 2118
4560 4 2 0 1 1304 1762 1305 1921
4561 4 2 0 1 1549 1607 1317 2042
4562 4 2 0 1 1251 1249 1250 1662
4563 4 2 0 1 1233 1884 1455 2043
4564 4 2 0 1 725 1911 1658 2008
4565 4 2 0 1 475 473 493 1680
4566 4 2 0 1 1721 1865 619 1926
4567 4 2 0 1 1313 1698 1063 2147
4568 4 2 0 1 1382 1381 2063 2116
4569 4 2 0 1 715 538 2084 2146
4570 4 2 0 1 1251 1762 1662 1956
4571 4 2 0 1 1049 1704 1484 1758
4572 4 2 0 1 922 1661 1984 2110
4573 4 2 0 1 1734 1851 1606 2027
4574 4 2 0 1 552 555 1605 1989
4575 4 2 0 1 160 1843 997 2057
4576 4 2 0 1 1272 1480 1811 2114
4577 4 2 0 1 599 560 1672 1930
4578 4 2 0 1 1201 1916 2038 2211
4579 4 2 0 1 1703 2022 2040 2199
4580 4 2 0 1 1429 1668 1282 1941
4581 4 2 0 1 994 1698 1013 2037
4582 4 2 0 1 1257 1112 1793 1894
4583 4 2 0 1 1682 1980 806 2096
4584 4 2 0 1 1406 1750 1650 2083
4585 4 2 0 1 1194 1659 1840 1910
4586 4 2 0 1 1138 1133 1723 1837
4587 4 2 0 1 926 753 163 1885
4588 4 2 0 1 1405 1686 1450 2030
4589 4 2 0 1 1656 454 1753 2098
4590 4 2 0 1 809 1606 1765 1955
4591 4 2 0 1 1618 1944 394 2156
4592 4 2 0 1 1621 1773 1428 2030
4593 4 2 0 1 1157 1158 1731 1908
4594 4 2 0 1 1169 1800 1670 1883
4595 4 2 0 1 1621 1737 1686 2030
4596 4 2 0 1 1710 1638 1986 2172
4597 4 2 0 1 1090 1942 1655 2134
4598 4 2 0 1 1276 1745 1661 1840
4599 4 2 0 1 1395 1198 1478 2048
4600 4 2 0 1 387 1748 386 1794
4601 4 2 0 1 382 1748 387 1794
4602 4 2 0 1 731 1832 1909 1974
4603 4 2 0 1 2014 2091 595 2119
4604 4 2 0 1 686 1685 782 2209
4605 4 2 0 1 1614 457 1867 2017
4606 4 2 0 1 1475 1752 1416 1788
4607 4 2 0 1 440 671 1749 1782
4608 4 2 0 1 693 1749 671 1782
4609 4 2 0 1 463 1751 410 1785
4610 4 2 0 1 412 410 1751 1785
4611 4 2 0 1 1453 1096 1747 1787
4612 4 2 0 1 1453 1747 1342 1787
4613 4 2 0 1 1416 1752 1477 1788
4614 4 2 0 1 1367 1672 1800 2072
4615 4 2 0 1 1718 2026 1234 2028
4616 4 2 0 1 164 1885 1985 2120
4617 4 2 0 1 1489 1481 1693 1821
4618 4 2 0 1 761 837 1809 2075
4619 4 2 0 1 1680 1738 1219 2015
4620 4 2 0 1 1706 2068 1940 2108
4621 4 2 0 1 1643 1713 1888 2122
4622 4 2 0 1 918 871 914 1690
4623 4 2 0 1 1343 1672 1304 1921
4624 4 2 0 1 310 1696 640 2070
4625 4 2 0 1 499 736 584 1878
4626 4 2 0 1 742 1692 529 2006
4627 4 2 0 1 1347 1807 1687 1846
4628 4 2 0 1 541 661 1835 2051
4629 4 2 0 1 1803 1877 1172 2195
4630 4 2 0 1 1239 1240 1626 1931
4631 4 2 0 1 794 600 1613 1854
4632 4 2 0 1 1085 1864 1657 1979
4633 4 2 0 1 693 1642 1857 2144
4634 4 2 0 1 706 661 1686 1992
4635 4 2 0 1 1888 1950 1643 2122
4636 4 2 0 1 471 603 2167 2175
4637 4 2 0 1 510 664 1744 1962
4638 4 2 0 1 1704 2003 1970 2015
4639 4 2 0 1 1636 1850 665 2169
4640 4 2 0 1 1618 1730 1887 2179
4641 4 2 0 1 1760 1965 1607 2042
4642 4 2 0 1 473 1680 1766 2031
4643 4 2 0 1 1635 1777 707 2051
4644 4 2 0 1 1033 966 1702 2021
4645 4 2 0 1 451 1659 2064 2218
4646 4 2 0 1 1635 707 1835 2051
4647 4 2 0 1 1133 1723 1837 2012
4648 4 2 0 1 761 1809 802 2075
4649 4 2 0 1 1451 1635 1812 1902
4650 4 2 0 1 1693 1821 1481 2063
4651 4 2 0 1 485 1783 1635 1835
4652 4 2 0 1 357 1644 1905 1987
4653 4 2 0 1 1681 1865 1721 1926
4654 4 2 0 1 1245 1364 1703 2035
4655 4 2 0 1 1384 1054 1485 1696
4656 4 2 0 1 1433 1623 1994 2184
4657 4 2 0 1 1002 999 962 1705
4658 4 2 0 1 1282 1283 1941 2028
4659 4 2 0 1 1639 509 1907 2076
4660 4 2 0 1 442 2108 1806 2204
4661 4 2 0 1 828 922 881 1885
4662 4 2 0 1 350 1945 1711 1988
4663 4 2 0 1 1235 1840 1659 2024
4664 4 2 0 1 1668 2020 1915 2146
4665 4 2 0 1 731 1656 1832 1974
4666 4 2 0 1 965 966 2100 2160
4667 4 2 0 1 743 1705 325 2033
4668 4 2 0 1 1291 1608 1530 1996
4669 4 2 0 1 1643 1713 1806 1888
4670 4 2 0 1 797 1855 1605 1934
4671 4 2 0 1 553 1607 573 2047
4672 4 2 0 1 1653 1858 1468 2168
4673 4 2 0 1 1157 1908 1731 2044
4674 4 2 0 1 1405 1285 1452 1812
4675 4 2 0 1 1114 1968 1636 2093
4676 4 2 0 1 1229 1635 1830 1903
4677 4 2 0 1 1396 1830 1635 1902
4678 4 2 0 1 1647 598 1831 1906
4679 4 2 0 1 517 1647 1831 1907
4680 4 2 0 1 597 1653 1831 1911
4681 4 2 0 1 1651 588 1832 1909
4682 4 2 0 1 1656 734 1832 1912
4683 4 2 0 1 1937 1986 1109 2062
4684 4 2 0 1 1382 2063 1611 2116
4685 4 2 0 1 475 473 1680 1918
4686 4 2 0 1 1054 1696 1384 2116
4687 4 2 0 1 1619 1777 520 1944
4688 4 2 0 1 1242 2089 1281 2188
4689 4 2 0 1 1294 1733 1683 1870
4690 4 2 0 1 1108 1109 1986 2062
4691 4 2 0 1 1436 1637 1830 2005
4692 4 2 0 1 626 1989 1678 2152
4693 4 2 0 1 1491 1661 1537 1984
4694 4 2 0 1 1273 1692 1486 1836
4695 4 2 0 1 971 1066 1776 1996
4696 4 2 0 1 1658 1961 1337 2198
4697 4 2 0 1 472 1766 1676 1871
4698 4 2 0 1 1608 1932 1291 2138
4699 4 2 0 1 1498 978 943 1815
4700 4 2 0 1 1305 1762 1701 1921
4701 4 2 0 1 1276 1537 1661 1745
4702 4 2 0 1 1739 1952 1767 2034
4703 4 2 0 1 472 1676 1766 1918
4704 4 2 0 1 1216 1192 1676 1977
4705 4 2 0 1 1751 1785 1646 2203
4706 4 2 0 1 1676 1773 1193 1919
4707 4 2 0 1 1652 2091 2014 2119
4708 4 2 0 1 502 1694 1802 2047
4709 4 2 0 1 1309 1278 1700 2196
4710 4 2 0 1 1311 1608 1291 2138
4711 4 2 0 1 1698 1742 1682 2147
4712 4 2 0 1 1749 1819 1818 1907
4713 4 2 0 1 1541 1929 1605 2060
4714 4 2 0 1 1643 1806 1975 2108
4715 4 2 0 1 1080 1681 1513 2000
4716 4 2 0 1 1243 1820 1660 2114
4717 4 2 0 1 797 1934 1605 2191
4718 4 2 0 1 1433 1994 1127 2184
4719 4 2 0 1 1549 1297 1607 1946
4720 4 2 0 1 1245 1928 1247 2035
4721 4 2 0 1 1146 1102 1958 1960
4722 4 2 0 1 1804 1814 1731 2004
4723 4 2 0 1 1655 1852 1329 2134
4724 4 2 0 1 1042 1881 1507 1898
4725 4 2 0 1 1102 1727 1960 2172
4726 4 2 0 1 1553 1509 1745 2023
4727 4 2 0 1 668 1669 1791 1988
4728 4 2 0 1 498 1770 1671 1922
4729 4 2 0 1 443 1645 2064 2098
4730 4 2 0 1 1167 1620 1800 1883
4731 4 2 0 1 1080 1321 1681 1947
4732 4 2 0 1 1721 1816 1300 2139
4733 4 2 0 1 1274 1308 1742 1920
4734 4 2 0 1 1372 1964 2011 2035
4735 4 2 0 1 1609 1488 1762 1869
4736 4 2 0 1 1245 1703 1928 2035
4737 4 2 0 1 1325 1080 1081 1717
4738 4 2 0 1 1239 1757 1626 1991
4739 4 2 0 1 1186 1950 1888 2122
4740 4 2 0 1 1619 1935 1190 2074
4741 4 2 0 1 1473 1859 1650 1924
4742 4 2 0 1 860 1699 917 2217
4743 4 2 0 1 428 1913 1863 1962
4744 4 2 0 1 1631 1856 646 2202
4745 4 2 0 1 1689 1849 492 2027
4746 4 2 0 1 1404 1890 1675 2050
4747 4 2 0 1 1686 1827 1666 1896
4748 4 2 0 1 1430 1941 1685 2103
4749 4 2 0 1 351 1648 1988 2014
4750 4 2 0 1 392 1876 1624 1948
4751 4 2 0 1 1630 391 1866 1876
4752 4 2 0 1 453 1654 482 2180
4753 4 2 0 1 475 474 1918 1970
4754 4 2 0 1 758 739 1610 1843
4755 4 2 0 1 1436 1830 1902 2005
4756 4 2 0 1 617 1915 1628 2149
4757 4 2 0 1 686 1797 1685 1886
4758 4 2 0 1 1665 1696 1925 2032
4759 4 2 0 1 786 567 1608 2049
4760 4 2 0 1 921 1843 826 2181
4761 4 2 0 1 1616 1808 1222 2002
4762 4 2 0 1 1167 1800 1620 2072
4763 4 2 0 1 436 1616 2045 2155
4764 4 2 0 1 336 1681 577 2133
4765 4 2 0 1 1643 1806 1713 1975
4766 4 2 0 1 595 592 1831 2119
4767 4 2 0 1 860 1796 1699 2217
4768 4 2 0 1 1613 1538 1952 2069
4769 4 2 0 1 1696 1761 1485 2222
4770 4 2 0 1 1151 1827 1640 2083
4771 4 2 0 1 416 1804 1663 1863
4772 4 2 0 1 469 1614 1867 2102
4773 4 2 0 1 1639 1901 509 2076
4774 4 2 0 1 431 1863 1645 2098
4775 4 2 0 1 745 1693 737 2046
4776 4 2 0 1 521 1855 1612 1976
4777 4 2 0 1 761 306 837 2075
4778 4 2 0 1 386 1759 399 1794
4779 4 2 0 1 1309 1241 1278 2196
4780 4 2 0 1 681 1694 502 2047
4781 4 2 0 1 1105 1830 1960 2153
4782 4 2 0 1 684 1845 1621 1992
4783 4 2 0 1 1026 1013 994 1698
4784 4 2 0 1 1621 1738 1680 1918
4785 4 2 0 1 1339 2041 1652 2140
4786 4 2 0 1 1677 1357 1888 2063
4787 4 2 0 1 665 1636 1782 1850
4788 4 2 0 1 595 2091 348 2119
4789 4 2 0 1 1152 1827 1151 2083
4790 4 2 0 1 1257 1894 1793 2005
4791 4 2 0 1 1087 1657 1864 1942
4792 4 2 0 1 560 1672 1930 2205
4793 4 2 0 1 1359 1121 1861 2132
4794 4 2 0 1 1121 2131 1861 2132
4795 4 2 0 1 557 809 1606 2027
4796 4 2 0 1 1676 1918 449 2053
4797 4 2 0 1 593 727 1770 2085
4798 4 2 0 1 1756 1808 1667 2079
4799 4 2 0 1 1749 1907 509 2076
4800 4 2 0 1 1669 1791 1736 1924
4801 4 2 0 1 401 1971 1620 2164
4802 4 2 0 1 1123 1778 1673 1897
4803 4 2 0 1 1411 1958 1727 1983
4804 4 2 0 1 1044 1733 913 1816
4805 4 2 0 1 951 1705 1069 1938
4806 4 2 0 1 1366 1312 1373 1775
4807 4 2 0 1 1001 1685 1003 2209
4808 4 2 0 1 1618 1887 1730 1935
4809 4 2 0 1 719 792 324 1690
4810 4 2 0 1 1183 1883 1670 1884
4811 4 2 0 1 595 1831 1906 2014
4812 4 2 0 1 520 1777 1619 2051
4813 4 2 0 1 1451 1902 1812 2074
4814 4 2 0 1 505 1880 1662 1939
4815 4 2 0 1 1745 1840 1276 2024
4816 4 2 0 1 1696 1847 640 1925
4817 4 2 0 1 1024 936 1933 2159
4818 4 2 0 1 714 466 1940 2068
4819 4 2 0 1 511 525 468 1688
4820 4 2 0 1 1720 1670 2043 2066
4821 4 2 0 1 1626 1976 1757 2016
4822 4 2 0 1 1412 1669 1924 1958
4823 4 2 0 1 567 1823 1608 1998
4824 4 2 0 1 1102 1960 1103 2172
4825 4 2 0 1 1626 1872 1206 1991
4826 4 2 0 1 1683 1957 550 2009
4827 4 2 0 1 1428 1773 1621 1919
4828 4 2 0 1 1664 1873 1083 2208
4829 4 2 0 1 1161 1950 1643 2044
4830 4 2 0 1 1694 1760 681 1829
4831 4 2 0 1 1824 1827 1152 2083
4832 4 2 0 1 528 1689 492 2027
4833 4 2 0 1 1663 428 1863 1962
4834 4 2 0 1 855 814 1854 2125
4835 4 2 0 1 1118 1778 1636 1900
4836 4 2 0 1 1002 1705 962 2058
4837 4 2 0 1 648 1814 664 1962
4838 4 2 0 1 1699 1807 1350 1946
4839 4 2 0 1 1430 1685 1941 2026
4840 4 2 0 1 1243 1474 1328 2109
4841 4 2 0 1 1801 1990 344 2085
4842 4 2 0 1 641 1879 1617 1899
4843 4 2 0 1 451 651 1753 1848
4844 4 2 0 1 646 1631 1781 1856
4845 4 2 0 1 693 1642 1782 1857
4846 4 2 0 1 1145 1779 1620 1858
4847 4 2 0 1 1653 1786 1468 1858
4848 4 2 0 1 1477 1788 1649 1859
4849 4 2 0 1 384 388 385 1763
4850 4 2 0 1 511 1744 1688 1962
4851 4 2 0 1 1673 379 1850 1866
4852 4 2 0 1 1282 1941 1668 2028
4853 4 2 0 1 1675 2050 1729 2138
4854 4 2 0 1 1280 1296 1299 2060
4855 4 2 0 1 1436 1830 1396 1902
4856 4 2 0 1 595 1831 598 1906
4857 4 2 0 1 731 1832 588 1909
4858 4 2 0 1 1605 1929 884 1934
4859 4 2 0 1 1633 1817 1414 1904
4860 4 2 0 1 542 1818 1647 1907
4861 4 2 0 1 1795 1707 2008 2207
4862 4 2 0 1 1839 1861 1433 2184
4863 4 2 0 1 1245 1247 1364 2035
4864 4 2 0 1 1967 2020 1725 2146
4865 4 2 0 1 1202 1895 1716 1995
4866 4 2 0 1 1654 1770 482 1922
4867 4 2 0 1 511 1688 468 1962
4868 4 2 0 1 1120 1894 1714 1994
4869 4 2 0 1 1694 1425 1965 2123
4870 4 2 0 1 789 550 1957 2009
4871 4 2 0 1 1310 1762 1303 1869
4872 4 2 0 1 1411 1669 1958 1983
4873 4 2 0 1 1626 2016 1802 2040
4874 4 2 0 1 617 1628 2094 2149
4875 4 2 0 1 963 1522 951 2160
4876 4 2 0 1 1317 1607 1965 2042
4877 4 2 0 1 1649 1877 1162 1908
4878 4 2 0 1 1423 1602 1529 2010
4879 4 2 0 1 1333 1412 1472 1924
4880 4 2 0 1 1389 1900 1634 2126
4881 4 2 0 1 694 1615 768 1981
4882 4 2 0 1 732 1785 1649 1909
4883 4 2 0 1 1302 1609 1488 1762
4884 4 2 0 1 1446 1447 1265 1612
4885 4 2 0 1 703 702 521 1612
4886 4 2 0 1 771 570 633 1691
4887 4 2 0 1 1346 1344 1538 1613
4888 4 2 0 1 529 1692 526 1871
4889 4 2 0 1 353 1648 1906 2078
4890 4 2 0 1 495 1626 496 2016
4891 4 2 0 1 672 418 1863 1974
4892 4 2 0 1 453 1720 1841 2180
4893 4 2 0 1 455 1795 1653 1911
4894 4 2 0 1 402 358 361 2107
4895 4 2 0 1 1651 1791 589 1909
4896 4 2 0 1 597 724 1831 2128
4897 4 2 0 1 782 1685 1967 2209
4898 4 2 0 1 1202 1716 1916 1995
4899 4 2 0 1 710 1940 2007 2141
4900 4 2 0 1 427 1876 1867 2017
4901 4 2 0 1 1666 2007 1940 2141
4902 4 2 0 1 1494 1044 913 1816
4903 4 2 0 1 1201 1213 2039 2211
4904 4 2 0 1 426 460 1774 1876
4905 4 2 0 1 1507 1602 1423 1898
4906 4 2 0 1 623 1825 1672 1880
4907 4 2 0 1 1083 1864 1664 2208
4908 4 2 0 1 1714 1917 1120 1994
4909 4 2 0 1 1288 1853 1454 1963
4910 4 2 0 1 381 1794 1673 1850
4911 4 2 0 1 714 1940 1622 2068
4912 4 2 0 1 1097 1983 1648 2143
4913 4 2 0 1 1623 421 1899 2045
4914 4 2 0 1 796 572 557 1851
4915 4 2 0 1 1613 1767 1739 1952
4916 4 2 0 1 1336 1652 1789 2140
4917 4 2 0 1 1436 1371 1830 2171
4918 4 2 0 1 1609 1809 911 2075
4919 4 2 0 1 1010 1604 1886 1893
4920 4 2 0 1 1120 1917 1714 2012
4921 4 2 0 1 1310 1701 1762 1869
4922 4 2 0 1 1657 1990 1801 2085
4923 4 2 0 1 809 1765 1606 2027
4924 4 2 0 1 1753 1848 651 1912
4925 4 2 0 1 1628 1861 1715 2132
4926 4 2 0 1 1383 2061 1054 2116
4927 4 2 0 1 1451 1812 1635 1903
4928 4 2 0 1 761 802 306 2075
4929 4 2 0 1 1616 2002 1222 2157
4930 4 2 0 1 659 1704 740 2003
4931 4 2 0 1 899 1732 866 1891
4932 4 2 0 1 1533 1362 1683 1816
4933 4 2 0 1 633 1691 570 1982
4934 4 2 0 1 675 1614 1768 2020
4935 4 2 0 1 1861 2131 1715 2132
4936 4 2 0 1 1137 1618 1890 2050
4937 4 2 0 1 1264 2030 1619 2074
4938 4 2 0 1 1714 1894 1120 2012
4939 4 2 0 1 557 1851 572 2027
4940 4 2 0 1 1026 992 1013 2130
4941 4 2 0 1 1638 1710 1905 2172
4942 4 2 0 1 1684 1875 720 2127
4943 4 2 0 1 1679 1871 530 2179
4944 4 2 0 1 805 1607 553 1966
4945 4 2 0 1 678 1602 679 1967
4946 4 2 0 1 1274 1387 1220 1887
4947 4 2 0 1 1151 1640 1827 1903
4948 4 2 0 1 1642 1784 1417 1968
4949 4 2 0 1 999 1002 951 1705
4950 4 2 0 1 445 2148 1631 2202
4951 4 2 0 1 1237 1680 1219 2015
4952 4 2 0 1 1686 661 1835 1896
4953 4 2 0 1 1037 1007 949 2100
4954 4 2 0 1 1629 1928 1703 2035
4955 4 2 0 1 1149 1640 1903 2153
4956 4 2 0 1 730 1912 1660 2154
4957 4 2 0 1 1623 1899 421 2216
4958 4 2 0 1 1643 1888 1806 1950
4959 4 2 0 1 1646 1824 1155 1973
4960 4 2 0 1 1251 1662 1250 1956
4961 4 2 0 1 507 1662 1880 2086
4962 4 2 0 1 1226 1874 1654 1923
4963 4 2 0 1 1414 1817 1633 1972
4964 4 2 0 1 1265 1612 1447 2060
4965 4 2 0 1 499 1848 1660 1912
4966 4 2 0 1 1639 1907 1749 2076
4967 4 2 0 1 1287 1819 1642 1904
4968 4 2 0 1 1647 1818 542 1906
4969 4 2 0 1 1195 1820 1659 1910
4970 4 2 0 1 1184 1897 1633 2093
4971 4 2 0 1 837 875 761 1809
4972 4 2 0 1 612 1693 745 2021
4973 4 2 0 1 1219 1680 1237 2124
4974 4 2 0 1 1689 1954 1734 2027
4975 4 2 0 1 617 1628 1915 1949
4976 4 2 0 1 1639 515 1971 2128
4977 4 2 0 1 1373 1729 2050 2138
4978 4 2 0 1 826 1934 921 2181
4979 4 2 0 1 636 637 481 1925
4980 4 2 0 1 649 525 700 2033
4981 4 2 0 1 1222 1808 1616 2079
4982 4 2 0 1 1624 1716 2017 2149
4983 4 2 0 1 1663 1814 648 1962
4984 4 2 0 1 1382 1611 2061 2116
4985 4 2 0 1 1434 1629 1846 2035
4986 4 2 0 1 913 1733 885 1816
4987 4 2 0 1 1621 684 1918 2053
4988 4 2 0 1 1716 1895 1202 2038
4989 4 2 0 1 1273 1692 1836 1920
4990 4 2 0 1 1638 644 1857 1905
4991 4 2 0 1 1649 1476 1859 1908
4992 4 2 0 1 914 1690 871 2099
4993 4 2 0 1 768 1615 562 1809
4994 4 2 0 1 1202 1916 1716 2038
4995 4 2 0 1 525 468 1688 1913
4996 4 2 0 1 1446 1170 1724 1991
4997 4 2 0 1 501 1802 2040 2199
4998 4 2 0 1 1764 1982 1700 2056
4999 4 2 0 1 1382 1611 1821 2061
5000 4 2 0 1 662 2013 1751 2187
5001 4 2 0 1 1077 1833 1674 2000
5002 4 2 0 1 1610 1834 1465 2010
5003 4 2 0 1 475 1680 493 1970
5004 4 2 0 1 1430 1685 1526 2103
5005 4 2 0 1 337 340 1799 2133
5006 4 2 0 1 992 2037 1013 2130
5007 4 2 0 1 481 1806 465 1975
5008 4 2 0 1 869 840 316 1957
5009 4 2 0 1 353 1769 1648 2078
5010 4 2 0 1 1824 1963 1755 2044
5011 4 2 0 1 1668 1895 1459 2028
5012 4 2 0 1 1638 1905 1784 2172
5013 4 2 0 1 669 1905 1644 2144
5014 4 2 0 1 855 1854 1701 2125
5015 4 2 0 1 930 1503 971 1996
5016 4 2 0 1 1035 955 310 1847
5017 4 2 0 1 1168 1858 1620 1883
5018 4 2 0 1 1273 1270 1486 1692
5019 4 2 0 1 1206 1872 1626 1928
5020 4 2 0 1 1515 1691 1377 2196
5021 4 2 0 1 1294 1533 1362 1683
5022 4 2 0 1 715 685 538 2146
5023 4 2 0 1 324 1690 792 2099
5024 4 2 0 1 819 1869 1050 2088
5025 4 2 0 1 1031 1604 1860 1978
5026 4 2 0 1 1689 1848 492 1849
5027 4 2 0 1 699 808 1603 1985
5028 4 2 0 1 1664 1954 579 2065
5029 4 2 0 1 1313 1063 1495 2147
5030 4 2 0 1 1233 1431 1767 2043
5031 4 2 0 1 1637 1842 674 2101
5032 4 2 0 1 1379 1713 1225 2116
5033 4 2 0 1 1624 1876 392 2017
5034 4 2 0 1 739 1768 1610 1843
5035 4 2 0 1 637 1927 1611 2046
5036 4 2 0 1 512 510 664 1744
5037 4 2 0 1 423 1825 1620 1953
5038 4 2 0 1 1207 1650 1859 1973
5039 4 2 0 1 1727 1958 1102 1960
5040 4 2 0 1 1546 1609 1302 1956
5041 4 2 0 1 532 1661 1849 2029
5042 4 2 0 1 1614 2038 1916 2211
5043 4 2 0 1 1522 2158 1705 2160
5044 4 2 0 1 443 1645 1913 2064
5045 4 2 0 1 1186 1643 1950 2122
5046 4 2 0 1 676 675 1768 2020
5047 4 2 0 1 1677 1969 1357 2063
5048 4 2 0 1 1054 1551 995 2061
5049 4 2 0 1 1406 1650 1973 2083
5050 4 2 0 1 1102 1101 1727 2172
5051 4 2 0 1 1099 1411 1727 1983
5052 4 2 0 1 1488 1302 1546 1609
5053 4 2 0 1 1003 1886 1685 1893
5054 4 2 0 1 443 1913 649 2064
5055 4 2 0 1 1648 1769 353 1988
5056 4 2 0 1 1481 1489 1693 2100
5057 4 2 0 1 1656 1790 1820 1912
5058 4 2 0 1 547 567 548 1823
5059 4 2 0 1 929 1023 1933 2081
5060 4 2 0 1 1547 1351 1517 2025
5061 4 2 0 1 1683 1865 1671 1922
5062 4 2 0 1 1408 1826 1677 1950
5063 4 2 0 1 1627 1868 1139 1972
5064 4 2 0 1 795 1875 1695 1959
5065 4 2 0 1 1430 1526 1685 1893
5066 4 2 0 1 771 1691 633 1892
5067 4 2 0 1 1009 1847 1696 2061
5068 4 2 0 1 1623 1433 1861 2184
5069 4 2 0 1 845 894 1914 2191
5070 4 2 0 1 1380 1381 1382 2116
5071 4 2 0 1 1607 1807 1297 1965
5072 4 2 0 1 431 1645 1863 1913
5073 4 2 0 1 794 1613 600 2213
5074 4 2 0 1 869 817 912 1721
5075 4 2 0 1 730 584 582 2154
5076 4 2 0 1 1549 1946 1607 2042
5077 4 2 0 1 473 493 1680 2031
5078 4 2 0 1 1639 1907 515 2128
5079 4 2 0 1 1887 1920 1679 1977
5080 4 2 0 1 542 516 1818 1907
5081 4 2 0 1 667 1828 1669 2107
5082 4 2 0 1 1225 1713 1888 2116
5083 4 2 0 1 1702 1744 1693 2100
5084 4 2 0 1 1163 1172 1877 2195
5085 4 2 0 1 1609 802 2075 2086
5086 4 2 0 1 719 1690 324 1739
5087 4 2 0 1 675 1768 1614 2102
5088 4 2 0 1 1656 1974 454 2098
5089 4 2 0 1 1328 2109 1811 2114
5090 4 2 0 1 768 1615 1796 1981
5091 4 2 0 1 429 430 394 2179
5092 4 2 0 1 1798 1799 1717 2133
5093 4 2 0 1 496 2016 1626 2040
5094 4 2 0 1 1102 1103 1101 2172
5095 4 2 0 1 1422 2103 2010 2211
5096 4 2 0 1 1641 1792 1727 2107
5097 4 2 0 1 475 474 1970 2055
5098 4 2 0 1 429 1618 1889 2179
5099 4 2 0 1 1445 1742 1366 1890
5100 4 2 0 1 453 489 1720 2180
5101 4 2 0 1 1675 622 1889 2087
5102 4 2 0 1 1628 1861 1361 2113
5103 4 2 0 1 1300 1947 1721 2139
5104 4 2 0 1 1262 1895 1628 2113
5105 4 2 0 1 1658 1911 725 2119
5106 4 2 0 1 819 1050 856 2088
5107 4 2 0 1 411 1755 696 2004
5108 4 2 0 1 424 1620 1795 1953
5109 4 2 0 1 1540 2023 1553 2129
5110 4 2 0 1 434 1772 641 1879
5111 4 2 0 1 1700 1808 1278 1932
5112 4 2 0 1 1387 1887 1679 1890
5113 4 2 0 1 1284 1807 1629 1965
5114 4 2 0 1 1374 1245 1703 1872
5115 4 2 0 1 310 955 807 1847
5116 4 2 0 1 899 1833 1732 1891
5117 4 2 0 1 622 1980 1675 2121
5118 4 2 0 1 594 537 1993 2133
5119 4 2 0 1 1372 1964 1673 2011
5120 4 2 0 1 758 1610 721 1934
5121 4 2 0 1 1435 1846 1627 1964
5122 4 2 0 1 556 618 1683 1721
5123 4 2 0 1 1081 1084 1717 1979
5124 4 2 0 1 720 1684 722 1875
5125 4 2 0 1 1463 1536 1353 1690
5126 4 2 0 1 1192 1887 1676 1977
5127 4 2 0 1 1222 2079 1616 2157
5128 4 2 0 1 1606 2023 1540 2129
5129 4 2 0 1 813 317 866 1732
5130 4 2 0 1 1673 1778 1123 2011
5131 4 2 0 1 505 1662 1936 1939
5132 4 2 0 1 676 2020 1967 2146
5133 4 2 0 1 1673 1703 2011 2035
5134 4 2 0 1 1941 2026 1718 2028
5135 4 2 0 1 922 1984 883 2110
5136 4 2 0 1 574 529 2001 2006
5137 4 2 0 1 1370 1931 1678 2178
5138 4 2 0 1 424 1795 1620 1971
5139 4 2 0 1 622 660 629 2121
5140 4 2 0 1 1608 1775 1311 1776
5141 4 2 0 1 1327 1790 1942 2109
5142 4 2 0 1 1494 913 812 1816
5143 4 2 0 1 1536 1690 1463 2034
5144 4 2 0 1 325 1705 743 2058
5145 4 2 0 1 1664 1878 579 1954
5146 4 2 0 1 823 328 872 1760
5147 4 2 0 1 1310 1701 1869 2219
5148 4 2 0 1 1114 1900 1636 1968
5149 4 2 0 1 478 1982 1616 2155
5150 4 2 0 1 1365 1682 1315 1775
5151 4 2 0 1 1184 1633 1904 2093
5152 4 2 0 1 1602 1881 957 1898
5153 4 2 0 1 511 1688 1744 2111
5154 4 2 0 1 1447 1612 1446 2039
5155 4 2 0 1 1811 2109 1660 2114
5156 4 2 0 1 489 1841 1720 2066
5157 4 2 0 1 837 911 1809 2075
5158 4 2 0 1 1673 2011 1964 2035
5159 4 2 0 1 462 1976 1774 2040
5160 4 2 0 1 1463 1690 1767 2034
5161 4 2 0 1 1160 1877 1663 2192
5162 4 2 0 1 505 470 433 1722
5163 4 2 0 1 1302 1609 1762 1956
5164 4 2 0 1 1691 1764 570 1982
5165 4 2 0 1 1747 1983 1097 2186
5166 4 2 0 1 421 2045 1623 2216
5167 4 2 0 1 1300 1683 1362 1816
5168 4 2 0 1 630 2022 620 2040
5169 4 2 0 1 792 1690 719 2067
5170 4 2 0 1 1081 1083 1084 1979
5171 4 2 0 1 794 2189 1613 2213
5172 4 2 0 1 1350 1517 1699 1946
5173 4 2 0 1 866 1732 317 1891
5174 4 2 0 1 1730 1944 430 2179
5175 4 2 0 1 1602 1843 785 2057
5176 4 2 0 1 660 1675 1889 2121
5177 4 2 0 1 570 1691 771 2165
5178 4 2 0 1 1100 1747 1097 2186
5179 4 2 0 1 663 1677 1806 1927
5180 4 2 0 1 507 506 505 2086
5181 4 2 0 1 1278 1521 1700 1932
5182 4 2 0 1 1324 1088 1961 1979
5183 4 2 0 1 1196 1874 1707 1884
5184 4 2 0 1 1637 2005 1436 2171
5185 4 2 0 1 1430 1893 1685 2026
5186 4 2 0 1 1433 1623 1861 1994
5187 4 2 0 1 1386 1624 1862 1995
5188 4 2 0 1 1756 1899 421 2045
5189 4 2 0 1 507 1880 2019 2086
5190 4 2 0 1 796 1851 1606 1955
5191 4 2 0 1 1115 2062 1632 2131
5192 4 2 0 1 1409 1968 1114 2093
5193 4 2 0 1 1665 1875 546 1959
5194 4 2 0 1 855 854 814 2125
5195 4 2 0 1 640 310 639 1847
5196 4 2 0 1 626 783 1989 2152
5197 4 2 0 1 909 2152 1829 2178
5198 4 2 0 1 985 984 1821 2046
5199 4 2 0 1 1347 1807 1348 2077
5200 4 2 0 1 1621 1845 684 2053
5201 4 2 0 1 1641 1960 1830 2153
5202 4 2 0 1 1311 1775 1608 2138
5203 4 2 0 1 1482 1487 1844 1938
5204 4 2 0 1 722 1684 720 2127
5205 4 2 0 1 1281 1671 1923 1947
5206 4 2 0 1 702 1612 703 2102
5207 4 2 0 1 1446 1612 1991 2039
5208 4 2 0 1 1711 1988 1648 2014
5209 4 2 0 1 1137 1837 1618 2050
5210 4 2 0 1 1290 2018 1771 2142
5211 4 2 0 1 656 740 659 1704
5212 4 2 0 1 1772 1879 434 2121
5213 4 2 0 1 1486 1692 1270 2115
5214 4 2 0 1 663 1806 1814 2204
5215 4 2 0 1 786 1608 1805 2049
5216 4 2 0 1 991 1696 1009 2070
5217 4 2 0 1 1438 1512 1615 2077
5218 4 2 0 1 427 392 1876 2017
5219 4 2 0 1 1745 1849 1840 2024
5220 4 2 0 1 1640 1751 1824 2194
5221 4 2 0 1 1513 2000 1681 2090
5222 4 2 0 1 1694 2054 1275 2123
5223 4 2 0 1 1515 1377 1691 2002
5224 4 2 0 1 600 1613 1854 1930
5225 4 2 0 1 522 1992 1621 2055
5226 4 2 0 1 1301 1553 1509 1745
5227 4 2 0 1 488 722 1684 1970
5228 4 2 0 1 917 1882 1699 1946
5229 4 2 0 1 1674 1873 1079 2000
5230 4 2 0 1 805 1882 1607 1966
5231 4 2 0 1 1223 1278 1808 1932
5232 4 2 0 1 405 1783 1640 2013
5233 4 2 0 1 686 680 782 1967
5234 4 2 0 1 1200 1916 1624 1995
5235 4 2 0 1 1607 1882 805 2185
5236 4 2 0 1 1671 1865 537 1922
5237 4 2 0 1 635 1925 481 1975
5238 4 2 0 1 1347 1846 1687 2097
5239 4 2 0 1 1296 1541 1299 2060
5240 4 2 0 1 1707 1911 1795 2008
5241 4 2 0 1 1309 1999 1700 2221
5242 4 2 0 1 1297 1807 1607 1946
5243 4 2 0 1 1654 1922 482 2180
5244 4 2 0 1 1062 978 1498 1815
5245 4 2 0 1 501 1802 496 2040
5246 4 2 0 1 555 1605 1989 2191
5247 4 2 0 1 1828 1924 1750 2187
5248 4 2 0 1 1273 1270 1692 1977
5249 4 2 0 1 1788 1909 1832 1974
5250 4 2 0 1 1702 2058 614 2111
5251 4 2 0 1 1700 1932 1521 1996
5252 4 2 0 1 949 966 2021 2100
5253 4 2 0 1 488 1684 722 2127
5254 4 2 0 1 318 929 1933 2081
5255 4 2 0 1 578 1851 1674 2065
5256 4 2 0 1 521 552 1855 1976
5257 4 2 0 1 999 1705 951 1938
5258 4 2 0 1 1690 1733 1870 2009
5259 4 2 0 1 1345 1343 1921 2043
5260 4 2 0 1 1648 1787 1096 2143
5261 4 2 0 1 1700 1996 1521 2221
5262 4 2 0 1 1686 1845 706 1992
5263 4 2 0 1 384 385 376 2202
5264 4 2 0 1 429 1889 1618 2156
5265 4 2 0 1 1841 2008 1707 2207
5266 4 2 0 1 1812 1902 1635 2074
5267 4 2 0 1 1149 1148 2083 2153
5268 4 2 0 1 409 710 2007 2141
5269 4 2 0 1 661 1896 1686 1992
5270 4 2 0 1 1627 1846 1435 2097
5271 4 2 0 1 644 1905 1638 2170
5272 4 2 0 1 1139 1868 1627 2097
5273 4 2 0 1 889 860 1796 2025
5274 4 2 0 1 1376 1894 1631 2012
5275 4 2 0 1 1680 1738 1621 1919
5276 4 2 0 1 1829 2152 1678 2178
5277 4 2 0 1 352 1906 1648 2014
5278 4 2 0 1 1437 1904 1642 1968
5279 4 2 0 1 1474 1660 1790 2109
5280 4 2 0 1 400 1901 1639 1971
5281 4 2 0 1 1156 1908 1646 1973
5282 4 2 0 1 733 1909 1649 1974
5283 4 2 0 1 1226 1874 1923 2089
5284 4 2 0 1 1631 1390 1902 2005
5285 4 2 0 1 1126 1633 1897 1972
5286 4 2 0 1 1623 1861 1839 2184
5287 4 2 0 1 475 487 474 2055
5288 4 2 0 1 1673 1759 1703 2035
5289 4 2 0 1 1513 1681 1813 2090
5290 4 2 0 1 475 1918 1680 1970
5291 4 2 0 1 795 575 1875 1959
5292 4 2 0 1 405 2013 1640 2194
5293 4 2 0 1 1446 1991 1724 2039
5294 4 2 0 1 786 1805 1608 2092
5295 4 2 0 1 1191 1773 1192 1887
5296 4 2 0 1 1694 1760 1607 2047
5297 4 2 0 1 1618 1944 1730 2179
5298 4 2 0 1 1130 1964 1627 1972
5299 4 2 0 1 1264 1812 2030 2074
5300 4 2 0 1 1287 1642 1819 2082
5301 4 2 0 1 1674 1798 335 2065
5302 4 2 0 1 659 1970 493 2031
5303 4 2 0 1 1305 1535 1921 2219
5304 4 2 0 1 477 1665 1975 2068
5305 4 2 0 1 1382 1821 1611 2063
5306 4 2 0 1 889 825 860 2025
5307 4 2 0 1 409 1896 1666 2007
5308 4 2 0 1 1465 1834 1610 1929
5309 4 2 0 1 1144 1253 1817 2150
5310 4 2 0 1 374 665 1850 2169
5311 4 2 0 1 1703 2040 1802 2199
5312 4 2 0 1 614 1702 611 2021
5313 4 2 0 1 1385 1729 1410 1822
5314 4 2 0 1 1083 1323 1864 2208
5315 4 2 0 1 409 2007 1666 2141
5316 4 2 0 1 1389 1862 1634 2201
5317 4 2 0 1 1417 1784 1642 2082
5318 4 2 0 1 1621 1918 474 2055
5319 4 2 0 1 1667 1808 1223 2079
5320 4 2 0 1 548 1823 567 1998
5321 4 2 0 1 416 418 1804 1863
5322 4 2 0 1 1459 1895 1668 2038
5323 4 2 0 1 785 1768 739 1843
5324 4 2 0 1 1736 1791 1669 1988
5325 4 2 0 1 1867 1876 1724 2017
5326 4 2 0 1 1487 1705 1522 2158
5327 4 2 0 1 543 1818 1642 2144
5328 4 2 0 1 1678 2016 626 2152
5329 4 2 0 1 839 1885 922 2110
5330 4 2 0 1 1744 1927 1693 1969
5331 4 2 0 1 1353 1463 1690 1767
5332 4 2 0 1 1703 1872 1245 1928
5333 4 2 0 1 1483 1610 1465 2010
5334 4 2 0 1 1659 1820 1195 2024
5335 4 2 0 1 1746 1762 1672 1880
5336 4 2 0 1 1863 1913 1803 1962
5337 4 2 0 1 703 1612 521 1855
5338 4 2 0 1 1677 1826 1408 1969
5339 4 2 0 1 1161 1731 1950 2044
5340 4 2 0 1 1216 1676 1919 2124
5341 4 2 0 1 1943 2167 603 2175
5342 4 2 0 1 1734 1811 1689 2129
5343 4 2 0 1 1305 1921 1701 2219
5344 4 2 0 1 318 655 1697 1933
5345 4 2 0 1 1677 1927 1744 1969
5346 4 2 0 1 535 1823 1667 2056
5347 4 2 0 1 339 342 1878 2193
5348 4 2 0 1 1020 1014 2112 2162
5349 4 2 0 1 1662 1810 1250 1956
5350 4 2 0 1 1685 1886 1003 2209
5351 4 2 0 1 1666 1896 409 2141
5352 4 2 0 1 318 1933 1697 2081
5353 4 2 0 1 495 1976 1626 2016
5354 4 2 0 1 686 1886 1685 2209
5355 4 2 0 1 1604 1892 2118 2190
5356 4 2 0 1 1365 1312 1366 1775
5357 4 2 0 1 1628 1715 1861 2094
5358 4 2 0 1 395 2161 1748 2166
5359 4 2 0 1 1795 1883 1858 2168
5360 4 2 0 1 529 1692 742 2215
5361 4 2 0 1 679 1602 785 2057
5362 4 2 0 1 355 356 357 1769
5363 4 2 0 1 1125 1897 1673 1964
5364 4 2 0 1 593 727 500 1770
5365 4 2 0 1 1458 1853 1771 2136
5366 4 2 0 1 1199 1468 1858 2168
5367 4 2 0 1 453 1841 1654 2180
5368 4 2 0 1 1339 1787 1652 2041
5369 4 2 0 1 1105 1147 1830 2153
5370 4 2 0 1 922 1885 1661 2110
5371 4 2 0 1 1289 1290 1771 2142
5372 4 2 0 1 1230 1191 1190 1773
5373 4 2 0 1 1619 1845 486 2051
5374 4 2 0 1 1661 1840 1745 1849
5375 4 2 0 1 1686 1737 1621 1992
5376 4 2 0 1 1062 978 1815 2176
5377 4 2 0 1 1369 1997 1625 2183
5378 4 2 0 1 317 813 755 1732
5379 4 2 0 1 1713 1925 1665 1975
5380 4 2 0 1 641 434 388 1772
5381 4 2 0 1 433 505 1722 1939
5382 4 2 0 1 1636 1778 1118 2093
5383 4 2 0 1 1388 1784 1638 2135
5384 4 2 0 1 1149 1148 1150 2083
5385 4 2 0 1 683 1630 1866 2022
5386 4 2 0 1 652 1781 1635 2105
5387 4 2 0 1 485 1635 1783 2105
5388 4 2 0 1 1647 1786 1261 2104
5389 4 2 0 1 1342 1787 1647 2104
5390 4 2 0 1 1656 1788 1475 2106
5391 4 2 0 1 1478 1790 1656 2106
5392 4 2 0 1 1107 1986 1937 2135
5393 4 2 0 1 611 1744 1702 2111
5394 4 2 0 1 529 526 1692 2215
5395 4 2 0 1 451 491 1848 2218
5396 4 2 0 1 1626 1757 1678 2016
5397 4 2 0 1 427 426 1867 1876
5398 4 2 0 1 1307 1698 1313 1742
5399 4 2 0 1 491 1849 1848 2218
5400 4 2 0 1 897 1891 863 1955
5401 4 2 0 1 617 1628 1949 2094
5402 4 2 0 1 1269 1844 1688 2220
5403 4 2 0 1 1653 1795 455 2128
5404 4 2 0 1 1602 1881 1529 2010
5405 4 2 0 1 1701 1854 566 2125
5406 4 2 0 1 1155 1824 1646 2044
5407 4 2 0 1 1389 1634 1862 2126
5408 4 2 0 1 1697 1933 1023 2081
5409 4 2 0 1 1639 1786 1259 2150
5410 4 2 0 1 457 2017 1614 2020
5411 4 2 0 1 1132 1128 1129 2012
5412 4 2 0 1 1675 1980 622 2087
5413 4 2 0 1 1620 1779 1145 2072
5414 4 2 0 1 694 562 768 1615
5415 4 2 0 1 1438 1512 1306 1615
5416 4 2 0 1 1377 1222 1808 2002
5417 4 2 0 1 1687 2167 1943 2175
5418 4 2 0 1 897 1735 1891 1955
5419 4 2 0 1 1112 1793 1632 2062
5420 4 2 0 1 1624 1724 1876 2017
5421 4 2 0 1 1720 2043 1767 2066
5422 4 2 0 1 1643 1975 1713 2122
5423 4 2 0 1 1207 1859 1908 1973
5424 4 2 0 1 1715 2095 1862 2201
5425 4 2 0 1 939 991 990 1761
5426 4 2 0 1 646 445 704 2148
5427 4 2 0 1 774 863 1891 1955
5428 4 2 0 1 1806 1925 1713 1975
5429 4 2 0 1 612 737 745 1693
5430 4 2 0 1 1114 1118 1409 2093
5431 4 2 0 1 1350 1348 1807 2077
5432 4 2 0 1 1677 1888 1407 1950
5433 4 2 0 1 1668 1941 1429 2038
5434 4 2 0 1 1497 1885 925 2120
5435 4 2 0 1 1034 1489 1007 1821
5436 4 2 0 1 1347 1348 1215 2077
5437 4 2 0 1 1146 1641 1958 2153
5438 4 2 0 1 1281 1671 1947 2188
5439 4 2 0 1 936 779 1933 2159
5440 4 2 0 1 704 1777 652 1781
5441 4 2 0 1 1049 1484 1704 2151
5442 4 2 0 1 1191 1190 1773 1935
5443 4 2 0 1 732 1804 1785 2203
5444 4 2 0 1 1024 1933 1704 2159
5445 4 2 0 1 1347 1284 1807 1846
5446 4 2 0 1 1159 1157 1158 1731
5447 4 2 0 1 1219 1218 1231 1738
5448 4 2 0 1 1665 1925 1713 2032
5449 4 2 0 1 741 640 1959 2070
5450 4 2 0 1 493 1970 1680 2031
5451 4 2 0 1 1438 1810 1615 1956
5452 4 2 0 1 1695 2112 1014 2162
5453 4 2 0 1 1740 1862 1715 2095
5454 4 2 0 1 1741 1861 1715 2094
5455 4 2 0 1 1483 1610 2010 2181
5456 4 2 0 1 530 2087 1679 2179
5457 4 2 0 1 510 648 664 1962
5458 4 2 0 1 1265 1991 1612 2060
5459 4 2 0 1 494 2029 1719 2033
5460 4 2 0 1 1006 1847 1821 2046
5461 4 2 0 1 744 2075 802 2086
5462 4 2 0 1 1699 1882 917 2217
5463 4 2 0 1 918 1739 1690 2034
5464 4 2 0 1 882 747 926 2110
5465 4 2 0 1 535 1823 666 1879
5466 4 2 0 1 1781 1902 1830 2005
5467 4 2 0 1 758 739 721 1610
5468 4 2 0 1 1281 1923 1268 1947
5469 4 2 0 1 1528 845 846 1914
5470 4 2 0 1 1538 1346 1613 1952
5471 4 2 0 1 1363 1813 1321 1947
5472 4 2 0 1 950 1758 1025 2159
5473 4 2 0 1 317 1732 333 1891
5474 4 2 0 1 165 925 881 1885
5475 4 2 0 1 626 1678 1989 2016
5476 4 2 0 1 727 1993 1770 2085
5477 4 2 0 1 1724 1916 1867 2017
5478 4 2 0 1 739 677 721 1855
5479 4 2 0 1 618 1721 316 1957
5480 4 2 0 1 980 318 929 1933
5481 4 2 0 1 1629 1802 1703 1928
5482 4 2 0 1 1690 1870 1720 2009
5483 4 2 0 1 1512 2025 1615 2077
5484 4 2 0 1 702 426 461 1774
5485 4 2 0 1 1308 1307 1313 1742
5486 4 2 0 1 630 620 501 2040
5487 4 2 0 1 1217 1219 1237 2124
5488 4 2 0 1 1791 1828 668 2187
5489 4 2 0 1 1009 955 1035 1847
5490 4 2 0 1 1730 1676 1887 2179
5491 4 2 0 1 451 1848 1659 2218
5492 4 2 0 1 1423 1602 2010 2103
5493 4 2 0 1 1717 1798 1681 2000
5494 4 2 0 1 1482 1938 1844 2182
5495 4 2 0 1 1173 1887 1387 1890
5496 4 2 0 1 1900 1968 1114 2135
5497 4 2 0 1 1512 1306 1615 2025
5498 4 2 0 1 571 806 1980 2096
5499 4 2 0 1 1792 1987 1727 2107
5500 4 2 0 1 507 1880 559 2019
5501 4 2 0 1 1294 1683 1268 1923
5502 4 2 0 1 524 1683 550 1922
5503 4 2 0 1 1679 530 1871 2001
5504 4 2 0 1 1703 1364 2011 2035
5505 4 2 0 1 561 791 1701 1930
5506 4 2 0 1 1730 1887 1773 1935
5507 4 2 0 1 808 699 1603 2029
5508 4 2 0 1 1227 1654 1870 1923
5509 4 2 0 1 1688 2033 1844 2111
5510 4 2 0 1 570 1764 1691 2165
5511 4 2 0 1 1442 1276 1661 1840
5512 4 2 0 1 488 1970 1684 2127
5513 4 2 0 1 1609 2075 911 2088
5514 4 2 0 1 443 649 494 2064
5515 4 2 0 1 1238 1194 1441 1840
5516 4 2 0 1 1509 1984 1745 2023
5517 4 2 0 1 743 2058 1705 2111
5518 4 2 0 1 699 1985 1603 2033
5519 4 2 0 1 1668 1941 1718 2028
5520 4 2 0 1 497 570 1764 1982
5521 4 2 0 1 1678 1757 1626 1931
5522 4 2 0 1 475 1970 487 2055
5523 4 2 0 1 707 652 704 1777
5524 4 2 0 1 1405 1450 1285 2030
5525 4 2 0 1 1602 1898 957 2057
5526 4 2 0 1 604 471 1981 2175
5527 4 2 0 1 1650 1750 1924 2187
5528 4 2 0 1 1272 2024 2114 2129
5529 4 2 0 1 617 518 1915 2149
5530 4 2 0 1 1377 2002 1808 2196
5531 4 2 0 1 812 913 885 1816
5532 4 2 0 1 556 618 524 1683
5533 4 2 0 1 1362 1300 1268 1683
5534 4 2 0 1 1374 1245 1364 1703
5535 4 2 0 1 1026 1013 1698 2130
5536 4 2 0 1 1606 1955 1735 2023
5537 4 2 0 1 1619 2030 1812 2074
5538 4 2 0 1 1787 1906 1831 2014
5539 4 2 0 1 1634 1862 2095 2201
5540 4 2 0 1 1443 1442 1552 2182
5541 4 2 0 1 592 595 348 2119
5542 4 2 0 1 693 1857 673 2144
5543 4 2 0 1 1663 1863 1803 1962
5544 4 2 0 1 1632 1856 1793 2005
5545 4 2 0 1 1892 1978 1604 2118
5546 4 2 0 1 1215 2077 1810 2097
5547 4 2 0 1 366 1857 1780 2170
5548 4 2 0 1 1199 1858 1883 2168
5549 4 2 0 1 905 911 2075 2088
5550 4 2 0 1 1260 1786 1261 1819
5551 4 2 0 1 321 1854 814 2125
5552 4 2 0 1 1474 1395 1790 1820
5553 4 2 0 1 1191 1193 1192 1773
5554 4 2 0 1 1632 1793 1894 2005
5555 4 2 0 1 1290 2018 2142 2222
5556 4 2 0 1 1656 1820 1753 1912
5557 4 2 0 1 727 594 498 1770
5558 4 2 0 1 1197 1874 1196 1884
5559 4 2 0 1 1216 1977 1676 2124
5560 4 2 0 1 1607 1965 1694 2047
5561 4 2 0 1 546 1875 1665 2068
5562 4 2 0 1 817 798 313 1926
5563 4 2 0 1 1381 1380 1888 2116
5564 4 2 0 1 332 774 863 1891
5565 4 2 0 1 1219 1738 1232 2015
5566 4 2 0 1 532 698 1661 2029
5567 4 2 0 1 1324 1961 1728 1979
5568 4 2 0 1 525 1688 511 2111
5569 4 2 0 1 1530 1776 1066 1996
5570 4 2 0 1 1863 1877 1803 2195
5571 4 2 0 1 1871 1887 1676 2179
5572 4 2 0 1 1871 1887 1679 1977
5573 4 2 0 1 1803 1863 1663 1877
5574 4 2 0 1 1688 1913 468 1962
5575 4 2 0 1 1764 1700 1982 2196
5576 4 2 0 1 884 1605 1934 2191
5577 4 2 0 1 1682 2037 1698 2147
5578 4 2 0 1 1215 1687 2077 2097
5579 4 2 0 1 1640 1827 1824 2083
5580 4 2 0 1 1693 2021 1702 2100
5581 4 2 0 1 380 440 382 1850
5582 4 2 0 1 1643 2108 1975 2122
5583 4 2 0 1 1442 1276 1537 1661
5584 4 2 0 1 1698 1742 1307 1920
5585 4 2 0 1 318 1697 655 2081
5586 4 2 0 1 1113 1900 1937 2201
5587 4 2 0 1 1670 1883 1707 1884
5588 4 2 0 1 1810 2077 1687 2097
5589 4 2 0 1 1446 1205 1170 1991
5590 4 2 0 1 1350 1517 1351 1699
5591 4 2 0 1 1623 1899 1756 2045
5592 4 2 0 1 628 1759 620 2022
5593 4 2 0 1 407 1835 1896 2194
5594 4 2 0 1 419 672 418 1863
5595 4 2 0 1 668 1791 728 1988
5596 4 2 0 1 451 1753 444 2064
5597 4 2 0 1 1323 1811 1328 1864
5598 4 2 0 1 1201 2038 1203 2211
5599 4 2 0 1 1374 1703 1364 2011
5600 4 2 0 1 1700 1764 565 2059
5601 4 2 0 1 1786 1907 1819 2150
5602 4 2 0 1 1319 2162 2018 2222
5603 4 2 0 1 1681 1813 1721 1947
5604 4 2 0 1 1012 1027 2096 2147
5605 4 2 0 1 1304 1303 1305 1762
5606 4 2 0 1 1481 1356 1489 2100
5607 4 2 0 1 560 1880 1672 2205
5608 4 2 0 1 1144 1779 1817 2183
5609 4 2 0 1 1745 2023 1606 2129
5610 4 2 0 1 986 1847 1006 2046
5611 4 2 0 1 1644 2082 1818 2144
5612 4 2 0 1 1289 1221 1290 2142
5613 4 2 0 1 358 1987 1792 2107
5614 4 2 0 1 921 878 826 1843
5615 4 2 0 1 1731 1877 1804 1908
5616 4 2 0 1 1309 1700 1521 2221
5617 4 2 0 1 1966 1981 606 2217
5618 4 2 0 1 1809 1956 1609 2071
5619 4 2 0 1 1683 2009 550 2180
5620 4 2 0 1 1788 1832 1656 1974
5621 4 2 0 1 1797 2084 538 2146
5622 4 2 0 1 902 866 899 1732
5623 4 2 0 1 857 834 1076 1735
5624 4 2 0 1 1745 1765 1606 2023
5625 4 2 0 1 455 724 597 2128
5626 4 2 0 1 1724 1624 1916 2017
5627 4 2 0 1 562 1809 1615 2086
5628 4 2 0 1 1425 1694 1275 2123
5629 4 2 0 1 1701 855 2125 2219
5630 4 2 0 1 806 1980 1682 2145
5631 4 2 0 1 1621 1918 1680 1919
5632 4 2 0 1 1632 1894 1856 2005
5633 4 2 0 1 1871 1679 1920 1977
5634 4 2 0 1 1170 1724 1991 2206
5635 4 2 0 1 1168 1199 1858 1883
5636 4 2 0 1 1536 1690 2034 2163
5637 4 2 0 1 643 530 1871 2179
5638 4 2 0 1 1225 1186 1888 2122
5639 4 2 0 1 794 1854 1613 2189
5640 4 2 0 1 1778 1866 1850 2169
5641 4 2 0 1 1707 1874 1841 1884
5642 4 2 0 1 719 1690 1739 2067
5643 4 2 0 1 2010 2103 1725 2211
5644 4 2 0 1 1644 1747 1818 2082
5645 4 2 0 1 357 355 1769 1987
5646 4 2 0 1 407 405 708 1835
5647 4 2 0 1 633 1892 1691 1982
5648 4 2 0 1 1486 1692 1815 1836
5649 4 2 0 1 1713 1806 1611 1925
5650 4 2 0 1 1710 1842 1638 2212
5651 4 2 0 1 694 1936 1615 1981
5652 4 2 0 1 694 562 1615 1936
5653 4 2 0 1 1447 1612 2039 2060
5654 4 2 0 1 1717 1873 1798 2000
5655 4 2 0 1 1752 1863 1649 1974
5656 4 2 0 1 1689 2114 2024 2129
5657 4 2 0 1 1207 1859 1476 1908
5658 4 2 0 1 1810 1997 1214 2097
5659 4 2 0 1 1414 1904 1817 2150
5660 4 2 0 1 714 2068 1622 2127
5661 4 2 0 1 1211 1169 1800 2043
5662 4 2 0 1 1621 1686 1845 2030
5663 4 2 0 1 1691 1892 771 1978
5664 4 2 0 1 1861 1949 1839 2113
5665 4 2 0 1 1804 1863 1649 1877
5666 4 2 0 1 918 1690 914 2163
5667 4 2 0 1 1042 957 162 1881
5668 4 2 0 1 495 626 1976 2016
5669 4 2 0 1 1469 1961 1789 2198
5670 4 2 0 1 1518 1076 834 1735
5671 4 2 0 1 1092 2041 1339 2140
5672 4 2 0 1 1118 1117 1778 1900
5673 4 2 0 1 1240 1928 1626 1931
5674 4 2 0 1 1014 2112 1695 2177
5675 4 2 0 1 1695 1875 2003 2117
5676 4 2 0 1 848 847 1957 2099
5677 4 2 0 1 941 325 962 1985
5678 4 2 0 1 911 1809 1609 2088
5679 4 2 0 1 529 1692 1871 2001
5680 4 2 0 1 985 984 1006 1821
5681 4 2 0 1 1377 1691 2002 2196
5682 4 2 0 1 1101 1727 2172 2186
5683 4 2 0 1 1821 1847 1006 2061
5684 4 2 0 1 336 1798 1681 2133
5685 4 2 0 1 1172 1826 1803 2220
5686 4 2 0 1 472 526 1766 1871
5687 4 2 0 1 1433 1165 1839 2184
5688 4 2 0 1 567 1998 1608 2049
5689 4 2 0 1 1712 1839 1949 2113
5690 4 2 0 1 574 2006 2001 2130
5691 4 2 0 1 1806 2108 1643 2204
5692 4 2 0 1 1609 2071 1956 2088
5693 4 2 0 1 1297 1248 1317 1965
5694 4 2 0 1 1654 1841 1874 1884
5695 4 2 0 1 1745 1984 1765 2023
5696 4 2 0 1 534 2056 1700 2092
5697 4 2 0 1 1291 1932 1608 1996
5698 4 2 0 1 1424 1941 1430 2103
5699 4 2 0 1 1239 1757 1370 1931
5700 4 2 0 1 1795 1858 1653 2168
5701 4 2 0 1 959 992 751 2037
5702 4 2 0 1 1522 1487 1069 1705
5703 4 2 0 1 1779 1625 2072 2164
5704 4 2 0 1 1723 1837 1618 1935
5705 4 2 0 1 1815 2115 1402 2176
5706 4 2 0 1 681 502 504 2047
5707 4 2 0 1 1699 1981 1966 2217
5708 4 2 0 1 317 334 333 1732
5709 4 2 0 1 1001 1898 1685 2209
5710 4 2 0 1 1372 2011 1364 2035
5711 4 2 0 1 1515 2036 1691 2196
5712 4 2 0 1 806 301 2037 2096
5713 4 2 0 1 1535 2069 1921 2219
5714 4 2 0 1 1631 1723 1777 1902
5715 4 2 0 1 635 481 465 1975
5716 4 2 0 1 722 1875 1684 2003
5717 4 2 0 1 477 549 635 1975
5718 4 2 0 1 996 1039 956 1985
5719 4 2 0 1 1634 1937 1900 2201
5720 4 2 0 1 750 316 840 1957
5721 4 2 0 1 1681 1865 577 2133
5722 4 2 0 1 806 2037 1682 2096
5723 4 2 0 1 478 480 1982 2155
5724 4 2 0 1 1161 1731 1159 1950
5725 4 2 0 1 1306 1615 2025 2071
5726 4 2 0 1 663 664 441 1814
5727 4 2 0 1 370 519 665 1857
5728 4 2 0 1 674 513 692 1856
5729 4 2 0 1 1332 1334 1333 1859
5730 4 2 0 1 1259 1144 1397 1858
5731 4 2 0 1 1107 1110 1388 2135
5732 4 2 0 1 602 2189 794 2213
5733 4 2 0 1 1100 1413 1449 2082
5734 4 2 0 1 1138 1133 1391 1723
5735 4 2 0 1 1013 2037 1698 2130
5736 4 2 0 1 1442 1497 1552 2120
5737 4 2 0 1 1778 1900 1117 2126
5738 4 2 0 1 663 1814 441 2204
5739 4 2 0 1 1662 1762 1746 1880
5740 4 2 0 1 1829 2016 1678 2152
5741 4 2 0 1 1701 2069 855 2219
5742 4 2 0 1 436 1756 435 2045
5743 4 2 0 1 1710 1638 1842 1986
5744 4 2 0 1 1266 1450 1457 1737
5745 4 2 0 1 922 828 883 1984
5746 4 2 0 1 1469 1789 1961 2140
5747 4 2 0 1 1715 1861 1741 2131
5748 4 2 0 1 1715 1862 1740 2132
5749 4 2 0 1 1300 1363 1947 2139
5750 4 2 0 1 1146 1105 1102 1960
5751 4 2 0 1 1429 1941 1725 2038
5752 4 2 0 1 1654 1923 1874 2089
5753 4 2 0 1 1734 2027 1606 2129
5754 4 2 0 1 1224 1222 2002 2157
5755 4 2 0 1 562 1615 1936 2086
5756 4 2 0 1 832 884 845 1929
5757 4 2 0 1 1438 1615 1306 1956
5758 4 2 0 1 737 1693 612 1927
5759 4 2 0 1 1719 1913 1844 2073
5760 4 2 0 1 1265 1757 1991 2060
5761 4 2 0 1 321 566 1854 2125
5762 4 2 0 1 466 2068 1975 2108
5763 4 2 0 1 826 880 921 1934
5764 4 2 0 1 2018 2162 1695 2222
5765 4 2 0 1 722 1684 1970 2003
5766 4 2 0 1 902 1732 899 1833
5767 4 2 0 1 1692 526 1871 2215
5768 4 2 0 1 622 629 1980 2121
5769 4 2 0 1 597 1911 1831 2119
5770 4 2 0 1 1604 1978 776 2118
5771 4 2 0 1 411 2004 413 2203
5772 4 2 0 1 791 566 1701 1854
5773 4 2 0 1 880 921 1934 2181
5774 4 2 0 1 1319 1539 2018 2162
5775 4 2 0 1 1392 1172 1826 2192
5776 4 2 0 1 971 1503 1066 1996
5777 4 2 0 1 884 894 845 2191
5778 4 2 0 1 1006 1821 984 2046
5779 4 2 0 1 611 1702 614 2111
5780 4 2 0 1 949 1046 965 2100
5781 4 2 0 1 823 682 1760 1829
5782 4 2 0 1 1020 2112 1758 2162
5783 4 2 0 1 655 2081 1697 2215
5784 4 2 0 1 374 1850 1866 2169
5785 4 2 0 1 1010 1886 1003 1893
5786 4 2 0 1 1385 1410 1432 1822
5787 4 2 0 1 1689 2027 1734 2129
5788 4 2 0 1 727 594 1770 1993
5789 4 2 0 1 1327 1329 1090 2134
5790 4 2 0 1 723 576 2003 2112
5791 4 2 0 1 1620 1779 2072 2164
5792 4 2 0 1 1698 1836 1026 2130
5793 4 2 0 1 538 1797 539 2084
5794 4 2 0 1 528 1954 1689 2027
5795 4 2 0 1 1818 1819 1647 1907
5796 4 2 0 1 1636 1968 1900 2135
5797 4 2 0 1 1309 1278 1521 1700
5798 4 2 0 1 666 434 1879 2121
5799 4 2 0 1 542 516 543 1818
5800 4 2 0 1 699 2029 494 2033
5801 4 2 0 1 1110 1107 1937 2135
5802 4 2 0 1 1488 1869 1609 2088
5803 4 2 0 1 301 976 2037 2096
5804 4 2 0 1 1686 1737 1992 2141
5805 4 2 0 1 1727 1958 1669 1983
5806 4 2 0 1 1719 1913 1645 2064
5807 4 2 0 1 561 791 566 1701
5808 4 2 0 1 1270 1692 1977 2115
5809 4 2 0 1 1379 1225 1380 2116
5810 4 2 0 1 1333 1859 1473 1924
5811 4 2 0 1 1809 2071 1609 2088
5812 4 2 0 1 1343 1211 1367 1800
5813 4 2 0 1 1969 2063 1693 2100
5814 4 2 0 1 1151 1827 1452 1903
5815 4 2 0 1 1350 1699 1349 2077
5816 4 2 0 1 693 673 543 2144
5817 4 2 0 1 517 1907 1831 2128
5818 4 2 0 1 1037 949 2021 2100
5819 4 2 0 1 489 439 1841 2066
5820 4 2 0 1 1692 2001 2006 2130
5821 4 2 0 1 368 2101 2052 2137
5822 4 2 0 1 1643 1950 1731 2044
5823 4 2 0 1 1607 1760 1694 1965
5824 4 2 0 1 1328 1864 1811 2109
5825 4 2 0 1 1273 1692 1920 1977
5826 4 2 0 1 1613 1921 1743 2043
5827 4 2 0 1 1177 1214 1997 2097
5828 4 2 0 1 1346 1952 1059 2034
5829 4 2 0 1 908 1796 1809 2071
5830 4 2 0 1 1746 2072 1625 2164
5831 4 2 0 1 1706 1853 1210 1963
5832 4 2 0 1 617 2094 615 2149
5833 4 2 0 1 1823 2056 535 2092
5834 4 2 0 1 539 1797 538 2146
5835 4 2 0 1 1775 1675 1980 2121
5836 4 2 0 1 1665 2142 2018 2222
5837 4 2 0 1 1611 1806 1713 1888
5838 4 2 0 1 632 646 1856 2202
5839 4 2 0 1 165 925 1885 2120
5840 4 2 0 1 577 769 619 1926
5841 4 2 0 1 1225 1888 1713 2122
5842 4 2 0 1 795 1959 1695 2177
5843 4 2 0 1 685 539 538 2146
5844 4 2 0 1 536 495 626 1976
5845 4 2 0 1 740 1704 656 2159
5846 4 2 0 1 431 1863 428 1913
5847 4 2 0 1 472 1766 473 1918
5848 4 2 0 1 1781 1830 1637 2005
5849 4 2 0 1 660 1889 1772 2121
5850 4 2 0 1 332 863 811 1891
5851 4 2 0 1 1862 2132 1715 2201
5852 4 2 0 1 992 319 2037 2130
5853 4 2 0 1 1731 1908 1646 2044
5854 4 2 0 1 737 1693 1927 2046
5855 4 2 0 1 1307 1742 1308 1920
5856 4 2 0 1 1867 1916 1724 2039
5857 4 2 0 1 1750 1924 1828 1958
5858 4 2 0 1 688 535 666 1879
5859 4 2 0 1 1688 1913 1803 2073
5860 4 2 0 1 1778 1850 1636 2169
5861 4 2 0 1 414 418 732 1804
5862 4 2 0 1 823 682 328 1760
5863 4 2 0 1 1303 1762 1488 1869
5864 4 2 0 1 741 640 549 1959
5865 4 2 0 1 507 2019 559 2086
5866 4 2 0 1 655 658 2081 2215
5867 4 2 0 1 1211 1455 1169 2043
5868 4 2 0 1 1315 1775 1682 1776
5869 4 2 0 1 823 1760 910 1829
5870 4 2 0 1 1724 1916 1171 2039
5871 4 2 0 1 1351 1349 1699 2025
5872 4 2 0 1 524 618 550 1683
5873 4 2 0 1 1294 1362 1268 1683
5874 4 2 0 1 592 597 1831 2119
5875 4 2 0 1 1127 1994 1917 2184
5876 4 2 0 1 1094 2134 1852 2143
5877 4 2 0 1 926 163 839 1885
5878 4 2 0 1 751 301 976 2037
5879 4 2 0 1 1136 1171 1170 1724
5880 4 2 0 1 1611 1806 1888 1927
5881 4 2 0 1 1526 1685 1898 2103
5882 4 2 0 1 1615 1810 1438 2077
5883 4 2 0 1 1683 1816 1721 1957
5884 4 2 0 1 1856 2101 372 2137
5885 4 2 0 1 374 1850 379 1866
5886 4 2 0 1 882 839 922 2110
5887 4 2 0 1 1921 2069 1701 2219
5888 4 2 0 1 304 989 928 1978
5889 4 2 0 1 414 1804 732 2203
5890 4 2 0 1 1691 1515 2002 2190
5891 4 2 0 1 1644 1818 1747 2078
5892 4 2 0 1 716 1915 1712 1949
5893 4 2 0 1 1686 1621 1845 1992
5894 4 2 0 1 1646 1731 1804 1908
5895 4 2 0 1 889 1796 908 2071
5896 4 2 0 1 1664 1878 1864 2193
5897 4 2 0 1 420 1756 688 1879
5898 4 2 0 1 1391 1723 1189 2074
5899 4 2 0 1 1682 2096 1027 2147
5900 4 2 0 1 1222 1180 2079 2157
5901 4 2 0 1 740 656 779 2159
5902 4 2 0 1 553 1966 1607 2047
5903 4 2 0 1 1504 938 1758 2162
5904 4 2 0 1 1237 1951 1680 2015
5905 4 2 0 1 1307 1836 1698 1920
5906 4 2 0 1 1545 1893 2026 2190
5907 4 2 0 1 1791 1924 1828 2187
5908 4 2 0 1 1750 2083 1148 2153
5909 4 2 0 1 830 1833 1061 2090
5910 4 2 0 1 1742 1675 1890 2087
5911 4 2 0 1 1102 1727 1101 2186
5912 4 2 0 1 1658 2119 1801 2140
5913 4 2 0 1 1658 1770 1728 2085
5914 4 2 0 1 1615 1956 1809 2071
5915 4 2 0 1 656 1704 779 2159
5916 4 2 0 1 1260 1786 1819 2150
5917 4 2 0 1 1379 2032 1713 2116
5918 4 2 0 1 621 1980 806 2145
5919 4 2 0 1 618 550 1683 1957
5920 4 2 0 1 1246 1694 1928 1931
5921 4 2 0 1 1722 1936 470 2167
5922 4 2 0 1 1420 2103 1422 2211
5923 4 2 0 1 1349 1699 2025 2077
5924 4 2 0 1 1017 2081 1815 2176
5925 4 2 0 1 1425 1246 1694 1965
5926 4 2 0 1 1301 1540 1553 2129
5927 4 2 0 1 1147 1105 1146 2153
5928 4 2 0 1 1700 2059 565 2092
5929 4 2 0 1 1683 1922 1671 1923
5930 4 2 0 1 1046 965 2100 2160
5931 4 2 0 1 1797 1886 1604 2026
5932 4 2 0 1 1791 1859 1651 1924
5933 4 2 0 1 1423 2010 1422 2103
5934 4 2 0 1 1685 1886 1797 2026
5935 4 2 0 1 1695 2112 795 2177
5936 4 2 0 1 531 1694 681 1829
5937 4 2 0 1 620 2022 1759 2199
5938 4 2 0 1 1486 1815 1692 2115
5939 4 2 0 1 1267 1737 1461 1853
5940 4 2 0 1 1689 1811 1660 2114
5941 4 2 0 1 1774 1976 1626 2040
5942 4 2 0 1 340 1993 1799 2133
5943 4 2 0 1 1658 1789 2119 2140
5944 4 2 0 1 1664 1798 1717 1873
5945 4 2 0 1 627 1842 1792 2212
5946 4 2 0 1 1639 1907 1786 2150
5947 4 2 0 1 1640 1824 1751 2083
5948 4 2 0 1 1769 1983 1747 2186
5949 4 2 0 1 1753 1820 1656 2048
5950 4 2 0 1 717 1940 710 2141
5951 4 2 0 1 1345 1211 1343 2043
5952 4 2 0 1 701 2087 530 2179
5953 4 2 0 1 751 806 301 2037
5954 4 2 0 1 1445 1308 1366 1742
5955 4 2 0 1 362 1842 627 2212
5956 4 2 0 1 461 1774 462 1976
5957 4 2 0 1 455 726 1795 1911
5958 4 2 0 1 1704 1933 779 2159
5959 4 2 0 1 1701 1854 855 2069
5960 4 2 0 1 1622 1940 1706 2068
5961 4 2 0 1 1820 1848 1753 1912
5962 4 2 0 1 1787 1831 1652 2014
5963 4 2 0 1 1249 1214 1810 1997
5964 4 2 0 1 517 1831 724 2128
5965 4 2 0 1 511 1744 611 2111
5966 4 2 0 1 438 726 452 2008
5967 4 2 0 1 1144 1817 1141 2183
5968 4 2 0 1 1696 1665 1959 2222
5969 4 2 0 1 591 1801 593 2119
5970 4 2 0 1 1208 1161 1186 2122
5971 4 2 0 1 1775 2121 1823 2138
5972 4 2 0 1 621 571 806 1980
5973 4 2 0 1 681 504 573 2047
5974 4 2 0 1 1797 1886 686 2118
5975 4 2 0 1 1664 1864 1799 2193
5976 4 2 0 1 875 837 911 1809
5977 4 2 0 1 1638 1842 2170 2212
5978 4 2 0 1 1161 1159 1185 1950
5979 4 2 0 1 1937 1986 1638 2135
5980 4 2 0 1 1275 1694 1931 2054
5981 4 2 0 1 1225 1888 1380 2116
5982 4 2 0 1 565 534 1700 2092
5983 4 2 0 1 1669 1828 1791 1924
5984 4 2 0 1 618 789 550 1957
5985 4 2 0 1 1734 1674 2065 2208
5986 4 2 0 1 1696 2032 1665 2222
5987 4 2 0 1 1844 2033 1705 2111
5988 4 2 0 1 1073 1489 1034 1821
5989 4 2 0 1 396 1748 397 1901
5990 4 2 0 1 516 509 1749 1907
5991 4 2 0 1 651 454 1753 1912
5992 4 2 0 1 1697 2081 1023 2176
5993 4 2 0 1 1716 1915 1668 2020
5994 4 2 0 1 1528 846 1524 1914
5995 4 2 0 1 1189 1902 1448 2074
5996 4 2 0 1 1723 1777 1902 2074
5997 4 2 0 1 1873 2065 1674 2208
5998 4 2 0 1 742 529 574 2006
5999 4 2 0 1 420 421 1756 1899
6000 4 2 0 1 848 1957 1733 2099
6001 4 2 0 1 1785 1908 1859 1973
6002 4 2 0 1 1752 1649 1863 1877
6003 4 2 0 1 1668 1797 1718 1941
6004 4 2 0 1 1024 1704 1933 2151
6005 4 2 0 1 1099 1983 1727 2186
6006 4 2 0 1 1829 2054 909 2178
6007 4 2 0 1 791 1854 1701 1930
6008 4 2 0 1 1306 1956 1615 2071
6009 4 2 0 1 676 1768 678 1967
6010 4 2 0 1 1603 2029 699 2033
6011 4 2 0 1 725 591 593 2119
6012 4 2 0 1 396 1748 1901 2166
6013 4 2 0 1 1711 1736 1648 1988
6014 4 2 0 1 1780 1857 1638 2170
6015 4 2 0 1 1050 819 1534 1869
6016 4 2 0 1 1609 2075 2019 2086
6017 4 2 0 1 1104 1710 1986 2172
6018 4 2 0 1 1848 1849 1659 2218
6019 4 2 0 1 711 2066 1953 2207
6020 4 2 0 1 1305 1701 1310 2219
6021 4 2 0 1 624 1825 1939 2164
6022 4 2 0 1 1673 1964 1759 2035
6023 4 2 0 1 399 620 628 1759
6024 4 2 0 1 459 715 458 2020
6025 4 2 0 1 1109 1108 1111 2062
6026 4 2 0 1 682 681 1760 1829
6027 4 2 0 1 1689 1660 1848 2114
6028 4 2 0 1 1862 1948 1838 2126
6029 4 2 0 1 666 434 641 1879
6030 4 2 0 1 368 2052 371 2137
6031 4 2 0 1 996 1985 956 2120
6032 4 2 0 1 1640 1835 1827 1903
6033 4 2 0 1 1017 1023 2081 2176
6034 4 2 0 1 497 570 565 1764
6035 4 2 0 1 514 668 1828 2187
6036 4 2 0 1 1229 1903 1830 2153
6037 4 2 0 1 734 1832 1912 2154
6038 4 2 0 1 458 1716 2017 2020
6039 4 2 0 1 426 391 460 1876
6040 4 2 0 1 1975 2068 1706 2108
6041 4 2 0 1 639 640 1847 1925
6042 4 2 0 1 1755 1666 1853 1963
6043 4 2 0 1 1034 1007 985 1821
6044 4 2 0 1 1076 1735 1298 1833
6045 4 2 0 1 1852 2134 1711 2143
6046 4 2 0 1 1612 1774 1724 1867
6047 4 2 0 1 1108 1986 1793 2062
6048 4 2 0 1 1076 857 1735 1833
6049 4 2 0 1 1201 1203 1419 2211
6050 4 2 0 1 777 565 2059 2092
6051 4 2 0 1 606 1981 605 2217
6052 4 2 0 1 1336 1092 1339 2140
6053 4 2 0 1 483 482 1922 2180
6054 4 2 0 1 669 2078 705 2144
6055 4 2 0 1 710 1940 1755 2007
6056 4 2 0 1 876 1946 1514 2042
6057 4 2 0 1 964 1048 944 1893
6058 4 2 0 1 1152 1824 1153 1827
6059 4 2 0 1 1252 1262 1995 2132
6060 4 2 0 1 1608 1996 1932 2092
6061 4 2 0 1 1642 1818 1749 1819
6062 4 2 0 1 1119 1116 1994 2131
6063 4 2 0 1 1309 1700 1999 2196
6064 4 2 0 1 1688 1844 1913 2073
6065 4 2 0 1 1697 2115 1815 2176
6066 4 2 0 1 1630 1866 1708 1876
6067 4 2 0 1 416 419 418 1863
6068 4 2 0 1 1688 2158 1269 2220
6069 4 2 0 1 1323 1328 1086 1864
6070 4 2 0 1 1531 1485 1054 1761
6071 4 2 0 1 1683 550 1922 2180
6072 4 2 0 1 319 2037 1698 2145
6073 4 2 0 1 1433 1839 1439 1861
6074 4 2 0 1 904 1955 896 2023
6075 4 2 0 1 1021 1006 1847 2061
6076 4 2 0 1 1097 1100 1453 1747
6077 4 2 0 1 543 516 671 1749
6078 4 2 0 1 451 651 444 1753
6079 4 2 0 1 487 2055 1970 2127
6080 4 2 0 1 1838 1862 1624 1948
6081 4 2 0 1 1839 1861 1623 1949
6082 4 2 0 1 561 1701 566 2205
6083 4 2 0 1 1644 1769 1747 2186
6084 4 2 0 1 1297 1807 1284 1965
6085 4 2 0 1 435 688 420 1756
6086 4 2 0 1 421 689 2045 2216
6087 4 2 0 1 1808 1982 1691 2002
6088 4 2 0 1 973 944 1048 1860
6089 4 2 0 1 1675 2121 1775 2138
6090 4 2 0 1 1691 1860 1515 2190
6091 4 2 0 1 1356 2063 1969 2100
6092 4 2 0 1 1688 1844 1269 2158
6093 4 2 0 1 1242 1281 1338 2188
6094 4 2 0 1 604 603 471 2175
6095 4 2 0 1 1258 1924 1750 1958
6096 4 2 0 1 1749 1817 1633 1904
6097 4 2 0 1 785 678 739 1768
6098 4 2 0 1 1152 1151 1150 2083
6099 4 2 0 1 1249 1214 1250 1810
6100 4 2 0 1 1840 1849 1661 2029
6101 4 2 0 1 1323 1811 1864 2208
6102 4 2 0 1 1716 1915 458 2149
6103 4 2 0 1 1603 1985 1885 2120
6104 4 2 0 1 1054 1384 1383 2116
6105 4 2 0 1 1743 1953 711 2066
6106 4 2 0 1 1735 1833 897 1891
6107 4 2 0 1 1616 1982 1808 2002
6108 4 2 0 1 1124 1778 1123 1897
6109 4 2 0 1 304 928 748 1978
6110 4 2 0 1 1402 1062 1815 2176
6111 4 2 0 1 1889 1890 1675 2087
6112 4 2 0 1 1133 1189 1391 1723
6113 4 2 0 1 1766 1871 526 2215
6114 4 2 0 1 1058 1815 988 1836
6115 4 2 0 1 1744 1969 1693 2100
6116 4 2 0 1 473 1766 654 2031
6117 4 2 0 1 1294 1354 1533 1733
6118 4 2 0 1 565 1700 534 2056
6119 4 2 0 1 1415 1904 1414 2150
6120 4 2 0 1 1743 1800 1672 1953
6121 4 2 0 1 1346 1463 1767 2034
6122 4 2 0 1 1024 950 1025 2159
6123 4 2 0 1 1644 1818 2078 2144
6124 4 2 0 1 1163 1172 1160 1877
6125 4 2 0 1 1725 2010 1602 2103
6126 4 2 0 1 1423 1898 1602 2103
6127 4 2 0 1 1334 1473 1333 1859
6128 4 2 0 1 1692 1836 2001 2130
6129 4 2 0 1 1949 2045 689 2216
6130 4 2 0 1 1749 1817 1904 2150
6131 4 2 0 1 579 339 342 1878
6132 4 2 0 1 1472 1736 1094 1852
6133 4 2 0 1 1682 1998 1980 2096
6134 4 2 0 1 1640 1783 1750 2013
6135 4 2 0 1 1636 1778 1708 1900
6136 4 2 0 1 1327 1942 1326 2109
6137 4 2 0 1 1023 1933 1697 2176
6138 4 2 0 1 1391 1138 1723 1935
6139 4 2 0 1 520 1777 647 1944
6140 4 2 0 1 1016 1805 1018 1996
6141 4 2 0 1 1613 1930 600 2213
6142 4 2 0 1 1687 1846 1807 2175
6143 4 2 0 1 1136 1838 1724 2206
6144 4 2 0 1 848 847 885 1957
6145 4 2 0 1 1286 1747 1453 2082
6146 4 2 0 1 2014 2041 1787 2143
6147 4 2 0 1 491 492 1848 1849
6148 4 2 0 1 1263 1968 1784 2135
6149 4 2 0 1 1714 1894 1856 2137
6150 4 2 0 1 1422 1423 1529 2010
6151 4 2 0 1 746 626 2016 2152
6152 4 2 0 1 1795 1953 1883 2207
6153 4 2 0 1 1762 2019 1880 2086
6154 4 2 0 1 1214 1215 1810 2097
6155 4 2 0 1 656 779 1704 1933
6156 4 2 0 1 1290 2142 1221 2222
6157 4 2 0 1 1692 2006 742 2215
6158 4 2 0 1 978 1017 1815 2176
6159 4 2 0 1 1892 1718 2118 2190
6160 4 2 0 1 1620 1971 1779 2164
6161 4 2 0 1 727 580 1993 2085
6162 4 2 0 1 848 885 1733 1957
6163 4 2 0 1 1099 1411 1102 1727
6164 4 2 0 1 1351 1349 1350 1699
6165 4 2 0 1 1324 1085 1088 1979
6166 4 2 0 1 852 817 313 1926
6167 4 2 0 1 716 617 1915 1949
6168 4 2 0 1 411 696 413 2004
6169 4 2 0 1 429 393 1889 2156
6170 4 2 0 1 735 1954 1851 2065
6171 4 2 0 1 1324 1337 1471 1728
6172 4 2 0 1 1144 1259 1253 2150
6173 4 2 0 1 1373 1729 1178 2050
6174 4 2 0 1 763 1843 160 2057
6175 4 2 0 1 502 1802 1694 2016
6176 4 2 0 1 390 1708 1876 1948
6177 4 2 0 1 448 447 1730 2053
6178 4 2 0 1 1685 1893 1886 2026
6179 4 2 0 1 1178 1410 1385 1729
6180 4 2 0 1 1472 1094 1330 1852
6181 4 2 0 1 1807 1846 1629 2175
6182 4 2 0 1 1246 1928 1694 1965
6183 4 2 0 1 530 2001 1679 2087
6184 4 2 0 1 446 430 447 1730
6185 4 2 0 1 1431 1353 1233 1767
6186 4 2 0 1 448 447 430 1730
6187 4 2 0 1 744 2019 2075 2086
6188 4 2 0 1 1373 1410 1178 1729
6189 4 2 0 1 1016 1805 1996 2049
6190 4 2 0 1 1430 1526 1424 2103
6191 4 2 0 1 368 372 2101 2137
6192 4 2 0 1 1620 1883 1795 1953
6193 4 2 0 1 1886 1893 1604 2026
6194 4 2 0 1 1682 2037 806 2145
6195 4 2 0 1 1515 1860 1691 2036
6196 4 2 0 1 1443 1840 1442 2182
6197 4 2 0 1 1159 1950 1731 2192
6198 4 2 0 1 1686 1992 1896 2141
6199 4 2 0 1 304 757 989 1886
6200 4 2 0 1 1608 1823 1775 1998
6201 4 2 0 1 1679 1742 1890 2087
6202 4 2 0 1 1770 1671 1923 2089
6203 4 2 0 1 1701 2019 566 2205
6204 4 2 0 1 714 545 2068 2127
6205 4 2 0 1 1836 1920 1692 2001
6206 4 2 0 1 1294 1870 1683 1923
6207 4 2 0 1 1772 1889 393 2156
6208 4 2 0 1 1226 1196 1197 1874
6209 4 2 0 1 1267 1266 1737 2136
6210 4 2 0 1 1612 1855 703 2102
6211 4 2 0 1 1626 1678 1931 2016
6212 4 2 0 1 1770 1922 1654 1923
6213 4 2 0 1 795 575 576 1875
6214 4 2 0 1 1272 2024 1236 2114
6215 4 2 0 1 1061 1833 1078 2090
6216 4 2 0 1 1205 1170 1991 2206
6217 4 2 0 1 1229 1830 1147 2153
6218 4 2 0 1 734 583 1832 2154
6219 4 2 0 1 1772 1889 1618 2050
6220 4 2 0 1 1641 1958 1727 1960
6221 4 2 0 1 1671 1922 1770 1923
6222 4 2 0 1 1007 1046 949 2100
6223 4 2 0 1 1388 1263 1784 2135
6224 4 2 0 1 2004 2108 417 2204
6225 4 2 0 1 643 1871 448 2179
6226 4 2 0 1 1703 1759 1673 2022
6227 4 2 0 1 1089 1961 1726 2140
6228 4 2 0 1 1758 2112 1695 2162
6229 4 2 0 1 487 1970 488 2127
6230 4 2 0 1 1058 1498 988 1815
6231 4 2 0 1 1378 1389 1113 2201
6232 4 2 0 1 854 321 814 2125
6233 4 2 0 1 1458 1771 1289 2136
6234 4 2 0 1 916 2125 855 2219
6235 4 2 0 1 813 1732 900 1926
6236 4 2 0 1 467 711 1743 1953
6237 4 2 0 1 876 1514 835 2042
6238 4 2 0 1 885 1816 1733 1957
6239 4 2 0 1 1190 1935 1391 2074
6240 4 2 0 1 561 1930 1701 2205
6241 4 2 0 1 456 2017 458 2149
6242 4 2 0 1 1420 1725 2103 2211
6243 4 2 0 1 1004 745 934 2021
6244 4 2 0 1 1831 1911 1789 2119
6245 4 2 0 1 488 722 720 2127
6246 4 2 0 1 343 344 1990 2193
6247 4 2 0 1 1731 1804 1663 1814
6248 4 2 0 1 2003 2015 1704 2117
6249 4 2 0 1 1758 2003 1704 2117
6250 4 2 0 1 1387 1173 1174 1887
6251 4 2 0 1 1519 972 1049 1758
6252 4 2 0 1 558 744 802 2086
6253 4 2 0 1 732 1785 1909 2174
6254 4 2 0 1 1653 1795 1707 1911
6255 4 2 0 1 1249 1746 1368 1997
6256 4 2 0 1 1773 1621 1919 2053
6257 4 2 0 1 549 640 635 1925
6258 4 2 0 1 607 1981 1796 2217
6259 4 2 0 1 1069 1705 1487 1938
6260 4 2 0 1 1889 1890 1618 2050
6261 4 2 0 1 363 1905 2170 2212
6262 4 2 0 1 910 1829 1760 2123
6263 4 2 0 1 1703 1630 1872 2040
6264 4 2 0 1 663 1806 637 1927
6265 4 2 0 1 716 1712 695 1949
6266 4 2 0 1 1703 2022 1630 2040
6267 4 2 0 1 1647 1818 1747 2082
6268 4 2 0 1 1654 1770 1923 2089
6269 4 2 0 1 672 1974 1863 2098
6270 4 2 0 1 902 1833 830 2090
6271 4 2 0 1 1802 1928 1629 1965
6272 4 2 0 1 1429 1725 1420 2038
6273 4 2 0 1 789 1957 300 2099
6274 4 2 0 1 1684 2003 1875 2117
6275 4 2 0 1 527 492 1849 2027
6276 4 2 0 1 1892 1982 480 2155
6277 4 2 0 1 624 422 1825 2164
6278 4 2 0 1 1755 1853 1666 1940
6279 4 2 0 1 1747 1769 1648 1983
6280 4 2 0 1 572 1851 735 1954
6281 4 2 0 1 1771 2018 1665 2142
6282 4 2 0 1 442 464 465 2108
6283 4 2 0 1 1831 1907 1786 2128
6284 4 2 0 1 661 713 1896 1992
6285 4 2 0 1 1418 1436 2005 2171
6286 4 2 0 1 1647 1819 1818 2082
6287 4 2 0 1 1778 1897 1124 2093
6288 4 2 0 1 1399 2115 1697 2176
6289 4 2 0 1 624 1825 1880 1939
6290 4 2 0 1 791 321 566 1854
6291 4 2 0 1 325 743 778 2058
6292 4 2 0 1 495 461 462 1976
6293 4 2 0 1 702 461 521 1976
6294 4 2 0 1 1015 927 2049 2096
6295 4 2 0 1 1618 1890 1889 2179
6296 4 2 0 1 521 536 552 1976
6297 4 2 0 1 1314 1515 1377 2196
6298 4 2 0 1 751 976 959 2037
6299 4 2 0 1 1286 1453 1449 2082
6300 4 2 0 1 997 957 1038 2057
6301 4 2 0 1 1641 1783 1750 2153
6302 4 2 0 1 964 1501 1048 1893
6303 4 2 0 1 1055 1514 876 1946
6304 4 2 0 1 1612 1991 1757 2060
6305 4 2 0 1 458 2017 457 2020
6306 4 2 0 1 1917 1994 1623 2184
6307 4 2 0 1 1473 1406 1258 1924
6308 4 2 0 1 1490 1931 1370 2178
6309 4 2 0 1 1315 1776 1682 2147
6310 4 2 0 1 1213 1201 1419 2211
6311 4 2 0 1 376 1899 1714 2216
6312 4 2 0 1 1048 1492 973 1860
6313 4 2 0 1 1174 1191 1192 1887
6314 4 2 0 1 1288 1461 1454 1853
6315 4 2 0 1 1214 1181 1215 2097
6316 4 2 0 1 415 2004 1804 2203
6317 4 2 0 1 830 1061 858 2090
6318 4 2 0 1 1104 1710 1106 1986
6319 4 2 0 1 1711 1945 1736 1988
6320 4 2 0 1 1105 1147 1394 1830
6321 4 2 0 1 1394 1147 1229 1830
6322 4 2 0 1 1394 1229 1396 1830
6323 4 2 0 1 1436 1371 1394 1830
6324 4 2 0 1 1394 1396 1436 1830
6325 4 2 0 1 598 595 596 1831
6326 4 2 0 1 596 517 598 1831
6327 4 2 0 1 595 592 596 1831
6328 4 2 0 1 596 592 597 1831
6329 4 2 0 1 596 724 517 1831
6330 4 2 0 1 596 597 724 1831
6331 4 2 0 1 588 587 586 1832
6332 4 2 0 1 731 587 588 1832
6333 4 2 0 1 583 585 587 1832
6334 4 2 0 1 583 587 734 1832
6335 4 2 0 1 734 587 731 1832
6336 4 2 0 1 1918 1919 1621 2053
6337 4 2 0 1 1655 2154 1832 2173
6338 4 2 0 1 589 1909 1791 2174
6339 4 2 0 1 1194 1235 1441 1840
6340 4 2 0 1 1737 1853 1267 2136
6341 4 2 0 1 1938 2033 1844 2182
6342 4 2 0 1 1734 1735 1606 1851
6343 4 2 0 1 1719 1645 1913 2073
6344 4 2 0 1 1750 1783 1640 2153
6345 4 2 0 1 1759 2022 1703 2199
6346 4 2 0 1 1112 1257 1116 1894
6347 4 2 0 1 1232 2015 1738 2210
6348 4 2 0 1 1171 1136 1200 1916
6349 4 2 0 1 1392 1172 1254 1826
6350 4 2 0 1 989 757 933 1886
6351 4 2 0 1 1116 1894 1120 1994
6352 4 2 0 1 1751 2007 1824 2194
6353 4 2 0 1 1262 1895 1202 1995
6354 4 2 0 1 1682 2037 1027 2096
6355 4 2 0 1 980 929 1023 1933
6356 4 2 0 1 512 612 611 1744
6357 4 2 0 1 1800 1825 1672 1953
6358 4 2 0 1 1077 1076 1298 1833
6359 4 2 0 1 617 615 518 2149
6360 4 2 0 1 1136 1724 1170 2206
6361 4 2 0 1 989 1031 928 1978
6362 4 2 0 1 1488 1050 1869 2088
6363 4 2 0 1 529 742 526 2215
6364 4 2 0 1 510 1744 511 1962
6365 4 2 0 1 1617 1772 1763 1837
6366 4 2 0 1 1762 1921 1672 2205
6367 4 2 0 1 1095 1983 1097 2143
6368 4 2 0 1 907 1829 910 2123
6369 4 2 0 1 1399 1402 2115 2176
6370 4 2 0 1 1528 1524 1299 1914
6371 4 2 0 1 1140 1997 1369 2183
6372 4 2 0 1 459 715 2020 2146
6373 4 2 0 1 1682 1742 1698 2145
6374 4 2 0 1 899 897 1833 1891
6375 4 2 0 1 507 559 558 2086
6376 4 2 0 1 956 164 996 2120
6377 4 2 0 1 1122 1778 1117 2126
6378 4 2 0 1 999 1938 1039 1985
6379 4 2 0 1 792 2009 1690 2067
6380 4 2 0 1 1746 1825 2072 2164
6381 4 2 0 1 1251 1302 1762 1956
6382 4 2 0 1 1146 1958 1750 2153
6383 4 2 0 1 1626 1928 1802 2016
6384 4 2 0 1 1297 1350 1807 1946
6385 4 2 0 1 1856 2137 372 2202
6386 4 2 0 1 1830 1903 1783 2153
6387 4 2 0 1 918 2034 1690 2163
6388 4 2 0 1 1790 1912 1832 2154
6389 4 2 0 1 643 701 530 2179
6390 4 2 0 1 1647 1831 1787 1906
6391 4 2 0 1 1783 1830 1635 1903
6392 4 2 0 1 1635 1830 1781 1902
6393 4 2 0 1 1786 1831 1647 1907
6394 4 2 0 1 1651 1832 1788 1909
6395 4 2 0 1 1789 1831 1653 1911
6396 4 2 0 1 1167 1800 1169 1883
6397 4 2 0 1 975 950 1024 2151
6398 4 2 0 1 1656 1832 1790 1912
6399 4 2 0 1 1078 1833 2000 2090
6400 4 2 0 1 1400 1484 1704 2015
6401 4 2 0 1 1677 1888 1806 1927
6402 4 2 0 1 1785 1859 1650 1973
6403 4 2 0 1 1148 1146 1750 2153
6404 4 2 0 1 1172 1254 1826 2220
6405 4 2 0 1 1420 1725 1429 1941
6406 4 2 0 1 888 1733 1044 2163
6407 4 2 0 1 1779 1901 1817 2183
6408 4 2 0 1 524 537 1865 1922
6409 4 2 0 1 431 432 1863 2098
6410 4 2 0 1 1918 1919 1676 2124
6411 4 2 0 1 451 2064 450 2218
6412 4 2 0 1 1714 2137 1856 2202
6413 4 2 0 1 1444 1482 1487 1844
6414 4 2 0 1 1455 1233 1183 1884
6415 4 2 0 1 902 1732 1833 2090
6416 4 2 0 1 398 1901 2164 2166
6417 4 2 0 1 1246 1275 1694 1931
6418 4 2 0 1 913 1044 888 1733
6419 4 2 0 1 1674 1735 1734 1851
6420 4 2 0 1 987 954 760 2177
6421 4 2 0 1 1708 1838 1948 2126
6422 4 2 0 1 1736 1852 1711 2143
6423 4 2 0 1 1015 2049 1776 2096
6424 4 2 0 1 1722 1936 1662 1939
6425 4 2 0 1 1418 2005 1793 2171
6426 4 2 0 1 1795 1971 653 2128
6427 4 2 0 1 1638 2170 1905 2212
6428 4 2 0 1 1823 1667 2056 2092
6429 4 2 0 1 395 1748 387 2166
6430 4 2 0 1 1766 1918 1676 2124
6431 4 2 0 1 1080 1325 1321 1947
6432 4 2 0 1 1841 2066 439 2207
6433 4 2 0 1 398 396 1901 2166
6434 4 2 0 1 643 476 448 1871
6435 4 2 0 1 1610 1855 721 1934
6436 4 2 0 1 728 1945 350 1988
6437 4 2 0 1 669 356 705 2078
6438 4 2 0 1 1709 2095 1715 2201
6439 4 2 0 1 653 455 1795 2128
6440 4 2 0 1 1235 1276 1840 2024
6441 4 2 0 1 1819 1907 1749 2150
6442 4 2 0 1 1014 1695 2162 2177
6443 4 2 0 1 1697 1933 655 2031
6444 4 2 0 1 1719 1840 1659 1910
6445 4 2 0 1 1678 2054 1829 2178
6446 4 2 0 1 1650 1751 2013 2187
6447 4 2 0 1 1937 2062 1109 2201
6448 4 2 0 1 1372 1143 1964 2035
6449 4 2 0 1 845 1528 832 1929
6450 4 2 0 1 1639 1817 1779 1901
6451 4 2 0 1 1647 1819 1786 1907
6452 4 2 0 1 1777 1781 1631 1902
6453 4 2 0 1 1660 1820 1790 1912
6454 4 2 0 1 972 950 1049 1758
6455 4 2 0 1 1675 1889 1772 2050
6456 4 2 0 1 1765 1984 893 2023
6457 4 2 0 1 562 802 1809 2086
6458 4 2 0 1 1709 1986 1937 2062
6459 4 2 0 1 1817 1901 1748 2183
6460 4 2 0 1 1603 2033 1938 2182
6461 4 2 0 1 1691 1978 771 2165
6462 4 2 0 1 776 712 801 2118
6463 4 2 0 1 1049 1523 1484 2151
6464 4 2 0 1 1938 2120 1603 2182
6465 4 2 0 1 1856 1894 1714 2202
6466 4 2 0 1 568 1980 629 2121
6467 4 2 0 1 409 717 710 2141
6468 4 2 0 1 527 1849 765 2027
6469 4 2 0 1 1206 1245 1872 1928
6470 4 2 0 1 1325 1947 1717 2188
6471 4 2 0 1 482 1841 452 2008
6472 4 2 0 1 523 1622 714 2141
6473 4 2 0 1 1698 2037 319 2130
6474 4 2 0 1 363 1905 644 2170
6475 4 2 0 1 667 514 668 1828
6476 4 2 0 1 1163 1416 1752 1877
6477 4 2 0 1 582 342 1754 1878
6478 4 2 0 1 712 686 1886 2118
6479 4 2 0 1 1826 1950 1408 2192
6480 4 2 0 1 1148 1750 1146 1958
6481 4 2 0 1 889 2025 1796 2071
6482 4 2 0 1 525 743 2033 2111
6483 4 2 0 1 427 392 426 1876
6484 4 2 0 1 1838 1876 1708 1948
6485 4 2 0 1 554 774 1891 1955
6486 4 2 0 1 1807 1946 1699 1966
6487 4 2 0 1 1307 1318 1836 1920
6488 4 2 0 1 1128 1917 1120 2012
6489 4 2 0 1 987 760 2112 2177
6490 4 2 0 1 1697 2031 655 2215
6491 4 2 0 1 1789 1961 1658 2198
6492 4 2 0 1 576 1875 722 2003
6493 4 2 0 1 712 1797 686 2118
6494 4 2 0 1 1676 1773 1919 2053
6495 4 2 0 1 1607 1946 1807 1966
6496 4 2 0 1 1776 1996 1608 2049
6497 4 2 0 1 332 811 317 1891
6498 4 2 0 1 1368 1746 1367 2072
6499 4 2 0 1 746 2016 1829 2152
6500 4 2 0 1 908 1796 836 1809
6501 4 2 0 1 410 1751 662 2013
6502 4 2 0 1 1709 1634 2095 2201
6503 4 2 0 1 1718 1234 2026 2190
6504 4 2 0 1 1620 2072 1825 2164
6505 4 2 0 1 811 866 317 1891
6506 4 2 0 1 1185 1950 1159 2192
6507 4 2 0 1 368 372 1856 2101
6508 4 2 0 1 1853 1940 1755 1963
6509 4 2 0 1 1288 1210 1853 1963
6510 4 2 0 1 1430 1070 1526 1893
6511 4 2 0 1 1675 1890 1889 2050
6512 4 2 0 1 1605 1914 1757 1989
6513 4 2 0 1 999 1039 941 1985
6514 4 2 0 1 708 485 707 1835
6515 4 2 0 1 532 2029 1849 2218
6516 4 2 0 1 771 1892 533 1978
6517 4 2 0 1 1263 1417 1784 1968
6518 4 2 0 1 735 1851 578 2065
6519 4 2 0 1 1829 1931 1678 2016
6520 4 2 0 1 710 544 1755 1940
6521 4 2 0 1 1680 1951 1237 2124
6522 4 2 0 1 1617 1763 1714 2012
6523 4 2 0 1 696 2004 1755 2108
6524 4 2 0 1 1371 1394 1830 1960
6525 4 2 0 1 417 2108 464 2204
6526 4 2 0 1 411 1751 410 2007
6527 4 2 0 1 755 1732 813 1926
6528 4 2 0 1 696 1755 411 2007
6529 4 2 0 1 1772 1889 1675 2121
6530 4 2 0 1 906 1946 876 2042
6531 4 2 0 1 1679 1890 1889 2087
6532 4 2 0 1 1678 1931 1829 2054
6533 4 2 0 1 1170 1724 1171 2039
6534 4 2 0 1 1655 2109 1790 2154
6535 4 2 0 1 1756 1879 420 1899
6536 4 2 0 1 1679 2001 1742 2087
6537 4 2 0 1 1446 1724 1170 2039
6538 4 2 0 1 1624 1876 1838 1948
6539 4 2 0 1 1153 1152 1454 1824
6540 4 2 0 1 902 900 813 1732
6541 4 2 0 1 393 1772 660 1889
6542 4 2 0 1 1622 1771 1706 1853
6543 4 2 0 1 1500 888 1044 2163
6544 4 2 0 1 1702 2158 2080 2160
6545 4 2 0 1 499 651 1848 1912
6546 4 2 0 1 1022 1024 936 1933
6547 4 2 0 1 1932 1996 1700 2092
6548 4 2 0 1 1622 1738 2127 2210
6549 4 2 0 1 1371 1960 1830 2171
6550 4 2 0 1 1260 1259 1786 2150
6551 4 2 0 1 1286 1260 1261 1819
6552 4 2 0 1 1144 1253 1141 1817
6553 4 2 0 1 1848 1849 1689 2024
6554 4 2 0 1 1718 1941 1797 2026
6555 4 2 0 1 1474 1243 1395 1820
6556 4 2 0 1 1727 1792 1641 1960
6557 4 2 0 1 1252 1359 1262 2132
6558 4 2 0 1 1094 1852 1736 2143
6559 4 2 0 1 1119 1115 1116 2131
6560 4 2 0 1 988 1498 943 1815
6561 4 2 0 1 1727 1987 1710 2172
6562 4 2 0 1 346 582 1990 2154
6563 4 2 0 1 831 893 1984 2023
6564 4 2 0 1 1658 1728 1961 2085
6565 4 2 0 1 423 422 401 1825
6566 4 2 0 1 602 1739 2189 2213
6567 4 2 0 1 1754 1990 582 2154
6568 4 2 0 1 1121 1361 1359 1861
6569 4 2 0 1 1640 1896 1835 2194
6570 4 2 0 1 1669 1983 1736 1988
6571 4 2 0 1 1718 2002 1234 2190
6572 4 2 0 1 1082 1083 1873 2208
6573 4 2 0 1 1014 987 2112 2177
6574 4 2 0 1 692 650 627 2105
6575 4 2 0 1 403 361 650 2105
6576 4 2 0 1 1341 1340 1468 2104
6577 4 2 0 1 1336 1339 1340 2104
6578 4 2 0 1 1329 1327 1331 2106
6579 4 2 0 1 1330 1331 1332 2106
6580 4 2 0 1 1810 1981 1936 2167
6581 4 2 0 1 1486 1815 1058 1836
6582 4 2 0 1 1193 1773 1428 1919
6583 4 2 0 1 1763 1837 1772 2156
6584 4 2 0 1 1655 1754 2109 2154
6585 4 2 0 1 1822 1899 1756 2184
6586 4 2 0 1 405 404 1783 2013
6587 4 2 0 1 1717 1799 1664 1979
6588 4 2 0 1 1707 2168 1911 2198
6589 4 2 0 1 1007 1489 1046 2100
6590 4 2 0 1 632 1856 372 2202
6591 4 2 0 1 897 1735 857 1833
6592 4 2 0 1 989 933 1010 1886
6593 4 2 0 1 1676 1919 1918 2053
6594 4 2 0 1 1066 1530 1311 1776
6595 4 2 0 1 1708 2169 1900 2197
6596 4 2 0 1 681 531 502 1694
6597 4 2 0 1 1275 1425 1246 1694
6598 4 2 0 1 1658 1961 1801 2085
6599 4 2 0 1 1728 1770 1658 2089
6600 4 2 0 1 892 886 1493 2034
6601 4 2 0 1 1140 1868 1997 2183
6602 4 2 0 1 832 1929 1067 2181
6603 4 2 0 1 594 581 537 2133
6604 4 2 0 1 1651 1859 1791 2174
6605 4 2 0 1 1622 1940 714 2141
6606 4 2 0 1 1049 950 1523 2151
6607 4 2 0 1 1215 1181 1347 2097
6608 4 2 0 1 1132 1129 1837 2012
6609 4 2 0 1 401 1825 422 2164
6610 4 2 0 1 559 2019 558 2086
6611 4 2 0 1 572 735 528 1954
6612 4 2 0 1 760 795 2112 2177
6613 4 2 0 1 792 1690 2009 2099
6614 4 2 0 1 781 325 941 1985
6615 4 2 0 1 832 1067 879 2181
6616 4 2 0 1 884 1929 880 1934
6617 4 2 0 1 943 978 1017 1815
6618 4 2 0 1 605 1981 607 2217
6619 4 2 0 1 643 530 476 1871
6620 4 2 0 1 1895 1915 1712 2028
6621 4 2 0 1 1046 1358 965 2160
6622 4 2 0 1 1466 2117 2015 2210
6623 4 2 0 1 1537 1745 1509 1984
6624 4 2 0 1 1016 1018 930 1996
6625 4 2 0 1 1663 1877 1731 2192
6626 4 2 0 1 498 482 1770 1922
6627 4 2 0 1 1487 1844 1705 2158
6628 4 2 0 1 510 512 511 1744
6629 4 2 0 1 1710 1960 1727 2172
6630 4 2 0 1 1896 1992 713 2141
6631 4 2 0 1 1613 1701 1921 2069
6632 4 2 0 1 678 676 675 1768
6633 4 2 0 1 1039 1938 956 1985
6634 4 2 0 1 1659 1849 1848 2024
6635 4 2 0 1 1975 2108 1706 2122
6636 4 2 0 1 1757 1914 1678 1989
6637 4 2 0 1 1196 1470 1182 1707
6638 4 2 0 1 1810 1687 1981 2167
6639 4 2 0 1 554 333 1851 1891
6640 4 2 0 1 1031 1860 1030 1978
6641 4 2 0 1 1482 1844 1444 2182
6642 4 2 0 1 448 1730 430 2179
6643 4 2 0 1 1769 1987 355 2107
6644 4 2 0 1 1655 1942 1790 2109
6645 4 2 0 1 1864 1878 1811 2109
6646 4 2 0 1 1054 1383 1551 2061
6647 4 2 0 1 1708 1900 1778 2126
6648 4 2 0 1 986 1021 1006 1847
6649 4 2 0 1 1814 2004 415 2204
6650 4 2 0 1 565 777 534 2092
6651 4 2 0 1 1201 1916 1202 2038
6652 4 2 0 1 390 373 378 1708
6653 4 2 0 1 364 365 367 1709
6654 4 2 0 1 1103 1106 1104 1710
6655 4 2 0 1 349 350 347 1711
6656 4 2 0 1 1721 1813 1681 1926
6657 4 2 0 1 1371 1105 1394 1960
6658 4 2 0 1 716 484 695 1712
6659 4 2 0 1 1710 1638 1905 2212
6660 4 2 0 1 1784 1968 1857 2135
6661 4 2 0 1 1027 2037 1682 2147
6662 4 2 0 1 502 1694 531 2016
6663 4 2 0 1 1856 1894 1632 2137
6664 4 2 0 1 768 331 1796 1809
6665 4 2 0 1 1700 1982 1808 2056
6666 4 2 0 1 1312 1373 1775 2138
6667 4 2 0 1 1354 1733 1294 1870
6668 4 2 0 1 1614 1916 1867 2039
6669 4 2 0 1 364 1709 367 2101
6670 4 2 0 1 851 1952 1739 2034
6671 4 2 0 1 582 584 342 1878
6672 4 2 0 1 1163 1162 1416 1877
6673 4 2 0 1 1465 1834 1929 2060
6674 4 2 0 1 1732 900 1926 2090
6675 4 2 0 1 1160 1172 1392 2192
6676 4 2 0 1 1010 964 944 1893
6677 4 2 0 1 897 811 863 1891
6678 4 2 0 1 1648 1736 1711 2143
6679 4 2 0 1 496 1802 502 2016
6680 4 2 0 1 318 980 657 1933
6681 4 2 0 1 1717 1671 1947 2133
6682 4 2 0 1 1267 1231 1266 2136
6683 4 2 0 1 458 2017 1716 2149
6684 4 2 0 1 344 1801 345 1990
6685 4 2 0 1 548 568 629 2121
6686 4 2 0 1 639 638 636 1847
6687 4 2 0 1 1690 2099 914 2163
6688 4 2 0 1 1379 1209 1225 1713
6689 4 2 0 1 472 448 476 1871
6690 4 2 0 1 1849 2029 1840 2218
6691 4 2 0 1 1808 1982 1700 2196
6692 4 2 0 1 1242 1338 2089 2188
6693 4 2 0 1 1892 2002 1718 2190
6694 4 2 0 1 1698 1920 1836 2001
6695 4 2 0 1 836 761 875 1809
6696 4 2 0 1 1400 1704 1951 2015
6697 4 2 0 1 1815 2081 1697 2176
6698 4 2 0 1 1705 2033 743 2111
6699 4 2 0 1 1512 1306 2025 2071
6700 4 2 0 1 1466 1484 2015 2117
6701 4 2 0 1 1501 964 952 1893
6702 4 2 0 1 1247 1928 1246 1965
6703 4 2 0 1 1482 2120 1938 2182
6704 4 2 0 1 722 1970 659 2003
6705 4 2 0 1 578 554 333 1851
6706 4 2 0 1 772 1847 986 2046
6707 4 2 0 1 1391 1935 1723 2074
6708 4 2 0 1 1469 1337 1961 2198
6709 4 2 0 1 487 718 2055 2127
6710 4 2 0 1 1248 1297 1284 1965
6711 4 2 0 1 559 2019 1880 2205
6712 4 2 0 1 1889 1890 1679 2179
6713 4 2 0 1 1105 1830 1394 1960
6714 4 2 0 1 852 901 817 1926
6715 4 2 0 1 451 491 492 1848
6716 4 2 0 1 1410 1729 1373 2138
6717 4 2 0 1 1980 1998 571 2096
6718 4 2 0 1 880 884 832 1929
6719 4 2 0 1 1097 1096 1095 2143
6720 4 2 0 1 1670 1883 1953 2207
6721 4 2 0 1 1679 1920 1742 2001
6722 4 2 0 1 1648 2014 1787 2143
6723 4 2 0 1 1399 1951 1697 2115
6724 4 2 0 1 1729 1772 1617 2050
6725 4 2 0 1 1619 1773 1730 2053
6726 4 2 0 1 838 161 878 1881
6727 4 2 0 1 309 1040 163 1985
6728 4 2 0 1 1661 1765 1745 1984
6729 4 2 0 1 1808 2002 1691 2196
6730 4 2 0 1 1840 1849 1659 2024
6731 4 2 0 1 310 807 639 1847
6732 4 2 0 1 1724 1991 1612 2039
6733 4 2 0 1 1654 1874 1841 2008
6734 4 2 0 1 1663 1804 1731 1877
6735 4 2 0 1 624 1825 623 1880
6736 4 2 0 1 585 1945 1832 2173
6737 4 2 0 1 1668 1915 1895 2028
6738 4 2 0 1 1434 1284 1347 1846
6739 4 2 0 1 1102 1727 1411 1958
6740 4 2 0 1 1625 1748 1901 2183
6741 4 2 0 1 892 1952 851 2034
6742 4 2 0 1 1024 1933 1022 2151
6743 4 2 0 1 1670 1953 2066 2207
6744 4 2 0 1 679 1967 1602 2057
6745 4 2 0 1 836 908 889 1796
6746 4 2 0 1 1446 1170 1171 2039
6747 4 2 0 1 1094 2041 2134 2143
6748 4 2 0 1 433 1722 470 2167
6749 4 2 0 1 928 974 748 2165
6750 4 2 0 1 1295 2080 2158 2160
6751 4 2 0 1 161 1843 878 1881
6752 4 2 0 1 430 1730 446 1944
6753 4 2 0 1 1784 1857 1638 2135
6754 4 2 0 1 1324 1337 1728 1961
6755 4 2 0 1 938 1020 1758 2162
6756 4 2 0 1 1515 1314 2036 2196
6757 4 2 0 1 743 778 2058 2111
6758 4 2 0 1 1506 831 1984 2023
6759 4 2 0 1 1374 1364 1372 2011
6760 4 2 0 1 1770 1874 1658 2089
6761 4 2 0 1 1651 1909 1859 2174
6762 4 2 0 1 826 323 843 1934
6763 4 2 0 1 1462 1458 1289 2136
6764 4 2 0 1 1694 1829 531 2016
6765 4 2 0 1 1736 1983 1648 1988
6766 4 2 0 1 656 1933 1704 2031
6767 4 2 0 1 1644 1784 2082 2144
6768 4 2 0 1 799 1829 873 2152
6769 4 2 0 1 1239 1280 1370 1757
6770 4 2 0 1 1867 1916 1614 2017
6771 4 2 0 1 487 488 718 2127
6772 4 2 0 1 858 1061 1499 2090
6773 4 2 0 1 1341 1789 1340 2104
6774 4 2 0 1 1336 1340 1789 2104
6775 4 2 0 1 377 1741 2052 2094
6776 4 2 0 1 699 738 808 1985
6777 4 2 0 1 1225 1713 1209 2122
6778 4 2 0 1 1613 1854 1701 2069
6779 4 2 0 1 1451 1452 1812 1903
6780 4 2 0 1 405 1783 708 1835
6781 4 2 0 1 1640 2083 1750 2153
6782 4 2 0 1 478 436 480 2155
6783 4 2 0 1 367 2052 1709 2200
6784 4 2 0 1 1607 2042 1946 2185
6785 4 2 0 1 1827 1896 1640 2194
6786 4 2 0 1 1607 1946 1882 2185
6787 4 2 0 1 1134 1386 1136 1838
6788 4 2 0 1 2052 2101 1632 2137
6789 4 2 0 1 1439 1433 1165 1839
6790 4 2 0 1 1646 1804 1731 2203
6791 4 2 0 1 751 992 319 2037
6792 4 2 0 1 473 654 493 2031
6793 4 2 0 1 1513 1321 1363 1813
6794 4 2 0 1 1355 1702 2080 2160
6795 4 2 0 1 1680 1918 1766 2124
6796 4 2 0 1 1133 1138 1137 1837
6797 4 2 0 1 878 1843 921 2181
6798 4 2 0 1 962 325 778 2058
6799 4 2 0 1 1457 1461 1267 1737
6800 4 2 0 1 1900 2169 1780 2197
6801 4 2 0 1 1462 1289 1771 2136
6802 4 2 0 1 1658 1707 1911 2198
6803 4 2 0 1 1737 1853 1622 2141
6804 4 2 0 1 1685 1941 1797 1967
6805 4 2 0 1 1911 2168 1789 2198
6806 4 2 0 1 1728 1961 1657 1979
6807 4 2 0 1 1352 1870 1197 1884
6808 4 2 0 1 377 1741 371 2052
6809 4 2 0 1 1350 1349 1348 2077
6810 4 2 0 1 1502 1929 1465 2181
6811 4 2 0 1 906 1882 917 1946
6812 4 2 0 1 1707 1841 1670 1884
6813 4 2 0 1 424 1953 1795 2207
6814 4 2 0 1 1644 1747 1769 2078
6815 4 2 0 1 1857 1905 644 2144
6816 4 2 0 1 1709 2095 1634 2200
6817 4 2 0 1 1273 1486 1318 1836
6818 4 2 0 1 1232 1466 2015 2210
6819 4 2 0 1 1762 1880 1662 2086
6820 4 2 0 1 1737 1738 1621 2055
6821 4 2 0 1 653 1795 424 1971
6822 4 2 0 1 1070 952 1000 1898
6823 4 2 0 1 1634 1708 1900 2197
6824 4 2 0 1 1063 1318 1548 1836
6825 4 2 0 1 1089 1726 1091 2041
6826 4 2 0 1 1801 1961 1658 2140
6827 4 2 0 1 723 795 576 2112
6828 4 2 0 1 1122 1118 1117 1778
6829 4 2 0 1 1469 1961 1335 2140
6830 4 2 0 1 900 1732 902 2090
6831 4 2 0 1 801 712 1886 2118
6832 4 2 0 1 755 334 1732 1926
6833 4 2 0 1 165 1497 925 2120
6834 4 2 0 1 1660 1811 1878 2109
6835 4 2 0 1 1842 1986 1638 2170
6836 4 2 0 1 1031 1030 928 1978
6837 4 2 0 1 554 1891 1851 1955
6838 4 2 0 1 986 1006 984 2046
6839 4 2 0 1 464 2108 442 2204
6840 4 2 0 1 1660 1848 1820 1912
6841 4 2 0 1 1280 1757 1265 2060
6842 4 2 0 1 1841 1874 1707 2008
6843 4 2 0 1 1613 1921 1701 1930
6844 4 2 0 1 1325 1081 1084 1717
6845 4 2 0 1 1219 1231 1232 1738
6846 4 2 0 1 368 371 372 2137
6847 4 2 0 1 1415 1819 1287 1904
6848 4 2 0 1 709 542 1818 1906
6849 4 2 0 1 1680 1919 1918 2124
6850 4 2 0 1 1421 1465 1834 2010
6851 4 2 0 1 1195 1188 1820 1910
6852 4 2 0 1 484 1712 716 2084
6853 4 2 0 1 1687 1943 1846 2175
6854 4 2 0 1 440 380 1782 1850
6855 4 2 0 1 1439 1861 1839 2113
6856 4 2 0 1 923 758 826 1843
6857 4 2 0 1 777 2059 1805 2092
6858 4 2 0 1 1308 1313 1365 1742
6859 4 2 0 1 850 749 818 1739
6860 4 2 0 1 1602 1725 1768 2010
6861 4 2 0 1 1654 1922 1870 1923
6862 4 2 0 1 1720 1841 1670 2066
6863 4 2 0 1 1630 1703 2011 2022
6864 4 2 0 1 1721 1865 1681 1947
6865 4 2 0 1 1698 2001 1836 2130
6866 4 2 0 1 383 421 1899 2216
6867 4 2 0 1 1639 1749 1907 2150
6868 4 2 0 1 627 650 1792 2105
6869 4 2 0 1 361 1792 650 2105
6870 4 2 0 1 1375 2131 1121 2132
6871 4 2 0 1 946 1544 979 2221
6872 4 2 0 1 986 984 329 2046
6873 4 2 0 1 1359 1375 1121 2132
6874 4 2 0 1 624 1939 625 2164
6875 4 2 0 1 1822 1917 1899 2184
6876 4 2 0 1 1111 1109 2062 2201
6877 4 2 0 1 1828 1924 1669 1958
6878 4 2 0 1 349 1711 347 2091
6879 4 2 0 1 1678 1931 2054 2178
6880 4 2 0 1 1153 1457 1405 1827
6881 4 2 0 1 1691 2002 1892 2190
6882 4 2 0 1 390 1876 392 1948
6883 4 2 0 1 1161 1159 1731 2044
6884 4 2 0 1 1703 1872 1630 2011
6885 4 2 0 1 859 1055 876 1946
6886 4 2 0 1 1374 1206 1245 1872
6887 4 2 0 1 627 362 674 1842
6888 4 2 0 1 749 719 324 1739
6889 4 2 0 1 1086 1942 1864 2109
6890 4 2 0 1 1418 1257 1793 2005
6891 4 2 0 1 1858 1971 1795 2128
6892 4 2 0 1 1829 1931 1694 2054
6893 4 2 0 1 1273 1836 1318 1920
6894 4 2 0 1 1850 1897 1778 2093
6895 4 2 0 1 1668 1712 1915 2028
6896 4 2 0 1 772 986 329 2046
6897 4 2 0 1 444 2064 1753 2098
6898 4 2 0 1 714 1622 718 2127
6899 4 2 0 1 572 578 735 1851
6900 4 2 0 1 1743 1767 1613 2043
6901 4 2 0 1 823 910 907 1829
6902 4 2 0 1 1709 2052 1715 2095
6903 4 2 0 1 1779 1971 1901 2164
6904 4 2 0 1 1758 2117 1467 2162
6905 4 2 0 1 1151 1405 1452 1827
6906 4 2 0 1 374 665 380 1850
6907 4 2 0 1 1124 1118 1778 2093
6908 4 2 0 1 1055 859 1517 1946
6909 4 2 0 1 563 1698 319 2130
6910 4 2 0 1 1539 1320 2018 2117
6911 4 2 0 1 452 482 453 1841
6912 4 2 0 1 956 1985 1938 2120
6913 4 2 0 1 975 1523 950 2151
6914 4 2 0 1 1844 1938 1705 2033
6915 4 2 0 1 1028 988 1815 1836
6916 4 2 0 1 1384 1696 2032 2116
6917 4 2 0 1 624 625 422 2164
6918 4 2 0 1 1360 1862 1389 2201
6919 4 2 0 1 897 904 1735 1955
6920 4 2 0 1 1682 1698 2037 2145
6921 4 2 0 1 1063 1313 1307 1698
6922 4 2 0 1 1498 1402 1062 1815
6923 4 2 0 1 533 1978 1892 2118
6924 4 2 0 1 485 708 1783 1835
6925 4 2 0 1 1710 1905 1644 1987
6926 4 2 0 1 666 1879 1823 2121
6927 4 2 0 1 1793 1856 1637 2005
6928 4 2 0 1 1176 1910 1187 2195
6929 4 2 0 1 1623 2045 1949 2216
6930 4 2 0 1 795 575 1959 2177
6931 4 2 0 1 1614 1716 1916 2038
6932 4 2 0 1 797 784 1934 2191
6933 4 2 0 1 1701 1854 1613 1930
6934 4 2 0 1 1352 1227 1197 1870
6935 4 2 0 1 1439 1228 2113 2157
6936 4 2 0 1 1711 1852 1945 2173
6937 4 2 0 1 302 611 612 2021
6938 4 2 0 1 1648 1769 1747 2078
6939 4 2 0 1 354 1769 355 2107
6940 4 2 0 1 896 1765 893 2023
6941 4 2 0 1 1339 1093 1787 2041
6942 4 2 0 1 1659 2024 1848 2114
6943 4 2 0 1 1093 1787 2041 2143
6944 4 2 0 1 1654 1841 1720 2180
6945 4 2 0 1 835 906 876 2042
6946 4 2 0 1 1675 1729 2121 2138
6947 4 2 0 1 1630 1708 1866 2214
6948 4 2 0 1 380 382 1794 1850
6949 4 2 0 1 1264 1812 1285 2030
6950 4 2 0 1 527 528 492 2027
6951 4 2 0 1 916 1869 2125 2219
6952 4 2 0 1 1552 2120 1482 2182
6953 4 2 0 1 1834 2039 1612 2060
6954 4 2 0 1 945 973 1492 1860
6955 4 2 0 1 425 711 1953 2207
6956 4 2 0 1 957 1898 1038 2057
6957 4 2 0 1 1310 1303 1488 1869
6958 4 2 0 1 1407 1888 1186 1950
6959 4 2 0 1 1439 2113 1839 2157
6960 4 2 0 1 998 1525 1043 2120
6961 4 2 0 1 647 1944 1777 2148
6962 4 2 0 1 1659 1848 1820 2114
6963 4 2 0 1 1456 1545 2026 2190
6964 4 2 0 1 1802 1928 1626 2040
6965 4 2 0 1 1670 1883 1800 1953
6966 4 2 0 1 1087 1864 1086 1942
6967 4 2 0 1 614 611 302 2021
6968 4 2 0 1 1653 1858 1795 2128
6969 4 2 0 1 1506 831 844 1984
6970 4 2 0 1 928 748 1978 2165
6971 4 2 0 1 302 612 745 2021
6972 4 2 0 1 1610 1843 1768 2010
6973 4 2 0 1 1311 1291 1292 2138
6974 4 2 0 1 1602 1768 1725 1967
6975 4 2 0 1 1646 1824 1755 2044
6976 4 2 0 1 1742 2087 2001 2145
6977 4 2 0 1 673 1857 644 2144
6978 4 2 0 1 1692 2006 1836 2130
6979 4 2 0 1 619 313 798 1926
6980 4 2 0 1 1772 1837 1617 2050
6981 4 2 0 1 1715 1741 1632 2131
6982 4 2 0 1 1796 1981 1699 2217
6983 4 2 0 1 1707 1883 1795 2168
6984 4 2 0 1 692 513 1781 1856
6985 4 2 0 1 519 1782 665 1857
6986 4 2 0 1 519 370 1780 1857
6987 4 2 0 1 1397 1786 1259 1858
6988 4 2 0 1 1144 1779 1397 1858
6989 4 2 0 1 1332 1788 1334 1859
6990 4 2 0 1 1910 2073 1187 2195
6991 4 2 0 1 1092 1726 1089 2041
6992 4 2 0 1 1646 1908 1804 2203
6993 4 2 0 1 1196 1470 1707 2198
6994 4 2 0 1 541 661 708 1835
6995 4 2 0 1 367 1709 365 2200
6996 4 2 0 1 718 1622 523 2055
6997 4 2 0 1 1723 1631 1777 2148
6998 4 2 0 1 318 655 658 2081
6999 4 2 0 1 1632 1741 1715 2052
7000 4 2 0 1 1710 1727 1960 1987
7001 4 2 0 1 2015 2117 1684 2210
7002 4 2 0 1 913 888 848 1733
7003 4 2 0 1 1666 1853 1737 2141
7004 4 2 0 1 513 632 646 1856
7005 4 2 0 1 513 368 372 1856
7006 4 2 0 1 644 519 366 1857
7007 4 2 0 1 693 519 673 1857
7008 4 2 0 1 1199 1468 1397 1858
7009 4 2 0 1 1145 1168 1397 1858
7010 4 2 0 1 1476 1334 1477 1859
7011 4 2 0 1 1334 1207 1473 1859
7012 4 2 0 1 1687 1807 1966 2175
7013 4 2 0 1 1086 1326 1942 2109
7014 4 2 0 1 1042 162 1507 1881
7015 4 2 0 1 1623 1756 1899 2184
7016 4 2 0 1 1711 2041 2014 2143
7017 4 2 0 1 699 738 1985 2033
7018 4 2 0 1 1839 1949 1623 2045
7019 4 2 0 1 1696 1959 1761 2222
7020 4 2 0 1 1015 971 1776 2049
7021 4 2 0 1 1710 1792 1637 1842
7022 4 2 0 1 1670 1707 1883 2207
7023 4 2 0 1 1622 1706 1771 2068
7024 4 2 0 1 1182 1707 1470 2168
7025 4 2 0 1 1203 2038 1420 2211
7026 4 2 0 1 1033 302 1004 2021
7027 4 2 0 1 1610 1929 1834 2060
7028 4 2 0 1 946 1999 1544 2221
7029 4 2 0 1 665 1782 380 1850
7030 4 2 0 1 390 373 1708 2197
7031 4 2 0 1 1728 2089 1324 2188
7032 4 2 0 1 1761 2162 1319 2222
7033 4 2 0 1 1717 1947 1671 2188
7034 4 2 0 1 714 545 466 2068
7035 4 2 0 1 1649 1785 1804 1908
7036 4 2 0 1 1176 2048 1910 2195
7037 4 2 0 1 1631 1763 1723 2012
7038 4 2 0 1 1760 1829 1694 2123
7039 4 2 0 1 1502 1465 1483 2181
7040 4 2 0 1 961 1886 326 2209
7041 4 2 0 1 1655 1945 1852 2173
7042 4 2 0 1 1003 952 964 1893
7043 4 2 0 1 1804 1908 1785 2203
7044 4 2 0 1 1616 1892 1982 2002
7045 4 2 0 1 1687 1966 1807 1981
7046 4 2 0 1 483 453 482 2180
7047 4 2 0 1 1425 1317 1248 1965
7048 4 2 0 1 1703 1629 2035 2199
7049 4 2 0 1 763 785 1843 2057
7050 4 2 0 1 300 1957 847 2099
7051 4 2 0 1 1616 1982 1892 2155
7052 4 2 0 1 1680 2015 1951 2031
7053 4 2 0 1 1133 1129 1189 2012
7054 4 2 0 1 961 1003 1886 2209
7055 4 2 0 1 548 567 568 1998
7056 4 2 0 1 1103 1710 1104 2172
7057 4 2 0 1 364 365 1709 2170
7058 4 2 0 1 378 1708 373 2169
7059 4 2 0 1 1106 1710 1103 2171
7060 4 2 0 1 347 1711 350 2173
7061 4 2 0 1 1805 1996 1608 2092
7062 4 2 0 1 1615 1809 1796 2025
7063 4 2 0 1 1708 1948 1634 2126
7064 4 2 0 1 1793 2005 1637 2171
7065 4 2 0 1 1238 1840 1441 2182
7066 4 2 0 1 961 1003 933 1886
7067 4 2 0 1 1015 1016 971 2049
7068 4 2 0 1 1539 1467 2117 2162
7069 4 2 0 1 1374 1872 1703 2011
7070 4 2 0 1 954 330 760 2177
7071 4 2 0 1 1617 1772 1729 1879
7072 4 2 0 1 1694 1931 1829 2016
7073 4 2 0 1 695 1712 484 2155
7074 4 2 0 1 346 2154 1990 2173
7075 4 2 0 1 161 162 957 1881
7076 4 2 0 1 1400 1704 1484 2151
7077 4 2 0 1 1970 2055 1738 2127
7078 4 2 0 1 380 1794 381 1850
7079 4 2 0 1 1712 1949 1839 2045
7080 4 2 0 1 1800 1883 1620 1953
7081 4 2 0 1 1209 1713 1379 2142
7082 4 2 0 1 1787 2014 1652 2041
7083 4 2 0 1 1046 2100 1358 2160
7084 4 2 0 1 1435 1143 1846 1964
7085 4 2 0 1 1535 1538 1344 2069
7086 4 2 0 1 639 1847 636 1925
7087 4 2 0 1 1617 1714 1917 2012
7088 4 2 0 1 1420 2038 1725 2211
7089 4 2 0 1 1180 1222 1224 2157
7090 4 2 0 1 1611 1888 1713 2116
7091 4 2 0 1 1629 1703 1802 2199
7092 4 2 0 1 1501 952 1070 1893
7093 4 2 0 1 1615 1936 1810 1981
7094 4 2 0 1 1305 1310 1535 2219
7095 4 2 0 1 1157 1731 1159 2044
7096 4 2 0 1 1262 1202 1252 1995
7097 4 2 0 1 1619 1845 1773 2053
7098 4 2 0 1 828 1071 844 1984
7099 4 2 0 1 783 626 746 2152
7100 4 2 0 1 1119 1116 1120 1994
7101 4 2 0 1 1725 1768 1614 2020
7102 4 2 0 1 1790 2109 1660 2154
7103 4 2 0 1 490 2084 2118 2155
7104 4 2 0 1 1707 1653 1911 2168
7105 4 2 0 1 1652 2091 1801 2140
7106 4 2 0 1 1638 1857 1784 1905
7107 4 2 0 1 1649 1859 1785 1908
7108 4 2 0 1 1483 2010 1881 2181
7109 4 2 0 1 1210 1706 1963 2122
7110 4 2 0 1 1643 1731 1950 2204
7111 4 2 0 1 1695 2003 1758 2117
7112 4 2 0 1 1090 1326 1327 1942
7113 4 2 0 1 1720 1841 1654 1884
7114 4 2 0 1 1670 1841 1720 1884
7115 4 2 0 1 1087 1086 1326 1942
7116 4 2 0 1 558 2019 744 2086
7117 4 2 0 1 302 745 1004 2021
7118 4 2 0 1 1708 1636 1900 2169
7119 4 2 0 1 1710 1644 1905 2172
7120 4 2 0 1 789 300 610 2099
7121 4 2 0 1 1233 1455 1431 2043
7122 4 2 0 1 608 1720 489 2180
7123 4 2 0 1 646 1781 513 1856
7124 4 2 0 1 519 1780 366 1857
7125 4 2 0 1 693 1782 519 1857
7126 4 2 0 1 1145 1397 1779 1858
7127 4 2 0 1 1397 1468 1786 1858
7128 4 2 0 1 1477 1334 1788 1859
7129 4 2 0 1 937 962 778 2058
7130 4 2 0 1 358 359 1792 1987
7131 4 2 0 1 1015 1776 1012 2096
7132 4 2 0 1 885 913 848 1733
7133 4 2 0 1 1622 2127 1771 2210
7134 4 2 0 1 1632 2101 1856 2137
7135 4 2 0 1 539 686 712 1797
7136 4 2 0 1 1492 1064 945 1860
7137 4 2 0 1 605 606 1966 1981
7138 4 2 0 1 1712 1915 1628 1949
7139 4 2 0 1 1768 1843 1602 2010
7140 4 2 0 1 1650 2013 1751 2083
7141 4 2 0 1 379 380 381 1850
7142 4 2 0 1 1724 1774 1991 2206
7143 4 2 0 1 1213 1834 2039 2211
7144 4 2 0 1 1091 2041 1726 2134
7145 4 2 0 1 1827 1835 1640 1896
7146 4 2 0 1 1784 1905 1857 2144
7147 4 2 0 1 468 1913 428 1962
7148 4 2 0 1 1273 1920 1220 1977
7149 4 2 0 1 1681 1717 1947 2133
7150 4 2 0 1 1195 2024 1820 2114
7151 4 2 0 1 1658 1911 1707 2008
7152 4 2 0 1 367 2095 2052 2200
7153 4 2 0 1 1785 1859 1649 2174
7154 4 2 0 1 1613 1767 1743 2213
7155 4 2 0 1 1814 1950 1731 2204
7156 4 2 0 1 1778 1850 1673 1897
7157 4 2 0 1 1378 1360 1389 2201
7158 4 2 0 1 419 431 432 1863
7159 4 2 0 1 419 416 428 1863
7160 4 2 0 1 1085 1086 1087 1864
7161 4 2 0 1 694 1936 1981 2167
7162 4 2 0 1 1490 2054 1931 2178
7163 4 2 0 1 1629 1846 1943 2175
7164 4 2 0 1 1078 1833 1077 2000
7165 4 2 0 1 1365 1315 1312 1775
7166 4 2 0 1 353 1769 354 1988
7167 4 2 0 1 1723 1618 1837 2156
7168 4 2 0 1 1086 1083 1323 1864
7169 4 2 0 1 889 870 2025 2071
7170 4 2 0 1 1664 1864 1811 2208
7171 4 2 0 1 1070 1000 1508 1898
7172 4 2 0 1 1793 1637 1856 2101
7173 4 2 0 1 1028 1836 1815 2006
7174 4 2 0 1 873 799 823 1829
7175 4 2 0 1 1067 832 1528 1929
7176 4 2 0 1 1799 1993 340 2085
7177 4 2 0 1 1309 1521 1056 2221
7178 4 2 0 1 1652 1831 1789 2119
7179 4 2 0 1 1328 1086 1864 2109
7180 4 2 0 1 580 340 1993 2085
7181 4 2 0 1 1204 1872 2011 2206
7182 4 2 0 1 1148 1258 1750 1958
7183 4 2 0 1 1709 2052 367 2101
7184 4 2 0 1 1708 1634 1900 2126
7185 4 2 0 1 606 605 607 2217
7186 4 2 0 1 1089 1726 1942 2134
7187 4 2 0 1 1650 1750 2013 2083
7188 4 2 0 1 1732 1798 1674 2000
7189 4 2 0 1 909 873 1829 2152
7190 4 2 0 1 1650 1859 1791 1924
7191 4 2 0 1 1829 2054 1694 2123
7192 4 2 0 1 1716 1895 1628 1995
7193 4 2 0 1 1610 1855 1929 2060
7194 4 2 0 1 1742 1775 1675 1980
7195 4 2 0 1 1093 1096 1787 2143
7196 4 2 0 1 1311 1775 1315 1776
7197 4 2 0 1 1615 2025 1981 2077
7198 4 2 0 1 1196 1707 1874 2198
7199 4 2 0 1 1708 1866 1778 2169
7200 4 2 0 1 1846 1964 1143 2035
7201 4 2 0 1 1091 1726 1089 2134
7202 4 2 0 1 718 714 523 1622
7203 4 2 0 1 1688 2080 1744 2111
7204 4 2 0 1 551 611 614 2111
7205 4 2 0 1 1604 1886 1797 2118
7206 4 2 0 1 696 710 544 1755
7207 4 2 0 1 1092 1089 1726 2140
7208 4 2 0 1 396 387 397 1748
7209 4 2 0 1 671 516 509 1749
7210 4 2 0 1 1406 1148 1258 1750
7211 4 2 0 1 444 651 454 1753
7212 4 2 0 1 1758 2003 1695 2112
7213 4 2 0 1 1762 1956 1609 2086
7214 4 2 0 1 1369 1368 1166 1746
7215 4 2 0 1 1695 2162 1761 2222
7216 4 2 0 1 1604 2026 1893 2190
7217 4 2 0 1 1724 1774 1612 1991
7218 4 2 0 1 1809 2025 1615 2071
7219 4 2 0 1 1324 2089 1471 2188
7220 4 2 0 1 435 420 421 1756
7221 4 2 0 1 813 866 902 1732
7222 4 2 0 1 1695 2117 1758 2162
7223 4 2 0 1 1771 1853 1622 2136
7224 4 2 0 1 659 475 493 1970
7225 4 2 0 1 1951 2115 1398 2124
7226 4 2 0 1 587 1832 585 1945
7227 4 2 0 1 1071 1506 844 1984
7228 4 2 0 1 1755 1940 1666 2007
7229 4 2 0 1 1324 1728 1471 2089
7230 4 2 0 1 460 2022 630 2040
7231 4 2 0 1 1637 1830 1792 1960
7232 4 2 0 1 1221 2142 1293 2222
7233 4 2 0 1 1802 1928 1694 2016
7234 4 2 0 1 906 917 876 1946
7235 4 2 0 1 1801 2091 1726 2140
7236 4 2 0 1 1966 1981 1687 2175
7237 4 2 0 1 321 854 788 2125
7238 4 2 0 1 1610 1834 1768 2102
7239 4 2 0 1 419 672 1863 2098
7240 4 2 0 1 1744 1702 2080 2100
7241 4 2 0 1 825 889 870 2025
7242 4 2 0 1 891 1532 819 2219
7243 4 2 0 1 1620 1858 1795 1883
7244 4 2 0 1 1613 2189 1739 2213
7245 4 2 0 1 1872 1991 1774 2206
7246 4 2 0 1 1691 1982 1892 2002
7247 4 2 0 1 1951 2015 1704 2031
7248 4 2 0 1 1724 1774 1630 1876
7249 4 2 0 1 1730 1773 1619 1935
7250 4 2 0 1 694 1981 471 2167
7251 4 2 0 1 1355 2080 1295 2160
7252 4 2 0 1 1309 1056 1999 2221
7253 4 2 0 1 1870 1922 1654 2180
7254 4 2 0 1 1708 1838 1630 1876
7255 4 2 0 1 599 1743 601 1930
7256 4 2 0 1 490 2118 1892 2155
7257 4 2 0 1 1302 1488 1303 1762
7258 4 2 0 1 445 646 632 2202
7259 4 2 0 1 1028 1011 988 1836
7260 4 2 0 1 451 444 450 2064
7261 4 2 0 1 1807 1981 1699 2077
7262 4 2 0 1 1653 1831 1786 2128
7263 4 2 0 1 1778 2011 1866 2214
7264 4 2 0 1 1691 1764 1982 2196
7265 4 2 0 1 1028 1011 1836 2006
7266 4 2 0 1 1859 1909 1649 2174
7267 4 2 0 1 1664 1798 1873 2065
7268 4 2 0 1 1981 2025 1699 2077
7269 4 2 0 1 1664 2065 1873 2208
7270 4 2 0 1 1635 1781 1777 1902
7271 4 2 0 1 923 826 878 1843
7272 4 2 0 1 1280 1265 1296 2060
7273 4 2 0 1 1355 2100 1702 2160
7274 4 2 0 1 895 2152 1914 2191
7275 4 2 0 1 1447 2039 1834 2060
7276 4 2 0 1 508 456 458 2149
7277 4 2 0 1 1744 2080 1702 2111
7278 4 2 0 1 885 903 1816 1957
7279 4 2 0 1 1041 160 997 2057
7280 4 2 0 1 1719 2029 494 2218
7281 4 2 0 1 1056 979 1544 2221
7282 4 2 0 1 459 685 715 2146
7283 4 2 0 1 1700 1996 1805 2092
7284 4 2 0 1 755 769 334 1926
7285 4 2 0 1 1019 1032 1999 2059
7286 4 2 0 1 1797 1967 1941 2146
7287 4 2 0 1 1697 1951 1399 2176
7288 4 2 0 1 695 2045 1712 2155
7289 4 2 0 1 655 2031 654 2215
7290 4 2 0 1 1073 940 1516 1821
7291 4 2 0 1 716 1712 1915 2084
7292 4 2 0 1 1718 2028 1234 2157
7293 4 2 0 1 1763 1837 1723 2012
7294 4 2 0 1 1676 1773 1730 1887
7295 4 2 0 1 1753 1820 1659 1848
7296 4 2 0 1 1129 1128 1120 2012
7297 4 2 0 1 1855 1929 1605 1934
7298 4 2 0 1 1662 1956 1762 2086
7299 4 2 0 1 931 1764 766 2165
7300 4 2 0 1 1712 1915 1895 2113
7301 4 2 0 1 1082 1873 1322 2208
7302 4 2 0 1 1204 2011 1427 2206
7303 4 2 0 1 1822 1879 1756 1899
7304 4 2 0 1 1506 1984 1509 2023
7305 4 2 0 1 663 481 637 1806
7306 4 2 0 1 1094 2041 1091 2134
7307 4 2 0 1 972 938 1020 1758
7308 4 2 0 1 972 1025 950 1758
7309 4 2 0 1 1234 2002 1718 2157
7310 4 2 0 1 1399 1398 1951 2115
7311 4 2 0 1 453 489 439 1841
7312 4 2 0 1 566 2019 1701 2125
7313 4 2 0 1 885 840 903 1957
7314 4 2 0 1 1716 1614 2020 2038
7315 4 2 0 1 1778 1866 1708 2214
7316 4 2 0 1 494 700 699 2033
7317 4 2 0 1 1807 1966 1699 1981
7318 4 2 0 1 1729 1879 1772 2121
7319 4 2 0 1 1789 1658 1961 2140
7320 4 2 0 1 765 527 532 1849
7321 4 2 0 1 345 1801 591 2091
7322 4 2 0 1 1667 1823 1729 2138
7323 4 2 0 1 1653 1831 1789 2104
7324 4 2 0 1 1652 1789 1831 2104
7325 4 2 0 1 345 1990 1801 2091
7326 4 2 0 1 1165 1433 1127 2184
7327 4 2 0 1 1084 1325 1717 2188
7328 4 2 0 1 982 314 935 2006
7329 4 2 0 1 160 763 308 1843
7330 4 2 0 1 1655 2134 1726 2173
7331 4 2 0 1 1489 1073 1481 1821
7332 4 2 0 1 455 726 438 1795
7333 4 2 0 1 1033 614 302 2021
7334 4 2 0 1 1265 1757 1239 1991
7335 4 2 0 1 381 386 399 1794
7336 4 2 0 1 380 382 381 1794
7337 4 2 0 1 359 361 358 1792
7338 4 2 0 1 407 1835 708 1896
7339 4 2 0 1 1644 1987 1727 2172
7340 4 2 0 1 1276 1509 1537 1745
7341 4 2 0 1 1796 2025 1809 2071
7342 4 2 0 1 472 476 526 1871
7343 4 2 0 1 593 580 727 2085
7344 4 2 0 1 714 718 545 2127
7345 4 2 0 1 1726 2041 1092 2140
7346 4 2 0 1 472 654 473 1766
7347 4 2 0 1 1663 1826 1814 1962
7348 4 2 0 1 589 728 668 1791
7349 4 2 0 1 1738 2055 1737 2136
7350 4 2 0 1 674 513 1856 2101
7351 4 2 0 1 892 1493 1059 2034
7352 4 2 0 1 1041 763 160 2057
7353 4 2 0 1 718 1622 2055 2127
7354 4 2 0 1 1860 1978 1604 2190
7355 4 2 0 1 1058 1486 1498 1815
7356 4 2 0 1 1103 1960 1710 2172
7357 4 2 0 1 476 529 526 1871
7358 4 2 0 1 1264 1285 1230 2030
7359 4 2 0 1 859 876 917 1946
7360 4 2 0 1 619 798 316 1721
7361 4 2 0 1 308 758 923 1843
7362 4 2 0 1 1681 1798 1732 2000
7363 4 2 0 1 895 865 2152 2191
7364 4 2 0 1 533 771 633 1892
7365 4 2 0 1 1803 1863 1645 1913
7366 4 2 0 1 646 692 513 1781
7367 4 2 0 1 366 519 370 1780
7368 4 2 0 1 646 704 652 1781
7369 4 2 0 1 665 440 380 1782
7370 4 2 0 1 519 693 665 1782
7371 4 2 0 1 1144 1145 1397 1779
7372 4 2 0 1 440 693 671 1782
7373 4 2 0 1 405 485 708 1783
7374 4 2 0 1 1388 1263 1417 1784
7375 4 2 0 1 405 404 403 1783
7376 4 2 0 1 1339 1093 1096 1787
7377 4 2 0 1 412 463 410 1785
7378 4 2 0 1 1397 1468 1259 1786
7379 4 2 0 1 1260 1259 1261 1786
7380 4 2 0 1 1475 1416 1477 1788
7381 4 2 0 1 1453 1342 1096 1787
7382 4 2 0 1 1477 1334 1332 1788
7383 4 2 0 1 1341 1336 1340 1789
7384 4 2 0 1 1474 1395 1478 1790
7385 4 2 0 1 1898 1967 1685 2057
7386 4 2 0 1 1799 1979 1728 2085
7387 4 2 0 1 1622 1737 2055 2136
7388 4 2 0 1 1618 1889 1772 2156
7389 4 2 0 1 339 337 340 1799
7390 4 2 0 1 899 897 857 1833
7391 4 2 0 1 979 1503 930 1996
7392 4 2 0 1 1651 1791 1909 2174
7393 4 2 0 1 1726 1990 1655 2173
7394 4 2 0 1 766 967 800 2059
7395 4 2 0 1 1467 1758 1484 2117
7396 4 2 0 1 1179 1822 1432 2079
7397 4 2 0 1 1769 1983 1669 1988
7398 4 2 0 1 1421 1483 1465 2010
7399 4 2 0 1 1754 1660 2109 2154
7400 4 2 0 1 1338 1324 1471 2188
7401 4 2 0 1 1795 1883 1707 2207
7402 4 2 0 1 1427 2206 2011 2214
7403 4 2 0 1 1820 1910 1188 2048
7404 4 2 0 1 1527 1490 1370 2178
7405 4 2 0 1 1709 1793 1986 2062
7406 4 2 0 1 1174 1173 1138 1935
7407 4 2 0 1 1191 1174 1190 1935
7408 4 2 0 1 823 872 910 1760
7409 4 2 0 1 1744 2080 1969 2100
7410 4 2 0 1 1670 2066 1841 2207
7411 4 2 0 1 390 1708 1948 2197
7412 4 2 0 1 1712 1628 1915 2113
7413 4 2 0 1 920 803 836 1796
7414 4 2 0 1 880 1934 1929 2181
7415 4 2 0 1 698 747 793 2110
7416 4 2 0 1 1709 1842 364 2170
7417 4 2 0 1 1375 1715 2062 2131
7418 4 2 0 1 735 579 1954 2065
7419 4 2 0 1 1691 1978 1860 2190
7420 4 2 0 1 1131 1817 1414 1972
7421 4 2 0 1 1122 1778 2126 2214
7422 4 2 0 1 1622 2136 1738 2210
7423 4 2 0 1 1733 1957 1683 2009
7424 4 2 0 1 1637 1792 1830 2105
7425 4 2 0 1 1641 1830 1792 2105
7426 4 2 0 1 1610 1929 1855 1934
7427 4 2 0 1 907 2054 1829 2123
7428 4 2 0 1 1133 1837 1129 2012
7429 4 2 0 1 712 539 1797 2118
7430 4 2 0 1 1092 1089 1091 2041
7431 4 2 0 1 826 758 323 1934
7432 4 2 0 1 1692 1871 1766 2215
7433 4 2 0 1 1673 1866 1778 2011
7434 4 2 0 1 1634 1948 1862 2126
7435 4 2 0 1 1870 1922 1683 1923
7436 4 2 0 1 1867 2039 1612 2102
7437 4 2 0 1 1723 1837 1763 2156
7438 4 2 0 1 1293 2142 2032 2222
7439 4 2 0 1 1932 2056 1667 2092
7440 4 2 0 1 1155 1824 1154 1973
7441 4 2 0 1 1622 1738 2055 2127
7442 4 2 0 1 1050 1534 1488 1869
7443 4 2 0 1 1770 1993 1728 2085
7444 4 2 0 1 1076 1061 857 1833
7445 4 2 0 1 1377 1808 1241 2196
7446 4 2 0 1 511 512 611 1744
7447 4 2 0 1 682 681 328 1760
7448 4 2 0 1 1799 1993 1717 2133
7449 4 2 0 1 1010 1003 964 1893
7450 4 2 0 1 1346 1767 1431 2043
7451 4 2 0 1 1375 2062 1715 2201
7452 4 2 0 1 1391 1189 1448 2074
7453 4 2 0 1 1895 2028 1712 2113
7454 4 2 0 1 735 338 579 2065
7455 4 2 0 1 363 2170 1842 2212
7456 4 2 0 1 1792 1960 1727 1987
7457 4 2 0 1 1687 2097 1943 2161
7458 4 2 0 1 933 1003 1010 1886
7459 4 2 0 1 539 2084 1797 2118
7460 4 2 0 1 1123 1124 1118 1778
7461 4 2 0 1 1943 2097 1627 2161
7462 4 2 0 1 1839 2079 1180 2157
7463 4 2 0 1 1519 1467 1504 1758
7464 4 2 0 1 2028 2113 1228 2157
7465 4 2 0 1 1703 2035 1759 2199
7466 4 2 0 1 1626 1872 1703 1928
7467 4 2 0 1 1627 1748 2161 2166
7468 4 2 0 1 765 1765 809 2027
7469 4 2 0 1 320 931 766 2165
7470 4 2 0 1 1085 1083 1864 1979
7471 4 2 0 1 1726 2134 1711 2173
7472 4 2 0 1 377 2052 631 2094
7473 4 2 0 1 439 2066 711 2207
7474 4 2 0 1 1472 1094 1736 2143
7475 4 2 0 1 1089 1942 1090 2134
7476 4 2 0 1 967 766 931 1764
7477 4 2 0 1 1636 1780 1857 2135
7478 4 2 0 1 1131 1817 1972 2183
7479 4 2 0 1 766 1764 967 2059
7480 4 2 0 1 1633 1850 1782 2093
7481 4 2 0 1 1610 1855 1834 2102
7482 4 2 0 1 1464 2018 2117 2210
7483 4 2 0 1 1131 1972 1868 2183
7484 4 2 0 1 1880 2019 1762 2205
7485 4 2 0 1 1329 1331 1852 2106
7486 4 2 0 1 1330 1852 1331 2106
7487 4 2 0 1 1682 1775 1742 1980
7488 4 2 0 1 582 1754 343 1990
7489 4 2 0 1 1205 1991 1872 2206
7490 4 2 0 1 895 2152 909 2178
7491 4 2 0 1 1518 1540 1298 1735
7492 4 2 0 1 784 815 1934 2191
7493 4 2 0 1 1464 1289 1290 1771
7494 4 2 0 1 1799 1864 1664 1979
7495 4 2 0 1 490 2084 539 2118
7496 4 2 0 1 857 1076 196 1061
7497 4 2 0 1 116 317 332 811
7498 4 2 0 1 1281 1268 1300 1947
7499 4 2 0 1 1738 1684 2127 2210
7500 4 2 0 1 888 848 1733 2163
7501 4 2 0 1 1605 1929 1855 2060
7502 4 2 0 1 773 890 1882 2217
7503 4 2 0 1 632 513 372 1856
7504 4 2 0 1 644 673 519 1857
7505 4 2 0 1 1199 1397 1168 1858
7506 4 2 0 1 1207 1334 1476 1859
7507 4 2 0 1 832 880 1929 2181
7508 4 2 0 1 1158 1162 1877 1908
7509 4 2 0 1 1659 1820 2024 2114
7510 4 2 0 1 1719 494 2064 2218
7511 4 2 0 1 1089 1335 1961 2140
7512 4 2 0 1 1728 1979 1799 1993
7513 4 2 0 1 1686 1835 1827 1896
7514 4 2 0 1 1535 1344 1921 2069
7515 4 2 0 1 1677 1814 1806 1950
7516 4 2 0 1 1742 1920 1698 2001
7517 4 2 0 1 1464 1771 1290 2018
7518 4 2 0 1 1626 1703 1872 2040
7519 4 2 0 1 1938 1985 1705 2033
7520 4 2 0 1 1290 1221 1293 2222
7521 4 2 0 1 1712 1949 1628 2113
7522 4 2 0 1 1441 1442 1443 1840
7523 4 2 0 1 1746 1880 1825 1939
7524 4 2 0 1 1648 1711 2014 2143
7525 4 2 0 1 1703 1928 1802 2040
7526 4 2 0 1 748 974 320 2165
7527 4 2 0 1 1102 1099 1727 2186
7528 4 2 0 1 1067 1502 879 2181
7529 4 2 0 1 1154 1824 1152 2083
7530 4 2 0 1 660 1772 434 2121
7531 4 2 0 1 1504 1758 1467 2162
7532 4 2 0 1 1071 828 1491 1984
7533 4 2 0 1 1706 1940 1963 2108
7534 4 2 0 1 488 659 722 1970
7535 4 2 0 1 1641 1830 1783 2153
7536 4 2 0 1 1369 1368 1746 1997
7537 4 2 0 1 1790 1832 1655 2154
7538 4 2 0 1 601 1930 1743 2213
7539 4 2 0 1 1768 2010 1725 2211
7540 4 2 0 1 857 1061 830 1833
7541 4 2 0 1 1458 1288 1210 1853
7542 4 2 0 1 311 773 890 1882
7543 4 2 0 1 1728 1993 1799 2085
7544 4 2 0 1 1639 1858 1786 2128
7545 4 2 0 1 625 2164 1939 2166
7546 4 2 0 1 1360 1252 1862 2132
7547 4 2 0 1 1252 1995 1862 2132
7548 4 2 0 1 1121 1119 1861 2131
7549 4 2 0 1 1119 1994 1861 2131
7550 4 2 0 1 911 2071 1809 2088
7551 4 2 0 1 1713 1925 1611 2116
7552 4 2 0 1 976 1027 2037 2096
7553 4 2 0 1 1970 2003 1684 2015
7554 4 2 0 1 318 657 655 1933
7555 4 2 0 1 1415 1819 1904 2150
7556 4 2 0 1 1338 1471 2089 2188
7557 4 2 0 1 1536 2034 1068 2163
7558 4 2 0 1 1179 1432 1223 2079
7559 4 2 0 1 145 751 959 992
7560 4 2 0 1 1785 1649 1909 2174
7561 4 2 0 1 1719 1645 1910 2064
7562 4 2 0 1 1708 1778 1636 2169
7563 4 2 0 1 1659 1719 1910 2064
7564 4 2 0 1 1630 1866 2011 2214
7565 4 2 0 1 361 627 650 1792
7566 4 2 0 1 1418 1257 1112 1793
7567 4 2 0 1 590 1909 589 2174
7568 4 2 0 1 382 387 386 1794
7569 4 2 0 1 1685 1941 1967 2103
7570 4 2 0 1 1810 1722 1997 2097
7571 4 2 0 1 1271 2024 1272 2129
7572 4 2 0 1 1426 1275 2054 2123
7573 4 2 0 1 1161 1157 1159 2044
7574 4 2 0 1 708 1835 707 2051
7575 4 2 0 1 711 601 467 1743
7576 4 2 0 1 1368 1367 1166 2072
7577 4 2 0 1 364 1842 1709 2101
7578 4 2 0 1 1628 1716 1995 2149
7579 4 2 0 1 196 830 857 1061
7580 4 2 0 1 116 317 811 866
7581 4 2 0 1 653 455 424 1795
7582 4 2 0 1 1755 1824 1646 2007
7583 4 2 0 1 804 935 314 2130
7584 4 2 0 1 936 977 779 2159
7585 4 2 0 1 379 374 380 1850
7586 4 2 0 1 1622 523 2055 2141
7587 4 2 0 1 1623 1899 1917 2184
7588 4 2 0 1 349 2014 1711 2091
7589 4 2 0 1 163 1040 996 1985
7590 4 2 0 1 1701 1921 1762 2205
7591 4 2 0 1 1256 1408 1826 1969
7592 4 2 0 1 1616 1712 1839 2045
7593 4 2 0 1 1672 1921 1743 1930
7594 4 2 0 1 576 720 722 1875
7595 4 2 0 1 408 410 1751 2007
7596 4 2 0 1 784 815 843 1934
7597 4 2 0 1 900 1813 901 1926
7598 4 2 0 1 1739 1952 851 2189
7599 4 2 0 1 710 1755 696 2007
7600 4 2 0 1 1064 945 1860 2036
7601 4 2 0 1 776 1978 533 2118
7602 4 2 0 1 1201 1202 1203 2038
7603 4 2 0 1 1548 1058 960 1836
7604 4 2 0 1 481 442 465 1806
7605 4 2 0 1 1707 1795 1653 2168
7606 4 2 0 1 1637 1792 1710 2171
7607 4 2 0 1 1703 1673 2011 2022
7608 4 2 0 1 1148 1750 1406 2083
7609 4 2 0 1 1775 1823 1608 2138
7610 4 2 0 1 1625 1997 1868 2183
7611 4 2 0 1 311 890 821 1882
7612 4 2 0 1 1626 1931 1928 2016
7613 4 2 0 1 1317 2042 1425 2123
7614 4 2 0 1 1657 1801 1726 1961
7615 4 2 0 1 1723 1935 1619 2074
7616 4 2 0 1 732 1909 590 2174
7617 4 2 0 1 1518 1298 1076 1735
7618 4 2 0 1 1353 1354 1352 1870
7619 4 2 0 1 583 2154 346 2173
7620 4 2 0 1 1223 1279 1278 1932
7621 4 2 0 1 1708 1630 1838 2214
7622 4 2 0 1 1668 1716 2020 2038
7623 4 2 0 1 969 1015 927 2049
7624 4 2 0 1 1707 1670 1841 2207
7625 4 2 0 1 806 2037 751 2145
7626 4 2 0 1 317 755 334 1732
7627 4 2 0 1 1346 1431 1345 2043
7628 4 2 0 1 1132 1837 1137 2050
7629 4 2 0 1 1755 1963 1940 2108
7630 4 2 0 1 1882 1946 1607 1966
7631 4 2 0 1 1628 2094 1740 2132
7632 4 2 0 1 1648 1983 1736 2143
7633 4 2 0 1 1304 1251 1303 1762
7634 4 2 0 1 1472 1095 1094 2143
7635 4 2 0 1 1177 1181 1214 2097
7636 4 2 0 1 322 1998 2049 2096
7637 4 2 0 1 998 1938 1525 2120
7638 4 2 0 1 1764 1999 1032 2059
7639 4 2 0 1 1317 1072 2042 2123
7640 4 2 0 1 1834 1612 2039 2102
7641 4 2 0 1 1767 2043 1743 2066
7642 4 2 0 1 406 2013 405 2194
7643 4 2 0 1 599 467 601 1743
7644 4 2 0 1 462 501 496 2040
7645 4 2 0 1 410 406 1751 2013
7646 4 2 0 1 1627 2161 1868 2166
7647 4 2 0 1 587 586 1832 1945
7648 4 2 0 1 342 1754 1878 2193
7649 4 2 0 1 1271 1745 1276 2024
7650 4 2 0 1 1648 1983 1769 1988
7651 4 2 0 1 1203 1429 1420 2038
7652 4 2 0 1 1176 1752 1416 2048
7653 4 2 0 1 489 2066 1720 2067
7654 4 2 0 1 1368 1166 1746 2072
7655 4 2 0 1 1898 2057 1685 2209
7656 4 2 0 1 945 1030 1860 2036
7657 4 2 0 1 327 816 762 1765
7658 4 2 0 1 1059 1952 892 2034
7659 4 2 0 1 1073 1034 940 1821
7660 4 2 0 1 1718 2155 1712 2157
7661 4 2 0 1 1697 1951 1766 2124
7662 4 2 0 1 1400 1403 1484 2015
7663 4 2 0 1 1154 1973 1824 2083
7664 4 2 0 1 1672 1746 1825 2072
7665 4 2 0 1 1434 1846 1143 2035
7666 4 2 0 1 1017 1023 929 2081
7667 4 2 0 1 601 600 1930 2213
7668 4 2 0 1 1633 1782 1749 1904
7669 4 2 0 1 1749 1782 1642 1904
7670 4 2 0 1 1647 1787 1747 1906
7671 4 2 0 1 1747 1787 1648 1906
7672 4 2 0 1 1202 1916 1200 1995
7673 4 2 0 1 1703 1626 1928 2040
7674 4 2 0 1 709 1906 1818 2078
7675 4 2 0 1 1163 1877 1752 2195
7676 4 2 0 1 1642 1857 1784 1968
7677 4 2 0 1 1699 1946 1882 1966
7678 4 2 0 1 503 540 2047 2199
7679 4 2 0 1 1127 1120 1917 1994
7680 4 2 0 1 740 2003 1704 2159
7681 4 2 0 1 659 493 656 2031
7682 4 2 0 1 1622 2055 1737 2141
7683 4 2 0 1 642 1740 616 1948
7684 4 2 0 1 1498 221 943 978
7685 4 2 0 1 377 689 1741 1949
7686 4 2 0 1 654 2031 1766 2215
7687 4 2 0 1 1715 2062 1709 2201
7688 4 2 0 1 701 1889 2087 2179
7689 4 2 0 1 1440 1288 1454 1963
7690 4 2 0 1 1655 1754 1942 2109
7691 4 2 0 1 401 1901 1971 2164
7692 4 2 0 1 1663 1803 1826 1962
7693 4 2 0 1 1709 1986 1842 2170
7694 4 2 0 1 1516 1821 940 2061
7695 4 2 0 1 1888 1927 1677 2063
7696 4 2 0 1 1742 2001 1698 2145
7697 4 2 0 1 1311 1312 1775 2138
7698 4 2 0 1 1677 1826 1814 1950
7699 4 2 0 1 1121 1119 1433 1861
7700 4 2 0 1 1252 1386 1360 1862
7701 4 2 0 1 616 1740 615 2094
7702 4 2 0 1 335 334 336 1798
7703 4 2 0 1 1395 1820 1188 2048
7704 4 2 0 1 544 696 1755 2108
7705 4 2 0 1 1604 2118 1718 2190
7706 4 2 0 1 453 608 489 2180
7707 4 2 0 1 409 1896 2007 2194
7708 4 2 0 1 1264 1190 1391 2074
7709 4 2 0 1 1672 1825 1800 2072
7710 4 2 0 1 1712 2045 1616 2155
7711 4 2 0 1 794 600 602 2213
7712 4 2 0 1 1507 1508 1042 1898
7713 4 2 0 1 444 1753 454 2098
7714 4 2 0 1 1237 1219 1403 2015
7715 4 2 0 1 1412 1924 1258 1958
7716 4 2 0 1 1056 1544 1999 2221
7717 4 2 0 1 857 897 834 1735
7718 4 2 0 1 1895 1915 1628 2113
7719 4 2 0 1 504 553 573 2047
7720 4 2 0 1 816 862 762 1765
7721 4 2 0 1 1739 1767 1613 2213
7722 4 2 0 1 1637 1830 1960 2171
7723 4 2 0 1 332 554 774 1891
7724 4 2 0 1 1377 1222 1241 1808
7725 4 2 0 1 1185 1408 1950 2192
7726 4 2 0 1 708 1835 661 1896
7727 4 2 0 1 1611 1847 1821 2061
7728 4 2 0 1 1225 1209 1186 2122
7729 4 2 0 1 1433 1861 1119 1994
7730 4 2 0 1 1386 1862 1252 1995
7731 4 2 0 1 508 615 616 1740
7732 4 2 0 1 616 642 508 1740
7733 4 2 0 1 377 375 371 1741
7734 4 2 0 1 979 1056 1503 1996
7735 4 2 0 1 1743 1921 1613 1930
7736 4 2 0 1 1297 1350 1348 1807
7737 4 2 0 1 1355 2080 1702 2100
7738 4 2 0 1 1611 1925 1847 2116
7739 4 2 0 1 1627 1943 1846 2097
7740 4 2 0 1 760 330 795 2177
7741 4 2 0 1 937 614 1033 2058
7742 4 2 0 1 1645 1719 1910 2073
7743 4 2 0 1 1685 2057 1967 2209
7744 4 2 0 1 1645 2073 1910 2195
7745 4 2 0 1 371 2052 1741 2137
7746 4 2 0 1 540 2175 2047 2199
7747 4 2 0 1 1204 1872 1374 2011
7748 4 2 0 1 1308 1365 1366 1742
7749 4 2 0 1 1669 1769 1727 1983
7750 4 2 0 1 1927 1969 1677 2063
7751 4 2 0 1 377 371 631 2052
7752 4 2 0 1 960 1058 988 1836
7753 4 2 0 1 935 2006 314 2130
7754 4 2 0 1 1130 1897 1964 1972
7755 4 2 0 1 1636 1850 1778 2093
7756 4 2 0 1 1673 1850 1778 1866
7757 4 2 0 1 1706 1940 1853 1963
7758 4 2 0 1 1132 1137 1178 2050
7759 4 2 0 1 1669 1958 1727 2107
7760 4 2 0 1 713 409 1896 2141
7761 4 2 0 1 794 791 600 1854
7762 4 2 0 1 431 419 428 1863
7763 4 2 0 1 1670 1953 1743 2066
7764 4 2 0 1 902 830 858 2090
7765 4 2 0 1 1746 1939 1825 2164
7766 4 2 0 1 641 420 1879 1899
7767 4 2 0 1 1643 2108 2004 2204
7768 4 2 0 1 1527 1299 1524 1914
7769 4 2 0 1 1435 1143 1434 1846
7770 4 2 0 1 1311 1292 1312 2138
7771 4 2 0 1 1086 1085 1083 1864
7772 4 2 0 1 1622 1853 1706 1940
7773 4 2 0 1 569 806 751 2145
7774 4 2 0 1 1805 2059 1700 2092
7775 4 2 0 1 378 1866 1708 2169
7776 4 2 0 1 376 1714 2137 2216
7777 4 2 0 1 1711 2134 2041 2143
7778 4 2 0 1 1614 1768 1725 2211
7779 4 2 0 1 1627 1868 1748 2166
7780 4 2 0 1 1700 2056 1932 2092
7781 4 2 0 1 1778 1708 2126 2214
7782 4 2 0 1 1148 1146 1258 1958
7783 4 2 0 1 501 502 496 1802
7784 4 2 0 1 600 1854 791 1930
7785 4 2 0 1 974 931 320 2165
7786 4 2 0 1 1180 2079 1839 2184
7787 4 2 0 1 1669 1828 1958 2107
7788 4 2 0 1 1611 1927 1888 2063
7789 4 2 0 1 1667 1932 1823 2138
7790 4 2 0 1 482 500 1770 2008
7791 4 2 0 1 1553 1506 1509 2023
7792 4 2 0 1 1777 1812 1635 2074
7793 4 2 0 1 642 390 392 1948
7794 4 2 0 1 716 695 617 1949
7795 4 2 0 1 1042 1508 1000 1898
7796 4 2 0 1 1645 1803 1913 2073
7797 4 2 0 1 1521 1996 1056 2221
7798 4 2 0 1 1182 1883 1707 2168
7799 4 2 0 1 1789 1911 1653 2168
7800 4 2 0 1 528 557 572 2027
7801 4 2 0 1 1686 1845 2030 2051
7802 4 2 0 1 1610 1834 1855 2060
7803 4 2 0 1 397 1901 1748 2076
7804 4 2 0 1 375 371 1741 2137
7805 4 2 0 1 1784 1905 1644 2172
7806 4 2 0 1 1780 1900 1636 2169
7807 4 2 0 1 160 878 161 1843
7808 4 2 0 1 684 706 1845 1992
7809 4 2 0 1 1655 1990 2154 2173
7810 4 2 0 1 1179 2079 1180 2184
7811 4 2 0 1 317 115 813 866
7812 4 2 0 1 858 830 195 1061
7813 4 2 0 1 1722 1810 1662 1936
7814 4 2 0 1 1847 1925 1696 2116
7815 4 2 0 1 1662 1810 1722 1997
7816 4 2 0 1 1671 1717 1993 2133
7817 4 2 0 1 457 427 1867 2017
7818 4 2 0 1 615 1740 508 2149
7819 4 2 0 1 1813 1926 900 2090
7820 4 2 0 1 489 608 609 1720
7821 4 2 0 1 1123 2011 1778 2214
7822 4 2 0 1 1821 1847 1611 2046
7823 4 2 0 1 1247 1248 1284 1965
7824 4 2 0 1 1408 1407 1185 1950
7825 4 2 0 1 1357 1381 1407 1888
7826 4 2 0 1 1479 1734 1316 2129
7827 4 2 0 1 1723 1777 1619 1944
7828 4 2 0 1 1637 1960 1792 2171
7829 4 2 0 1 1868 2161 1722 2166
7830 4 2 0 1 1801 2119 1652 2140
7831 4 2 0 1 604 1981 1966 2175
7832 4 2 0 1 363 360 1905 2212
7833 4 2 0 1 458 457 459 2020
7834 4 2 0 1 1381 1888 1357 2063
7835 4 2 0 1 1710 1106 1986 2171
7836 4 2 0 1 1650 1791 1859 2174
7837 4 2 0 1 1610 1881 1843 2010
7838 4 2 0 1 1806 1950 1814 2204
7839 4 2 0 1 1451 1448 1902 2074
7840 4 2 0 1 1210 1706 2122 2142
7841 4 2 0 1 457 427 469 1867
7842 4 2 0 1 1740 2094 1715 2132
7843 4 2 0 1 1646 1785 1751 1973
7844 4 2 0 1 1649 1788 1752 1974
7845 4 2 0 1 852 755 813 1926
7846 4 2 0 1 1226 1923 1242 2089
7847 4 2 0 1 1067 1929 1502 2181
7848 4 2 0 1 2052 2095 1709 2200
7849 4 2 0 1 564 2001 2087 2145
7850 4 2 0 1 541 708 707 2051
7851 4 2 0 1 1635 1812 1777 2051
7852 4 2 0 1 1030 1978 1860 2165
7853 4 2 0 1 1652 1726 2091 2140
7854 4 2 0 1 1346 1059 1463 2034
7855 4 2 0 1 1683 1922 1870 2180
7856 4 2 0 1 568 622 629 1980
7857 4 2 0 1 1094 1093 2041 2143
7858 4 2 0 1 1108 1793 1986 2171
7859 4 2 0 1 1875 1959 1665 2018
7860 4 2 0 1 982 981 754 2006
7861 4 2 0 1 801 712 686 1886
7862 4 2 0 1 329 745 737 2046
7863 4 2 0 1 587 585 586 1945
7864 4 2 0 1 1868 1972 1748 2183
7865 4 2 0 1 616 1948 1740 2095
7866 4 2 0 1 1717 1993 1979 2188
7867 4 2 0 1 377 1949 1741 2094
7868 4 2 0 1 1615 1956 1936 2086
7869 4 2 0 1 1853 1940 1622 2141
7870 4 2 0 1 591 2091 1801 2119
7871 4 2 0 1 1848 2024 1689 2114
7872 4 2 0 1 1810 1936 1615 1956
7873 4 2 0 1 1632 1793 1856 2101
7874 4 2 0 1 1654 1870 1720 1884
7875 4 2 0 1 1360 2132 1862 2201
7876 4 2 0 1 1681 1798 1717 2133
7877 4 2 0 1 1740 2094 616 2095
7878 4 2 0 1 1614 2039 1867 2102
7879 4 2 0 1 1625 1901 1779 2183
7880 4 2 0 1 1030 1860 2036 2165
7881 4 2 0 1 1725 2020 1614 2038
7882 4 2 0 1 1749 1817 1639 2076
7883 4 2 0 1 1767 2066 1743 2213
7884 4 2 0 1 681 573 328 1760
7885 4 2 0 1 575 546 1875 1959
7886 4 2 0 1 1208 1440 1161 2044
7887 4 2 0 1 759 968 969 2049
7888 4 2 0 1 1759 1794 1627 1964
7889 4 2 0 1 1673 1794 1759 1964
7890 4 2 0 1 1748 1901 1817 2076
7891 4 2 0 1 423 623 1825 1953
7892 4 2 0 1 1208 1963 1440 2044
7893 4 2 0 1 1729 1823 1667 1879
7894 4 2 0 1 1019 2059 1999 2221
7895 4 2 0 1 1754 1878 1864 2109
7896 4 2 0 1 1167 1169 1168 1883
7897 4 2 0 1 377 1741 689 2216
7898 4 2 0 1 919 1952 1854 2189
7899 4 2 0 1 557 765 809 2027
7900 4 2 0 1 1256 1969 1826 2080
7901 4 2 0 1 1725 2038 1614 2211
7902 4 2 0 1 1177 1997 1868 2097
7903 4 2 0 1 1744 1962 1826 2220
7904 4 2 0 1 391 378 683 1866
7905 4 2 0 1 1201 1171 1916 2039
7906 4 2 0 1 552 536 555 1989
7907 4 2 0 1 1650 1924 1791 2187
7908 4 2 0 1 1714 1899 1617 1917
7909 4 2 0 1 1623 1899 1714 1917
7910 4 2 0 1 846 1528 169 845
7911 4 2 0 1 1712 1616 1839 2157
7912 4 2 0 1 367 634 2095 2200
7913 4 2 0 1 1655 1726 1942 1990
7914 4 2 0 1 1633 1817 1749 2076
7915 4 2 0 1 1657 1979 1799 2085
7916 4 2 0 1 797 721 1855 1934
7917 4 2 0 1 1905 1987 1710 2212
7918 4 2 0 1 1716 1895 1668 1915
7919 4 2 0 1 1751 1785 1650 1973
7920 4 2 0 1 1752 1788 1656 1974
7921 4 2 0 1 895 1914 2152 2178
7922 4 2 0 1 119 307 862 820
7923 4 2 0 1 1628 1895 1716 1915
7924 4 2 0 1 1230 1428 1773 2030
7925 4 2 0 1 850 315 749 1739
7926 4 2 0 1 1091 1094 1093 2041
7927 4 2 0 1 1801 2091 1652 2119
7928 4 2 0 1 1403 1466 1484 2015
7929 4 2 0 1 1927 2046 1693 2063
7930 4 2 0 1 1300 1363 1321 1947
7931 4 2 0 1 1662 1936 1810 1956
7932 4 2 0 1 1748 1794 1633 1972
7933 4 2 0 1 741 2070 1959 2177
7934 4 2 0 1 1438 1250 1810 1956
7935 4 2 0 1 1628 1715 2094 2132
7936 4 2 0 1 1654 1770 1874 2008
7937 4 2 0 1 368 1856 513 2101
7938 4 2 0 1 1718 1797 1668 2084
7939 4 2 0 1 1814 1950 1826 2192
7940 4 2 0 1 1956 2071 1306 2088
7941 4 2 0 1 944 973 1031 1860
7942 4 2 0 1 1646 1785 1908 2203
7943 4 2 0 1 1205 1872 1204 2206
7944 4 2 0 1 627 1792 359 2212
7945 4 2 0 1 393 388 1772 2156
7946 4 2 0 1 1220 1887 1192 1977
7947 4 2 0 1 1241 1223 1278 1808
7948 4 2 0 1 1715 2131 1375 2132
7949 4 2 0 1 1625 2164 1901 2166
7950 4 2 0 1 1634 1948 1708 2197
7951 4 2 0 1 1959 2018 1695 2222
7952 4 2 0 1 1746 1625 1939 2164
7953 4 2 0 1 1628 1949 1861 2113
7954 4 2 0 1 1617 1879 1822 1899
7955 4 2 0 1 1695 1959 1875 2018
7956 4 2 0 1 1634 1709 1937 2201
7957 4 2 0 1 1182 1199 1883 2168
7958 4 2 0 1 711 601 1743 2066
7959 4 2 0 1 1634 1900 1780 2197
7960 4 2 0 1 1300 1816 1362 2139
7961 4 2 0 1 94 861 872 2185
7962 4 2 0 1 645 1948 616 2095
7963 4 2 0 1 617 1949 377 2094
7964 4 2 0 1 897 863 904 1955
7965 4 2 0 1 594 1993 581 2133
7966 4 2 0 1 638 1847 772 2046
7967 4 2 0 1 1744 1688 1962 2220
7968 4 2 0 1 1728 1979 1993 2188
7969 4 2 0 1 1658 1911 1789 2198
7970 4 2 0 1 546 720 1875 2068
7971 4 2 0 1 1469 1337 1335 1961
7972 4 2 0 1 1089 1335 1088 1961
7973 4 2 0 1 618 316 750 1957
7974 4 2 0 1 546 545 720 2068
7975 4 2 0 1 1710 1960 1792 1987
7976 4 2 0 1 1474 1790 1327 2109
7977 4 2 0 1 119 307 762 862
7978 4 2 0 1 435 1756 421 2045
7979 4 2 0 1 1009 1021 1847 2061
7980 4 2 0 1 1711 1945 350 2173
7981 4 2 0 1 1227 1870 1294 1923
7982 4 2 0 1 1480 1328 1811 2114
7983 4 2 0 1 1684 1970 1738 2127
7984 4 2 0 1 1695 2018 1875 2117
7985 4 2 0 1 1120 1894 1376 2012
7986 4 2 0 1 563 2001 1698 2130
7987 4 2 0 1 376 383 1899 2216
7988 4 2 0 1 1828 2013 404 2187
7989 4 2 0 1 707 1777 520 2051
7990 4 2 0 1 446 520 647 1944
7991 4 2 0 1 667 354 355 2107
7992 4 2 0 1 1644 1769 1727 1987
7993 4 2 0 1 433 1939 1722 2166
7994 4 2 0 1 1631 1894 1856 2202
7995 4 2 0 1 1666 1824 1755 2007
7996 4 2 0 1 387 397 1748 2076
7997 4 2 0 1 671 1749 509 2076
7998 4 2 0 1 424 425 1953 2207
7999 4 2 0 1 1620 1795 1858 1971
8000 4 2 0 1 1630 2011 1866 2022
8001 4 2 0 1 958 971 228 1511
8002 4 2 0 1 767 148 927 969
8003 4 2 0 1 1665 2018 1959 2222
8004 4 2 0 1 1766 1951 1697 2031
8005 4 2 0 1 1774 1872 1630 2040
8006 4 2 0 1 851 1739 918 2034
8007 4 2 0 1 1616 1839 1756 2045
8008 4 2 0 1 991 1009 1035 2070
8009 4 2 0 1 1382 1821 1516 2061
8010 4 2 0 1 1627 1794 1748 1972
8011 4 2 0 1 864 1057 1542 1813
8012 4 2 0 1 1137 1890 1404 2050
8013 4 2 0 1 1817 1748 1972 2183
8014 4 2 0 1 313 755 852 1926
8015 4 2 0 1 848 2099 1733 2163
8016 4 2 0 1 1765 1984 1661 2110
8017 4 2 0 1 1378 1113 1937 2201
8018 4 2 0 1 807 955 772 1847
8019 4 2 0 1 1082 1083 1081 1873
8020 4 2 0 1 328 1760 573 2185
8021 4 2 0 1 1637 1710 1842 2171
8022 4 2 0 1 1256 2080 1826 2220
8023 4 2 0 1 1008 787 954 2177
8024 4 2 0 1 1871 1920 1692 1977
8025 4 2 0 1 828 1071 201 844
8026 4 2 0 1 1621 1845 1773 2030
8027 4 2 0 1 911 908 1809 2071
8028 4 2 0 1 1713 2032 1379 2142
8029 4 2 0 1 599 561 560 1930
8030 4 2 0 1 1107 1104 1106 1986
8031 4 2 0 1 1944 2148 647 2156
8032 4 2 0 1 1731 1643 2004 2204
8033 4 2 0 1 1663 1863 1804 1877
8034 4 2 0 1 394 1944 647 2156
8035 4 2 0 1 1792 1960 1710 2171
8036 4 2 0 1 460 462 1774 2040
8037 4 2 0 1 1646 1731 2004 2203
8038 4 2 0 1 1611 2046 1927 2063
8039 4 2 0 1 1710 1960 1103 2171
8040 4 2 0 1 1686 2030 1812 2051
8041 4 2 0 1 1807 1965 1607 2047
8042 4 2 0 1 1771 2068 1706 2142
8043 4 2 0 1 1709 1638 1937 1986
8044 4 2 0 1 195 858 1061 1499
8045 4 2 0 1 813 115 317 755
8046 4 2 0 1 1792 1830 1641 1960
8047 4 2 0 1 1716 1628 1915 2149
8048 4 2 0 1 393 429 394 2156
8049 4 2 0 1 389 394 647 2156
8050 4 2 0 1 608 609 1720 2009
8051 4 2 0 1 389 647 2148 2156
8052 4 2 0 1 541 1835 708 2051
8053 4 2 0 1 1032 1999 1764 2036
8054 4 2 0 1 1777 1635 1902 2074
8055 4 2 0 1 1941 1967 1725 2146
8056 4 2 0 1 1843 1881 1602 2010
8057 4 2 0 1 1130 1897 1125 1964
8058 4 2 0 1 1622 1771 2136 2210
8059 4 2 0 1 1711 1852 1736 1945
8060 4 2 0 1 705 2078 1818 2144
8061 4 2 0 1 875 836 99 761
8062 4 2 0 1 451 499 651 1848
8063 4 2 0 1 1630 1774 1724 2206
8064 4 2 0 1 1752 1877 1863 2195
8065 4 2 0 1 1728 1770 1671 1993
8066 4 2 0 1 1726 1711 2091 2173
8067 4 2 0 1 1426 1425 1275 2123
8068 4 2 0 1 1020 1014 987 2112
8069 4 2 0 1 337 581 340 2133
8070 4 2 0 1 1639 1817 1749 2150
8071 4 2 0 1 427 456 392 2017
8072 4 2 0 1 1726 1801 1657 1990
8073 4 2 0 1 1618 1723 1944 2156
8074 4 2 0 1 449 1918 684 2053
8075 4 2 0 1 1821 1693 2046 2063
8076 4 2 0 1 836 331 761 1809
8077 4 2 0 1 300 847 810 2099
8078 4 2 0 1 1752 1656 2048 2098
8079 4 2 0 1 1139 1868 1131 1972
8080 4 2 0 1 314 982 754 2006
8081 4 2 0 1 684 522 706 1992
8082 4 2 0 1 706 713 661 1992
8083 4 2 0 1 1687 1981 1807 2077
8084 4 2 0 1 1712 2084 484 2155
8085 4 2 0 1 843 826 87 323
8086 4 2 0 1 560 1930 561 2205
8087 4 2 0 1 1372 1364 1143 2035
8088 4 2 0 1 811 899 866 1891
8089 4 2 0 1 1665 2068 1771 2142
8090 4 2 0 1 1400 1951 1704 2151
8091 4 2 0 1 320 570 771 2165
8092 4 2 0 1 1679 1887 1871 2179
8093 4 2 0 1 1737 2055 1992 2141
8094 4 2 0 1 1846 1943 1687 2097
8095 4 2 0 1 1615 1981 1810 2077
8096 4 2 0 1 1866 2011 1673 2022
8097 4 2 0 1 1693 1969 1927 2063
8098 4 2 0 1 973 944 235 1048
8099 4 2 0 1 1799 1979 1717 1993
8100 4 2 0 1 1629 1965 1807 2047
8101 4 2 0 1 602 315 794 2189
8102 4 2 0 1 560 559 1880 2205
8103 4 2 0 1 544 1940 466 2108
8104 4 2 0 1 1614 1834 2039 2102
8105 4 2 0 1 683 1866 379 2022
8106 4 2 0 1 1619 2030 1845 2051
8107 4 2 0 1 400 401 1901 1971
8108 4 2 0 1 1126 1897 1130 1972
8109 4 2 0 1 1343 1304 1305 1921
8110 4 2 0 1 1716 1614 1916 2017
8111 4 2 0 1 378 374 1866 2169
8112 4 2 0 1 983 1999 1032 2036
8113 4 2 0 1 1207 1908 1156 1973
8114 4 2 0 1 733 731 1909 1974
8115 4 2 0 1 919 855 1854 2069
8116 4 2 0 1 377 375 1741 2216
8117 4 2 0 1 1784 1857 1642 2144
8118 4 2 0 1 1687 1722 2097 2161
8119 4 2 0 1 833 2034 918 2163
8120 4 2 0 1 1691 1982 1808 2196
8121 4 2 0 1 639 636 640 1925
8122 4 2 0 1 1755 1940 544 2108
8123 4 2 0 1 1780 2170 1937 2200
8124 4 2 0 1 1659 1840 1719 2218
8125 4 2 0 1 1739 1767 1690 2034
8126 4 2 0 1 1715 2052 1709 2062
8127 4 2 0 1 356 355 353 1769
8128 4 2 0 1 235 973 1048 1492
8129 4 2 0 1 1652 1831 1787 2104
8130 4 2 0 1 1641 1783 1830 2105
8131 4 2 0 1 1637 1830 1781 2105
8132 4 2 0 1 1653 1786 1831 2104
8133 4 2 0 1 1651 1788 1832 2106
8134 4 2 0 1 1655 1832 1790 2106
8135 4 2 0 1 1658 1707 1874 2008
8136 4 2 0 1 993 1074 1761 2162
8137 4 2 0 1 1108 1986 1106 2171
8138 4 2 0 1 500 727 482 1770
8139 4 2 0 1 1179 1180 1165 2184
8140 4 2 0 1 357 355 1987 2107
8141 4 2 0 1 928 304 155 989
8142 4 2 0 1 919 915 1952 2189
8143 4 2 0 1 353 356 1769 2078
8144 4 2 0 1 1720 1767 1690 2067
8145 4 2 0 1 419 1863 432 2098
8146 4 2 0 1 748 304 155 928
8147 4 2 0 1 1245 1206 1240 1928
8148 4 2 0 1 1622 2055 1738 2136
8149 4 2 0 1 836 1796 331 1809
8150 4 2 0 1 1230 1428 1191 1773
8151 4 2 0 1 460 683 630 2022
8152 4 2 0 1 683 379 628 2022
8153 4 2 0 1 539 680 686 1797
8154 4 2 0 1 727 580 594 1993
8155 4 2 0 1 1224 1222 1377 2002
8156 4 2 0 1 1412 1258 1411 1958
8157 4 2 0 1 834 897 904 1735
8158 4 2 0 1 1534 819 1532 2219
8159 4 2 0 1 434 393 388 1772
8160 4 2 0 1 1283 1430 1941 2026
8161 4 2 0 1 928 1978 1030 2165
8162 4 2 0 1 1854 1952 919 2069
8163 4 2 0 1 615 2094 1740 2149
8164 4 2 0 1 944 964 236 1048
8165 4 2 0 1 1642 1819 1749 1904
8166 4 2 0 1 1747 1818 1647 1906
8167 4 2 0 1 1633 1782 1904 2093
8168 4 2 0 1 1659 1820 1753 1910
8169 4 2 0 1 1617 1899 1822 1917
8170 4 2 0 1 1265 1280 1239 1757
8171 4 2 0 1 353 1906 709 2078
8172 4 2 0 1 680 1967 1797 2146
8173 4 2 0 1 1668 1915 1712 2084
8174 4 2 0 1 1928 1931 1694 2016
8175 4 2 0 1 1140 1868 1177 1997
8176 4 2 0 1 532 697 2029 2218
8177 4 2 0 1 1381 1380 1225 1888
8178 4 2 0 1 1623 1714 1899 2216
8179 4 2 0 1 1851 1954 1734 2065
8180 4 2 0 1 1606 1765 1745 2027
8181 4 2 0 1 609 489 1720 2067
8182 4 2 0 1 499 492 736 1848
8183 4 2 0 1 1659 1849 1840 2218
8184 4 2 0 1 1732 1833 1674 1891
8185 4 2 0 1 1712 2028 1718 2157
8186 4 2 0 1 1839 2113 1712 2157
8187 4 2 0 1 1804 1877 1649 1908
8188 4 2 0 1 1658 1874 1707 2198
8189 4 2 0 1 414 415 1804 2203
8190 4 2 0 1 1851 1891 1735 1955
8191 4 2 0 1 1614 2017 1716 2020
8192 4 2 0 1 1630 1872 1774 2206
8193 4 2 0 1 1709 1638 1986 2170
8194 4 2 0 1 1343 1344 1345 1921
8195 4 2 0 1 1004 128 934 745
8196 4 2 0 1 1602 1967 1898 2057
8197 4 2 0 1 1810 1981 1687 2077
8198 4 2 0 1 1459 1895 1460 2028
8199 4 2 0 1 1711 347 2091 2173
8200 4 2 0 1 1467 1519 1049 1758
8201 4 2 0 1 1644 1710 1987 2172
8202 4 2 0 1 323 784 843 1934
8203 4 2 0 1 1324 1979 1728 2188
8204 4 2 0 1 363 364 1842 2170
8205 4 2 0 1 1437 1904 1968 2093
8206 4 2 0 1 1643 2004 1755 2044
8207 4 2 0 1 1660 1878 1754 2109
8208 4 2 0 1 1420 1423 1422 2103
8209 4 2 0 1 1753 2048 1656 2098
8210 4 2 0 1 1060 1362 1816 2139
8211 4 2 0 1 829 1057 864 1813
8212 4 2 0 1 322 767 1998 2096
8213 4 2 0 1 1074 1319 1761 2162
8214 4 2 0 1 1530 1066 1503 1996
8215 4 2 0 1 362 627 359 2212
8216 4 2 0 1 1272 1479 1316 2129
8217 4 2 0 1 1823 1879 1729 2121
8218 4 2 0 1 408 411 410 2007
8219 4 2 0 1 968 759 948 1805
8220 4 2 0 1 710 696 411 2007
8221 4 2 0 1 1467 1049 1484 1758
8222 4 2 0 1 1712 2113 2028 2157
8223 4 2 0 1 695 1949 1712 2045
8224 4 2 0 1 1723 1763 1631 2148
8225 4 2 0 1 377 689 375 2216
8226 4 2 0 1 1437 1968 1409 2093
8227 4 2 0 1 1715 2132 1375 2201
8228 4 2 0 1 717 523 714 2141
8229 4 2 0 1 560 624 623 1880
8230 4 2 0 1 1713 1975 1706 2122
8231 4 2 0 1 1616 1712 2155 2157
8232 4 2 0 1 1636 1857 1968 2135
8233 4 2 0 1 1082 1079 1322 1873
8234 4 2 0 1 1672 1825 1746 1880
8235 4 2 0 1 1826 1962 1803 2220
8236 4 2 0 1 648 510 428 1962
8237 4 2 0 1 1787 1831 1647 2104
8238 4 2 0 1 1635 1830 1783 2105
8239 4 2 0 1 1635 1781 1830 2105
8240 4 2 0 1 1786 1647 1831 2104
8241 4 2 0 1 1788 1656 1832 2106
8242 4 2 0 1 1790 1832 1656 2106
8243 4 2 0 1 1717 1671 1993 2188
8244 4 2 0 1 1910 2048 1645 2195
8245 4 2 0 1 1706 1975 1713 2142
8246 4 2 0 1 1293 2032 1384 2222
8247 4 2 0 1 1697 1766 2115 2124
8248 4 2 0 1 1713 2122 1706 2142
8249 4 2 0 1 1047 822 1543 2178
8250 4 2 0 1 354 353 355 1769
8251 4 2 0 1 746 1829 799 2152
8252 4 2 0 1 482 727 498 1770
8253 4 2 0 1 1428 1193 1191 1773
8254 4 2 0 1 979 1996 930 2221
8255 4 2 0 1 1277 2002 1515 2190
8256 4 2 0 1 1246 1928 1240 1931
8257 4 2 0 1 1204 1374 1427 2011
8258 4 2 0 1 1681 1732 1926 2090
8259 4 2 0 1 393 434 660 1772
8260 4 2 0 1 409 2007 408 2194
8261 4 2 0 1 1108 1793 1112 2062
8262 4 2 0 1 1657 1728 1979 2085
8263 4 2 0 1 1012 1027 976 2096
8264 4 2 0 1 717 714 1940 2141
8265 4 2 0 1 682 531 681 1829
8266 4 2 0 1 1176 1752 2048 2195
8267 4 2 0 1 1474 1327 1326 2109
8268 4 2 0 1 1729 1822 1617 1879
8269 4 2 0 1 1992 2055 523 2141
8270 4 2 0 1 979 1056 1996 2221
8271 4 2 0 1 1667 1822 1729 1879
8272 4 2 0 1 1418 1793 1108 2171
8273 4 2 0 1 1347 1284 1348 1807
8274 4 2 0 1 1806 1888 1677 1950
8275 4 2 0 1 750 840 847 1957
8276 4 2 0 1 460 462 461 1774
8277 4 2 0 1 165 881 164 1885
8278 4 2 0 1 1018 930 1996 2221
8279 4 2 0 1 1272 1236 1480 2114
8280 4 2 0 1 668 728 354 1988
8281 4 2 0 1 351 728 350 1988
8282 4 2 0 1 1756 1839 1623 2045
8283 4 2 0 1 909 1829 907 2054
8284 4 2 0 1 689 1741 1949 2216
8285 4 2 0 1 1416 1752 1176 2195
8286 4 2 0 1 1163 1752 1416 2195
8287 4 2 0 1 1456 2026 1234 2190
8288 4 2 0 1 756 810 871 2099
8289 4 2 0 1 955 986 772 1847
8290 4 2 0 1 1627 1846 1759 1964
8291 4 2 0 1 1865 1947 1671 2133
8292 4 2 0 1 351 349 352 2014
8293 4 2 0 1 609 2009 792 2067
8294 4 2 0 1 1766 1871 1692 1977
8295 4 2 0 1 1388 1784 1413 2172
8296 4 2 0 1 461 426 460 1774
8297 4 2 0 1 1266 1457 1267 1737
8298 4 2 0 1 376 2137 1714 2202
8299 4 2 0 1 408 1751 410 2194
8300 4 2 0 1 1061 1078 1499 2090
8301 4 2 0 1 1110 1107 1109 1937
8302 4 2 0 1 1378 1113 1109 1937
8303 4 2 0 1 1180 1839 1165 2184
8304 4 2 0 1 1403 1219 1232 2015
8305 4 2 0 1 582 1754 342 2193
8306 4 2 0 1 603 1943 437 2167
8307 4 2 0 1 1707 1470 2168 2198
8308 4 2 0 1 1281 1947 1325 2188
8309 4 2 0 1 1187 1910 1238 2073
8310 4 2 0 1 1607 1966 1807 2047
8311 4 2 0 1 408 2007 1751 2194
8312 4 2 0 1 1709 1634 1937 2200
8313 4 2 0 1 372 2137 376 2202
8314 4 2 0 1 1617 1837 1763 2012
8315 4 2 0 1 1234 2002 1277 2190
8316 4 2 0 1 1411 1099 1098 1983
8317 4 2 0 1 324 756 871 2099
8318 4 2 0 1 1817 1901 1639 2076
8319 4 2 0 1 221 1498 1062 978
8320 4 2 0 1 884 1934 815 2191
8321 4 2 0 1 308 923 160 1843
8322 4 2 0 1 1697 2115 1951 2124
8323 4 2 0 1 1520 1492 1048 1860
8324 4 2 0 1 845 894 846 1914
8325 4 2 0 1 401 398 1901 2164
8326 4 2 0 1 602 1739 315 2189
8327 4 2 0 1 1713 1975 1665 2142
8328 4 2 0 1 1639 1971 1858 2128
8329 4 2 0 1 571 1998 767 2096
8330 4 2 0 1 1635 1835 1812 2051
8331 4 2 0 1 1811 1864 1664 1878
8332 4 2 0 1 768 562 331 1809
8333 4 2 0 1 1315 1311 1312 1775
8334 4 2 0 1 1638 1709 1937 2170
8335 4 2 0 1 1232 1738 1231 2210
8336 4 2 0 1 1068 1493 886 2034
8337 4 2 0 1 1684 2015 2003 2117
8338 4 2 0 1 1257 1376 1894 2005
8339 4 2 0 1 1508 1507 1423 1898
8340 4 2 0 1 1515 1064 1860 2036
8341 4 2 0 1 406 410 1751 2194
8342 4 2 0 1 1176 1188 1910 2048
8343 4 2 0 1 395 691 386 2161
8344 4 2 0 1 1689 1811 1734 1954
8345 4 2 0 1 520 704 647 1777
8346 4 2 0 1 1436 1902 1390 2005
8347 4 2 0 1 831 896 893 2023
8348 4 2 0 1 343 1754 582 2193
8349 4 2 0 1 1609 2019 1762 2086
8350 4 2 0 1 387 1748 396 2166
8351 4 2 0 1 341 2085 344 2193
8352 4 2 0 1 936 657 980 1933
8353 4 2 0 1 1706 2068 1975 2142
8354 4 2 0 1 1804 2004 1731 2203
8355 4 2 0 1 198 1051 1518 868
8356 4 2 0 1 1698 2001 563 2145
8357 4 2 0 1 1882 1966 606 2217
8358 4 2 0 1 1352 1197 1233 1884
8359 4 2 0 1 1665 1975 2068 2142
8360 4 2 0 1 943 988 222 1498
8361 4 2 0 1 981 754 142 982
8362 4 2 0 1 608 2009 1720 2180
8363 4 2 0 1 410 662 406 2013
8364 4 2 0 1 1623 1917 1714 1994
8365 4 2 0 1 823 93 872 328
8366 4 2 0 1 1604 1718 2026 2190
8367 4 2 0 1 1708 373 2169 2197
8368 4 2 0 1 1759 1943 690 2199
8369 4 2 0 1 1936 1956 1662 2086
8370 4 2 0 1 365 1709 2170 2200
8371 4 2 0 1 1036 1014 993 2177
8372 4 2 0 1 757 989 156 304
8373 4 2 0 1 505 624 1880 1939
8374 4 2 0 1 1185 1186 1161 1950
8375 4 2 0 1 1038 2057 1898 2209
8376 4 2 0 1 789 610 550 2009
8377 4 2 0 1 1951 2151 1399 2176
8378 4 2 0 1 1611 1821 2046 2063
8379 4 2 0 1 1061 1077 1078 1833
8380 4 2 0 1 1683 1870 1733 2009
8381 4 2 0 1 1167 1367 1800 2072
8382 4 2 0 1 916 1869 905 2075
8383 4 2 0 1 1624 1916 1716 1995
8384 4 2 0 1 1347 1181 1435 1846
8385 4 2 0 1 1666 1940 1853 2141
8386 4 2 0 1 1347 1181 1846 2097
8387 4 2 0 1 1256 1826 1254 2220
8388 4 2 0 1 1238 1444 2073 2182
8389 4 2 0 1 1134 1122 2126 2214
8390 4 2 0 1 872 1760 328 2185
8391 4 2 0 1 343 1990 1754 2193
8392 4 2 0 1 1751 1646 1824 2007
8393 4 2 0 1 1014 1020 938 2162
8394 4 2 0 1 958 1012 1015 1776
8395 4 2 0 1 1705 2158 2058 2160
8396 4 2 0 1 1842 1986 1793 2171
8397 4 2 0 1 1257 1390 1376 2005
8398 4 2 0 1 1070 1508 1526 1898
8399 4 2 0 1 1271 1745 2024 2129
8400 4 2 0 1 1435 1846 1181 2097
8401 4 2 0 1 1672 1880 1762 2205
8402 4 2 0 1 520 707 704 1777
8403 4 2 0 1 556 316 618 1721
8404 4 2 0 1 343 344 345 1990
8405 4 2 0 1 346 582 343 1990
8406 4 2 0 1 626 783 536 1989
8407 4 2 0 1 1624 1716 1916 2017
8408 4 2 0 1 1272 1271 1236 2024
8409 4 2 0 1 1711 1652 2014 2041
8410 4 2 0 1 934 129 984 745
8411 4 2 0 1 987 954 135 760
8412 4 2 0 1 429 393 660 1889
8413 4 2 0 1 1173 1404 1137 1890
8414 4 2 0 1 1184 1124 1897 2093
8415 4 2 0 1 304 801 757 1886
8416 4 2 0 1 1631 1894 1714 2012
8417 4 2 0 1 348 2091 591 2119
8418 4 2 0 1 1725 1967 1941 2103
8419 4 2 0 1 1058 222 988 1498
8420 4 2 0 1 754 314 142 982
8421 4 2 0 1 935 1011 982 2006
8422 4 2 0 1 1933 1951 1697 2176
8423 4 2 0 1 1951 2031 1766 2124
8424 4 2 0 1 1175 1187 2073 2195
8425 4 2 0 1 1134 2126 1838 2214
8426 4 2 0 1 1722 2161 1687 2167
8427 4 2 0 1 595 1906 352 2014
8428 4 2 0 1 1633 1897 1850 2093
8429 4 2 0 1 1038 1898 1001 2209
8430 4 2 0 1 1183 1182 1169 1883
8431 4 2 0 1 620 1759 399 2199
8432 4 2 0 1 1322 1734 1479 2208
8433 4 2 0 1 1209 2122 1713 2142
8434 4 2 0 1 1948 2095 645 2197
8435 4 2 0 1 1518 1076 197 834
8436 4 2 0 1 774 117 332 863
8437 4 2 0 1 1210 1221 1289 2142
8438 4 2 0 1 423 467 623 1953
8439 4 2 0 1 467 425 711 1953
8440 4 2 0 1 1699 1966 1882 2217
8441 4 2 0 1 1864 1878 1754 2193
8442 4 2 0 1 823 799 682 1829
8443 4 2 0 1 1674 1833 1732 2000
8444 4 2 0 1 906 2042 898 2185
8445 4 2 0 1 1628 1995 1740 2149
8446 4 2 0 1 1501 236 964 1048
8447 4 2 0 1 834 1076 197 857
8448 4 2 0 1 863 117 332 811
8449 4 2 0 1 363 1842 362 2212
8450 4 2 0 1 1875 2068 720 2127
8451 4 2 0 1 899 811 897 1891
8452 4 2 0 1 1655 1832 1945 2173
8453 4 2 0 1 1717 1979 1084 2188
8454 4 2 0 1 741 1959 330 2177
8455 4 2 0 1 684 449 474 1918
8456 4 2 0 1 1218 1193 1428 1919
8457 4 2 0 1 1546 1956 1306 2088
8458 4 2 0 1 406 1751 2013 2194
8459 4 2 0 1 1107 1109 1937 1986
8460 4 2 0 1 861 94 770 2185
8461 4 2 0 1 357 358 355 2107
8462 4 2 0 1 1301 1745 1271 2129
8463 4 2 0 1 357 1987 358 2107
8464 4 2 0 1 1676 1871 1766 1977
8465 4 2 0 1 701 1889 622 2087
8466 4 2 0 1 741 330 2070 2177
8467 4 2 0 1 1080 1079 1873 2000
8468 4 2 0 1 1131 1868 1140 2183
8469 4 2 0 1 1287 1819 1286 2082
8470 4 2 0 1 579 1878 736 1954
8471 4 2 0 1 1316 1479 1322 1734
8472 4 2 0 1 1521 1932 1291 1996
8473 4 2 0 1 1684 2117 2018 2210
8474 4 2 0 1 1631 1714 1894 2202
8475 4 2 0 1 1028 981 2006 2081
8476 4 2 0 1 1251 1302 1303 1762
8477 4 2 0 1 1731 2004 1814 2204
8478 4 2 0 1 518 458 1915 2149
8479 4 2 0 1 1713 2032 1925 2116
8480 4 2 0 1 1140 1177 1369 1997
8481 4 2 0 1 658 655 654 2215
8482 4 2 0 1 1369 1249 1368 1997
8483 4 2 0 1 1725 1941 1420 2103
8484 4 2 0 1 786 777 1805 2092
8485 4 2 0 1 787 2070 330 2177
8486 4 2 0 1 1201 1213 1171 2039
8487 4 2 0 1 1175 2073 1803 2195
8488 4 2 0 1 1429 1282 1283 1941
8489 4 2 0 1 1499 1057 829 2090
8490 4 2 0 1 1793 1842 1637 2101
8491 4 2 0 1 816 883 893 2110
8492 4 2 0 1 1276 1441 1235 1840
8493 4 2 0 1 1168 1182 1199 1883
8494 4 2 0 1 1643 1731 2004 2044
8495 4 2 0 1 1657 1961 1728 2085
8496 4 2 0 1 1445 1173 1387 1890
8497 4 2 0 1 433 2161 1722 2167
8498 4 2 0 1 510 511 468 1962
8499 4 2 0 1 1317 1425 1072 2123
8500 4 2 0 1 1629 1846 1759 1943
8501 4 2 0 1 1783 1903 1640 2153
8502 4 2 0 1 1794 1964 1897 1972
8503 4 2 0 1 1660 1912 1790 2154
8504 4 2 0 1 851 818 918 1739
8505 4 2 0 1 472 526 654 1766
8506 4 2 0 1 1724 1838 1624 1876
8507 4 2 0 1 1630 1838 1724 1876
8508 4 2 0 1 1720 2009 609 2067
8509 4 2 0 1 782 1967 2057 2209
8510 4 2 0 1 1716 1668 1895 2038
8511 4 2 0 1 916 1869 2075 2125
8512 4 2 0 1 1832 1852 1655 1945
8513 4 2 0 1 1052 1881 924 2181
8514 4 2 0 1 1619 1777 1723 2074
8515 4 2 0 1 498 483 482 1922
8516 4 2 0 1 1227 1242 1226 1923
8517 4 2 0 1 560 559 507 1880
8518 4 2 0 1 837 100 306 761
8519 4 2 0 1 441 1814 415 2204
8520 4 2 0 1 1028 2006 1815 2081
8521 4 2 0 1 1018 979 930 2221
8522 4 2 0 1 786 1805 759 2049
8523 4 2 0 1 1525 1053 1043 2120
8524 4 2 0 1 1674 1851 1734 2065
8525 4 2 0 1 1211 1169 1167 1800
8526 4 2 0 1 842 1543 867 2054
8527 4 2 0 1 1812 2030 1619 2051
8528 4 2 0 1 1131 1141 1817 2183
8529 4 2 0 1 1714 1631 2012 2202
8530 4 2 0 1 834 198 1518 868
8531 4 2 0 1 1400 1951 1403 2015
8532 4 2 0 1 1784 1644 1905 2144
8533 4 2 0 1 347 1990 345 2091
8534 4 2 0 1 1625 1939 1722 1997
8535 4 2 0 1 389 1763 388 2156
8536 4 2 0 1 1726 1657 1942 1990
8537 4 2 0 1 1618 1723 1935 1944
8538 4 2 0 1 1719 2029 1603 2033
8539 4 2 0 1 968 1805 1016 2049
8540 4 2 0 1 936 1024 977 2159
8541 4 2 0 1 509 1901 397 2076
8542 4 2 0 1 1957 2009 1733 2099
8543 4 2 0 1 1715 1632 2062 2131
8544 4 2 0 1 933 757 157 961
8545 4 2 0 1 1205 1239 1206 1991
8546 4 2 0 1 1156 1155 1154 1973
8547 4 2 0 1 672 733 418 1974
8548 4 2 0 1 1126 1131 1414 1972
8549 4 2 0 1 1464 1771 2018 2210
8550 4 2 0 1 989 757 156 933
8551 4 2 0 1 1016 968 1018 1805
8552 4 2 0 1 515 653 400 1971
8553 4 2 0 1 1685 1967 1898 2103
8554 4 2 0 1 385 389 445 1763
8555 4 2 0 1 385 388 389 1763
8556 4 2 0 1 1701 2125 1869 2219
8557 4 2 0 1 1709 1793 2062 2101
8558 4 2 0 1 1662 1722 1939 1997
8559 4 2 0 1 935 804 992 2130
8560 4 2 0 1 593 1801 344 2085
8561 4 2 0 1 1636 1900 1780 2135
8562 4 2 0 1 1263 1437 1417 1968
8563 4 2 0 1 964 952 237 1501
8564 4 2 0 1 770 821 861 2185
8565 4 2 0 1 1838 2126 1708 2214
8566 4 2 0 1 514 1828 404 2187
8567 4 2 0 1 1223 1808 1222 2079
8568 4 2 0 1 1670 1800 1743 1953
8569 4 2 0 1 1389 1117 1900 2126
8570 4 2 0 1 1265 1205 1446 1991
8571 4 2 0 1 344 591 345 1801
8572 4 2 0 1 951 1069 998 1938
8573 4 2 0 1 1130 1126 1125 1897
8574 4 2 0 1 1124 1126 1184 1897
8575 4 2 0 1 1125 1372 1143 1964
8576 4 2 0 1 1487 1269 1844 2158
8577 4 2 0 1 1639 1786 1907 2128
8578 4 2 0 1 407 708 661 1896
8579 4 2 0 1 661 713 409 1896
8580 4 2 0 1 1722 1810 1687 2097
8581 4 2 0 1 1665 2032 1713 2142
8582 4 2 0 1 1711 2014 1652 2091
8583 4 2 0 1 1078 1077 1079 2000
8584 4 2 0 1 1014 2162 993 2177
8585 4 2 0 1 353 352 709 1906
8586 4 2 0 1 542 517 516 1907
8587 4 2 0 1 383 421 420 1899
8588 4 2 0 1 641 384 420 1899
8589 4 2 0 1 384 376 383 1899
8590 4 2 0 1 1117 1118 1114 1900
8591 4 2 0 1 1149 1151 1452 1903
8592 4 2 0 1 1117 1113 1389 1900
8593 4 2 0 1 1396 1451 1448 1902
8594 4 2 0 1 397 398 396 1901
8595 4 2 0 1 401 398 400 1901
8596 4 2 0 1 509 400 397 1901
8597 4 2 0 1 1436 1396 1390 1902
8598 4 2 0 1 1189 1390 1448 1902
8599 4 2 0 1 1414 1415 1184 1904
8600 4 2 0 1 1451 1229 1452 1903
8601 4 2 0 1 1415 1287 1437 1904
8602 4 2 0 1 669 360 357 1905
8603 4 2 0 1 363 360 644 1905
8604 4 2 0 1 1158 1476 1162 1908
8605 4 2 0 1 516 515 509 1907
8606 4 2 0 1 1156 1158 1157 1908
8607 4 2 0 1 709 598 542 1906
8608 4 2 0 1 1156 1207 1476 1908
8609 4 2 0 1 732 733 590 1909
8610 4 2 0 1 589 590 588 1909
8611 4 2 0 1 733 731 588 1909
8612 4 2 0 1 352 595 598 1906
8613 4 2 0 1 1176 1188 1187 1910
8614 4 2 0 1 1195 1194 1188 1910
8615 4 2 0 1 455 597 726 1911
8616 4 2 0 1 454 651 734 1912
8617 4 2 0 1 967 1764 1032 2059
8618 4 2 0 1 499 730 651 1912
8619 4 2 0 1 617 518 716 1915
8620 4 2 0 1 1124 1123 1125 1897
8621 4 2 0 1 311 821 770 2185
8622 4 2 0 1 715 518 458 1915
8623 4 2 0 1 1658 1789 1911 2119
8624 4 2 0 1 1750 1958 1641 2153
8625 4 2 0 1 1823 1932 1667 2092
8626 4 2 0 1 475 474 473 1918
8627 4 2 0 1 1218 1219 1217 1919
8628 4 2 0 1 1238 1187 1194 1910
8629 4 2 0 1 1402 1815 1486 2115
8630 4 2 0 1 1032 1764 1029 2036
8631 4 2 0 1 445 385 1763 2202
8632 4 2 0 1 1732 2000 1833 2090
8633 4 2 0 1 94 872 328 2185
8634 4 2 0 1 1645 1863 1803 2195
8635 4 2 0 1 886 892 851 2034
8636 4 2 0 1 653 1971 515 2128
8637 4 2 0 1 1668 1712 2028 2084
8638 4 2 0 1 1990 2091 347 2173
8639 4 2 0 1 967 931 1032 1764
8640 4 2 0 1 1525 998 1069 1938
8641 4 2 0 1 1413 1784 1417 2082
8642 4 2 0 1 1618 1837 1772 2050
8643 4 2 0 1 1635 1812 1835 1903
8644 4 2 0 1 1632 2062 1793 2101
8645 4 2 0 1 1616 2079 1839 2157
8646 4 2 0 1 1616 1892 1718 2155
8647 4 2 0 1 312 948 759 1805
8648 4 2 0 1 416 414 415 1804
8649 4 2 0 1 1743 1800 1670 2043
8650 4 2 0 1 631 616 2094 2095
8651 4 2 0 1 1616 2155 1718 2157
8652 4 2 0 1 1108 1112 1111 2062
8653 4 2 0 1 1462 2136 1771 2210
8654 4 2 0 1 1632 1994 1741 2137
8655 4 2 0 1 1780 1900 1634 1937
8656 4 2 0 1 1939 2164 1625 2166
8657 4 2 0 1 852 114 813 755
8658 4 2 0 1 829 858 194 1499
8659 4 2 0 1 1759 1846 1627 1943
8660 4 2 0 1 169 1524 1528 846
8661 4 2 0 1 1740 1995 1628 2132
8662 4 2 0 1 1741 1994 1632 2131
8663 4 2 0 1 476 1871 530 2001
8664 4 2 0 1 1718 2084 1712 2155
8665 4 2 0 1 1073 1516 1382 1821
8666 4 2 0 1 1684 1875 2018 2117
8667 4 2 0 1 795 330 575 2177
8668 4 2 0 1 1078 2000 1513 2090
8669 4 2 0 1 1711 1652 2041 2091
8670 4 2 0 1 1237 1403 1951 2015
8671 4 2 0 1 1714 1623 1994 2216
8672 4 2 0 1 431 649 443 1913
8673 4 2 0 1 714 466 544 1940
8674 4 2 0 1 581 1993 340 2133
8675 4 2 0 1 1794 1627 1964 1972
8676 4 2 0 1 1205 1206 1872 1991
8677 4 2 0 1 120 762 816 862
8678 4 2 0 1 831 200 1506 844
8679 4 2 0 1 1438 1214 1215 1810
8680 4 2 0 1 431 428 468 1913
8681 4 2 0 1 1179 1822 2079 2184
8682 4 2 0 1 1723 1619 1935 1944
8683 4 2 0 1 876 1514 175 835
8684 4 2 0 1 1668 2084 1797 2146
8685 4 2 0 1 313 114 852 755
8686 4 2 0 1 1057 829 194 1499
8687 4 2 0 1 787 1008 2070 2177
8688 4 2 0 1 1933 2151 1951 2176
8689 4 2 0 1 1501 1545 1048 1893
8690 4 2 0 1 1685 1797 1941 2026
8691 4 2 0 1 656 655 1933 2031
8692 4 2 0 1 1687 1810 1722 2167
8693 4 2 0 1 914 2099 848 2163
8694 4 2 0 1 445 1763 2148 2202
8695 4 2 0 1 1202 1895 1459 2038
8696 4 2 0 1 1726 2091 1990 2173
8697 4 2 0 1 1625 1901 1748 2166
8698 4 2 0 1 176 1055 876 859
8699 4 2 0 1 816 893 1765 2110
8700 4 2 0 1 1776 2049 1998 2096
8701 4 2 0 1 1071 1506 200 844
8702 4 2 0 1 120 762 327 816
8703 4 2 0 1 1718 1892 1616 2002
8704 4 2 0 1 821 861 95 770
8705 4 2 0 1 575 549 546 1959
8706 4 2 0 1 1382 1481 1821 2063
8707 4 2 0 1 1644 2172 1727 2186
8708 4 2 0 1 1638 1937 1780 2170
8709 4 2 0 1 959 751 146 976
8710 4 2 0 1 1759 2035 1629 2199
8711 4 2 0 1 1543 1047 171 822
8712 4 2 0 1 1438 1810 1215 2077
8713 4 2 0 1 1794 1850 1633 1897
8714 4 2 0 1 1749 1904 1819 2150
8715 4 2 0 1 303 91 841 799
8716 4 2 0 1 1378 1937 1109 2201
8717 4 2 0 1 476 529 1871 2001
8718 4 2 0 1 445 1763 389 2148
8719 4 2 0 1 129 329 984 745
8720 4 2 0 1 915 851 1952 2189
8721 4 2 0 1 1425 1248 1246 1965
8722 4 2 0 1 1844 2073 1444 2182
8723 4 2 0 1 1756 1822 1667 1879
8724 4 2 0 1 1898 1967 1602 2103
8725 4 2 0 1 507 505 624 1880
8726 4 2 0 1 547 548 535 1823
8727 4 2 0 1 759 1805 968 2049
8728 4 2 0 1 1129 1133 1132 1837
8729 4 2 0 1 690 399 1759 2199
8730 4 2 0 1 1154 1406 1973 2083
8731 4 2 0 1 940 1821 1006 2061
8732 4 2 0 1 905 856 911 2088
8733 4 2 0 1 850 749 106 818
8734 4 2 0 1 1618 1935 1730 1944
8735 4 2 0 1 1232 1466 1403 2015
8736 4 2 0 1 1724 1838 1630 2206
8737 4 2 0 1 1341 1468 1199 2168
8738 4 2 0 1 1756 1839 1616 2079
8739 4 2 0 1 1011 1026 960 1836
8740 4 2 0 1 1361 1861 1439 2113
8741 4 2 0 1 1755 2004 1643 2108
8742 4 2 0 1 787 330 954 2177
8743 4 2 0 1 780 2152 865 2191
8744 4 2 0 1 1797 2026 1604 2118
8745 4 2 0 1 1220 1273 1274 1920
8746 4 2 0 1 1788 1859 1651 1909
8747 4 2 0 1 140 929 980 318
8748 4 2 0 1 1680 1970 1738 2015
8749 4 2 0 1 539 680 1797 2146
8750 4 2 0 1 945 973 234 1492
8751 4 2 0 1 378 374 379 1866
8752 4 2 0 1 829 858 1499 2090
8753 4 2 0 1 970 1027 1012 2147
8754 4 2 0 1 974 748 154 928
8755 4 2 0 1 556 619 1721 1865
8756 4 2 0 1 2080 2111 1688 2158
8757 4 2 0 1 1727 1769 1669 2107
8758 4 2 0 1 1657 1801 1961 2085
8759 4 2 0 1 1057 1813 829 2090
8760 4 2 0 1 1807 2047 1966 2175
8761 4 2 0 1 968 759 150 948
8762 4 2 0 1 930 979 230 1503
8763 4 2 0 1 1637 1842 1793 2171
8764 4 2 0 1 1756 1623 1839 2184
8765 4 2 0 1 1640 1783 1835 1903
8766 4 2 0 1 1625 1779 1901 2164
8767 4 2 0 1 1336 1789 1469 2140
8768 4 2 0 1 1648 1906 1787 2014
8769 4 2 0 1 1655 1990 1754 2154
8770 4 2 0 1 1614 2039 1834 2211
8771 4 2 0 1 1151 1152 1153 1827
8772 4 2 0 1 1452 1285 1451 1812
8773 4 2 0 1 709 1818 705 2078
8774 4 2 0 1 1753 1910 1820 2048
8775 4 2 0 1 1792 1842 1710 2212
8776 4 2 0 1 1388 1413 1104 2172
8777 4 2 0 1 370 665 374 2169
8778 4 2 0 1 366 363 644 2170
8779 4 2 0 1 1418 1371 1436 2171
8780 4 2 0 1 1106 1418 1108 2171
8781 4 2 0 1 585 583 346 2173
8782 4 2 0 1 1619 1812 1777 2074
8783 4 2 0 1 1709 1937 2170 2200
8784 4 2 0 1 362 363 364 1842
8785 4 2 0 1 751 301 146 976
8786 4 2 0 1 1319 1539 1320 2018
8787 4 2 0 1 1458 1267 1461 1853
8788 4 2 0 1 1355 1358 2100 2160
8789 4 2 0 1 1216 1919 1217 2124
8790 4 2 0 1 1491 1071 201 828
8791 4 2 0 1 1643 1950 1806 2204
8792 4 2 0 1 937 778 614 2058
8793 4 2 0 1 1361 1433 1439 1861
8794 4 2 0 1 1239 1370 1240 1931
8795 4 2 0 1 1654 1874 1770 2089
8796 4 2 0 1 717 544 710 1940
8797 4 2 0 1 1443 1441 1840 2182
8798 4 2 0 1 547 1823 535 2092
8799 4 2 0 1 1113 1937 1900 2135
8800 4 2 0 1 1402 1399 1062 2176
8801 4 2 0 1 1644 1727 1769 2186
8802 4 2 0 1 1515 1277 1377 2002
8803 4 2 0 1 545 720 2068 2127
8804 4 2 0 1 1464 2117 1466 2210
8805 4 2 0 1 1375 2062 1115 2131
8806 4 2 0 1 831 893 844 1984
8807 4 2 0 1 868 904 896 2023
8808 4 2 0 1 1803 1913 1688 1962
8809 4 2 0 1 1772 1837 1618 2156
8810 4 2 0 1 1213 1421 1834 2211
8811 4 2 0 1 1655 1942 1754 1990
8812 4 2 0 1 874 835 174 2042
8813 4 2 0 1 1733 1816 1683 1957
8814 4 2 0 1 100 837 875 761
8815 4 2 0 1 904 820 896 1955
8816 4 2 0 1 1659 1719 2064 2218
8817 4 2 0 1 916 905 853 2075
8818 4 2 0 1 1402 1498 1486 1815
8819 4 2 0 1 622 1980 564 2087
8820 4 2 0 1 1680 1766 2031 2124
8821 4 2 0 1 907 842 2054 2123
8822 4 2 0 1 1668 2038 2020 2146
8823 4 2 0 1 652 692 1781 2105
8824 4 2 0 1 485 1783 403 2105
8825 4 2 0 1 1261 1786 1468 2104
8826 4 2 0 1 1342 1339 1787 2104
8827 4 2 0 1 1332 1475 1788 2106
8828 4 2 0 1 1478 1327 1790 2106
8829 4 2 0 1 1216 1220 1192 1977
8830 4 2 0 1 1754 1942 1657 1990
8831 4 2 0 1 936 779 657 1933
8832 4 2 0 1 1632 2052 1715 2062
8833 4 2 0 1 1756 1667 1822 2079
8834 4 2 0 1 599 601 600 1930
8835 4 2 0 1 1142 1779 1144 2183
8836 4 2 0 1 165 1885 164 2120
8837 4 2 0 1 1823 2121 1729 2138
8838 4 2 0 1 905 911 837 2075
8839 4 2 0 1 874 898 2042 2123
8840 4 2 0 1 645 2197 2095 2200
8841 4 2 0 1 2006 2081 742 2215
8842 4 2 0 1 1760 2042 898 2123
8843 4 2 0 1 454 1974 672 2098
8844 4 2 0 1 1084 1979 1324 2188
8845 4 2 0 1 823 873 92 799
8846 4 2 0 1 842 1543 172 867
8847 4 2 0 1 480 1892 633 1982
8848 4 2 0 1 1680 2031 1951 2124
8849 4 2 0 1 1730 1935 1619 1944
8850 4 2 0 1 916 2075 853 2125
8851 4 2 0 1 645 2095 634 2200
8852 4 2 0 1 1681 1926 1813 2090
8853 4 2 0 1 981 754 2006 2081
8854 4 2 0 1 702 469 1867 2102
8855 4 2 0 1 953 2112 775 2159
8856 4 2 0 1 466 1975 465 2108
8857 4 2 0 1 622 701 660 1889
8858 4 2 0 1 1445 1366 1404 1890
8859 4 2 0 1 1549 1514 1946 2042
8860 4 2 0 1 1023 1022 1933 2176
8861 4 2 0 1 1781 1631 1902 2005
8862 4 2 0 1 1636 1782 1850 2093
8863 4 2 0 1 703 521 552 1855
8864 4 2 0 1 829 1813 900 2090
8865 4 2 0 1 1167 1367 1211 1800
8866 4 2 0 1 632 372 376 2202
8867 4 2 0 1 1689 1849 1745 2024
8868 4 2 0 1 1655 1942 1726 2134
8869 4 2 0 1 1282 1459 1460 2028
8870 4 2 0 1 1753 2064 1645 2098
8871 4 2 0 1 555 784 797 2191
8872 4 2 0 1 1543 822 867 2178
8873 4 2 0 1 1657 1799 1864 2193
8874 4 2 0 1 1247 1246 1248 1965
8875 4 2 0 1 1650 1859 1785 2174
8876 4 2 0 1 824 2071 911 2088
8877 4 2 0 1 1683 1870 2009 2180
8878 4 2 0 1 1657 1864 1799 1979
8879 4 2 0 1 433 625 1939 2166
8880 4 2 0 1 719 2067 1739 2213
8881 4 2 0 1 1458 1267 1853 2136
8882 4 2 0 1 702 427 426 1867
8883 4 2 0 1 164 839 163 1885
8884 4 2 0 1 1637 1856 1781 2005
8885 4 2 0 1 838 878 921 2181
8886 4 2 0 1 1690 1767 1739 2067
8887 4 2 0 1 1675 1772 1729 2050
8888 4 2 0 1 1773 1845 1621 2053
8889 4 2 0 1 1179 1164 1822 2184
8890 4 2 0 1 1648 1747 1906 2078
8891 4 2 0 1 1671 1770 1728 2089
8892 4 2 0 1 1260 1819 1415 2150
8893 4 2 0 1 1639 1779 1858 1971
8894 4 2 0 1 1655 1852 1832 2106
8895 4 2 0 1 1651 1832 1852 2106
8896 4 2 0 1 525 743 700 2033
8897 4 2 0 1 758 87 826 323
8898 4 2 0 1 754 742 2006 2081
8899 4 2 0 1 1293 1384 1485 2222
8900 4 2 0 1 472 473 449 1918
8901 4 2 0 1 1193 1217 1216 1919
8902 4 2 0 1 833 1068 886 2034
8903 4 2 0 1 1540 1301 1316 2129
8904 4 2 0 1 1730 1773 1676 2053
8905 4 2 0 1 1625 1722 1868 1997
8906 4 2 0 1 748 320 1978 2165
8907 4 2 0 1 1630 2011 1872 2206
8908 4 2 0 1 1236 2024 1195 2114
8909 4 2 0 1 1539 1504 1467 2162
8910 4 2 0 1 1177 1868 1139 2097
8911 4 2 0 1 1780 1937 1634 2200
8912 4 2 0 1 1732 1681 2000 2090
8913 4 2 0 1 1055 176 1517 859
8914 4 2 0 1 1622 1853 1737 2136
8915 4 2 0 1 780 1989 2152 2191
8916 4 2 0 1 1789 1652 2119 2140
8917 4 2 0 1 1777 1812 1619 2051
8918 4 2 0 1 991 1036 1761 2070
8919 4 2 0 1 1718 2028 1712 2084
8920 4 2 0 1 1414 1131 1141 1817
8921 4 2 0 1 705 709 542 1818
8922 4 2 0 1 1260 1287 1415 1819
8923 4 2 0 1 1195 1188 1395 1820
8924 4 2 0 1 1781 1856 1631 2005
8925 4 2 0 1 623 624 422 1825
8926 4 2 0 1 890 96 311 821
8927 4 2 0 1 1179 1164 1432 1822
8928 4 2 0 1 1225 1186 1407 1888
8929 4 2 0 1 751 145 319 992
8930 4 2 0 1 94 328 770 2185
8931 4 2 0 1 1018 1996 1805 2221
8932 4 2 0 1 1807 1629 2047 2175
8933 4 2 0 1 1729 1772 1675 2121
8934 4 2 0 1 1202 1200 1252 1995
8935 4 2 0 1 329 130 984 986
8936 4 2 0 1 1127 1119 1120 1994
8937 4 2 0 1 1674 1873 1798 2065
8938 4 2 0 1 786 322 567 2049
8939 4 2 0 1 1442 1441 1276 1840
8940 4 2 0 1 439 489 711 2066
8941 4 2 0 1 1739 1613 1952 2189
8942 4 2 0 1 1702 2111 2080 2158
8943 4 2 0 1 741 330 787 2070
8944 4 2 0 1 1007 1034 209 1489
8945 4 2 0 1 1228 1234 2028 2157
8946 4 2 0 1 175 1055 1514 876
8947 4 2 0 1 830 902 899 1833
8948 4 2 0 1 210 1516 1073 940
8949 4 2 0 1 1360 1375 2132 2201
8950 4 2 0 1 1155 1152 1154 1824
8951 4 2 0 1 537 524 498 1922
8952 4 2 0 1 1242 1268 1281 1923
8953 4 2 0 1 2020 2038 1725 2146
8954 4 2 0 1 1720 1870 1654 2180
8955 4 2 0 1 1011 1026 1836 2130
8956 4 2 0 1 1774 1976 1612 1991
8957 4 2 0 1 719 1739 602 2213
8958 4 2 0 1 631 2052 367 2095
8959 4 2 0 1 760 954 135 330
8960 4 2 0 1 1433 1119 1127 1994
8961 4 2 0 1 1668 1725 2038 2146
8962 4 2 0 1 935 1011 2006 2130
8963 4 2 0 1 1386 1252 1200 1995
8964 4 2 0 1 1176 1416 1198 2048
8965 4 2 0 1 1718 1604 2026 2118
8966 4 2 0 1 1706 2108 1963 2122
8967 4 2 0 1 704 647 1777 2148
8968 4 2 0 1 626 495 496 2016
8969 4 2 0 1 95 311 821 770
8970 4 2 0 1 1710 1986 1842 2171
8971 4 2 0 1 1782 1968 1904 2093
8972 4 2 0 1 1643 1963 2108 2122
8973 4 2 0 1 311 1882 821 2185
8974 4 2 0 1 331 836 803 1796
8975 4 2 0 1 1674 1833 1735 1891
8976 4 2 0 1 1113 1110 1937 2135
8977 4 2 0 1 1646 1908 1785 1973
8978 4 2 0 1 1649 1909 1788 1974
8979 4 2 0 1 1748 1625 1868 2183
8980 4 2 0 1 956 998 1043 2120
8981 4 2 0 1 1750 1828 1641 1958
8982 4 2 0 1 1753 1910 1645 2064
8983 4 2 0 1 1659 1910 1753 2064
8984 4 2 0 1 919 855 814 1854
8985 4 2 0 1 1744 1826 1677 1969
8986 4 2 0 1 1639 1901 1779 1971
8987 4 2 0 1 1427 2011 1123 2214
8988 4 2 0 1 1527 1914 1524 2178
8989 4 2 0 1 1447 1834 1465 2060
8990 4 2 0 1 1782 1642 1904 1968
8991 4 2 0 1 1609 1869 1762 2019
8992 4 2 0 1 1015 1012 927 2096
8993 4 2 0 1 757 326 157 961
8994 4 2 0 1 564 563 2001 2145
8995 4 2 0 1 829 901 900 1813
8996 4 2 0 1 1234 1224 2002 2157
8997 4 2 0 1 1034 210 1073 940
8998 4 2 0 1 437 1943 2161 2167
8999 4 2 0 1 593 591 344 1801
9000 4 2 0 1 1424 1283 1430 1941
9001 4 2 0 1 1435 1130 1143 1964
9002 4 2 0 1 1028 1815 1017 2081
9003 4 2 0 1 1633 1817 1748 1972
9004 4 2 0 1 1643 1755 1963 2044
9005 4 2 0 1 1738 2015 1684 2210
9006 4 2 0 1 1794 1897 1633 1972
9007 4 2 0 1 1736 1852 1651 1945
9008 4 2 0 1 1513 1813 1057 2090
9009 4 2 0 1 130 329 772 986
9010 4 2 0 1 1863 1974 1752 2098
9011 4 2 0 1 345 591 348 2091
9012 4 2 0 1 1645 1752 2048 2098
9013 4 2 0 1 1636 1857 1782 1968
9014 4 2 0 1 1900 1937 1780 2135
9015 4 2 0 1 503 2047 1802 2199
9016 4 2 0 1 1413 1417 1449 2082
9017 4 2 0 1 960 994 224 1548
9018 4 2 0 1 804 144 935 992
9019 4 2 0 1 877 1060 812 1816
9020 4 2 0 1 1150 1148 1406 2083
9021 4 2 0 1 1751 1824 1646 1973
9022 4 2 0 1 1524 1914 846 2178
9023 4 2 0 1 1696 2061 1847 2116
9024 4 2 0 1 718 523 487 2055
9025 4 2 0 1 107 749 324 818
9026 4 2 0 1 1737 1621 1992 2055
9027 4 2 0 1 1438 1250 1214 1810
9028 4 2 0 1 1750 1650 2013 2187
9029 4 2 0 1 1552 1482 1443 2182
9030 4 2 0 1 695 689 1949 2045
9031 4 2 0 1 1523 1400 1484 2151
9032 4 2 0 1 1439 1839 1180 2157
9033 4 2 0 1 1754 1864 1657 1942
9034 4 2 0 1 1501 952 237 1070
9035 4 2 0 1 1761 1959 1695 2222
9036 4 2 0 1 1755 2004 1646 2044
9037 4 2 0 1 1238 1444 1393 2073
9038 4 2 0 1 1080 1079 1081 1873
9039 4 2 0 1 910 1760 898 2123
9040 4 2 0 1 949 1007 208 1046
9041 4 2 0 1 1502 1052 924 2181
9042 4 2 0 1 1263 1114 1968 2135
9043 4 2 0 1 1042 1000 957 1898
9044 4 2 0 1 892 886 186 1493
9045 4 2 0 1 1739 2067 1767 2213
9046 4 2 0 1 441 648 415 1814
9047 4 2 0 1 1413 1101 2172 2186
9048 4 2 0 1 1625 1746 1939 1997
9049 4 2 0 1 1725 1941 1668 2038
9050 4 2 0 1 1635 1835 1783 1903
9051 4 2 0 1 1462 1771 1289 2210
9052 4 2 0 1 819 1050 181 856
9053 4 2 0 1 565 534 497 2056
9054 4 2 0 1 1620 1825 1800 1953
9055 4 2 0 1 1673 1897 1794 1964
9056 4 2 0 1 1420 1419 1203 2211
9057 4 2 0 1 1709 1793 1842 1986
9058 4 2 0 1 1668 2028 1718 2084
9059 4 2 0 1 1271 1301 1509 1745
9060 4 2 0 1 187 886 1068 1493
9061 4 2 0 1 1638 1857 1780 2135
9062 4 2 0 1 1389 1862 1386 2126
9063 4 2 0 1 990 1036 993 1761
9064 4 2 0 1 741 310 640 2070
9065 4 2 0 1 543 705 1818 2144
9066 4 2 0 1 1603 1719 2033 2182
9067 4 2 0 1 1662 1939 1746 1997
9068 4 2 0 1 1409 1263 1114 1968
9069 4 2 0 1 514 402 404 1828
9070 4 2 0 1 1653 1786 1858 2128
9071 4 2 0 1 1676 1887 1871 1977
9072 4 2 0 1 1718 2002 1616 2157
9073 4 2 0 1 1256 1408 1254 1826
9074 4 2 0 1 1413 1100 1101 2186
9075 4 2 0 1 1398 1977 1216 2124
9076 4 2 0 1 1251 1250 1302 1956
9077 4 2 0 1 1738 1970 1684 2015
9078 4 2 0 1 1534 1869 819 2219
9079 4 2 0 1 1684 1875 1771 2018
9080 4 2 0 1 98 836 920 803
9081 4 2 0 1 1519 216 972 938
9082 4 2 0 1 1759 1846 1629 2035
9083 4 2 0 1 308 763 785 1843
9084 4 2 0 1 1688 1744 2080 2220
9085 4 2 0 1 1675 1742 1980 2087
9086 4 2 0 1 1482 1525 1938 2120
9087 4 2 0 1 756 300 810 2099
9088 4 2 0 1 1245 1246 1247 1928
9089 4 2 0 1 418 414 416 1804
9090 4 2 0 1 729 463 2174 2187
9091 4 2 0 1 477 1975 466 2068
9092 4 2 0 1 1761 1959 1696 2070
9093 4 2 0 1 896 862 893 1765
9094 4 2 0 1 401 653 424 1971
9095 4 2 0 1 1938 1985 1603 2120
9096 4 2 0 1 825 178 1547 870
9097 4 2 0 1 638 737 637 2046
9098 4 2 0 1 1801 1990 1726 2091
9099 4 2 0 1 1759 1964 1846 2035
9100 4 2 0 1 945 1030 973 1860
9101 4 2 0 1 312 150 759 948
9102 4 2 0 1 1056 230 979 1503
9103 4 2 0 1 910 898 874 2123
9104 4 2 0 1 907 910 842 2123
9105 4 2 0 1 884 843 815 1934
9106 4 2 0 1 1684 2018 1771 2210
9107 4 2 0 1 816 1765 327 2110
9108 4 2 0 1 1748 1868 1627 1972
9109 4 2 0 1 562 802 761 1809
9110 4 2 0 1 743 551 778 2111
9111 4 2 0 1 525 649 468 1913
9112 4 2 0 1 1645 2048 1753 2098
9113 4 2 0 1 1735 1851 1674 1891
9114 4 2 0 1 1514 174 835 2042
9115 4 2 0 1 1130 1139 1131 1972
9116 4 2 0 1 553 1966 2047 2175
9117 4 2 0 1 605 694 768 1981
9118 4 2 0 1 890 311 96 773
9119 4 2 0 1 1207 1154 1406 1973
9120 4 2 0 1 672 454 731 1974
9121 4 2 0 1 1694 1928 1802 1965
9122 4 2 0 1 565 1764 766 2059
9123 4 2 0 1 1480 1243 1328 2114
9124 4 2 0 1 1439 1180 1228 2157
9125 4 2 0 1 1389 1386 1134 2126
9126 4 2 0 1 781 738 325 1985
9127 4 2 0 1 1673 1850 1794 1897
9128 4 2 0 1 1522 1295 2158 2160
9129 4 2 0 1 911 824 908 2071
9130 4 2 0 1 900 901 852 1926
9131 4 2 0 1 1183 1197 1196 1884
9132 4 2 0 1 1751 1973 1650 2083
9133 4 2 0 1 1633 1748 1817 2076
9134 4 2 0 1 952 1000 238 1070
9135 4 2 0 1 1663 1814 1826 2192
9136 4 2 0 1 1694 1965 1802 2047
9137 4 2 0 1 690 1943 2175 2199
9138 4 2 0 1 1356 1357 1969 2063
9139 4 2 0 1 990 991 1036 1761
9140 4 2 0 1 1020 1025 1758 2112
9141 4 2 0 1 1818 1906 1747 2078
9142 4 2 0 1 1649 1859 1788 1909
9143 4 2 0 1 564 2087 1980 2145
9144 4 2 0 1 660 434 629 2121
9145 4 2 0 1 621 564 622 1980
9146 4 2 0 1 1811 1954 1664 2208
9147 4 2 0 1 695 421 689 2045
9148 4 2 0 1 953 775 305 2159
9149 4 2 0 1 1881 2010 1610 2181
9150 4 2 0 1 581 1865 537 2133
9151 4 2 0 1 854 855 916 2125
9152 4 2 0 1 1636 1968 1782 2093
9153 4 2 0 1 889 908 870 2071
9154 4 2 0 1 631 2094 2052 2095
9155 4 2 0 1 729 1791 668 2187
9156 4 2 0 1 1656 1752 1974 2098
9157 4 2 0 1 750 847 300 1957
9158 4 2 0 1 1606 1851 1735 1955
9159 4 2 0 1 1382 2061 1383 2116
9160 4 2 0 1 1745 1849 1689 2027
9161 4 2 0 1 1312 1292 1373 2138
9162 4 2 0 1 638 639 772 1847
9163 4 2 0 1 723 775 2112 2159
9164 4 2 0 1 737 1927 637 2046
9165 4 2 0 1 907 909 873 1829
9166 4 2 0 1 302 128 1004 745
9167 4 2 0 1 1509 1276 1271 1745
9168 4 2 0 1 1210 1963 1208 2122
9169 4 2 0 1 631 616 615 2094
9170 4 2 0 1 631 367 634 2095
9171 4 2 0 1 522 523 1992 2055
9172 4 2 0 1 1398 2115 1977 2124
9173 4 2 0 1 1270 1216 1398 1977
9174 4 2 0 1 1766 1676 1977 2124
9175 4 2 0 1 1798 1873 1674 2000
9176 4 2 0 1 1482 1069 1487 1938
9177 4 2 0 1 752 849 814 1854
9178 4 2 0 1 1414 1817 1253 2150
9179 4 2 0 1 1482 1053 1525 2120
9180 4 2 0 1 575 546 576 1875
9181 4 2 0 1 1612 1867 1724 2039
9182 4 2 0 1 2058 2158 1702 2160
9183 4 2 0 1 167 1067 879 832
9184 4 2 0 1 817 869 112 798
9185 4 2 0 1 1460 1228 2028 2113
9186 4 2 0 1 323 797 784 1934
9187 4 2 0 1 833 1068 2034 2163
9188 4 2 0 1 909 841 873 2152
9189 4 2 0 1 1028 988 943 1815
9190 4 2 0 1 1375 1111 1115 2062
9191 4 2 0 1 874 174 1072 2042
9192 4 2 0 1 1009 995 1021 2061
9193 4 2 0 1 1679 1871 1920 2001
9194 4 2 0 1 214 1531 990 993
9195 4 2 0 1 581 577 537 1865
9196 4 2 0 1 648 441 664 1814
9197 4 2 0 1 737 612 613 1927
9198 4 2 0 1 759 969 322 2049
9199 4 2 0 1 432 444 454 2098
9200 4 2 0 1 847 750 110 840
9201 4 2 0 1 1782 1857 1642 1968
9202 4 2 0 1 1034 1073 209 1489
9203 4 2 0 1 867 1543 171 822
9204 4 2 0 1 810 108 756 871
9205 4 2 0 1 1692 1920 1871 2001
9206 4 2 0 1 1800 1825 1620 2072
9207 4 2 0 1 873 841 91 799
9208 4 2 0 1 564 2001 530 2087
9209 4 2 0 1 822 1524 846 2178
9210 4 2 0 1 553 2047 540 2175
9211 4 2 0 1 1645 1910 1753 2048
9212 4 2 0 1 478 480 633 1982
9213 4 2 0 1 1679 2087 1889 2179
9214 4 2 0 1 544 464 696 2108
9215 4 2 0 1 1047 1524 822 2178
9216 4 2 0 1 1799 2085 341 2193
9217 4 2 0 1 1771 2127 1684 2210
9218 4 2 0 1 1336 1469 1335 2140
9219 4 2 0 1 490 538 539 2084
9220 4 2 0 1 1444 1844 1393 2073
9221 4 2 0 1 1723 2148 1944 2156
9222 4 2 0 1 1376 1189 1129 2012
9223 4 2 0 1 1444 1487 1269 1844
9224 4 2 0 1 1451 1812 1264 2074
9225 4 2 0 1 889 860 920 1796
9226 4 2 0 1 1340 1261 1468 2104
9227 4 2 0 1 652 650 692 2105
9228 4 2 0 1 485 403 650 2105
9229 4 2 0 1 1342 1340 1339 2104
9230 4 2 0 1 1478 1331 1327 2106
9231 4 2 0 1 1332 1331 1475 2106
9232 4 2 0 1 674 1842 364 2101
9233 4 2 0 1 942 2057 1038 2209
9234 4 2 0 1 459 457 675 2020
9235 4 2 0 1 1139 1140 1131 1868
9236 4 2 0 1 754 742 2081 2215
9237 4 2 0 1 1723 1763 2148 2156
9238 4 2 0 1 330 1959 575 2177
9239 4 2 0 1 1270 1977 1398 2115
9240 4 2 0 1 891 1532 182 819
9241 4 2 0 1 1731 1646 2004 2044
9242 4 2 0 1 958 227 970 1511
9243 4 2 0 1 748 154 320 974
9244 4 2 0 1 1064 945 234 1492
9245 4 2 0 1 663 637 613 1927
9246 4 2 0 1 890 917 1882 2217
9247 4 2 0 1 666 1823 548 2121
9248 4 2 0 1 1709 2062 1937 2201
9249 4 2 0 1 134 787 954 1008
9250 4 2 0 1 1820 1848 1660 2114
9251 4 2 0 1 1375 1111 2062 2201
9252 4 2 0 1 1460 1439 1228 2113
9253 4 2 0 1 1020 953 1025 2112
9254 4 2 0 1 1663 1731 1814 2192
9255 4 2 0 1 554 1851 796 1955
9256 4 2 0 1 1291 1932 1292 2138
9257 4 2 0 1 848 810 847 2099
9258 4 2 0 1 1624 1862 1740 1948
9259 4 2 0 1 1623 1861 1741 1949
9260 4 2 0 1 1025 2112 953 2159
9261 4 2 0 1 606 1882 805 1966
9262 4 2 0 1 1734 1954 1811 2208
9263 4 2 0 1 207 965 949 1046
9264 4 2 0 1 1356 1481 1357 2063
9265 4 2 0 1 1651 1852 1832 1945
9266 4 2 0 1 723 576 722 2003
9267 4 2 0 1 1722 2161 433 2166
9268 4 2 0 1 425 423 424 1953
9269 4 2 0 1 1758 2112 1025 2159
9270 4 2 0 1 581 577 1865 2133
9271 4 2 0 1 1045 970 227 1511
9272 4 2 0 1 1255 1269 2158 2220
9273 4 2 0 1 1536 1463 1068 2034
9274 4 2 0 1 415 2004 417 2204
9275 4 2 0 1 1055 1549 1514 1946
9276 4 2 0 1 818 324 107 871
9277 4 2 0 1 1810 1936 1722 2167
9278 4 2 0 1 1487 1522 1295 2158
9279 4 2 0 1 413 2004 415 2203
9280 4 2 0 1 1415 1414 1253 2150
9281 4 2 0 1 1626 1757 1976 1991
9282 4 2 0 1 1696 1925 2032 2116
9283 4 2 0 1 1464 2018 1320 2117
9284 4 2 0 1 148 767 322 969
9285 4 2 0 1 1066 228 971 1511
9286 4 2 0 1 1854 1613 1952 2069
9287 4 2 0 1 1032 1029 983 2036
9288 4 2 0 1 945 1029 1030 2036
9289 4 2 0 1 1994 2137 1714 2216
9290 4 2 0 1 1722 1625 1868 2166
9291 4 2 0 1 421 383 689 2216
9292 4 2 0 1 1690 2009 1720 2067
9293 4 2 0 1 1826 2080 1744 2220
9294 4 2 0 1 1508 238 1000 1070
9295 4 2 0 1 368 364 367 2101
9296 4 2 0 1 1094 1329 1852 2134
9297 4 2 0 1 860 920 1796 2217
9298 4 2 0 1 337 1798 336 2133
9299 4 2 0 1 1840 2029 1603 2182
9300 4 2 0 1 1517 177 1547 825
9301 4 2 0 1 827 919 1952 2069
9302 4 2 0 1 1868 1997 1722 2097
9303 4 2 0 1 1273 1220 1270 1977
9304 4 2 0 1 1620 1858 1779 1971
9305 4 2 0 1 1638 1780 1937 2135
9306 4 2 0 1 880 826 843 1934
9307 4 2 0 1 690 2175 540 2199
9308 4 2 0 1 725 1911 597 2119
9309 4 2 0 1 1017 978 1023 2176
9310 4 2 0 1 1023 947 1022 2176
9311 4 2 0 1 1727 1987 1769 2107
9312 4 2 0 1 1129 1120 1376 2012
9313 4 2 0 1 1933 1951 1704 2031
9314 4 2 0 1 1834 1855 1612 2102
9315 4 2 0 1 1181 1177 1139 2097
9316 4 2 0 1 1185 1407 1186 1950
9317 4 2 0 1 1670 1743 2043 2066
9318 4 2 0 1 940 1006 1021 2061
9319 4 2 0 1 844 883 828 1984
9320 4 2 0 1 476 530 529 2001
9321 4 2 0 1 1392 1826 1408 2192
9322 4 2 0 1 1401 1399 2151 2176
9323 4 2 0 1 1369 1142 1140 2183
9324 4 2 0 1 1142 1144 1141 2183
9325 4 2 0 1 1281 1325 1338 2188
9326 4 2 0 1 1480 1811 1323 2208
9327 4 2 0 1 1743 2066 601 2213
9328 4 2 0 1 796 809 307 1955
9329 4 2 0 1 483 1922 550 2180
9330 4 2 0 1 1533 1494 1362 1816
9331 4 2 0 1 350 728 586 1945
9332 4 2 0 1 1726 1961 1801 2140
9333 4 2 0 1 162 1052 1507 1881
9334 4 2 0 1 1662 1880 1746 1939
9335 4 2 0 1 213 1531 939 990
9336 4 2 0 1 2011 2206 1630 2214
9337 4 2 0 1 1771 1875 1665 2018
9338 4 2 0 1 494 2029 697 2218
9339 4 2 0 1 1382 1481 1073 1821
9340 4 2 0 1 1545 1893 1430 2026
9341 4 2 0 1 395 387 396 2166
9342 4 2 0 1 1727 1983 1769 2186
9343 4 2 0 1 320 771 1978 2165
9344 4 2 0 1 1826 1969 1744 2080
9345 4 2 0 1 1541 1465 1929 2060
9346 4 2 0 1 1722 1939 1625 2166
9347 4 2 0 1 1784 1642 2082 2144
9348 4 2 0 1 1090 1091 1089 2134
9349 4 2 0 1 1773 1845 1619 2030
9350 4 2 0 1 1738 2136 1231 2210
9351 4 2 0 1 490 1892 480 2155
9352 4 2 0 1 872 898 1760 2185
9353 4 2 0 1 1227 1294 1268 1923
9354 4 2 0 1 483 524 550 1922
9355 4 2 0 1 1802 1965 1629 2047
9356 4 2 0 1 564 1980 621 2145
9357 4 2 0 1 1777 1944 1723 2148
9358 4 2 0 1 931 320 153 974
9359 4 2 0 1 1400 1237 1403 1951
9360 4 2 0 1 1032 931 1029 1764
9361 4 2 0 1 892 915 851 1952
9362 4 2 0 1 505 506 470 1936
9363 4 2 0 1 368 367 2052 2101
9364 4 2 0 1 1614 1834 1768 2211
9365 4 2 0 1 1544 1309 1056 1999
9366 4 2 0 1 1015 971 958 1776
9367 4 2 0 1 1399 1951 1400 2151
9368 4 2 0 1 1768 1834 1610 2010
9369 4 2 0 1 1719 1603 2029 2182
9370 4 2 0 1 515 1907 517 2128
9371 4 2 0 1 1492 1515 1064 1860
9372 4 2 0 1 1456 1520 1545 2190
9373 4 2 0 1 524 537 556 1865
9374 4 2 0 1 1681 1947 1865 2133
9375 4 2 0 1 729 662 463 2187
9376 4 2 0 1 1766 2031 1697 2215
9377 4 2 0 1 1847 2061 1611 2116
9378 4 2 0 1 1489 208 1007 1046
9379 4 2 0 1 1060 1494 812 1816
9380 4 2 0 1 841 90 303 2152
9381 4 2 0 1 677 1768 675 2102
9382 4 2 0 1 1019 1032 946 1999
9383 4 2 0 1 328 823 93 682
9384 4 2 0 1 575 330 741 1959
9385 4 2 0 1 1688 1803 1962 2220
9386 4 2 0 1 1022 2151 1933 2176
9387 4 2 0 1 459 675 676 2020
9388 4 2 0 1 786 547 777 2092
9389 4 2 0 1 1289 1771 1464 2210
9390 4 2 0 1 1001 1000 952 1898
9391 4 2 0 1 1030 2036 1029 2165
9392 4 2 0 1 1548 223 960 1058
9393 4 2 0 1 804 143 314 935
9394 4 2 0 1 891 819 1869 2219
9395 4 2 0 1 1818 1819 1642 2082
9396 4 2 0 1 1632 1741 2052 2137
9397 4 2 0 1 1514 1072 174 2042
9398 4 2 0 1 1485 1074 1319 1761
9399 4 2 0 1 433 437 2161 2167
9400 4 2 0 1 852 813 900 1926
9401 4 2 0 1 1748 1868 1625 2166
9402 4 2 0 1 1725 1668 1941 2146
9403 4 2 0 1 430 446 394 1944
9404 4 2 0 1 1741 2137 1994 2216
9405 4 2 0 1 2058 2111 1702 2158
9406 4 2 0 1 713 1992 523 2141
9407 4 2 0 1 1768 1834 1614 2102
9408 4 2 0 1 1526 1898 1423 2103
9409 4 2 0 1 1029 1764 931 2165
9410 4 2 0 1 1146 1102 1411 1958
9411 4 2 0 1 592 725 597 2119
9412 4 2 0 1 1353 1431 1463 1767
9413 4 2 0 1 322 767 571 1998
9414 4 2 0 1 452 1841 439 2207
9415 4 2 0 1 436 435 421 2045
9416 4 2 0 1 981 1028 1017 2081
9417 4 2 0 1 937 1002 962 2058
9418 4 2 0 1 1226 1471 1874 2089
9419 4 2 0 1 1480 1328 1323 1811
9420 4 2 0 1 917 821 890 1882
9421 4 2 0 1 1114 1113 1900 2135
9422 4 2 0 1 654 1766 526 2215
9423 4 2 0 1 193 864 1057 1542
9424 4 2 0 1 216 1519 1504 938
9425 4 2 0 1 563 574 2001 2130
9426 4 2 0 1 1626 1976 1774 1991
9427 4 2 0 1 1274 1307 1308 1920
9428 4 2 0 1 1078 1080 1513 2000
9429 4 2 0 1 1622 2068 1771 2127
9430 4 2 0 1 1665 1875 1771 2068
9431 4 2 0 1 113 313 817 798
9432 4 2 0 1 1757 1612 1976 1991
9433 4 2 0 1 1634 2095 1948 2197
9434 4 2 0 1 903 877 1816 2139
9435 4 2 0 1 528 735 736 1954
9436 4 2 0 1 898 2042 1760 2185
9437 4 2 0 1 886 833 187 1068
9438 4 2 0 1 1107 1108 1109 1986
9439 4 2 0 1 1689 2024 1745 2129
9440 4 2 0 1 1264 1451 1285 1812
9441 4 2 0 1 111 316 869 840
9442 4 2 0 1 782 1967 679 2057
9443 4 2 0 1 676 678 679 1967
9444 4 2 0 1 956 1938 998 2120
9445 4 2 0 1 1134 1838 1135 2214
9446 4 2 0 1 1631 2148 1763 2202
9447 4 2 0 1 1812 1835 1686 2051
9448 4 2 0 1 1205 1206 1204 1872
9449 4 2 0 1 1715 2052 1741 2094
9450 4 2 0 1 331 99 836 761
9451 4 2 0 1 987 1014 954 2177
9452 4 2 0 1 967 948 800 2059
9453 4 2 0 1 1279 1410 1292 2138
9454 4 2 0 1 1060 1300 1362 2139
9455 4 2 0 1 842 1426 1543 2054
9456 4 2 0 1 827 919 915 1952
9457 4 2 0 1 2032 2142 1665 2222
9458 4 2 0 1 487 522 474 2055
9459 4 2 0 1 655 657 656 1933
9460 4 2 0 1 983 1510 946 1999
9461 4 2 0 1 1775 1776 1608 1998
9462 4 2 0 1 1360 1378 1375 2201
9463 4 2 0 1 1346 1463 1431 1767
9464 4 2 0 1 217 1049 1519 972
9465 4 2 0 1 137 305 953 775
9466 4 2 0 1 1682 1776 1775 1998
9467 4 2 0 1 1811 1878 1664 1954
9468 4 2 0 1 936 977 138 779
9469 4 2 0 1 1523 218 975 950
9470 4 2 0 1 565 766 800 2059
9471 4 2 0 1 151 800 967 948
9472 4 2 0 1 946 231 979 1544
9473 4 2 0 1 1019 967 1032 2059
9474 4 2 0 1 539 685 680 2146
9475 4 2 0 1 906 821 1882 2185
9476 4 2 0 1 532 697 698 2029
9477 4 2 0 1 1766 1977 1692 2115
9478 4 2 0 1 1697 1951 1933 2031
9479 4 2 0 1 370 1780 2169 2197
9480 4 2 0 1 1256 1357 1408 1969
9481 4 2 0 1 213 1531 1054 939
9482 4 2 0 1 1398 1237 1951 2124
9483 4 2 0 1 942 1038 1001 2209
9484 4 2 0 1 1287 1286 1449 2082
9485 4 2 0 1 674 368 513 2101
9486 4 2 0 1 515 517 724 2128
9487 4 2 0 1 1603 1985 1938 2033
9488 4 2 0 1 319 992 804 2130
9489 4 2 0 1 758 721 323 1934
9490 4 2 0 1 644 1905 669 2144
9491 4 2 0 1 1771 1875 1684 2127
9492 4 2 0 1 885 847 840 1957
9493 4 2 0 1 729 589 1791 2174
9494 4 2 0 1 787 1008 1035 2070
9495 4 2 0 1 1914 2152 1989 2191
9496 4 2 0 1 318 980 140 657
9497 4 2 0 1 1222 1223 1241 1808
9498 4 2 0 1 2047 2175 1629 2199
9499 4 2 0 1 666 535 548 1823
9500 4 2 0 1 1485 1761 1319 2222
9501 4 2 0 1 878 160 923 1843
9502 4 2 0 1 930 229 971 1503
9503 4 2 0 1 149 759 968 969
9504 4 2 0 1 1510 1544 946 1999
9505 4 2 0 1 1471 1244 1226 1874
9506 4 2 0 1 822 846 1914 2178
9507 4 2 0 1 1355 1969 1256 2080
9508 4 2 0 1 1508 1423 1526 1898
9509 4 2 0 1 1095 1098 1097 1983
9510 4 2 0 1 1139 1435 1181 2097
9511 4 2 0 1 980 936 139 657
9512 4 2 0 1 491 527 492 1849
9513 4 2 0 1 190 812 1494 913
9514 4 2 0 1 864 829 193 1057
9515 4 2 0 1 127 302 1004 1033
9516 4 2 0 1 1789 2168 1341 2198
9517 4 2 0 1 1658 1874 1770 2008
9518 4 2 0 1 1803 2073 1645 2195
9519 4 2 0 1 113 313 852 817
9520 4 2 0 1 885 903 812 1816
9521 4 2 0 1 1355 1969 2080 2100
9522 4 2 0 1 1751 2013 1640 2083
9523 4 2 0 1 307 820 118 1955
9524 4 2 0 1 560 561 559 2205
9525 4 2 0 1 307 118 774 1955
9526 4 2 0 1 1018 1805 948 2221
9527 4 2 0 1 347 346 345 1990
9528 4 2 0 1 1541 1296 1465 2060
9529 4 2 0 1 594 340 581 1993
9530 4 2 0 1 901 1813 864 2139
9531 4 2 0 1 1750 2013 1828 2187
9532 4 2 0 1 1480 1323 1479 2208
9533 4 2 0 1 1608 1996 1805 2049
9534 4 2 0 1 988 960 223 1058
9535 4 2 0 1 982 314 143 935
9536 4 2 0 1 303 746 799 2152
9537 4 2 0 1 1418 1436 1257 2005
9538 4 2 0 1 1249 1177 1214 1997
9539 4 2 0 1 895 822 1914 2178
9540 4 2 0 1 463 1785 732 2174
9541 4 2 0 1 346 1990 347 2173
9542 4 2 0 1 1714 2012 1763 2202
9543 4 2 0 1 506 562 1936 2086
9544 4 2 0 1 766 565 570 1764
9545 4 2 0 1 1278 1291 1521 1932
9546 4 2 0 1 1602 1967 1725 2103
9547 4 2 0 1 177 1517 859 825
9548 4 2 0 1 1762 1869 1701 2019
9549 4 2 0 1 1324 1088 1337 1961
9550 4 2 0 1 779 977 305 2159
9551 4 2 0 1 1999 2036 1314 2196
9552 4 2 0 1 909 2054 867 2178
9553 4 2 0 1 1709 1842 1793 2101
9554 4 2 0 1 1447 1213 1834 2039
9555 4 2 0 1 326 1886 686 2209
9556 4 2 0 1 1243 1195 1820 2114
9557 4 2 0 1 947 2151 1022 2176
9558 4 2 0 1 645 642 616 1948
9559 4 2 0 1 377 617 689 1949
9560 4 2 0 1 1196 1874 1244 2198
9561 4 2 0 1 1761 2070 1036 2177
9562 4 2 0 1 1743 1930 1613 2213
9563 4 2 0 1 1229 1149 1903 2153
9564 4 2 0 1 734 1912 730 2154
9565 4 2 0 1 814 321 752 1854
9566 4 2 0 1 366 2170 1780 2200
9567 4 2 0 1 749 106 315 850
9568 4 2 0 1 370 369 1780 2197
9569 4 2 0 1 851 850 818 1739
9570 4 2 0 1 1408 1392 1254 1826
9571 4 2 0 1 1741 1861 1623 1994
9572 4 2 0 1 1282 1228 1234 2028
9573 4 2 0 1 1740 1862 1624 1995
9574 4 2 0 1 1429 1203 1459 2038
9575 4 2 0 1 1705 2111 2058 2158
9576 4 2 0 1 918 914 833 2163
9577 4 2 0 1 510 468 428 1962
9578 4 2 0 1 948 1805 312 2059
9579 4 2 0 1 752 104 814 849
9580 4 2 0 1 1645 1752 1863 2195
9581 4 2 0 1 982 1028 981 2006
9582 4 2 0 1 810 300 109 847
9583 4 2 0 1 606 773 1882 2217
9584 4 2 0 1 739 678 677 1768
9585 4 2 0 1 438 452 439 2207
9586 4 2 0 1 1733 2099 1690 2163
9587 4 2 0 1 1114 1110 1113 2135
9588 4 2 0 1 1531 214 1074 993
9589 4 2 0 1 351 353 354 1988
9590 4 2 0 1 1483 1529 1881 2010
9591 4 2 0 1 1824 1973 1751 2083
9592 4 2 0 1 1733 2009 1690 2099
9593 4 2 0 1 1172 1175 1803 2195
9594 4 2 0 1 832 879 880 2181
9595 4 2 0 1 387 670 397 2076
9596 4 2 0 1 671 509 670 2076
9597 4 2 0 1 870 1075 2025 2071
9598 4 2 0 1 322 1998 567 2049
9599 4 2 0 1 118 863 774 1955
9600 4 2 0 1 1629 1943 1759 2199
9601 4 2 0 1 1805 2059 948 2221
9602 4 2 0 1 464 466 465 2108
9603 4 2 0 1 316 556 619 1721
9604 4 2 0 1 1158 1162 1160 1877
9605 4 2 0 1 1612 1855 1834 2060
9606 4 2 0 1 1678 2152 1914 2178
9607 4 2 0 1 1235 1271 1276 2024
9608 4 2 0 1 954 787 134 330
9609 4 2 0 1 310 787 1035 2070
9610 4 2 0 1 534 535 2056 2092
9611 4 2 0 1 754 2081 658 2215
9612 4 2 0 1 1745 2027 1689 2129
9613 4 2 0 1 1469 1789 1341 2198
9614 4 2 0 1 1349 2025 1512 2077
9615 4 2 0 1 977 953 305 2159
9616 4 2 0 1 1836 2006 1011 2130
9617 4 2 0 1 1750 1640 2013 2083
9618 4 2 0 1 682 823 92 799
9619 4 2 0 1 1426 1543 172 842
9620 4 2 0 1 1631 1856 1894 2005
9621 4 2 0 1 754 658 742 2215
9622 4 2 0 1 867 909 907 2054
9623 4 2 0 1 324 792 756 2099
9624 4 2 0 1 667 402 1828 2107
9625 4 2 0 1 1538 1059 1346 1952
9626 4 2 0 1 867 2054 1543 2178
9627 4 2 0 1 1525 1069 1482 1938
9628 4 2 0 1 746 531 1829 2016
9629 4 2 0 1 800 948 312 2059
9630 4 2 0 1 999 951 998 1938
9631 4 2 0 1 1608 1932 1823 2092
9632 4 2 0 1 1839 2079 1756 2184
9633 4 2 0 1 1035 787 133 1008
9634 4 2 0 1 170 1047 1524 822
9635 4 2 0 1 822 846 895 1914
9636 4 2 0 1 1154 1152 1150 2083
9637 4 2 0 1 1279 1292 1932 2138
9638 4 2 0 1 1135 1838 1136 2206
9639 4 2 0 1 736 579 584 1878
9640 4 2 0 1 1823 1932 1608 2138
9641 4 2 0 1 1213 1419 1421 2211
9642 4 2 0 1 118 820 863 1955
9643 4 2 0 1 1719 2029 1840 2182
9644 4 2 0 1 687 2066 489 2067
9645 4 2 0 1 484 716 538 2084
9646 4 2 0 1 1391 1190 1138 1935
9647 4 2 0 1 894 895 1914 2191
9648 4 2 0 1 1542 864 1813 2139
9649 4 2 0 1 419 432 672 2098
9650 4 2 0 1 732 1785 412 2203
9651 4 2 0 1 776 304 748 1978
9652 4 2 0 1 803 1796 920 2217
9653 4 2 0 1 1726 2041 1652 2091
9654 4 2 0 1 1711 2041 1726 2091
9655 4 2 0 1 1122 1134 1135 2214
9656 4 2 0 1 912 901 864 2139
9657 4 2 0 1 1626 1872 1774 2040
9658 4 2 0 1 108 324 756 871
9659 4 2 0 1 1657 1864 1754 2193
9660 4 2 0 1 1330 1329 1331 1852
9661 4 2 0 1 1486 1058 1318 1836
9662 4 2 0 1 673 644 669 2144
9663 4 2 0 1 366 1780 369 2200
9664 4 2 0 1 514 729 668 2187
9665 4 2 0 1 1533 1354 1044 1733
9666 4 2 0 1 1502 167 1067 879
9667 4 2 0 1 850 315 1739 2189
9668 4 2 0 1 1246 1240 1275 1931
9669 4 2 0 1 1033 1004 966 2021
9670 4 2 0 1 1315 1550 1045 2147
9671 4 2 0 1 349 347 348 2091
9672 4 2 0 1 1427 1372 1123 2011
9673 4 2 0 1 1520 1515 1860 2190
9674 4 2 0 1 1774 1872 1626 1991
9675 4 2 0 1 663 442 1806 2204
9676 4 2 0 1 1549 1350 1297 1946
9677 4 2 0 1 1377 1241 1314 2196
9678 4 2 0 1 1185 1392 1408 2192
9679 4 2 0 1 571 1980 568 1998
9680 4 2 0 1 556 577 619 1865
9681 4 2 0 1 359 1987 357 2212
9682 4 2 0 1 470 1936 694 2167
9683 4 2 0 1 1929 1934 1610 2181
9684 4 2 0 1 186 892 1493 1059
9685 4 2 0 1 903 912 877 2139
9686 4 2 0 1 690 1943 603 2175
9687 4 2 0 1 1645 2048 1752 2195
9688 4 2 0 1 1198 1395 1188 2048
9689 4 2 0 1 879 1502 924 2181
9690 4 2 0 1 311 606 773 1882
9691 4 2 0 1 1643 1963 1755 2108
9692 4 2 0 1 1510 1999 983 2036
9693 4 2 0 1 966 1037 949 2021
9694 4 2 0 1 1234 1224 1277 2002
9695 4 2 0 1 522 523 713 1992
9696 4 2 0 1 451 450 491 2218
9697 4 2 0 1 1309 1999 1314 2196
9698 4 2 0 1 390 391 392 1876
9699 4 2 0 1 1037 1004 934 2021
9700 4 2 0 1 181 1534 1050 819
9701 4 2 0 1 316 111 750 840
9702 4 2 0 1 321 788 566 2125
9703 4 2 0 1 477 466 545 2068
9704 4 2 0 1 1291 1279 1292 1932
9705 4 2 0 1 1687 2161 1943 2167
9706 4 2 0 1 1843 1881 1610 2181
9707 4 2 0 1 503 540 504 2047
9708 4 2 0 1 1210 1288 1208 1963
9709 4 2 0 1 702 703 469 2102
9710 4 2 0 1 1295 1358 1355 2160
9711 4 2 0 1 459 2020 676 2146
9712 4 2 0 1 1111 1378 1109 2201
9713 4 2 0 1 165 1053 1497 2120
9714 4 2 0 1 359 357 360 2212
9715 4 2 0 1 643 448 430 2179
9716 4 2 0 1 490 484 2084 2155
9717 4 2 0 1 924 1052 162 1881
9718 4 2 0 1 1805 1996 1700 2221
9719 4 2 0 1 1292 1410 1373 2138
9720 4 2 0 1 800 151 312 948
9721 4 2 0 1 1056 979 231 1544
9722 4 2 0 1 1229 1147 1149 2153
9723 4 2 0 1 734 730 583 2154
9724 4 2 0 1 341 344 343 2193
9725 4 2 0 1 908 836 875 1809
9726 4 2 0 1 877 191 812 1060
9727 4 2 0 1 406 404 405 2013
9728 4 2 0 1 205 951 963 1522
9729 4 2 0 1 1818 2082 1642 2144
9730 4 2 0 1 1460 2028 1895 2113
9731 4 2 0 1 792 2009 610 2099
9732 4 2 0 1 1815 2006 1692 2215
9733 4 2 0 1 1082 1323 1083 2208
9734 4 2 0 1 723 305 775 2159
9735 4 2 0 1 605 1966 604 1981
9736 4 2 0 1 1237 1399 1398 1951
9737 4 2 0 1 1005 966 965 2160
9738 4 2 0 1 501 503 1802 2199
9739 4 2 0 1 184 827 1496 887
9740 4 2 0 1 429 1889 701 2179
9741 4 2 0 1 1148 1147 1146 2153
9742 4 2 0 1 583 582 346 2154
9743 4 2 0 1 888 914 848 2163
9744 4 2 0 1 1307 1273 1318 1920
9745 4 2 0 1 674 362 364 1842
9746 4 2 0 1 1840 2029 1719 2218
9747 4 2 0 1 1541 1067 1528 1929
9748 4 2 0 1 1021 955 1009 1847
9749 4 2 0 1 1424 1420 1941 2103
9750 4 2 0 1 772 807 131 955
9751 4 2 0 1 1815 1836 1692 2006
9752 4 2 0 1 90 780 303 2152
9753 4 2 0 1 781 124 941 325
9754 4 2 0 1 1063 224 994 1548
9755 4 2 0 1 144 804 319 992
9756 4 2 0 1 533 1892 490 2118
9757 4 2 0 1 1355 1356 1256 1969
9758 4 2 0 1 1071 1491 1537 1984
9759 4 2 0 1 787 133 310 1035
9760 4 2 0 1 408 409 710 2007
9761 4 2 0 1 321 854 103 788
9762 4 2 0 1 850 1739 851 2189
9763 4 2 0 1 780 555 1989 2191
9764 4 2 0 1 339 1799 341 2193
9765 4 2 0 1 458 456 457 2017
9766 4 2 0 1 1447 1421 1465 1834
9767 4 2 0 1 1606 2027 1745 2129
9768 4 2 0 1 1382 1383 1380 2116
9769 4 2 0 1 1506 1071 1509 1984
9770 4 2 0 1 1355 1356 1969 2100
9771 4 2 0 1 694 506 562 1936
9772 4 2 0 1 1113 1110 1109 1937
9773 4 2 0 1 992 959 1013 2037
9774 4 2 0 1 976 1027 959 2037
9775 4 2 0 1 821 917 906 1882
9776 4 2 0 1 89 780 865 2191
9777 4 2 0 1 865 815 89 2191
9778 4 2 0 1 437 603 691 1943
9779 4 2 0 1 1203 1202 1459 2038
9780 4 2 0 1 1545 1430 1456 2026
9781 4 2 0 1 481 635 636 1925
9782 4 2 0 1 621 568 571 1980
9783 4 2 0 1 1210 2122 1209 2142
9784 4 2 0 1 470 694 471 2167
9785 4 2 0 1 1265 1239 1205 1991
9786 4 2 0 1 491 532 1849 2218
9787 4 2 0 1 1752 1645 1863 2098
9788 4 2 0 1 1030 1031 973 1860
9789 4 2 0 1 543 673 705 2144
9790 4 2 0 1 1854 1952 1613 2189
9791 4 2 0 1 758 308 739 1843
9792 4 2 0 1 450 2064 494 2218
9793 4 2 0 1 962 125 937 778
9794 4 2 0 1 1711 1726 2041 2134
9795 4 2 0 1 217 1049 972 950
9796 4 2 0 1 953 305 137 977
9797 4 2 0 1 752 1854 794 2189
9798 4 2 0 1 1034 1006 940 1821
9799 4 2 0 1 894 865 895 2191
9800 4 2 0 1 1262 1460 1895 2113
9801 4 2 0 1 332 317 333 1891
9802 4 2 0 1 748 320 771 1978
9803 4 2 0 1 891 916 855 2219
9804 4 2 0 1 911 908 875 1809
9805 4 2 0 1 1011 960 988 1836
9806 4 2 0 1 406 405 407 2194
9807 4 2 0 1 1704 2003 1758 2159
9808 4 2 0 1 983 946 1032 1999
9809 4 2 0 1 937 126 1033 614
9810 4 2 0 1 985 1006 1034 1821
9811 4 2 0 1 207 965 1046 1358
9812 4 2 0 1 1771 2068 1875 2127
9813 4 2 0 1 1089 1087 1090 1942
9814 4 2 0 1 735 579 736 1954
9815 4 2 0 1 913 1044 189 888
9816 4 2 0 1 437 1943 691 2161
9817 4 2 0 1 1815 2115 1697 2215
9818 4 2 0 1 1314 1999 1510 2036
9819 4 2 0 1 750 110 300 847
9820 4 2 0 1 797 323 721 1934
9821 4 2 0 1 1024 1022 975 2151
9822 4 2 0 1 872 861 898 2185
9823 4 2 0 1 1728 1993 1671 2188
9824 4 2 0 1 723 2112 2003 2159
9825 4 2 0 1 337 336 581 2133
9826 4 2 0 1 1720 2066 1767 2067
9827 4 2 0 1 723 2003 740 2159
9828 4 2 0 1 877 812 903 1816
9829 4 2 0 1 1534 182 1532 819
9830 4 2 0 1 835 898 906 2042
9831 4 2 0 1 1263 1388 1110 2135
9832 4 2 0 1 1629 2175 1943 2199
9833 4 2 0 1 1111 1112 1115 2062
9834 4 2 0 1 1754 1990 1657 2193
9835 4 2 0 1 919 1854 849 2189
9836 4 2 0 1 766 320 153 931
9837 4 2 0 1 1002 1005 963 2160
9838 4 2 0 1 694 605 471 1981
9839 4 2 0 1 1715 2052 2094 2095
9840 4 2 0 1 311 805 1882 2185
9841 4 2 0 1 1028 982 1011 2006
9842 4 2 0 1 1103 1960 1371 2171
9843 4 2 0 1 1025 972 1020 1758
9844 4 2 0 1 1297 1348 1284 1807
9845 4 2 0 1 815 843 88 784
9846 4 2 0 1 928 1030 974 2165
9847 4 2 0 1 1164 1917 1822 2184
9848 4 2 0 1 326 686 782 2209
9849 4 2 0 1 845 1528 168 832
9850 4 2 0 1 1310 1869 1534 2219
9851 4 2 0 1 1384 2032 1379 2116
9852 4 2 0 1 827 1496 887 2069
9853 4 2 0 1 1776 1998 1682 2096
9854 4 2 0 1 822 1524 170 846
9855 4 2 0 1 630 628 620 2022
9856 4 2 0 1 1692 2115 1815 2215
9857 4 2 0 1 1123 1778 1122 2214
9858 4 2 0 1 807 772 639 1847
9859 4 2 0 1 656 657 779 1933
9860 4 2 0 1 424 1795 438 2207
9861 4 2 0 1 1844 2033 1719 2182
9862 4 2 0 1 581 336 577 2133
9863 4 2 0 1 724 455 653 2128
9864 4 2 0 1 1309 1314 1241 2196
9865 4 2 0 1 1740 2094 1628 2149
9866 4 2 0 1 511 611 551 2111
9867 4 2 0 1 1116 1376 1120 1894
9868 4 2 0 1 433 625 505 1939
9869 4 2 0 1 1459 1202 1262 1895
9870 4 2 0 1 1236 1235 1195 2024
9871 4 2 0 1 1097 1983 1099 2186
9872 4 2 0 1 1492 1520 1515 1860
9873 4 2 0 1 641 420 688 1879
9874 4 2 0 1 1398 1399 1402 2115
9875 4 2 0 1 425 439 711 2207
9876 4 2 0 1 1201 1200 1202 1916
9877 4 2 0 1 390 1948 645 2197
9878 4 2 0 1 552 797 721 1855
9879 4 2 0 1 1797 1941 1668 2146
9880 4 2 0 1 496 502 531 2016
9881 4 2 0 1 1401 1399 1400 2151
9882 4 2 0 1 423 623 422 1825
9883 4 2 0 1 1275 1931 1490 2054
9884 4 2 0 1 300 109 756 810
9885 4 2 0 1 819 916 891 1869
9886 4 2 0 1 1164 1385 1432 1822
9887 4 2 0 1 1002 2058 1005 2160
9888 4 2 0 1 1253 1414 1141 1817
9889 4 2 0 1 1260 1286 1287 1819
9890 4 2 0 1 543 705 542 1818
9891 4 2 0 1 327 1765 765 2110
9892 4 2 0 1 1243 1195 1395 1820
9893 4 2 0 1 348 591 592 2119
9894 4 2 0 1 1454 1152 1155 1824
9895 4 2 0 1 1120 1128 1127 1917
9896 4 2 0 1 810 914 871 2099
9897 4 2 0 1 1220 1387 1192 1887
9898 4 2 0 1 1718 2026 1797 2118
9899 4 2 0 1 1802 2047 1629 2199
9900 4 2 0 1 1269 1393 1444 1844
9901 4 2 0 1 955 131 772 986
9902 4 2 0 1 1029 2036 1764 2165
9903 4 2 0 1 1172 1803 1212 2220
9904 4 2 0 1 514 667 402 1828
9905 4 2 0 1 833 886 918 2034
9906 4 2 0 1 678 675 677 1768
9907 4 2 0 1 1496 1952 1538 2069
9908 4 2 0 1 1623 1949 1741 2216
9909 4 2 0 1 1741 1994 1623 2216
9910 4 2 0 1 1462 1289 1464 2210
9911 4 2 0 1 1017 1028 943 1815
9912 4 2 0 1 1412 1333 1473 1924
9913 4 2 0 1 776 771 533 1978
9914 4 2 0 1 1036 2070 1008 2177
9915 4 2 0 1 827 892 185 1952
9916 4 2 0 1 1310 1488 1534 1869
9917 4 2 0 1 429 701 643 2179
9918 4 2 0 1 836 98 331 803
9919 4 2 0 1 1499 1513 1057 2090
9920 4 2 0 1 919 887 855 2069
9921 4 2 0 1 178 1075 1547 870
9922 4 2 0 1 1456 1234 1277 2190
9923 4 2 0 1 634 645 616 2095
9924 4 2 0 1 617 377 615 2094
9925 4 2 0 1 872 898 910 1760
9926 4 2 0 1 946 1019 1999 2221
9927 4 2 0 1 1247 1434 1364 2035
9928 4 2 0 1 546 477 545 2068
9929 4 2 0 1 1500 1354 1536 2163
9930 4 2 0 1 482 452 500 2008
9931 4 2 0 1 729 590 589 2174
9932 4 2 0 1 370 2169 373 2197
9933 4 2 0 1 1682 1775 1980 1998
9934 4 2 0 1 1834 2010 1768 2211
9935 4 2 0 1 1100 1097 1099 2186
9936 4 2 0 1 1485 1531 1074 1761
9937 4 2 0 1 409 407 1896 2194
9938 4 2 0 1 191 812 1060 1494
9939 4 2 0 1 1546 1050 1488 2088
9940 4 2 0 1 816 893 862 1765
9941 4 2 0 1 1103 1102 1105 1960
9942 4 2 0 1 855 2069 887 2219
9943 4 2 0 1 471 603 437 2167
9944 4 2 0 1 1652 2041 1726 2140
9945 4 2 0 1 891 1869 916 2219
9946 4 2 0 1 1231 2136 1462 2210
9947 4 2 0 1 520 486 541 2051
9948 4 2 0 1 1657 2085 1799 2193
9949 4 2 0 1 1551 1516 211 2061
9950 4 2 0 1 786 759 322 2049
9951 4 2 0 1 815 784 89 2191
9952 4 2 0 1 800 766 152 967
9953 4 2 0 1 1544 946 232 1510
9954 4 2 0 1 1470 1341 2168 2198
9955 4 2 0 1 1715 2094 1740 2095
9956 4 2 0 1 1797 2084 1718 2118
9957 4 2 0 1 761 331 562 1809
9958 4 2 0 1 1704 1951 1933 2151
9959 4 2 0 1 1160 1392 1159 2192
9960 4 2 0 1 995 1551 211 2061
9961 4 2 0 1 919 849 915 2189
9962 4 2 0 1 550 2009 608 2180
9963 4 2 0 1 233 983 945 2036
9964 4 2 0 1 1118 1122 1123 1778
9965 4 2 0 1 1354 1294 1352 1870
9966 4 2 0 1 666 548 629 2121
9967 4 2 0 1 712 776 533 2118
9968 4 2 0 1 1318 1058 1548 1836
9969 4 2 0 1 321 104 814 752
9970 4 2 0 1 1815 2081 2006 2215
9971 4 2 0 1 1792 1987 359 2212
9972 4 2 0 1 1027 932 2037 2147
9973 4 2 0 1 89 784 780 2191
9974 4 2 0 1 350 1945 585 2173
9975 4 2 0 1 312 1805 777 2059
9976 4 2 0 1 920 836 889 1796
9977 4 2 0 1 1766 2115 1692 2215
9978 4 2 0 1 909 895 841 2152
9979 4 2 0 1 463 732 590 2174
9980 4 2 0 1 1443 1238 1441 2182
9981 4 2 0 1 1384 1379 1380 2116
9982 4 2 0 1 814 854 103 321
9983 4 2 0 1 1438 1349 1512 2077
9984 4 2 0 1 1179 1222 1180 2079
9985 4 2 0 1 1094 1091 1329 2134
9986 4 2 0 1 365 2170 366 2200
9987 4 2 0 1 907 873 823 1829
9988 4 2 0 1 650 652 485 2105
9989 4 2 0 1 1342 1261 1340 2104
9990 4 2 0 1 1331 1478 1475 2106
9991 4 2 0 1 480 490 533 1892
9992 4 2 0 1 779 139 936 657
9993 4 2 0 1 460 630 462 2040
9994 4 2 0 1 931 152 766 967
9995 4 2 0 1 983 232 946 1510
9996 4 2 0 1 962 941 124 325
9997 4 2 0 1 554 796 774 1955
9998 4 2 0 1 1127 1917 1164 2184
9999 4 2 0 1 185 1496 827 1952
10000 4 2 0 1 127 302 1033 614
10001 4 2 0 1 1172 1163 1175 2195
10002 4 2 0 1 1175 1176 1187 2195
10003 4 2 0 1 1230 1450 1428 2030
10004 4 2 0 1 1227 1352 1294 1870
10005 4 2 0 1 1512 2025 1075 2071
10006 4 2 0 1 1077 1061 1076 1833
10007 4 2 0 1 784 843 88 323
10008 4 2 0 1 699 697 494 2029
10009 4 2 0 1 901 829 864 1813
10010 4 2 0 1 961 1001 1003 2209
10011 4 2 0 1 605 606 604 1966
10012 4 2 0 1 763 679 785 2057
10013 4 2 0 1 606 805 553 1966
10014 4 2 0 1 343 582 342 2193
10015 4 2 0 1 906 861 821 2185
10016 4 2 0 1 1700 1999 1764 2059
10017 4 2 0 1 948 1018 968 1805
10018 4 2 0 1 1860 1691 2036 2165
10019 4 2 0 1 690 603 540 2175
10020 4 2 0 1 1528 1067 168 832
10021 4 2 0 1 389 2148 1763 2156
10022 4 2 0 1 370 373 369 2197
10023 4 2 0 1 1044 190 1494 913
10024 4 2 0 1 487 475 488 1970
10025 4 2 0 1 759 149 322 969
10026 4 2 0 1 1503 229 971 1066
10027 4 2 0 1 1019 948 2059 2221
10028 4 2 0 1 1052 1483 1529 1881
10029 4 2 0 1 161 838 162 1881
10030 4 2 0 1 1053 5 165 1497
10031 4 2 0 1 163 3 309 753
10032 4 2 0 1 553 504 540 2047
10033 4 2 0 1 920 97 803 2217
10034 4 2 0 1 1065 184 1496 887
10035 4 2 0 1 1255 2158 2080 2220
10036 4 2 0 1 1338 1084 1324 2188
10037 4 2 0 1 1005 937 1033 2058
10038 4 2 0 1 983 233 1510 2036
10039 4 2 0 1 1337 1469 1244 2198
10040 4 2 0 1 804 314 574 2130
10041 4 2 0 1 895 909 822 2178
10042 4 2 0 1 868 199 1051 2023
10043 4 2 0 1 633 570 497 1982
10044 4 2 0 1 1500 189 1044 888
10045 4 2 0 1 1221 1209 1379 2142
10046 4 2 0 1 447 448 449 2053
10047 4 2 0 1 1822 1756 2079 2184
10048 4 2 0 1 1078 1513 1499 2090
10049 4 2 0 1 314 2006 574 2130
10050 4 2 0 1 1864 1942 1754 2109
10051 4 2 0 1 1921 1930 1672 2205
10052 4 2 0 1 1763 2012 1631 2202
10053 4 2 0 1 1093 1339 1092 2041
10054 4 2 0 1 375 2137 1741 2216
10055 4 2 0 1 1470 1469 1341 2198
10056 4 2 0 1 1178 1404 1373 2050
10057 4 2 0 1 406 408 410 2194
10058 4 2 0 1 501 620 503 2199
10059 4 2 0 1 690 540 503 2199
10060 4 2 0 1 1142 1145 1144 1779
10061 4 2 0 1 369 366 370 1780
10062 4 2 0 1 692 646 652 1781
10063 4 2 0 1 693 440 665 1782
10064 4 2 0 1 485 405 403 1783
10065 4 2 0 1 1388 1417 1413 1784
10066 4 2 0 1 412 732 463 1785
10067 4 2 0 1 1468 1261 1259 1786
10068 4 2 0 1 1339 1096 1342 1787
10069 4 2 0 1 1477 1332 1475 1788
10070 4 2 0 1 1336 1341 1469 1789
10071 4 2 0 1 1474 1478 1327 1790
10072 4 2 0 1 1506 199 831 2023
10073 4 2 0 1 849 1854 752 2189
10074 4 2 0 1 1135 1136 1170 2206
10075 4 2 0 1 1205 1204 1170 2206
10076 4 2 0 1 1066 1311 1315 1776
10077 4 2 0 1 668 729 589 1791
10078 4 2 0 1 1262 1361 1460 2113
10079 4 2 0 1 530 564 563 2001
10080 4 2 0 1 1072 874 2042 2123
10081 4 2 0 1 1418 1112 1108 1793
10082 4 2 0 1 361 359 627 1792
10083 4 2 0 1 886 851 918 2034
10084 4 2 0 1 382 386 381 1794
10085 4 2 0 1 424 455 438 1795
10086 4 2 0 1 942 158 764 2209
10087 4 2 0 1 645 369 2197 2200
10088 4 2 0 1 645 634 369 2200
10089 4 2 0 1 1421 2010 1834 2211
10090 4 2 0 1 942 764 1041 2057
10091 4 2 0 1 604 553 540 2175
10092 4 2 0 1 922 839 881 1885
10093 4 2 0 1 1869 2019 1609 2075
10094 4 2 0 1 367 365 634 2200
10095 4 2 0 1 1085 1324 1084 1979
10096 4 2 0 1 666 641 688 1879
10097 4 2 0 1 663 441 442 2204
10098 4 2 0 1 441 415 417 2204
10099 4 2 0 1 610 300 756 2099
10100 4 2 0 1 1021 986 955 1847
10101 4 2 0 1 1506 1051 199 2023
10102 4 2 0 1 1013 1027 932 2037
10103 4 2 0 1 437 433 470 2167
10104 4 2 0 1 1532 1310 1534 2219
10105 4 2 0 1 1306 2071 1505 2088
10106 4 2 0 1 414 413 415 2203
10107 4 2 0 1 732 412 414 2203
10108 4 2 0 1 1179 1223 1222 2079
10109 4 2 0 1 340 341 339 1799
10110 4 2 0 1 1440 1155 1157 2044
10111 4 2 0 1 877 1060 1816 2139
10112 4 2 0 1 1172 1175 1212 1803
10113 4 2 0 1 703 1855 677 2102
10114 4 2 0 1 722 659 740 2003
10115 4 2 0 1 719 315 602 1739
10116 4 2 0 1 1329 1330 1094 1852
10117 4 2 0 1 1256 1255 2080 2220
10118 4 2 0 1 335 336 337 1798
10119 4 2 0 1 638 772 329 2046
10120 4 2 0 1 1792 1710 1987 2212
10121 4 2 0 1 1682 1980 1742 2145
10122 4 2 0 1 900 902 858 2090
10123 4 2 0 1 1671 2089 1728 2188
10124 4 2 0 1 433 2161 395 2166
10125 4 2 0 1 365 366 369 2200
10126 4 2 0 1 1466 1467 1484 2117
10127 4 2 0 1 481 663 442 1806
10128 4 2 0 1 604 1966 553 2175
10129 4 2 0 1 1085 1084 1083 1979
10130 4 2 0 1 1328 1326 1086 2109
10131 4 2 0 1 890 860 917 2217
10132 4 2 0 1 1023 1022 980 1933
10133 4 2 0 1 409 408 407 2194
10134 4 2 0 1 1260 1253 1259 2150
10135 4 2 0 1 412 411 413 2203
10136 4 2 0 1 947 219 975 2151
10137 4 2 0 1 1731 1950 1814 2192
10138 4 2 0 1 1092 1335 1089 2140
10139 4 2 0 1 1393 1175 1187 2073
10140 4 2 0 1 1019 1018 948 2221
10141 4 2 0 1 159 764 1041 942
10142 4 2 0 1 690 620 399 2199
10143 4 2 0 1 141 981 929 2081
10144 4 2 0 1 1521 1291 1530 1996
10145 4 2 0 1 1196 1244 1470 2198
10146 4 2 0 1 1153 1405 1151 1827
10147 4 2 0 1 827 1952 1496 2069
10148 4 2 0 1 1350 1055 1517 1946
10149 4 2 0 1 392 391 426 1876
10150 4 2 0 1 752 105 849 2189
10151 4 2 0 1 433 396 625 2166
10152 4 2 0 1 809 765 762 1765
10153 4 2 0 1 1065 887 1496 2069
10154 4 2 0 1 991 1008 1036 2070
10155 4 2 0 1 1977 2115 1766 2124
10156 4 2 0 1 868 831 199 2023
10157 4 2 0 1 535 479 534 2056
10158 4 2 0 1 1607 1760 2042 2185
10159 4 2 0 1 417 464 442 2204
10160 4 2 0 1 316 112 869 798
10161 4 2 0 1 1288 1458 1461 1853
10162 4 2 0 1 376 2137 375 2216
10163 4 2 0 1 1424 1420 1429 1941
10164 4 2 0 1 1427 1135 2206 2214
10165 4 2 0 1 1320 1539 1467 2117
10166 4 2 0 1 1382 1381 1481 2063
10167 4 2 0 1 1761 2162 1695 2177
10168 4 2 0 1 867 907 842 2054
10169 4 2 0 1 342 339 341 2193
10170 4 2 0 1 141 929 318 2081
10171 4 2 0 1 1160 1162 1163 1877
10172 4 2 0 1 584 579 342 1878
10173 4 2 0 1 1204 1427 1135 2206
10174 4 2 0 1 1105 1371 1103 1960
10175 4 2 0 1 390 645 373 2197
10176 4 2 0 1 311 770 805 2185
10177 4 2 0 1 1166 1167 1145 2072
10178 4 2 0 1 1102 1101 1099 2186
10179 4 2 0 1 909 867 822 2178
10180 4 2 0 1 1287 1449 1417 2082
10181 4 2 0 1 711 687 601 2066
10182 4 2 0 1 1640 2013 1751 2194
10183 4 2 0 1 183 1532 891 2219
10184 4 2 0 1 1132 1133 1137 1837
10185 4 2 0 1 1375 1378 1111 2201
10186 4 2 0 1 1464 1320 1466 2117
10187 4 2 0 1 1546 1306 1505 2088
10188 4 2 0 1 1022 936 980 1933
10189 4 2 0 1 1135 1134 1136 1838
10190 4 2 0 1 1439 1165 1180 1839
10191 4 2 0 1 1196 1226 1244 1874
10192 4 2 0 1 892 1059 185 1952
10193 4 2 0 1 338 578 335 2065
10194 4 2 0 1 1697 2115 1766 2215
10195 4 2 0 1 233 945 1064 2036
10196 4 2 0 1 1206 1374 1204 1872
10197 4 2 0 1 1315 1511 1066 1776
10198 4 2 0 1 1064 1515 1314 2036
10199 4 2 0 1 1163 1416 1176 2195
10200 4 2 0 1 1516 940 211 2061
10201 4 2 0 1 1256 1254 1255 2220
10202 4 2 0 1 121 816 327 2110
10203 4 2 0 1 1192 1387 1174 1887
10204 4 2 0 1 605 604 471 1981
10205 4 2 0 1 554 332 333 1891
10206 4 2 0 1 764 782 2057 2209
10207 4 2 0 1 785 739 308 1843
10208 4 2 0 1 1540 1051 1553 2023
10209 4 2 0 1 1861 1994 1741 2131
10210 4 2 0 1 1862 1995 1740 2132
10211 4 2 0 1 995 211 940 2061
10212 4 2 0 1 895 865 841 2152
10213 4 2 0 1 486 684 706 1845
10214 4 2 0 1 1434 1347 1435 1846
10215 4 2 0 1 942 961 158 2209
10216 4 2 0 1 1608 1998 1776 2049
10217 4 2 0 1 1283 1234 1456 2026
10218 4 2 0 1 1243 1236 1195 2114
10219 4 2 0 1 1177 1140 1139 1868
10220 4 2 0 1 1720 2009 1870 2180
10221 4 2 0 1 126 937 778 614
10222 4 2 0 1 453 439 452 1841
10223 4 2 0 1 404 2013 662 2187
10224 4 2 0 1 1447 1446 1213 2039
10225 4 2 0 1 1210 1209 1221 2142
10226 4 2 0 1 773 803 97 2217
10227 4 2 0 1 368 367 371 2052
10228 4 2 0 1 607 1796 803 2217
10229 4 2 0 1 86 826 923 758
10230 4 2 0 1 1767 2067 2066 2213
10231 4 2 0 1 1463 1059 1493 2034
10232 4 2 0 1 451 492 499 1848
10233 4 2 0 1 1319 2018 1290 2222
10234 4 2 0 1 1412 1473 1258 1924
10235 4 2 0 1 916 819 905 1869
10236 4 2 0 1 1121 1433 1361 1861
10237 4 2 0 1 1360 1386 1389 1862
10238 4 2 0 1 780 1989 783 2152
10239 4 2 0 1 1464 1466 1232 2210
10240 4 2 0 1 327 765 793 2110
10241 4 2 0 1 1197 1183 1233 1884
10242 4 2 0 1 1409 1118 1124 2093
10243 4 2 0 1 305 740 779 2159
10244 4 2 0 1 1246 1245 1240 1928
10245 4 2 0 1 465 477 635 1975
10246 4 2 0 1 1201 1171 1200 1916
10247 4 2 0 1 1697 2081 1815 2215
10248 4 2 0 1 1257 1376 1116 1894
10249 4 2 0 1 1513 1363 1057 1813
10250 4 2 0 1 1459 1262 1460 1895
10251 4 2 0 1 893 883 844 1984
10252 4 2 0 1 777 759 786 1805
10253 4 2 0 1 1127 1128 1164 1917
10254 4 2 0 1 601 2066 687 2213
10255 4 2 0 1 501 503 502 1802
10256 4 2 0 1 141 754 981 2081
10257 4 2 0 1 1057 1363 1542 1813
10258 4 2 0 1 906 898 861 2185
10259 4 2 0 1 920 890 97 2217
10260 4 2 0 1 1134 1122 1117 2126
10261 4 2 0 1 350 586 585 1945
10262 4 2 0 1 305 723 740 2159
10263 4 2 0 1 1212 1269 1255 2220
10264 4 2 0 1 857 830 899 1833
10265 4 2 0 1 1525 998 204 1069
10266 4 2 0 1 1678 1989 1914 2152
10267 4 2 0 1 814 849 919 1854
10268 4 2 0 1 780 784 555 2191
10269 4 2 0 1 882 922 883 2110
10270 4 2 0 1 563 574 529 2001
10271 4 2 0 1 1011 935 1026 2130
10272 4 2 0 1 480 533 633 1892
10273 4 2 0 1 358 357 359 1987
10274 4 2 0 1 574 563 319 2130
10275 4 2 0 1 233 1064 1510 2036
10276 4 2 0 1 977 305 138 779
10277 4 2 0 1 218 1523 1049 950
10278 4 2 0 1 1108 1107 1106 1986
10279 4 2 0 1 1130 1125 1143 1964
10280 4 2 0 1 882 816 121 2110
10281 4 2 0 1 850 849 105 2189
10282 4 2 0 1 924 1881 838 2181
10283 4 2 0 1 464 544 466 2108
10284 4 2 0 1 1042 239 1000 1508
10285 4 2 0 1 538 490 484 2084
10286 4 2 0 1 554 572 796 1851
10287 4 2 0 1 348 347 345 2091
10288 4 2 0 1 1000 1038 957 1898
10289 4 2 0 1 1701 1930 1921 2205
10290 4 2 0 1 368 674 364 2101
10291 4 2 0 1 1154 1150 1406 2083
10292 4 2 0 1 729 2174 1791 2187
10293 4 2 0 1 490 480 484 2155
10294 4 2 0 1 765 327 762 1765
10295 4 2 0 1 735 578 338 2065
10296 4 2 0 1 1695 1959 1761 2177
10297 4 2 0 1 491 697 532 2218
10298 4 2 0 1 677 703 721 1855
10299 4 2 0 1 165 1043 1053 2120
10300 4 2 0 1 808 698 699 2029
10301 4 2 0 1 183 891 887 2219
10302 4 2 0 1 1320 1290 1319 2018
10303 4 2 0 1 1437 1263 1409 1968
10304 4 2 0 1 550 610 608 2009
10305 4 2 0 1 180 856 1050 2088
10306 4 2 0 1 1040 781 941 1985
10307 4 2 0 1 609 687 489 2067
10308 4 2 0 1 998 956 1039 1938
10309 4 2 0 1 1321 1325 1281 1947
10310 4 2 0 1 417 415 413 2004
10311 4 2 0 1 1634 2095 2197 2200
10312 4 2 0 1 974 1029 931 2165
10313 4 2 0 1 1507 162 4 1052
10314 4 2 0 1 308 160 2 763
10315 4 2 0 1 580 344 341 2085
10316 4 2 0 1 544 717 714 1940
10317 4 2 0 1 536 521 495 1976
10318 4 2 0 1 400 653 401 1971
10319 4 2 0 1 466 477 465 1975
10320 4 2 0 1 856 180 824 2088
10321 4 2 0 1 1172 1212 1254 2220
10322 4 2 0 1 792 610 756 2099
10323 4 2 0 1 1860 1978 1691 2165
10324 4 2 0 1 594 580 340 1993
10325 4 2 0 1 953 136 775 2112
10326 4 2 0 1 1154 1207 1156 1973
10327 4 2 0 1 733 672 731 1974
10328 4 2 0 1 1126 1130 1131 1972
10329 4 2 0 1 147 767 927 2096
10330 4 2 0 1 505 625 624 1939
10331 4 2 0 1 561 600 791 1930
10332 4 2 0 1 923 308 86 758
10333 4 2 0 1 313 619 769 1926
10334 4 2 0 1 707 520 541 2051
10335 4 2 0 1 609 610 792 2009
10336 4 2 0 1 306 101 837 2075
10337 4 2 0 1 469 427 702 1867
10338 4 2 0 1 1447 1213 1421 1834
10339 4 2 0 1 1507 1052 1529 1881
10340 4 2 0 1 424 438 425 2207
10341 4 2 0 1 1285 1450 1230 2030
10342 4 2 0 1 685 459 676 2146
10343 4 2 0 1 1080 1078 1079 2000
10344 4 2 0 1 667 358 402 2107
10345 4 2 0 1 1059 1496 185 1952
10346 4 2 0 1 992 1026 935 2130
10347 4 2 0 1 968 1016 969 2049
10348 4 2 0 1 842 1426 2054 2123
10349 4 2 0 1 924 166 1502 879
10350 4 2 0 1 1074 1539 1319 2162
10351 4 2 0 1 835 874 898 2042
10352 4 2 0 1 1167 1166 1367 2072
10353 4 2 0 1 636 635 640 1925
10354 4 2 0 1 562 558 802 2086
10355 4 2 0 1 1232 1231 1462 2210
10356 4 2 0 1 712 490 539 2118
10357 4 2 0 1 1451 1264 1448 2074
10358 4 2 0 1 810 848 914 2099
10359 4 2 0 1 1464 1290 1320 2018
10360 4 2 0 1 521 461 495 1976
10361 4 2 0 1 630 501 462 2040
10362 4 2 0 1 791 794 752 1854
10363 4 2 0 1 606 311 805 1882
10364 4 2 0 1 1040 309 781 1985
10365 4 2 0 1 1701 2019 1869 2125
10366 4 2 0 1 1234 1228 1224 2157
10367 4 2 0 1 147 976 301 2096
10368 4 2 0 1 600 601 602 2213
10369 4 2 0 1 1427 1123 1122 2214
10370 4 2 0 1 147 927 976 2096
10371 4 2 0 1 125 962 325 778
10372 4 2 0 1 1501 1070 1430 1893
10373 4 2 0 1 726 500 452 2008
10374 4 2 0 1 432 454 672 2098
10375 4 2 0 1 363 362 360 2212
10376 4 2 0 1 1549 1317 1514 2042
10377 4 2 0 1 572 554 578 1851
10378 4 2 0 1 593 344 580 2085
10379 4 2 0 1 183 1065 1532 2219
10380 4 2 0 1 767 147 301 2096
10381 4 2 0 1 1363 1542 1813 2139
10382 4 2 0 1 514 404 662 2187
10383 4 2 0 1 1719 2073 1844 2182
10384 4 2 0 1 141 318 754 2081
10385 4 2 0 1 1512 1075 1306 2071
10386 4 2 0 1 522 487 523 2055
10387 4 2 0 1 417 413 696 2004
10388 4 2 0 1 1306 1546 1302 1956
10389 4 2 0 1 829 900 858 2090
10390 4 2 0 1 1455 1211 1345 2043
10391 4 2 0 1 1505 824 180 2088
10392 4 2 0 1 1226 1242 1471 2089
10393 4 2 0 1 686 326 757 1886
10394 4 2 0 1 947 1401 219 2151
10395 4 2 0 1 1691 1764 2036 2165
10396 4 2 0 1 1001 1038 1000 1898
10397 4 2 0 1 998 951 204 1069
10398 4 2 0 1 1700 1764 1999 2196
10399 4 2 0 1 744 2075 2019 2125
10400 4 2 0 1 525 511 551 2111
10401 4 2 0 1 205 951 1522 1069
10402 4 2 0 1 932 970 226 2147
10403 4 2 0 1 2019 2075 1869 2125
10404 4 2 0 1 494 450 443 2064
10405 4 2 0 1 915 850 851 2189
10406 4 2 0 1 746 531 682 1829
10407 4 2 0 1 1490 1275 1370 1931
10408 4 2 0 1 101 853 837 2075
10409 4 2 0 1 1328 1474 1326 2109
10410 4 2 0 1 850 105 315 2189
10411 4 2 0 1 1242 1338 1471 2089
10412 4 2 0 1 1505 179 824 2071
10413 4 2 0 1 769 755 313 1926
10414 4 2 0 1 314 754 742 2006
10415 4 2 0 1 1552 1053 1482 2120
10416 4 2 0 1 699 700 738 2033
10417 4 2 0 1 1999 2059 1700 2221
10418 4 2 0 1 977 1025 953 2159
10419 4 2 0 1 2080 2158 1688 2220
10420 4 2 0 1 773 97 890 2217
10421 4 2 0 1 854 102 788 2125
10422 4 2 0 1 843 884 880 1934
10423 4 2 0 1 179 870 824 2071
10424 4 2 0 1 749 315 719 1739
10425 4 2 0 1 1084 1338 1325 2188
10426 4 2 0 1 1510 1314 1309 1999
10427 4 2 0 1 356 709 705 2078
10428 4 2 0 1 932 226 1495 2147
10429 4 2 0 1 445 632 385 2202
10430 4 2 0 1 525 551 743 2111
10431 4 2 0 1 1523 975 219 2151
10432 4 2 0 1 764 782 679 2057
10433 4 2 0 1 752 315 105 2189
10434 4 2 0 1 1691 2036 1764 2196
10435 4 2 0 1 720 576 546 1875
10436 4 2 0 1 1045 226 970 2147
10437 4 2 0 1 1486 1270 1402 2115
10438 4 2 0 1 717 409 713 2141
10439 4 2 0 1 549 575 741 1959
10440 4 2 0 1 1305 1535 1344 1921
10441 4 2 0 1 1326 1090 1087 1942
10442 4 2 0 1 953 987 136 2112
10443 4 2 0 1 683 378 379 1866
10444 4 2 0 1 701 564 530 2087
10445 4 2 0 1 527 765 557 2027
10446 4 2 0 1 1250 1438 1306 1956
10447 4 2 0 1 449 684 447 2053
10448 4 2 0 1 1082 1322 1479 2208
10449 4 2 0 1 1137 1404 1178 2050
10450 4 2 0 1 1047 1527 1524 2178
10451 4 2 0 1 764 763 1041 2057
10452 4 2 0 1 183 887 1065 2219
10453 4 2 0 1 564 569 563 2145
10454 4 2 0 1 1047 1543 1490 2178
10455 4 2 0 1 1301 1271 1272 2129
10456 4 2 0 1 121 747 882 2110
10457 4 2 0 1 166 1502 1052 924
10458 4 2 0 1 1422 2010 1421 2211
10459 4 2 0 1 691 603 690 1943
10460 4 2 0 1 163 309 3 1040
10461 4 2 0 1 121 327 747 2110
10462 4 2 0 1 956 165 164 2120
10463 4 2 0 1 534 547 535 2092
10464 4 2 0 1 827 887 919 2069
10465 4 2 0 1 1190 1174 1138 1935
10466 4 2 0 1 977 1024 1025 2159
10467 4 2 0 1 457 456 427 2017
10468 4 2 0 1 1182 1168 1169 1883
10469 4 2 0 1 2 160 308 923
10470 4 2 0 1 942 764 2057 2209
10471 4 2 0 1 1210 1208 1209 2122
10472 4 2 0 1 1407 1381 1225 1888
10473 4 2 0 1 1015 969 1016 2049
10474 4 2 0 1 682 799 746 1829
10475 4 2 0 1 998 1039 999 1938
10476 4 2 0 1 677 675 469 2102
10477 4 2 0 1 1079 1082 1081 1873
10478 4 2 0 1 158 326 764 2209
10479 4 2 0 1 1131 1140 1141 2183
10480 4 2 0 1 555 783 780 1989
10481 4 2 0 1 1436 1390 1257 2005
10482 4 2 0 1 666 629 434 2121
10483 4 2 0 1 743 738 700 2033
10484 4 2 0 1 746 626 531 2016
10485 4 2 0 1 1535 1496 1538 2069
10486 4 2 0 1 744 558 559 2019
10487 4 2 0 1 744 2019 566 2125
10488 4 2 0 1 180 1050 1505 2088
10489 4 2 0 1 1372 1427 1374 2011
10490 4 2 0 1 659 488 475 1970
10491 4 2 0 1 158 961 326 2209
10492 4 2 0 1 507 624 560 1880
10493 4 2 0 1 676 1967 680 2146
10494 4 2 0 1 1255 1295 2080 2158
10495 4 2 0 1 1791 2174 1650 2187
10496 4 2 0 1 2003 2112 1758 2159
10497 4 2 0 1 954 1036 1008 2177
10498 4 2 0 1 328 573 770 2185
10499 4 2 0 1 775 136 760 2112
10500 4 2 0 1 854 853 102 2125
10501 4 2 0 1 941 1039 996 1985
10502 4 2 0 1 450 494 697 2218
10503 4 2 0 1 353 709 356 2078
10504 4 2 0 1 1213 1446 1171 2039
10505 4 2 0 1 574 314 742 2006
10506 4 2 0 1 312 777 565 2059
10507 4 2 0 1 1393 1187 1238 2073
10508 4 2 0 1 1382 1516 1383 2061
10509 4 2 0 1 1185 1159 1392 2192
10510 4 2 0 1 1043 5 165 1053
10511 4 2 0 1 1052 162 4 924
10512 4 2 0 1 1149 1147 1148 2153
10513 4 2 0 1 583 730 582 2154
10514 4 2 0 1 1914 1989 1605 2191
10515 4 2 0 1 645 390 642 1948
10516 4 2 0 1 689 617 695 1949
10517 4 2 0 1 1351 1512 1349 2025
10518 4 2 0 1 1265 1447 1296 2060
10519 4 2 0 1 763 159 764 1041
10520 4 2 0 1 1208 1288 1440 1963
10521 4 2 0 1 349 595 352 2014
10522 4 2 0 1 1460 1228 1282 2028
10523 4 2 0 1 383 376 375 2216
10524 4 2 0 1 701 429 660 1889
10525 4 2 0 1 1445 1404 1173 1890
10526 4 2 0 1 1420 1422 1419 2211
10527 4 2 0 1 488 720 718 2127
10528 4 2 0 1 1443 1482 1444 2182
10529 4 2 0 1 1146 1411 1258 1958
10530 4 2 0 1 1434 1143 1364 2035
10531 4 2 0 1 701 622 564 2087
10532 4 2 0 1 925 1491 202 828
10533 4 2 0 1 1505 2071 824 2088
10534 4 2 0 1 1537 1509 1071 1984
10535 4 2 0 1 1291 1278 1279 1932
10536 4 2 0 1 1126 1124 1125 1897
10537 4 2 0 1 647 394 446 1944
10538 4 2 0 1 407 661 409 1896
10539 4 2 0 1 1127 1164 1165 2184
10540 4 2 0 1 1543 2054 1490 2178
10541 4 2 0 1 384 383 420 1899
10542 4 2 0 1 1114 1113 1117 1900
10543 4 2 0 1 397 400 398 1901
10544 4 2 0 1 1390 1396 1448 1902
10545 4 2 0 1 1149 1452 1229 1903
10546 4 2 0 1 1437 1184 1415 1904
10547 4 2 0 1 644 360 669 1905
10548 4 2 0 1 516 517 515 1907
10549 4 2 0 1 709 352 598 1906
10550 4 2 0 1 1158 1156 1476 1908
10551 4 2 0 1 733 588 590 1909
10552 4 2 0 1 1187 1188 1194 1910
10553 4 2 0 1 597 725 726 1911
10554 4 2 0 1 651 730 734 1912
10555 4 2 0 1 1106 1103 1371 2171
10556 4 2 0 1 374 378 373 2169
10557 4 2 0 1 364 363 365 2170
10558 4 2 0 1 1103 1104 1101 2172
10559 4 2 0 1 347 350 585 2173
10560 4 2 0 1 673 669 705 2144
10561 4 2 0 1 188 1068 833 2163
10562 4 2 0 1 704 445 647 2148
10563 4 2 0 1 518 715 716 1915
10564 4 2 0 1 1176 1198 1188 2048
10565 4 2 0 1 1980 2087 1742 2145
10566 4 2 0 1 1182 1470 1199 2168
10567 4 2 0 1 864 1542 192 2139
10568 4 2 0 1 712 533 490 2118
10569 4 2 0 1 429 643 430 2179
10570 4 2 0 1 1096 1093 1095 2143
10571 4 2 0 1 768 331 607 1796
10572 4 2 0 1 1447 1465 1296 2060
10573 4 2 0 1 649 431 468 1913
10574 4 2 0 1 608 610 609 2009
10575 4 2 0 1 473 474 449 1918
10576 4 2 0 1 1218 1217 1193 1919
10577 4 2 0 1 654 526 658 2215
10578 4 2 0 1 1263 1110 1114 2135
10579 4 2 0 1 1337 1088 1335 1961
10580 4 2 0 1 1045 1495 226 2147
10581 4 2 0 1 1493 1068 1463 2034
10582 4 2 0 1 846 894 895 1914
10583 4 2 0 1 1343 1305 1344 1921
10584 4 2 0 1 1805 1700 2059 2221
10585 4 2 0 1 1701 1762 2019 2205
10586 4 2 0 1 987 760 136 2112
10587 4 2 0 1 1277 1224 1377 2002
10588 4 2 0 1 1502 1067 1465 1929
10589 4 2 0 1 777 312 759 1805
10590 4 2 0 1 864 192 877 2139
10591 4 2 0 1 331 803 607 1796
10592 4 2 0 1 433 437 395 2161
10593 4 2 0 1 654 655 493 2031
10594 4 2 0 1 1355 1358 1046 2100
10595 4 2 0 1 891 855 887 2219
10596 4 2 0 1 599 600 561 1930
10597 4 2 0 1 946 979 1019 2221
10598 4 2 0 1 724 653 515 2128
10599 4 2 0 1 1550 1313 1495 2147
10600 4 2 0 1 1091 1090 1329 2134
10601 4 2 0 1 396 433 395 2166
10602 4 2 0 1 498 524 483 1922
10603 4 2 0 1 1242 1227 1268 1923
10604 4 2 0 1 1186 1209 1208 2122
10605 4 2 0 1 1522 963 206 2160
10606 4 2 0 1 1060 1362 1494 1816
10607 4 2 0 1 592 591 725 2119
10608 4 2 0 1 1401 2151 947 2176
10609 4 2 0 1 423 425 467 1953
10610 4 2 0 1 393 389 388 2156
10611 4 2 0 1 315 752 794 2189
10612 4 2 0 1 924 162 838 1881
10613 4 2 0 1 322 571 567 1998
10614 4 2 0 1 881 839 164 1885
10615 4 2 0 1 1430 1283 1456 2026
10616 4 2 0 1 833 888 188 2163
10617 4 2 0 1 1253 1260 1415 2150
10618 4 2 0 1 713 706 522 1992
10619 4 2 0 1 545 718 720 2127
10620 4 2 0 1 376 385 632 2202
10621 4 2 0 1 997 1038 942 2057
10622 4 2 0 1 1099 1097 1098 1983
10623 4 2 0 1 1423 1420 1424 2103
10624 4 2 0 1 1093 1092 1091 2041
10625 4 2 0 1 507 558 506 2086
10626 4 2 0 1 351 354 728 1988
10627 4 2 0 1 122 747 926 882
10628 4 2 0 1 615 377 631 2094
10629 4 2 0 1 616 631 634 2095
10630 4 2 0 1 375 372 371 2137
10631 4 2 0 1 1092 1336 1335 2140
10632 4 2 0 1 345 346 343 1990
10633 4 2 0 1 401 422 398 2164
10634 4 2 0 1 820 904 863 1955
10635 4 2 0 1 1161 1440 1157 2044
10636 4 2 0 1 1398 1217 1237 2124
10637 4 2 0 1 188 888 1500 2163
10638 4 2 0 1 450 444 443 2064
10639 4 2 0 1 1179 1165 1164 2184
10640 4 2 0 1 491 532 527 1849
10641 4 2 0 1 306 790 101 2075
10642 4 2 0 1 528 527 557 2027
10643 4 2 0 1 408 710 411 2007
10644 4 2 0 1 239 1042 1507 1508
10645 4 2 0 1 1401 947 220 2176
10646 4 2 0 1 884 815 894 2191
10647 4 2 0 1 306 802 744 2075
10648 4 2 0 1 1369 1177 1249 1997
10649 4 2 0 1 737 613 637 1927
10650 4 2 0 1 1384 1293 1379 2032
10651 4 2 0 1 369 1780 2197 2200
10652 4 2 0 1 947 975 1022 2151
10653 4 2 0 1 1497 5 165 925
10654 4 2 0 1 683 628 630 2022
10655 4 2 0 1 1523 219 1401 2151
10656 4 2 0 1 717 713 523 2141
10657 4 2 0 1 559 566 744 2019
10658 4 2 0 1 1348 1349 1215 2077
10659 4 2 0 1 967 1019 948 2059
10660 4 2 0 1 853 101 790 2075
10661 4 2 0 1 1780 1634 2197 2200
10662 4 2 0 1 220 947 978 2176
10663 4 2 0 1 621 622 568 1980
10664 4 2 0 1 404 406 662 2013
10665 4 2 0 1 1065 887 2069 2219
10666 4 2 0 1 1184 1409 1124 2093
10667 4 2 0 1 372 375 376 2137
10668 4 2 0 1 1363 1300 1060 2139
10669 4 2 0 1 1094 1095 1093 2143
10670 4 2 0 1 1431 1455 1345 2043
10671 4 2 0 1 1349 1438 1215 2077
10672 4 2 0 1 179 1075 870 2071
10673 4 2 0 1 824 911 856 2088
10674 4 2 0 1 1065 2069 1535 2219
10675 4 2 0 1 367 631 371 2052
10676 4 2 0 1 1121 1115 1119 2131
10677 4 2 0 1 1360 1359 1252 2132
10678 4 2 0 1 188 1500 1068 2163
10679 4 2 0 1 1419 1422 1421 2211
10680 4 2 0 1 615 508 518 2149
10681 4 2 0 1 1236 1271 1235 2024
10682 4 2 0 1 1497 1491 202 925
10683 4 2 0 1 1483 1422 1529 2010
10684 4 2 0 1 1764 2036 1999 2196
10685 4 2 0 1 1448 1264 1391 2074
10686 4 2 0 1 1481 1381 1357 2063
10687 4 2 0 1 220 978 1062 2176
10688 4 2 0 1 787 310 741 2070
10689 4 2 0 1 1267 1462 1231 2136
10690 4 2 0 1 790 788 102 2125
10691 4 2 0 1 1520 1277 1515 2190
10692 4 2 0 1 1489 1356 1046 2100
10693 4 2 0 1 571 301 806 2096
10694 4 2 0 1 1008 991 1035 2070
10695 4 2 0 1 1458 1462 1267 2136
10696 4 2 0 1 606 607 773 2217
10697 4 2 0 1 1216 1270 1220 1977
10698 4 2 0 1 1959 2070 1761 2177
10699 4 2 0 1 753 163 3 926
10700 4 2 0 1 685 676 680 2146
10701 4 2 0 1 790 2075 744 2125
10702 4 2 0 1 776 748 771 1978
10703 4 2 0 1 929 981 1017 2081
10704 4 2 0 1 783 555 536 1989
10705 4 2 0 1 1398 1216 1217 2124
10706 4 2 0 1 1121 1375 1115 2131
10707 4 2 0 1 1360 1375 1359 2132
10708 4 2 0 1 638 329 737 2046
10709 4 2 0 1 789 618 750 1957
10710 4 2 0 1 656 493 655 2031
10711 4 2 0 1 791 752 321 1854
10712 4 2 0 1 1040 123 941 781
10713 4 2 0 1 963 965 206 2160
10714 4 2 0 1 1074 993 215 2162
10715 4 2 0 1 609 792 719 2067
10716 4 2 0 1 1356 1357 1256 1969
10717 4 2 0 1 670 509 397 2076
10718 4 2 0 1 892 827 915 1952
10719 4 2 0 1 790 102 853 2125
10720 4 2 0 1 711 489 687 2066
10721 4 2 0 1 879 924 838 2181
10722 4 2 0 1 1319 1290 1293 2222
10723 4 2 0 1 436 484 480 2155
10724 4 2 0 1 1255 1269 1295 2158
10725 4 2 0 1 1522 1358 1295 2160
10726 4 2 0 1 1460 1361 1439 2113
10727 4 2 0 1 698 697 699 2029
10728 4 2 0 1 1351 1547 1075 2025
10729 4 2 0 1 573 805 770 2185
10730 4 2 0 1 942 1001 961 2209
10731 4 2 0 1 1317 1072 1514 2042
10732 4 2 0 1 1838 2206 1135 2214
10733 4 2 0 1 179 1505 1075 2071
10734 4 2 0 1 757 801 686 1886
10735 4 2 0 1 1501 1430 1545 1893
10736 4 2 0 1 1424 1429 1283 1941
10737 4 2 0 1 1300 1321 1281 1947
10738 4 2 0 1 1237 1400 1399 1951
10739 4 2 0 1 1552 1497 1053 2120
10740 4 2 0 1 398 422 625 2164
10741 4 2 0 1 1355 1255 1295 2080
10742 4 2 0 1 1027 970 932 2147
10743 4 2 0 1 738 309 808 1985
10744 4 2 0 1 1426 842 173 2123
10745 4 2 0 1 993 938 215 2162
10746 4 2 0 1 1274 1273 1307 1920
10747 4 2 0 1 1228 1180 1224 2157
10748 4 2 0 1 1275 1490 1426 2054
10749 4 2 0 1 506 694 470 1936
10750 4 2 0 1 445 389 647 2148
10751 4 2 0 1 747 753 122 926
10752 4 2 0 1 518 508 458 2149
10753 4 2 0 1 552 721 703 1855
10754 4 2 0 1 763 160 2 1041
10755 4 2 0 1 742 658 526 2215
10756 4 2 0 1 1510 1309 1544 1999
10757 4 2 0 1 1065 1535 1310 2219
10758 4 2 0 1 540 603 604 2175
10759 4 2 0 1 667 355 358 2107
10760 4 2 0 1 1538 1496 1059 1952
10761 4 2 0 1 723 722 740 2003
10762 4 2 0 1 303 783 746 2152
10763 4 2 0 1 750 300 789 1957
10764 4 2 0 1 436 421 695 2045
10765 4 2 0 1 309 123 1040 781
10766 4 2 0 1 831 868 896 2023
10767 4 2 0 1 945 983 1029 2036
10768 4 2 0 1 1062 1399 1401 2176
10769 4 2 0 1 307 774 796 1955
10770 4 2 0 1 1043 998 203 1525
10771 4 2 0 1 303 780 783 2152
10772 4 2 0 1 173 874 1072 2123
10773 4 2 0 1 1630 2206 1838 2214
10774 4 2 0 1 842 874 173 2123
10775 4 2 0 1 676 679 680 1967
10776 4 2 0 1 921 880 879 2181
10777 4 2 0 1 1380 1383 1384 2116
10778 4 2 0 1 567 571 568 1998
10779 4 2 0 1 1236 1243 1480 2114
10780 4 2 0 1 687 2066 2067 2213
10781 4 2 0 1 860 890 920 2217
10782 4 2 0 1 916 853 854 2125
10783 4 2 0 1 497 478 633 1982
10784 4 2 0 1 1301 1272 1316 2129
10785 4 2 0 1 621 806 569 2145
10786 4 2 0 1 319 804 574 2130
10787 4 2 0 1 1389 1134 1117 2126
10788 4 2 0 1 1521 1503 1056 1996
10789 4 2 0 1 1042 162 4 1507
10790 4 2 0 1 547 534 777 2092
10791 4 2 0 1 1037 966 1004 2021
10792 4 2 0 1 215 938 1504 2162
10793 4 2 0 1 564 621 569 2145
10794 4 2 0 1 1047 1490 1527 2178
10795 4 2 0 1 729 463 590 2174
10796 4 2 0 1 965 1358 206 2160
10797 4 2 0 1 882 883 816 2110
10798 4 2 0 1 1270 1398 1402 2115
10799 4 2 0 1 1064 1314 1510 2036
10800 4 2 0 1 790 853 2075 2125
10801 4 2 0 1 553 604 606 1966
10802 4 2 0 1 1521 1530 1503 1996
10803 4 2 0 1 954 1014 1036 2177
10804 4 2 0 1 754 318 658 2081
10805 4 2 0 1 679 782 680 1967
10806 4 2 0 1 976 927 1012 2096
10807 4 2 0 1 1075 1505 1306 2071
10808 4 2 0 1 394 389 393 2156
10809 4 2 0 1 800 312 565 2059
10810 4 2 0 1 1062 1401 220 2176
10811 4 2 0 1 1030 1029 974 2165
10812 4 2 0 1 1522 206 1358 2160
10813 4 2 0 1 763 764 679 2057
10814 4 2 0 1 537 577 556 1865
10815 4 2 0 1 1443 1444 1238 2182
10816 4 2 0 1 1483 1421 1422 2010
10817 4 2 0 1 937 1005 1002 2058
10818 4 2 0 1 942 1041 997 2057
10819 4 2 0 1 1526 1423 1424 2103
10820 4 2 0 1 953 1020 987 2112
10821 4 2 0 1 1487 1295 1269 2158
10822 4 2 0 1 506 558 562 2086
10823 4 2 0 1 941 996 1040 1985
10824 4 2 0 1 995 940 1021 2061
10825 4 2 0 1 1350 1549 1055 1946
10826 4 2 0 1 121 120 327 816
10827 4 2 0 1 870 908 824 2071
10828 4 2 0 1 395 437 691 2161
10829 4 2 0 1 115 317 116 866
10830 4 2 0 1 830 196 195 1061
10831 4 2 0 1 1071 200 201 844
10832 4 2 0 1 744 566 790 2125
10833 4 2 0 1 1525 203 1043 1053
10834 4 2 0 1 905 837 853 2075
10835 4 2 0 1 1275 1240 1370 1931
10836 4 2 0 1 723 760 795 2112
10837 4 2 0 1 1013 959 1027 2037
10838 4 2 0 1 1506 1553 1051 2023
10839 4 2 0 1 151 150 312 948
10840 4 2 0 1 231 230 979 1056
10841 4 2 0 1 1470 1341 1199 2168
10842 4 2 0 1 114 115 813 755
10843 4 2 0 1 858 195 194 1499
10844 4 2 0 1 374 373 370 2169
10845 4 2 0 1 365 363 366 2170
10846 4 2 0 1 1413 1101 1104 2172
10847 4 2 0 1 1371 1418 1106 2171
10848 4 2 0 1 585 346 347 2173
10849 4 2 0 1 359 360 362 2212
10850 4 2 0 1 332 117 116 811
10851 4 2 0 1 1076 196 197 857
10852 4 2 0 1 453 483 608 2180
10853 4 2 0 1 192 1060 877 2139
10854 4 2 0 1 375 689 383 2216
10855 4 2 0 1 764 159 158 942
10856 4 2 0 1 1014 938 993 2162
10857 4 2 0 1 479 497 534 2056
10858 4 2 0 1 198 199 1051 868
10859 4 2 0 1 307 119 118 820
10860 4 2 0 1 1518 197 198 834
10861 4 2 0 1 774 118 117 863
10862 4 2 0 1 1074 215 1504 2162
10863 4 2 0 1 130 129 329 984
10864 4 2 0 1 1074 214 215 993
10865 4 2 0 1 134 135 954 330
10866 4 2 0 1 1250 1306 1302 1956
10867 4 2 0 1 842 910 874 2123
10868 4 2 0 1 531 626 496 2016
10869 4 2 0 1 1067 1541 1465 1929
10870 4 2 0 1 1425 1426 1072 2123
10871 4 2 0 1 1072 1426 173 2123
10872 4 2 0 1 1383 1516 1551 2061
10873 4 2 0 1 861 94 95 770
10874 4 2 0 1 1514 174 175 835
10875 4 2 0 1 192 1542 1060 2139
10876 4 2 0 1 762 120 119 862
10877 4 2 0 1 1506 199 200 831
10878 4 2 0 1 1101 1100 1099 2186
10879 4 2 0 1 973 235 234 1492
10880 4 2 0 1 748 155 154 928
10881 4 2 0 1 826 86 87 758
10882 4 2 0 1 943 222 221 1498
10883 4 2 0 1 754 142 141 981
10884 4 2 0 1 128 129 934 745
10885 4 2 0 1 227 226 970 1045
10886 4 2 0 1 301 147 146 976
10887 4 2 0 1 979 1018 1019 2221
10888 4 2 0 1 1141 1140 1142 2183
10889 4 2 0 1 833 914 888 2163
10890 4 2 0 1 947 1023 978 2176
10891 4 2 0 1 1055 175 176 876
10892 4 2 0 1 1067 167 168 832
10893 4 2 0 1 1293 1485 1319 2222
10894 4 2 0 1 729 514 662 2187
10895 4 2 0 1 311 96 95 821
10896 4 2 0 1 238 237 952 1070
10897 4 2 0 1 1062 220 221 978
10898 4 2 0 1 929 140 141 318
10899 4 2 0 1 756 109 108 810
10900 4 2 0 1 607 803 773 2217
10901 4 2 0 1 932 226 225 1495
10902 4 2 0 1 751 146 145 959
10903 4 2 0 1 108 107 324 871
10904 4 2 0 1 843 87 88 323
10905 4 2 0 1 483 550 608 2180
10906 4 2 0 1 1355 1256 1255 2080
10907 4 2 0 1 239 238 1000 1508
10908 4 2 0 1 326 158 157 961
10909 4 2 0 1 1523 218 219 975
10910 4 2 0 1 138 139 936 779
10911 4 2 0 1 92 93 823 682
10912 4 2 0 1 172 173 1426 842
10913 4 2 0 1 1400 1523 1401 2151
10914 4 2 0 1 437 470 471 2167
10915 4 2 0 1 529 530 563 2001
10916 4 2 0 1 1054 212 213 939
10917 4 2 0 1 236 235 944 1048
10918 4 2 0 1 1505 179 180 824
10919 4 2 0 1 875 99 100 761
10920 4 2 0 1 750 111 110 840
10921 4 2 0 1 113 313 114 852
10922 4 2 0 1 829 194 193 1057
10923 4 2 0 1 438 439 425 2207
10924 4 2 0 1 1512 1351 1075 2025
10925 4 2 0 1 306 101 100 837
10926 4 2 0 1 1050 180 181 856
10927 4 2 0 1 106 105 315 850
10928 4 2 0 1 342 341 343 2193
10929 4 2 0 1 304 156 155 989
10930 4 2 0 1 1007 209 208 1489
10931 4 2 0 1 1427 1122 1135 2214
10932 4 2 0 1 1536 1068 1500 2163
10933 4 2 0 1 229 228 971 1066
10934 4 2 0 1 149 148 322 969
10935 4 2 0 1 1320 1467 1466 2117
10936 4 2 0 1 166 167 1502 879
10937 4 2 0 1 406 407 408 2194
10938 4 2 0 1 201 202 1491 828
10939 4 2 0 1 1047 170 171 822
10940 4 2 0 1 303 91 90 841
10941 4 2 0 1 209 210 1073 1034
10942 4 2 0 1 963 206 205 1522
10943 4 2 0 1 988 223 222 1058
10944 4 2 0 1 143 142 314 982
10945 4 2 0 1 1323 1082 1479 2208
10946 4 2 0 1 864 877 912 2139
10947 4 2 0 1 320 154 153 974
10948 4 2 0 1 234 233 945 1064
10949 4 2 0 1 1005 965 963 2160
10950 4 2 0 1 173 174 1072 874
10951 4 2 0 1 93 94 872 328
10952 4 2 0 1 1163 1176 1175 2195
10953 4 2 0 1 145 144 319 992
10954 4 2 0 1 994 225 224 1063
10955 4 2 0 1 369 373 645 2197
10956 4 2 0 1 892 186 185 1059
10957 4 2 0 1 1469 1470 1244 2198
10958 4 2 0 1 1355 1046 1356 2100
10959 4 2 0 1 1462 1464 1232 2210
10960 4 2 0 1 503 620 690 2199
10961 4 2 0 1 237 236 964 1501
10962 4 2 0 1 850 915 849 2189
10963 4 2 0 1 365 369 634 2200
10964 4 2 0 1 1426 1490 1543 2054
10965 4 2 0 1 757 157 156 933
10966 4 2 0 1 414 412 413 2203
10967 4 2 0 1 1204 1135 1170 2206
10968 4 2 0 1 812 191 190 1494
10969 4 2 0 1 1500 188 189 888
10970 4 2 0 1 441 417 442 2204
10971 4 2 0 1 450 697 491 2218
10972 4 2 0 1 766 153 152 931
10973 4 2 0 1 983 233 232 1510
10974 4 2 0 1 738 781 309 1985
10975 4 2 0 1 152 151 800 967
10976 4 2 0 1 232 231 946 1544
10977 4 2 0 1 833 188 187 1068
10978 4 2 0 1 1456 1277 1520 2190
10979 4 2 0 1 139 140 980 657
10980 4 2 0 1 1401 219 220 947
10981 4 2 0 1 764 326 782 2209
10982 4 2 0 1 815 865 894 2191
10983 4 2 0 1 566 788 790 2125
10984 4 2 0 1 879 838 921 2181
10985 4 2 0 1 772 131 130 986
10986 4 2 0 1 814 103 104 321
10987 4 2 0 1 300 110 109 847
10988 4 2 0 1 1517 176 177 859
10989 4 2 0 1 747 122 121 882
10990 4 2 0 1 1050 1546 1505 2088
10991 4 2 0 1 752 105 104 849
10992 4 2 0 1 1254 1212 1255 2220
10993 4 2 0 1 571 767 301 2096
10994 4 2 0 1 132 310 133 1035
10995 4 2 0 1 178 179 1075 870
10996 4 2 0 1 937 125 126 778
10997 4 2 0 1 1535 1065 1496 2069
10998 4 2 0 1 965 207 206 1358
10999 4 2 0 1 107 106 749 818
11000 4 2 0 1 941 123 124 781
11001 4 2 0 1 602 601 687 2213
11002 4 2 0 1 217 218 1049 950
11003 4 2 0 1 138 137 305 977
11004 4 2 0 1 216 217 1519 972
11005 4 2 0 1 953 136 137 775
11006 4 2 0 1 165 956 1043 2120
11007 4 2 0 1 951 205 204 1069
11008 4 2 0 1 210 211 1516 940
11009 4 2 0 1 1310 1532 1065 2219
11010 4 2 0 1 949 208 207 1046
11011 4 2 0 1 747 327 793 2110
11012 4 2 0 1 790 306 744 2075
11013 4 2 0 1 1363 1060 1542 2139
11014 4 2 0 1 469 703 677 2102
11015 4 2 0 1 215 216 1504 938
11016 4 2 0 1 987 135 136 760
11017 4 2 0 1 124 125 962 325
11018 4 2 0 1 719 687 609 2067
11019 4 2 0 1 98 99 836 331
11020 4 2 0 1 890 96 97 773
11021 4 2 0 1 189 190 1044 913
11022 4 2 0 1 1065 183 184 887
11023 4 2 0 1 169 170 1524 846
11024 4 2 0 1 854 102 103 788
11025 4 2 0 1 827 185 184 1496
11026 4 2 0 1 89 90 865 780
11027 4 2 0 1 958 228 227 1511
11028 4 2 0 1 148 147 767 927
11029 4 2 0 1 302 128 127 1004
11030 4 2 0 1 168 169 1528 845
11031 4 2 0 1 1033 126 127 614
11032 4 2 0 1 815 88 89 784
11033 4 2 0 1 998 204 203 1525
11034 4 2 0 1 886 187 186 1493
11035 4 2 0 1 877 192 191 1060
11036 4 2 0 1 316 112 111 869
11037 4 2 0 1 1532 182 183 891
11038 4 2 0 1 775 760 723 2112
11039 4 2 0 1 308 86 2 923
11040 4 2 0 1 202 5 1497 925
11041 4 2 0 1 930 230 229 1503
11042 4 2 0 1 759 150 149 968
11043 4 2 0 1 1495 1045 1550 2147
11044 4 2 0 1 1547 177 178 825
11045 4 2 0 1 960 224 223 1548
11046 4 2 0 1 804 144 143 935
11047 4 2 0 1 4 166 1052 924
11048 4 2 0 1 1504 1539 1074 2162
11049 4 2 0 1 864 193 192 1542
11050 4 2 0 1 817 112 113 798
11051 4 2 0 1 753 3 122 926
11052 4 2 0 1 1531 213 214 990
11053 4 2 0 1 91 92 873 799
11054 4 2 0 1 171 172 1543 867
11055 4 2 0 1 1551 211 212 995
11056 4 2 0 1 309 123 3 1040
11057 4 2 0 1 807 132 131 955
11058 4 2 0 1 853 101 102 790
11059 4 2 0 1 181 182 1534 819
11060 4 2 0 1 920 97 98 803
11061 4 2 0 1 787 134 133 1008
11062 4 2 0 1 1043 203 5 1053
11063 4 2 0 1 763 2 159 1041
11064 4 2 0 1 1042 4 239 1507
11065 4 2 0 1 2056 478 497 1982
11066 4 2 0 1 2056 497 478 479
11067 4 2 0 1 2190 1893 1048 1545
11068 4 2 0 1 2190 1048 1893 1604
11069 4 2 0 1 1816 869 2139 1721
11070 4 2 0 1 1816 2139 869 903
11071 4 2 0 1 912 2139 869 1721
11072 4 2 0 1 912 869 2139 903
11073 4 2 0 1 1886 1978 989 304
11074 4 2 0 1 989 1978 1886 1604
11075 4 2 0 1 1962 1677 664 1744
11076 4 2 0 1 1962 664 1677 1814
11077 4 2 0 1 1947 1268 1683 1923
11078 4 2 0 1 1947 1683 1268 1300
11079 4 2 0 1 2110 532 765 793
11080 4 2 0 1 2110 765 532 1849
11081 4 2 0 1 2202 1899 376 384
11082 4 2 0 1 2202 376 1899 1714
11083 4 2 0 1 2023 834 904 1735
11084 4 2 0 1 2023 904 834 868
11085 4 2 0 1 1893 1898 1526 1685
11086 4 2 0 1 1526 1898 1893 1070
11087 4 2 0 1 1877 1159 2192 1160
11088 4 2 0 1 1877 2192 1159 1731
11089 4 2 0 1 1757 1855 2060 1605
11090 4 2 0 1 2060 1855 1757 1612
11091 4 2 0 1 2149 1624 456 2017
11092 4 2 0 1 2149 456 1624 1740
11093 4 2 0 1 2073 1212 1175 1803
11094 4 2 0 1 2073 1175 1212 1393
11095 4 2 0 1 357 1644 1769 356
11096 4 2 0 1 357 1769 1644 1987
11097 4 2 0 1 1986 1388 2135 1107
11098 4 2 0 1 1986 2135 1388 1638
11099 4 2 0 1 2182 2120 1442 1552
11100 4 2 0 1 2182 1442 2120 1603
11101 4 2 0 1 2051 661 706 541
11102 4 2 0 1 2051 706 661 1686
11103 4 2 0 1 2098 443 431 432
11104 4 2 0 1 2098 431 443 1645
11105 4 2 0 1 1454 2044 1155 1440
11106 4 2 0 1 1155 2044 1454 1824
11107 4 2 0 1 1985 164 163 1885
11108 4 2 0 1 1985 163 164 996
11109 4 2 0 1 2044 1156 1908 1646
11110 4 2 0 1 2044 1908 1156 1157
11111 4 2 0 1 339 2065 579 338
11112 4 2 0 1 579 2065 339 1664
11113 4 2 0 1 1955 862 896 1765
11114 4 2 0 1 1955 896 862 820
11115 4 2 0 1 2076 671 440 670
11116 4 2 0 1 2076 440 671 1749
11117 4 2 0 1 2076 387 382 1748
11118 4 2 0 1 2076 382 387 670
11119 4 2 0 1 1511 970 2147 1045
11120 4 2 0 1 1511 2147 970 958
11121 4 2 0 1 1771 1210 2142 1706
11122 4 2 0 1 1771 2142 1210 1289
11123 4 2 0 1 2048 1416 1475 1752
11124 4 2 0 1 2048 1475 1416 1198
11125 4 2 0 1 2110 532 698 1661
11126 4 2 0 1 2110 698 532 793
11127 4 2 0 1 1511 2147 1315 1045
11128 4 2 0 1 1315 2147 1511 1776
11129 4 2 0 1 966 2058 2160 1005
11130 4 2 0 1 2160 2058 966 1702
11131 4 2 0 1 1762 1310 1305 1701
11132 4 2 0 1 1762 1305 1310 1303
11133 4 2 0 1 2196 1278 1808 1241
11134 4 2 0 1 2196 1808 1278 1700
11135 4 2 0 1 2028 1283 1234 1282
11136 4 2 0 1 2028 1234 1283 2026
11137 4 2 0 1 2014 2119 1831 1652
11138 4 2 0 1 1831 2119 2014 595
11139 4 2 0 1 1967 686 1797 1685
11140 4 2 0 1 1967 1797 686 680
11141 4 2 0 1 2085 1990 2193 1657
11142 4 2 0 1 2085 2193 1990 344
11143 4 2 0 1 2063 2116 1888 1611
11144 4 2 0 1 1888 2116 2063 1381
11145 4 2 0 1 1822 1410 1667 1729
11146 4 2 0 1 1822 1667 1410 1432
11147 4 2 0 1 1279 1667 1410 1729
11148 4 2 0 1 1279 1410 1667 1432
11149 4 2 0 1 2124 1219 1919 1217
11150 4 2 0 1 2124 1919 1219 1680
11151 4 2 0 1 2033 494 649 1719
11152 4 2 0 1 2033 649 494 700
11153 4 2 0 1 325 2033 738 743
11154 4 2 0 1 738 2033 325 1985
11155 4 2 0 1 2086 505 1936 506
11156 4 2 0 1 2086 1936 505 1662
11157 4 2 0 1 1960 2153 1146 1105
11158 4 2 0 1 1146 2153 1960 1641
11159 4 2 0 1 1915 2146 2084 1668
11160 4 2 0 1 2084 2146 1915 715
11161 4 2 0 1 2102 1610 677 1768
11162 4 2 0 1 2102 677 1610 1855
11163 4 2 0 1 2201 1900 1389 1113
11164 4 2 0 1 2201 1389 1900 1634
11165 4 2 0 1 2051 706 486 541
11166 4 2 0 1 2051 486 706 1845
11167 4 2 0 1 2139 901 1721 912
11168 4 2 0 1 2139 1721 901 1813
11169 4 2 0 1 2092 567 786 547
11170 4 2 0 1 2092 786 567 1608
11171 4 2 0 1 1681 336 1926 1732
11172 4 2 0 1 334 336 1926 769
11173 4 2 0 1 334 1926 336 1732
11174 4 2 0 1 2211 1916 2039 1201
11175 4 2 0 1 2211 2039 1916 1614
11176 4 2 0 1 1875 795 2112 576
11177 4 2 0 1 1875 2112 795 1695
11178 4 2 0 1 2100 1481 2063 1693
11179 4 2 0 1 2100 2063 1481 1356
11180 4 2 0 1 2147 1365 1315 1550
11181 4 2 0 1 2147 1315 1365 1682
11182 4 2 0 1 1840 1885 2029 1661
11183 4 2 0 1 2029 1885 1840 1603
11184 4 2 0 1 1995 2149 1624 1740
11185 4 2 0 1 1624 2149 1995 1716
11186 4 2 0 1 595 2091 349 348
11187 4 2 0 1 349 2091 595 2014
11188 4 2 0 1 1212 2073 2220 1803
11189 4 2 0 1 1212 2220 2073 1844
11190 4 2 0 1 1688 2220 2073 1803
11191 4 2 0 1 1688 2073 2220 1844
11192 4 2 0 1 1809 1956 2086 1609
11193 4 2 0 1 2086 1956 1809 1615
11194 4 2 0 1 2190 1978 1892 1691
11195 4 2 0 1 2190 1892 1978 1604
11196 4 2 0 1 1298 1833 1674 1077
11197 4 2 0 1 1674 1833 1298 1735
11198 4 2 0 1 1674 1322 1298 1077
11199 4 2 0 1 1298 1322 1674 1735
11200 4 2 0 1 2075 2088 1869 905
11201 4 2 0 1 1869 2088 2075 1609
11202 4 2 0 1 1816 1044 1533 1494
11203 4 2 0 1 1816 1533 1044 1733
11204 4 2 0 1 2088 819 905 856
11205 4 2 0 1 2088 905 819 1869
11206 4 2 0 1 938 1519 1758 972
11207 4 2 0 1 938 1758 1519 1504
11208 4 2 0 1 1836 1307 1063 1318
11209 4 2 0 1 1836 1063 1307 1698
11210 4 2 0 1 2098 443 444 2064
11211 4 2 0 1 2098 444 443 432
11212 4 2 0 1 2096 2147 1776 1012
11213 4 2 0 1 1776 2147 2096 1682
11214 4 2 0 1 2193 1664 339 1799
11215 4 2 0 1 2193 339 1664 1878
11216 4 2 0 1 2099 789 2009 610
11217 4 2 0 1 2099 2009 789 1957
11218 4 2 0 1 417 2108 696 464
11219 4 2 0 1 696 2108 417 2004
11220 4 2 0 1 2173 583 1832 585
11221 4 2 0 1 2173 1832 583 2154
11222 4 2 0 1 932 1063 225 994
11223 4 2 0 1 225 1063 932 1495
11224 4 2 0 1 2181 1465 1610 1929
11225 4 2 0 1 2181 1610 1465 1483
11226 4 2 0 1 1852 1472 1651 1330
11227 4 2 0 1 1852 1651 1472 1736
11228 4 2 0 1 1333 1651 1472 1330
11229 4 2 0 1 1333 1472 1651 1736
11230 4 2 0 1 2018 2162 2117 1695
11231 4 2 0 1 2117 2162 2018 1539
11232 4 2 0 1 2008 725 726 500
11233 4 2 0 1 2008 726 725 1911
11234 4 2 0 1 2082 1647 1286 1747
11235 4 2 0 1 2082 1286 1647 1819
11236 4 2 0 1 2056 1932 1808 1700
11237 4 2 0 1 2056 1808 1932 1667
11238 4 2 0 1 1917 1385 1164 1822
11239 4 2 0 1 1917 1164 1385 1128
11240 4 2 0 1 2145 319 563 1698
11241 4 2 0 1 2145 563 319 569
11242 4 2 0 1 566 2205 559 561
11243 4 2 0 1 559 2205 566 2019
11244 4 2 0 1 2084 715 716 538
11245 4 2 0 1 2084 716 715 1915
11246 4 2 0 1 1649 1877 1477 1162
11247 4 2 0 1 1649 1477 1877 1752
11248 4 2 0 1 1416 1477 1877 1162
11249 4 2 0 1 1416 1877 1477 1752
11250 4 2 0 1 1878 582 2154 1754
11251 4 2 0 1 1878 2154 582 584
11252 4 2 0 1 2082 1453 1100 1747
11253 4 2 0 1 2082 1100 1453 1449
11254 4 2 0 1 2166 398 625 2164
11255 4 2 0 1 2166 625 398 396
11256 4 2 0 1 2185 1946 906 2042
11257 4 2 0 1 2185 906 1946 1882
11258 4 2 0 1 1862 2095 1948 1634
11259 4 2 0 1 1948 2095 1862 1740
11260 4 2 0 1 1861 2094 1949 1628
11261 4 2 0 1 1949 2094 1861 1741
11262 4 2 0 1 1702 966 2100 2021
11263 4 2 0 1 2100 966 1702 2160
11264 4 2 0 1 2207 452 2008 438
11265 4 2 0 1 2207 2008 452 1841
11266 4 2 0 1 2072 1142 1145 1166
11267 4 2 0 1 2072 1145 1142 1779
11268 4 2 0 1 2025 1981 1796 1615
11269 4 2 0 1 2025 1796 1981 1699
11270 4 2 0 1 691 1759 690 399
11271 4 2 0 1 691 690 1759 1943
11272 4 2 0 1 1548 994 1836 960
11273 4 2 0 1 1548 1836 994 1063
11274 4 2 0 1 798 869 1721 817
11275 4 2 0 1 798 1721 869 316
11276 4 2 0 1 1844 2111 2158 1688
11277 4 2 0 1 2158 2111 1844 1705
11278 4 2 0 1 1044 2163 1354 1500
11279 4 2 0 1 1354 2163 1044 1733
11280 4 2 0 1 2085 340 341 580
11281 4 2 0 1 2085 341 340 1799
11282 4 2 0 1 2222 1384 1696 2032
11283 4 2 0 1 2222 1696 1384 1485
11284 4 2 0 1 757 961 1886 326
11285 4 2 0 1 1886 961 757 933
11286 4 2 0 1 2065 337 335 338
11287 4 2 0 1 2065 335 337 1798
11288 4 2 0 1 878 1881 2181 838
11289 4 2 0 1 2181 1881 878 1843
11290 4 2 0 1 310 955 132 807
11291 4 2 0 1 132 955 310 1035
11292 4 2 0 1 1981 607 768 605
11293 4 2 0 1 1981 768 607 1796
11294 4 2 0 1 1643 2044 2122 1161
11295 4 2 0 1 1643 2122 2044 1963
11296 4 2 0 1 1208 2122 2044 1161
11297 4 2 0 1 1208 2044 2122 1963
11298 4 2 0 1 2110 893 1984 883
11299 4 2 0 1 2110 1984 893 1765
11300 4 2 0 1 1983 2143 1098 1736
11301 4 2 0 1 1983 1098 2143 1095
11302 4 2 0 1 1472 1098 2143 1736
11303 4 2 0 1 1472 2143 1098 1095
11304 4 2 0 1 1547 870 2025 825
11305 4 2 0 1 2025 870 1547 1075
11306 4 2 0 1 1531 993 1761 990
11307 4 2 0 1 1761 993 1531 1074
11308 4 2 0 1 2047 502 503 1802
11309 4 2 0 1 2047 503 502 504
11310 4 2 0 1 1511 971 1776 958
11311 4 2 0 1 1511 1776 971 1066
11312 4 2 0 1 969 767 2049 927
11313 4 2 0 1 969 2049 767 322
11314 4 2 0 1 2096 2049 767 927
11315 4 2 0 1 2096 767 2049 322
11316 4 2 0 1 2053 486 684 447
11317 4 2 0 1 2053 684 486 1845
11318 4 2 0 1 2142 1293 1379 1221
11319 4 2 0 1 2142 1379 1293 2032
11320 4 2 0 1 2118 2155 1718 1892
11321 4 2 0 1 1718 2155 2118 2084
11322 4 2 0 1 766 2165 570 320
11323 4 2 0 1 570 2165 766 1764
11324 4 2 0 1 2173 2134 1852 1655
11325 4 2 0 1 2173 1852 2134 1711
11326 4 2 0 1 2137 1894 1994 1714
11327 4 2 0 1 2137 1994 1894 1632
11328 4 2 0 1 1958 2107 1641 1727
11329 4 2 0 1 1641 2107 1958 1828
11330 4 2 0 1 799 841 2152 873
11331 4 2 0 1 799 2152 841 303
11332 4 2 0 1 2161 1868 2097 1627
11333 4 2 0 1 2161 2097 1868 1722
11334 4 2 0 1 2126 1386 1838 1862
11335 4 2 0 1 2126 1838 1386 1134
11336 4 2 0 1 2181 1052 1483 1502
11337 4 2 0 1 2181 1483 1052 1881
11338 4 2 0 1 751 2145 319 569
11339 4 2 0 1 319 2145 751 2037
11340 4 2 0 1 2093 1437 1184 1409
11341 4 2 0 1 2093 1184 1437 1904
11342 4 2 0 1 995 1054 212 1551
11343 4 2 0 1 995 212 1054 939
11344 4 2 0 1 993 2177 1761 1036
11345 4 2 0 1 1761 2177 993 2162
11346 4 2 0 1 2062 2101 2052 1709
11347 4 2 0 1 2052 2101 2062 1632
11348 4 2 0 1 2208 1480 1272 1479
11349 4 2 0 1 2208 1272 1480 1811
11350 4 2 0 1 2129 2208 1272 1479
11351 4 2 0 1 2129 1272 2208 1811
11352 4 2 0 1 1734 2208 2129 1479
11353 4 2 0 1 1734 2129 2208 1811
11354 4 2 0 1 2155 695 436 484
11355 4 2 0 1 2155 436 695 2045
11356 4 2 0 1 2111 778 614 551
11357 4 2 0 1 2111 614 778 2058
11358 4 2 0 1 2212 357 1905 1987
11359 4 2 0 1 2212 1905 357 360
11360 4 2 0 1 2152 90 865 841
11361 4 2 0 1 2152 865 90 780
11362 4 2 0 1 2213 719 687 602
11363 4 2 0 1 2213 687 719 2067
11364 4 2 0 1 2208 2065 1954 1664
11365 4 2 0 1 2208 1954 2065 1734
11366 4 2 0 1 336 1926 577 1681
11367 4 2 0 1 336 577 1926 769
11368 4 2 0 2 1556 1554 1557 1559
11369 4 2 0 2 1558 1557 1554 1559
11370 4 2 0 2 1556 1554 1559 1555
11371 4 2 0 2 1554 1558 1559 1555
11372 4 2 0 2 25 24 1554 1557
11373 4 2 0 2 26 27 1559 1555
11374 4 2 0 2 22 1555 1554 23
11375 4 2 0 2 1559 29 1557 28
11376 4 2 0 2 1558 29 1559 26
11377 4 2 0 2 1554 1556 24 23
11378 4 2 0 2 1556 1559 28 27
11379 4 2 0 2 1554 25 1558 22
11380 4 2 0 2 24 1556 1554 1557
11381 4 2 0 2 1559 1557 1556 28
11382 4 2 0 2 1554 25 1557 1558
11383 4 2 0 2 1554 1558 1555 22
11384 4 2 0 2 1556 1554 1555 23
11385 4 2 0 2 1557 1558 29 1559
11386 4 2 0 2 27 1556 1559 1555
11387 4 2 0 2 26 1559 1558 1555
11388 4 2 0 2 24 1556 1557 28
11389 4 2 0 2 25 1557 1558 29
11390 4 2 0 2 1555 27 1556 23
11391 4 2 0 2 1558 26 1555 22
11392 4 2 0 3 1564 1563 1560 1565
11393 4 2 0 3 1560 1564 1565 1561
11394 4 2 0 3 1565 1563 1560 1562
11395 4 2 0 3 1561 1565 1560 1562
11396 4 2 0 3 1561 1560 30 31
11397 4 2 0 3 34 35 1565 1561
11398 4 2 0 3 35 36 1565 1562
11399 4 2 0 3 1565 37 1563 36
11400 4 2 0 3 31 1560 32 1562
11401 4 2 0 3 1564 37 1565 34
11402 4 2 0 3 1560 32 1563 33
11403 4 2 0 3 1560 33 1564 30
11404 4 2 0 3 31 1561 1560 1562
11405 4 2 0 3 33 1563 1560 1564
11406 4 2 0 3 1563 32 1560 1562
11407 4 2 0 3 1561 35 1565 1562
11408 4 2 0 3 1563 1564 37 1565
11409 4 2 0 3 1564 1560 30 1561
11410 4 2 0 3 1563 1565 36 1562
11411 4 2 0 3 34 1565 1564 1561
11412 4 2 0 3 30 34 1564 1561
11413 4 2 0 3 35 1561 31 1562
11414 4 2 0 3 32 1563 36 1562
11415 4 2 0 3 1564 33 1563 37
11416 4 2 0 4 1567 1568 1571 1566
11417 4 2 0 4 1571 1569 1570 1566
11418 4 2 0 4 1569 1571 1568 1566
11419 4 2 0 4 1567 1571 1570 1566
11420 4 2 0 4 42 1571 45 1570
11421 4 2 0 4 44 1568 1571 43
11422 4 2 0 4 38 1570 41 1566
11423 4 2 0 4 42 43 1571 1567
11424 4 2 0 4 1566 1568 40 39
11425 4 2 0 4 40 41 1569 1566
11426 4 2 0 4 1571 45 1569 44
11427 4 2 0 4 1566 38 1567 39
11428 4 2 0 4 43 1568 1571 1567
11429 4 2 0 4 1568 1571 1569 44
11430 4 2 0 4 1570 42 1571 1567
11431 4 2 0 4 1566 1567 1568 39
11432 4 2 0 4 1569 45 1571 1570
11433 4 2 0 4 1570 1569 41 1566
11434 4 2 0 4 1568 40 1569 1566
11435 4 2 0 4 38 1567 1570 1566
11436 4 2 0 4 45 1569 41 1570
11437 4 2 0 4 1568 1569 40 44
11438 4 2 0 4 1567 43 1568 39
11439 4 2 0 4 1567 1570 42 38
11440 4 2 0 5 1573 1574 1577 1572
11441 4 2 0 5 1576 1577 1575 1572
11442 4 2 0 5 1574 1575 1577 1572
11443 4 2 0 5 1576 1573 1577 1572
11444 4 2 0 5 1574 52 51 1577
11445 4 2 0 5 47 48 1574 1572
11446 4 2 0 5 53 50 1577 1576
11447 4 2 0 5 46 1576 49 1572
11448 4 2 0 5 1577 50 51 1573
11449 4 2 0 5 1575 53 52 1577
11450 4 2 0 5 49 1575 48 1572
11451 4 2 0 5 1573 46 47 1572
11452 4 2 0 5 52 1574 1575 1577
11453 4 2 0 5 1575 49 1576 1572
11454 4 2 0 5 1575 1574 48 1572
11455 4 2 0 5 1573 1576 46 1572
11456 4 2 0 5 1577 51 1574 1573
11457 4 2 0 5 1577 1575 53 1576
11458 4 2 0 5 1573 1577 50 1576
11459 4 2 0 5 47 1574 1573 1572
11460 4 2 0 5 50 1573 1576 46
11461 4 2 0 5 48 1574 1575 52
11462 4 2 0 5 1575 49 53 1576
11463 4 2 0 5 1573 51 1574 47
11464 4 2 0 6 57 61 1581 1582
11465 4 2 0 6 58 1582 54 1579
11466 4 2 0 6 55 1580 59 1579
11467 4 2 0 6 56 1580 1581 60
11468 4 2 0 6 1582 1583 1580 1579
11469 4 2 0 6 1580 1581 1583 1582
11470 4 2 0 6 1582 1580 1578 1579
11471 4 2 0 6 1582 1580 1581 1578
11472 4 2 0 6 60 1580 1581 1583
11473 4 2 0 6 55 1578 1580 1579
11474 4 2 0 6 1580 56 1581 1578
11475 4 2 0 6 1582 1581 57 1578
11476 4 2 0 6 1582 58 1583 1579
11477 4 2 0 6 1583 1581 61 1582
11478 4 2 0 6 1583 59 1580 1579
11479 4 2 0 6 1578 54 1582 1579
11480 4 2 0 6 60 1581 61 1583
11481 4 2 0 6 58 1583 61 1582
11482 4 2 0 6 54 1582 57 1578
11483 4 2 0 6 1578 1580 56 55
11484 4 2 0 6 59 1583 58 1579
11485 4 2 0 6 54 1578 55 1579
11486 4 2 0 6 1580 60 59 1583
11487 4 2 0 6 1581 56 57 1578
11488 4 2 0 7 64 1587 68 1586
11489 4 2 0 7 65 1587 1588 69
11490 4 2 0 7 67 1586 1585 63
11491 4 2 0 7 1588 66 1585 62
11492 4 2 0 7 1588 1586 1584 1585
11493 4 2 0 7 1587 1588 1589 1586
11494 4 2 0 7 1586 1588 1584 1587
11495 4 2 0 7 1586 1588 1589 1585
11496 4 2 0 7 62 1585 1588 1584
11497 4 2 0 7 1588 1587 65 1584
11498 4 2 0 7 1587 1589 68 1586
11499 4 2 0 7 1587 1588 69 1589
11500 4 2 0 7 66 1589 1588 1585
11501 4 2 0 7 1586 64 1587 1584
11502 4 2 0 7 1586 1585 63 1584
11503 4 2 0 7 1589 67 1586 1585
11504 4 2 0 7 1589 69 1587 68
11505 4 2 0 7 67 68 1589 1586
11506 4 2 0 7 67 1589 66 1585
11507 4 2 0 7 62 1588 65 1584
11508 4 2 0 7 64 65 1587 1584
11509 4 2 0 7 64 1586 63 1584
11510 4 2 0 7 1588 69 1589 66
11511 4 2 0 7 1585 62 63 1584
11512 4 2 0 8 71 1591 75 1592
11513 4 2 0 8 72 1592 76 1593
11514 4 2 0 8 1591 74 1594 70
11515 4 2 0 8 1593 1594 77 73
11516 4 2 0 8 1594 1592 1591 1590
11517 4 2 0 8 1594 1595 1592 1593
11518 4 2 0 8 1591 1595 1592 1594
11519 4 2 0 8 1590 1594 1592 1593
11520 4 2 0 8 71 1591 1592 1590
11521 4 2 0 8 70 1594 1591 1590
11522 4 2 0 8 76 1592 1595 1593
11523 4 2 0 8 1592 72 1590 1593
11524 4 2 0 8 1594 77 1595 1593
11525 4 2 0 8 1595 75 1591 1592
11526 4 2 0 8 1595 1591 74 1594
11527 4 2 0 8 1593 1590 1594 73
11528 4 2 0 8 77 76 1595 1593
11529 4 2 0 8 1590 70 1594 73
11530 4 2 0 8 74 77 1595 1594
11531 4 2 0 8 72 1590 1593 73
11532 4 2 0 8 1592 72 71 1590
11533 4 2 0 8 1591 71 70 1590
11534 4 2 0 8 1591 75 1595 74
11535 4 2 0 8 1592 1595 75 76
11536 4 2 0 9 84 80 1598 1599
11537 4 2 0 9 85 1600 81 1599
11538 4 2 0 9 82 1600 1597 78
11539 4 2 0 9 1597 79 1598 83
11540 4 2 0 9 1598 1597 1601 1599
11541 4 2 0 9 1600 1601 1597 1599
11542 4 2 0 9 1598 1596 1597 1599
11543 4 2 0 9 1600 1597 1596 1599
11544 4 2 0 9 1600 85 1601 1599
11545 4 2 0 9 1598 1596 79 1597
11546 4 2 0 9 1598 1597 83 1601
11547 4 2 0 9 1598 80 1596 1599
11548 4 2 0 9 81 1600 1596 1599
11549 4 2 0 9 1601 84 1598 1599
11550 4 2 0 9 1597 1601 1600 82
11551 4 2 0 9 1596 1597 1600 78
11552 4 2 0 9 1596 80 1598 79
11553 4 2 0 9 84 1598 83 1601
11554 4 2 0 9 78 1600 1596 81
11555 4 2 0 9 1601 85 1600 82
11556 4 2 0 9 1596 79 1597 78
11557 4 2 0 9 84 1601 85 1599
11558 4 2 0 9 81 1596 80 1599
11559 4 2 0 9 1597 83 1601 82
$EndElements
