$MeshFormat
2.2 0 8
$EndMeshFormat
$PhysicalNames
5
2 1 "HallPlate"
2 2 "Contact_Left"
2 3 "Contact_Right"
2 4 "Contact_Bottom"
2 5 "Contact_Top"
$EndPhysicalNames
$Nodes
4438
1 -4 1 0
2 -4 -1 0
3 -1 -1 0
4 -1 -4 0
5 1 -4 0
6 1 -1 0
7 4 -1 0
8 4 1 0
9 1 1 0
10 1 4 0
11 -1 4 0
12 -1 1 0
13 -5 -1 0
14 -5 1 0
15 5 -1 0
16 5 1 0
17 -1 -5 0
18 1 -5 0
19 1 5 0
20 -1 5 0
21 -4 0.9047619047619045 0
22 -4 0.8095238095238091 0
23 -4 0.7142857142857136 0
24 -4 0.6190476190476182 0
25 -4 0.5238095238095227 0
26 -4 0.4285714285714273 0
27 -4 0.3333333333333317 0
28 -4 0.2380952380952363 0
29 -4 0.1428571428571409 0
30 -4 0.04761904761904545 0
31 -4 -0.04761904761905011 0
32 -4 -0.1428571428571455 0
33 -4 -0.238095238095241 0
34 -4 -0.3333333333333366 0
35 -4 -0.4285714285714319 0
36 -4 -0.5238095238095275 0
37 -4 -0.6190476190476222 0
38 -4 -0.7142857142857164 0
39 -4 -0.8095238095238111 0
40 -4 -0.9047619047619053 0
41 -3.903225806451613 -1 0
42 -3.806451612903226 -1 0
43 -3.709677419354838 -1 0
44 -3.612903225806451 -1 0
45 -3.516129032258063 -1 0
46 -3.419354838709676 -1 0
47 -3.322580645161289 -1 0
48 -3.225806451612901 -1 0
49 -3.129032258064514 -1 0
50 -3.032258064516127 -1 0
51 -2.93548387096774 -1 0
52 -2.838709677419353 -1 0
53 -2.741935483870966 -1 0
54 -2.645161290322579 -1 0
55 -2.548387096774192 -1 0
56 -2.451612903225805 -1 0
57 -2.354838709677418 -1 0
58 -2.258064516129031 -1 0
59 -2.161290322580644 -1 0
60 -2.064516129032257 -1 0
61 -1.96774193548387 -1 0
62 -1.870967741935483 -1 0
63 -1.774193548387096 -1 0
64 -1.677419354838709 -1 0
65 -1.580645161290322 -1 0
66 -1.483870967741935 -1 0
67 -1.387096774193548 -1 0
68 -1.290322580645161 -1 0
69 -1.193548387096774 -1 0
70 -1.096774193548387 -1 0
71 -1 -1.096774193548387 0
72 -1 -1.193548387096775 0
73 -1 -1.290322580645162 0
74 -1 -1.387096774193549 0
75 -1 -1.483870967741937 0
76 -1 -1.580645161290324 0
77 -1 -1.677419354838712 0
78 -1 -1.774193548387099 0
79 -1 -1.870967741935486 0
80 -1 -1.967741935483873 0
81 -1 -2.06451612903226 0
82 -1 -2.161290322580647 0
83 -1 -2.258064516129034 0
84 -1 -2.354838709677421 0
85 -1 -2.451612903225808 0
86 -1 -2.548387096774195 0
87 -1 -2.645161290322582 0
88 -1 -2.741935483870969 0
89 -1 -2.838709677419356 0
90 -1 -2.935483870967743 0
91 -1 -3.03225806451613 0
92 -1 -3.129032258064517 0
93 -1 -3.225806451612904 0
94 -1 -3.322580645161291 0
95 -1 -3.419354838709678 0
96 -1 -3.516129032258065 0
97 -1 -3.612903225806452 0
98 -1 -3.709677419354839 0
99 -1 -3.806451612903226 0
100 -1 -3.903225806451613 0
101 -0.9047619047619045 -4 0
102 -0.8095238095238091 -4 0
103 -0.7142857142857136 -4 0
104 -0.6190476190476182 -4 0
105 -0.5238095238095227 -4 0
106 -0.4285714285714273 -4 0
107 -0.3333333333333317 -4 0
108 -0.2380952380952363 -4 0
109 -0.1428571428571409 -4 0
110 -0.04761904761904545 -4 0
111 0.04761904761905011 -4 0
112 0.1428571428571455 -4 0
113 0.238095238095241 -4 0
114 0.3333333333333366 -4 0
115 0.4285714285714319 -4 0
116 0.5238095238095275 -4 0
117 0.6190476190476222 -4 0
118 0.7142857142857164 -4 0
119 0.8095238095238111 -4 0
120 0.9047619047619053 -4 0
121 1 -3.903225806451613 0
122 1 -3.806451612903226 0
123 1 -3.709677419354838 0
124 1 -3.612903225806451 0
125 1 -3.516129032258063 0
126 1 -3.419354838709676 0
127 1 -3.322580645161289 0
128 1 -3.225806451612901 0
129 1 -3.129032258064514 0
130 1 -3.032258064516127 0
131 1 -2.93548387096774 0
132 1 -2.838709677419353 0
133 1 -2.741935483870966 0
134 1 -2.645161290322579 0
135 1 -2.548387096774192 0
136 1 -2.451612903225805 0
137 1 -2.354838709677418 0
138 1 -2.258064516129031 0
139 1 -2.161290322580644 0
140 1 -2.064516129032257 0
141 1 -1.96774193548387 0
142 1 -1.870967741935483 0
143 1 -1.774193548387096 0
144 1 -1.677419354838709 0
145 1 -1.580645161290322 0
146 1 -1.483870967741935 0
147 1 -1.387096774193548 0
148 1 -1.290322580645161 0
149 1 -1.193548387096774 0
150 1 -1.096774193548387 0
151 1.096774193548387 -1 0
152 1.193548387096775 -1 0
153 1.290322580645162 -1 0
154 1.387096774193549 -1 0
155 1.483870967741937 -1 0
156 1.580645161290324 -1 0
157 1.677419354838712 -1 0
158 1.774193548387099 -1 0
159 1.870967741935486 -1 0
160 1.967741935483873 -1 0
161 2.06451612903226 -1 0
162 2.161290322580647 -1 0
163 2.258064516129034 -1 0
164 2.354838709677421 -1 0
165 2.451612903225808 -1 0
166 2.548387096774195 -1 0
167 2.645161290322582 -1 0
168 2.741935483870969 -1 0
169 2.838709677419356 -1 0
170 2.935483870967743 -1 0
171 3.03225806451613 -1 0
172 3.129032258064517 -1 0
173 3.225806451612904 -1 0
174 3.322580645161291 -1 0
175 3.419354838709678 -1 0
176 3.516129032258065 -1 0
177 3.612903225806452 -1 0
178 3.709677419354839 -1 0
179 3.806451612903226 -1 0
180 3.903225806451613 -1 0
181 4 -0.9047619047619045 0
182 4 -0.8095238095238091 0
183 4 -0.7142857142857136 0
184 4 -0.6190476190476182 0
185 4 -0.5238095238095227 0
186 4 -0.4285714285714273 0
187 4 -0.3333333333333317 0
188 4 -0.2380952380952363 0
189 4 -0.1428571428571409 0
190 4 -0.04761904761904545 0
191 4 0.04761904761905011 0
192 4 0.1428571428571455 0
193 4 0.238095238095241 0
194 4 0.3333333333333366 0
195 4 0.4285714285714319 0
196 4 0.5238095238095275 0
197 4 0.6190476190476222 0
198 4 0.7142857142857164 0
199 4 0.8095238095238111 0
200 4 0.9047619047619053 0
201 3.903225806451613 1 0
202 3.806451612903226 1 0
203 3.709677419354838 1 0
204 3.612903225806451 1 0
205 3.516129032258063 1 0
206 3.419354838709676 1 0
207 3.322580645161289 1 0
208 3.225806451612901 1 0
209 3.129032258064514 1 0
210 3.032258064516127 1 0
211 2.93548387096774 1 0
212 2.838709677419353 1 0
213 2.741935483870966 1 0
214 2.645161290322579 1 0
215 2.548387096774192 1 0
216 2.451612903225805 1 0
217 2.354838709677418 1 0
218 2.258064516129031 1 0
219 2.161290322580644 1 0
220 2.064516129032257 1 0
221 1.96774193548387 1 0
222 1.870967741935483 1 0
223 1.774193548387096 1 0
224 1.677419354838709 1 0
225 1.580645161290322 1 0
226 1.483870967741935 1 0
227 1.387096774193548 1 0
228 1.290322580645161 1 0
229 1.193548387096774 1 0
230 1.096774193548387 1 0
231 1 1.096774193548387 0
232 1 1.193548387096775 0
233 1 1.290322580645162 0
234 1 1.387096774193549 0
235 1 1.483870967741937 0
236 1 1.580645161290324 0
237 1 1.677419354838712 0
238 1 1.774193548387099 0
239 1 1.870967741935486 0
240 1 1.967741935483873 0
241 1 2.06451612903226 0
242 1 2.161290322580647 0
243 1 2.258064516129034 0
244 1 2.354838709677421 0
245 1 2.451612903225808 0
246 1 2.548387096774195 0
247 1 2.645161290322582 0
248 1 2.741935483870969 0
249 1 2.838709677419356 0
250 1 2.935483870967743 0
251 1 3.03225806451613 0
252 1 3.129032258064517 0
253 1 3.225806451612904 0
254 1 3.322580645161291 0
255 1 3.419354838709678 0
256 1 3.516129032258065 0
257 1 3.612903225806452 0
258 1 3.709677419354839 0
259 1 3.806451612903226 0
260 1 3.903225806451613 0
261 0.9047619047619045 4 0
262 0.8095238095238091 4 0
263 0.7142857142857136 4 0
264 0.6190476190476182 4 0
265 0.5238095238095227 4 0
266 0.4285714285714273 4 0
267 0.3333333333333317 4 0
268 0.2380952380952363 4 0
269 0.1428571428571409 4 0
270 0.04761904761904545 4 0
271 -0.04761904761905011 4 0
272 -0.1428571428571455 4 0
273 -0.238095238095241 4 0
274 -0.3333333333333366 4 0
275 -0.4285714285714319 4 0
276 -0.5238095238095275 4 0
277 -0.6190476190476222 4 0
278 -0.7142857142857164 4 0
279 -0.8095238095238111 4 0
280 -0.9047619047619053 4 0
281 -1 3.903225806451613 0
282 -1 3.806451612903226 0
283 -1 3.709677419354838 0
284 -1 3.612903225806451 0
285 -1 3.516129032258063 0
286 -1 3.419354838709676 0
287 -1 3.322580645161289 0
288 -1 3.225806451612901 0
289 -1 3.129032258064514 0
290 -1 3.032258064516127 0
291 -1 2.93548387096774 0
292 -1 2.838709677419353 0
293 -1 2.741935483870966 0
294 -1 2.645161290322579 0
295 -1 2.548387096774192 0
296 -1 2.451612903225805 0
297 -1 2.354838709677418 0
298 -1 2.258064516129031 0
299 -1 2.161290322580644 0
300 -1 2.064516129032257 0
301 -1 1.96774193548387 0
302 -1 1.870967741935483 0
303 -1 1.774193548387096 0
304 -1 1.677419354838709 0
305 -1 1.580645161290322 0
306 -1 1.483870967741935 0
307 -1 1.387096774193548 0
308 -1 1.290322580645161 0
309 -1 1.193548387096774 0
310 -1 1.096774193548387 0
311 -1.096774193548387 1 0
312 -1.193548387096775 1 0
313 -1.290322580645162 1 0
314 -1.387096774193549 1 0
315 -1.483870967741937 1 0
316 -1.580645161290324 1 0
317 -1.677419354838712 1 0
318 -1.774193548387099 1 0
319 -1.870967741935486 1 0
320 -1.967741935483873 1 0
321 -2.06451612903226 1 0
322 -2.161290322580647 1 0
323 -2.258064516129034 1 0
324 -2.354838709677421 1 0
325 -2.451612903225808 1 0
326 -2.548387096774195 1 0
327 -2.645161290322582 1 0
328 -2.741935483870969 1 0
329 -2.838709677419356 1 0
330 -2.935483870967743 1 0
331 -3.03225806451613 1 0
332 -3.129032258064517 1 0
333 -3.225806451612904 1 0
334 -3.322580645161291 1 0
335 -3.419354838709678 1 0
336 -3.516129032258065 1 0
337 -3.612903225806452 1 0
338 -3.709677419354839 1 0
339 -3.806451612903226 1 0
340 -3.903225806451613 1 0
341 -4.909090909090909 -1 0
342 -4.818181818181817 -1 0
343 -4.727272727272727 -1 0
344 -4.636363636363636 -1 0
345 -4.545454545454544 -1 0
346 -4.454545454545453 -1 0
347 -4.363636363636362 -1 0
348 -4.272727272727271 -1 0
349 -4.18181818181818 -1 0
350 -4.09090909090909 -1 0
351 -4.090909090909091 1 0
352 -4.181818181818183 1 0
353 -4.272727272727273 1 0
354 -4.363636363636364 1 0
355 -4.454545454545456 1 0
356 -4.545454545454547 1 0
357 -4.636363636363638 1 0
358 -4.727272727272729 1 0
359 -4.81818181818182 1 0
360 -4.90909090909091 1 0
361 -5 0.9047619047619045 0
362 -5 0.8095238095238091 0
363 -5 0.7142857142857136 0
364 -5 0.6190476190476182 0
365 -5 0.5238095238095227 0
366 -5 0.4285714285714273 0
367 -5 0.3333333333333317 0
368 -5 0.2380952380952363 0
369 -5 0.1428571428571409 0
370 -5 0.04761904761904545 0
371 -5 -0.04761904761905011 0
372 -5 -0.1428571428571455 0
373 -5 -0.238095238095241 0
374 -5 -0.3333333333333366 0
375 -5 -0.4285714285714319 0
376 -5 -0.5238095238095275 0
377 -5 -0.6190476190476222 0
378 -5 -0.7142857142857164 0
379 -5 -0.8095238095238111 0
380 -5 -0.9047619047619053 0
381 4.090909090909091 -1 0
382 4.181818181818183 -1 0
383 4.272727272727273 -1 0
384 4.363636363636364 -1 0
385 4.454545454545456 -1 0
386 4.545454545454547 -1 0
387 4.636363636363638 -1 0
388 4.727272727272729 -1 0
389 4.81818181818182 -1 0
390 4.90909090909091 -1 0
391 5 -0.9047619047619045 0
392 5 -0.8095238095238091 0
393 5 -0.7142857142857136 0
394 5 -0.6190476190476182 0
395 5 -0.5238095238095227 0
396 5 -0.4285714285714273 0
397 5 -0.3333333333333317 0
398 5 -0.2380952380952363 0
399 5 -0.1428571428571409 0
400 5 -0.04761904761904545 0
401 5 0.04761904761905011 0
402 5 0.1428571428571455 0
403 5 0.238095238095241 0
404 5 0.3333333333333366 0
405 5 0.4285714285714319 0
406 5 0.5238095238095275 0
407 5 0.6190476190476222 0
408 5 0.7142857142857164 0
409 5 0.8095238095238111 0
410 5 0.9047619047619053 0
411 4.909090909090909 1 0
412 4.818181818181817 1 0
413 4.727272727272727 1 0
414 4.636363636363636 1 0
415 4.545454545454544 1 0
416 4.454545454545453 1 0
417 4.363636363636362 1 0
418 4.272727272727271 1 0
419 4.18181818181818 1 0
420 4.09090909090909 1 0
421 -0.5 -5 0
422 0 -5 0
423 0.5 -5 0
424 1 -4.688810629824665 0
425 1 -4.464560566876926 0
426 1 -4.302960978223061 0
427 1 -4.186508702826035 0
428 1 -4.093024867957917 0
429 -1 -4.093024867957916 0
430 -1 -4.186508702826034 0
431 -1 -4.30296097822306 0
432 -1 -4.464560566876923 0
433 -1 -4.688810629824665 0
434 1 4.093024867957916 0
435 1 4.186508702826034 0
436 1 4.30296097822306 0
437 1 4.464560566876923 0
438 1 4.688810629824665 0
439 0.5 5 0
440 0 5 0
441 -0.5 5 0
442 -1 4.688810629824665 0
443 -1 4.464560566876926 0
444 -1 4.302960978223061 0
445 -1 4.186508702826035 0
446 -1 4.093024867957917 0
447 -0.002024969852562104 3.907896202474629 0
448 -3.918497930419139 -0.003278025732404338 0
449 -0.003451648124127293 -3.918507505214385 0
450 3.907896217387198 0.002024970588860137 0
451 -0.9149659500343987 -1.048395677820221 0
452 -0.9112302128742203 -0.9516154538947681 0
453 1.048009993019516 -0.9158250066441953 0
454 0.9500504691678278 -0.9150792477105331 0
455 -0.9148873794170802 1.04843909317643 0
456 -0.9104179544461879 0.9525788706708318 0
457 -2.885869308328537 -0.9224378629837698 0
458 -2.404391991221122 -0.9242194923083096 0
459 -1.918310777850202 -0.9040967760064248 0
460 -1.438541574821988 -0.9179564560996958 0
461 -0.9180517764317202 -1.531721774368887 0
462 -0.9151987277705123 -2.017002099477924 0
463 -0.9152146238810339 -2.501287782602225 0
464 1.53242237671049 -0.9160054712114452 0
465 2.016312715828005 -0.9161059403995327 0
466 2.500099245206706 -0.9161821996811682 0
467 0.9161930436136502 1.532257871512376 0
468 0.9161906604764308 2.016128700527367 0
469 0.91618125832141 2.499990532222383 0
470 0.9172431447947111 -2.88772366440733 0
471 2.887127790826554 0.9166824256701425 0
472 -0.9167490415288411 2.886871532216365 0
473 0.9078945022183814 -2.321335042728254 0
474 0.9076683438329076 -1.830365549823487 0
475 0.9134544491939797 -1.337799309783955 0
476 2.306501965291928 0.9163715483824075 0
477 1.82267062619266 0.9167253299950163 0
478 1.340467365725163 0.9182130995872716 0
479 -0.9162006678032002 2.306430763751956 0
480 -0.9161819528570759 1.822583530089161 0
481 -1.629032390729559 0.9181966499283289 0
482 -2.115380806191795 0.9134209439597312 0
483 -2.603063003771664 0.9221982893584282 0
484 0.915808941249925 1.047970255525989 0
485 0.9144121446904099 0.9500751382740309 0
486 -0.9213438373462257 -2.983877843916126 0
487 2.983859340807257 -0.9161461776834718 0
488 0.9161109686222094 2.983754773338066 0
489 -0.8309063680272786 -1.000006237543171 0
490 -0.8312483638297264 -0.9032262868921264 0
491 0.9994079905413767 -0.8318015313843334 0
492 0.9022179809355798 -0.8315881933789112 0
493 -1.232751873500065 0.9128046292360775 0
494 -0.9161729209728504 1.435485338377936 0
495 -2.990811914322703 0.9035179868677485 0
496 0.8318206357806559 0.9993911983003054 0
497 0.8315449449594331 0.9023045359463435 0
498 -0.8305917727392967 1.000192685290855 0
499 -0.8302891830035544 0.9035179093418055 0
500 0.9511976202400616 -0.7480916161464083 0
501 0.8543059045826693 -0.7480998532204423 0
502 -0.7480261483083245 -0.9516082033910778 0
503 -0.7481520257024054 -0.8548130628144861 0
504 0.748418402840383 0.9512705808035438 0
505 0.7483670432915224 0.85448432761038 0
506 0.9030174135858738 -0.6644577760433217 0
507 0.8062214588804606 -0.6645334917971297 0
508 0.7576255595933056 -0.7482269782349467 0
509 0.709528034531802 -0.6646663063162518 0
510 0.6610899884591716 -0.7484571608282758 0
511 0.6128830157703661 -0.6649091027582338 0
512 -0.7475799035666492 0.9517668765966404 0
513 -0.7475882861586378 0.8552264825951409 0
514 0.8547987187291641 -0.5808353272080561 0
515 -0.6643379248667889 0.9033635541005244 0
516 -0.6643706031779216 0.8067189062901139 0
517 -0.7479303016057139 0.7587284283465883 0
518 -0.6645390368788954 0.7100423613565459 0
519 -0.7483051121692725 0.6619920411466214 0
520 -0.6647300491456078 0.6132506556637206 0
521 -0.7485348610386965 0.5651073743128353 0
522 -0.664908769101339 0.5163379231014413 0
523 -0.7486918251174336 0.4687177099574725 0
524 -0.6650947155852767 0.4199642127813353 0
525 -0.5814092853227701 0.4676288095072825 0
526 -0.5825599029503794 0.3695887702312678 0
527 0.5645274202369737 -0.748785643185876 0
528 0.5162600915378419 -0.6653191075346668 0
529 -0.74899498377457 0.3728852823561493 0
530 -0.4974765696985939 0.4191756789262124 0
531 -0.4971465241163037 0.32258064518603 0
532 -0.4130098929333214 0.3713416297640993 0
533 -0.4114515573085145 0.2758907162653721 0
534 -0.8322672695565522 -0.8069515282265511 0
535 -3.275891526121775 -0.9244426497699224 0
536 0.9187160843480044 -3.276794968316209 0
537 3.273875495985747 0.917284692904386 0
538 -0.917343699950625 3.27381946984295 0
539 0.6651935409510722 0.9032423407122014 0
540 0.665340590012653 0.8065988927287346 0
541 0.7484511197013308 0.7578455665263433 0
542 0.6655089164444818 0.7099475130211346 0
543 0.7486558426511537 0.6612382684181086 0
544 0.6656265635110927 0.6131241647720433 0
545 0.467997211447886 -0.7492077641806045 0
546 0.419712764554149 -0.6660173304734398 0
547 0.7488420931506127 0.5643738795718671 0
548 0.6654678023803009 0.516089947722528 0
549 0.5821579589045923 0.8552453584288564 0
550 0.3716308410509937 -0.7497186925943402 0
551 0.3235519494690122 -0.6673466453978 0
552 -0.919928023023041 -3.375648182791734 0
553 -3.368402022286914 0.9187084428050947 0
554 3.370482261025617 -0.9157248798738333 0
555 0.9157942132735841 3.370496774667695 0
556 0.3709864161092334 -0.5827766309367522 0
557 0.2731226346091963 -0.5853890388894861 0
558 0.749023562911015 0.4671255673850397 0
559 0.9516306735180422 -0.5807613393048984 0
560 0.581891856379565 0.9518316422524752 0
561 0.4989336288547208 0.903708354292133 0
562 0.4984896335498717 1.000287502063034 0
563 0.3223453533118351 -0.4981956041652019 0
564 -0.7481991536712763 -0.7577677114013108 0
565 -0.8323889899373658 -0.7101258547424989 0
566 0.2757550529393525 -0.750050853159042 0
567 0.3231076057234351 -0.8328389229759301 0
568 -0.5809299055673937 0.8549143426056889 0
569 -0.5810189090310958 0.9516317054017144 0
570 0.224386268069262 -0.4998869099298476 0
571 0.2737865816900065 -0.4142532005028526 0
572 0.2277922429545577 -0.8342810652580124 0
573 0.2746608899348629 -0.9169351268412252 0
574 -3.919111827157964 -0.3855831563193034 0
575 0.3785376844989602 -3.918682477230645 0
576 3.930142350740747 0.3760786094538329 0
577 -0.3760785754399752 3.930142325454196 0
578 -0.3291271419226395 0.3230767189656736 0
579 0.1777645864629635 -0.9171587343261486 0
580 0.2254489102140507 -1.000469667502217 0
581 0.1264838296457621 -1.000494161961977 0
582 0.1769938570815358 -1.084009387838541 0
583 0.08064516129032291 -1.083808910043655 0
584 0.1294113560745233 -1.167853040460995 0
585 0.03424371209460206 -1.168764236908741 0
586 0.08123451800390988 -1.251763186083074 0
587 -3.918764650691103 0.3786515551793841 0
588 -0.3860930136004797 -3.918940558889952 0
589 3.923633591601461 -0.3790719202132629 0
590 0.3790718680885276 3.923633568799253 0
591 -0.7478291560259868 -0.6599679456203282 0
592 -0.8321063017828387 -0.6123348556762582 0
593 0.4156270211322557 0.9520441504142704 0
594 0.4149898620357791 1.048664577054141 0
595 0.9033313947108268 -0.4971990642203578 0
596 1.00014695376644 -0.4970920407184192 0
597 0.9201006071374082 -2.601259007958828 0
598 2.596789651621769 0.9165853951387759 0
599 -0.9163542881863358 2.596673631558419 0
600 -0.01574293493915038 -1.251649654483147 0
601 0.03257300593934016 -1.335359740224451 0
602 0.1768678196640946 -0.4141072670038433 0
603 0.225579632729424 -0.3297182728675262 0
604 0.9517647764013006 -0.413769062512517 0
605 1.048747153419817 -0.4137544380076253 0
606 -0.4976587431797166 0.903251909639919 0
607 -0.4978329848514809 1.000012129502463 0
608 -0.7472751092114818 -0.5615081834173156 0
609 -0.8324778244714117 -0.5159788959476257 0
610 -0.8322699770242911 0.4210580540424856 0
611 -0.8318098911847136 0.3247319845198633 0
612 -0.9157317138567524 0.3736747675002647 0
613 -0.9150306885713644 0.2790309205352205 0
614 -0.999438541959865 0.3265776472475987 0
615 -0.9992146631306067 0.232709786344812 0
616 -1.083303427885264 0.2790766750742038 0
617 -1.083090689966773 0.1853031495868116 0
618 -1.167137222289751 0.2308432668338656 0
619 -1.166865409507239 0.1365271216940581 0
620 -1.251003193236224 0.1817549230353535 0
621 -1.250760945531453 0.08676924152534379 0
622 -1.334982913921947 0.1318123431761746 0
623 -1.334896338302464 0.03620020523466796 0
624 -1.419073131613478 0.08105394027193964 0
625 -1.41922181711671 -0.0153983690351049 0
626 -1.502962166941937 0.03277523302165951 0
627 -1.503102923207712 -0.06334368172038973 0
628 -1.586779801524293 -0.01571357065910739 0
629 -1.586707940689464 0.08081265681326241 0
630 -1.67052702309613 0.03240244974058164 0
631 -1.670583714726471 -0.06415512532875781 0
632 -1.754341956994053 -0.01599607858636877 0
633 -1.754318310998664 0.08071792729480901 0
634 -1.838133628131281 0.03232035008939289 0
635 -1.838163995703429 -0.06439322381281622 0
636 -1.92197047829361 -0.01601311619332067 0
637 -0.06428035323140405 -1.335257639166306 0
638 -0.0158416216497832 -1.419023893468978 0
639 0.08084381493457279 -1.419088851458223 0
640 0.03246158646293665 -1.50282683341917 0
641 -0.06413606238761672 -1.502722465335735 0
642 -0.01596926684511952 -1.586612471649766 0
643 -0.1127199394947401 -1.586579565453217 0
644 -0.06446864418106235 -1.670447822678909 0
645 0.03230583024882203 -1.670451659467326 0
646 -0.01611326584802225 -1.754217013563221 0
647 0.08064939590198841 -1.754239372367308 0
648 0.03224554897773301 -1.838031914635307 0
649 -0.06451955338629614 -1.837949186889269 0
650 -0.01614359947655808 -1.921843921106571 0
651 0.08057601479710137 -1.921812273547698 0
652 0.03216135075691762 -2.0056088428115 0
653 -0.06452692721074121 -2.005666462284626 0
654 -0.01623463001578252 -2.089426014618143 0
655 -1.92203159778711 -0.1126617489918008 0
656 -2.005831906753091 -0.06428294995371482 0
657 -2.005764200180616 0.03236160587034678 0
658 -2.089607848264066 -0.01593231842594604 0
659 -2.089540255718751 0.08072693962641987 0
660 -2.173353320869696 0.03240469988152988 0
661 -2.173475751480411 -0.0641821098643951 0
662 -2.257149348318752 -0.01592296690009771 0
663 -2.257072807293353 0.08072235659776218 0
664 -2.340811242130195 0.0323845664129284 0
665 -2.34094824811928 -0.06418127062196612 0
666 -2.424510645604844 -0.0159336865173276 0
667 -2.424734536807534 -0.1123656030115633 0
668 -2.508157622516149 -0.06424293841497125 0
669 -2.508133462662987 0.03243752390159466 0
670 -2.591738299039411 -0.01589713617671173 0
671 -2.591741943543458 0.08077257117489252 0
672 -2.675307927410105 0.03239688113172141 0
673 -2.675305272731038 -0.0642408491356823 0
674 -2.758844611429346 -0.01599956389813692 0
675 -0.1129005848505057 -2.089418450996436 0
676 -0.06461250548216008 -2.173269698524166 0
677 0.03197958646058407 -2.173143390519218 0
678 -0.01642680756392228 -2.256969251635566 0
679 0.08014853252469324 -2.256819236606042 0
680 0.03173559092374892 -2.340610957328871 0
681 -0.06478607616175963 -2.340799993753227 0
682 -0.01661631964477069 -2.42438358395042 0
683 -2.75886457229417 0.08065477872834363 0
684 -2.842366886554475 0.03222666672119331 0
685 -2.842410734897145 -0.0643652290877762 0
686 -2.925897525874844 -0.01621757345337627 0
687 -2.925868947510758 0.08038423566308894 0
688 -3.009337747088566 0.03191437724241671 0
689 -3.009452410534891 -0.06459204540347714 0
690 0.07986564401834641 -2.424212235401608 0
691 0.03155535323855042 -2.507928522772128 0
692 -0.06489739289293321 -2.508063758760545 0
693 -0.01670296416094309 -2.591598017590726 0
694 0.07972128687791116 -2.591457760326751 0
695 0.03149493189141551 -2.675115926648677 0
696 -0.06497627039698738 -2.675239758696369 0
697 -0.01677235284491833 -2.758738789574469 0
698 0.07968645543055553 -2.758601122483434 0
699 0.03142623225157155 -2.842210203173869 0
700 -0.065063170669947 -2.842344028472308 0
701 -0.01686412005847404 -2.925804251437734 0
702 0.07962620279938637 -2.925645131320572 0
703 0.03133390913540091 -3.00922279888558 0
704 -0.06518337773250252 -3.009392806951372 0
705 -0.6640851433030734 -0.7085977252549261 0
706 -3.009307897928831 0.1284931482549076 0
707 1.00032667328289 -0.3308954411633421 0
708 1.097435111915594 -0.3302009955249066 0
709 0.6654615501589762 0.4194800232813951 0
710 0.5825810082896183 0.4681173411471476 0
711 0.1278309691889243 -3.009046716236748 0
712 0.1284387044364987 -0.3296503732228739 0
713 0.177257565779091 -0.2450261857201941 0
714 0.2742972746069631 -0.2454853392222173 0
715 0.07954134241429386 -3.092599201826741 0
716 -3.09273733170946 0.08005054753777492 0
717 0.3321791206467426 1.000342947865145 0
718 0.3313863264441786 1.097011404873774 0
719 1.049045304208771 -0.2468593507653736 0
720 1.146600185051531 -0.2467764077587781 0
721 -0.7511559397585847 -0.4677419354840816 0
722 0.3330821198825427 0.9037122682572862 0
723 0.07813994644512846 -0.4145059388812754 0
724 0.2260649210591432 -0.1603674727313198 0
725 0.03188176729290875 -0.3291433835445324 0
726 -3.092648433997315 0.1765633597592811 0
727 1.101216884851991 -0.1649065909015609 0
728 1.194930291441291 -0.162825878573399 0
729 1.242662830026212 -0.2460003429143331 0
730 1.29114115401821 -0.162696494728518 0
731 1.242926280229447 -0.07981454269354071 0
732 1.339333262125859 -0.07925165076997434 0
733 1.387678656335521 -0.1624102600259848 0
734 1.435962021815853 -0.07875903092633288 0
735 1.484320698147919 -0.1621233578618437 0
736 1.532619432021773 -0.07838500236517944 0
737 1.580991864513046 -0.1618888892733731 0
738 1.629303542411211 -0.07812639461563621 0
739 1.677714809497548 -0.1617678604299254 0
740 1.726048493332464 -0.07798417324378736 0
741 1.774454559303447 -0.1616973336093514 0
742 1.822801087187301 -0.07788871437223885 0
743 1.871194802735762 -0.1616631917937039 0
744 1.919535894920565 -0.077826724100014 0
745 1.967958771720358 -0.1616540176843116 0
746 2.016291142045826 -0.07781956725146019 0
747 2.06473277995904 -0.1616730502862178 0
748 2.113076018619693 -0.07785635563969938 0
749 2.16150780561687 -0.1617085853577623 0
750 2.20984451039244 -0.07791291753188334 0
751 2.258269774763959 -0.1617513902078953 0
752 2.30657411359837 -0.07797322137992355 0
753 2.355019375436403 -0.1617916382088122 0
754 2.403328917329491 -0.07801442769001223 0
755 2.451763943056814 -0.1618216758957324 0
756 2.500067094789066 -0.07805171240362271 0
757 2.548487283563898 -0.161844983156795 0
758 2.596805869012821 -0.07808744774109161 0
759 2.645170254886374 -0.1618587032590521 0
760 2.693522189440988 -0.07813869799109992 0
761 2.741861488302593 -0.1618784160566966 0
762 2.790184318007231 -0.07819431168466867 0
763 2.838486630480564 -0.1619090973172813 0
764 2.886787626679172 -0.07823924275618785 0
765 2.935050457257842 -0.1619222616318619 0
766 2.983328994310726 -0.07828399197941893 0
767 1.580951633843817 0.005415546720421235 0
768 2.064708634511209 0.006016529365690078 0
769 3.031549411036117 -0.1619215472469624 0
770 2.741903356740047 0.005502773068608147 0
771 2.451750522731356 0.005710732024932098 0
772 3.079794693618499 -0.07830604265624952 0
773 3.031648007035499 0.005296276749064511 0
774 1.290742625724589 0.003585972701628514 0
775 3.12805706404636 0.005250290160322304 0
776 3.079976014778362 0.08881621141385843 0
777 3.12796434642549 -0.161913510927831 0
778 3.176324524514361 0.08876290878084972 0
779 0.08107638336389877 -0.9172358497001645 0
780 0.1760404624893179 -3.092415607040761 0
781 0.8324423749932918 0.5158809793638943 0
782 3.128260623319627 0.172282463308973 0
783 -1.419565770377061 -0.1105991616452608 0
784 0.1277685052281841 -3.175919120890745 0
785 -3.176051428741744 0.1281481629024182 0
786 -3.009370292208241 0.2251298024649256 0
787 0.9517319135815231 -0.2503083767661558 0
788 -1.335074924645046 0.2277086206839143 0
789 0.3233492354382906 -0.162035353976289 0
790 -0.4908618934952862 0.2287582809312694 0
791 0.2485804465031859 1.048654882947041 0
792 0.2477082326112123 1.145352576229205 0
793 0.3307839595094914 1.193702948533619 0
794 0.247066307105772 1.242054340266621 0
795 0.3303445965117989 1.290410686869767 0
796 0.2466148249352837 1.338762273426089 0
797 0.3300596048291701 1.387132398921706 0
798 0.2463465042580187 1.435480092223818 0
799 0.1629084065836132 1.387098980518949 0
800 0.162759499991183 1.483808236414052 0
801 0.2461483456898066 1.532215420592279 0
802 0.1627532539265618 1.580545199067245 0
803 0.07963938641212416 1.532125304573444 0
804 0.07954992928320857 1.628845044320349 0
805 0.1627040226817043 1.677318767065122 0
806 0.07936786789226921 1.725661742406721 0
807 0.1625739407346406 1.774122528425469 0
808 0.07900296595753248 1.822515910601464 0
809 0.1623979959342278 1.870929659046652 0
810 0.07867963388662255 1.919331374357611 0
811 0.1622182538211489 1.967723006127969 0
812 0.07837230021003228 2.016119559173002 0
813 0.1620685957271991 2.064504603782381 0
814 0.07816819611697251 2.112899652304254 0
815 0.16197993359775 2.161278830957476 0
816 0.07812975524264229 2.209673610109431 0
817 0.1620417688097517 2.258026156133091 0
818 0.07831732841577864 2.306397750128859 0
819 0.162185158222951 2.354749201987904 0
820 0.0786108434203787 2.403063015779132 0
821 0.1623763472272638 2.451460183050854 0
822 0.07896119959382744 2.49971126065018 0
823 0.1625528319505613 2.548202694119607 0
824 0.07925835546946484 2.596473775442472 0
825 0.162642773787239 2.645012356144327 0
826 0.07941976775775367 2.693401800529748 0
827 0.1626040941068868 2.741864132280288 0
828 0.07940681571031309 2.790399346585188 0
829 0.162602297927475 2.838650275274327 0
830 0.0793089512802656 2.887169220233388 0
831 0.1625105786444599 2.935264236330164 0
832 0.07912188178752894 2.983664294634947 0
833 -0.005706920523865899 2.064516129032258 0
834 0.1623461135902043 3.031721121879912 0
835 -0.003562102997467724 2.741964185825861 0
836 -0.004802608283981488 2.451248251980613 0
837 -0.003136529730760021 1.677189755567196 0
838 0.07890002377034325 3.080003062710839 0
839 -0.004186671210353897 3.031987117646101 0
840 -0.004512908383478839 3.128233246927135 0
841 -0.08748568439822658 3.080157438427578 0
842 0.1621590481212172 3.12807063581653 0
843 -0.08795609059802376 3.176412816624365 0
844 -0.17088381500191 3.128255310355283 0
845 -0.1714150093961103 3.224552391401317 0
846 3.224567583190358 0.1722351141099603 0
847 0.2242524464277556 -3.175749070053164 0
848 -3.175955409074927 0.2245704688394938 0
849 -3.564631770627294 -0.9272531771982941 0
850 0.9174336027211917 -3.562448177938978 0
851 3.563997150845961 0.9179037849634819 0
852 -0.9179017310312825 3.5639904641054 0
853 0.224296087965637 -3.008889415408474 0
854 0.2258403552685325 -1.167756542344012 0
855 -0.07130506040267959 -1.155628979217596 0
856 -0.9162484813957954 -0.5645440129003501 0
857 0.2459572972027065 2.790244622779398 0
858 2.790221363263938 -0.2456395870905823 0
859 2.306726066838117 -0.2455742009195524 0
860 0.2458725062872684 2.306399162308561 0
861 1.726156883461732 -0.2454544608936594 0
862 0.2460399015047175 1.822545275566882 0
863 -0.0161290322741388 -0.410778840236768 0
864 -0.06445932209436424 -0.3277431659187081 0
865 0.176028889823208 -3.259163927121614 0
866 0.07957845781992745 -3.259328933965345 0
867 0.2725265492075863 -3.259049913935739 0
868 -3.259275609073886 0.1762585506664653 0
869 -3.259353014827839 0.07997443991295182 0
870 3.272567979077726 0.08872731800670822 0
871 -0.08834368546917543 3.27266908216246 0
872 0.2771838692910574 -0.07982845209750035 0
873 -0.7481792176380011 -1.048396528779697 0
874 -0.3294380353375033 0.4195069198361325 0
875 -0.2459436608292158 0.3712886476948029 0
876 -0.2459784737191398 0.4679786861589944 0
877 -0.1621832199774735 0.4197916272682046 0
878 -3.259196950238795 0.2725420837461171 0
879 -0.9151869275953853 0.1862472040556061 0
880 0.2456908230837196 3.079854808995076 0
881 0.2455877474052121 3.176174288341916 0
882 3.07978124491363 -0.2455818320686534 0
883 3.176149176263792 -0.2455342675860888 0
884 3.176531198637581 0.2557114152549408 0
885 3.080067452254317 0.2557153322020292 0
886 3.272829858110606 0.2556797103422668 0
887 -0.2543352840338929 3.176355051882411 0
888 -0.2535842363024732 3.079951874804038 0
889 -0.254849741122336 3.272677359979874 0
890 -0.4146394752864876 0.9516373070371694 0
891 -0.4149472424670269 1.048407883870321 0
892 2.016418108527091 -0.2454755400977411 0
893 -0.1625641729675968 0.5164483276395231 0
894 0.6127515247401289 -0.8322936658860394 0
895 -0.07919190954126147 0.4684198033197309 0
896 -0.2461844127330246 0.2733689985966661 0
897 -0.9163533257347476 -0.4677757320267806 0
898 -1.000017495046916 -0.5162905608346543 0
899 -0.6649831326170635 -0.9998773606314235 0
900 -0.6652061737923993 -1.096746460564073 0
901 0.8329256505745213 0.4183883776841721 0
902 0.9163097648370049 0.4675736056498225 0
903 0.3716381927920694 -0.0785706257529222 0
904 -0.1133743437377092 -0.408626910988019 0
905 -0.160688810484934 -0.3272982618159802 0
906 0.3292746350863346 3.128004571545968 0
907 0.3291275424573641 3.224304314629289 0
908 3.128037795368539 -0.3292491884942379 0
909 3.224345970378125 -0.3291472340837094 0
910 0.2244952474135456 -3.342289187005776 0
911 0.3209306572229727 -3.342307823583374 0
912 1.097107535641445 -0.4970939987093222 0
913 -3.342350042736573 0.2245927739765228 0
914 -3.342360629483359 0.3207737286218158 0
915 0.3689398152413557 -3.259083590266846 0
916 -3.259213740839018 0.3686522613989939 0
917 3.128339075951275 0.3390713649305753 0
918 3.031838668260201 0.3390748131161474 0
919 -0.337093432377282 3.128047961820283 0
920 -0.3361732910711303 3.031516450885395 0
921 -0.9212061262328763 -3.660236061102794 0
922 0.9163377481538317 3.660537699337229 0
923 -3.665131933487611 0.9026538644144917 0
924 3.660536775201625 -0.9163230456599735 0
925 0.3225806451612917 0.00570692052386336 0
926 -1.083526034568412 0.3738708552068564 0
927 0.1648788850138384 1.096984056550693 0
928 0.4128778146935329 3.176198318554086 0
929 0.4126875842801639 3.272472708270878 0
930 0.3289855302513581 3.320443339518814 0
931 0.4124708687614073 3.368589239442041 0
932 0.3288160284709836 3.416356639809623 0
933 3.176302218666723 -0.4129084878621965 0
934 3.272556604202553 -0.4127341939182959 0
935 3.320482967987609 -0.3290137048610473 0
936 3.368653957588447 -0.4125048225547973 0
937 3.416389656634258 -0.3288349262122566 0
938 0.4138163091208307 1.338768701085473 0
939 -0.4978615146347223 1.096776854220302 0
940 -0.4149886487593261 1.145174727842271 0
941 0.4197173158754269 -0.1621410883510199 0
942 0.4679358881050293 -0.07862260930179131 0
943 -1.166385129246554 0.04215729435430112 0
944 3.08011469959247 0.4221917189554529 0
945 2.98359285744439 0.4221980967871645 0
946 -0.4197755189386577 3.079660812615044 0
947 -0.4187614713967046 2.983018337228349 0
948 0.1759067122432401 -0.06525698073509534 0
949 -0.07936837320707718 0.5648928401691062 0
950 0.003931234621664959 0.5167776694414332 0
951 0.4172936201061471 -3.342519969650426 0
952 -3.342527030701334 0.4167332978257845 0
953 -0.208863458059037 -0.409564431513216 0
954 -0.255820067382954 -0.3275855993076317 0
955 -0.582265229055145 -1.04803255783522 0
956 -0.5823238001075128 -1.145175302216493 0
957 0.9174937175660244 0.3707023380029172 0
958 0.9998571710497155 0.4198644271066654 0
959 -0.4979461220645436 1.193557529144577 0
960 -0.4147952744840362 1.241949988244492 0
961 -0.4979066241295119 1.290345541960217 0
962 -0.4147532157067128 1.338751606920587 0
963 -0.4979223159439763 1.387159691801586 0
964 -0.1606654461618933 -0.4988018372841559 0
965 -3.259415379342287 0.4644453832587465 0
966 0.003695531245436004 0.4205498385724387 0
967 -0.2085318680368065 -0.2447636953143826 0
968 -0.3039064037834648 -0.2441083469668813 0
969 -0.4148533954960277 1.435610021090431 0
970 -0.4979547467995034 1.484003160634982 0
971 3.464545934712696 -0.4122189914567194 0
972 0.4122128853017663 3.464525748136036 0
973 -0.4147163018567843 1.532541814912524 0
974 -0.4979209958318814 1.580828231127121 0
975 -0.414581878754694 1.629344210631451 0
976 -0.4978470343604032 1.67758829635462 0
977 -0.4144542077860265 1.725995896192081 0
978 -0.4977294466212193 1.774311315654089 0
979 -0.4142007530907248 1.822688975774679 0
980 -0.4975923782883177 1.871037010111677 0
981 -0.4139804172784028 1.919407526047333 0
982 -0.4974929666437119 1.967769305229225 0
983 -0.4138615308385724 2.016134667631095 0
984 -0.4974283980752121 2.064505908957763 0
985 -0.4139102565949302 2.112862819575487 0
986 -0.4973939109862991 2.161245215348794 0
987 -0.4139980481453565 2.209589277604499 0
988 -0.4973943331471367 2.25798911962834 0
989 -0.4140906361701425 2.306309722503879 0
990 -0.4973837002609903 2.354727879863603 0
991 -0.4141014222237362 2.403016439991523 0
992 -0.4975849992175883 2.451391108121803 0
993 -0.4143380912618727 2.499686491549689 0
994 -0.4980769740861493 2.548025160262181 0
995 0.2731119691583488 -3.425347287567097 0
996 -3.425348377217486 0.2731306548834246 0
997 0.9991965985666119 0.516140033545356 0
998 1.081851920627881 0.4677419354838722 0
999 -0.3320097958418629 1.000048932664331 0
1000 -0.3321198596617418 1.290343353173477 0
1001 0.4652430139980235 -3.259293471651385 0
1002 -3.923091134294385 -0.6712266183078961 0
1003 0.6658023457358975 -3.919689393412684 0
1004 3.91367840435842 0.6687080339008753 0
1005 -0.6687080339008604 3.913678404358418 0
1006 0.4130533199536913 3.079814070329635 0
1007 3.079924571651745 -0.4130315029554948 0
1008 0.08705325389361591 0.468660452051589 0
1009 -0.9999287514829718 -0.4195299392718127 0
1010 -1.08390398106743 -0.4698775835055848 0
1011 0.3285783349440289 3.511909678976727 0
1012 3.51193025310242 -0.3285829006558186 0
1013 -0.3129411156610915 -0.4127218927259622 0
1014 3.224578567936867 -0.4965536896377092 0
1015 0.4964966919765313 3.224439347461583 0
1016 0.5134833428697696 -3.34306268728267 0
1017 -1.083991175109708 -0.5650486572838537 0
1018 -1.168083432331499 -0.5199554409392357 0
1019 0.5165393317416714 -0.1621125520183146 0
1020 0.5647952398841879 -0.07861697470544382 0
1021 3.031893119077272 0.5051486281168541 0
1022 2.935344528271201 0.5051296939784365 0
1023 2.887018075835358 0.4221215891836857 0
1024 2.838709811692437 0.5049668637357388 0
1025 2.790369721179192 0.4220686570221664 0
1026 3.128394460809397 0.5050220472259315 0
1027 2.74197694941188 0.5047899646389458 0
1028 2.693653609525396 0.4220514432481703 0
1029 2.64518876190429 0.5045708822791235 0
1030 2.596855454301983 0.4220061659096744 0
1031 2.54839375453369 0.5043903210859371 0
1032 2.500072501083855 0.4219279987768574 0
1033 2.45159081653662 0.5044679517749605 0
1034 2.403305216804152 0.4219474433894279 0
1035 2.354839756669825 0.5045053176077536 0
1036 2.306557745957007 0.4219709486590676 0
1037 2.258110153718445 0.5045651045074299 0
1038 2.209846817176897 0.4219868689339575 0
1039 2.161458985974305 0.5047210375262661 0
1040 2.113160893720376 0.4220857408138142 0
1041 2.064808109088502 0.5047035340772453 0
1042 2.016461350893072 0.4221627165268479 0
1043 1.968066156709382 0.504618969676874 0
1044 1.919684670955627 0.4221541625304455 0
1045 1.871215448336428 0.504506757570752 0
1046 1.82283371771541 0.4220481007264544 0
1047 1.774329461139175 0.504568923244931 0
1048 1.726011375333475 0.422088218512401 0
1049 1.67753622228725 0.5048134197866295 0
1050 1.629283566669896 0.4222224852628913 0
1051 1.580961548938316 0.5052371625968213 0
1052 1.532672274159344 0.4223896825639095 0
1053 1.484633391341581 0.5056214739769748 0
1054 -0.5023689564945173 3.03125779189714 0
1055 -0.5032462862735469 3.12792565029392 0
1056 0.00365071712860178 0.613293617221003 0
1057 0.5825426098095836 0.3720942505407308 0
1058 -3.920252048747605 0.6644345120659938 0
1059 3.9124516744107 -0.6651465694009228 0
1060 -0.6760794761249358 -3.923760765603728 0
1061 0.6651465694008871 3.912451674410697 0
1062 -0.5008275546974774 -1.095982586993969 0
1063 -0.5007675626244252 -1.193911093531244 0
1064 -0.4987327086396092 -0.999087238233469 0
1065 -0.5829959817120818 -1.24239363187583 0
1066 -0.502062503840633 -1.290694994884213 0
1067 1.002148087959011 0.3242921063112901 0
1068 0.9202986014877534 0.2744918787287055 0
1069 -0.2564030007490351 -0.1614656102902713 0
1070 -0.3543353255987416 -0.163232552257971 0
1071 1.083482745141026 0.5645161290322589 0
1072 -3.342896488518382 0.5122593401687652 0
1073 -3.259919870112714 0.559835573668549 0
1074 -3.176049248162409 0.5124311327792458 0
1075 0.08653121054561405 0.3725109151908805 0
1076 -0.5013839797818684 2.934547795769337 0
1077 -0.4148730094010306 2.596351011140547 0
1078 -1.08374833155535 -0.374351940262842 0
1079 -0.9999057196306325 -0.3235308732239702 0
1080 3.4640694340992 -0.2452154853352517 0
1081 3.559260446605445 -0.2448868948328257 0
1082 3.511851170868271 -0.1616439976853735 0
1083 0.2452108040672738 3.464054294891808 0
1084 0.2448855323519977 3.559248319441558 0
1085 0.1616481973307417 3.511843465582342 0
1086 -3.425349417325128 0.1769458983717064 0
1087 -3.508131201759989 0.2258542145952935 0
1088 -3.50814193290904 0.1297011695674287 0
1089 0.1767298734418253 -3.425341737399263 0
1090 0.2256559366148593 -3.508159878778768 0
1091 0.129360594779691 -3.508163699333952 0
1092 -0.1611559114098334 -2.173094837448897 0
1093 -0.2094040245597911 -2.089090025992676 0
1094 -0.2573487363943452 -2.172569004613023 0
1095 -0.3056353285770798 -2.088558508626206 0
1096 -0.3532164734033915 -2.171907499344027 0
1097 -0.4015572938460141 -2.088011026583525 0
1098 -0.4485818647904616 -2.171008844191189 0
1099 -0.4003208330783553 -2.2545790745953 0
1100 -0.3542908590435996 -2.004528262513978 0
1101 -0.4504894097082055 -2.004036451939104 0
1102 -0.4031961042501529 -1.919884408842023 0
1103 -0.4998313369345266 -1.920110721215144 0
1104 -0.4526438011089769 -1.834650860615095 0
1105 -0.4944397768505975 -2.253174065405138 0
1106 -0.4476115214691213 -2.336798627371471 0
1107 -0.5483498476456019 -1.83813314403482 0
1108 -0.5032115445903556 -1.756192874818513 0
1109 -2.508475043501856 -0.1604799445708921 0
1110 -2.425286534393114 -0.2084558651017365 0
1111 -2.509063139148836 -0.256321433117792 0
1112 -2.42616659714804 -0.3041108879178384 0
1113 -2.509741169121248 -0.3516682835944407 0
1114 -2.427322240089429 -0.3977347528687478 0
1115 -2.51149321712169 -0.4452253224020933 0
1116 -2.59315739094367 -0.400319032071197 0
1117 -2.592594536509591 -0.4980092975941253 0
1118 -2.676373377836693 -0.4494599228140236 0
1119 -2.343542148443169 -0.3536891348915181 0
1120 -2.347431949610183 -0.4557213238206465 0
1121 -2.258584535096853 -0.4008607216696017 0
1122 -2.25456869096166 -0.4913811982803011 0
1123 -2.173562416740369 -0.4467204175553435 0
1124 -2.173618872465358 -0.5387020319802072 0
1125 -2.090456777313489 -0.4958730865781285 0
1126 -2.676119166066667 -0.5465527239969578 0
1127 -2.760499472190182 -0.4973823614460939 0
1128 -2.340779428891632 0.1291052697158664 0
1129 0.4959165627185264 3.416883552183956 0
1130 0.4955189907357857 3.512997270654072 0
1131 3.416972892154918 -0.4959255721780145 0
1132 3.513049616275147 -0.4954675148462154 0
1133 2.596908642866755 -0.245628539400129 0
1134 0.2461044692637767 2.596659868684895 0
1135 -0.9181223037142581 -3.174129217905568 0
1136 3.177247730134616 -0.9160378852918711 0
1137 0.9160027235492116 3.177169969632426 0
1138 -3.508225999406067 0.3220137695211458 0
1139 0.3220175908632011 -3.508256292383092 0
1140 0.1288692159612163 -2.005554970853765 0
1141 -0.9181304888012792 -2.791898166848933 0
1142 2.790401302495213 -0.9161803546029166 0
1143 0.9161579225587737 2.790276488237407 0
1144 0.2458177868968484 2.112888792044418 0
1145 0.1773173764956734 -1.921785933344877 0
1146 0.2256185193702421 -2.005507277694752 0
1147 0.2740950403665339 -1.921755558603319 0
1148 0.3224345282801755 -2.005452729787636 0
1149 0.3709254186956228 -1.921695656103137 0
1150 0.4193514103750946 -2.005332353355193 0
1151 0.370793078606837 -2.089081751922372 0
1152 0.467875334722351 -2.088861401968341 0
1153 0.4191987190894708 -2.172643156304493 0
1154 0.4678087384029107 -1.921572405769547 0
1155 0.4193607851360895 -1.837935958755364 0
1156 0.516213669937762 -1.837848893903478 0
1157 0.4677469306586212 -1.754225152979207 0
1158 0.5165007418587078 -2.172273723979351 0
1159 0.4675942241508478 -2.256152802900767 0
1160 0.5646700275932435 -1.754159615904844 0
1161 0.5160782148480434 -1.670477502757195 0
1162 0.5646825585546904 -1.921372721519757 0
1163 -0.581068058287728 2.112885199553897 0
1164 -1.838112701204809 0.1290464646989804 0
1165 -1.754301231304758 0.1774529946256344 0
1166 -1.838100107280572 0.2257945109258496 0
1167 -1.754287067113116 0.2741871830420455 0
1168 -1.838092117012437 0.3225629547904716 0
1169 -1.754286007379325 0.3709721084472557 0
1170 -1.838091019540158 0.4193516133632234 0
1171 -1.921888520717504 0.3709243192250408 0
1172 -1.921872641575236 0.4676817729596363 0
1173 -2.005670008323944 0.4192656099408561 0
1174 -1.754298991045151 0.4678084614510345 0
1175 0.4136375641812607 1.435507035751943 0
1176 0.4974021994073639 1.387131583546182 0
1177 0.4973002462086095 1.483884828561964 0
1178 -0.5823862109375701 -1.339320562187016 0
1179 1.532709243638903 -0.2456153895867642 0
1180 1.338813123173344 -0.9160224537154075 0
1181 1.726004108621869 -0.9160267295511523 0
1182 0.9161921126474046 1.725806519548492 0
1183 -1.442442328558732 0.9129613502209041 0
1184 0.9161664729435062 1.241898836809045 0
1185 -1.830461379942788 0.9070725946362831 0
1186 -0.8318677944983911 0.7110737883640903 0
1187 -0.9161761062569072 1.629034496956604 0
1188 0.1670148444758002 -0.5939867458950854 0
1189 0.3226419393583041 -1.000316932815626 0
1190 -3.074085520140212 -0.9234160386682027 0
1191 -1.628187867928173 -0.9238393994407229 0
1192 0.9191457330005379 -3.077284884269245 0
1193 0.9089135086169062 -1.518804641774712 0
1194 2.30659638769171 -0.9161426736859948 0
1195 0.9161870598372165 2.306448971023031 0
1196 -0.9161105689372464 1.241936726189585 0
1197 -2.39783422616058 0.9130620298278533 0
1198 0.7485266873017491 1.048166482686319 0
1199 0.9123380023977354 -1.154054768412197 0
1200 -2.792560339640914 0.9124233247476299 0
1201 0.8065555919255043 -0.4971641572645139 0
1202 0.4193409337774726 -0.4979453531867747 0
1203 -0.5810010188632135 0.661461633158551 0
1204 -1.838221828103069 -0.1610374490758108 0
1205 -0.414294876412295 0.8548682096965675 0
1206 -0.07985635434693922 0.6615208705467728 0
1207 0.5826348608747438 0.6620036421715839 0
1208 -1.503219597753781 -0.1591117954556112 0
1209 -1.670485986837591 0.4194367329689865 0
1210 -1.670515308773921 0.5164078160043913 0
1211 -1.586673334936674 0.4678317979597427 0
1212 -2.005602294326334 0.5159560316411529 0
1213 -2.089450831016291 0.4676290650436558 0
1214 0.1291415677850078 -1.502864320911454 0
1215 -0.1826567026793201 3.907265239529879 0
1216 -3.918654522465577 -0.1943226351649894 0
1217 3.907265239529877 0.182656702679292 0
1218 -0.1945483777548788 -3.918635234324084 0
1219 1.774456459878704 0.3393817993995452 0
1220 2.258255914115447 0.3392331319635117 0
1221 -0.9164059965074888 -2.307437927921015 0
1222 0.1875543233227026 -3.918489035504726 0
1223 -3.918491709469491 0.1876899888964375 0
1224 0.1659930905838584 1.000262704108722 0
1225 3.080186574770902 0.5872395129124577 0
1226 -0.5858985919303272 3.079559908789989 0
1227 -0.3350046086598547 2.934914457407376 0
1228 2.113173849045713 0.5864489143355407 0
1229 1.62897931581404 0.5877733415879782 0
1230 -0.3308796222785834 2.257913236821407 0
1231 -0.330696982192749 1.871038680263187 0
1232 0.08221431615911991 1.048595279487843 0
1233 0.5000602789507232 0.4200515166295893 0
1234 -0.3318732985685767 1.48405899764933 0
1235 3.176656989129438 0.5872299618775203 0
1236 -0.5866090147781722 3.176264594742709 0
1237 -0.4042781183670794 -0.2609902546665022 0
1238 -0.4517584643309739 -0.1647694247153268 0
1239 -1.168704124250197 -0.615395975399304 0
1240 -1.252289711430831 -0.5697582957953761 0
1241 0.9161910899563447 -2.112903225806452 0
1242 1.436068402842039 0.4225246949347961 0
1243 -0.5397242310318782 -2.33441306767539 0
1244 -0.4970303206159239 -2.418317172869601 0
1245 -0.5014472320344178 -1.387096644469678 0
1246 -0.5447383953304852 -2.170230500401883 0
1247 -0.5789040608669493 -1.433462403728628 0
1248 -0.9208161767883798 -1.722359131756724 0
1249 0.5615495096743487 -3.259909202092372 0
1250 0.513416684107327 -3.175700961456253 0
1251 1.192518917870547 0.001873619285377316 0
1252 1.242745727191296 0.08643848451920534 0
1253 -1.419544202733218 -0.2051531881624747 0
1254 -1.503319872359741 -0.2545301915612872 0
1255 -2.494206387946154 -0.5493196536533507 0
1256 -1.586640740357601 0.5649691531977143 0
1257 -1.502799197207013 0.5162384870549528 0
1258 -2.597953381934173 -0.9253022855549398 0
1259 -0.6569706155758256 -0.5017034829033921 0
1260 -0.4161649068130354 -1.046273510652959 0
1261 -0.4140864664070529 -0.9501691023933876 0
1262 -2.121026159930325 -0.9210958668980642 0
1263 -2.08930063408352 0.5643321350307036 0
1264 -2.173189772680419 0.5161183741232962 0
1265 0.5160647972025549 0.004541069829382315 0
1266 0.612709071455809 0.004625389622861855 0
1267 0.609208276527156 -3.344268717876598 0
1268 0.5618839810003389 -3.426503360341397 0
1269 -1.921864585739349 0.5644337731449216 0
1270 0.5649695489557875 -2.255640440696693 0
1271 0.5158830493377192 -2.339674380633229 0
1272 -3.179795312091245 0.920854546133319 0
1273 3.927908668477512 -0.1912487716700196 0
1274 0.1912487666057536 3.927908664775328 0
1275 -2.172931855305491 0.6131961112080487 0
1276 -2.257009804815724 0.564664314127063 0
1277 -0.408971308326166 -1.24651448214045 0
1278 -0.3043845728937933 -0.07548204542913871 0
1279 -0.2067768112131075 -0.07911750936932349 0
1280 0.5795126548925297 3.465286980489015 0
1281 0.5793003346849238 3.561502807720104 0
1282 3.465352800779719 -0.5794969522470549 0
1283 3.561535084396112 -0.5792713930819259 0
1284 1.149756517271227 0.9071823071168154 0
1285 -0.160434031897276 -1.502450173110613 0
1286 -0.4011825906381513 -2.421450942177805 0
1287 -0.4498160414648299 -2.50453742807498 0
1288 -0.5456652527725376 -2.502060671958184 0
1289 -0.4984456401329799 -2.588271852834264 0
1290 -0.5932494944343246 -2.587999118338624 0
1291 -0.5487389131630901 -2.67183445613365 0
1292 -0.4509012804092032 -2.673386450287006 0
1293 -0.4989530705764276 -2.757799477552596 0
1294 -0.4025810669182699 -2.758156278257593 0
1295 -0.4506154136555763 -2.842322341876786 0
1296 -0.5463619187452518 -2.842901961862878 0
1297 -0.4986773997593006 -2.926464320860901 0
1298 -0.4025699117482215 -2.926174958326246 0
1299 -0.450825625546681 -3.00994399018018 0
1300 -0.546910127516446 -3.010126567163931 0
1301 -0.4991593941691757 -3.093525662931444 0
1302 -0.4029001430796187 -3.093471460501937 0
1303 -0.4513693516020432 -3.177146804933713 0
1304 -0.3549208484775784 -3.176998363154649 0
1305 -0.4030590492606585 -3.260421355316745 0
1306 -0.4995705599790882 -3.260641997686851 0
1307 -0.4509890170099232 -3.343804915322565 0
1308 -0.3544280926958305 -3.343493984532224 0
1309 -0.402033218858775 -3.426749755365548 0
1310 -0.4986467401637319 -3.427279451925123 0
1311 -0.3055074797393742 -3.426367319523083 0
1312 -0.4492807006343382 -3.509952234029042 0
1313 -0.5459670008131176 -3.51085374248983 0
1314 -0.4962702158861225 -3.593041904678345 0
1315 -0.3994080187719504 -3.592197047907304 0
1316 -0.2578926025217723 -3.34320522161069 0
1317 -0.2090765146752502 -3.426084519744429 0
1318 0.4187325699880839 -2.340035089431586 0
1319 0.4670057320544975 -2.423746369845437 0
1320 0.5640736068941057 -2.423387631943535 0
1321 0.5152819375254893 -2.507799067014321 0
1322 0.4182179602455895 -2.507634469570372 0
1323 0.4664536258535653 -2.591472520027339 0
1324 0.5632875465144399 -2.591917528425489 0
1325 0.5144112923673821 -2.675295522006773 0
1326 0.6104761771897668 -2.676008006263493 0
1327 0.5624371516227129 -2.758874855035541 0
1328 0.4177180003426989 -2.674928733819368 0
1329 -2.759833356179865 -0.401373392181095 0
1330 -2.843726620268891 -0.4494052419588298 0
1331 -2.844933439163299 -0.5446515504211101 0
1332 -2.927396556952656 -0.4975791903275134 0
1333 -2.926796375838721 -0.4017063473078864 0
1334 -3.010485695918616 -0.4498266868239389 0
1335 -3.011090643139933 -0.5456675232113963 0
1336 -3.094052666570856 -0.4979335322700343 0
1337 -3.093690535390871 -0.4018927008831545 0
1338 -3.177162104462422 -0.4499598976572331 0
1339 -3.176943165298954 -0.353838500516252 0
1340 -3.260339035660375 -0.4019012712172348 0
1341 -3.260487253531059 -0.4980700007485484 0
1342 -3.343571292209643 -0.4498117271195732 0
1343 -3.343372425349639 -0.3534482754891423 0
1344 -3.426523379167364 -0.4010960681506487 0
1345 -3.426259691194929 -0.3046664474128583 0
1346 -3.426765719114504 -0.4976375284663182 0
1347 -3.509632435037706 -0.4484656681911837 0
1348 -3.510107153355418 -0.5452882710856136 0
1349 -3.592785748072272 -0.495527426011208 0
1350 -3.592095124670452 -0.3986511804381827 0
1351 -3.593775108973317 -0.5926806360510495 0
1352 -3.343140638644119 -0.257070452368679 0
1353 -3.426031773475132 -0.208342795532513 0
1354 -3.426860617951003 -0.5944793080631463 0
1355 -2.25700888009977 0.4677202751954228 0
1356 -2.340797314476017 0.5160416225119768 0
1357 -0.5814768453088065 2.499727979602117 0
1358 -0.58190262588779 2.596363578496678 0
1359 -0.916184891529392 2.016128772402227 0
1360 -0.581183027169613 1.919391842829278 0
1361 -0.5813344826516817 1.53234557402395 0
1362 -0.5811800451105942 1.338727626757672 0
1363 0.5810785150716786 1.435501518078554 0
1364 0.5810296956388492 1.532265550785754 0
1365 0.4972424691669887 1.580646829395036 0
1366 0.5810003847811568 1.629033795566557 0
1367 -0.5813160411757714 1.725900294540241 0
1368 0.6141676018391282 -0.1617234447652017 0
1369 -2.092758238681175 -0.5909260067103037 0
1370 -2.006527660076461 -0.5474572587209577 0
1371 2.983551892353212 0.2557393729680011 0
1372 2.548561510830296 0.3391411422302202 0
1373 1.484268281315863 0.3391693033453267 0
1374 1.871199239709898 0.005951083645017603 0
1375 1.968112046700534 0.3394542862550123 0
1376 -3.094719997395006 -0.5935487253727912 0
1377 -2.253442202640281 -0.5768112828144156 0
1378 0.5010199533943465 0.3240409353969914 0
1379 0.1611540773864488 3.606743660471923 0
1380 0.07819859580241822 3.559917287998855 0
1381 3.606749865928466 -0.1611527082084115 0
1382 3.559921870591479 -0.0781918491771661 0
1383 2.693546738967024 0.5871514817087707 0
1384 2.403193004702159 0.586222012052005 0
1385 2.016256722207941 0.9164176614459232 0
1386 1.532710395632027 0.9175947972976266 0
1387 1.919621799440773 0.5865455466046623 0
1388 -0.3311913930293501 2.548024093437776 0
1389 0.274897209011237 -3.590799026099973 0
1390 0.3711863922985004 -3.590999287299152 0
1391 -3.59076239880984 0.2751087918680163 0
1392 -3.590989402963532 0.3712190281850503 0
1393 -0.3297426940355098 -0.9973693242756576 0
1394 -0.3290895290945354 -0.9013931075701069 0
1395 -0.5937132732047111 -3.594441490043176 0
1396 -1.670645689776909 0.6139294577926694 0
1397 -0.5948598428255468 -3.427989438890155 0
1398 -0.5978374189436844 -1.756200253431714 0
1399 -0.5962797695376211 -1.918725490537836 0
1400 -0.5951113669370695 -3.09333390291162 0
1401 -0.4999999999999987 -0.2457198096071008 0
1402 -0.5478032688978062 -0.1621964496721796 0
1403 -0.5810487427071589 2.306380951654478 0
1404 -0.4058340105032873 -1.738461390404021 0
1405 -0.9164294249604679 -1.339046379365595 0
1406 0.9132655852281097 0.8527913008390652 0
1407 0.5811632436688117 1.338742204067118 0
1408 -0.2462809494117312 0.5646801169351831 0
1409 0.4193203065830206 -1.670480378197118 0
1410 0.4677047788847437 -1.58667284823223 0
1411 0.5644654251721372 -1.586670918532463 0
1412 0.5160971817680067 -1.502864394253845 0
1413 0.6128184079228061 -1.5028517749502 0
1414 0.5645345189008453 -1.419065463109395 0
1415 0.4677422043804677 -1.419051417092251 0
1416 0.5161517581472536 -1.335210595419086 0
1417 3.609127432304886 -0.4953681891299893 0
1418 0.4953892361071024 3.609116502442204 0
1419 -2.090074123651477 -0.4007843073233973 0
1420 2.742056620034602 0.3390746687606133 0
1421 -3.176174534211444 0.6075468119483299 0
1422 -3.092318671823674 0.5608944688448985 0
1423 2.258202266304659 0.005861610328475504 0
1424 0.003014278728635488 0.7099425890857602 0
1425 0.08647816639152846 0.6616968619427327 0
1426 -0.08061138157795633 0.7582301800824235 0
1427 -0.2445671840853906 -0.9496250502594261 0
1428 -0.2441232965138758 -0.8525098136626441 0
1429 -0.3287554005476261 -0.8047749125804395 0
1430 0.6130204623726494 -1.335228248028103 0
1431 0.5645566914829561 -1.251272073281565 0
1432 3.080497082397238 0.9168929014473526 0
1433 -0.9170610227749864 3.080339705067321 0
1434 2.887092322442197 0.5874385775780424 0
1435 -3.757417575258831 -0.9032678164851186 0
1436 0.9328032533405239 -3.756987014484858 0
1437 3.757517333655911 0.9191429317619445 0
1438 -0.9191426447988118 3.757516584336464 0
1439 0.6098769712909955 -3.17581805054217 0
1440 0.5619861666477417 -3.092071692514702 0
1441 -3.343763337174984 0.6072875069186359 0
1442 -0.005704217762763225 2.258063459337031 0
1443 -0.3304654104775483 2.064492326970695 0
1444 -0.004704360758520577 1.87095649725983 0
1445 0.1700620470279333 0.4205051430940028 0
1446 0.1695414580925279 0.324402606398107 0
1447 0.08529324304993209 0.2765011901650206 0
1448 -0.3314589671021717 1.677701256007629 0
1449 -1.083640837615178 -0.2795167711382186 0
1450 -0.9999048410628155 -0.2281834486700518 0
1451 1.388345802654479 0.5060907332155975 0
1452 1.437078254056724 0.588906305148404 0
1453 -1.502651744382395 0.6131488194174043 0
1454 -1.41893179881012 0.5643571021636959 0
1455 0.6143192436893022 -2.171623240947527 0
1456 -2.341004280396557 0.6130763802974766 0
1457 -2.42452231356419 0.564037740189262 0
1458 -2.424455663926936 0.4674502270249458 0
1459 -2.508029397480891 0.5154036285641409 0
1460 -2.508121029641067 0.419053809164479 0
1461 -2.591589292658188 0.4669905203679227 0
1462 -2.591311034090621 0.5629826619984035 0
1463 -2.674767905801568 0.5145971923879831 0
1464 -2.675211690765104 0.4186927662905735 0
1465 -2.758477692682841 0.4664455036438672 0
1466 -2.757972153380801 0.5623937129720289 0
1467 -1.232751748697201 -0.9128049860940197 0
1468 -0.3318113252140298 2.644731958769104 0
1469 0.6633565636798122 3.513855832558996 0
1470 0.6635053311113995 3.417503118525478 0
1471 0.6631973798861759 3.610213382058564 0
1472 3.513897498052691 -0.6633303026188961 0
1473 3.417581583873474 -0.6634925781954859 0
1474 3.610228034200267 -0.6631645214940761 0
1475 -0.3543309832479978 -2.674322149461733 0
1476 0.162035181959994 3.224317556863767 0
1477 3.224269025573901 -0.1619038462395011 0
1478 -2.257041630840485 0.1774467367204038 0
1479 -3.426326991969704 0.560699033317422 0
1480 3.224846405979907 0.50485638607859 0
1481 3.273101091226812 0.587358883348816 0
1482 3.321247328727014 0.5049338881673724 0
1483 3.369503048482744 0.5875832774669765 0
1484 3.417550677643194 0.5051076079846011 0
1485 3.465819357423904 0.5878849715348057 0
1486 3.513730656974316 0.5054392037625811 0
1487 3.562025200583833 0.5882583018607404 0
1488 3.609818935553844 0.5058084838762007 0
1489 3.561317843504968 0.4224712943312712 0
1490 -0.5039433137253655 3.224536750924092 0
1491 -0.5871609382834855 3.272892295149407 0
1492 -0.5045095848397221 3.321057191842721 0
1493 -0.5875125791570925 3.369397951617031 0
1494 -0.5049735632921554 3.417456661876742 0
1495 -0.5878357706184909 3.465765670305722 0
1496 -0.5053771646973974 3.513693910004206 0
1497 -0.5882326423874853 3.562003065085619 0
1498 -0.5057453802647336 3.609746812687344 0
1499 -0.42244712532665 3.561323971883432 0
1500 0.4972068829830168 1.677415702076483 0
1501 0.5809822386930517 1.725805346187762 0
1502 0.4971818467809531 1.774189042708055 0
1503 0.580972222300314 1.822578791274026 0
1504 0.497169036988887 1.870964283667146 0
1505 0.5809656881463729 1.919353010345344 0
1506 0.4971681420608715 1.967738297047098 0
1507 0.5809631633041439 2.016126593317717 0
1508 0.4971617342272246 2.064511808189978 0
1509 0.5809607589268913 2.112899288381508 0
1510 0.4971602187126364 2.161282713103871 0
1511 0.5809589468254978 2.2096705976881 0
1512 0.4971646460054024 2.258050188745012 0
1513 0.580957973147189 2.306439498770767 0
1514 0.4971708317662631 2.354815730430909 0
1515 0.5809512904514628 2.403208129118766 0
1516 0.4971713856980282 2.45158082565017 0
1517 0.580946716349643 2.499971500673453 0
1518 0.4971748560079433 2.548340236594943 0
1519 0.5809499224072229 2.596721016396828 0
1520 0.4971649383076536 2.645097438992483 0
1521 0.5809379597258394 2.69345825048563 0
1522 0.4971578364351035 2.741834104680259 0
1523 0.5809049522314416 2.790162170860901 0
1524 0.6647360417535666 2.645093652809567 0
1525 0.6647635383497659 2.161287229922511 0
1526 0.6647713982136321 1.870966760242527 0
1527 -0.5811552509566587 1.145164654498527 0
1528 0.6641980984490296 0.324949136052681 0
1529 0.08109494334716144 1.145326231408685 0
1530 -0.001638453077505892 1.096949357252874 0
1531 -0.002714338140679153 1.193675032439276 0
1532 -0.7493326336747385 0.2767425637430737 0
1533 1.096612196401382 -0.8320005972418 0
1534 -1.084086500983395 -0.660797946937362 0
1535 0.8527306356933408 -0.9147034838982805 0
1536 -0.01612387644945059 -0.2455045311823658 0
1537 -0.9160359973146229 0.4694075927073691 0
1538 0.5652987191234338 -0.2456264601087693 0
1539 -0.9163245639912644 -0.274016279219262 0
1540 -0.9168450396147453 -0.1783917350123417 0
1541 0.6631003257680036 -0.2451956573488985 0
1542 0.6137397105647757 -0.3293860499743719 0
1543 0.7131367633980019 -0.1605520697897831 0
1544 0.6648553719492158 1.38710845202507 0
1545 -1.586668012130082 0.3710260560650392 0
1546 0.177501604805733 -1.419090111492404 0
1547 -2.758859980295202 0.3704194936806585 0
1548 -0.08691723140332104 2.983891098680121 0
1549 1.38739997432334 0.3389578239468246 0
1550 1.43602149310468 0.2556844589352839 0
1551 1.532551390684249 0.2560741170160568 0
1552 -2.842165379928113 0.4181850148776037 0
1553 -1.419638136038842 -0.2989255024901294 0
1554 -1.503617804679972 -0.3490641440916878 0
1555 -1.587130088497642 -0.3037513134797897 0
1556 -1.587489211747865 -0.3990204511868816 0
1557 -1.670971157292377 -0.3528256213390072 0
1558 -1.671272954187814 -0.4488795044449446 0
1559 -1.587885294117193 -0.4951356800810409 0
1560 -1.671471255679734 -0.5455120497864645 0
1561 -1.588102661071695 -0.5915266692995291 0
1562 -1.754813226330318 -0.4019455649598251 0
1563 -1.671643070762104 -0.6419208925508644 0
1564 -3.426896536573041 0.6558321920508746 0
1565 -3.509634079103226 0.6097715028899334 0
1566 -0.6702189352387135 3.417811578405858 0
1567 3.417873465974524 0.6702368542139046 0
1568 -0.2486303886169454 2.596420927737739 0
1569 -0.5005412620859959 -0.07793923449219003 0
1570 -0.5960084399680721 -0.07844532484901012 0
1571 -0.08550003320289963 1.145314351671575 0
1572 0.6609004897384934 -1.586476168617168 0
1573 -3.012677285077133 -0.6404593494763371 0
1574 0.2442497080952964 3.653727586073668 0
1575 3.653734640729317 -0.2442491987111315 0
1576 -0.2491705517927914 2.69323089035067 0
1577 -0.2484372055798912 2.499617837466325 0
1578 1.003958527742589 0.227403429576785 0
1579 0.9220170998287794 0.1798873423633328 0
1580 -0.6577896260194861 -2.666437554819524 0
1581 -0.08414429086650228 1.048558475037899 0
1582 -0.08642251182950023 1.24202444609628 0
1583 1.087116305942759 0.2802332899291839 0
1584 -0.8324634910171407 -0.2246371602904644 0
1585 0.6576150520343678 -3.427026631383246 0
1586 0.6107359104071803 -3.509746335993914 0
1587 -0.6373809268437508 -2.502806985798773 0
1588 -0.4942605916168291 -1.481094846648989 0
1589 -1.335244987540102 -0.1524004227765589 0
1590 -2.010081715143179 -0.647152590940398 0
1591 -0.8361823112110188 -0.1290322580882219 0
1592 -3.676024979853985 -0.5425070522685211 0
1593 -3.677781131329108 -0.6406219946730016 0
1594 -0.5430405807398849 -3.675866727013748 0
1595 -0.6408504738402537 -3.677722663056432 0
1596 -0.6429437964530823 -3.010233347731937 0
1597 0.6579657367710421 -2.759034598929026 0
1598 1.342178877292975 0.5896287157628781 0
1599 -1.051032456285134 0.9137758909169873 0
1600 -2.088897997795698 0.6608194192253078 0
1601 -3.091651994745175 0.6569588886309026 0
1602 -2.424866039329999 0.6606965897608459 0
1603 3.654722761974591 -0.07756191121315305 0
1604 3.608136795312436 0.005376422940880731 0
1605 0.07756430372516382 3.654719758982664 0
1606 -0.005368655139090421 3.608132964790015 0
1607 -1.418653395861249 0.6606995008352523 0
1608 -1.335235080531779 0.612159996831791 0
1609 -1.335238577771483 0.5160888422903731 0
1610 -1.251586171099799 0.5645780045344155 0
1611 -0.6883127306547687 -3.596903345394447 0
1612 -0.4102794592212609 0.1843906386003724 0
1613 0.6614645199829592 -1.251008067008328 0
1614 0.6128736154899753 -1.167177188035401 0
1615 -0.2445326110183921 -0.7555110703803125 0
1616 -0.3286430789896722 -0.7081082264956504 0
1617 -0.1591688905832623 -0.802987312812472 0
1618 -0.5886362489887955 3.658084159528509 0
1619 3.658089818535954 0.5886391032610243 0
1620 -0.916656124734136 -0.08190097855416786 0
1621 -0.8323821799126887 -0.03225806451613011 0
1622 -1.253189689061408 -0.6652094514784879 0
1623 0.660765528928028 -2.593109317669301 0
1624 -0.4226536852169432 3.656873964487963 0
1625 -0.3393794418521318 3.608369936147441 0
1626 3.656875097679891 0.4226556683625129 0
1627 3.608388617329696 0.3394013631386395 0
1628 0.6590250347683749 -3.09108971371245 0
1629 -1.251692112602173 0.6606194921291516 0
1630 -1.168144547923414 0.6132564146467363 0
1631 0.6625917996432806 -2.254933014751614 0
1632 0.1692654311893758 0.2280876975417237 0
1633 0.08321881562507041 0.1793999592494768 0
1634 -0.4051204525917408 -1.426588713781326 0
1635 -0.2537716783565109 0.003285726717920504 0
1636 -0.1548565156070986 0.00187924846870071 0
1637 -0.1613946648947474 -3.342955794104917 0
1638 -0.1126343846437382 -3.425839848266487 0
1639 -0.1598891177504294 -3.508727429182397 0
1640 -3.510473717203621 0.7068585037559065 0
1641 -3.592962267331811 0.6585030541111562 0
1642 -0.4156483883573464 2.693026220031852 0
1643 -3.342921151770917 -0.1607051829611849 0
1644 -0.3065543498584501 -3.093392361649345 0
1645 -3.42581085122294 -0.1120094818650341 0
1646 -3.508686425188143 -0.1592201823063967 0
1647 3.464402089721816 -0.07832410680955576 0
1648 0.07833310281388664 3.464358640565075 0
1649 3.513007912947367 0.339173032526159 0
1650 3.560517805173876 0.255986117495432 0
1651 3.655631188782034 0.2565441139438908 0
1652 -0.3390463749502033 3.512947883948343 0
1653 -0.2559258034033369 3.560484945469689 0
1654 -0.2565371586603336 3.655610443816708 0
1655 -2.675408888228525 0.3224145962728907 0
1656 -3.093421865123464 -0.3057016582355458 0
1657 -0.306187840059934 -2.758565433110409 0
1658 -2.34076373243817 0.225820989423687 0
1659 0.4971030269728621 2.838491831212924 0
1660 0.5808358709035752 2.886813868464705 0
1661 -1.050970204681464 -0.9131552954755586 0
1662 0.6646671647023084 2.838513429258685 0
1663 0.6645894388541307 2.935163589338961 0
1664 -2.089481201892056 0.3708922858221858 0
1665 0.3221768799277038 -2.172809028442222 0
1666 -0.6653092728524274 2.54809104960169 0
1667 -0.6656942841732612 2.644730753386844 0
1668 0.6647513370314306 2.451591398256881 0
1669 -0.2096773774269382 -1.586662346098502 0
1670 -1.923826899523393 -0.5979147581878218 0
1671 -0.6638159555992729 -1.390866160415137 0
1672 -0.6590632213797879 -1.501090335773725 0
1673 -0.7484884451360982 -1.14520420721994 0
1674 0.9981560647196746 0.6128165043976083 0
1675 1.079090955529326 0.6621887047475506 0
1676 0.0003505413324781504 0.2298629033084822 0
1677 0.6647841918734684 1.677420115275642 0
1678 0.4981126500251516 1.096950681997521 0
1679 -0.4975232347953434 -0.9027476628246012 0
1680 0.6649071545516657 1.29033489560523 0
1681 0.4193706861390728 -1.335235882858853 0
1682 0.5161079980220039 -1.167474040098672 0
1683 0.5643886525746262 -1.083489847739852 0
1684 0.6608239782543781 -1.082894918794222 0
1685 -0.3065243472859252 -1.920922577782556 0
1686 0.37095055975235 -1.586671583589667 0
1687 0.32256141935914 -1.670467608176537 0
1688 -0.5940426511166252 -0.2442061362167845 0
1689 -1.922112676552479 -0.209265399178871 0
1690 -2.25833054701508 -0.304920359622962 0
1691 -3.092505455832929 0.4650800139005258 0
1692 0.4653357542669195 -3.092136302214843 0
1693 0.5137624670958738 -3.008750131073402 0
1694 0.324447665425303 -3.673229145989072 0
1695 0.4206189513809645 -3.673547135425058 0
1696 0.2283186908586069 -3.67307177504029 0
1697 -3.673223350625796 0.3246871581766573 0
1698 -3.673617551249893 0.4207367407807416 0
1699 -3.673038715798858 0.2286496838443244 0
1700 -3.008502523954061 0.6095935004473086 0
1701 0.08568763486587183 0.7583787055221087 0
1702 0.1691825230520699 0.7101181206105478 0
1703 -1.587563906200303 -0.6870135263902452 0
1704 -1.504875529266535 -0.5415608551526432 0
1705 -1.167611348155879 -0.3307145513297954 0
1706 -0.6711002963130359 3.610454089358211 0
1707 3.61046322988574 0.6711134639546942 0
1708 -2.342014279813791 0.7114366020047217 0
1709 3.22492014905845 0.6695088036254951 0
1710 -0.6694193619297688 3.224659663023523 0
1711 1.389836085582985 0.6720516881999268 0
1712 0.4181058905405651 0.3720667644961172 0
1713 0.4178729047737474 0.4684167285876228 0
1714 0.4188564373908361 0.2751214911373036 0
1715 0.5645203199852777 0.08569156593071561 0
1716 0.6587786589933154 0.08946647311636302 0
1717 -3.096061636715858 -0.6885354385141386 0
1718 -1.501339424246982 0.711555817494044 0
1719 0.9997361473848182 0.1311320245945691 0
1720 0.91998373747356 0.08530244861222322 0
1721 -0.6894395758544472 -3.092083449810491 0
1722 -1.169602403636083 0.7112854036147982 0
1723 -1.084176970268809 0.6616729938835795 0
1724 -3.595223495026176 -0.6894122534737335 0
1725 -1.92500830738002 -0.6987556606340525 0
1726 -0.5549201450211517 -0.326473109707992 0
1727 -3.345780609332874 0.7000451678067049 0
1728 -0.4114723349947248 -1.533997762298672 0
1729 -2.098936008863062 -0.6858810838455545 0
1730 0.7061542578024198 -3.175544698932335 0
1731 -0.006089892069083816 3.703555510855753 0
1732 3.703561329402032 0.006088125593680133 0
1733 0.7094014224122962 -1.502796609314151 0
1734 -0.5505452052312783 0.005178965627457554 0
1735 3.706712478547628 0.6717380559644318 0
1736 -0.6717371501459981 3.706711828758609 0
1737 -0.2447365895011185 -1.0464893530774 0
1738 -0.1610854443455218 -0.9992544129870105 0
1739 -1.083478591265395 -0.1853623100253077 0
1740 -0.1615938388638671 -0.7059487698100555 0
1741 -0.0808852909909934 -0.7532404214810584 0
1742 -0.07901581929355278 -0.6565581734342569 0
1743 0.0001113187496397909 -0.699402142367106 0
1744 1.297517040304765 0.6725348714283237 0
1745 0.7090432427904283 -3.510562898975576 0
1746 0.6596836075611124 -3.592943824672258 0
1747 0.7508367575461035 -3.427599342882525 0
1748 -0.5887939853487767 3.754207236987022 0
1749 3.754208514278284 0.5887949133123137 0
1750 -3.0077000338613 0.705970274269249 0
1751 0.7140590634215054 -2.170189523006468 0
1752 0.9956713914874638 0.03601492218277788 0
1753 0.9008524461708441 -0.006452635648285743 0
1754 1.291017888176605 0.506962007991558 0
1755 -3.015153903460953 -0.7358574003722547 0
1756 -0.004839959706713377 0.1360206436527969 0
1757 -0.9200614046588342 -3.85131603937461 0
1758 0.919892717710873 3.851167005475045 0
1759 -3.854452401535433 0.9205328736227307 0
1760 3.85116719415679 -0.9198929208732443 0
1761 -0.6451624604570443 0.005693920402645902 0
1762 3.562622741744221 -0.747423591428195 0
1763 0.7474515166426537 3.562603904661451 0
1764 0.7477086460425841 3.659185362263005 0
1765 0.6635725877368057 3.706985169728386 0
1766 0.7487263599662241 3.756059163448118 0
1767 3.65919895394113 -0.7477049241315201 0
1768 3.706992463218633 -0.6635568062079447 0
1769 3.756062266373672 -0.7487161864572869 0
1770 -0.06350845518447892 -3.508504981839788 0
1771 -0.1103093627726166 -3.591142487416753 0
1772 -0.01396013901091056 -3.590933069554326 0
1773 -0.06021479691595681 -3.673287633725746 0
1774 -0.1563746154421549 -3.673469696017651 0
1775 0.03603544216728706 -3.673115643461476 0
1776 -3.508474842478967 -0.06293377213918061 0
1777 -3.591107548950229 -0.1096972055302893 0
1778 -3.59089677762241 -0.01342942374351031 0
1779 -3.673254039452625 -0.05967379248694334 0
1780 -3.67344974536111 -0.1557769426709222 0
1781 -3.673075968726569 0.03650952501590848 0
1782 0.08351190086981584 0.951842869846155 0
1783 -0.01608710145603513 -3.425588819008683 0
1784 -2.758980024866219 0.2740296440061528 0
1785 0.5807252340111323 2.983406317364399 0
1786 0.6644696414957125 3.031758648665695 0
1787 -3.425574197694069 -0.01558299620379366 0
1788 3.464890570379659 0.2557512307806226 0
1789 3.512638469865454 0.1724062831831969 0
1790 -0.2555624260912551 3.464836751004328 0
1791 -0.1723117636476048 3.512612432291094 0
1792 -0.2579730058926717 -2.675081796429354 0
1793 0.6109491294184949 -2.842210793971022 0
1794 0.7082244483520126 -2.841817747321097 0
1795 0.7517181021834661 -2.757479942497151 0
1796 -3.177794654985019 -0.6412453220716205 0
1797 -2.257023300577182 0.2741759770786337 0
1798 -0.6443223619716379 -3.176899642567619 0
1799 -0.2091609106443394 -2.256461012958415 0
1800 0.748450352821814 2.886889129740307 0
1801 0.4134143241809814 2.693463485417804 0
1802 -0.5824838931411775 2.692994670515028 0
1803 -0.6661960297503198 2.741356567391272 0
1804 -0.3538017099581288 -2.506324677019075 0
1805 -0.3054417201795097 -2.423092498699231 0
1806 -0.2577027444918503 -2.507477717483862 0
1807 0.4134265255351225 2.499945650868521 0
1808 -2.592149734972912 -0.2086116132124467 0
1809 -0.7494275510559725 2.693148159684994 0
1810 -0.749827120027511 2.789788866794167 0
1811 0.1771119926979558 -2.089250996811778 0
1812 -2.4244773313504 0.1774798381777438 0
1813 0.4133775347049665 2.209660760847462 0
1814 -1.670689835499782 -0.2571881911129282 0
1815 -1.921912055106985 0.1774207351689714 0
1816 -1.419960157172537 -0.3926103173924055 0
1817 0.413386727180551 2.016121597742894 0
1818 -0.7490455233926631 -1.439608883296823 0
1819 -0.7565945917401788 -1.534454617423481 0
1820 -0.7486635652281631 -1.340580592662551 0
1821 -1.251442222547244 0.4685141941316269 0
1822 0.4134240969487297 1.725794228912714 0
1823 -0.003366947596347277 1.290373153538108 0
1824 -0.08685315200479364 1.338715886160211 0
1825 -0.7478512357247888 1.048458914323159 0
1826 0.4672107539277866 0.08397228847823579 0
1827 0.7613228467382498 -0.2446601768732921 0
1828 0.841923002536953 0.2249159100157391 0
1829 -0.1635245045505326 0.709807356500245 0
1830 -0.1642951989890275 0.8065576501350843 0
1831 0.01874804870458069 -0.5062091658442215 0
1832 0.1697674938911478 0.6134647569307986 0
1833 0.2523374993746773 0.6618889181811918 0
1834 -0.9110452838678026 0.8558183742397416 0
1835 -0.9171392895448762 -0.7607994862134114 0
1836 -0.4973364579116733 0.5161047284814146 0
1837 0.6613319918135729 -0.5810228902106831 0
1838 0.4993154935195475 0.8072875433713071 0
1839 -0.1109821550345132 -0.08078443599785409 0
1840 0.831489697461733 0.7091617654118281 0
1841 0.5164430923611942 -0.3295661740611659 0
1842 0.7101235555581284 0.00499562236308611 0
1843 -0.4128979353441845 -0.757264529586944 0
1844 -0.4126438682704783 -0.6608243882100827 0
1845 -0.3281172871641479 -0.6115463703442827 0
1846 -0.4122650085682964 -0.5645404726501335 0
1847 -0.08360206828182909 0.1849193858026967 0
1848 0.5648517598336196 -0.4134217860556815 0
1849 -0.2472177194920922 0.7581394844668381 0
1850 0.748622247061023 1.338706087633466 0
1851 0.748608365211224 1.435486047198047 0
1852 -0.4967000481780862 -0.6131891209715501 0
1853 0.7486309080562578 1.241908256353417 0
1854 0.6649764918992032 1.193549789590515 0
1855 -1.670487661243178 0.2258572939191084 0
1856 0.7101547354381368 -1.335445949156899 0
1857 1.484794969014966 0.6714793192785559 0
1858 -1.335203662721859 0.4199775497735733 0
1859 -1.08399254465118 0.5653434821041649 0
1860 -2.172032487862221 0.7115256855121315 0
1861 -1.000139993383353 0.6134536157682526 0
1862 0.2257527253501836 -1.838008564913334 0
1863 -3.176715598781187 -0.2575261430679454 0
1864 0.1290588562093927 -1.670457163229394 0
1865 -0.2584214097074297 -3.176796333410256 0
1866 0.3709792692820257 -1.419062312733465 0
1867 0.7485001623375981 2.790194442921206 0
1868 0.6626950973281671 -2.088035637138413 0
1869 -0.6650516209138763 2.451428825918799 0
1870 -0.7488634530709396 2.499811437501873 0
1871 -0.7487134980659056 2.40311361087127 0
1872 -1.922793993916169 -0.4996374008588416 0
1873 0.3226211735358636 -1.335271587883375 0
1874 0.3709886102624076 -1.251445726692092 0
1875 -0.4217684249960978 3.369155149178251 0
1876 3.369373183646448 0.4222763920808431 0
1877 -2.173271885153232 0.2257995270349044 0
1878 -2.930383964874157 -0.6865851473815425 0
1879 -3.175888988110587 0.7001224914658627 0
1880 2.983446248566591 0.08885302033032827 0
1881 0.4171887937765303 -3.008732748774401 0
1882 0.4656230112812133 -2.925369735237801 0
1883 0.3689272854954294 -2.925273560711346 0
1884 1.339845607923559 0.2554610180534264 0
1885 1.28909944892814 0.338000093709089 0
1886 1.387841991301687 0.1718217424948626 0
1887 0.0767775036298044 3.748742403478665 0
1888 3.748744867476449 -0.07677763158627479 0
1889 -3.17825829790427 -0.7353204356682257 0
1890 -3.259953155997896 -0.6894249830548383 0
1891 -2.924948963582177 0.6582610187028775 0
1892 -0.3514612850690565 0.02336973601443528 0
1893 -1.671956550991424 -0.73716311214408 0
1894 0.1708578257909197 0.130463218314483 0
1895 -3.680484366613485 -0.7373145622560668 0
1896 -2.925803795023033 0.752504329023084 0
1897 -2.840926765383863 0.7087595735404588 0
1898 -0.7539864429723546 3.658926575603976 0
1899 3.658927011325999 0.7539873925970384 0
1900 -0.5534160297932227 -1.673366598526145 0
1901 -0.4953309522641329 -0.5177185408545275 0
1902 -0.7533416214327603 3.562802475756041 0
1903 3.562818267369981 0.7533514810080568 0
1904 1.436606412504219 0.7544171514236869 0
1905 -1.251928305674545 -0.4756682631256443 0
1906 -0.1666863006563193 2.64488710663996 0
1907 -0.6667595922886111 2.837936264263668 0
1908 -0.750306983085036 2.886431361486948 0
1909 -0.1693001631437138 1.193675396867445 0
1910 0.2539271763374126 0.1811173863286991 0
1911 -0.7548102134719966 3.757058385361487 0
1912 3.757058979497512 0.7548107497580722 0
1913 0.2527452550283269 0.5652292791318206 0
1914 0.3351908029291883 0.6136233366262502 0
1915 0.3346988997881673 0.7103686227929981 0
1916 0.1682209350913047 0.8068272746929799 0
1917 -0.08162595173900078 0.8549921944487247 0
1918 0.7585670174803789 -1.250701438742662 0
1919 -0.7343085991318172 -3.681566266302876 0
1920 -0.1653027870435139 0.9033443940881988 0
1921 0.2783047025838386 -3.755170275857323 0
1922 0.1823388149360756 -3.755076003671832 0
1923 -3.755168808600327 0.2786026556981958 0
1924 -3.755049727876131 0.182685066994531 0
1925 0.7562878670628784 -1.585676156977049 0
1926 0.711713837804215 -1.670670582364635 0
1927 0.8201918706883178 -1.672814966327059 0
1928 0.758022467751729 -1.75429337970117 0
1929 1.532803408797204 0.7532135127733416 0
1930 0.8200000231971245 -0.155397244507247 0
1931 -0.1671247531169656 2.741890941810341 0
1932 -3.755291745678488 -0.1051572212182594 0
1933 -3.755512536115415 -0.2011529406556903 0
1934 -0.1056418282601333 -3.755307739626576 0
1935 -0.2016943892413668 -3.755497386221667 0
1936 -0.1980358814022362 0.08082091599676899 0
1937 -0.7534854717130179 -3.172192161366592 0
1938 -0.6958639305474952 -3.260918169153448 0
1939 -1.336224169101024 -0.6219399443682668 0
1940 -1.335745169772832 -0.7146346313008671 0
1941 -0.06464327845093676 -0.8481208898170824 0
1942 -0.7410215216049522 -3.010379577056845 0
1943 -0.6905947782262235 -2.928279404272541 0
1944 -3.759357992869575 -0.5901080701716863 0
1945 -3.757498437502579 -0.490846194980238 0
1946 -0.5897202710940538 -3.758137036702963 0
1947 -0.4916120940170157 -3.756966874810724 0
1948 -0.5986380483356992 0.08842535486993491 0
1949 -0.6898328754189811 0.09020969394584488 0
1950 0.1838884910066211 -0.7536006242395883 0
1951 0.7558604178880632 -3.594347985795429 0
1952 0.7068371085588889 -3.675947119231913 0
1953 0.6123478253274804 -3.674925238527742 0
1954 -3.593749065910825 0.7517471311910697 0
1955 -3.676298581993543 0.7082571647437483 0
1956 -3.675411399635166 0.6125420738017273 0
1957 -3.511462389052555 0.8177215054843422 0
1958 -0.6459082111535476 -1.676148336137946 0
1959 -0.6908854714301078 -1.757818516701056 0
1960 -0.6593392883446008 -0.3256170422853871 0
1961 -3.914117111112848 -0.8547611328418121 0
1962 0.8571428571428583 -3.917521390115769 0
1963 3.91346974268402 0.8445913524034059 0
1964 -0.8445913524034007 3.913469742684013 0
1965 -0.2502608401534293 2.790087872546329 0
1966 3.656192403887316 0.08952102859457589 0
1967 3.752636409382959 0.09040187452494593 0
1968 -0.08951643753262778 3.656180942449064 0
1969 -0.09040473172183634 3.752629586969507 0
1970 -0.7426758382227885 -0.1693197614608188 0
1971 0.7600189869825541 -2.086636899171465 0
1972 0.7099269089064811 -2.004350609759609 0
1973 0.8048417178915619 -2.002978796825017 0
1974 -2.088061365526823 0.7555462567072607 0
1975 -2.004827257593134 0.708114155330958 0
1976 -2.003643802233369 0.8028254437529185 0
1977 -1.921189283803435 0.7562797085405324 0
1978 -0.2100477409375242 -3.093183849509748 0
1979 -0.1618956967645968 -3.176586878011281 0
1980 -0.2581682670497465 -3.009693649074748 0
1981 -2.426046106933418 0.7554326221836215 0
1982 -2.50760276551339 0.7058336679878252 0
1983 3.416802485558002 0.1722509230798434 0
1984 3.464640582382458 0.08877903915524926 0
1985 -0.1720328512886894 3.416781293273994 0
1986 -0.08866934255462566 3.464631895832295 0
1987 -0.2556071769366863 -1.501435312892982 0
1988 -0.2081537739717716 -1.418460285417741 0
1989 1.245108245885005 0.2544797424493213 0
1990 -0.7941910069129681 -3.267071423450537 0
1991 -0.7405769508650937 -3.345529786972105 0
1992 -3.093190392764877 -0.2093306008783378 0
1993 -3.176520686502886 -0.1611593006984708 0
1994 -3.009800254074066 -0.2574790836438566 0
1995 -2.67537165149815 0.2257482706810815 0
1996 -2.591774854881304 0.2741181321876323 0
1997 -0.2097906563625161 -2.758975491855973 0
1998 -3.67371096432713 -0.2518805511127179 0
1999 -3.755842454441409 -0.2972104142338351 0
2000 -0.2525341326543805 -3.67370592100534 0
2001 -0.2978324389447811 -3.755760604739412 0
2002 0.5805721225098801 3.079930862916496 0
2003 0.6643053662084862 3.128292050507075 0
2004 0.7482531433835656 3.08015758010644 0
2005 0.7480916686929298 3.176717751138845 0
2006 0.6640966073031592 3.224759747677444 0
2007 0.7478880507870366 3.273222805810494 0
2008 0.4674598664863452 -3.591386576105715 0
2009 -0.2094240786079083 -2.424046882808026 0
2010 -3.591433408681919 0.4672679411762735 0
2011 -2.424463848896909 0.2741707196216862 0
2012 -0.258013371122033 -2.842424855164319 0
2013 -1.417515010553349 0.7554127366487262 0
2014 -1.839484791629405 -0.6461465685086716 0
2015 -1.83962428379032 -0.7424876058496281 0
2016 -0.8330723147026138 2.741618249846939 0
2017 -0.8325148782886842 2.45150993282275 0
2018 -1.838299801097952 -0.2576467779588786 0
2019 -1.922213831801904 -0.3058708007625922 0
2020 -2.006043276339324 -0.2573101516140786 0
2021 0.6126436997695917 -0.9996416634493231 0
2022 0.5160618873951354 -0.9999037109871105 0
2023 0.7086415331045512 -0.9989382873251105 0
2024 0.7567171726384458 -1.08183722379585 0
2025 0.7574225357499362 -1.920665233789514 0
2026 -1.000497601263805 0.7119235654417644 0
2027 -0.9152670723951761 0.00910669109375797 0
2028 -0.9993408162695894 -0.04130729092741749 0
2029 -0.003559582742967322 1.387062255232353 0
2030 -0.08657047470030563 1.435406697078421 0
2031 -0.1697624736335792 1.387080389854578 0
2032 -0.1690876516989465 1.48380182104684 0
2033 -0.08596710580232098 1.532075067548754 0
2034 -0.167825172705543 1.580552790808643 0
2035 0.8323852052006567 1.387092920512514 0
2036 0.6618564387081668 -0.4132955513600519 0
2037 -0.8332604972898868 -0.3224122830209017 0
2038 -0.08069598921715569 0.2775253818579727 0
2039 0.9961526970869845 0.7089043578464753 0
2040 1.075816286611033 0.7568409351249628 0
2041 -1.251311994095334 0.3726455627491004 0
2042 0.2742018772930869 -1.586668979512192 0
2043 0.36890564126098 -3.092190310626023 0
2044 0.7621861015236375 -3.084217540519073 0
2045 0.7601369153507735 -2.253595763033505 0
2046 0.7099125324561256 -2.337347344031971 0
2047 -0.7816860144750273 -3.601597399906201 0
2048 -0.7374677631136032 -3.513921951601557 0
2049 -0.8388367738218466 -3.514960837625406 0
2050 0.417352259583908 -2.84188174277373 0
2051 0.3206617819171255 -2.841809797716374 0
2052 -1.253047945316959 0.7552560019230394 0
2053 0.6583019772168468 -2.925755429129772 0
2054 0.7516568108215227 -2.92591469064338 0
2055 -2.925187230150892 0.5620488969933755 0
2056 -0.6675178813193521 2.934625338489852 0
2057 -0.7508042573769309 2.983086873357689 0
2058 -0.1682561957069668 2.838795004673911 0
2059 -1.25553462744971 -0.7576266507832293 0
2060 0.7655148307863235 0.09087943422787897 0
2061 -0.5371384870773209 -3.838654795856434 0
2062 -3.839764637918072 -0.5352218741113455 0
2063 0.6614508287665595 -3.757670883199604 0
2064 0.5661537265692917 -3.756739747404313 0
2065 0.7535688114724886 -3.759001637407478 0
2066 -3.759408562418502 0.6625057771286823 0
2067 -3.757270430563191 0.5663688276077066 0
2068 -3.764448757658308 0.7653033974147019 0
2069 0.5979552515940273 0.1780057335132374 0
2070 0.4175193723224752 0.6620836154931268 0
2071 0.3354767407869606 0.4204712584843324 0
2072 -0.6407365533862304 0.1710997675893166 0
2073 -1.419456483501713 -0.6730994191733363 0
2074 -1.414619255068804 -0.7657816922697067 0
2075 -1.335681341583842 -0.3400358412834922 0
2076 -0.7358617831343822 -1.680286283140299 0
2077 -0.7813150935801936 -2.930889371190111 0
2078 -0.7341424178899288 -2.849206279229509 0
2079 -0.8355669642554713 0.05224026748379836 0
2080 -1.176746965471321 0.8189062228484639 0
2081 1.145921440992096 0.08530607800192966 0
2082 0.8033100908159994 -3.176109378988634 0
2083 0.7619057710141497 -3.269217318370655 0
2084 -0.0633161225346934 -0.0003908048481917158 0
2085 -0.01686331409306122 -0.08172586286597446 0
2086 0.03031023312429358 -0.003619031978097602 0
2087 -1.496001289366355 0.8197289118884314 0
2088 -1.586662844089611 0.75806295642685 0
2089 -1.585256492655262 -0.7811741839210251 0
2090 1.180548093772005 0.3330267800024679 0
2091 -2.508055132651759 0.7992147080109652 0
2092 -2.588330072192996 0.7504674635967383 0
2093 1.161740007764273 0.6187389633744501 0
2094 -0.9987163602850384 0.04994540090862744 0
2095 -2.346053416189088 0.8196835852932871 0
2096 0.9925089713841058 -0.05487018056046034 0
2097 -2.168187859587911 0.8198618985448586 0
2098 -0.7809918868010701 -1.758425359657743 0
2099 -0.7397781421308856 -1.837963982536576 0
2100 -0.8315587894517049 -1.836450140029292 0
2101 -0.7910702288709612 -1.918014536858592 0
2102 -3.596417625040325 -0.7821528021858415 0
2103 -3.511533729925214 -0.7411462623991434 0
2104 -2.931211000478865 -0.7806354080970302 0
2105 -2.848344471598465 -0.7306157993254861 0
2106 0.5043224516415556 0.2288244511650144 0
2107 -3.258310091655368 -0.7831512438238303 0
2108 -3.341514818867299 -0.7399733872056663 0
2109 -1.921691404898877 -0.7971396057497702 0
2110 -0.3182795348627599 -1.585072420545293 0
2111 -0.2580644322721936 -1.670470371058473 0
2112 -3.177640027243177 -0.8290298534878202 0
2113 -0.6036366869580742 -1.592498458148204 0
2114 -0.6041064712175113 -0.4109142256548975 0
2115 -1.837270775436932 -0.8350075984815037 0
2116 -1.990819172229781 -0.8459521608887425 0
2117 -2.838425754042687 0.8184662660126039 0
2118 -2.757603656987483 0.7543089741691503 0
2119 -0.5097359228746761 0.08656157829042503 0
2120 0.9090314670717696 -0.1048146751403081 0
2121 -0.4133376296944167 -0.4677419354838699 0
2122 -0.1604063608758651 -1.096039223539892 0
2123 -0.250556240261758 -1.155882569753482 0
2124 -0.07834432140619364 -1.048912781645319 0
2125 -3.000982938307121 0.8000932742111085 0
2126 3.804980706170574 -0.6639430172752093 0
2127 3.753918265694218 -0.5789589344443187 0
2128 3.849211862763146 -0.5783003542500355 0
2129 3.80031612551586 -0.4937953977184956 0
2130 0.6639487448080719 3.804978193518766 0
2131 0.5789669907881201 3.753913336953504 0
2132 0.5783003542499247 3.849211862763168 0
2133 0.4937949167934045 3.800314140448285 0
2134 0.8052393253202232 -2.334714324375411 0
2135 0.7575189127877829 -2.419538003790655 0
2136 0.853629441574103 -2.414312664914574 0
2137 0.8063956637199221 -2.501660249566032 0
2138 0.004956863387035246 -0.6086509848667326 0
2139 0.08095800405135746 -0.6508477546973858 0
2140 0.8524392698409684 -1.919751932140584 0
2141 -1.920503914442582 0.8518604935104946 0
2142 -1.838279602201568 0.8046817257047085 0
2143 -1.838182651134346 0.7093936171139095 0
2144 -1.754908264922454 0.7585202498057643 0
2145 -0.1610512608785465 -0.6086831929958607 0
2146 0.8064091545171483 -1.50286975838256 0
2147 -3.677609813118629 -0.8327200604056844 0
2148 -3.773194649842461 -0.7911243871075317 0
2149 -0.6906475453599576 -0.07977922374425456 0
2150 -3.331619117813786 -0.8458276115081447 0
2151 0.8033315910481905 0.0006474447945999615 0
2152 1.0867856334784 -0.003312495191597552 0
2153 0.4859459899188604 3.90516675926577 0
2154 3.905166766827622 -0.4859461158992928 0
2155 0.8088578376013331 -1.335859558862748 0
2156 0.8557958499069415 -1.248063066969392 0
2157 3.851253003269085 -0.7489916835072399 0
2158 0.748990268874669 3.851252525756976 0
2159 -0.3029966661662388 -1.418235697881816 0
2160 -0.2566176422875114 -1.33468127159649 0
2161 -0.352059226214742 -1.33550068876955 0
2162 -0.3037374055866495 -1.249854591181068 0
2163 -0.2096776691200902 -1.25142748287123 0
2164 -0.3445423473096296 -1.175121051955204 0
2165 -0.251262119643953 2.886944213513794 0
2166 -3.020905431394035 -0.8382613624652656 0
2167 0.4199267003180057 0.1716719148248169 0
2168 0.9071981360980214 -2.009224490002949 0
2169 -2.009821864489061 0.9061022380966752 0
2170 0.8353203424982103 3.8056632779083 0
2171 3.805663253979703 -0.8353132342973173 0
2172 -0.4390931973045826 -3.837952530564551 0
2173 -0.2462326738605307 -3.837225004741966 0
2174 -3.838381877819961 -0.4381406490788656 0
2175 0.8319554795628064 3.611556815501288 0
2176 0.8315678496311117 3.514892615451614 0
2177 3.611564585692562 -0.8319386360248947 0
2178 3.514907531087864 -0.8315449050463559 0
2179 -3.837282990095603 -0.2457838290995419 0
2180 -0.7408033901836741 0.1775848491103551 0
2181 -0.5018212226131794 -1.587452974736244 0
2182 -0.4106461461248815 -1.631783541596938 0
2183 -0.5010264497151182 -0.4139184647627083 0
2184 -0.4104650772721881 -0.3682245271087656 0
2185 -0.3274602658384477 -0.5162224800358686 0
2186 0.1322590037501484 -3.673014836121515 0
2187 0.8564060202539073 -1.423247117158959 0
2188 0.0804034841521984 -3.425402426616169 0
2189 -3.672976865460155 0.1326547335197211 0
2190 -2.018931362902219 -0.7552642324244824 0
2191 -2.111972428608103 -0.7687787275758112 0
2192 -2.182941540281667 -0.7225449839265008 0
2193 -2.180673520010865 -0.8266920765590955 0
2194 -2.269035841417133 -0.7583708880007602 0
2195 -2.285890761475968 -0.8514036645088863 0
2196 -2.358792048778309 -0.7886425930374515 0
2197 -2.345810268500155 -0.6959869733461056 0
2198 -2.435346981256807 -0.7280535213970183 0
2199 -2.419119233545608 -0.6299149549461971 0
2200 -2.512552404948899 -0.6605544488348565 0
2201 -2.528094580397998 -0.7600961629326166 0
2202 -2.601520047847572 -0.6988584900076662 0
2203 -2.621010362980588 -0.7873440674675205 0
2204 -2.694529515096674 -0.7342965561249143 0
2205 -2.720805195055169 -0.8314688740596352 0
2206 -2.391552097982882 -0.5410252173375478 0
2207 3.703915376532438 0.1737697144243752 0
2208 3.800915579567288 0.1756479007670345 0
2209 3.850446703536853 0.09164181103620414 0
2210 3.841309890468852 0.2623668352809922 0
2211 -0.173771830633322 3.703901258839855 0
2212 -0.1756503958150659 3.800913342957624 0
2213 -0.09163680019632453 3.850448257384962 0
2214 -0.2623668097102103 3.841309871926641 0
2215 -3.425402765064494 0.08077207284206295 0
2216 0.2666517483553349 0.08337047035763018 0
2217 0.1737257057512768 0.03530077675822999 0
2218 0.08644262979834239 -3.755053532716153 0
2219 -0.009509047956136938 -3.755120464183062 0
2220 -0.05451027104653409 -3.836927335654419 0
2221 0.1370021859831758 -3.836831763776282 0
2222 0.9159260275754504 3.563858725731985 0
2223 3.563862272749735 -0.9159133266849517 0
2224 0.08251301944259101 -3.590724633634763 0
2225 -0.1135256055846626 -3.092986241084792 0
2226 -0.06534803382447665 -3.176382133655474 0
2227 -0.896829304374662 -1.91877593601118 0
2228 -3.756427742966264 -0.3936047436132956 0
2229 -0.3943347137172653 -3.756203116767717 0
2230 -3.515550951931611 -0.8472832874830414 0
2231 -3.75502212349851 0.08682724456463636 0
2232 -3.755093192044494 -0.009082362201823744 0
2233 -3.83691477363087 -0.05417867880780831 0
2234 -3.836815529615546 0.137273900171456 0
2235 3.368672213801337 0.08872454225404865 0
2236 3.416556733985202 0.005203409401242738 0
2237 -0.08849613419429533 3.368693960782355 0
2238 -0.005092450847966066 3.416586482917186 0
2239 -3.590690372063982 0.08293880884616145 0
2240 0.5166950678270865 -3.674104632875981 0
2241 0.4702329406513339 -3.755918249934116 0
2242 0.5198147992806379 -3.838164545488759 0
2243 0.374333573775701 -3.755397488611058 0
2244 0.3284809713255368 -3.837027059941886 0
2245 -3.093006135200972 -0.1129074726082675 0
2246 -3.176341795178992 -0.06474251334585329 0
2247 -0.3337370406376472 2.838171678881083 0
2248 -0.417622611377043 2.886322886320476 0
2249 -0.5003522037659223 2.837937437167188 0
2250 -2.758906702832019 0.1773241732375972 0
2251 -2.84245843652671 0.225531110700683 0
2252 -0.1615574791409338 -2.842453670938856 0
2253 -3.674336098506559 0.5167197015100738 0
2254 -3.756102712170527 0.4704477875470801 0
2255 -3.838320905834995 0.5201352131870836 0
2256 3.368947973479669 0.2556808002159802 0
2257 -0.2552542768274609 3.368869397336846 0
2258 0.4968742750503917 3.031614805244426 0
2259 -0.161489523684825 -2.675362476147552 0
2260 -2.591760546997938 0.177454589305501 0
2261 3.708331333213591 -0.8328964337075344 0
2262 0.8329067479624528 3.708327651772666 0
2263 -3.092847104256699 -0.01643415481186205 0
2264 -3.009598846443688 -0.161062830030908 0
2265 -2.926157023688756 -0.209190636030299 0
2266 0.832093341362885 3.128622643784628 0
2267 -0.1613661720788472 -2.50797364282105 0
2268 -0.2525729495616128 2.983501179156813 0
2269 0.4177553575059413 0.5652275856404942 0
2270 -0.08282212174760346 0.9517766998825189 0
2271 0.08467253385118607 0.855100177072081 0
2272 0.1671388018254332 0.903542414528071 0
2273 -0.2098469876925986 -2.9260364809599 0
2274 3.704405266251705 -0.495218594353535 0
2275 3.749788662719734 -0.4122993268729195 0
2276 0.4952260614718518 3.704398590453666 0
2277 0.4122985597883709 3.749787431287971 0
2278 -2.42446658901042 0.3708452396468029 0
2279 -3.25966789485587 -0.112791364511079 0
2280 -3.25948447855541 -0.0163857091897677 0
2281 -0.1134298509572845 -3.259696576257743 0
2282 -0.01689744554050527 -3.259487929357189 0
2283 3.756971264801629 -0.9174042724230116 0
2284 0.9174095927208947 3.756970777791884 0
2285 -3.764173007903834 0.9196677391703104 0
2286 -0.9185245521779721 -3.754318666726046 0
2287 -0.8381603662734223 -3.803115454426188 0
2288 -0.8439345299961466 -3.910562937683047 0
2289 -0.7456410926553992 -3.846666543611463 0
2290 -3.674117825220052 -0.3481354409526424 0
2291 -3.591597710518929 -0.302052464002576 0
2292 -2.925992311063341 -0.1127389673959184 0
2293 -2.842538293104678 -0.1608519575614996 0
2294 -2.84272562937043 -0.2572756889240361 0
2295 -2.759114713666005 -0.20892229448382 0
2296 -2.759357388655277 -0.3052596513365352 0
2297 -0.8317040107563725 -3.695109298659676 0
2298 -0.3488382980915006 -3.674073659788701 0
2299 -0.3027795063791553 -3.591645145991635 0
2300 -3.509182615732095 -0.351760289281818 0
2301 -0.3525654802863339 -3.509327282573143 0
2302 -2.842394277391154 0.1288563057859914 0
2303 -2.675325557429306 0.1290585440431895 0
2304 0.8321935404755421 3.031977567029517 0
2305 -3.260462932086291 -0.5939451138203353 0
2306 -0.1130676496471431 -2.424365365085414 0
2307 0.9049008136680587 -3.667436301051152 0
2308 3.660790886769221 0.918308135215314 0
2309 -0.9183069559311348 3.660788199974105 0
2310 0.3690887960526653 -2.758359418205354 0
2311 0.2724411603951403 -2.758323935274642 0
2312 0.224277945877856 -2.84191485581816 0
2313 0.3208692171960802 -2.674801477106264 0
2314 0.224294592497461 -2.67483867613674 0
2315 0.2726288762089709 -2.591232970879046 0
2316 0.369511815821964 -2.591281280041196 0
2317 0.3212218738934833 -2.507616746838311 0
2318 0.224300805674448 -2.50766666296408 0
2319 0.272943254299611 -2.42398198174332 0
2320 0.3699578399220869 -2.423875831794988 0
2321 0.3217269606055335 -2.340213923712652 0
2322 0.2249140407215337 -2.340337383004071 0
2323 0.273548353538743 -2.256567693664642 0
2324 -0.01699133454034066 -3.092793306727722 0
2325 -0.1616891851170463 -3.009541116322886 0
2326 -0.5061153805550302 3.705311746266306 0
2327 -0.5064160537007116 3.800570910477814 0
2328 -0.5883574379588872 3.849054235912333 0
2329 -0.5121431428910204 3.892747317136123 0
2330 -0.4229966986090171 3.752087138327502 0
2331 -0.6715016407432375 3.805510540978564 0
2332 -0.7560726646372183 3.854992779142585 0
2333 -0.8387382255953054 3.80731755147197 0
2334 3.705312591004615 0.5061165187074457 0
2335 3.800571112161299 0.5064163161871895 0
2336 3.8490543584266 0.5883575988134512 0
2337 3.892747350750041 0.5121431866387904 0
2338 3.752087429238222 0.422997095192996 0
2339 3.805510726993606 0.6715018869403402 0
2340 3.854992810145094 0.7560727056700822 0
2341 3.807318086554611 0.8387385298171701 0
2342 -0.5966275339410343 -3.260718605415593 0
2343 -3.592125917103202 0.5631266931851152 0
2344 3.560138135244783 -0.4119577024111461 0
2345 3.655222883258896 -0.4118329590401848 0
2346 3.700921652506125 -0.3278740371096762 0
2347 3.792016870498389 -0.3273791832258365 0
2348 3.747834988564499 -0.2432180460391739 0
2349 3.700625852962374 -0.1600270156704442 0
2350 3.791967993100922 -0.1572025982645203 0
2351 3.840795781405572 -0.0777600638121429 0
2352 3.606868001907831 -0.3282306154601304 0
2353 0.4119693069129242 3.560116604223101 0
2354 0.4118399211945022 3.655212770164348 0
2355 0.327875387707997 3.700915858174938 0
2356 0.3273792854017341 3.792015568410003 0
2357 0.2432182673390035 3.747834339371883 0
2358 0.1600277303489679 3.700622626552634 0
2359 0.1572025219180905 3.791968010937006 0
2360 0.077759707998814 3.840794928258332 0
2361 0.328233031867791 3.606855136175723 0
2362 0.5635834080676057 -3.592022249504226 0
2363 -0.3062619484995472 -2.926082251443511 0
2364 -0.2571831509559316 -2.33974142914993 0
2365 -0.3397344996659336 3.702763376544677 0
2366 3.702774128226575 0.3397342363187579 0
2367 -2.17326249481217 0.3225363592495745 0
2368 -2.089486405521033 0.2741592474056632 0
2369 -2.257012792811581 0.3709214659881587 0
2370 -2.005688257771753 0.3225311890662293 0
2371 3.272355124274937 -0.2454767046236699 0
2372 3.320395016244317 -0.1618759917973163 0
2373 3.272389415768413 -0.07833378268577092 0
2374 3.368444355276679 -0.07832577661455882 0
2375 3.320503346991902 0.005204359849707739 0
2376 3.368339349642882 -0.2453736923989438 0
2377 0.2455001325060185 3.272353977257099 0
2378 0.1619383758505788 3.32040898174048 0
2379 0.07853473216836335 3.272439428247033 0
2380 0.07842489690734977 3.368457941146263 0
2381 -0.004967132135775828 3.320553408003177 0
2382 0.2453815573615571 3.368326319258125 0
2383 -0.1131812236764985 -2.591694192731891 0
2384 -0.003646656350473793 2.839138887986432 0
2385 2.83853538698326 0.005416425042450244 0
2386 2.790311146151264 0.08911269616755454 0
2387 2.693640668574784 0.08920843377037554 0
2388 2.74207937368827 0.1728039576087872 0
2389 2.645384095559361 0.1729131759369349 0
2390 2.596934178527622 0.08928122060675937 0
2391 2.548666320804322 0.1729930861410635 0
2392 2.838754145176862 0.1726512284959209 0
2393 2.500199239162869 0.08935324068486995 0
2394 2.451911208799322 0.1730509629327951 0
2395 2.403437105279948 0.08943786123893956 0
2396 2.355123327961246 0.1731917266297489 0
2397 2.403463397671973 0.2562310521456231 0
2398 2.306651126512229 0.08954965106374943 0
2399 2.258295355976152 0.1733341209385122 0
2400 2.209877429968958 0.08967496282513826 0
2401 2.16153694606829 0.1734399898542269 0
2402 2.113144531402005 0.08975519683129882 0
2403 2.064863101335402 0.1735249292999174 0
2404 2.113194893536464 0.2564258543797281 0
2405 2.016405519675592 0.08978392555207967 0
2406 1.968108257199276 0.1735030436623662 0
2407 1.919638775256634 0.08977215669101479 0
2408 1.871309462978795 0.173454956023245 0
2409 1.822844394428503 0.08969856889290007 0
2410 1.774470205892381 0.1733270705370963 0
2411 1.726048027768285 0.08950720138871102 0
2412 1.677626307479225 0.1731592240161171 0
2413 1.629287603740847 0.08927307110628731 0
2414 1.67767661032935 0.005656586264208331 0
2415 1.532602456489542 0.08892455303280514 0
2416 1.484285249118936 0.005019646768531994 0
2417 0.8323078640991715 2.838592634025547 0
2418 0.8323353258733729 2.741863492595661 0
2419 0.9161681459706308 2.693520718293416 0
2420 0.8323522192163355 2.645118761145892 0
2421 0.5142258099790065 -2.842077930722399 0
2422 3.273042748758543 0.4222081727579773 0
2423 3.176601366990834 0.4221584164449169 0
2424 -0.4212213392228339 3.272751901664326 0
2425 -0.4205207435194216 3.176242428931217 0
2426 -0.113270364311663 -2.758858852130162 0
2427 -0.004830151378931275 3.224473552763769 0
2428 3.224335968587168 0.005216518415414331 0
2429 0.03123375834990303 -3.176176657962375 0
2430 0.03167999179649039 -3.342495154780512 0
2431 -0.354371592000597 -2.842287686363144 0
2432 -0.9009575881960954 -3.272581378683875 0
2433 3.273891134294713 -0.9159213190322366 0
2434 3.225350414194578 -0.8320017183697753 0
2435 3.128782505122525 -0.832161239961804 0
2436 3.176903124523908 -0.7481710098982837 0
2437 3.080383875521737 -0.7483332634068258 0
2438 3.128512634256841 -0.6643851616172571 0
2439 3.03202405580682 -0.6645274647262747 0
2440 2.983803059483845 -0.7484266641356156 0
2441 2.935477988537602 -0.6646089334204532 0
2442 2.983687758116364 -0.5807347011998734 0
2443 2.887157838452383 -0.5807966841225465 0
2444 2.838885004688653 -0.6646540842953667 0
2445 2.790579059882019 -0.5808306077914304 0
2446 2.742253592484753 -0.6646753039985506 0
2447 2.693971727409791 -0.5808466639054765 0
2448 2.645597702302886 -0.6646775986592344 0
2449 2.597326079331932 -0.5808449443237182 0
2450 2.548933757027835 -0.6646607573325389 0
2451 2.500574964020155 -0.5808240364443411 0
2452 2.452236774464781 -0.6646227220184988 0
2453 2.403836045607854 -0.5807909813951474 0
2454 2.355531073623774 -0.6645666852053361 0
2455 2.307089330732352 -0.5807480236447627 0
2456 2.258790393006102 -0.6645085575193784 0
2457 2.21033726967214 -0.5807016440645115 0
2458 2.162029024282442 -0.6644645816570491 0
2459 2.113572486967876 -0.5806579034704791 0
2460 2.065256794772787 -0.6644278278031599 0
2461 2.016804023309938 -0.5806094172298693 0
2462 1.96851083890299 -0.664368201113783 0
2463 1.92003884000368 -0.5805495955871388 0
2464 1.87170955709635 -0.6643169081561154 0
2465 1.82327009699741 -0.5804751394838668 0
2466 1.774937612164655 -0.6642171234757175 0
2467 1.726503783653831 -0.5803909569189017 0
2468 1.678146854868396 -0.664128761999317 0
2469 1.62970799871263 -0.5803412878450117 0
2470 1.581327017804637 -0.6640870523556123 0
2471 1.532899604476966 -0.5803290460781294 0
2472 1.484481267972339 -0.6641035725996443 0
2473 1.436077966369179 -0.5803580950710844 0
2474 1.387630304919804 -0.6641472944745666 0
2475 2.452145766270759 -0.4970053069201738 0
2476 2.161862261473946 -0.4968988354781241 0
2477 1.8715665740342 -0.4967412452355792 0
2478 2.838772716278793 -0.4969896528556657 0
2479 1.339243644878132 -0.5804265393381745 0
2480 1.387674424936811 -0.4966828767343229 0
2481 1.290753982567043 -0.6642355585198969 0
2482 2.645548403055542 -0.4970267111024081 0
2483 1.581257408998826 -0.4966031086981191 0
2484 1.290860057343423 -0.4968065160875895 0
2485 1.823170251736115 -0.7481809756802221 0
2486 2.113474951080009 -0.74832987014888 0
2487 2.597150042904897 -0.7485117048522919 0
2488 1.435914740482545 -0.7480698593050434 0
2489 1.629575857846356 -0.748062379856927 0
2490 1.3392948718806 -0.4131047415460183 0
2491 2.403723033635909 -0.7484465371016181 0
2492 1.436056173267295 -0.4129877450406226 0
2493 3.224930041229181 -0.6641652629672472 0
2494 1.242525289616376 -0.4132988081062042 0
2495 2.790526005534395 -0.74850775564935 0
2496 1.387678863354608 -0.3294432115366862 0
2497 3.176562481724745 -0.5804448491927565 0
2498 3.272891424996413 -0.580194140773923 0
2499 3.12822912394384 -0.4967392640388928 0
2500 3.031805271154477 -0.4968639957350259 0
2501 2.983464512439884 -0.413112909342456 0
2502 1.194009474494196 -0.4969753735980658 0
2503 3.080558722364362 -0.9161016073519522 0
2504 3.321858826128517 -0.83177005937858 0
2505 3.273346108627438 -0.7479282124880611 0
2506 3.369747848577815 -0.7475976958850503 0
2507 0.9159177824400719 3.273846540397512 0
2508 0.8317802615017698 3.321796459486676 0
2509 0.8319623047223175 3.22522936170843 0
2510 0.7476346765712287 3.369677745475985 0
2511 0.9160662113859304 3.080472743398481 0
2512 -3.561833679884514 0.912187162500569 0
2513 -3.465523632735915 0.9146727547502387 0
2514 -0.9239443047945306 -3.563316996170747 0
2515 -3.273142689977341 0.9209646083556438 0
2516 -3.225433444946944 0.8442321259179657 0
2517 -3.137436254290996 0.8447684039878385 0
2518 -3.088409394011432 0.9196681882051032 0
2519 -3.316838261558728 0.8419925601206271 0
2520 0.9159664353898181 -3.465304400519712 0
2521 0.8198685536253857 -3.511576705907216 0
2522 0.9195088518214751 -3.369716099205355 0
2523 0.8436136525901705 -3.321592554808749 0
2524 3.467284318001528 0.9176636634602151 0
2525 3.370581975626136 0.9174763466774916 0
2526 3.321878901054818 0.8347912601546901 0
2527 3.225236917336948 0.8344050366726165 0
2528 3.418523686148706 0.8351294620618634 0
2529 3.177177575200749 0.9170874423116675 0
2530 3.128628764999608 0.8340056548128085 0
2531 3.03207474606602 0.8337028925941827 0
2532 3.080155793976545 0.7508563050167129 0
2533 2.983844721791015 0.7505409889004364 0
2534 2.935494644571355 0.8336012768609652 0
2535 2.887280714340681 0.7504415586916929 0
2536 2.838806118266428 0.8335280802046984 0
2537 2.79051796574327 0.750427340807469 0
2538 2.742029135912118 0.8334321453898054 0
2539 2.693635872983121 0.7503252925960431 0
2540 2.645203141368825 0.8333489524126776 0
2541 2.596782444359537 0.7500750593262372 0
2542 2.548383162640708 0.8331898662401196 0
2543 2.49993634492777 0.7498522902161445 0
2544 2.451603159486881 0.8330394681980597 0
2545 2.403187220056263 0.7494583271707016 0
2546 2.54834976225949 0.6683080114523109 0
2547 2.354871086737088 0.8328558213487748 0
2548 2.3064769020069 0.7491705523570306 0
2549 2.258215514183935 0.8327141720386437 0
2550 2.210103067497378 0.7489187571252054 0
2551 2.161555419470464 0.8326900957624077 0
2552 2.113394374527986 0.7491050432001718 0
2553 2.258185219658039 0.6676387001798196 0
2554 2.06479862450182 0.8327954330894323 0
2555 2.01656811069261 0.7493137382056057 0
2556 1.967976318037389 0.8329603320638658 0
2557 1.919634555455098 0.7495392032474979 0
2558 1.871134102190194 0.833220082372079 0
2559 1.822716530167692 0.7499215183748198 0
2560 1.774340150231782 0.8336860211128007 0
2561 1.725962059467801 0.7509058469223453 0
2562 1.677634122028916 0.8343624793759542 0
2563 1.774205232898831 0.6683200663592689 0
2564 2.113032734442386 0.9163718106378846 0
2565 1.629323777838133 0.7521439277588713 0
2566 2.403238279694593 0.9164624418134397 0
2567 2.693591740409078 0.9166067202267734 0
2568 -0.917664220738996 3.467269599379073 0
2569 -0.9174933483627872 3.370553149159392 0
2570 -0.8348534056877913 3.321819165102582 0
2571 -0.8345575932823325 3.225096407731479 0
2572 -0.8351426162112002 3.418489221591637 0
2573 -0.9172074275369752 3.177079646223512 0
2574 -0.834282249213907 3.128383585021908 0
2575 -0.833992008416697 3.031686778973253 0
2576 -0.7512376522287301 3.079714537845467 0
2577 -3.76267948532421 -0.6878558756906088 0
2578 -3.848188219878514 -0.7236423654803694 0
2579 0.4970067717686069 2.935083515942392 0
2580 0.4133115403676609 2.886809822099503 0
2581 0.41339377395787 2.790208196615989 0
2582 0.3296344901682174 2.838572677648741 0
2583 0.3295510446730072 2.935118640910322 0
2584 0.2459461098514783 2.886914431831371 0
2585 0.3296560500632246 2.741849778284312 0
2586 0.3297140562655634 2.645076150266159 0
2587 -2.590361988938589 0.6576728535586186 0
2588 0.36957000505745 -3.425475195708584 0
2589 0.4658512699458977 -3.425855552919087 0
2590 -0.4455839868706232 -3.674724888494423 0
2591 -0.833683084036891 2.934996887320146 0
2592 -0.8326453322387206 2.548223364520998 0
2593 0.9036241163676931 -3.176899960738742 0
2594 -2.508124010561783 0.1291235078549071 0
2595 -3.425460499477037 0.3692930963805652 0
2596 -0.9186415158569776 -3.076869532863397 0
2597 -0.8391431942024671 -3.121665744628221 0
2598 -2.842453600807149 0.3220726884341131 0
2599 -2.925792376280664 0.3698538770909813 0
2600 -2.925948294692368 0.2736190845865717 0
2601 -3.009307726039448 0.3214619810103852 0
2602 -3.092707101941629 0.2730135213560589 0
2603 -3.671890723834007 0.8014844446210792 0
2604 -0.3059614160766126 -2.59075274575889 0
2605 0.9161401914735794 2.887020415984566 0
2606 -3.177432722443651 -0.5458550550137605 0
2607 0.3704962845500638 -2.256403615742727 0
2608 -0.1129753672576385 -2.257022623647564 0
2609 -2.257390400987044 -0.1123729545174964 0
2610 -2.173697300389346 -0.1605977636962521 0
2611 3.176135085669972 -0.07833172898893596 0
2612 0.07871432104291794 3.176256247221512 0
2613 -2.887080003614686 0.916200772454561 0
2614 0.800747998743182 -3.675253044751284 0
2615 -3.674824976380934 -0.4448786730440146 0
2616 -2.089735402077384 -0.112464061858744 0
2617 -2.089895887374507 -0.2088581896632768 0
2618 -2.424481976990663 0.08077041128771842 0
2619 -0.8324394801353169 2.354779702787605 0
2620 -0.7486312588505527 2.306390032020106 0
2621 -0.8323995585366086 2.258033413854073 0
2622 -0.7485976158119132 2.209646345100813 0
2623 -0.8323845764339018 2.161275912937021 0
2624 -0.748587343799201 2.112891754672595 0
2625 -3.425782826498815 0.4651600014150815 0
2626 -2.591787068317925 -0.112485173256444 0
2627 -0.8323792621050582 2.064512390155005 0
2628 -0.7485994056048259 2.016131058462662 0
2629 -0.8323781890093247 1.967744977670159 0
2630 -0.7486112539760958 1.919368508485068 0
2631 0.2724787764060334 -2.925339188047457 0
2632 -0.9225057807195 -2.887095687786861 0
2633 0.1286031874891549 -2.173020907503086 0
2634 -0.5477910127612278 -3.177100159257691 0
2635 0.5803809173431522 3.17637830932854 0
2636 0.5801421572678231 3.272752861023227 0
2637 -0.8323755293158112 1.870974729158203 0
2638 -0.7486206920012007 1.822603298458715 0
2639 -0.8323694022697226 1.774201550870998 0
2640 -0.7486228873834824 1.725833379740483 0
2641 -0.1133673867352504 -2.925928725847176 0
2642 2.548496229063351 0.005635643325373271 0
2643 -2.84306933657524 -0.35351783646476 0
2644 -0.8323510100447561 1.677423919551747 0
2645 -0.748607076988384 1.629056189522268 0
2646 -0.8323550192797491 1.580650036002153 0
2647 -0.7485792599940788 1.532274177358589 0
2648 -0.2096890732673544 -2.591572719564559 0
2649 2.983822699890839 0.9168132494287737 0
2650 -0.8323581934526585 1.483876419139528 0
2651 -0.748533268580805 1.435488454380626 0
2652 -0.8323321509434782 1.38710022148995 0
2653 -0.7485065693122787 1.338713366386945 0
2654 2.887133890684727 -0.9161655221636924 0
2655 2.935499050318816 -0.8323058772913559 0
2656 0.2739033171352706 -2.089166774656547 0
2657 0.6609668838012929 -2.422314425365014 0
2658 -0.3050139052881883 -2.255650132542427 0
2659 -2.508145237426962 0.322483978139829 0
2660 -0.832264312823805 1.290327826574361 0
2661 -0.7484049218659915 1.24194385489095 0
2662 -0.8320761383729527 1.193561974810724 0
2663 0.03312023378717597 -3.508219604997946 0
2664 0.5623227374017328 -2.925523240776733 0
2665 -0.4987307406541726 2.644674686373714 0
2666 2.886802828639139 -0.2456377092483207 0
2667 2.83858591491238 -0.3293999881897995 0
2668 2.741985347911723 -0.32941585810082 0
2669 2.79038070645536 -0.4131988191840666 0
2670 -2.340748526405854 0.3225330857383534 0
2671 -0.3328600239222974 2.74148825688468 0
2672 -3.342385137430627 0.1284194818168298 0
2673 -3.342492763109841 0.03213285652435892 0
2674 -0.9162899770123621 2.499932373677018 0
2675 -3.590623581133644 0.1791512337068242 0
2676 0.5644032437683488 -0.91608891226914 0
2677 0.4678221862329931 -0.9163549212605512 0
2678 0.1788340757428556 -3.590655641501544 0
2679 -2.005702349545228 0.2257923020532907 0
2680 0.920255607666671 -2.98422464723049 0
2681 0.8444388691963832 -3.032052165018444 0
2682 0.8039303968161582 -0.9981646179804773 0
2683 0.7567900801002306 -0.9151996005730374 0
2684 0.8977864966935357 -0.9964314637633853 0
2685 -2.340748294455096 0.41925198601761 0
2686 -2.17325016916972 0.4192957413974058 0
2687 0.413434027310442 2.596705379588235 0
2688 0.3297335880746793 2.548303971973146 0
2689 0.329701243865155 2.45154281712919 0
2690 -0.00381173378558909 2.644696874750633 0
2691 -0.004183248539506058 2.547816212732004 0
2692 -0.08576281194087226 2.499499885462975 0
2693 -0.08574873512588319 2.402724431236196 0
2694 0.1281526574078659 -3.342336894481446 0
2695 -2.673970699862176 0.6099840036825457 0
2696 -2.695340196757352 0.9237554178524232 0
2697 -1.838494896607437 -0.3541422917003525 0
2698 -0.917517112848965 -2.695105438182559 0
2699 -0.8374306984998716 -2.743756363558066 0
2700 -0.8337963799766559 -2.649729588444098 0
2701 -0.7548273743678682 -2.70076810013836 0
2702 -0.7474754750674915 -2.60772133334626 0
2703 -0.6909052061221932 -2.765936096851467 0
2704 -0.8295754673142564 -2.552460495057469 0
2705 -0.735063066873899 -2.503911547740882 0
2706 -2.592675945161607 -0.304461884015597 0
2707 1.919457907674589 0.9165539009794808 0
2708 -2.005941791147316 -0.1608070835434143 0
2709 0.5789592796686625 3.657592064808758 0
2710 3.657603170245392 -0.5789394368606924 0
2711 -0.3377282707065219 3.224493256195626 0
2712 3.22479355959774 0.3390593307760963 0
2713 -3.26007018429621 -0.3055046481020509 0
2714 -0.3064541609446413 -3.260143327131609 0
2715 0.245982567056764 2.693464177260417 0
2716 -2.763042953550975 -0.5921245667690205 0
2717 -2.507957253033582 0.6115177708161624 0
2718 0.2460702594800313 2.499885144775428 0
2719 -1.754459937411849 -0.2091549119175198 0
2720 -2.50013052820373 -0.9208439092732985 0
2721 -2.447717231970025 -0.8328289329005343 0
2722 -0.3310874538644054 2.354607594763579 0
2723 -0.2482176473973477 2.306216788908375 0
2724 -0.2476628585134563 2.209548986473963 0
2725 -0.1654091009473798 2.257883876741551 0
2726 -0.1649771756660334 2.161223945868634 0
2727 -0.2484453547677073 2.402880636107854 0
2728 -0.005323688749316419 2.354806763368108 0
2729 -0.9161887962627611 2.112898737593949 0
2730 2.354990675292675 0.005762034264360137 0
2731 2.693662410412197 -0.916199136842153 0
2732 2.742114212528735 -0.8323541944487701 0
2733 2.596886396033711 -0.9161877416535461 0
2734 2.548643549228462 -0.8323480876527086 0
2735 0.5163706959516581 -2.005075395829653 0
2736 2.403477343062157 -0.2456018626199341 0
2737 2.355200526907852 -0.3293875100099015 0
2738 2.451942586324712 -0.3294068575367384 0
2739 2.258438068559045 -0.3293574232554354 0
2740 2.306923975313198 -0.4131713047699319 0
2741 2.500207373993262 -0.2456202373941229 0
2742 2.548658028325574 -0.3294172747243941 0
2743 2.645339551402736 -0.3294211537005357 0
2744 2.597104180102492 -0.4132188896081597 0
2745 0.6130662368480518 -2.338882872903675 0
2746 2.16147019396041 0.005930084555248434 0
2747 1.967960097745284 0.005992610184582671 0
2748 0.4133941042763726 2.306423210449188 0
2749 0.3296140116075096 2.258033378849083 0
2750 0.3295980711096384 2.161272565045855 0
2751 0.0804151172250077 -2.089334187186248 0
2752 0.2459749435057089 2.40313781387693 0
2753 -1.754392818921565 -0.1126069198439786 0
2754 2.983323732347384 -0.2456234318976867 0
2755 -1.670658920219894 -0.1605320270158794 0
2756 -1.754538363670082 -0.30575305263356 0
2757 -0.1128970148409024 -1.921662525643583 0
2758 -0.1613056984725227 -1.83775144297916 0
2759 0.1774036779685927 -1.754240118619663 0
2760 2.403671785284989 -0.4131935046250884 0
2761 0.9168173323708531 -2.212157990992344 0
2762 0.8246049541329294 -2.166279659379324 0
2763 -3.008862722860789 0.5135165572145663 0
2764 -1.755069291116431 -0.4986059577599736 0
2765 0.2458206797181278 2.20964981422308 0
2766 0.3296121643962163 2.064504031940996 0
2767 0.2458817872140915 2.016114395455786 0
2768 -0.9157635701075486 -2.404174544281 0
2769 -0.8330612798297701 -2.356420890416378 0
2770 -0.8332078421604683 -2.260389710828146 0
2771 -0.7523462040189299 -2.310339240265201 0
2772 -0.7484457252711842 -2.213666443795953 0
2773 -0.8325837034341408 -2.163681563623322 0
2774 -0.7482822143744221 -2.116584877189017 0
2775 -0.6715841826677511 -2.270502341661564 0
2776 -0.6770347882383121 -2.358427046618732 0
2777 -0.8299036783943269 -2.453496504386671 0
2778 -0.7507440623594538 -2.402723766222072 0
2779 -0.8327770702121289 -2.067930976661725 0
2780 -0.7462770784688135 -2.010885739558676 0
2781 -0.6762263252315543 -2.075793134157147 0
2782 0.6130449875310631 -1.837727787736619 0
2783 0.6617203840329038 -1.754169649871107 0
2784 0.9972234481380078 -0.1582404659257862 0
2785 -1.586950586030544 -0.2081951874695046 0
2786 -0.7481939419930455 1.14518694474141 0
2787 -1.586876628729152 -0.1118918264225877 0
2788 -1.921936154089747 0.08069859137604038 0
2789 -0.916113425664555 0.6627085853150407 0
2790 -0.3304839272320565 1.967765550307807 0
2791 -0.2471317313821835 1.919389330772459 0
2792 -0.2477712914980491 1.822637439512036 0
2793 -0.1647756254784485 1.870974713746226 0
2794 -0.1648114668834111 1.967745537204809 0
2795 -0.1653807420078476 1.774169089503736 0
2796 -0.2485612757923 1.725893811834105 0
2797 -0.1662826594993279 1.677324114381263 0
2798 -0.2471412135742292 2.016126113575829 0
2799 -0.1649463712435724 2.064497965698842 0
2800 -1.336187532979003 -0.5282154485480584 0
2801 -0.8349015630839861 -1.484189093328808 0
2802 -0.8384674444357494 -1.578257640731608 0
2803 -0.161266248864567 -1.670461287242665 0
2804 -0.2096905679885733 -1.754133413493791 0
2805 -0.00570661546272648 2.161289794199257 0
2806 0.6647613569232771 2.258058132684969 0
2807 0.7485697018443821 2.20967374206707 0
2808 0.7485659916283285 2.306444246876159 0
2809 0.7485719605564947 2.112901350303486 0
2810 0.8323797939328964 2.161288378265231 0
2811 0.8323812063123468 2.06451512186718 0
2812 0.7485736790934103 2.016127887481308 0
2813 0.9161900978703695 2.112902460714047 0
2814 0.8323823124015539 1.967741374337838 0
2815 0.9161911631337573 1.919354655142713 0
2816 0.8323833347084892 1.870967487768316 0
2817 2.113194422166632 -0.2455038605557943 0
2818 2.06489683288598 -0.3292870993487443 0
2819 1.968127325017322 -0.3292504626110056 0
2820 2.016613866773423 -0.4130498858805574 0
2821 2.113381331931929 -0.4130925674076791 0
2822 2.161670079235209 -0.3293200902818111 0
2823 -0.16109953887912 -2.340406217900429 0
2824 -0.1128939964568406 -1.754160027807835 0
2825 -0.2581697427522261 -1.83724986601662 0
2826 0.2459683023946282 1.919332859867396 0
2827 0.329683467988749 1.8709498674011 0
2828 -0.4969964578140623 -2.087857462409051 0
2829 -0.5470279863975525 -2.003780572089275 0
2830 0.08074390875748011 -1.586645933970494 0
2831 -0.9181785220663743 -1.627988221776145 0
2832 0.6132257452000077 -1.670475113989103 0
2833 1.629226344337178 0.9173441434520053 0
2834 1.725914024336057 0.9170196623226292 0
2835 1.436056034687515 0.9179954660027668 0
2836 -1.167825443395537 -0.4253478437233827 0
2837 -0.916186760451934 1.91935694778985 0
2838 2.403353990651666 -0.9161614680254155 0
2839 2.355160618244285 -0.8322879041179367 0
2840 2.2584036825192 -0.8322528079551534 0
2841 2.209830197769636 -0.9161295046173362 0
2842 2.113077144154784 -0.9161180389026841 0
2843 2.064892953354683 -0.8322154120936456 0
2844 1.968133244894862 -0.832187605158123 0
2845 2.016722639963738 -0.7482951766880245 0
2846 1.919551007838065 -0.9160816726841203 0
2847 1.871368756780231 -0.8321432896188699 0
2848 1.822781652105932 -0.916053200928197 0
2849 1.774595056582408 -0.8320813483956595 0
2850 1.677797114915327 -0.8320490582429657 0
2851 1.72638275079403 -0.7481085547637321 0
2852 1.580992326198956 -0.8320306257997983 0
2853 0.9161845627347841 2.403220664587615 0
2854 0.832368419555777 2.451599532860763 0
2855 0.8323736814483522 2.354831314962776 0
2856 0.7485612429029819 2.4032117447915 0
2857 0.7485548341090824 2.499975003120327 0
2858 0.8323775258652863 2.258060460867645 0
2859 0.4134066409175712 1.919345994854397 0
2860 1.155331031731165 0.7113660780104638 0
2861 1.152599031892635 0.8045583075236857 0
2862 1.181454067656504 0.5118415855556108 0
2863 -0.1123005917142423 -1.418838793090398 0
2864 0.9161911635768784 -1.629032130550007 0
2865 0.9147663989411994 -1.724732074194076 0
2866 0.9161890795842949 2.209675851596606 0
2867 0.1292826066168684 -1.335365550377376 0
2868 0.177654157499063 -1.251591180577557 0
2869 1.919656937713356 -0.2454510405097802 0
2870 1.871370227016429 -0.3292136710435297 0
2871 1.822907547857018 -0.2454434626149358 0
2872 1.774623470398637 -0.3291825814304373 0
2873 1.677871232501918 -0.3291648199790134 0
2874 1.726348287945233 -0.4128892902157473 0
2875 0.3297093936237729 1.774168626503372 0
2876 -0.3311905795770035 1.774326009930619 0
2877 1.092434929094225 0.1743839776649427 0
2878 1.084164251897662 0.3730581377024825 0
2879 -3.508196814638826 0.03357764319486141 0
2880 -1.167425397072346 -0.2367362486892495 0
2881 -1.167165873384683 -0.1432533676425041 0
2882 -1.251476829730832 -0.2878742304580253 0
2883 -0.5812647282590586 1.822647415141347 0
2884 -0.6938846098235345 -1.918496562559872 0
2885 -0.9170560958048306 -1.435688472605506 0
2886 -0.9161753888004618 1.725808580705928 0
2887 1.629428059180852 -0.2455070000164253 0
2888 1.581129376463071 -0.3291854964452352 0
2889 0.6647774000146016 1.774193020527762 0
2890 0.7485812783179491 1.725806680990661 0
2891 0.7485860440138392 1.629033421272759 0
2892 0.4134204780164749 1.822569413020154 0
2893 0.3297328297693103 1.677390724176918 0
2894 0.805463091663106 -0.8316273820784301 0
2895 -0.9161770399936942 1.532260403251413 0
2896 -0.9158673214690217 1.145162422582034 0
2897 -0.9161546584158776 1.338711218480316 0
2898 -1.083149488300394 -0.09207253932134421 0
2899 -1.334957523665293 -0.05848733750622405 0
2900 -1.250430163672663 -0.007818932085776361 0
2901 -0.004254333543295567 1.774091123865386 0
2902 -0.005185805521450703 1.967741744736064 0
2903 0.2258545414194896 -1.502872322168675 0
2904 -1.725096002347523 0.9165557010881562 0
2905 -1.67405514629653 0.8241978762046103 0
2906 0.8323870444096643 1.677419698134726 0
2907 0.8323852810948122 1.774193570873544 0
2908 0.8323894864123467 1.580645709486239 0
2909 0.7485957526615681 1.532260376202446 0
2910 -0.9997721893921747 -0.1336902641117868 0
2911 0.07983317531967722 1.338732022528086 0
2912 0.07968088870742038 1.435427307454625 0
2913 0.8323937670761967 1.483870882288812 0
2914 0.6648265047076709 1.483878384051511 0
2915 -2.305819149063996 0.9160200179127358 0
2916 -2.209679858996867 0.9161924984843282 0
2917 -0.665338182032058 -1.193826410147853 0
2918 -0.7485818481891782 -1.242436324698435 0
2919 -0.8323190267265673 -1.193586078348481 0
2920 -0.8325150302956873 -1.290987076879977 0
2921 -0.9161425063169369 -1.242067239570541 0
2922 -0.8317882765326154 -1.096795271220692 0
2923 0.4135412646628365 1.532258679591668 0
2924 0.3299160379673702 1.483869355013845 0
2925 0.1633823487154399 1.290397749917853 0
2926 1.435624275324599 -0.9160110012609908 0
2927 1.387354384024799 -0.8320436944454532 0
2928 1.290511011561584 -0.8320666811747428 0
2929 1.339062578086571 -0.74811410791741 0
2930 1.242186365821877 -0.7481534842500948 0
2931 1.193856684841036 -0.6643088216055048 0
2932 1.145242922761097 -0.7481733294859946 0
2933 1.096895709785227 -0.6643795455630392 0
2934 1.242367387505517 -0.5805640351199111 0
2935 1.193614794565597 -0.8320728225434528 0
2936 1.145088285101415 -0.915992412280751 0
2937 -0.3314853958636746 1.581258400601431 0
2938 0.9160885500142042 1.145033075479193 0
2939 -0.07810198951979241 -0.9516129032258029 0
2940 0.01697407946180118 -1.000282422361136 0
2941 -0.5810739273698975 1.048387104436731 0
2942 -1.337432206746384 0.8999560431360674 0
2943 -0.003334218036952825 1.483749208846042 0
2944 -1.532657029794059 -0.9223862900089874 0
2945 -1.494160133315587 -0.8324489103056201 0
2946 0.9161913326021283 1.435482142009235 0
2947 -1.14023151382119 0.9143076777715461 0
2948 -0.1129032258064517 -1.251426730130964 0
2949 0.9208708094960444 -2.694524647738703 0
2950 0.8453589001708651 -2.648620099988807 0
2951 0.9187041284175078 -2.790428554280448 0
2952 0.8187517382108069 -2.840510787303838 0
2953 -0.9164696046101325 2.693408701846196 0
2954 -0.9166055547744731 2.790140754690158 0
2955 -0.8333740163592276 2.838307942059121 0
2956 -0.3322503281227196 1.193562021532685 0
2957 0.832198067241409 1.096518613693173 0
2958 0.4162526505551976 0.8555428295222357 0
2959 0.334059743344491 0.8070855804070609 0
2960 0.5645939474698399 -0.5812712156413318 0
2961 1.248885525854542 0.9184252378243724 0
2962 1.296683961349592 0.8383363786867406 0
2963 -1.000105909648304 -0.6129653935597779 0
2964 -0.1696279154512321 1.290371979947729 0
2965 0.7490155390633692 0.3685423180727331 0
2966 0.371193897240648 -0.2458192170628707 0
2967 -0.7476808708776225 0.006992369942421339 0
2968 -0.4970091359356502 -0.7096384530647188 0
2969 0.2460843206270049 1.628976998922051 0
2970 -0.003126352395157566 1.580424281588274 0
2971 0.1640575158643114 1.193692040881902 0
2972 0.7482334337934679 0.2615597070339068 0
2973 -1.534534619241365 0.9159299386050621 0
2974 -0.3320646647750859 1.387142901894565 0
2975 0.2301049792624603 -0.6701435279575138 0
2976 0.903235780170335 -0.3304804234034747 0
2977 0.8550916539245093 -0.4135724583137418 0
2978 0.7585778683012612 -0.4133170917227655 0
2979 -1.000591339621097 -0.7107426043284266 0
2980 -1.084978977429935 -0.7560362492041977 0
2981 -1.004967908343828 -0.8202096108053611 0
2982 -0.9161910916039669 -0.8548387093506058 0
2983 0.9154634778729085 0.5643080177879439 0
2984 0.8323384103577816 1.193478645049911 0
2985 -0.4970581141124176 -0.8060691849470905 0
2986 -0.2479465408280529 0.8549140293430975 0
2987 -0.4975163482340397 0.806503974478177 0
2988 -0.414003889350101 0.7581100252420487 0
2989 0.08682743479114424 0.5651314318830616 0
2990 0.1699057592389671 0.5169439535843157 0
2991 -0.6667565417341997 0.3262369321780816 0
2992 -0.5874839821023042 0.2619497917937623 0
2993 0.1290322580645165 -0.4971465397380681 0
2994 -0.6629183819693543 -0.6094691558308034 0
2995 0.9943442765724122 0.8039331956199876 0
2996 0.7580369387555577 -0.5808960011712778 0
2997 0.1279254483917265 -0.1595846001930979 0
2998 -0.6414274797872529 -0.1615005948456178 0
2999 -0.07563270716458476 -0.5634235290847294 0
3000 0.1315772405856244 -0.8351171984048813 0
3001 0.03677429784567909 -0.8398742149548136 0
3002 0.4192907324781978 0.005018033997798212 0
3003 0.3706243214118361 0.08334153798483804 0
3004 -0.4028407823259929 -0.07497574688466974 0
3005 -0.2467017470667601 0.6614002988511458 0
3006 0.2526745062118536 0.2767061872166904 0
3007 -1.335791677015266 -0.9025974363678473 0
3008 -0.6644051919442984 1.000065896735433 0
3009 -0.8308927359108084 0.8074040072221601 0
3010 -0.915740541716038 0.7617852446736266 0
3011 -1.004026211394472 0.8217839582589416 0
3012 0.4678516726059588 -0.5817993011983308 0
3013 -0.3304822994299161 0.2252341397011684 0
3014 -0.3403461119011411 0.1288211169052109 0
3015 0.2741499263428387 -1.083918015497214 0
3016 0.3709751573460034 -1.083896990131214 0
3017 0.08012231577339227 -0.2452219226093473 0
3018 -0.1123120758738682 -0.2451111905838718 0
3019 -0.1630493502584395 0.6131249684403293 0
3020 -0.3300587680268026 0.6129908310718621 0
3021 -0.3297701814767606 0.5162503726422653 0
3022 0.9145171937015961 0.6607826348189523 0
3023 0.6651113874626602 0.9999639475247415 0
3024 0.5816766287155115 1.048505058017751 0
3025 0.002642796094930508 0.3248705760139945 0
3026 0.4145080795158814 1.145338960697268 0
3027 0.4978144766968434 1.193657982744465 0
3028 0.3708669752695796 -0.4139038242978362 0
3029 0.322541117784007 -0.3297894463423368 0
3030 -0.999745386515429 0.4217129501556719 0
3031 -0.1598649614505568 -0.1623729518444127 0
3032 0.5829987044070876 0.27630446705896 0
3033 -0.4545637839773963 0.008199039572172814 0
3034 -0.5811209094347647 0.564624491397119 0
3035 -0.5815306776118382 -0.9512851796955493 0
3036 0.4678537440312646 -0.2457769479143612 0
3037 -0.4136128691303902 0.5645782875209149 0
3038 -2.786414483457393 -0.9180855935842158 0
3039 0.5827329234571601 0.5649256410721679 0
3040 -0.8287615566208936 0.2306532160813913 0
3041 -0.1586150139164633 -0.900685063794073 0
3042 0.9999231377457125 -0.6644148107259229 0
3043 -0.4134406677480404 0.4678262695285065 0
3044 0.6621661247107147 -0.07822891113237895 0
3045 -0.7494934385404078 -0.2746502914714998 0
3046 -0.7518345050043067 -0.3708587697291442 0
3047 -0.8323251506180837 0.517186702895267 0
3048 -0.8330766650911449 -0.4193629340697351 0
3049 -1.502895275188499 0.1292801182630075 0
3050 -1.586690432948788 0.1775505508460719 0
3051 -1.502874717532368 0.2259624988769362 0
3052 -1.419066668413554 0.1775437534690469 0
3053 -1.419059877798855 0.2744143455258393 0
3054 0.9135058992554549 0.7568593191829969 0
3055 -0.9164300519883795 -0.6619187012367872 0
3056 0.8342509384932054 0.3197510969992042 0
3057 0.4678015784752163 -0.4135815926859853 0
3058 0.4194165063647063 -0.3297007685838143 0
3059 -1.139174670671147 -0.9128272309827377 0
3060 -0.9163707369202461 -0.370948049136506 0
3061 -0.06417079974861085 -0.1630019352763579 0
3062 0.03112670119112789 -0.1625153079674008 0
3063 0.8311040483162639 0.8055744692528261 0
3064 -0.07976014561090579 0.3725333329352863 0
3065 -0.5812471957321215 1.435533826211187 0
3066 -0.4132389390486124 -0.853784130970761 0
3067 -0.2449085641188064 -0.6587021009967841 0
3068 0.07587321749990583 -0.08005440745779367 0
3069 0.9161859238058894 1.338699568752058 0
3070 -0.1628280822699107 0.3240427705793771 0
3071 -0.4974210140999157 0.7097568660854169 0
3072 -0.5809485770029477 0.758212401456664 0
3073 0.002019459284227339 0.8066767846786057 0
3074 -0.6646996384074537 -0.9031761994354461 0
3075 -0.6644691625500673 -0.8061431331843005 0
3076 0.8319017799718825 0.612624257562099 0
3077 0.7580645161290333 -0.07810198951979305 0
3078 0.5823703046821247 0.7587827387412687 0
3079 0.701686795741008 0.1732046191752324 0
3080 0.9930375519823952 0.8980118039418405 0
3081 0.4141330378660389 1.242044612314181 0
3082 -0.1631937302897417 0.2303795887489294 0
3083 0.5162158821872165 -0.4974661694170197 0
3084 0.9084443941672801 -2.499025239322636 0
3085 -0.5811878236868029 1.241942115421792 0
3086 -0.5813619368700298 1.629136968390146 0
3087 -0.4973741118877838 0.6129779169496474 0
3088 0.4975984553212041 1.290388678325967 0
3089 -0.3308545333490297 0.8065033850716798 0
3090 -0.3304315098619218 0.7097475866263405 0
3091 -1.723255493871029 -0.9237014185965966 0
3092 0.7109760905888313 -0.3292249049926137 0
3093 0.7099115064927034 -0.4971606728132328 0
3094 -0.332517385961654 1.096813094017915 0
3095 -0.2498528037794256 1.048481098068066 0
3096 -0.3314206196195683 0.9032777841598016 0
3097 0.6131269210841864 -0.4972730475830001 0
3098 -0.4138170270594859 0.6613602522493718 0
3099 0.8548387096774188 -0.245719809607103 0
3100 0.8072593534525307 -0.3294949026763021 0
3101 0.0803811162515939 1.242032705118985 0
3102 -2.50373204445265 0.9019785494435298 0
3103 -0.2488381469351003 0.9517037076908059 0
3104 -0.5809844166603718 -0.8547204287551097 0
3105 0.581315611514501 1.241985255576918 0
3106 0.6650550368454233 1.096749214344144 0
3107 -0.5806988920597809 -0.757714040986498 0
3108 -0.5803945085379449 -0.6605207708567922 0
3109 -0.580955449781725 -0.5645161290322577 0
3110 0.8323728549717688 1.290303628657802 0
3111 0.7486209336169705 1.14506183361958 0
3112 0.5814918159494389 1.145232997045219 0
3113 -1.167744210080301 0.5170125561218546 0
3114 -1.170634919209663 -0.7123541337230428 0
3115 -1.177316237397902 -0.8190678922192723 0
3116 -0.915870651633349 -1.145182897612647 0
3117 0.9161936145138442 1.629032385801811 0
3118 0.6648037622794254 1.580648607192445 0
3119 1.24197014597683 -0.9160560472550577 0
3120 -1.419010519412443 0.4678786065255247 0
3121 -1.754354646381608 0.56477375471419 0
3122 -1.586552261228869 0.6622819797480923 0
3123 -1.502861283391259 0.3227147856254313 0
3124 -1.335375899194982 0.7071606147022402 0
3125 1.484464194296604 -0.4966414213895818 0
3126 -1.16733279540397 0.3257460165462233 0
3127 -1.336111850305745 0.7988159598433473 0
3128 -0.5811396164880763 2.016136968253764 0
3129 0.9161919819307438 1.822580587275941 0
3130 0.7096054635117803 -1.166214218600635 0
3131 -0.1609577071476025 -1.335118302043019 0
3132 -0.8322232660491928 0.6138300990803526 0
3133 -1.670505433380164 0.1291323122065779 0
3134 1.580911098693834 0.3393425967181901 0
3135 -1.670474637918152 0.3225825178037589 0
3136 -1.08380963667536 0.7580627977930466 0
3137 -0.6652603327028409 -1.291544779794904 0
3138 0.6647470925178101 2.548347503270145 0
3139 0.3298134728916811 1.580622201174211 0
3140 1.629213407095946 -0.9160186474675602 0
3141 0.4134935027370938 1.629021394221172 0
3142 0.2460799762074572 1.725756339347425 0
3143 0.8071804899094568 -1.163660586036865 0
3144 0.4133827417218722 2.112892246145176 0
3145 0.3709492559500965 -1.754224281991221 0
3146 -0.833101867127633 -1.38835008302321 0
3147 0.6647683999152623 1.967740566694197 0
3148 0.6647664648707604 2.064513939621867 0
3149 0.4677544911240654 -1.25137468779613 0
3150 -1.586675212922071 0.2742761554142204 0
3151 0.322591994378206 -1.167676889021154 0
3152 0.6613845497851206 -1.419183835312428 0
3153 -0.5810713397712941 2.209632472653656 0
3154 0.4193397033373919 -1.502866479225253 0
3155 -1.335446918045617 -0.8041669110904844 0
3156 -1.502843873734896 0.4194657393854956 0
3157 1.339098932525699 0.422899101202348 0
3158 -0.6449791057377153 -1.837966890824374 0
3159 -1.419045489629263 0.3711480621244038 0
3160 -1.335146346281897 0.3238122439426042 0
3161 -1.251167745992037 0.2770851056318435 0
3162 -1.167520177695234 0.4211853349092212 0
3163 0.7485789211465053 1.822580297389085 0
3164 -1.083750762571222 0.4694248653450075 0
3165 1.532680398453356 0.5885659004564917 0
3166 0.758768953334657 -1.419900471364624 0
3167 -0.9999686310652434 0.517484282299875 0
3168 -0.916147101955654 0.5655631877187841 0
3169 0.6647581986807782 2.354825525083173 0
3170 0.7485763409131422 1.919354062318879 0
3171 -0.1612176863275788 -2.005399891499123 0
3172 -0.3306788464755067 2.161209700177008 0
3173 -1.504111203283946 -0.4442581701663397 0
3174 1.677652736283808 0.3393214670986202 0
3175 0.4196607028714939 -0.8328789988872055 0
3176 1.242595884883243 0.4231759886559682 0
3177 0.3296565150153012 1.967728124543761 0
3178 0.5161937148829706 -0.8326016509449028 0
3179 -0.6533828058160844 -2.167552622285174 0
3180 2.209967702863305 -0.2455359250963751 0
3181 0.6608021259267033 -0.9157597517887229 0
3182 -0.9161955998394118 2.209665611141113 0
3183 0.3225417943479544 -1.837976541829017 0
3184 -0.2473348820469651 2.11285092904536 0
3185 1.871290498275073 0.3393910259863552 0
3186 -1.838101948096747 0.5161662849349273 0
3187 2.016440338447488 0.5864301290347432 0
3188 -0.9162408338732605 2.403184064323759 0
3189 2.161652323371657 -0.8322344712024097 0
3190 -3.343394910153432 -0.6427045852366851 0
3191 0.1289907899152121 -1.838019696238031 0
3192 -0.9164041317251361 -2.210796793457936 0
3193 0.496255908679599 3.3206987272706 0
3194 3.320802046842783 -0.4962939252544795 0
3195 2.838743719263164 0.3390996965403219 0
3196 -0.7491243176168331 2.596488255125305 0
3197 -2.006208155693932 -0.4505769410124399 0
3198 -0.9162272482487193 -2.113916719665458 0
3199 -2.005422570126928 0.6124062330507982 0
3200 -0.2578208087710159 -2.005022559404066 0
3201 -2.257062670423466 0.6617741618459827 0
3202 -0.3064395701836006 -1.754288361747202 0
3203 -0.4022270740873533 -2.589638702198021 0
3204 0.2741681998175119 -1.754231013197669 0
3205 -1.921897686751358 0.2741692106680764 0
3206 -0.2096558830750285 -1.921334810554185 0
3207 0.4170785349618671 -3.175669124529114 0
3208 0.9161771576318866 2.596756973277389 0
3209 -0.3553968714196839 -1.835057578986264 0
3210 -0.3311322694539997 2.4513093977873 0
3211 2.886902600952656 0.08896267568102209 0
3212 0.2258003259291041 -1.67046896365624 0
3213 -0.4221805168912801 3.465386638324778 0
3214 3.465584388448159 0.4224216158303492 0
3215 0.5651843711947629 -2.088445565068444 0
3216 0.1774668462322602 -1.586662947241408 0
3217 0.3225930529309126 -1.502869753007535 0
3218 -3.342658556201508 -0.06422364636775005 0
3219 2.645328504442629 0.3391140410623725 0
3220 2.693581108105686 -0.2456403762679692 0
3221 0.2742404586599976 -1.419078006135351 0
3222 -0.5812361923999498 2.403066272721253 0
3223 -1.921698472974993 0.6608028109594337 0
3224 0.2258931099859614 -1.335301949526657 0
3225 -0.916017264003485 -2.598688615230521 0
3226 0.2742649001550057 -1.251507312674141 0
3227 0.7090870617471077 -0.8319274232315754 0
3228 -2.342070631701656 -0.2567422785467626 0
3229 0.4193512026906983 -1.167609808426512 0
3230 0.4677137955257763 -1.083744519425679 0
3231 -2.174087605242314 -0.3525340230893 0
3232 0.4194049292150147 -1.000130421949067 0
3233 0.3712163755560173 -0.916575887454934 0
3234 -2.257053165610219 0.7579562726471173 0
3235 0.7089813959498086 -2.506849293798076 0
3236 -0.5980373555841162 -2.410361755204992 0
3237 1.823095448362946 -0.4129496910704214 0
3238 -2.59176698422075 0.3707165189635618 0
3239 0.3296606067181483 2.354787067170022 0
3240 -3.010076983372574 -0.3537545088361911 0
3241 -0.6645558134747656 1.096802651899197 0
3242 -0.3527922869348761 -2.338552117422694 0
3243 -3.259839359141865 -0.2091261819515683 0
3244 0.7096487424348454 -1.837679115930001 0
3245 -0.6646553328599053 1.193552396659924 0
3246 -1.671233482088007 0.7131594498717972 0
3247 -0.8315779649526975 1.096833672487435 0
3248 -0.664723906628345 1.290324037329763 0
3249 -0.06479390928263667 -3.342677353629255 0
3250 -0.6649151506721533 2.354732505814052 0
3251 -0.8328489014017679 2.644926727097141 0
3252 -0.6647924284791675 1.387109522495092 0
3253 -0.2099147309650786 -3.259897355087749 0
3254 -0.6698333162627365 3.321285862347399 0
3255 3.3214098455407 0.6698598915522035 0
3256 -0.6648105906988484 1.483894254078294 0
3257 0.806341495376062 -1.838102907211836 0
3258 0.6647125234609071 2.741816081831193 0
3259 2.935320533314808 0.3390865660304583 0
3260 -0.3545467076303775 -3.009793111862661 0
3261 -0.6648888381290889 1.580690903041773 0
3262 -1.838129676793459 0.6129485085688661 0
3263 -2.173297433321201 0.1290871098764779 0
3264 -0.6649377850712369 1.677476171515809 0
3265 0.6122769806893729 -2.507817719020524 0
3266 -0.6649262090553798 1.77424333089929 0
3267 2.645217081893269 0.005566987506487464 0
3268 -0.6648446944220201 2.258008131967398 0
3269 -0.664908309032474 1.871001962964206 0
3270 0.4134207829765149 2.403182550283 0
3271 -0.6648317261851422 2.161262679154873 0
3272 -0.6648676645535919 1.967757170084232 0
3273 -0.6648489691530941 2.064510805030337 0
3274 -3.918571033624614 0.2831656088778431 0
3275 -3.837082259133427 0.3286747468268261 0
3276 -1.754575735182797 0.6621208396445327 0
3277 2.983678727637944 0.5872972279468107 0
3278 0.613360534379438 -2.004753005226113 0
3279 -2.341367457458382 -0.1604748175139594 0
3280 -0.6863279176371735 -3.760189685065273 0
3281 -2.592714805691065 -0.5985226793566849 0
3282 3.927542205583926 -0.2858771285025478 0
3283 0.2858771160667005 3.927542198618376 0
3284 1.484177697638228 -0.8320338396757383 0
3285 -0.6444407181005727 -3.344650559213601 0
3286 -3.175957574883652 0.4167676006734728 0
3287 2.790372357870457 0.5872859351907576 0
3288 1.387608236423257 0.004465410707668982 0
3289 3.032147758936424 -0.8322458049718375 0
3290 0.8322626836716092 2.935297854958034 0
3291 2.210220685874527 -0.7483657451736685 0
3292 0.7483698001170623 2.983540728306493 0
3293 0.6613477112594089 -1.921091412326935 0
3294 -0.003940987957739316 2.935736245771836 0
3295 1.048213262912476 -0.7481435717579163 0
3296 0.7039845432157545 -2.677815872763887 0
3297 2.935116171434825 0.005343873486339268 0
3298 -2.928817730743246 -0.5923497850259818 0
3299 2.742171121309104 -0.4970174630362103 0
3300 0.7485467283157379 2.596728817650495 0
3301 0.7485305001595863 2.693469208159002 0
3302 -0.5945854085793565 -2.927197185176198 0
3303 -2.758892446771283 -0.1125511349019839 0
3304 -3.508478397731316 0.4181516203832739 0
3305 -2.089503698480105 0.1774367724364379 0
3306 0.4132012169062398 2.983341605898714 0
3307 0.4184438825746373 -3.50849996554423 0
3308 -3.508857103802343 -0.2553418966089194 0
3309 0.6584889287335676 -3.261980366083313 0
3310 -3.099795282039839 -0.7805255275862453 0
3311 -0.2560852284016805 -3.508928476076155 0
3312 -1.757718910659524 -0.7836071397379346 0
3313 -1.755913637720476 -0.6912210772873123 0
3314 -3.261218432314108 0.6550383163005211 0
3315 0.8323634361917047 2.548361603379541 0
3316 -3.343693196320253 -0.5462474261002754 0
3317 -2.005726452186905 0.1290728244219178 0
3318 2.886945383821318 -0.4131684851185562 0
3319 2.306971581150633 -0.7484047061788486 0
3320 -1.839067843135194 -0.5483326144414215 0
3321 -0.5477766202861842 -3.34410110461435 0
3322 0.4967091902545299 3.128062618972461 0
3323 3.03175912311254 0.1723008684644549 0
3324 -2.508133694358113 0.2258142151036368 0
3325 -0.2063286605667362 -3.591269859281654 0
3326 -0.3382621891397991 3.320838200476041 0
3327 3.321139674384637 0.3390795421861817 0
3328 -3.59123491635798 -0.2056615403719702 0
3329 1.774436308792633 0.005823425429135136 0
3330 -3.921627278675955 0.7566964500687604 0
3331 -3.919761754774489 0.5695079888368185 0
3332 -2.847250599527666 -0.6382979307333099 0
3333 0.7022640780928971 -3.347124095378098 0
3334 0.6105000883569602 -3.008934996089095 0
3335 -3.510663169340902 -0.6425583098031256 0
3336 -3.176170804322744 0.031721302431426 0
3337 2.451907782413933 -0.8323184268964019 0
3338 -0.9169141927929025 2.983606139843492 0
3339 0.3294345579657232 3.031595368197298 0
3340 -0.6418489589844968 -3.512170528290487 0
3341 -2.675449592850794 -0.1606720382660248 0
3342 0.5695313653631573 -3.919500467113077 0
3343 2.887169566145177 -0.7484745063100174 0
3344 0.7612050355200173 -3.919438481468476 0
3345 2.693754885039493 -0.4132164824553667 0
3346 -3.427130410990326 0.7488687034177579 0
3347 0.5146597197470009 -3.509002340068094 0
3348 2.500442137823284 -0.7484846084967871 0
3349 2.838807337951177 -0.8323313684110172 0
3350 -2.257801723935158 -0.2086589609322396 0
3351 3.416250235975527 -0.1617931751068333 0
3352 0.1618228223885646 3.416241607197348 0
3353 2.645386700647109 -0.8323537322456096 0
3354 -3.508963603514696 0.5140294653945165 0
3355 0.320697837692144 -3.175669747596201 0
3356 -3.175942225462379 0.3207895045323941 0
3357 3.514232124443585 0.670648760473088 0
3358 -0.6706388166642117 3.514204526189113 0
3359 2.693838042733796 -0.748513381642301 0
3360 0.245864331613001 2.983428643860711 0
3361 3.417182486194864 0.3390713838220631 0
3362 -0.3387143232148053 3.417043123982672 0
3363 -0.1717862913503852 3.320758403654935 0
3364 3.320731348869616 0.1722164013348013 0
3365 1.339357094095877 -0.2459834181166571 0
3366 2.790374085177444 0.9166624636361975 0
3367 -2.676197903227183 -0.3529541831028555 0
3368 -2.173972177807845 -0.2567736729454201 0
3369 2.500002375573991 0.9165461952317324 0
3370 -2.926404048042241 -0.3055448254748983 0
3371 2.209776745349731 0.9163579378035572 0
3372 0.2724791893872587 -3.092276052718754 0
3373 -0.1701126609060634 3.031911353974031 0
3374 2.548863114368578 -0.4970224306884646 0
3375 0.5798598047574421 3.369048071762306 0
3376 1.194314504501627 -0.3298940493389841 0
3377 -2.675824213088962 -0.2568136107362132 0
3378 3.031610983939687 -0.329327301915287 0
3379 -2.090031101938162 -0.3050205140829723 0
3380 -2.006113541213504 -0.3538627398623613 0
3381 -1.838772734549689 -0.4508736324193889 0
3382 -1.922432858963772 -0.4024939677693293 0
3383 1.145689844931509 -0.4135362772141847 0
3384 -1.755054218490082 -0.5960011449326957 0
3385 2.935245094290289 0.172389564497731 0
3386 2.500397576779517 -0.4132107106838364 0
3387 0.3206826604877179 -3.008742165587904 0
3388 0.663854437966348 3.321160725045822 0
3389 -2.21983892298181 -0.9212776968409049 0
3390 2.355388760995132 -0.4969758449524454 0
3391 1.53274481799051 -0.7480645549321272 0
3392 2.887056555579871 0.255830221046659 0
3393 0.1760850343030819 -2.925488830517124 0
3394 2.258625492527446 -0.4969389540066252 0
3395 1.919953834023211 -0.7482581848006556 0
3396 1.196352986113458 0.1689895354542767 0
3397 2.210150531641399 -0.413132207846613 0
3398 -0.005223139934942203 3.512395091246462 0
3399 3.512434159368643 0.005241631929814076 0
3400 -0.1728297266082862 3.608208982113037 0
3401 3.608228521239359 0.1728626428015816 0
3402 -0.08898651090286283 3.560360384786994 0
3403 3.560378488675944 0.08903117476754974 0
3404 1.291595653260404 0.1711059331286276 0
3405 0.1278730129002439 -2.842056375435964 0
3406 1.048542458152196 -0.5806901114104011 0
3407 2.065094475589988 -0.4968518026500448 0
3408 2.935122226016631 -0.329378304285351 0
3409 1.968327274150177 -0.4968013465135964 0
3410 2.790418771567525 0.2559265074517978 0
3411 -0.4994844158107659 2.741318509359092 0
3412 -3.42646755535192 -0.6923242913263766 0
3413 -0.690472860970984 -3.428880113411265 0
3414 0.1760800030903039 -2.758451224876048 0
3415 1.91985011922575 -0.4130010503924482 0
3416 -2.925891357709677 0.1770022812426947 0
3417 0.7474329060632425 3.466114829980149 0
3418 3.080136887500514 -0.5806159060850133 0
3419 0.1278979405897572 -2.674964836941312 0
3420 1.774809724425712 -0.4966719697107176 0
3421 2.693714101514343 0.2559962013812269 0
3422 3.369147857626322 -0.579877782846398 0
3423 1.678044085223354 -0.4966146023517582 0
3424 -0.005936530368531397 3.800677814903641 0
3425 3.80068021809851 0.005936514390878775 0
3426 3.321274144155107 -0.6638759455260275 0
3427 0.1761103737508964 -2.591324311176227 0
3428 1.629578329810492 -0.4128908290675142 0
3429 -0.2455315616567241 0.1661921258900452 0
3430 1.33934365296151 0.08776821717959436 0
3431 2.596994335657707 0.2560789609279678 0
3432 1.532813426624808 -0.4129304000118748 0
3433 0.1279447003400435 -2.507792000681 0
3434 -3.42483808587367 -0.7930838952504933 0
3435 -0.7836553176922649 -3.429038456887069 0
3436 1.14546320840327 -0.5806686476677072 0
3437 2.500238103817789 0.2561380939063389 0
3438 1.484399665615106 -0.3293220830974302 0
3439 2.355005481499472 0.3391908236206289 0
3440 1.436024036864656 -0.2458162867042277 0
3441 2.451774788649026 0.3391532778303452 0
3442 0.807358234800317 -3.83953590762709 0
3443 0.1763708605489225 -2.424076234091784 0
3444 0.2252849039287094 -2.172898863280522 0
3445 1.290972242245883 -0.3296207619264805 0
3446 3.466152671577722 -0.7473959876980947 0
3447 1.435990753343684 0.08841351476052341 0
3448 2.306676083743564 0.2563122404316239 0
3449 1.484262933767174 0.1724815183796775 0
3450 0.1282995501414176 -2.340457863139541 0
3451 2.209915898505828 0.2563378549948284 0
3452 -0.09620728576512058 0.08744560096243494 0
3453 2.064830499593373 0.3393594339937025 0
3454 -3.09261187562559 0.3691619163977968 0
3455 2.935305580043869 -0.4969444047290206 0
3456 2.161535154319376 0.339259524601311 0
3457 0.1767997613907086 -2.256683657866317 0
3458 0.07835604692529453 0.07550446857692251 0
3459 2.016475937469343 0.2564917542623654 0
3460 3.418341820476854 -0.831511266766491 0
3461 1.919707372209389 0.256506440169522 0
3462 -0.8330088027822948 -3.020104581626429 0
3463 0.8315714570137618 3.418324999621736 0
3464 1.822887742711811 0.2564745572276824 0
3465 0.4659790321711171 -2.758565968793698 0
3466 -0.2455133077982125 -0.5624149759545425 0
3467 1.726051735014316 0.2563824146808138 0
3468 1.629248993028747 0.2562766919708883 0
3469 -3.009119491357091 0.4175265226692796 0
3470 1.580859503554027 0.1729010635312853 0
3471 0.9157369381331473 3.467148708883302 0
3472 3.467149665606167 -0.9157131047985979 0
3473 0.8440630508846901 3.910229612732812 0
3474 3.910229704485 -0.8440622665409947 0
3475 -2.841793467030613 0.5142791523516232 0
3476 -2.925486777934694 0.4659016701995716 0
3477 -2.841361984758426 0.610681048897207 0
3478 0.7061579104970721 -3.010131047134966 0
3479 -2.757317174718668 0.658340162602792 0
3480 -2.672067787939263 0.7039136623553622 0
3481 -3.422212523299516 -0.8919913728054798 0
3482 -2.664785113165892 0.7926904819967594 0
3483 -3.813727143593406 0.8476447487896814 0
3484 -2.839271824726657 -0.8321449929546194 0
3485 -0.2577561643918298 3.749779251627633 0
3486 3.74980284849369 0.2577232409082793 0
3487 0.7639540163448675 -2.598531904793529 0
3488 -0.8313713647026839 -2.844855149760499 0
3489 -0.9240329744637119 -3.468434199262735 0
3490 -2.691520223685242 -0.920971925247672 0
3491 3.793859587835917 0.3390839363662296 0
3492 -0.3390838492653467 3.793859524860816 0
3493 -0.8354829332764089 3.515112077026812 0
3494 3.515130866888201 0.8354858171362129 0
3495 -0.8359742080449679 3.61175194948828 0
3496 3.611759653950096 0.8359771892658463 0
3497 -0.8368264484690952 3.708893207706047 0
3498 3.708895325292224 0.8368274880692308 0
3499 -0.752886211464135 3.466372205545238 0
3500 3.466405328512077 0.7528909414321774 0
3501 -0.752506962102356 3.36982086372354 0
3502 3.369865424220928 0.7524709849119631 0
3503 -3.825106589972543 -0.8524080683504035 0
3504 3.273195894280744 0.752000545746066 0
3505 -0.7521370433580852 3.273174766559663 0
3506 -0.6682789150752115 3.031242399564802 0
3507 -2.681683025917727 -0.642239343484091 0
3508 3.176678710935169 0.7513461098176031 0
3509 -0.7517334313379823 3.17645010864631 0
3510 -0.5840191098957352 2.886251778040541 0
3511 -0.5849112390828353 2.98291416875861 0
3512 3.128475132549794 0.6692277894506771 0
3513 -0.6689143882001589 3.127971003101278 0
3514 1.388549244657383 0.8366543930271266 0
3515 -0.416617447311837 2.789710831440728 0
3516 3.031990728253882 0.6689649518673454 0
3517 -1.673498867508309 -0.8357799897000584 0
3518 2.935509656574241 0.6689419078102505 0
3519 -0.1692311824890718 2.935605085593854 0
3520 2.838796520025346 0.6688968645626037 0
3521 2.499932035331055 0.586455445503584 0
3522 2.645169572079402 0.6686094857602853 0
3523 2.742006504611436 0.6687827334376549 0
3524 -0.08625160965534787 2.887386498778232 0
3525 -0.8317732013136329 -1.677574556708005 0
3526 1.581030114070554 0.8351121019229507 0
3527 2.209816991958767 0.5863269683402452 0
3528 2.596739311259034 0.5867799986785696 0
3529 2.354802302966498 0.6676768875415074 0
3530 1.484482635789868 0.8360137508799064 0
3531 1.340843457733529 0.7553389756737943 0
3532 2.451562986344802 0.6679718957290999 0
3533 1.149700800160586 -0.08072287674675277 0
3534 0.9154376433525963 -3.847422595059752 0
3535 3.851975912843924 0.9209869146345415 0
3536 -0.9209869146345387 3.851975912843923 0
3537 -0.5832158741087553 2.789632537789465 0
3538 2.306447024352043 0.5862350139397488 0
3539 -0.085280105312321 2.596309925012467 0
3540 -0.08548708738366236 2.790631107528859 0
3541 2.161595977667877 0.6677642249345443 0
3542 -3.093483986852274 0.7626006047105311 0
3543 -0.166261376152631 2.354473164990503 0
3544 0.8500594335214584 -1.081092799700452 0
3545 1.072902760343647 0.8502159246261618 0
3546 1.725662247638358 0.5869513729705231 0
3547 -0.0852207077658846 2.693406226378332 0
3548 -0.0855095764962443 1.628561308673858 0
3549 -0.2493892589475175 1.629180843606095 0
3550 0.5001847745703769 0.5167207800602818 0
3551 0.3353615301667044 0.516935499709969 0
3552 0.2528204073485629 0.468721944223447 0
3553 0.2496147949446185 0.9519653796542877 0
3554 0.4998627902825019 0.710546703472511 0
3555 0.4170215958720221 0.7588903631492252 0
3556 0.0009021354339286471 0.9034301653277499 0
3557 0.2516485267779472 0.7585847282593802 0
3558 -0.0003294188714578705 1.000192141139173 0
3559 0.3354896535867833 0.3244354080586548 0
3560 -0.1664963344981785 1.00015600782134 0
3561 -0.1679104810912262 1.096932736748804 0
3562 1.871151246641534 0.6681029446471843 0
3563 2.064872023917288 0.6678568808980603 0
3564 -0.6419336864145139 -2.845168251446695 0
3565 -0.1665245413287303 2.54799214304174 0
3566 1.968048012432465 0.6679647404396256 0
3567 -3.912177590071225 0.8505752056339461 0
3568 -0.166458277676504 2.451080483630559 0
3569 -0.5955512862781419 -2.757767885499358 0
3570 1.581003449687966 0.6703518511181576 0
3571 -0.08518974461494463 2.306270929758214 0
3572 -0.08486032686150519 2.209616895336667 0
3573 -0.08485834772130287 2.112883670724938 0
3574 -0.0850355600303222 2.01612096339635 0
3575 -0.08484584185067293 1.91934027562262 0
3576 0.2506704436707312 0.8552817612808808 0
3577 0.3348579129985527 0.2299061235115417 0
3578 0.5001198562236386 0.6135979723910158 0
3579 -0.2510991041169635 1.241982720764066 0
3580 -0.2511007368855018 1.338734870180172 0
3581 -0.2505680150529153 1.532364871317905 0
3582 -0.2509278093642695 1.43552052948861 0
3583 -0.08472082225001648 1.822514007939031 0
3584 -0.08488077725458198 1.725641566655078 0
3585 0.2528307018445638 0.372454412839557 0
3586 -0.2509078710454641 1.145213603865241 0
3587 1.822710613299452 0.5866859176895485 0
3588 1.677450782116092 0.669152310513034 0
3589 -3.755455445995092 0.3745814523590379 0
3590 0.616768175119482 -3.839489927788385 0
3591 0.232785442885334 -3.836857453249007 0
3592 0.7131172516315045 -3.839884197655312 0
3593 -3.836863178053256 0.2330153279108815 0
3594 0.09211461668615117 -3.918457760333769 0
3595 -3.265783013234793 0.755389936183586 0
3596 -1.420485133473971 -0.5810456061138064 0
3597 -1.505252554191576 -0.6372696878508877 0
3598 -1.503172107522372 -0.7330266124944602 0
3599 -1.251711267777062 -0.3819046374322457 0
3600 -1.335454036165342 -0.246312936109548 0
3601 -1.251271412712685 -0.1944809149354691 0
3602 -1.082790214622253 0.09251577658548404 0
3603 0.4739777278324421 -3.918992116671524 0
3604 -3.918449850006374 0.09226470143808847 0
3605 -3.842785421646936 0.7077892761284694 0
3606 0.4242296162274352 -3.837363656312998 0
3607 -3.839953394200473 0.616118822458 0
3608 0.2831311655768519 -3.918509337654377 0
3609 0.04134807755681184 -3.836816393646345 0
3610 -3.919064217581861 0.4741692224514938 0
3611 -3.836798899869155 0.04163779657202406 0
3612 0.08216687856297024 -0.7485530982403863 0
3613 -3.653980096420613 -0.9208828396614244 0
3614 -0.4241400102472812 0.0974968881577081 0
3615 -2.982093562502228 -0.9240909925107201 0
3616 0.8461932004174624 0.1365977298599023 0
3617 -3.837465031901167 0.4244433295918176 0
3618 -0.8330888122392079 -3.349742743691302 0
3619 -3.837038046753169 -0.1499031738072614 0
3620 -3.918793285930497 -0.289835774398806 0
3621 -3.837640029735283 -0.3416930944572746 0
3622 -0.1502744407531673 -3.837027771522925 0
3623 -3.918517545544792 -0.09869311733144316 0
3624 -0.2901345637628729 -3.918724551722939 0
3625 -2.176929374314041 -0.6304401339875072 0
3626 -0.3422867668650854 -3.837467727904422 0
3627 3.85313782765652 0.4205355321541449 0
3628 -0.4205354043287744 3.853137732381853 0
3629 0.2401801569440198 3.84446332659626 0
3630 3.844463341885161 -0.2401801743701019 0
3631 -0.09887682135914896 -3.918516307785969 0
3632 -3.91967904661 -0.4813932934911314 0
3633 -3.176776893516222 -0.9126772556582474 0
3634 -1.81820184904317 -0.9226851040334669 0
3635 -3.920813283581307 -0.5770240263942368 0
3636 -0.4825446015835318 -3.919287677701926 0
3637 -3.412259640136798 0.8374606021339077 0
3638 1.241270003954139 0.755731239070954 0
3639 -0.5805619591378579 -3.920178180900622 0
3640 -3.842344882665389 -0.6314452295978987 0
3641 0.8389876041708578 -3.412601549098987 0
3642 -0.9187455576089818 -1.81559594150921 0
3643 -0.63905746969683 -3.839324013724794 0
3644 -3.927197575560381 -0.761904761904764 0
3645 0.08027968604439517 -0.5713902586749291 0
3646 3.925159314052503 0.2870017815682342 0
3647 -0.2870017761550811 3.925159310060756 0
3648 1.249663588853278 0.592380821370022 0
3649 -0.6942828834760209 -1.598104392786872 0
3650 0.8408474872929358 -2.738706705146762 0
3651 3.8398449457754 -0.4073701816298139 0
3652 0.4073700072976795 3.839844823489555 0
3653 -2.768171331205774 -0.6833303371151125 0
3654 -2.930655841312466 0.8410095076170585 0
3655 0.8406349714713834 -2.94081702623571 0
3656 1.155440598609505 0.4200172106095974 0
3657 -2.332482230557754 -0.6055758834928371 0
3658 0.8429670600011845 -1.581241333402367 0
3659 -1.583087361569963 0.8463711158602165 0
3660 0.8444319829038119 -2.258064516129035 0
3661 -2.257648212068535 0.8453418367962067 0
3662 -2.556775319729401 -0.8480590338482259 0
3663 -0.5517550825991963 0.1654599174487075 0
3664 0.09767878793573188 3.927229592892159 0
3665 3.927229592850776 -0.09767878845941949 0
3666 -0.5895837968116548 -2.090077379249333 0
3667 -3.599845017618713 0.8380543838546513 0
3668 -2.733569039059588 0.8442742803467571 0
3669 -0.003726757500435666 -1.091361767882998 0
3670 -0.003144378405286171 -0.9105088442119248 0
3671 -0.09329884975375015 3.933216960641804 0
3672 3.933216965515024 0.09329885579694876 0
3673 -0.1609697112933689 -1.182080997102633 0
3674 -1.09091278263128 0.8433251549139479 0
3675 -1.090835022314669 -0.8426691237917191 0
3676 0.8396430311891554 -3.600838080965976 0
3677 0.8382560087233926 -0.06882382000420677 0
3678 -0.3297950005199784 -1.090187263878025 0
3679 -0.3384123225819402 -0.3225815207472864 0
3680 -0.3405257334751496 -1.676676498840384 0
3681 -3.855767423385791 -0.9258839719577733 0
3682 3.933366060800294 -0.5744500364814783 0
3683 0.5744500112853625 3.933366059287927 0
3684 -0.06941069612674908 -0.4775680566875787 0
3685 -0.684681201001216 -0.4153681320432598 0
3686 -1.764560079142173 0.8422056294879043 0
3687 0.84139429968014 -1.764059107100109 0
3688 -3.354331730221208 -0.9324523268167093 0
3689 -2.260106909618505 -0.6649550242613543 0
3690 -0.5854127611262827 -2.251670849689531 0
3691 -2.077459120858918 0.8390497957072344 0
3692 0.6592300617336883 0.2425037052279352 0
3693 -0.3386952331104301 -1.493065981480018 0
3694 -2.43606734249607 0.8383793160761984 0
3695 0.8436778096824384 -3.753947144055754 0
3696 0.9337805848808988 -2.403225806451612 0
3697 -2.312088257764029 -0.9284745730793837 0
3698 0.8420467238534672 -2.077235395287736 0
3699 -0.8327735424116277 0.1400490852790951 0
3700 1.160312112161491 0.2422226651000385 0
3701 -2.774224467536548 -0.7623713119159534 0
3702 -0.5824576706485821 3.931256138407671 0
3703 3.931256145130456 0.5824576793981487 0
3704 -1.420259961657288 -0.4869495220925802 0
3705 -1.082490125673831 0.000730668958670512 0
3706 -1.250971581523274 -0.1011048631397832 0
3707 -1.406427437304483 0.8378084679632185 0
3708 -0.4247182284116659 -1.143389579934848 0
3709 -1.335954761140713 -0.4342306716457376 0
3710 -1.166765393633566 -0.05022695647940604 0
3711 -0.9161174066661306 0.09633661213855339 0
3712 -0.9991860437110313 0.1405096549366491 0
3713 3.934622798924911 -0.760648892638649 0
3714 0.7606488926385675 3.934622798924856 0
3715 -2.02126550442475 -0.9263316852128364 0
3716 0.9364247226625658 -1.244728121148355 0
3717 -0.677387135158268 -0.2350566731306591 0
3718 1.064351198682293 0.08380002716735305 0
3719 -0.7578830019261965 -3.936395855385493 0
3720 0.9348681511438081 -1.919444015444725 0
3721 -1.919627553985271 0.9342012503318505 0
3722 -0.6436057306867959 -1.993865052503535 0
3723 -1.266872602718313 0.8373018946867921 0
3724 -1.267303696012986 -0.8391568709559611 0
3725 -2.584484677133405 0.8385699348867024 0
3726 0.9366901394605772 -1.435483870967742 0
3727 -0.7683895994046877 -3.757721586993111 0
3728 -0.6765405221239502 -2.435112465460249 0
3729 -0.8380932391072673 -1.985515311848149 0
3730 0.2437483770507632 -0.004651854957464285 0
3731 0.8455498853095151 -3.244174098370122 0
3732 -0.4349118815069482 -1.337129376584592 0
3733 -1.403687082954101 -0.8452041848652958 0
3734 -0.5673930687915124 -1.518919936054235 0
3735 -0.5677011276471551 -0.4824051222266462 0
3736 -0.6762318497191385 0.2444841100033558 0
3737 -0.4719744066203637 -1.680580016223752 0
3738 -0.4710692350022487 -0.318295601262184 0
3739 -0.2525729244263895 -0.4785353390401973 0
3740 -0.7697794566162949 -3.082781559676187 0
3741 -0.7586363149502013 3.936428185237003 0
3742 3.936428191437507 0.7586363231567783 0
3743 0.8465409821808502 -3.109312785906828 0
3744 -0.8411732879168995 -3.201464300835901 0
3745 -0.7713740554766834 -0.08064516129032338 0
3746 0.5147087923024072 0.1501845877317489 0
3747 -0.6738249768172498 -2.573087295132786 0
3748 -0.1576554179962273 0.1498789472607408 0
3749 -3.487578798448668 -0.9333029011120939 0
3750 -0.7689589188579367 -2.78022577861065 0
3751 0.1068335241421083 -0.007624661007096051 0
3752 3.928901681064512 -0.9293034201847987 0
3753 0.9293034201847987 3.928901681064512 0
3754 -3.928901681064512 0.9293034201847987 0
3755 -0.9293034201847987 -3.928901681064512 0
3756 0.905346153473786 -0.1850995934567506 0
3757 1.065487147602618 -0.09241052186523155 0
3758 -0.9751451773218841 0.9077966798334767 0
3759 1.062494204629131 0.9310820071369635 0
3760 -0.9740694332107899 -0.9032258072736092 0
3761 0.9299480449624293 -1.069548633290569 0
3762 0.3282730041464252 0.1503843535030857 0
3763 -2.933242430897856 -0.8603055988530633 0
3764 -3.93012659728696 -0.9305480931205123 0
3765 0.9305480931205123 -3.93012659728696 0
3766 3.93012659728696 0.9305480931205123 0
3767 -0.9305480931205123 3.93012659728696 0
3768 -0.8595946647302308 -3.607241609695397 0
3769 0.8458458214956909 -2.571704390776725 0
3770 -0.8614887451428542 -3.421195308020781 0
3771 -3.735597917301047 0.8471723216705638 0
3772 -3.601638051427695 -0.8620584333868572 0
3773 -2.645745832889895 -0.8619388449604458 0
3774 -0.8598170002689547 -2.934268442054119 0
3775 -0.7691812193747404 0.09338988170486917 0
3776 -0.2801820557826081 0.07624317306753614 0
3777 -3.179605137487119 0.7814227124531568 0
3778 3.868721794150908 0.3370133389646868 0
3779 -0.3370132829798776 3.868721752936853 0
3780 -0.01114503482704619 0.05899087040353226 0
3781 0.7805440943010945 0.177209075852207 0
3782 -1.581187390392521 -0.8616129524801697 0
3783 -2.319281778628123 -0.5301485212959225 0
3784 -2.074010503192515 -0.8431897973370486 0
3785 1.221104334521524 0.6701503946508427 0
3786 -0.7713959808199929 -1.613735498158053 0
3787 -1.768031475520717 -0.8599040184053328 0
3788 -0.8567300847663244 -1.762010434005959 0
3789 0.7805346592582447 -2.686993943518297 0
3790 0.1512178697712482 -0.6831036944299022 0
3791 -0.4787734068572057 0.1546093040665693 0
3792 -2.359964316485728 -0.863169538596641 0
3793 -3.061122560783006 0.8488681922417134 0
3794 -2.436791007609469 -0.4754709668163333 0
3795 -0.009359072069378391 -0.7779260585890273 0
3796 -3.851513187090587 0.7826169552258356 0
3797 -3.356008758769583 0.775199645327565 0
3798 0.7778698191810145 -2.996456106734893 0
3799 1.219984098231535 0.846031197516536 0
3800 0.7770137188770214 -3.357051295491169 0
3801 3.933835168802062 0.4500162423651831 0
3802 -0.4500162275053641 3.933835157563223 0
3803 -2.652655445682615 0.8646085766258473 0
3804 0.847175161179276 0.06139488436926373 0
3805 0.1428041577258609 3.868216870662776 0
3806 3.868216870662808 -0.1428041577258408 0
3807 -3.860621591584263 -0.7982973202735167 0
3808 -0.6128854474624614 -2.321394876054016 0
3809 -3.110752395520743 -0.8561486750097672 0
3810 -3.24423007591023 -0.8557035726720201 0
3811 0.3333333333333341 3.869247631539415 0
3812 3.86924763153942 -0.3333333333333341 0
3813 -4.502757426884044 -0.9154018517233113 0
3814 -4.498311774755818 0.9201704389461245 0
3815 -4.917631818799829 -0.3816023333588489 0
3816 -4.08519245609065 0.1893941815981907 0
3817 -4.085222663860614 -0.09626812408737856 0
3818 -4.917476763813101 0.3795388355264959 0
3819 -4.917675576410313 0.09387482547042553 0
3820 -4.085512454779487 -0.3816962509674474 0
3821 -4.084562181444006 0.4753398772120418 0
3822 -4.918195157509539 -0.6672539843019704 0
3823 -4.088345170688299 -0.6668980600888512 0
3824 -4.916161865724193 0.6645077973147128 0
3825 -4.082757082406888 0.6662452945741587 0
3826 -4.91761155224054 -0.09639593953070792 0
3827 -4.315934295901032 -0.9341344573047811 0
3828 -4.67349489134672 0.9144587213618297 0
3829 -4.674596871933701 -0.9194067531237395 0
3830 -4.322169865780928 0.9165858320112396 0
3831 -4.911195693516711 0.8493099852605999 0
3832 -4.081544986750225 -0.8541283885354183 0
3833 -4.921814049389067 -0.8541336832978684 0
3834 -4.077615243372607 0.8539998720933566 0
3835 -4.919211558567135 -0.761964158308154 0
3836 -4.836210929565008 -0.7156706290541892 0
3837 -4.835844378303268 -0.6204858689120791 0
3838 -4.753454352515942 -0.6693335639051414 0
3839 -4.753605131139031 -0.573454210280585 0
3840 -4.671519641277285 -0.6220719821225195 0
3841 -4.671697861954721 -0.526300074163368 0
3842 -4.590262271940688 -0.5739957367501047 0
3843 -4.589823552598417 -0.4790184988923898 0
3844 -4.507816353300442 -0.5265058834047075 0
3845 -4.506875319961149 -0.4314915994509141 0
3846 -4.589126237328891 -0.3839649080232796 0
3847 -4.506229520878153 -0.3365737973678 0
3848 -4.588637483829147 -0.2890824267786734 0
3849 -4.506097096387895 -0.2418967874508915 0
3850 -4.588435960449668 -0.1944083826110295 0
3851 -4.505907110379121 -0.1471203736636686 0
3852 -4.588329391028095 -0.09964082953481784 0
3853 -4.505667696791149 -0.05211391122360495 0
3854 -4.588295274163857 -0.004633885592582064 0
3855 -4.505786450784456 0.04282276714397774 0
3856 -4.588331241840783 0.09047784946435929 0
3857 -4.505785276007836 0.1379659357845847 0
3858 -4.588269949011586 0.1856612206403469 0
3859 -4.505388110816607 0.2334239891537087 0
3860 -4.587859964012401 0.281227066422714 0
3861 -4.504819021503875 0.3291055412879257 0
3862 -4.587206486273113 0.3770011719998566 0
3863 -4.503962318537516 0.4250478073654015 0
3864 -4.586254580139782 0.4730270098088123 0
3865 -4.502696222111193 0.5214181579171639 0
3866 -4.585002543202611 0.5694392802215714 0
3867 -4.424246336084417 -0.4787180918243264 0
3868 -4.425308818470968 -0.5734989226851064 0
3869 -4.42263483930658 -0.1941184359123349 0
3870 -4.421181537449073 0.377395678394311 0
3871 -4.422383414206116 0.0909424160405455 0
3872 -4.501101087895103 0.6183655650172614 0
3873 -4.41864225772773 0.569980478931563 0
3874 -4.341136377143941 -0.5256349881106805 0
3875 -4.342506668516987 -0.6200189359122958 0
3876 -4.340174269481166 -0.4309283820793406 0
3877 -4.66848109173007 0.520944830378227 0
3878 -4.66731284450867 0.6170046081199452 0
3879 -4.670503032789556 0.2338351510462073 0
3880 -4.670770950535072 -0.2412806764900703 0
3881 -4.41647262974188 0.6672872872994665 0
3882 -4.589941137074915 -0.6704935293290748 0
3883 -4.334081905881282 0.6183845368213081 0
3884 -4.670665318053853 0.0433511721371025 0
3885 -4.499361970472586 0.7162297207306938 0
3886 -4.33101534677986 0.7157417548459094 0
3887 -4.256294083057813 -0.4778188502196294 0
3888 -4.255559221038276 -0.3830030523822215 0
3889 -4.750809691438592 0.5685080632326154 0
3890 -4.749766095694775 0.6637232233268321 0
3891 -4.426538867794786 -0.6681955505453512 0
3892 -4.344264405536904 -0.7131873274680275 0
3893 -4.666005171205252 0.7132090138425717 0
3894 -4.749288681534908 0.7580354235527618 0
3895 -4.751727431939076 0.4730809927712281 0
3896 -4.753537982082547 -0.4781522116720828 0
3897 -4.335952811623963 0.5218491745843439 0
3898 -4.251294634906673 0.5702112314968929 0
3899 -4.252839526456513 0.4741673599165369 0
3900 -4.259344616787834 -0.6667002703225471 0
3901 -4.26272400385014 -0.7606672955635896 0
3902 -4.426716481628688 -0.7613979329660805 0
3903 -4.753389811232201 -0.7654656581043099 0
3904 -4.834245252319677 0.5207875964362031 0
3905 -4.339473955073188 -0.3360452136154198 0
3906 -4.255055751857543 -0.2880401052912728 0
3907 -4.666495336434349 0.8120179706170103 0
3908 -4.175613792119689 -0.7142889200390677 0
3909 -4.173234649681404 -0.6194961089216408 0
3910 -4.086562006425581 -0.5718016644873614 0
3911 -4.171896541831732 -0.8096888700210797 0
3912 -4.17096719392634 -0.4298362724757645 0
3913 -4.749333539882517 0.8482346147935984 0
3914 -4.584595811358681 0.8611136228100268 0
3915 -4.830650508181176 0.8027996181093633 0
3916 -4.583012433823486 0.7641234945110279 0
3917 -4.168159097498749 0.5225842625892898 0
3918 -4.169136372871046 0.4269241940230705 0
3919 -4.253770904053459 0.3784210146916852 0
3920 -4.169683387258679 0.3314360619370622 0
3921 -4.254330324728001 0.2828870047531603 0
3922 -4.1665497966126 0.6184200623181773 0
3923 -4.169965092215046 0.2360702740433766 0
3924 -4.254598764359608 0.1875233911639316 0
3925 -4.338433659620065 0.2344941412738336 0
3926 -4.170086672523301 0.1407871737826792 0
3927 -4.254662924784522 0.09228636609840959 0
3928 -4.170117608800631 0.04556356881911768 0
3929 -4.254687245178834 -0.002887814712002996 0
3930 -4.170112994592469 -0.04960910273552639 0
3931 -4.254702730816095 -0.09798996285235652 0
3932 -4.338731294543373 -0.05110864915002543 0
3933 -4.170135119080801 -0.1447347554970962 0
3934 -4.08519145996191 -0.1914120259590833 0
3935 -4.084750833615428 0.38004393281046 0
3936 -4.085106945470213 0.09419044513293187 0
3937 -4.170228187549145 -0.2398087521206659 0
3938 -4.827115781549068 0.892930477884019 0
3939 -4.087087279636548 -0.7613384015927473 0
3940 -4.156929971252609 -0.9132832613905606 0
3941 -4.508805797710123 -0.7180939962960859 0
3942 -4.507651854881018 -0.8165430756675101 0
3943 -4.425554879268165 -0.8503406204831647 0
3944 -4.589193777106972 -0.8636081890389851 0
3945 -4.589792064939386 -0.7693238173457481 0
3946 -4.914996774305436 0.7583877330784092 0
3947 -4.67015299241078 -0.7188540993350158 0
3948 -4.839049216804852 -0.8109171342476371 0
3949 -4.848377443857448 -0.912317580132245 0
3950 -4.755291508484771 -0.8559510972836663 0
3951 -4.080746001066586 0.7614163169648013 0
3952 -4.159821597346075 0.8102951422153928 0
3953 -4.150567166417713 0.9123833035320984 0
3954 -4.240384696333392 0.8569246998024296 0
3955 -4.245266535616976 0.7629389915406115 0
3956 -4.327162508229008 0.8139904035930459 0
3957 -4.41393856939413 0.7654574999007258 0
3958 -4.411493451212146 0.8622756300578402 0
3959 -4.248733208914869 0.6666498985869342 0
3960 -4.163979036993998 0.7143276177000125 0
3961 -4.083671359660373 0.570907773258468 0
3962 -4.497883051660362 0.8158647815477837 0
3963 -4.583632675184618 0.6663952804071784 0
3964 -4.347483084581131 -0.8020270273363438 0
3965 -4.917904061120099 -0.572070001976025 0
3966 -4.917778501159942 -0.4768216440344374 0
3967 -4.835517491417857 -0.4299006777204998 0
3968 -4.83523846811266 -0.3348157449701662 0
3969 -4.753276051667564 -0.3830191504970036 0
3970 -4.508760022708927 -0.6215212906893914 0
3971 -4.254719223246451 -0.1929958969975619 0
3972 -4.916794234670627 0.5697434861529013 0
3973 -4.833207607070687 0.615682757236842 0
3974 -4.917217759077161 0.4747234266350028 0
3975 -4.834725691380617 0.4260139049345527 0
3976 -4.835105955789635 0.330717036189406 0
3977 -4.75236892693229 0.3776488091129059 0
3978 -4.752773478117056 0.2821991634025394 0
3979 -4.83530998801211 0.2353908231775179 0
3980 -4.752953128753045 0.1868929238774509 0
3981 -4.670626546714447 0.1386078697524581 0
3982 -4.752985665330505 0.09170073879607095 0
3983 -4.752968563516487 -0.003480678765872875 0
3984 -4.835320494745338 0.04515030421226033 0
3985 -4.085818866117238 -0.4767460552860963 0
3986 -4.170444046866397 -0.3348290999633464 0
3987 -4.917564479694494 -0.2865498774465671 0
3988 -4.835187094053381 -0.2399161549589936 0
3989 -4.917590592379828 -0.1914773393188446 0
3990 -4.835246565705711 -0.1449296860766859 0
3991 -4.752958867051245 -0.193223758403521 0
3992 -4.423336912034282 -0.3837996797241681 0
3993 -4.422829805264068 -0.28893734861864 0
3994 -4.671416520236805 -0.4310958416215119 0
3995 -4.669374209087009 0.4251549600137685 0
3996 -4.41999016111515 0.4735472460827944 0
3997 -4.835696637969988 -0.5251328239545641 0
3998 -4.257397989459999 -0.5724050574819731 0
3999 -4.670014349535237 0.3295110536663319 0
4000 -4.33895010283644 -0.2410581048363306 0
4001 -4.33872123315311 -0.1460869506461451 0
4002 -4.337147575036654 0.425791573889697 0
4003 -4.422366683916378 -0.09912982917600434 0
4004 -4.338555175861456 0.1392141488076247 0
4005 -4.084931961529967 0.2847288369696095 0
4006 -4.422303191956885 -0.004111397754940283 0
4007 -4.337823154745013 0.3300864533524807 0
4008 -4.338553874421864 0.0440558448882685 0
4009 -4.421669027472203 0.2817709269826363 0
4010 -4.422035777330714 0.1863019263404889 0
4011 -4.085229358192823 -0.2865291167398534 0
4012 -4.671037838272296 -0.3360983359881451 0
4013 -4.75302091537118 -0.2880852685673787 0
4014 -4.670677529566499 -0.1464639719325574 0
4015 -4.085093368787321 -0.001020535478476678 0
4016 -4.171712464778063 -0.5246840014787443 0
4017 -4.917598126266461 0.2843458107836627 0
4018 -4.831972578410538 0.7098994739762571 0
4019 -4.670643462424672 -0.05155435601335773 0
4020 -4.670339313567142 -0.8202756914171929 0
4021 -4.917647025231434 -0.001231099590393971 0
4022 -4.264439384316386 -0.8584291592580662 0
4023 -4.917659149831713 0.1891189004834495 0
4024 -4.752961586042838 -0.09827803981438865 0
4025 -4.83531733384717 0.1403547526695292 0
4026 -4.835292631247058 -0.04986085659429815 0
4027 -4.40461898817807 -0.9302095007119207 0
4028 -4.23857762306807 -0.9411399294029826 0
4029 -4.759079751646571 0.9311247628078894 0
4030 -4.764538595125294 -0.9356246635801654 0
4031 -4.234097365070066 0.935866928097134 0
4032 -4.588370936185982 0.9401142785035775 0
4033 -4.894411097359278 0.9274563679155774 0
4034 -4.590025130436536 -0.9406979449564095 0
4035 -4.409494937452632 0.9415848243481226 0
4036 -4.930676009925424 -0.9295964825163776 0
4037 -4.069323990074576 -0.9295964825163775 0
4038 -4.069323990074577 0.9295964825163767 0
4039 -4.351606126448957 -0.8750281530188553 0
4040 4.497901349963084 0.9156191546286198 0
4041 4.49840214439642 -0.9036161286239058 0
4042 4.0825261751407 -0.1896818767231064 0
4043 4.082181421987033 0.381616438496892 0
4044 4.082321445039479 0.09593980226252066 0
4045 4.914696681889113 -0.3792983278880698 0
4046 4.914747156095066 -0.09394063237443959 0
4047 4.914551132850786 0.1915235757576272 0
4048 4.082735754860433 -0.4747033879616086 0
4049 4.914214449950615 0.4767949604700235 0
4050 4.081882565149582 0.6672492631061018 0
4051 4.915526607248919 -0.6674201242342446 0
4052 4.082930934190242 -0.663885656664372 0
4053 4.912871731121093 0.6669555032425716 0
4054 4.324901971138697 0.9177841530572265 0
4055 4.681159736207088 -0.9292599981277225 0
4056 4.684096960990638 0.9333427400498466 0
4057 4.315227574333684 -0.9294120910064987 0
4058 4.928262589535408 -0.860815375248738 0
4059 4.082970894417709 -0.8641322156171491 0
4060 4.918303722887566 0.8543683098310905 0
4061 4.078229797282315 0.8541003751626113 0
4062 4.080870439913171 0.7619238105628277 0
4063 4.163934258129375 0.7156901829662572 0
4064 4.164214095897324 0.6205790561433098 0
4065 4.246650430368161 0.669537419607817 0
4066 4.246444227842993 0.5736445915429075 0
4067 4.328602820655061 0.622296289972831 0
4068 4.328363628936895 0.5264143642734966 0
4069 4.409906278547091 0.5742513421221098 0
4070 4.410298694410681 0.4790212349582826 0
4071 4.492470678390108 0.526466805937353 0
4072 4.493019811361262 0.431463252827155 0
4073 4.410728222271906 0.3838083255405842 0
4074 4.493292666618304 0.3365332620354745 0
4075 4.410965747490146 0.2887385224868574 0
4076 4.493477240450929 0.2416086864250999 0
4077 4.411095721442254 0.1937544461061717 0
4078 4.493359096156972 0.1468606092219169 0
4079 4.411260365324469 0.09874608961882717 0
4080 4.493535903065378 0.05189360017933436 0
4081 4.411461348490614 0.003738291783706115 0
4082 4.493742699990756 -0.04307087756789012 0
4083 4.411729927903453 -0.09126724161780288 0
4084 4.494229740943542 -0.1381601796784218 0
4085 4.412055410381338 -0.1862142643801856 0
4086 4.494788647520362 -0.2332401600993429 0
4087 4.412365324443594 -0.2809722308207163 0
4088 4.495102563973924 -0.3280328558064406 0
4089 4.412581567410832 -0.3756168884805186 0
4090 4.495205540214963 -0.4225412681651413 0
4091 4.41277206209655 -0.4700467930008385 0
4092 4.495246023369965 -0.5167286628622426 0
4093 4.413251901724134 -0.5639199077185669 0
4094 4.576443880544189 0.289058314533805 0
4095 4.576935967037383 0.004287685966699653 0
4096 4.577962944324209 -0.2806753278865393 0
4097 4.577708074460809 -0.4696008627657317 0
4098 4.577465340357151 -0.5636947845099661 0
4099 4.57589039813949 0.4786491939930216 0
4100 4.57535598566048 0.5732873315987154 0
4101 4.660071392442143 -0.5169186688568326 0
4102 4.65937928153718 -0.6111675841765782 0
4103 4.33023245885313 -0.3290197938431398 0
4104 4.328816750258504 0.2407035403501885 0
4105 4.32938010388074 -0.04449027456110525 0
4106 4.577064271669926 -0.6572192374076583 0
4107 4.409938347392058 0.670124488509719 0
4108 4.659328903791878 0.525509940512868 0
4109 4.658684794350036 0.6196981480640181 0
4110 4.330684403445719 -0.517721695883284 0
4111 4.331468218441026 -0.6113251414104515 0
4112 4.657796257344727 -0.7036978817313659 0
4113 4.744035620691919 -0.5660571304227523 0
4114 4.744506332235559 -0.4710510699706431 0
4115 4.743321687105629 0.5723241547907814 0
4116 4.742318580250485 0.6664770787665744 0
4117 4.657497173361095 0.7127685896592906 0
4118 4.743878173833806 0.4778051778401364 0
4119 4.414026691511319 -0.6571506650038645 0
4120 4.333162994314794 -0.7040663761977406 0
4121 4.246474519951272 0.4782111781129392 0
4122 4.248289418743647 -0.5656917547758153 0
4123 4.247985848759209 -0.4717526422108269 0
4124 4.41518584951542 -0.7493097064455212 0
4125 4.740485574233295 0.7602069236389442 0
4126 4.57664573118809 -0.750480373181346 0
4127 4.246380017307891 0.7652170382788919 0
4128 4.829338838760143 -0.5205218504103484 0
4129 4.655571306274592 -0.7931209787010235 0
4130 4.742140226450185 -0.7609775300267071 0
4131 4.335680378640609 -0.7940784550470351 0
4132 4.253210616261189 -0.7531457234816221 0
4133 4.655207819504329 0.8022508879739305 0
4134 4.573994548284937 0.7605991139187547 0
4135 4.416070145687984 -0.8390664847173763 0
4136 4.826222226774781 0.7143590953890528 0
4137 4.829732965601792 0.8096873092141317 0
4138 4.576393818031899 -0.8402525005117424 0
4139 4.828619024374084 0.5247073891818279 0
4140 4.828979101699457 0.4298940234521044 0
4141 4.744234776790289 0.3830600279967531 0
4142 4.829195183970004 0.3349723133293277 0
4143 4.744430586580629 0.2882093783332176 0
4144 4.829697849589992 -0.6173731791401024 0
4145 4.829343027644743 0.2399750838437395 0
4146 4.744563150661474 0.1932824202351157 0
4147 4.829475631069089 0.1449196308339934 0
4148 4.744764057372221 0.09825420727617892 0
4149 4.829619854038229 0.04982332051318268 0
4150 4.745014933151952 0.003170852443015318 0
4151 4.660347908356078 0.1464169082621774 0
4152 4.82977086082296 -0.04528165050232613 0
4153 4.745225357079161 -0.09188281959954467 0
4154 4.829816372991106 -0.1403115415856309 0
4155 4.745255335022309 -0.186800318664774 0
4156 4.829497101882924 -0.2351032581886248 0
4157 4.744826506707286 -0.281402459630163 0
4158 4.661245241476342 -0.1387321549972066 0
4159 4.829512283684513 -0.3301098846774465 0
4160 4.262595991450141 -0.8512898199073305 0
4161 4.171229603444742 -0.8036475962015076 0
4162 4.914573570511883 0.2866091527339152 0
4163 4.914873187538819 -0.5704593264788707 0
4164 4.830594547207208 -0.717210556461872 0
4165 4.914789766015734 0.001163574376401512 0
4166 4.914698613468985 -0.2841353319840411 0
4167 4.575002354128973 0.8493333538405736 0
4168 4.493149443530256 0.8132645643634252 0
4169 4.41108185172985 0.8628436458574473 0
4170 4.410479715638042 0.7695588509323906 0
4171 4.17527056998525 -0.8981651424686032 0
4172 4.730797914294858 -0.8606777945333786 0
4173 4.49187369243326 0.7177880338800642 0
4174 4.496410554335822 -0.7977457261510821 0
4175 4.918103238660016 -0.7663022405200444 0
4176 4.834244135560297 -0.8285729418842884 0
4177 4.167339906151069 -0.7085407279028983 0
4178 4.913369284615052 0.7616075027939756 0
4179 4.843468090979317 0.9128477438391541 0
4180 4.91391178407695 0.5717992892780238 0
4181 4.084073627137698 -0.7605003360739505 0
4182 4.165755501396641 -0.6142869086480961 0
4183 4.330330942119109 0.719793866916578 0
4184 4.807203770471435 -0.9072673479439614 0
4185 4.161176018909907 0.8106935183367483 0
4186 4.151868753773991 0.9121001368500734 0
4187 4.245772847051574 0.8551295662004406 0
4188 4.49154991316705 0.6215412930477178 0
4189 4.495777746769644 -0.7037385576015942 0
4190 4.08208791671663 0.5721309068602342 0
4191 4.082145775524072 0.4768778661032645 0
4192 4.164320079670285 0.4299169817116506 0
4193 4.164376847749816 0.3346540384226232 0
4194 4.246468343977765 0.3828986048921033 0
4195 4.495333382397287 -0.6105256374200931 0
4196 4.57791461090045 -0.3752578806904406 0
4197 4.829545357370904 -0.4252722328770063 0
4198 4.082659285058687 -0.3797792735757691 0
4199 4.082610688604841 -0.284838405089536 0
4200 4.165114337633005 -0.236369688164765 0
4201 4.164941734555981 -0.1412442620908227 0
4202 4.247483553894282 -0.1878626405672718 0
4203 4.247229996037764 -0.09280830916492847 0
4204 4.164799858181221 -0.04608952135341635 0
4205 4.165240674517813 -0.3312392712414113 0
4206 4.165325109925162 -0.4258638443183512 0
4207 4.082222891366312 0.2863729606411334 0
4208 4.164468691974831 0.2394367346484568 0
4209 4.082273556325076 0.1911473089600282 0
4210 4.164561934053794 0.1442657611583046 0
4211 4.24670372542227 0.192525144079729 0
4212 4.246856481843911 0.09740122441492582 0
4213 4.164676932229037 0.04908495577400596 0
4214 4.082380592426064 0.000723726356535101 0
4215 4.08244577743503 -0.09448293605067194 0
4216 4.743892911311073 -0.6626773909967123 0
4217 4.744656971957645 -0.3761606212154593 0
4218 4.661092200309906 -0.32820873983169 0
4219 4.82787750561717 0.6194370851081386 0
4220 4.576362541897541 0.3838192621196262 0
4221 4.574758402412089 0.6676400474092665 0
4222 4.659934860457956 0.4308444809492518 0
4223 4.330342996275608 -0.4235873599483845 0
4224 4.328491870988831 0.4310350074876081 0
4225 4.660416342118889 -0.4224882296871018 0
4226 4.16428441546007 0.5252228896307274 0
4227 4.577440414605582 -0.09084848049714259 0
4228 4.247805920439811 -0.3773740146866205 0
4229 4.660220978557824 0.3360775829348379 0
4230 4.249410217098219 -0.6593845243233414 0
4231 4.660216083940632 0.2413239340469002 0
4232 4.576360594353529 0.1943278778523359 0
4233 4.661347010781383 -0.2336029272389261 0
4234 4.577796858105621 -0.1858542595491929 0
4235 4.661053043477567 -0.04375616960066064 0
4236 4.660749686448124 0.05130960213018017 0
4237 4.57663696266567 0.09933034552641033 0
4238 4.329911825499724 -0.2343913905631446 0
4239 4.329631802932884 -0.1395056868090731 0
4240 4.328672750480605 0.3358125909637658 0
4241 4.246584518310632 0.2876717755594778 0
4242 4.247016272154406 0.002279035736225676 0
4243 4.329156215219658 0.0505520006046261 0
4244 4.328981543251844 0.1456137408624114 0
4245 4.330079271306446 0.8203882804037386 0
4246 4.247708434307945 -0.2827811765576093 0
4247 4.91449371768866 0.3816958686483565 0
4248 4.165467167770223 -0.5202769550630723 0
4249 4.914739397328973 0.09631771532623337 0
4250 4.914687725859484 -0.1890169603576466 0
4251 4.914723340080982 -0.4746349380226876 0
4252 4.082816216526658 -0.5693847592737835 0
4253 4.736769926433383 0.8567244383008714 0
4254 4.597682311188014 -0.923756540519905 0
4255 4.402285614458341 -0.9246907196273366 0
4256 4.595156850555463 0.9299014265014518 0
4257 4.761521284734326 0.9395576670116075 0
4258 4.241527918062906 -0.9357734106764865 0
4259 4.882606662302968 -0.9267597484553178 0
4260 4.235851350372298 0.9351810157343368 0
4261 4.409979358802572 0.9404468717592838 0
4262 4.111422226695462 -0.9351305489737565 0
4263 4.069323990074576 0.9295964825163775 0
4264 4.930676009925424 0.9295964825163776 0
4265 4.64832101719929 -0.8694135624787545 0
4266 4.746954686017659 -0.9361502277122874 0
4267 4.348592285667079 -0.8647185958278465 0
4268 4.946775651299652 -0.9449643220099584 0
4269 4.64749734058429 0.8738729084851495 0
4270 4.051197930487049 -0.9462440984273031 0
4271 -0.571424978887606 -4.083434156748576 0
4272 0.5725592697093665 -4.096666439889174 0
4273 0.3783666848533551 -4.08386496319155 0
4274 -0.3781568235302487 -4.08334729754466 0
4275 -0.1839450691484807 -4.076184335998216 0
4276 0.008512467902864931 -4.072927314477002 0
4277 0.1902987015226547 -4.074237839681239 0
4278 -0.8796000110811565 -4.383760772549992 0
4279 0.8683981742847605 -4.374276223252829 0
4280 0.7668842120350035 -4.079303474104229 0
4281 -0.7640000343550768 -4.08252144806035 0
4282 -0.9182421112646619 -4.139057278801196 0
4283 0.918602482006314 -4.137740386366997 0
4284 -0.2369864560351235 -4.547765094810113 0
4285 0.1715854230053733 -4.706962123571763 0
4286 0.6257493736958604 -4.628058565433227 0
4287 0.3770662629573929 -4.367905374215116 0
4288 -0.5943048592231305 -4.66690407126077 0
4289 -0.4741284860737385 -4.340321274306715 0
4290 0.832482071187491 -4.559079079631353 0
4291 -0.8374413344618473 -4.576685598350794 0
4292 0.7916462889766702 -4.775189654977849 0
4293 0.8971349578103336 -4.237740467259813 0
4294 0.7622165761328443 -4.260885119911949 0
4295 0.7090985902519581 -4.423578837710051 0
4296 0.626657311877172 -4.293100516537105 0
4297 0.6684061075809333 -4.189370991251071 0
4298 -0.8977992261911933 -4.244153848348642 0
4299 -0.7734440234766906 -4.278973106744729 0
4300 0.5830783362862277 -4.194545613161889 0
4301 -0.4753362886606638 -4.082963096346806 0
4302 -0.4262414581847887 -4.166027183951247 0
4303 -0.3248683710481233 -4.16936378704755 0
4304 -0.3818345950717277 -4.259451511251892 0
4305 -0.2602368028414746 -4.263669182009149 0
4306 -0.3320930945385208 -4.381260161178242 0
4307 -0.1808649729247353 -4.372586240698036 0
4308 -0.119601408760107 -4.237397694628117 0
4309 -0.03000385605985411 -4.334736739109527 0
4310 0.02583499464329155 -4.237632442762465 0
4311 0.1113540648625526 -4.329900532831063 0
4312 0.1421986627673789 -4.213031835224072 0
4313 0.07108479546032354 -4.145643320839135 0
4314 0.4743984658342809 -4.084484009454684 0
4315 0.4265909321503132 -4.169025008172715 0
4316 0.3252430685982369 -4.168725617231845 0
4317 -0.6674711391806367 -4.084288361028369 0
4318 -0.6185167341159118 -4.16882542202291 0
4319 -0.28057974507162 -4.081732591607654 0
4320 -0.08922685809862016 -4.073382806043146 0
4321 0.282060754637633 -4.080952052636153 0
4322 0.6724584179809965 -4.094129450392501 0
4323 -0.5238095238095228 -4.164971077551593 0
4324 -0.5639882952725384 -4.258272933232257 0
4325 -0.6442878282272366 -4.399949019864923 0
4326 -0.7186653151614186 -4.171846218840878 0
4327 -0.8217417434044068 -4.165392877971049 0
4328 0.2270275014229738 -4.158883895712286 0
4329 0.2577847194183406 -4.269429165662872 0
4330 -0.2221583747056338 -4.161955697251057 0
4331 0.4926318892159128 -4.266004156769426 0
4332 -0.7863492387369956 -4.786480059887246 0
4333 -0.8582997499775527 -4.075805367030223 0
4334 0.8592687093858207 -4.07381683066428 0
4335 0.824310951432434 -4.157996526165707 0
4336 -0.6668182164367074 -4.251076097216204 0
4337 -0.0390248441524801 -4.151169749972884 0
4338 0.3796273969146751 -4.25019800399928 0
4339 -0.4734385998947753 -4.23606770802914 0
4340 0.1013263663383293 -4.07046986409353 0
4341 0.2187133416867544 -4.459994704938128 0
4342 0.5390880343336205 -4.426073521493842 0
4343 -0.1307530560626335 -4.140034921087444 0
4344 0.5092773085312636 -4.160872165658715 0
4345 0.6249063631258852 -4.142546836961246 0
4346 -0.9315288965554571 -4.067860597348746 0
4347 0.9315288965554571 -4.067860597348747 0
4348 0.002266802297715322 -4.494152217538762 0
4349 -0.08201694167750025 -4.696063839408574 0
4350 0.3905493357252704 -4.591561979545117 0
4351 -0.4491268344033312 -4.506926824603497 0
4352 -0.3486239195093474 -4.731382924858158 0
4353 0.7411196400824487 -4.151018410541786 0
4354 0.1500163772263004 -4.135403630012926 0
4355 0.571424978887606 4.083434156748576 0
4356 -0.5725592697093665 4.096666439889174 0
4357 -0.3783666848533551 4.08386496319155 0
4358 0.3781568235302487 4.08334729754466 0
4359 0.1839450691484807 4.076184335998216 0
4360 -0.008512467902864931 4.072927314477002 0
4361 -0.1902987015226547 4.074237839681239 0
4362 0.8796000110811565 4.383760772549992 0
4363 -0.8683981742847605 4.374276223252829 0
4364 -0.7668842120350035 4.079303474104229 0
4365 0.7640000343550768 4.08252144806035 0
4366 0.9182421112646619 4.139057278801196 0
4367 -0.918602482006314 4.137740386366997 0
4368 0.2369864560351235 4.547765094810113 0
4369 -0.1715854230053733 4.706962123571763 0
4370 -0.6257493736958604 4.628058565433227 0
4371 -0.3770662629573929 4.367905374215116 0
4372 0.5943048592231305 4.66690407126077 0
4373 0.4741284860737385 4.340321274306715 0
4374 -0.832482071187491 4.559079079631353 0
4375 0.8374413344618473 4.576685598350794 0
4376 -0.7916462889766702 4.775189654977849 0
4377 -0.8971349578103336 4.237740467259813 0
4378 -0.7622165761328443 4.260885119911949 0
4379 -0.7090985902519581 4.423578837710051 0
4380 -0.626657311877172 4.293100516537105 0
4381 -0.6684061075809333 4.189370991251071 0
4382 0.8977992261911933 4.244153848348642 0
4383 0.7734440234766906 4.278973106744729 0
4384 -0.5830783362862277 4.194545613161889 0
4385 0.4753362886606638 4.082963096346806 0
4386 0.4262414581847887 4.166027183951247 0
4387 0.3248683710481233 4.16936378704755 0
4388 0.3818345950717277 4.259451511251892 0
4389 0.2602368028414746 4.263669182009149 0
4390 0.3320930945385208 4.381260161178242 0
4391 0.1808649729247353 4.372586240698036 0
4392 0.119601408760107 4.237397694628117 0
4393 0.03000385605985411 4.334736739109527 0
4394 -0.02583499464329155 4.237632442762465 0
4395 -0.1113540648625526 4.329900532831063 0
4396 -0.1421986627673789 4.213031835224072 0
4397 -0.07108479546032354 4.145643320839135 0
4398 -0.4743984658342809 4.084484009454684 0
4399 -0.4265909321503132 4.169025008172715 0
4400 -0.3252430685982369 4.168725617231845 0
4401 0.6674711391806367 4.084288361028369 0
4402 0.6185167341159118 4.16882542202291 0
4403 0.28057974507162 4.081732591607654 0
4404 0.08922685809862016 4.073382806043146 0
4405 -0.282060754637633 4.080952052636153 0
4406 -0.6724584179809965 4.094129450392501 0
4407 0.5238095238095228 4.164971077551593 0
4408 0.5639882952725384 4.258272933232257 0
4409 0.6442878282272366 4.399949019864923 0
4410 0.7186653151614186 4.171846218840878 0
4411 0.8217417434044068 4.165392877971049 0
4412 -0.2270275014229738 4.158883895712286 0
4413 -0.2577847194183406 4.269429165662872 0
4414 0.2221583747056338 4.161955697251057 0
4415 -0.4926318892159128 4.266004156769426 0
4416 0.7863492387369956 4.786480059887246 0
4417 0.8582997499775527 4.075805367030223 0
4418 -0.8592687093858207 4.07381683066428 0
4419 -0.824310951432434 4.157996526165707 0
4420 0.6668182164367074 4.251076097216204 0
4421 0.0390248441524801 4.151169749972884 0
4422 -0.3796273969146751 4.25019800399928 0
4423 0.4734385998947753 4.23606770802914 0
4424 -0.1013263663383293 4.07046986409353 0
4425 -0.2187133416867544 4.459994704938128 0
4426 -0.5390880343336205 4.426073521493842 0
4427 0.1307530560626335 4.140034921087444 0
4428 -0.5092773085312636 4.160872165658715 0
4429 -0.6249063631258852 4.142546836961246 0
4430 0.9315288965554571 4.067860597348746 0
4431 -0.9315288965554571 4.067860597348747 0
4432 -0.002266802297715322 4.494152217538762 0
4433 0.08201694167750025 4.696063839408574 0
4434 -0.3905493357252704 4.591561979545117 0
4435 0.4491268344033312 4.506926824603497 0
4436 0.3486239195093474 4.731382924858158 0
4437 -0.7411196400824487 4.151018410541786 0
4438 -0.1500163772263004 4.135403630012926 0
$EndNodes
$Elements
8978
1 15 2 0 1 1
2 15 2 0 2 2
3 15 2 0 3 3
4 15 2 0 4 4
5 15 2 0 5 5
6 15 2 0 6 6
7 15 2 0 7 7
8 15 2 0 8 8
9 15 2 0 9 9
10 15 2 0 10 10
11 15 2 0 11 11
12 15 2 0 12 12
13 15 2 0 13 13
14 15 2 0 14 14
15 15 2 0 15 15
16 15 2 0 16 16
17 15 2 0 17 17
18 15 2 0 18 18
19 15 2 0 19 19
20 15 2 0 20 20
21 1 2 0 1 1 21
22 1 2 0 1 21 22
23 1 2 0 1 22 23
24 1 2 0 1 23 24
25 1 2 0 1 24 25
26 1 2 0 1 25 26
27 1 2 0 1 26 27
28 1 2 0 1 27 28
29 1 2 0 1 28 29
30 1 2 0 1 29 30
31 1 2 0 1 30 31
32 1 2 0 1 31 32
33 1 2 0 1 32 33
34 1 2 0 1 33 34
35 1 2 0 1 34 35
36 1 2 0 1 35 36
37 1 2 0 1 36 37
38 1 2 0 1 37 38
39 1 2 0 1 38 39
40 1 2 0 1 39 40
41 1 2 0 1 40 2
42 1 2 0 2 2 41
43 1 2 0 2 41 42
44 1 2 0 2 42 43
45 1 2 0 2 43 44
46 1 2 0 2 44 45
47 1 2 0 2 45 46
48 1 2 0 2 46 47
49 1 2 0 2 47 48
50 1 2 0 2 48 49
51 1 2 0 2 49 50
52 1 2 0 2 50 51
53 1 2 0 2 51 52
54 1 2 0 2 52 53
55 1 2 0 2 53 54
56 1 2 0 2 54 55
57 1 2 0 2 55 56
58 1 2 0 2 56 57
59 1 2 0 2 57 58
60 1 2 0 2 58 59
61 1 2 0 2 59 60
62 1 2 0 2 60 61
63 1 2 0 2 61 62
64 1 2 0 2 62 63
65 1 2 0 2 63 64
66 1 2 0 2 64 65
67 1 2 0 2 65 66
68 1 2 0 2 66 67
69 1 2 0 2 67 68
70 1 2 0 2 68 69
71 1 2 0 2 69 70
72 1 2 0 2 70 3
73 1 2 0 3 3 71
74 1 2 0 3 71 72
75 1 2 0 3 72 73
76 1 2 0 3 73 74
77 1 2 0 3 74 75
78 1 2 0 3 75 76
79 1 2 0 3 76 77
80 1 2 0 3 77 78
81 1 2 0 3 78 79
82 1 2 0 3 79 80
83 1 2 0 3 80 81
84 1 2 0 3 81 82
85 1 2 0 3 82 83
86 1 2 0 3 83 84
87 1 2 0 3 84 85
88 1 2 0 3 85 86
89 1 2 0 3 86 87
90 1 2 0 3 87 88
91 1 2 0 3 88 89
92 1 2 0 3 89 90
93 1 2 0 3 90 91
94 1 2 0 3 91 92
95 1 2 0 3 92 93
96 1 2 0 3 93 94
97 1 2 0 3 94 95
98 1 2 0 3 95 96
99 1 2 0 3 96 97
100 1 2 0 3 97 98
101 1 2 0 3 98 99
102 1 2 0 3 99 100
103 1 2 0 3 100 4
104 1 2 0 4 4 101
105 1 2 0 4 101 102
106 1 2 0 4 102 103
107 1 2 0 4 103 104
108 1 2 0 4 104 105
109 1 2 0 4 105 106
110 1 2 0 4 106 107
111 1 2 0 4 107 108
112 1 2 0 4 108 109
113 1 2 0 4 109 110
114 1 2 0 4 110 111
115 1 2 0 4 111 112
116 1 2 0 4 112 113
117 1 2 0 4 113 114
118 1 2 0 4 114 115
119 1 2 0 4 115 116
120 1 2 0 4 116 117
121 1 2 0 4 117 118
122 1 2 0 4 118 119
123 1 2 0 4 119 120
124 1 2 0 4 120 5
125 1 2 0 5 5 121
126 1 2 0 5 121 122
127 1 2 0 5 122 123
128 1 2 0 5 123 124
129 1 2 0 5 124 125
130 1 2 0 5 125 126
131 1 2 0 5 126 127
132 1 2 0 5 127 128
133 1 2 0 5 128 129
134 1 2 0 5 129 130
135 1 2 0 5 130 131
136 1 2 0 5 131 132
137 1 2 0 5 132 133
138 1 2 0 5 133 134
139 1 2 0 5 134 135
140 1 2 0 5 135 136
141 1 2 0 5 136 137
142 1 2 0 5 137 138
143 1 2 0 5 138 139
144 1 2 0 5 139 140
145 1 2 0 5 140 141
146 1 2 0 5 141 142
147 1 2 0 5 142 143
148 1 2 0 5 143 144
149 1 2 0 5 144 145
150 1 2 0 5 145 146
151 1 2 0 5 146 147
152 1 2 0 5 147 148
153 1 2 0 5 148 149
154 1 2 0 5 149 150
155 1 2 0 5 150 6
156 1 2 0 6 6 151
157 1 2 0 6 151 152
158 1 2 0 6 152 153
159 1 2 0 6 153 154
160 1 2 0 6 154 155
161 1 2 0 6 155 156
162 1 2 0 6 156 157
163 1 2 0 6 157 158
164 1 2 0 6 158 159
165 1 2 0 6 159 160
166 1 2 0 6 160 161
167 1 2 0 6 161 162
168 1 2 0 6 162 163
169 1 2 0 6 163 164
170 1 2 0 6 164 165
171 1 2 0 6 165 166
172 1 2 0 6 166 167
173 1 2 0 6 167 168
174 1 2 0 6 168 169
175 1 2 0 6 169 170
176 1 2 0 6 170 171
177 1 2 0 6 171 172
178 1 2 0 6 172 173
179 1 2 0 6 173 174
180 1 2 0 6 174 175
181 1 2 0 6 175 176
182 1 2 0 6 176 177
183 1 2 0 6 177 178
184 1 2 0 6 178 179
185 1 2 0 6 179 180
186 1 2 0 6 180 7
187 1 2 0 7 7 181
188 1 2 0 7 181 182
189 1 2 0 7 182 183
190 1 2 0 7 183 184
191 1 2 0 7 184 185
192 1 2 0 7 185 186
193 1 2 0 7 186 187
194 1 2 0 7 187 188
195 1 2 0 7 188 189
196 1 2 0 7 189 190
197 1 2 0 7 190 191
198 1 2 0 7 191 192
199 1 2 0 7 192 193
200 1 2 0 7 193 194
201 1 2 0 7 194 195
202 1 2 0 7 195 196
203 1 2 0 7 196 197
204 1 2 0 7 197 198
205 1 2 0 7 198 199
206 1 2 0 7 199 200
207 1 2 0 7 200 8
208 1 2 0 8 8 201
209 1 2 0 8 201 202
210 1 2 0 8 202 203
211 1 2 0 8 203 204
212 1 2 0 8 204 205
213 1 2 0 8 205 206
214 1 2 0 8 206 207
215 1 2 0 8 207 208
216 1 2 0 8 208 209
217 1 2 0 8 209 210
218 1 2 0 8 210 211
219 1 2 0 8 211 212
220 1 2 0 8 212 213
221 1 2 0 8 213 214
222 1 2 0 8 214 215
223 1 2 0 8 215 216
224 1 2 0 8 216 217
225 1 2 0 8 217 218
226 1 2 0 8 218 219
227 1 2 0 8 219 220
228 1 2 0 8 220 221
229 1 2 0 8 221 222
230 1 2 0 8 222 223
231 1 2 0 8 223 224
232 1 2 0 8 224 225
233 1 2 0 8 225 226
234 1 2 0 8 226 227
235 1 2 0 8 227 228
236 1 2 0 8 228 229
237 1 2 0 8 229 230
238 1 2 0 8 230 9
239 1 2 0 9 9 231
240 1 2 0 9 231 232
241 1 2 0 9 232 233
242 1 2 0 9 233 234
243 1 2 0 9 234 235
244 1 2 0 9 235 236
245 1 2 0 9 236 237
246 1 2 0 9 237 238
247 1 2 0 9 238 239
248 1 2 0 9 239 240
249 1 2 0 9 240 241
250 1 2 0 9 241 242
251 1 2 0 9 242 243
252 1 2 0 9 243 244
253 1 2 0 9 244 245
254 1 2 0 9 245 246
255 1 2 0 9 246 247
256 1 2 0 9 247 248
257 1 2 0 9 248 249
258 1 2 0 9 249 250
259 1 2 0 9 250 251
260 1 2 0 9 251 252
261 1 2 0 9 252 253
262 1 2 0 9 253 254
263 1 2 0 9 254 255
264 1 2 0 9 255 256
265 1 2 0 9 256 257
266 1 2 0 9 257 258
267 1 2 0 9 258 259
268 1 2 0 9 259 260
269 1 2 0 9 260 10
270 1 2 0 10 10 261
271 1 2 0 10 261 262
272 1 2 0 10 262 263
273 1 2 0 10 263 264
274 1 2 0 10 264 265
275 1 2 0 10 265 266
276 1 2 0 10 266 267
277 1 2 0 10 267 268
278 1 2 0 10 268 269
279 1 2 0 10 269 270
280 1 2 0 10 270 271
281 1 2 0 10 271 272
282 1 2 0 10 272 273
283 1 2 0 10 273 274
284 1 2 0 10 274 275
285 1 2 0 10 275 276
286 1 2 0 10 276 277
287 1 2 0 10 277 278
288 1 2 0 10 278 279
289 1 2 0 10 279 280
290 1 2 0 10 280 11
291 1 2 0 11 11 281
292 1 2 0 11 281 282
293 1 2 0 11 282 283
294 1 2 0 11 283 284
295 1 2 0 11 284 285
296 1 2 0 11 285 286
297 1 2 0 11 286 287
298 1 2 0 11 287 288
299 1 2 0 11 288 289
300 1 2 0 11 289 290
301 1 2 0 11 290 291
302 1 2 0 11 291 292
303 1 2 0 11 292 293
304 1 2 0 11 293 294
305 1 2 0 11 294 295
306 1 2 0 11 295 296
307 1 2 0 11 296 297
308 1 2 0 11 297 298
309 1 2 0 11 298 299
310 1 2 0 11 299 300
311 1 2 0 11 300 301
312 1 2 0 11 301 302
313 1 2 0 11 302 303
314 1 2 0 11 303 304
315 1 2 0 11 304 305
316 1 2 0 11 305 306
317 1 2 0 11 306 307
318 1 2 0 11 307 308
319 1 2 0 11 308 309
320 1 2 0 11 309 310
321 1 2 0 11 310 12
322 1 2 0 12 12 311
323 1 2 0 12 311 312
324 1 2 0 12 312 313
325 1 2 0 12 313 314
326 1 2 0 12 314 315
327 1 2 0 12 315 316
328 1 2 0 12 316 317
329 1 2 0 12 317 318
330 1 2 0 12 318 319
331 1 2 0 12 319 320
332 1 2 0 12 320 321
333 1 2 0 12 321 322
334 1 2 0 12 322 323
335 1 2 0 12 323 324
336 1 2 0 12 324 325
337 1 2 0 12 325 326
338 1 2 0 12 326 327
339 1 2 0 12 327 328
340 1 2 0 12 328 329
341 1 2 0 12 329 330
342 1 2 0 12 330 331
343 1 2 0 12 331 332
344 1 2 0 12 332 333
345 1 2 0 12 333 334
346 1 2 0 12 334 335
347 1 2 0 12 335 336
348 1 2 0 12 336 337
349 1 2 0 12 337 338
350 1 2 0 12 338 339
351 1 2 0 12 339 340
352 1 2 0 12 340 1
353 1 2 0 13 13 341
354 1 2 0 13 341 342
355 1 2 0 13 342 343
356 1 2 0 13 343 344
357 1 2 0 13 344 345
358 1 2 0 13 345 346
359 1 2 0 13 346 347
360 1 2 0 13 347 348
361 1 2 0 13 348 349
362 1 2 0 13 349 350
363 1 2 0 13 350 2
364 1 2 0 14 1 351
365 1 2 0 14 351 352
366 1 2 0 14 352 353
367 1 2 0 14 353 354
368 1 2 0 14 354 355
369 1 2 0 14 355 356
370 1 2 0 14 356 357
371 1 2 0 14 357 358
372 1 2 0 14 358 359
373 1 2 0 14 359 360
374 1 2 0 14 360 14
375 1 2 0 15 14 361
376 1 2 0 15 361 362
377 1 2 0 15 362 363
378 1 2 0 15 363 364
379 1 2 0 15 364 365
380 1 2 0 15 365 366
381 1 2 0 15 366 367
382 1 2 0 15 367 368
383 1 2 0 15 368 369
384 1 2 0 15 369 370
385 1 2 0 15 370 371
386 1 2 0 15 371 372
387 1 2 0 15 372 373
388 1 2 0 15 373 374
389 1 2 0 15 374 375
390 1 2 0 15 375 376
391 1 2 0 15 376 377
392 1 2 0 15 377 378
393 1 2 0 15 378 379
394 1 2 0 15 379 380
395 1 2 0 15 380 13
396 1 2 0 16 7 381
397 1 2 0 16 381 382
398 1 2 0 16 382 383
399 1 2 0 16 383 384
400 1 2 0 16 384 385
401 1 2 0 16 385 386
402 1 2 0 16 386 387
403 1 2 0 16 387 388
404 1 2 0 16 388 389
405 1 2 0 16 389 390
406 1 2 0 16 390 15
407 1 2 0 17 15 391
408 1 2 0 17 391 392
409 1 2 0 17 392 393
410 1 2 0 17 393 394
411 1 2 0 17 394 395
412 1 2 0 17 395 396
413 1 2 0 17 396 397
414 1 2 0 17 397 398
415 1 2 0 17 398 399
416 1 2 0 17 399 400
417 1 2 0 17 400 401
418 1 2 0 17 401 402
419 1 2 0 17 402 403
420 1 2 0 17 403 404
421 1 2 0 17 404 405
422 1 2 0 17 405 406
423 1 2 0 17 406 407
424 1 2 0 17 407 408
425 1 2 0 17 408 409
426 1 2 0 17 409 410
427 1 2 0 17 410 16
428 1 2 0 18 16 411
429 1 2 0 18 411 412
430 1 2 0 18 412 413
431 1 2 0 18 413 414
432 1 2 0 18 414 415
433 1 2 0 18 415 416
434 1 2 0 18 416 417
435 1 2 0 18 417 418
436 1 2 0 18 418 419
437 1 2 0 18 419 420
438 1 2 0 18 420 8
439 1 2 0 19 17 421
440 1 2 0 19 421 422
441 1 2 0 19 422 423
442 1 2 0 19 423 18
443 1 2 0 20 18 424
444 1 2 0 20 424 425
445 1 2 0 20 425 426
446 1 2 0 20 426 427
447 1 2 0 20 427 428
448 1 2 0 20 428 5
449 1 2 0 21 4 429
450 1 2 0 21 429 430
451 1 2 0 21 430 431
452 1 2 0 21 431 432
453 1 2 0 21 432 433
454 1 2 0 21 433 17
455 1 2 0 22 10 434
456 1 2 0 22 434 435
457 1 2 0 22 435 436
458 1 2 0 22 436 437
459 1 2 0 22 437 438
460 1 2 0 22 438 19
461 1 2 0 23 19 439
462 1 2 0 23 439 440
463 1 2 0 23 440 441
464 1 2 0 23 441 20
465 1 2 0 24 20 442
466 1 2 0 24 442 443
467 1 2 0 24 443 444
468 1 2 0 24 444 445
469 1 2 0 24 445 446
470 1 2 0 24 446 11
471 2 2 0 1 2134 2136 473
472 2 2 0 1 1957 2513 2512
473 2 2 0 1 2205 3484 3038
474 2 2 0 1 2080 2947 493
475 2 2 0 1 3059 3115 1467
476 2 2 0 1 1831 2999 2138
477 2 2 0 1 2147 2148 1435
478 2 2 0 1 2208 2209 1217
479 2 2 0 1 2212 2213 1215
480 2 2 0 1 1745 2521 1747
481 2 2 0 1 1200 2613 2117
482 2 2 0 1 2136 3696 473
483 2 2 0 1 80 2227 79
484 2 2 0 1 2090 2878 1583
485 2 2 0 1 1183 2973 2087
486 2 2 0 1 2045 2762 1751
487 2 2 0 1 493 3723 2080
488 2 2 0 1 3115 3724 1467
489 2 2 0 1 1193 2187 2146
490 2 2 0 1 3534 3695 3442
491 2 2 0 1 2862 3176 1754
492 2 2 0 1 589 2154 186
493 2 2 0 1 590 2153 266
494 2 2 0 1 1580 2702 2701
495 2 2 0 1 1255 2200 2199
496 2 2 0 1 2095 2915 1197
497 2 2 0 1 1262 3784 2193
498 2 2 0 1 482 2916 2097
499 2 2 0 1 1436 3695 3534
500 2 2 0 1 459 2115 2109
501 2 2 0 1 2109 2116 459
502 2 2 0 1 1951 2521 1745
503 2 2 0 1 2197 3689 3657
504 2 2 0 1 1927 2865 2864
505 2 2 0 1 2905 3246 2088
506 2 2 0 1 855 2124 2122
507 2 2 0 1 2148 3503 1435
508 2 2 0 1 1580 3747 2702
509 2 2 0 1 2054 2952 1794
510 2 2 0 1 182 3474 181
511 2 2 0 1 262 3473 261
512 2 2 0 1 3657 3689 1377
513 2 2 0 1 2432 3618 1990
514 2 2 0 1 2069 3032 2106
515 2 2 0 1 581 2940 583
516 2 2 0 1 779 2940 581
517 2 2 0 1 186 2154 185
518 2 2 0 1 266 2153 265
519 2 2 0 1 1199 3143 2156
520 2 2 0 1 1831 3684 2999
521 2 2 0 1 2205 3701 3484
522 2 2 0 1 2162 2163 2123
523 2 2 0 1 1013 2184 2121
524 2 2 0 1 1728 2182 2110
525 2 2 0 1 2199 2206 1255
526 2 2 0 1 2081 2152 1251
527 2 2 0 1 2087 3707 1183
528 2 2 0 1 1794 2952 1795
529 2 2 0 1 2123 2164 2162
530 2 2 0 1 2193 3389 1262
531 2 2 0 1 1583 3700 2090
532 2 2 0 1 1990 3744 2432
533 2 2 0 1 2144 3246 2905
534 2 2 0 1 1260 3708 3678
535 2 2 0 1 2047 2297 1919
536 2 2 0 1 2512 3667 1957
537 2 2 0 1 3473 3753 261
538 2 2 0 1 3474 3752 181
539 2 2 0 1 1215 2214 2212
540 2 2 0 1 1217 2210 2208
541 2 2 0 1 2213 3424 447
542 2 2 0 1 2209 3425 450
543 2 2 0 1 1964 2333 2332
544 2 2 0 1 1963 2341 2340
545 2 2 0 1 2829 3722 3666
546 2 2 0 1 1751 2762 1971
547 2 2 0 1 1061 2132 2130
548 2 2 0 1 1059 2128 2126
549 2 2 0 1 2106 3746 2069
550 2 2 0 1 2209 3672 1217
551 2 2 0 1 2213 3671 1215
552 2 2 0 1 1754 3648 2862
553 2 2 0 1 1193 3726 2187
554 2 2 0 1 1672 3649 2113
555 2 2 0 1 1847 3452 1756
556 2 2 0 1 3179 3690 1246
557 2 2 0 1 2614 3695 2307
558 2 2 0 1 2227 3642 79
559 2 2 0 1 3678 3708 2164
560 2 2 0 1 3014 3614 1892
561 2 2 0 1 1197 3694 2095
562 2 2 0 1 2882 3601 3600
563 2 2 0 1 3600 3601 1589
564 2 2 0 1 3045 3046 1960
565 2 2 0 1 1704 3597 3596
566 2 2 0 1 3596 3597 2073
567 2 2 0 1 2193 3784 2191
568 2 2 0 1 102 2288 101
569 2 2 0 1 3666 3722 2781
570 2 2 0 1 474 3257 2140
571 2 2 0 1 1892 3776 3014
572 2 2 0 1 2141 2142 1185
573 2 2 0 1 1255 3281 2200
574 2 2 0 1 2097 3691 482
575 2 2 0 1 3452 3780 1756
576 2 2 0 1 2121 2185 1013
577 2 2 0 1 2047 3768 2297
578 2 2 0 1 2126 2157 1059
579 2 2 0 1 2130 2158 1061
580 2 2 0 1 462 2227 80
581 2 2 0 1 447 3424 2360
582 2 2 0 1 450 3425 2351
583 2 2 0 1 1590 2190 1725
584 2 2 0 1 2117 3668 1200
585 2 2 0 1 1404 3680 2182
586 2 2 0 1 2159 2161 1634
587 2 2 0 1 2184 3679 1237
588 2 2 0 1 1004 2340 2339
589 2 2 0 1 1005 2332 2331
590 2 2 0 1 2182 3737 1404
591 2 2 0 1 1237 3738 2184
592 2 2 0 1 2072 3663 2992
593 2 2 0 1 2145 2999 964
594 2 2 0 1 2114 3685 1259
595 2 2 0 1 1005 2331 2328
596 2 2 0 1 1004 2339 2336
597 2 2 0 1 2613 3654 2117
598 2 2 0 1 2113 3734 1672
599 2 2 0 1 1927 3687 2865
600 2 2 0 1 1957 3637 2513
601 2 2 0 1 1259 3735 2114
602 2 2 0 1 140 2168 1241
603 2 2 0 1 482 2169 321
604 2 2 0 1 2156 3716 1199
605 2 2 0 1 3038 3490 2205
606 2 2 0 1 3599 3709 1905
607 2 2 0 1 3597 3598 2073
608 2 2 0 1 2073 3598 2074
609 2 2 0 1 2288 3755 101
610 2 2 0 1 2081 3718 2152
611 2 2 0 1 2045 3660 2762
612 2 2 0 1 1970 2998 2149
613 2 2 0 1 2521 3641 1747
614 2 2 0 1 141 2168 140
615 2 2 0 1 2307 3695 1436
616 2 2 0 1 321 2169 320
617 2 2 0 1 2122 3673 855
618 2 2 0 1 2161 2162 1277
619 2 2 0 1 2120 3677 1930
620 2 2 0 1 855 3669 2124
621 2 2 0 1 1599 3674 3011
622 2 2 0 1 2981 3675 1661
623 2 2 0 1 2061 3643 3639
624 2 2 0 1 2081 3396 2877
625 2 2 0 1 2862 3656 3176
626 2 2 0 1 475 2156 2155
627 2 2 0 1 3639 3643 1060
628 2 2 0 1 2775 3690 3179
629 2 2 0 1 2289 3643 3280
630 2 2 0 1 2110 3693 1728
631 2 2 0 1 3067 3466 1845
632 2 2 0 1 925 3003 2216
633 2 2 0 1 1930 3756 2120
634 2 2 0 1 1924 3593 2234
635 2 2 0 1 1246 3666 3179
636 2 2 0 1 46 3688 3481
637 2 2 0 1 3635 3640 2062
638 2 2 0 1 3011 3758 1599
639 2 2 0 1 1661 3760 2981
640 2 2 0 1 2332 3741 1964
641 2 2 0 1 2340 3742 1963
642 2 2 0 1 1002 3640 3635
643 2 2 0 1 2992 3736 2072
644 2 2 0 1 1188 3645 2139
645 2 2 0 1 589 3651 2154
646 2 2 0 1 590 3652 2153
647 2 2 0 1 3102 3725 2091
648 2 2 0 1 964 3466 2145
649 2 2 0 1 3481 3749 46
650 2 2 0 1 2138 3645 1831
651 2 2 0 1 2077 3462 1942
652 2 2 0 1 2075 3599 2882
653 2 2 0 1 2882 3600 2075
654 2 2 0 1 1729 2190 1590
655 2 2 0 1 1725 2190 2109
656 2 2 0 1 2173 3626 3624
657 2 2 0 1 2864 3658 1927
658 2 2 0 1 2088 3659 2905
659 2 2 0 1 2139 3790 1188
660 2 2 0 1 2339 2340 1912
661 2 2 0 1 2331 2332 1911
662 2 2 0 1 3624 3626 588
663 2 2 0 1 2780 2884 2101
664 2 2 0 1 1218 3631 3622
665 2 2 0 1 3622 3631 2220
666 2 2 0 1 1435 3613 2147
667 2 2 0 1 3620 3621 2179
668 2 2 0 1 2200 3281 2202
669 2 2 0 1 1759 3567 3483
670 2 2 0 1 574 3621 3620
671 2 2 0 1 2603 3667 923
672 2 2 0 1 2155 2187 475
673 2 2 0 1 1960 3717 3045
674 2 2 0 1 2075 3709 3599
675 2 2 0 1 2340 2341 1912
676 2 2 0 1 2332 2333 1911
677 2 2 0 1 1076 2248 947
678 2 2 0 1 3619 3623 1216
679 2 2 0 1 2233 3623 3619
680 2 2 0 1 2067 3607 2255
681 2 2 0 1 2307 3676 2614
682 2 2 0 1 2054 3655 2952
683 2 2 0 1 2140 3720 474
684 2 2 0 1 1185 3721 2141
685 2 2 0 1 1060 3643 2289
686 2 2 0 1 3127 3723 2942
687 2 2 0 1 3007 3724 3155
688 2 2 0 1 2162 2164 1277
689 2 2 0 1 2137 3084 2136
690 2 2 0 1 1845 3466 2185
691 2 2 0 1 2125 3654 495
692 2 2 0 1 2201 2721 2198
693 2 2 0 1 2161 3732 1634
694 2 2 0 1 495 3793 2125
695 2 2 0 1 2242 3590 2064
696 2 2 0 1 2916 3661 2097
697 2 2 0 1 1199 3544 3143
698 2 2 0 1 1284 3545 2861
699 2 2 0 1 2234 3593 1223
700 2 2 0 1 2152 3533 1251
701 2 2 0 1 1013 3679 2184
702 2 2 0 1 2182 3680 2110
703 2 2 0 1 923 3771 2603
704 2 2 0 1 1621 2967 2079
705 2 2 0 1 459 3634 2115
706 2 2 0 1 1076 2249 2248
707 2 2 0 1 1962 3534 3442
708 2 2 0 1 2780 3722 2884
709 2 2 0 1 473 3660 2134
710 2 2 0 1 3411 3515 2249
711 2 2 0 1 2095 3661 2915
712 2 2 0 1 1532 3040 2180
713 2 2 0 1 1769 2157 2126
714 2 2 0 1 1766 2158 2130
715 2 2 0 1 2249 3515 2248
716 2 2 0 1 2109 2190 2116
717 2 2 0 1 3567 3796 3483
718 2 2 0 1 1588 2181 1728
719 2 2 0 1 1061 3683 2132
720 2 2 0 1 1059 3682 2128
721 2 2 0 1 2121 2183 1901
722 2 2 0 1 2271 2272 1782
723 2 2 0 1 1782 2272 1224
724 2 2 0 1 2942 3707 3127
725 2 2 0 1 2077 3774 3462
726 2 2 0 1 1845 2185 1846
727 2 2 0 1 1846 2185 2121
728 2 2 0 1 2082 3731 2593
729 2 2 0 1 3396 3700 2877
730 2 2 0 1 3706 3710 2900
731 2 2 0 1 1222 3608 3591
732 2 2 0 1 447 3671 2213
733 2 2 0 1 450 3672 2209
734 2 2 0 1 879 3712 3711
735 2 2 0 1 3711 3712 2094
736 2 2 0 1 2090 3656 2878
737 2 2 0 1 2593 3743 2082
738 2 2 0 1 3591 3608 2244
739 2 2 0 1 2881 3710 3706
740 2 2 0 1 2061 3636 2172
741 2 2 0 1 3003 3762 2216
742 2 2 0 1 1437 3498 2341
743 2 2 0 1 1438 3497 2333
744 2 2 0 1 2149 3745 1970
745 2 2 0 1 2190 3784 2116
746 2 2 0 1 483 3725 3102
747 2 2 0 1 1296 3569 3564
748 2 2 0 1 2945 3598 2089
749 2 2 0 1 2701 2703 1580
750 2 2 0 1 2061 3639 3636
751 2 2 0 1 2145 3466 3067
752 2 2 0 1 1227 2247 2165
753 2 2 0 1 2191 3784 2190
754 2 2 0 1 2165 2268 1227
755 2 2 0 1 1934 2219 1773
756 2 2 0 1 3486 3491 2366
757 2 2 0 1 3485 3492 2365
758 2 2 0 1 2198 2721 2196
759 2 2 0 1 2255 3607 3331
760 2 2 0 1 2174 3632 2062
761 2 2 0 1 947 2248 1227
762 2 2 0 1 1769 2171 2157
763 2 2 0 1 1766 2170 2158
764 2 2 0 1 924 2223 177
765 2 2 0 1 922 2222 257
766 2 2 0 1 2177 2223 924
767 2 2 0 1 2175 2222 922
768 2 2 0 1 2091 3694 3102
769 2 2 0 1 2705 3747 1587
770 2 2 0 1 3632 3635 2062
771 2 2 0 1 449 3609 2220
772 2 2 0 1 1964 3536 2333
773 2 2 0 1 1963 3535 2341
774 2 2 0 1 3280 3727 2289
775 2 2 0 1 2181 2182 1728
776 2 2 0 1 922 2262 2175
777 2 2 0 1 924 2261 2177
778 2 2 0 1 2121 2184 2183
779 2 2 0 1 552 3618 2432
780 2 2 0 1 1819 3649 1672
781 2 2 0 1 1650 3401 1651
782 2 2 0 1 1653 3400 1654
783 2 2 0 1 257 2222 256
784 2 2 0 1 177 2223 176
785 2 2 0 1 2242 3606 3603
786 2 2 0 1 2341 3498 1912
787 2 2 0 1 2333 3497 1911
788 2 2 0 1 448 3611 3604
789 2 2 0 1 922 2284 2262
790 2 2 0 1 924 2283 2261
791 2 2 0 1 2170 2284 1758
792 2 2 0 1 2171 2283 1760
793 2 2 0 1 3046 3685 1960
794 2 2 0 1 2262 2284 2170
795 2 2 0 1 2261 2283 2171
796 2 2 0 1 2167 3003 1826
797 2 2 0 1 2146 3658 1193
798 2 2 0 1 1941 3670 3001
799 2 2 0 1 3603 3606 575
800 2 2 0 1 2952 3650 1795
801 2 2 0 1 2973 3659 2087
802 2 2 0 1 3001 3795 1941
803 2 2 0 1 1934 2220 2219
804 2 2 0 1 1651 3401 2207
805 2 2 0 1 1654 3400 2211
806 2 2 0 1 1779 2232 1932
807 2 2 0 1 2188 2430 1783
808 2 2 0 1 2186 2224 1775
809 2 2 0 1 2862 3648 2093
810 2 2 0 1 2940 3669 583
811 2 2 0 1 779 3670 2940
812 2 2 0 1 2163 3673 2123
813 2 2 0 1 3594 3609 449
814 2 2 0 1 474 3687 3257
815 2 2 0 1 2142 3686 1185
816 2 2 0 1 3556 3558 2270
817 2 2 0 1 1782 3558 3556
818 2 2 0 1 1581 3561 3560
819 2 2 0 1 3560 3561 3095
820 2 2 0 1 1772 2663 1770
821 2 2 0 1 3236 3808 2776
822 2 2 0 1 2861 3799 1284
823 2 2 0 1 1243 3808 3236
824 2 2 0 1 256 3471 255
825 2 2 0 1 2992 3663 790
826 2 2 0 1 2080 3674 2947
827 2 2 0 1 3059 3675 3115
828 2 2 0 1 2430 3249 1783
829 2 2 0 1 2233 3611 448
830 2 2 0 1 3604 3611 2234
831 2 2 0 1 2151 3677 1753
832 2 2 0 1 1775 2218 2186
833 2 2 0 1 3342 3590 2242
834 2 2 0 1 1088 2675 2239
835 2 2 0 1 2155 3166 2187
836 2 2 0 1 2187 3166 2146
837 2 2 0 1 2236 2374 1647
838 2 2 0 1 2238 2380 1648
839 2 2 0 1 2224 2678 1091
840 2 2 0 1 948 3730 2217
841 2 2 0 1 2220 3609 2219
842 2 2 0 1 3079 3781 2972
843 2 2 0 1 2232 2233 1932
844 2 2 0 1 1773 2219 1775
845 2 2 0 1 1007 2499 933
846 2 2 0 1 1277 3732 2161
847 2 2 0 1 1190 3615 2166
848 2 2 0 1 1753 3804 2151
849 2 2 0 1 2222 3471 256
850 2 2 0 1 866 2429 2282
851 2 2 0 1 1323 2316 1328
852 2 2 0 1 1328 2316 2313
853 2 2 0 1 2089 3782 2945
854 2 2 0 1 1776 2879 1778
855 2 2 0 1 1319 2320 1322
856 2 2 0 1 1787 2673 2215
857 2 2 0 1 1322 2320 2317
858 2 2 0 1 2498 3194 1014
859 2 2 0 1 2282 2429 2226
860 2 2 0 1 2217 3751 948
861 2 2 0 1 2497 2498 1014
862 2 2 0 1 703 2324 715
863 2 2 0 1 3155 3733 3007
864 2 2 0 1 2123 3678 2164
865 2 2 0 1 2224 2663 1772
866 2 2 0 1 1787 3218 2673
867 2 2 0 1 2597 3744 1937
868 2 2 0 1 2442 3418 2500
869 2 2 0 1 2186 2678 2224
870 2 2 0 1 176 3472 175
871 2 2 0 1 2221 3609 3594
872 2 2 0 1 2189 2231 1781
873 2 2 0 1 1325 3465 1327
874 2 2 0 1 1781 2239 2189
875 2 2 0 1 2137 3769 3084
876 2 2 0 1 2100 3642 2227
877 2 2 0 1 2942 3723 493
878 2 2 0 1 1467 3724 3007
879 2 2 0 1 2195 3389 2193
880 2 2 0 1 2223 3472 176
881 2 2 0 1 2239 2675 2189
882 2 2 0 1 2442 3455 2443
883 2 2 0 1 2282 3249 2430
884 2 2 0 1 1923 3593 1924
885 2 2 0 1 1381 2349 1603
886 2 2 0 1 1379 2358 1605
887 2 2 0 1 2214 3485 2212
888 2 2 0 1 2210 3486 2208
889 2 2 0 1 1783 2663 2188
890 2 2 0 1 1978 2325 1980
891 2 2 0 1 1781 2232 1779
892 2 2 0 1 870 3364 846
893 2 2 0 1 871 3363 845
894 2 2 0 1 2500 3418 2499
895 2 2 0 1 2236 2375 2374
896 2 2 0 1 2238 2381 2380
897 2 2 0 1 2635 2636 1015
898 2 2 0 1 2636 3193 1015
899 2 2 0 1 1695 2241 2240
900 2 2 0 1 1007 2500 2499
901 2 2 0 1 2235 3364 870
902 2 2 0 1 2237 3363 871
903 2 2 0 1 2562 2834 2833
904 2 2 0 1 2635 3322 2002
905 2 2 0 1 588 3626 2172
906 2 2 0 1 2560 2834 2562
907 2 2 0 1 482 3691 2169
908 2 2 0 1 1770 2663 1783
909 2 2 0 1 933 2499 1014
910 2 2 0 1 1015 3322 2635
911 2 2 0 1 1091 2663 2224
912 2 2 0 1 1758 3473 2170
913 2 2 0 1 1760 3474 2171
914 2 2 0 1 1695 2240 2008
915 2 2 0 1 2210 3491 3486
916 2 2 0 1 2214 3492 3485
917 2 2 0 1 477 2834 2560
918 2 2 0 1 2228 2290 1999
919 2 2 0 1 2001 2298 2229
920 2 2 0 1 2375 2428 2373
921 2 2 0 1 2381 2427 2379
922 2 2 0 1 1318 2320 1319
923 2 2 0 1 2673 3218 2280
924 2 2 0 1 1322 2316 1323
925 2 2 0 1 2239 2879 1088
926 2 2 0 1 1789 3401 1650
927 2 2 0 1 1791 3400 1653
928 2 2 0 1 2702 3747 2705
929 2 2 0 1 1327 2421 1793
930 2 2 0 1 477 2560 2558
931 2 2 0 1 2346 2348 1575
932 2 2 0 1 2355 2357 1574
933 2 2 0 1 1695 2243 2241
934 2 2 0 1 870 2375 2235
935 2 2 0 1 871 2381 2237
936 2 2 0 1 1318 2321 2320
937 2 2 0 1 1921 2243 1694
938 2 2 0 1 2246 3336 2280
939 2 2 0 1 1322 2317 2316
940 2 2 0 1 1651 3486 2366
941 2 2 0 1 1654 3485 2365
942 2 2 0 1 2067 2255 2254
943 2 2 0 1 2282 2430 866
944 2 2 0 1 1328 2313 2310
945 2 2 0 1 2600 3416 2251
946 2 2 0 1 1826 3746 2167
947 2 2 0 1 2010 2253 1698
948 2 2 0 1 2298 2590 2229
949 2 2 0 1 2228 2615 2290
950 2 2 0 1 2280 3336 869
951 2 2 0 1 2421 2664 1793
952 2 2 0 1 2348 2350 2349
953 2 2 0 1 2357 2359 2358
954 2 2 0 1 1984 3403 1789
955 2 2 0 1 1986 3402 1791
956 2 2 0 1 2232 3611 2233
957 2 2 0 1 716 2263 688
958 2 2 0 1 1575 2352 2346
959 2 2 0 1 1574 2361 2355
960 2 2 0 1 1793 2664 2053
961 2 2 0 1 2174 3621 574
962 2 2 0 1 912 3436 2502
963 2 2 0 1 464 3140 2852
964 2 2 0 1 1318 2607 2321
965 2 2 0 1 1789 3403 3401
966 2 2 0 1 1791 3402 3400
967 2 2 0 1 683 2302 684
968 2 2 0 1 2474 2929 2488
969 2 2 0 1 2215 2879 1787
970 2 2 0 1 2664 3334 2053
971 2 2 0 1 2323 2607 1665
972 2 2 0 1 1385 2556 2554
973 2 2 0 1 2481 2931 2930
974 2 2 0 1 2250 2302 683
975 2 2 0 1 704 2325 2225
976 2 2 0 1 2519 3595 2516
977 2 2 0 1 2236 3399 1984
978 2 2 0 1 2238 3398 1986
979 2 2 0 1 700 2426 2252
980 2 2 0 1 1980 2325 2273
981 2 2 0 1 2488 2929 2927
982 2 2 0 1 1778 2879 2239
983 2 2 0 1 3284 3391 2488
984 2 2 0 1 1473 3426 2506
985 2 2 0 1 2999 3684 964
986 2 2 0 1 2254 3617 3589
987 2 2 0 1 704 2324 703
988 2 2 0 1 2226 2429 2324
989 2 2 0 1 3399 3403 1984
990 2 2 0 1 3398 3402 1986
991 2 2 0 1 1787 2879 1776
992 2 2 0 1 3042 3295 2933
993 2 2 0 1 2578 3807 2148
994 2 2 0 1 219 3371 218
995 2 2 0 1 2481 2930 2929
996 2 2 0 1 1729 2191 2190
997 2 2 0 1 1014 2499 2497
998 2 2 0 1 220 2564 219
999 2 2 0 1 2225 2324 704
1000 2 2 0 1 1746 2362 1953
1001 2 2 0 1 2500 3455 2442
1002 2 2 0 1 1470 3388 2510
1003 2 2 0 1 2324 2429 715
1004 2 2 0 1 2067 2254 2253
1005 2 2 0 1 2481 2929 2474
1006 2 2 0 1 222 2707 221
1007 2 2 0 1 2600 2601 786
1008 2 2 0 1 3406 3436 912
1009 2 2 0 1 1603 2349 1888
1010 2 2 0 1 1605 2358 1887
1011 2 2 0 1 1775 2224 1772
1012 2 2 0 1 1694 2243 1695
1013 2 2 0 1 2225 2325 1978
1014 2 2 0 1 2245 2264 689
1015 2 2 0 1 3564 3569 2703
1016 2 2 0 1 3376 3445 729
1017 2 2 0 1 696 2383 2259
1018 2 2 0 1 740 2414 738
1019 2 2 0 1 2252 2426 1997
1020 2 2 0 1 2260 2303 671
1021 2 2 0 1 1575 2349 1381
1022 2 2 0 1 1574 2358 1379
1023 2 2 0 1 2253 2254 1698
1024 2 2 0 1 2256 3327 886
1025 2 2 0 1 2257 3326 889
1026 2 2 0 1 2601 2602 786
1027 2 2 0 1 2927 3284 2488
1028 2 2 0 1 1956 2343 1641
1029 2 2 0 1 2321 2607 2323
1030 2 2 0 1 2554 2564 1385
1031 2 2 0 1 1921 2244 2243
1032 2 2 0 1 2265 2293 2292
1033 2 2 0 1 2240 2362 2008
1034 2 2 0 1 1533 2935 2932
1035 2 2 0 1 2460 2845 2486
1036 2 2 0 1 2411 3329 2409
1037 2 2 0 1 688 2263 689
1038 2 2 0 1 2564 3371 219
1039 2 2 0 1 2290 2615 1350
1040 2 2 0 1 2010 2343 2253
1041 2 2 0 1 1385 2564 220
1042 2 2 0 1 689 2263 2245
1043 2 2 0 1 2348 2349 1575
1044 2 2 0 1 2357 2358 1574
1045 2 2 0 1 2486 2845 2843
1046 2 2 0 1 2413 2415 767
1047 2 2 0 1 1775 2219 2218
1048 2 2 0 1 476 2549 2547
1049 2 2 0 1 3446 3460 2178
1050 2 2 0 1 1315 2590 2298
1051 2 2 0 1 671 2303 672
1052 2 2 0 1 2374 2375 2373
1053 2 2 0 1 2380 2381 2379
1054 2 2 0 1 1327 3465 2421
1055 2 2 0 1 3422 3426 1473
1056 2 2 0 1 2558 2707 477
1057 2 2 0 1 684 2302 687
1058 2 2 0 1 683 2303 2250
1059 2 2 0 1 3439 3441 1034
1060 2 2 0 1 1769 2261 2171
1061 2 2 0 1 1766 2262 2170
1062 2 2 0 1 2464 3395 2462
1063 2 2 0 1 2933 3295 2932
1064 2 2 0 1 2266 2509 2005
1065 2 2 0 1 2508 2510 2007
1066 2 2 0 1 3514 3530 2835
1067 2 2 0 1 1647 3399 2236
1068 2 2 0 1 1648 3398 2238
1069 2 2 0 1 2409 3329 1374
1070 2 2 0 1 2265 2294 2293
1071 2 2 0 1 216 3369 215
1072 2 2 0 1 217 2566 216
1073 2 2 0 1 870 2428 2375
1074 2 2 0 1 871 2427 2381
1075 2 2 0 1 2407 2409 1374
1076 2 2 0 1 2294 3370 2643
1077 2 2 0 1 2547 2566 476
1078 2 2 0 1 1137 2509 2266
1079 2 2 0 1 869 2673 2280
1080 2 2 0 1 2383 2648 2259
1081 2 2 0 1 2273 2641 2252
1082 2 2 0 1 669 2618 2594
1083 2 2 0 1 1994 2264 1992
1084 2 2 0 1 1385 2707 2556
1085 2 2 0 1 476 2566 217
1086 2 2 0 1 2235 2375 2236
1087 2 2 0 1 2237 2381 2238
1088 2 2 0 1 2325 2641 2273
1089 2 2 0 1 2252 2641 700
1090 2 2 0 1 2168 3698 1241
1091 2 2 0 1 3375 3388 1470
1092 2 2 0 1 767 2414 2413
1093 2 2 0 1 786 3416 2600
1094 2 2 0 1 2852 3391 3284
1095 2 2 0 1 2274 2345 1417
1096 2 2 0 1 2276 2354 1418
1097 2 2 0 1 2058 3519 2165
1098 2 2 0 1 2277 2354 2276
1099 2 2 0 1 2275 2345 2274
1100 2 2 0 1 2852 3140 2850
1101 2 2 0 1 2877 3718 2081
1102 2 2 0 1 2485 2849 2847
1103 2 2 0 1 2002 3322 2258
1104 2 2 0 1 2484 2934 2479
1105 2 2 0 1 1006 3306 2258
1106 2 2 0 1 846 3364 886
1107 2 2 0 1 845 3363 889
1108 2 2 0 1 3376 3383 2494
1109 2 2 0 1 738 2414 767
1110 2 2 0 1 1953 2362 2240
1111 2 2 0 1 2850 2851 2489
1112 2 2 0 1 2177 2261 1767
1113 2 2 0 1 2175 2262 1764
1114 2 2 0 1 2296 2643 1329
1115 2 2 0 1 2378 3352 2380
1116 2 2 0 1 2372 3351 2374
1117 2 2 0 1 2494 3383 2502
1118 2 2 0 1 2566 3369 216
1119 2 2 0 1 2636 3388 3375
1120 2 2 0 1 1350 2300 2291
1121 2 2 0 1 1992 2264 2245
1122 2 2 0 1 2259 2426 696
1123 2 2 0 1 2265 3370 2294
1124 2 2 0 1 671 2594 2260
1125 2 2 0 1 2007 2509 2508
1126 2 2 0 1 2058 3524 3519
1127 2 2 0 1 2299 2301 1315
1128 2 2 0 1 1350 2291 2290
1129 2 2 0 1 2231 2232 1781
1130 2 2 0 1 1047 3587 3546
1131 2 2 0 1 2852 3284 464
1132 2 2 0 1 2263 3336 2246
1133 2 2 0 1 2253 2343 1956
1134 2 2 0 1 746 2747 744
1135 2 2 0 1 2540 2567 598
1136 2 2 0 1 598 2542 2540
1137 2 2 0 1 1888 3425 1732
1138 2 2 0 1 1887 3424 1731
1139 2 2 0 1 2298 2299 1315
1140 2 2 0 1 2498 3426 3422
1141 2 2 0 1 2360 3664 447
1142 2 2 0 1 2351 3665 450
1143 2 2 0 1 2402 2405 768
1144 2 2 0 1 2485 2851 2849
1145 2 2 0 1 672 2303 683
1146 2 2 0 1 1586 2362 1746
1147 2 2 0 1 2355 2361 2354
1148 2 2 0 1 2346 2352 2345
1149 2 2 0 1 1907 3537 3510
1150 2 2 0 1 857 2584 829
1151 2 2 0 1 2932 2935 2930
1152 2 2 0 1 1227 2248 2247
1153 2 2 0 1 2057 2576 2575
1154 2 2 0 1 2578 3640 1002
1155 2 2 0 1 2294 2643 2296
1156 2 2 0 1 598 2567 214
1157 2 2 0 1 221 2707 1385
1158 2 2 0 1 477 2707 222
1159 2 2 0 1 2005 2509 2007
1160 2 2 0 1 1386 3530 3526
1161 2 2 0 1 829 2584 831
1162 2 2 0 1 1997 2426 2259
1163 2 2 0 1 2510 3388 2007
1164 2 2 0 1 2462 2845 2460
1165 2 2 0 1 2478 3318 2669
1166 2 2 0 1 2506 3426 2505
1167 2 2 0 1 2506 3460 3446
1168 2 2 0 1 2374 3351 1647
1169 2 2 0 1 2380 3352 1648
1170 2 2 0 1 1767 2261 1769
1171 2 2 0 1 1764 2262 1766
1172 2 2 0 1 3551 3552 2071
1173 2 2 0 1 1713 3551 2071
1174 2 2 0 1 3554 3555 2070
1175 2 2 0 1 2070 3555 1915
1176 2 2 0 1 2636 3375 3193
1177 2 2 0 1 920 2268 888
1178 2 2 0 1 681 2306 682
1179 2 2 0 1 1229 3588 3570
1180 2 2 0 1 2591 2955 1908
1181 2 2 0 1 214 2567 213
1182 2 2 0 1 1641 2343 1565
1183 2 2 0 1 1227 2268 920
1184 2 2 0 1 716 3336 2263
1185 2 2 0 1 2258 3322 1006
1186 2 2 0 1 889 3326 2711
1187 2 2 0 1 886 3327 2712
1188 2 2 0 1 255 3471 555
1189 2 2 0 1 1006 3339 3306
1190 2 2 0 1 2669 3299 2478
1191 2 2 0 1 213 3366 212
1192 2 2 0 1 3281 3507 2202
1193 2 2 0 1 2267 2648 2383
1194 2 2 0 1 2277 2355 2354
1195 2 2 0 1 2275 2346 2345
1196 2 2 0 1 719 2784 787
1197 2 2 0 1 2265 2292 2264
1198 2 2 0 1 2266 2511 1137
1199 2 2 0 1 2506 3446 1473
1200 2 2 0 1 1417 2710 2274
1201 2 2 0 1 1418 2709 2276
1202 2 2 0 1 2849 2851 2850
1203 2 2 0 1 2843 3189 2486
1204 2 2 0 1 2502 3383 912
1205 2 2 0 1 1374 2747 2407
1206 2 2 0 1 886 3364 2256
1207 2 2 0 1 889 3363 2257
1208 2 2 0 1 2571 3509 3505
1209 2 2 0 1 2527 3508 3504
1210 2 2 0 1 2172 3636 588
1211 2 2 0 1 1153 2607 1159
1212 2 2 0 1 681 2823 2306
1213 2 2 0 1 2510 3417 1470
1214 2 2 0 1 3506 3513 2576
1215 2 2 0 1 3318 3408 2667
1216 2 2 0 1 3306 3339 2583
1217 2 2 0 1 2932 3295 1533
1218 2 2 0 1 2690 3547 3539
1219 2 2 0 1 3189 3291 2486
1220 2 2 0 1 2582 2584 857
1221 2 2 0 1 1643 3243 2279
1222 2 2 0 1 669 2594 671
1223 2 2 0 1 488 2511 2304
1224 2 2 0 1 692 2306 2267
1225 2 2 0 1 3543 3568 2727
1226 2 2 0 1 857 2585 2582
1227 2 2 0 1 740 3329 2414
1228 2 2 0 1 2267 2383 692
1229 2 2 0 1 1994 2265 2264
1230 2 2 0 1 2840 3291 3189
1231 2 2 0 1 1268 3347 1586
1232 2 2 0 1 2414 3329 2411
1233 2 2 0 1 2498 3422 3194
1234 2 2 0 1 2633 3457 3444
1235 2 2 0 1 2278 2659 2011
1236 2 2 0 1 2273 2363 1980
1237 2 2 0 1 2594 2618 1812
1238 2 2 0 1 2281 3253 1637
1239 2 2 0 1 2840 3319 3291
1240 2 2 0 1 2148 3807 3503
1241 2 2 0 1 218 3371 476
1242 2 2 0 1 475 3716 2156
1243 2 2 0 1 487 3289 2655
1244 2 2 0 1 3299 3345 2482
1245 2 2 0 1 2740 3397 3394
1246 2 2 0 1 750 2746 748
1247 2 2 0 1 2839 3319 2840
1248 2 2 0 1 2608 2823 681
1249 2 2 0 1 1081 2352 1575
1250 2 2 0 1 1084 2361 1574
1251 2 2 0 1 2188 2663 1091
1252 2 2 0 1 2669 3345 3299
1253 2 2 0 1 2398 2400 1423
1254 2 2 0 1 682 2306 692
1255 2 2 0 1 2567 3366 213
1256 2 2 0 1 3394 3397 2476
1257 2 2 0 1 1007 2501 2500
1258 2 2 0 1 2104 3484 2105
1259 2 2 0 1 2304 3290 488
1260 2 2 0 1 2482 3345 2744
1261 2 2 0 1 837 3584 3548
1262 2 2 0 1 2937 3581 3549
1263 2 2 0 1 1218 3622 2173
1264 2 2 0 1 3039 3578 3550
1265 2 2 0 1 3553 3576 722
1266 2 2 0 1 3559 3577 1714
1267 2 2 0 1 3557 3576 1916
1268 2 2 0 1 3554 3578 1207
1269 2 2 0 1 1445 3585 3552
1270 2 2 0 1 2655 3289 2440
1271 2 2 0 1 3529 3532 2545
1272 2 2 0 1 2197 3657 2199
1273 2 2 0 1 2839 3337 2491
1274 2 2 0 1 2479 2934 2481
1275 2 2 0 1 2502 2934 2484
1276 2 2 0 1 2462 3395 2845
1277 2 2 0 1 2405 2747 768
1278 2 2 0 1 768 2746 2402
1279 2 2 0 1 1757 2288 2287
1280 2 2 0 1 686 2292 685
1281 2 2 0 1 2820 3415 3409
1282 2 2 0 1 1565 3354 1479
1283 2 2 0 1 2280 3218 2279
1284 2 2 0 1 1344 2300 1347
1285 2 2 0 1 937 2376 935
1286 2 2 0 1 932 2382 930
1287 2 2 0 1 178 2283 924
1288 2 2 0 1 258 2284 922
1289 2 2 0 1 3409 3415 2477
1290 2 2 0 1 338 2285 923
1291 2 2 0 1 98 2286 921
1292 2 2 0 1 1012 2352 1081
1293 2 2 0 1 1011 2361 1084
1294 2 2 0 1 2430 2694 866
1295 2 2 0 1 2188 2694 2430
1296 2 2 0 1 3562 3566 2557
1297 2 2 0 1 3337 3348 2491
1298 2 2 0 1 2057 2591 1908
1299 2 2 0 1 2931 2932 2930
1300 2 2 0 1 884 2712 917
1301 2 2 0 1 887 2711 919
1302 2 2 0 1 2583 3360 2584
1303 2 2 0 1 2279 3243 1993
1304 2 2 0 1 1080 2376 937
1305 2 2 0 1 1083 2382 932
1306 2 2 0 1 2491 3319 2839
1307 2 2 0 1 744 2747 1374
1308 2 2 0 1 768 2747 746
1309 2 2 0 1 1560 3384 1563
1310 2 2 0 1 2468 2851 2466
1311 2 2 0 1 1312 2301 1309
1312 2 2 0 1 1979 3253 2281
1313 2 2 0 1 2281 3249 2282
1314 2 2 0 1 471 2536 2534
1315 2 2 0 1 1729 2192 2191
1316 2 2 0 1 472 2955 2591
1317 2 2 0 1 2734 3353 2487
1318 2 2 0 1 1329 3367 2296
1319 2 2 0 1 2489 2852 2850
1320 2 2 0 1 2011 2670 2278
1321 2 2 0 1 3417 3463 2176
1322 2 2 0 1 1586 3347 2362
1323 2 2 0 1 1562 3381 2764
1324 2 2 0 1 3288 3447 3430
1325 2 2 0 1 1618 2326 1748
1326 2 2 0 1 1619 2334 1749
1327 2 2 0 1 2428 2611 2373
1328 2 2 0 1 2427 2612 2379
1329 2 2 0 1 2874 3428 3423
1330 2 2 0 1 2631 3387 1883
1331 2 2 0 1 2326 2327 1748
1332 2 2 0 1 2334 2335 1749
1333 2 2 0 1 736 2416 734
1334 2 2 0 1 250 2605 249
1335 2 2 0 1 2304 2511 2266
1336 2 2 0 1 3396 3404 1989
1337 2 2 0 1 2475 3386 2760
1338 2 2 0 1 1347 2300 1350
1339 2 2 0 1 2288 2289 2287
1340 2 2 0 1 1306 2634 2342
1341 2 2 0 1 3339 3360 2583
1342 2 2 0 1 3423 3428 2483
1343 2 2 0 1 2556 2707 2558
1344 2 2 0 1 3326 3362 1875
1345 2 2 0 1 3327 3361 1876
1346 2 2 0 1 1037 3538 3527
1347 2 2 0 1 2494 3445 3376
1348 2 2 0 1 1159 2607 1318
1349 2 2 0 1 1315 2301 1312
1350 2 2 0 1 1355 2685 2369
1351 2 2 0 1 850 2307 124
1352 2 2 0 1 851 2308 204
1353 2 2 0 1 852 2309 284
1354 2 2 0 1 2305 3316 3190
1355 2 2 0 1 2534 2649 471
1356 2 2 0 1 2286 2297 921
1357 2 2 0 1 2734 3348 3337
1358 2 2 0 1 3190 3316 1354
1359 2 2 0 1 2334 2338 2335
1360 2 2 0 1 2326 2330 2327
1361 2 2 0 1 2732 3349 2495
1362 2 2 0 1 1283 2710 1417
1363 2 2 0 1 1281 2709 1418
1364 2 2 0 1 3374 3386 2475
1365 2 2 0 1 727 2784 719
1366 2 2 0 1 215 3369 598
1367 2 2 0 1 2305 2606 1341
1368 2 2 0 1 2400 2746 1423
1369 2 2 0 1 2575 2591 2057
1370 2 2 0 1 2933 3436 3406
1371 2 2 0 1 1944 2577 1593
1372 2 2 0 1 1796 2606 2305
1373 2 2 0 1 2781 3722 2780
1374 2 2 0 1 1264 2686 1213
1375 2 2 0 1 2250 2303 1995
1376 2 2 0 1 1423 2730 2398
1377 2 2 0 1 1665 2607 1153
1378 2 2 0 1 3353 3359 2487
1379 2 2 0 1 2415 2416 767
1380 2 2 0 1 1893 3313 3312
1381 2 2 0 1 1563 3313 1893
1382 2 2 0 1 1757 2287 2286
1383 2 2 0 1 1432 2531 2530
1384 2 2 0 1 1433 2574 2573
1385 2 2 0 1 1432 2530 2529
1386 2 2 0 1 488 3290 2605
1387 2 2 0 1 2744 3374 2482
1388 2 2 0 1 1433 2575 2574
1389 2 2 0 1 1016 2589 1268
1390 2 2 0 1 252 2511 251
1391 2 2 0 1 476 3371 2549
1392 2 2 0 1 1345 2300 1344
1393 2 2 0 1 971 2344 1012
1394 2 2 0 1 972 2353 1011
1395 2 2 0 1 2264 2292 689
1396 2 2 0 1 689 2292 686
1397 2 2 0 1 335 2513 553
1398 2 2 0 1 1118 3367 1329
1399 2 2 0 1 2367 2368 1664
1400 2 2 0 1 2279 3218 1643
1401 2 2 0 1 886 2712 884
1402 2 2 0 1 889 2711 887
1403 2 2 0 1 2344 2352 1012
1404 2 2 0 1 2353 2361 1011
1405 2 2 0 1 1309 2301 1311
1406 2 2 0 1 2481 2934 2931
1407 2 2 0 1 3524 3540 2384
1408 2 2 0 1 2503 3289 487
1409 2 2 0 1 1995 2303 2260
1410 2 2 0 1 2275 2347 2346
1411 2 2 0 1 2277 2356 2355
1412 2 2 0 1 2360 3424 1887
1413 2 2 0 1 2351 3425 1888
1414 2 2 0 1 935 2376 2371
1415 2 2 0 1 930 2382 2377
1416 2 2 0 1 2343 3354 1565
1417 2 2 0 1 1797 2670 1658
1418 2 2 0 1 917 2712 2423
1419 2 2 0 1 919 2711 2425
1420 2 2 0 1 171 2503 487
1421 2 2 0 1 1654 2365 1625
1422 2 2 0 1 1651 2366 1627
1423 2 2 0 1 726 2602 848
1424 2 2 0 1 1736 2331 1911
1425 2 2 0 1 1735 2339 1912
1426 2 2 0 1 180 1760 179
1427 2 2 0 1 260 1758 259
1428 2 2 0 1 1432 2529 209
1429 2 2 0 1 1433 2573 289
1430 2 2 0 1 1996 3324 2659
1431 2 2 0 1 2760 3386 2738
1432 2 2 0 1 1031 3528 3521
1433 2 2 0 1 340 1759 339
1434 2 2 0 1 100 1757 99
1435 2 2 0 1 1760 2283 179
1436 2 2 0 1 1758 2284 259
1437 2 2 0 1 331 2518 495
1438 2 2 0 1 857 2715 2585
1439 2 2 0 1 1423 2746 750
1440 2 2 0 1 1134 2688 2586
1441 2 2 0 1 2487 3348 2734
1442 2 2 0 1 2417 2418 1143
1443 2 2 0 1 1759 2285 339
1444 2 2 0 1 1757 2286 99
1445 2 2 0 1 767 2416 736
1446 2 2 0 1 2740 3390 2760
1447 2 2 0 1 748 2746 768
1448 2 2 0 1 1397 3321 3285
1449 2 2 0 1 754 2730 752
1450 2 2 0 1 2349 2350 1888
1451 2 2 0 1 2358 2359 1887
1452 2 2 0 1 2292 2293 685
1453 2 2 0 1 2443 3455 2478
1454 2 2 0 1 1376 2606 1796
1455 2 2 0 1 2342 2634 1798
1456 2 2 0 1 1769 2126 1768
1457 2 2 0 1 1766 2130 1765
1458 2 2 0 1 3285 3321 2342
1459 2 2 0 1 1637 3249 2281
1460 2 2 0 1 574 3632 2174
1461 2 2 0 1 1298 3260 2363
1462 2 2 0 1 935 2371 909
1463 2 2 0 1 930 2377 907
1464 2 2 0 1 2520 2521 850
1465 2 2 0 1 1173 2370 1171
1466 2 2 0 1 786 2602 726
1467 2 2 0 1 488 2605 250
1468 2 2 0 1 771 2642 2393
1469 2 2 0 1 2393 2395 771
1470 2 2 0 1 1432 2649 2531
1471 2 2 0 1 1947 2590 1594
1472 2 2 0 1 2256 3361 3327
1473 2 2 0 1 2257 3362 3326
1474 2 2 0 1 2229 2590 1947
1475 2 2 0 1 693 2383 696
1476 2 2 0 1 1088 2879 2215
1477 2 2 0 1 1477 2611 777
1478 2 2 0 1 1476 2612 842
1479 2 2 0 1 2369 2686 1355
1480 2 2 0 1 1137 2511 252
1481 2 2 0 1 1799 2823 2608
1482 2 2 0 1 692 2383 693
1483 2 2 0 1 2363 3260 1980
1484 2 2 0 1 917 2423 944
1485 2 2 0 1 919 2425 946
1486 2 2 0 1 2740 3394 3390
1487 2 2 0 1 2294 2295 2293
1488 2 2 0 1 2369 2685 2670
1489 2 2 0 1 2078 3488 2077
1490 2 2 0 1 2130 2132 2131
1491 2 2 0 1 2126 2128 2127
1492 2 2 0 1 2251 3416 2302
1493 2 2 0 1 537 2526 2525
1494 2 2 0 1 538 2570 2569
1495 2 2 0 1 1804 2604 1806
1496 2 2 0 1 587 3617 3610
1497 2 2 0 1 697 2426 700
1498 2 2 0 1 1592 2615 1945
1499 2 2 0 1 2127 2710 1768
1500 2 2 0 1 2131 2709 1765
1501 2 2 0 1 2418 2419 1143
1502 2 2 0 1 251 2511 488
1503 2 2 0 1 2126 2127 1768
1504 2 2 0 1 2130 2131 1765
1505 2 2 0 1 696 2426 697
1506 2 2 0 1 1945 2615 2228
1507 2 2 0 1 2732 3359 3353
1508 2 2 0 1 2301 3311 1311
1509 2 2 0 1 2769 2778 2771
1510 2 2 0 1 2335 2337 2336
1511 2 2 0 1 2327 2329 2328
1512 2 2 0 1 2577 2578 2148
1513 2 2 0 1 3211 3297 1880
1514 2 2 0 1 2382 3352 2378
1515 2 2 0 1 2376 3351 2372
1516 2 2 0 1 1522 2581 1801
1517 2 2 0 1 2385 3297 3211
1518 2 2 0 1 1946 2061 1947
1519 2 2 0 1 249 2605 1143
1520 2 2 0 1 2327 2328 1748
1521 2 2 0 1 2335 2336 1749
1522 2 2 0 1 247 3208 246
1523 2 2 0 1 1592 1945 1944
1524 2 2 0 1 205 2524 851
1525 2 2 0 1 285 2568 852
1526 2 2 0 1 2659 3324 2011
1527 2 2 0 1 1945 2062 1944
1528 2 2 0 1 1488 2334 1619
1529 2 2 0 1 1498 2326 1618
1530 2 2 0 1 536 2523 2522
1531 2 2 0 1 2706 3377 3367
1532 2 2 0 1 2368 2370 1664
1533 2 2 0 1 1953 2063 1952
1534 2 2 0 1 2466 2851 2485
1535 2 2 0 1 2489 2851 2468
1536 2 2 0 1 123 2307 1436
1537 2 2 0 1 203 2308 1437
1538 2 2 0 1 283 2309 1438
1539 2 2 0 1 248 2419 247
1540 2 2 0 1 2276 2709 2131
1541 2 2 0 1 2274 2710 2127
1542 2 2 0 1 2066 2067 1956
1543 2 2 0 1 2016 2954 2953
1544 2 2 0 1 1953 2064 2063
1545 2 2 0 1 2173 3624 1218
1546 2 2 0 1 1946 1947 1594
1547 2 2 0 1 1345 3308 2300
1548 2 2 0 1 289 2573 288
1549 2 2 0 1 209 2529 208
1550 2 2 0 1 125 2520 850
1551 2 2 0 1 1812 3324 2594
1552 2 2 0 1 1799 2658 2364
1553 2 2 0 1 3522 3523 2539
1554 2 2 0 1 2299 3311 2301
1555 2 2 0 1 1746 1953 1952
1556 2 2 0 1 2672 2673 869
1557 2 2 0 1 43 1435 42
1558 2 2 0 1 123 1436 122
1559 2 2 0 1 203 1437 202
1560 2 2 0 1 283 1438 282
1561 2 2 0 1 2012 2363 2273
1562 2 2 0 1 1955 2066 1956
1563 2 2 0 1 2495 3349 3343
1564 2 2 0 1 1328 3465 1325
1565 2 2 0 1 756 2642 771
1566 2 2 0 1 1619 1749 1735
1567 2 2 0 1 1618 1748 1736
1568 2 2 0 1 599 3251 2953
1569 2 2 0 1 2020 2708 2617
1570 2 2 0 1 2395 2730 771
1571 2 2 0 1 1955 1956 1641
1572 2 2 0 1 2419 3208 247
1573 2 2 0 1 2241 2242 2064
1574 2 2 0 1 2373 2611 1477
1575 2 2 0 1 2379 2612 1476
1576 2 2 0 1 1433 3338 2575
1577 2 2 0 1 2575 3338 2591
1578 2 2 0 1 2016 2955 2954
1579 2 2 0 1 2300 3308 2291
1580 2 2 0 1 537 2525 207
1581 2 2 0 1 538 2569 287
1582 2 2 0 1 1496 1498 1497
1583 2 2 0 1 1486 1488 1487
1584 2 2 0 1 2581 2585 1801
1585 2 2 0 1 2501 3408 3318
1586 2 2 0 1 2433 2434 1136
1587 2 2 0 1 2531 2649 2534
1588 2 2 0 1 1664 2686 2367
1589 2 2 0 1 2436 2505 2493
1590 2 2 0 1 2433 2504 2434
1591 2 2 0 1 1951 3676 2521
1592 2 2 0 1 1314 2590 1315
1593 2 2 0 1 172 2503 171
1594 2 2 0 1 1142 3349 2732
1595 2 2 0 1 2504 2505 2434
1596 2 2 0 1 536 2522 127
1597 2 2 0 1 1143 2605 2417
1598 2 2 0 1 2598 2600 2251
1599 2 2 0 1 2011 3324 1812
1600 2 2 0 1 2128 2154 2129
1601 2 2 0 1 2132 2153 2133
1602 2 2 0 1 2744 3386 3374
1603 2 2 0 1 1355 2686 1264
1604 2 2 0 1 332 2518 331
1605 2 2 0 1 1626 2338 2334
1606 2 2 0 1 1624 2330 2326
1607 2 2 0 1 1767 1768 1474
1608 2 2 0 1 1764 1765 1471
1609 2 2 0 1 2604 2648 1806
1610 2 2 0 1 1494 1496 1495
1611 2 2 0 1 1484 1486 1485
1612 2 2 0 1 1213 2686 1664
1613 2 2 0 1 2061 2172 1947
1614 2 2 0 1 843 2427 871
1615 2 2 0 1 778 2428 870
1616 2 2 0 1 1350 2615 1349
1617 2 2 0 1 1664 2370 1173
1618 2 2 0 1 2359 2360 1887
1619 2 2 0 1 2350 2351 1888
1620 2 2 0 1 1895 2577 2148
1621 2 2 0 1 1595 1946 1594
1622 2 2 0 1 2515 2516 1272
1623 2 2 0 1 1592 1944 1593
1624 2 2 0 1 2953 3251 2016
1625 2 2 0 1 1945 2174 2062
1626 2 2 0 1 944 2423 1026
1627 2 2 0 1 946 2425 1055
1628 2 2 0 1 853 3387 2631
1629 2 2 0 1 1489 1626 1488
1630 2 2 0 1 1499 1624 1498
1631 2 2 0 1 1658 2670 2011
1632 2 2 0 1 2525 2528 2524
1633 2 2 0 1 2569 2572 2568
1634 2 2 0 1 1488 1619 1487
1635 2 2 0 1 1498 1618 1497
1636 2 2 0 1 758 2642 756
1637 2 2 0 1 1143 2419 248
1638 2 2 0 1 1295 2431 1294
1639 2 2 0 1 1298 2431 1295
1640 2 2 0 1 2515 2519 2516
1641 2 2 0 1 1806 2648 2267
1642 2 2 0 1 971 1012 937
1643 2 2 0 1 972 1011 932
1644 2 2 0 1 1283 1417 1132
1645 2 2 0 1 1281 1418 1130
1646 2 2 0 1 93 2432 1135
1647 2 2 0 1 173 2433 1136
1648 2 2 0 1 253 2507 1137
1649 2 2 0 1 1626 2334 1488
1650 2 2 0 1 1624 2326 1498
1651 2 2 0 1 2495 3359 2732
1652 2 2 0 1 1314 1315 1312
1653 2 2 0 1 212 3366 471
1654 2 2 0 1 2582 2585 2581
1655 2 2 0 1 1347 1350 1349
1656 2 2 0 1 1492 2424 1875
1657 2 2 0 1 1482 2422 1876
1658 2 2 0 1 2507 2509 1137
1659 2 2 0 1 2771 2778 2776
1660 2 2 0 1 2364 2823 1799
1661 2 2 0 1 1993 3243 1863
1662 2 2 0 1 2434 2505 2436
1663 2 2 0 1 1099 3242 2658
1664 2 2 0 1 1418 2354 2353
1665 2 2 0 1 1417 2345 2344
1666 2 2 0 1 1696 1921 1694
1667 2 2 0 1 1468 2671 1642
1668 2 2 0 1 1697 1923 1699
1669 2 2 0 1 931 932 930
1670 2 2 0 1 936 937 935
1671 2 2 0 1 2670 2685 2278
1672 2 2 0 1 1492 1494 1493
1673 2 2 0 1 1482 1484 1483
1674 2 2 0 1 2585 2715 2586
1675 2 2 0 1 2502 3436 2934
1676 2 2 0 1 1646 3328 3308
1677 2 2 0 1 1250 3207 1001
1678 2 2 0 1 1109 2626 1808
1679 2 2 0 1 1132 2344 971
1680 2 2 0 1 1130 2353 972
1681 2 2 0 1 1496 1497 1495
1682 2 2 0 1 1486 1487 1485
1683 2 2 0 1 1086 2672 913
1684 2 2 0 1 128 2593 536
1685 2 2 0 1 2369 2670 1797
1686 2 2 0 1 1462 2717 2587
1687 2 2 0 1 333 2515 1272
1688 2 2 0 1 769 772 766
1689 2 2 0 1 834 838 832
1690 2 2 0 1 2416 3288 734
1691 2 2 0 1 1895 2148 2147
1692 2 2 0 1 771 2730 754
1693 2 2 0 1 2407 2747 2405
1694 2 2 0 1 1969 2213 2212
1695 2 2 0 1 1967 2209 2208
1696 2 2 0 1 923 2512 337
1697 2 2 0 1 1804 3203 2604
1698 2 2 0 1 1349 1592 1351
1699 2 2 0 1 1865 3253 1979
1700 2 2 0 1 3343 3349 2655
1701 2 2 0 1 775 2611 2428
1702 2 2 0 1 840 2612 2427
1703 2 2 0 1 1815 3205 2679
1704 2 2 0 1 1699 2675 1391
1705 2 2 0 1 1389 2678 1696
1706 2 2 0 1 996 1087 1086
1707 2 2 0 1 1389 1696 1694
1708 2 2 0 1 752 2730 1423
1709 2 2 0 1 1586 1746 1745
1710 2 2 0 1 921 2514 97
1711 2 2 0 1 1746 1952 1951
1712 2 2 0 1 907 2377 881
1713 2 2 0 1 909 2371 883
1714 2 2 0 1 777 2611 772
1715 2 2 0 1 842 2612 838
1716 2 2 0 1 1798 2634 1400
1717 2 2 0 1 1089 1090 995
1718 2 2 0 1 1339 1340 1338
1719 2 2 0 1 1660 2579 1659
1720 2 2 0 1 765 766 764
1721 2 2 0 1 831 832 830
1722 2 2 0 1 2713 3243 1352
1723 2 2 0 1 2240 2241 2064
1724 2 2 0 1 3311 3325 1639
1725 2 2 0 1 2012 2431 2363
1726 2 2 0 1 2679 3205 2370
1727 2 2 0 1 910 1089 995
1728 2 2 0 1 1776 1777 1646
1729 2 2 0 1 338 923 337
1730 2 2 0 1 98 921 97
1731 2 2 0 1 178 924 177
1732 2 2 0 1 258 922 257
1733 2 2 0 1 2526 2528 2525
1734 2 2 0 1 2570 2572 2569
1735 2 2 0 1 2402 2746 2400
1736 2 2 0 1 910 2694 1089
1737 2 2 0 1 996 1086 913
1738 2 2 0 1 2733 3353 2734
1739 2 2 0 1 1778 1779 1777
1740 2 2 0 1 1603 1888 1732
1741 2 2 0 1 1605 1887 1731
1742 2 2 0 1 1697 1699 1391
1743 2 2 0 1 1639 1771 1770
1744 2 2 0 1 704 2641 2325
1745 2 2 0 1 1771 1773 1772
1746 2 2 0 1 2370 3205 1171
1747 2 2 0 1 2504 2506 2505
1748 2 2 0 1 1593 2577 1895
1749 2 2 0 1 2363 2431 1298
1750 2 2 0 1 1303 1305 1304
1751 2 2 0 1 778 870 846
1752 2 2 0 1 843 871 845
1753 2 2 0 1 296 2674 295
1754 2 2 0 1 1343 1344 1342
1755 2 2 0 1 1482 1876 1484
1756 2 2 0 1 1492 1875 1494
1757 2 2 0 1 1784 2598 2251
1758 2 2 0 1 554 2504 2433
1759 2 2 0 1 1084 1574 1379
1760 2 2 0 1 1081 1575 1381
1761 2 2 0 1 1779 1932 1780
1762 2 2 0 1 1395 1594 1314
1763 2 2 0 1 2586 2688 2687
1764 2 2 0 1 1923 1924 1699
1765 2 2 0 1 2132 2133 2131
1766 2 2 0 1 2128 2129 2127
1767 2 2 0 1 1696 1922 1921
1768 2 2 0 1 1924 2234 2231
1769 2 2 0 1 2579 2580 1659
1770 2 2 0 1 1774 1934 1773
1771 2 2 0 1 2531 2532 2530
1772 2 2 0 1 2218 2221 1922
1773 2 2 0 1 469 3315 2854
1774 2 2 0 1 1392 1697 1391
1775 2 2 0 1 2189 2675 1699
1776 2 2 0 1 297 3188 296
1777 2 2 0 1 1307 1309 1308
1778 2 2 0 1 1268 1586 1585
1779 2 2 0 1 2592 3251 599
1780 2 2 0 1 2347 2348 2346
1781 2 2 0 1 2356 2357 2355
1782 2 2 0 1 2575 2576 2574
1783 2 2 0 1 1496 1499 1498
1784 2 2 0 1 1486 1489 1488
1785 2 2 0 1 1696 2678 2186
1786 2 2 0 1 1520 2687 1518
1787 2 2 0 1 91 2596 486
1788 2 2 0 1 2954 2955 472
1789 2 2 0 1 2215 2672 1086
1790 2 2 0 1 2179 3619 1216
1791 2 2 0 1 1012 1081 1080
1792 2 2 0 1 1011 1084 1083
1793 2 2 0 1 2398 2730 2395
1794 2 2 0 1 1389 1694 1390
1795 2 2 0 1 1358 2665 1802
1796 2 2 0 1 881 1476 842
1797 2 2 0 1 883 1477 777
1798 2 2 0 1 1693 2664 1882
1799 2 2 0 1 45 849 44
1800 2 2 0 1 125 850 124
1801 2 2 0 1 205 851 204
1802 2 2 0 1 285 852 284
1803 2 2 0 1 296 3188 2674
1804 2 2 0 1 1625 2365 1624
1805 2 2 0 1 1627 2366 1626
1806 2 2 0 1 2512 2513 336
1807 2 2 0 1 1954 1955 1641
1808 2 2 0 1 1084 1379 1085
1809 2 2 0 1 1081 1381 1082
1810 2 2 0 1 1316 3253 2714
1811 2 2 0 1 2704 2777 463
1812 2 2 0 1 829 830 828
1813 2 2 0 1 763 764 762
1814 2 2 0 1 1352 3243 1643
1815 2 2 0 1 769 777 772
1816 2 2 0 1 834 842 838
1817 2 2 0 1 1876 3214 1484
1818 2 2 0 1 1875 3213 1494
1819 2 2 0 1 2259 2648 1792
1820 2 2 0 1 1337 1339 1338
1821 2 2 0 1 931 972 932
1822 2 2 0 1 936 971 937
1823 2 2 0 1 1594 2590 1314
1824 2 2 0 1 2371 2372 1477
1825 2 2 0 1 2377 2378 1476
1826 2 2 0 1 1933 2179 1999
1827 2 2 0 1 1341 3316 2305
1828 2 2 0 1 598 3369 2542
1829 2 2 0 1 1294 2431 1657
1830 2 2 0 1 2440 3343 2655
1831 2 2 0 1 1343 1345 1344
1832 2 2 0 1 1340 1343 1342
1833 2 2 0 1 1460 3238 2659
1834 2 2 0 1 472 3338 291
1835 2 2 0 1 784 2429 866
1836 2 2 0 1 1812 2618 1128
1837 2 2 0 1 1645 1646 1353
1838 2 2 0 1 211 2649 210
1839 2 2 0 1 1908 2955 1810
1840 2 2 0 1 1480 1482 1481
1841 2 2 0 1 1490 1492 1491
1842 2 2 0 1 1480 2422 1482
1843 2 2 0 1 1490 2424 1492
1844 2 2 0 1 1287 3203 1804
1845 2 2 0 1 1303 1304 1302
1846 2 2 0 1 775 2428 778
1847 2 2 0 1 840 2427 843
1848 2 2 0 1 2659 3238 1996
1849 2 2 0 1 1087 1088 1086
1850 2 2 0 1 1417 2344 1132
1851 2 2 0 1 1418 2353 1130
1852 2 2 0 1 1317 1639 1638
1853 2 2 0 1 1640 1641 1565
1854 2 2 0 1 1309 1311 1308
1855 2 2 0 1 206 2525 2524
1856 2 2 0 1 286 2569 2568
1857 2 2 0 1 2705 2777 2704
1858 2 2 0 1 2777 2778 2769
1859 2 2 0 1 1653 1654 1625
1860 2 2 0 1 1650 1651 1627
1861 2 2 0 1 495 2613 330
1862 2 2 0 1 2001 2173 1935
1863 2 2 0 1 1379 1605 1380
1864 2 2 0 1 1381 1603 1382
1865 2 2 0 1 914 996 913
1866 2 2 0 1 1796 2305 1890
1867 2 2 0 1 1307 1308 1305
1868 2 2 0 1 2658 3242 2364
1869 2 2 0 1 2931 2933 2932
1870 2 2 0 1 1564 1565 1479
1871 2 2 0 1 1301 1303 1302
1872 2 2 0 1 868 2672 869
1873 2 2 0 1 765 769 766
1874 2 2 0 1 831 834 832
1875 2 2 0 1 555 2508 2507
1876 2 2 0 1 1087 2675 1088
1877 2 2 0 1 2485 3395 2464
1878 2 2 0 1 1089 1091 1090
1879 2 2 0 1 553 2519 2515
1880 2 2 0 1 1091 2678 1090
1881 2 2 0 1 2587 2717 1982
1882 2 2 0 1 1764 1766 1765
1883 2 2 0 1 1767 1769 1768
1884 2 2 0 1 2586 2715 1134
1885 2 2 0 1 1089 2694 2188
1886 2 2 0 1 1337 1338 1336
1887 2 2 0 1 2377 2382 2378
1888 2 2 0 1 2371 2376 2372
1889 2 2 0 1 952 2625 2595
1890 2 2 0 1 1634 3693 2159
1891 2 2 0 1 479 2621 2619
1892 2 2 0 1 1645 1776 1646
1893 2 2 0 1 1799 2608 1092
1894 2 2 0 1 1776 1778 1777
1895 2 2 0 1 1639 1770 1638
1896 2 2 0 1 126 2522 2520
1897 2 2 0 1 1771 1772 1770
1898 2 2 0 1 1494 1495 1493
1899 2 2 0 1 1484 1485 1483
1900 2 2 0 1 1938 2342 1798
1901 2 2 0 1 179 2283 178
1902 2 2 0 1 259 2284 258
1903 2 2 0 1 299 3182 298
1904 2 2 0 1 2287 2297 2286
1905 2 2 0 1 1340 2713 1343
1906 2 2 0 1 339 2285 338
1907 2 2 0 1 99 2286 98
1908 2 2 0 1 910 995 911
1909 2 2 0 1 868 869 785
1910 2 2 0 1 2192 2193 2191
1911 2 2 0 1 1496 3213 1499
1912 2 2 0 1 1486 3214 1489
1913 2 2 0 1 336 2513 335
1914 2 2 0 1 1138 1391 1087
1915 2 2 0 1 1773 1775 1772
1916 2 2 0 1 1637 3253 1316
1917 2 2 0 1 881 2377 1476
1918 2 2 0 1 883 2371 1477
1919 2 2 0 1 866 2694 865
1920 2 2 0 1 2006 2636 2635
1921 2 2 0 1 1002 3644 2578
1922 2 2 0 1 1343 2713 1352
1923 2 2 0 1 1778 1781 1779
1924 2 2 0 1 206 2524 205
1925 2 2 0 1 286 2568 285
1926 2 2 0 1 1882 2664 2421
1927 2 2 0 1 1001 3207 915
1928 2 2 0 1 1810 2955 2016
1929 2 2 0 1 2744 3345 2743
1930 2 2 0 1 1308 2714 1305
1931 2 2 0 1 784 866 865
1932 2 2 0 1 1090 1389 1139
1933 2 2 0 1 2260 3324 1996
1934 2 2 0 1 2378 2380 2379
1935 2 2 0 1 2372 2374 2373
1936 2 2 0 1 1340 1342 1341
1937 2 2 0 1 1489 1627 1626
1938 2 2 0 1 1499 1625 1624
1939 2 2 0 1 2345 2352 2344
1940 2 2 0 1 2354 2361 2353
1941 2 2 0 1 865 910 867
1942 2 2 0 1 1969 2212 2211
1943 2 2 0 1 1967 2208 2207
1944 2 2 0 1 658 2616 656
1945 2 2 0 1 2729 3182 299
1946 2 2 0 1 1349 2615 1592
1947 2 2 0 1 1359 2629 2627
1948 2 2 0 1 2617 2708 2616
1949 2 2 0 1 1135 2597 2596
1950 2 2 0 1 1499 3213 1652
1951 2 2 0 1 1489 3214 1649
1952 2 2 0 1 2838 3337 2839
1953 2 2 0 1 1624 2365 2330
1954 2 2 0 1 1626 2366 2338
1955 2 2 0 1 1316 2714 1308
1956 2 2 0 1 246 3208 469
1957 2 2 0 1 486 2632 90
1958 2 2 0 1 878 913 868
1959 2 2 0 1 1595 3280 1946
1960 2 2 0 1 2493 2498 2497
1961 2 2 0 1 2820 3407 2821
1962 2 2 0 1 763 765 764
1963 2 2 0 1 829 831 830
1964 2 2 0 1 1731 1969 1968
1965 2 2 0 1 1732 1967 1966
1966 2 2 0 1 210 2649 1432
1967 2 2 0 1 1932 1933 1780
1968 2 2 0 1 1330 2643 1333
1969 2 2 0 1 1011 1083 932
1970 2 2 0 1 1012 1080 937
1971 2 2 0 1 126 2520 125
1972 2 2 0 1 1792 2648 2604
1973 2 2 0 1 487 2655 2654
1974 2 2 0 1 300 2729 299
1975 2 2 0 1 2436 2493 2438
1976 2 2 0 1 1518 2687 1807
1977 2 2 0 1 1779 1780 1777
1978 2 2 0 1 1547 2598 1784
1979 2 2 0 1 2385 2386 770
1980 2 2 0 1 1301 1302 1299
1981 2 2 0 1 2434 2435 1136
1982 2 2 0 1 552 2432 94
1983 2 2 0 1 554 2433 174
1984 2 2 0 1 555 2507 254
1985 2 2 0 1 2246 2279 1993
1986 2 2 0 1 2589 3347 1268
1987 2 2 0 1 2246 2280 2279
1988 2 2 0 1 1659 2581 1522
1989 2 2 0 1 1979 2281 2226
1990 2 2 0 1 1771 1774 1773
1991 2 2 0 1 480 2639 2637
1992 2 2 0 1 1774 1935 1934
1993 2 2 0 1 2718 2752 2689
1994 2 2 0 1 2434 2436 2435
1995 2 2 0 1 124 2307 123
1996 2 2 0 1 204 2308 203
1997 2 2 0 1 284 2309 283
1998 2 2 0 1 2281 2282 2226
1999 2 2 0 1 1347 1349 1348
2000 2 2 0 1 934 935 909
2001 2 2 0 1 929 930 907
2002 2 2 0 1 772 775 773
2003 2 2 0 1 838 840 839
2004 2 2 0 1 302 2837 301
2005 2 2 0 1 1656 1863 1339
2006 2 2 0 1 599 2674 2592
2007 2 2 0 1 1863 2713 1339
2008 2 2 0 1 1603 1732 1604
2009 2 2 0 1 1605 1731 1606
2010 2 2 0 1 175 3472 554
2011 2 2 0 1 2688 2718 2689
2012 2 2 0 1 295 2674 599
2013 2 2 0 1 553 2515 334
2014 2 2 0 1 819 2752 821
2015 2 2 0 1 760 3267 758
2016 2 2 0 1 1306 1307 1305
2017 2 2 0 1 2493 2497 2438
2018 2 2 0 1 86 3225 463
2019 2 2 0 1 1344 1347 1346
2020 2 2 0 1 2006 2635 2003
2021 2 2 0 1 929 931 930
2022 2 2 0 1 934 936 935
2023 2 2 0 1 763 2666 765
2024 2 2 0 1 1336 2606 1376
2025 2 2 0 1 828 2384 835
2026 2 2 0 1 2680 2681 1192
2027 2 2 0 1 2258 3306 2579
2028 2 2 0 1 1187 2646 2644
2029 2 2 0 1 2516 2517 1272
2030 2 2 0 1 1786 2002 1785
2031 2 2 0 1 487 2654 170
2032 2 2 0 1 1992 1993 1863
2033 2 2 0 1 775 778 776
2034 2 2 0 1 840 843 841
2035 2 2 0 1 666 668 667
2036 2 2 0 1 1304 2714 1865
2037 2 2 0 1 1811 2751 2633
2038 2 2 0 1 1479 2625 1072
2039 2 2 0 1 2003 2635 2002
2040 2 2 0 1 772 2611 775
2041 2 2 0 1 838 2612 840
2042 2 2 0 1 304 2886 303
2043 2 2 0 1 288 2573 538
2044 2 2 0 1 208 2529 537
2045 2 2 0 1 1304 1865 1644
2046 2 2 0 1 2002 2258 1785
2047 2 2 0 1 1026 1480 1235
2048 2 2 0 1 1055 1490 1236
2049 2 2 0 1 1334 1337 1336
2050 2 2 0 1 715 2429 784
2051 2 2 0 1 668 2626 1109
2052 2 2 0 1 335 553 334
2053 2 2 0 1 95 552 94
2054 2 2 0 1 175 554 174
2055 2 2 0 1 255 555 254
2056 2 2 0 1 2933 3406 3042
2057 2 2 0 1 48 535 47
2058 2 2 0 1 128 536 127
2059 2 2 0 1 208 537 207
2060 2 2 0 1 288 538 287
2061 2 2 0 1 1577 3210 2727
2062 2 2 0 1 2046 2745 2657
2063 2 2 0 1 1310 1312 1309
2064 2 2 0 1 1313 1314 1312
2065 2 2 0 1 880 881 842
2066 2 2 0 1 882 883 777
2067 2 2 0 1 1811 2656 1146
2068 2 2 0 1 784 865 847
2069 2 2 0 1 494 2652 2650
2070 2 2 0 1 1865 1979 1978
2071 2 2 0 1 830 2384 828
2072 2 2 0 1 715 784 780
2073 2 2 0 1 762 2385 770
2074 2 2 0 1 1890 3190 2108
2075 2 2 0 1 1694 1695 1390
2076 2 2 0 1 2012 2252 1997
2077 2 2 0 1 2657 2745 1320
2078 2 2 0 1 2251 2302 2250
2079 2 2 0 1 306 2895 305
2080 2 2 0 1 2058 2165 1965
2081 2 2 0 1 664 666 665
2082 2 2 0 1 700 2641 701
2083 2 2 0 1 908 909 883
2084 2 2 0 1 906 907 881
2085 2 2 0 1 703 715 711
2086 2 2 0 1 1016 1268 1267
2087 2 2 0 1 1134 2718 2688
2088 2 2 0 1 2005 2006 2003
2089 2 2 0 1 678 680 679
2090 2 2 0 1 669 670 668
2091 2 2 0 1 848 868 785
2092 2 2 0 1 671 672 670
2093 2 2 0 1 692 693 691
2094 2 2 0 1 1329 2643 1330
2095 2 2 0 1 726 785 716
2096 2 2 0 1 1135 2596 92
2097 2 2 0 1 758 3267 2642
2098 2 2 0 1 2012 2273 2252
2099 2 2 0 1 538 2571 2570
2100 2 2 0 1 537 2527 2526
2101 2 2 0 1 681 682 680
2102 2 2 0 1 1931 2058 1965
2103 2 2 0 1 663 664 662
2104 2 2 0 1 2616 2708 656
2105 2 2 0 1 310 2896 309
2106 2 2 0 1 1881 2043 1692
2107 2 2 0 1 682 691 690
2108 2 2 0 1 2245 2246 1993
2109 2 2 0 1 706 716 688
2110 2 2 0 1 2599 2600 2598
2111 2 2 0 1 827 829 828
2112 2 2 0 1 761 763 762
2113 2 2 0 1 994 2665 1358
2114 2 2 0 1 1196 2662 2660
2115 2 2 0 1 2067 2253 1956
2116 2 2 0 1 2760 3390 2475
2117 2 2 0 1 764 2385 762
2118 2 2 0 1 1297 1299 1298
2119 2 2 0 1 1192 2593 129
2120 2 2 0 1 3448 3451 2399
2121 2 2 0 1 1552 2598 1547
2122 2 2 0 1 687 688 686
2123 2 2 0 1 308 2897 307
2124 2 2 0 1 1465 1547 1464
2125 2 2 0 1 3308 3328 2291
2126 2 2 0 1 471 2649 211
2127 2 2 0 1 3174 3468 3467
2128 2 2 0 1 2508 2509 2507
2129 2 2 0 1 1657 2012 1997
2130 2 2 0 1 825 2715 827
2131 2 2 0 1 1523 1659 1522
2132 2 2 0 1 1784 2251 2250
2133 2 2 0 1 683 684 674
2134 2 2 0 1 1272 2518 332
2135 2 2 0 1 822 2691 836
2136 2 2 0 1 1379 1380 1085
2137 2 2 0 1 1381 1382 1082
2138 2 2 0 1 1815 3317 2788
2139 2 2 0 1 1979 2226 2225
2140 2 2 0 1 700 701 699
2141 2 2 0 1 761 762 760
2142 2 2 0 1 827 828 826
2143 2 2 0 1 1330 1333 1332
2144 2 2 0 1 1663 1785 1660
2145 2 2 0 1 684 686 685
2146 2 2 0 1 1099 2658 1096
2147 2 2 0 1 2691 2692 836
2148 2 2 0 1 701 703 702
2149 2 2 0 1 2599 2601 2600
2150 2 2 0 1 1333 1334 1332
2151 2 2 0 1 696 697 695
2152 2 2 0 1 1084 1085 1083
2153 2 2 0 1 1081 1082 1080
2154 2 2 0 1 693 695 694
2155 2 2 0 1 1136 2503 172
2156 2 2 0 1 2820 3409 3407
2157 2 2 0 1 1953 2240 2064
2158 2 2 0 1 1523 1660 1659
2159 2 2 0 1 697 699 698
2160 2 2 0 1 1492 1493 1491
2161 2 2 0 1 1482 1483 1481
2162 2 2 0 1 93 1135 92
2163 2 2 0 1 173 1136 172
2164 2 2 0 1 253 1137 252
2165 2 2 0 1 1352 1353 1345
2166 2 2 0 1 2342 3321 1306
2167 2 2 0 1 1311 1317 1316
2168 2 2 0 1 672 674 673
2169 2 2 0 1 1465 1552 1547
2170 2 2 0 1 1563 3384 3313
2171 2 2 0 1 1808 2706 1111
2172 2 2 0 1 1657 2431 2012
2173 2 2 0 1 2306 2823 2009
2174 2 2 0 1 1982 2717 1602
2175 2 2 0 1 1765 2709 1471
2176 2 2 0 1 1768 2710 1474
2177 2 2 0 1 843 845 844
2178 2 2 0 1 778 846 782
2179 2 2 0 1 331 495 330
2180 2 2 0 1 1552 2599 2598
2181 2 2 0 1 678 2608 681
2182 2 2 0 1 1293 1294 1292
2183 2 2 0 1 1576 2671 1468
2184 2 2 0 1 1118 1329 1127
2185 2 2 0 1 676 678 677
2186 2 2 0 1 660 662 661
2187 2 2 0 1 2372 2373 1477
2188 2 2 0 1 2378 2379 1476
2189 2 2 0 1 498 3247 455
2190 2 2 0 1 2627 2729 1359
2191 2 2 0 1 337 2512 336
2192 2 2 0 1 2727 3210 2722
2193 2 2 0 1 2587 2695 1462
2194 2 2 0 1 913 2672 868
2195 2 2 0 1 130 2680 1192
2196 2 2 0 1 1297 1298 1295
2197 2 2 0 1 1463 1464 1461
2198 2 2 0 1 2584 3360 831
2199 2 2 0 1 655 2708 1689
2200 2 2 0 1 1657 1997 1792
2201 2 2 0 1 845 889 887
2202 2 2 0 1 846 886 884
2203 2 2 0 1 1294 1657 1475
2204 2 2 0 1 97 2514 96
2205 2 2 0 1 2418 2420 2419
2206 2 2 0 1 479 3188 297
2207 2 2 0 1 2580 2583 2582
2208 2 2 0 1 1317 1638 1637
2209 2 2 0 1 1643 1645 1353
2210 2 2 0 1 1131 1132 971
2211 2 2 0 1 1129 1130 972
2212 2 2 0 1 1463 1465 1464
2213 2 2 0 1 2436 2438 2437
2214 2 2 0 1 1786 2003 2002
2215 2 2 0 1 1287 1804 1286
2216 2 2 0 1 772 773 766
2217 2 2 0 1 838 839 832
2218 2 2 0 1 2510 3463 3417
2219 2 2 0 1 996 2595 1138
2220 2 2 0 1 1280 1281 1130
2221 2 2 0 1 1282 1283 1132
2222 2 2 0 1 1138 1392 1391
2223 2 2 0 1 2312 2631 2051
2224 2 2 0 1 1300 1301 1299
2225 2 2 0 1 2299 3325 3311
2226 2 2 0 1 479 3182 2621
2227 2 2 0 1 1535 2683 2682
2228 2 2 0 1 1459 1460 1458
2229 2 2 0 1 333 1272 332
2230 2 2 0 1 1784 2250 1995
2231 2 2 0 1 1490 1491 1236
2232 2 2 0 1 1480 1481 1235
2233 2 2 0 1 1329 1330 1127
2234 2 2 0 1 1796 1890 1889
2235 2 2 0 1 463 3225 2704
2236 2 2 0 1 1072 2625 952
2237 2 2 0 1 1931 1965 1576
2238 2 2 0 1 2588 2589 951
2239 2 2 0 1 1547 1784 1655
2240 2 2 0 1 1359 2729 300
2241 2 2 0 1 329 2613 1200
2242 2 2 0 1 2051 2631 1883
2243 2 2 0 1 664 665 662
2244 2 2 0 1 3235 3265 1623
2245 2 2 0 1 1391 2675 1087
2246 2 2 0 1 1459 1461 1460
2247 2 2 0 1 1801 2687 1520
2248 2 2 0 1 1179 3440 3438
2249 2 2 0 1 1090 2678 1389
2250 2 2 0 1 207 2525 206
2251 2 2 0 1 287 2569 286
2252 2 2 0 1 1359 2837 2629
2253 2 2 0 1 1323 1328 1325
2254 2 2 0 1 701 2641 704
2255 2 2 0 1 501 2894 492
2256 2 2 0 1 951 2589 1016
2257 2 2 0 1 298 3182 479
2258 2 2 0 1 1322 1323 1321
2259 2 2 0 1 2591 3338 472
2260 2 2 0 1 1937 1938 1798
2261 2 2 0 1 996 1138 1087
2262 2 2 0 1 1293 1295 1294
2263 2 2 0 1 1474 2710 1283
2264 2 2 0 1 1471 2709 1281
2265 2 2 0 1 2764 3381 3320
2266 2 2 0 1 1291 1292 1289
2267 2 2 0 1 821 2752 2718
2268 2 2 0 1 127 2522 126
2269 2 2 0 1 454 2684 6
2270 2 2 0 1 678 681 680
2271 2 2 0 1 2748 3270 3239
2272 2 2 0 1 1244 1287 1286
2273 2 2 0 1 2215 2673 2672
2274 2 2 0 1 1658 1812 1128
2275 2 2 0 1 865 2694 910
2276 2 2 0 1 1907 2056 1908
2277 2 2 0 1 2619 3188 479
2278 2 2 0 1 2385 3211 2386
2279 2 2 0 1 1319 1322 1321
2280 2 2 0 1 682 692 691
2281 2 2 0 1 2637 2837 480
2282 2 2 0 1 480 2886 2639
2283 2 2 0 1 91 486 90
2284 2 2 0 1 171 487 170
2285 2 2 0 1 251 488 250
2286 2 2 0 1 666 667 665
2287 2 2 0 1 666 669 668
2288 2 2 0 1 1090 1139 995
2289 2 2 0 1 1392 1698 1697
2290 2 2 0 1 762 770 760
2291 2 2 0 1 828 835 826
2292 2 2 0 1 2386 2392 2388
2293 2 2 0 1 1457 1459 1458
2294 2 2 0 1 2311 2312 2051
2295 2 2 0 1 1730 3309 2083
2296 2 2 0 1 1356 2685 1355
2297 2 2 0 1 1200 2696 328
2298 2 2 0 1 89 2632 1141
2299 2 2 0 1 1619 1735 1707
2300 2 2 0 1 1618 1736 1706
2301 2 2 0 1 1244 1286 1106
2302 2 2 0 1 301 2837 1359
2303 2 2 0 1 682 690 680
2304 2 2 0 1 2368 2679 2370
2305 2 2 0 1 480 2837 302
2306 2 2 0 1 1291 1293 1292
2307 2 2 0 1 676 2608 678
2308 2 2 0 1 2295 3303 2293
2309 2 2 0 1 2644 2886 1187
2310 2 2 0 1 1187 2895 2646
2311 2 2 0 1 2951 2952 470
2312 2 2 0 1 129 2593 128
2313 2 2 0 1 1340 1341 1338
2314 2 2 0 1 1663 1786 1785
2315 2 2 0 1 1146 2656 1148
2316 2 2 0 1 993 1077 994
2317 2 2 0 1 1468 1642 1077
2318 2 2 0 1 666 2618 669
2319 2 2 0 1 1376 1796 1717
2320 2 2 0 1 1318 1319 1271
2321 2 2 0 1 2092 2587 1982
2322 2 2 0 1 1924 2231 2189
2323 2 2 0 1 1217 3646 2210
2324 2 2 0 1 1215 3647 2214
2325 2 2 0 1 1890 2108 2107
2326 2 2 0 1 94 2432 93
2327 2 2 0 1 174 2433 173
2328 2 2 0 1 254 2507 253
2329 2 2 0 1 1656 1992 1863
2330 2 2 0 1 1806 2267 2009
2331 2 2 0 1 3290 3292 1800
2332 2 2 0 1 1748 2331 1736
2333 2 2 0 1 1749 2339 1735
2334 2 2 0 1 1092 2608 676
2335 2 2 0 1 1689 2708 2020
2336 2 2 0 1 660 663 662
2337 2 2 0 1 303 2886 480
2338 2 2 0 1 1187 2886 304
2339 2 2 0 1 2186 2218 1922
2340 2 2 0 1 672 673 670
2341 2 2 0 1 2650 2895 494
2342 2 2 0 1 1334 1336 1335
2343 2 2 0 1 494 2897 2652
2344 2 2 0 1 1337 1656 1339
2345 2 2 0 1 2668 3220 2743
2346 2 2 0 1 1992 2245 1993
2347 2 2 0 1 684 687 686
2348 2 2 0 1 693 696 695
2349 2 2 0 1 1141 2699 2698
2350 2 2 0 1 1388 1468 1077
2351 2 2 0 1 672 683 674
2352 2 2 0 1 2705 2778 2777
2353 2 2 0 1 1631 2745 2046
2354 2 2 0 1 1026 2423 1480
2355 2 2 0 1 1055 2425 1490
2356 2 2 0 1 50 1190 49
2357 2 2 0 1 130 1192 129
2358 2 2 0 1 2531 2533 2532
2359 2 2 0 1 697 700 699
2360 2 2 0 1 664 2618 666
2361 2 2 0 1 2682 2684 1535
2362 2 2 0 1 1457 1458 1356
2363 2 2 0 1 854 3226 3151
2364 2 2 0 1 1389 1390 1139
2365 2 2 0 1 860 2752 819
2366 2 2 0 1 1128 2618 664
2367 2 2 0 1 1804 1806 1805
2368 2 2 0 1 1105 1106 1099
2369 2 2 0 1 1294 1475 1292
2370 2 2 0 1 305 2895 1187
2371 2 2 0 1 494 2895 306
2372 2 2 0 1 2397 3441 3439
2373 2 2 0 1 2711 3326 2424
2374 2 2 0 1 2712 3327 2422
2375 2 2 0 1 2660 2897 1196
2376 2 2 0 1 2386 3211 2392
2377 2 2 0 1 334 2515 333
2378 2 2 0 1 1252 3404 3396
2379 2 2 0 1 678 679 677
2380 2 2 0 1 677 2751 654
2381 2 2 0 1 693 694 691
2382 2 2 0 1 684 685 674
2383 2 2 0 1 1441 1479 1072
2384 2 2 0 1 2657 3265 3235
2385 2 2 0 1 697 698 695
2386 2 2 0 1 688 689 686
2387 2 2 0 1 1304 1644 1302
2388 2 2 0 1 455 2896 310
2389 2 2 0 1 309 2896 1196
2390 2 2 0 1 1721 1798 1400
2391 2 2 0 1 701 702 699
2392 2 2 0 1 1991 3285 1938
2393 2 2 0 1 1113 2706 1116
2394 2 2 0 1 2201 3662 2721
2395 2 2 0 1 701 704 703
2396 2 2 0 1 1535 2684 454
2397 2 2 0 1 2367 2686 2369
2398 2 2 0 1 1865 1978 1644
2399 2 2 0 1 330 2613 329
2400 2 2 0 1 2687 2688 1807
2401 2 2 0 1 1196 2897 308
2402 2 2 0 1 307 2897 494
2403 2 2 0 1 820 2728 818
2404 2 2 0 1 2009 2823 2364
2405 2 2 0 1 510 3227 508
2406 2 2 0 1 1979 2225 1978
2407 2 2 0 1 2857 3138 1668
2408 2 2 0 1 2583 2584 2582
2409 2 2 0 1 169 2654 1142
2410 2 2 0 1 2743 3220 1133
2411 2 2 0 1 1339 2713 1340
2412 2 2 0 1 1134 2715 825
2413 2 2 0 1 993 994 992
2414 2 2 0 1 1462 1463 1461
2415 2 2 0 1 1094 1799 1092
2416 2 2 0 1 597 2950 2949
2417 2 2 0 1 1658 2011 1812
2418 2 2 0 1 1171 3205 1168
2419 2 2 0 1 1305 2714 1304
2420 2 2 0 1 827 2715 857
2421 2 2 0 1 1196 2896 2662
2422 2 2 0 1 2699 2701 2700
2423 2 2 0 1 2633 2751 677
2424 2 2 0 1 668 1109 667
2425 2 2 0 1 92 2596 91
2426 2 2 0 1 858 2666 763
2427 2 2 0 1 1460 2659 2278
2428 2 2 0 1 1657 1792 1475
2429 2 2 0 1 1692 3207 1250
2430 2 2 0 1 1603 1604 1382
2431 2 2 0 1 1605 1606 1380
2432 2 2 0 1 1098 1099 1096
2433 2 2 0 1 329 1200 328
2434 2 2 0 1 755 2741 757
2435 2 2 0 1 1319 1321 1320
2436 2 2 0 1 914 2595 996
2437 2 2 0 1 878 914 913
2438 2 2 0 1 2436 2437 2435
2439 2 2 0 1 1159 1318 1271
2440 2 2 0 1 1562 2756 2697
2441 2 2 0 1 2738 2742 2741
2442 2 2 0 1 1151 1153 1152
2443 2 2 0 1 1568 1576 1468
2444 2 2 0 1 830 3294 2384
2445 2 2 0 1 2192 2194 2193
2446 2 2 0 1 1243 1244 1106
2447 2 2 0 1 1323 1325 1324
2448 2 2 0 1 1303 1306 1305
2449 2 2 0 1 1803 1907 1810
2450 2 2 0 1 1288 1289 1287
2451 2 2 0 1 1785 2579 1660
2452 2 2 0 1 1301 2634 1303
2453 2 2 0 1 661 2616 658
2454 2 2 0 1 210 1432 209
2455 2 2 0 1 290 1433 289
2456 2 2 0 1 2856 2857 1668
2457 2 2 0 1 89 1141 88
2458 2 2 0 1 1535 2894 2683
2459 2 2 0 1 1521 1522 1520
2460 2 2 0 1 2679 3317 1815
2461 2 2 0 1 2005 2007 2006
2462 2 2 0 1 656 2708 655
2463 2 2 0 1 1521 1523 1522
2464 2 2 0 1 818 2728 1442
2465 2 2 0 1 663 1128 664
2466 2 2 0 1 1153 1159 1158
2467 2 2 0 1 1547 1655 1464
2468 2 2 0 1 2197 2199 2198
2469 2 2 0 1 1997 2259 1792
2470 2 2 0 1 2046 2657 2135
2471 2 2 0 1 90 2632 89
2472 2 2 0 1 669 671 670
2473 2 2 0 1 1116 1118 1117
2474 2 2 0 1 2199 2200 2198
2475 2 2 0 1 1094 2658 1799
2476 2 2 0 1 894 3178 2676
2477 2 2 0 1 1151 1665 1153
2478 2 2 0 1 1299 3260 1298
2479 2 2 0 1 1358 1802 1667
2480 2 2 0 1 1141 2698 88
2481 2 2 0 1 3208 3315 469
2482 2 2 0 1 1395 1595 1594
2483 2 2 0 1 1475 3203 1292
2484 2 2 0 1 492 2894 1535
2485 2 2 0 1 508 2894 501
2486 2 2 0 1 2676 3178 2677
2487 2 2 0 1 1906 1931 1576
2488 2 2 0 1 170 2654 169
2489 2 2 0 1 2245 2263 2246
2490 2 2 0 1 2676 3181 894
2491 2 2 0 1 1113 1116 1115
2492 2 2 0 1 2677 3178 3175
2493 2 2 0 1 1140 2751 1811
2494 2 2 0 1 757 2741 1133
2495 2 2 0 1 860 2765 2749
2496 2 2 0 1 659 660 658
2497 2 2 0 1 1330 1332 1331
2498 2 2 0 1 1333 3240 1334
2499 2 2 0 1 55 2720 1258
2500 2 2 0 1 2733 2734 466
2501 2 2 0 1 1111 2706 1113
2502 2 2 0 1 675 676 654
2503 2 2 0 1 1967 2207 1966
2504 2 2 0 1 1969 2211 1968
2505 2 2 0 1 1142 2732 2731
2506 2 2 0 1 2312 3393 2631
2507 2 2 0 1 2585 2586 1801
2508 2 2 0 1 1109 1808 1111
2509 2 2 0 1 676 677 654
2510 2 2 0 1 2226 2324 2225
2511 2 2 0 1 675 1092 676
2512 2 2 0 1 1276 1356 1355
2513 2 2 0 1 1118 1127 1126
2514 2 2 0 1 2165 2247 1965
2515 2 2 0 1 2056 2057 1908
2516 2 2 0 1 1662 1663 1660
2517 2 2 0 1 455 3247 2896
2518 2 2 0 1 660 661 658
2519 2 2 0 1 1344 1346 1342
2520 2 2 0 1 462 3198 2779
2521 2 2 0 1 1159 1271 1270
2522 2 2 0 1 1077 2665 994
2523 2 2 0 1 824 2691 822
2524 2 2 0 1 81 3198 462
2525 2 2 0 1 1990 1991 1938
2526 2 2 0 1 1668 3169 2856
2527 2 2 0 1 2197 2198 2196
2528 2 2 0 1 1784 1995 1655
2529 2 2 0 1 2172 2229 1947
2530 2 2 0 1 1148 1151 1150
2531 2 2 0 1 1522 1801 1520
2532 2 2 0 1 1814 2755 2719
2533 2 2 0 1 1337 3240 1656
2534 2 2 0 1 131 2680 130
2535 2 2 0 1 470 2680 131
2536 2 2 0 1 2768 2777 2769
2537 2 2 0 1 2782 3293 3244
2538 2 2 0 1 1907 1908 1810
2539 2 2 0 1 458 2721 2720
2540 2 2 0 1 989 2722 991
2541 2 2 0 1 2856 3169 2808
2542 2 2 0 1 2736 2741 755
2543 2 2 0 1 1098 1105 1099
2544 2 2 0 1 670 2626 668
2545 2 2 0 1 775 776 773
2546 2 2 0 1 840 841 839
2547 2 2 0 1 1296 1297 1295
2548 2 2 0 1 1730 2083 2082
2549 2 2 0 1 1456 1457 1356
2550 2 2 0 1 991 993 992
2551 2 2 0 1 2699 2700 2698
2552 2 2 0 1 2825 3206 2758
2553 2 2 0 1 2194 2197 2196
2554 2 2 0 1 764 3297 2385
2555 2 2 0 1 2771 2776 2775
2556 2 2 0 1 166 2733 466
2557 2 2 0 1 2666 2754 765
2558 2 2 0 1 1731 1968 1606
2559 2 2 0 1 1732 1966 1604
2560 2 2 0 1 1388 1568 1468
2561 2 2 0 1 1290 1291 1289
2562 2 2 0 1 928 929 907
2563 2 2 0 1 933 934 909
2564 2 2 0 1 1656 3240 1994
2565 2 2 0 1 2697 2756 2018
2566 2 2 0 1 910 911 867
2567 2 2 0 1 2742 2743 1133
2568 2 2 0 1 1244 1288 1287
2569 2 2 0 1 87 3225 86
2570 2 2 0 1 1460 2278 1458
2571 2 2 0 1 3453 3456 1040
2572 2 2 0 1 1804 1805 1286
2573 2 2 0 1 1325 1327 1326
2574 2 2 0 1 55 1258 54
2575 2 2 0 1 1933 1999 1998
2576 2 2 0 1 1303 2634 1306
2577 2 2 0 1 1276 1355 1264
2578 2 2 0 1 916 3286 965
2579 2 2 0 1 2719 2756 1814
2580 2 2 0 1 1311 1316 1308
2581 2 2 0 1 328 2696 327
2582 2 2 0 1 327 2696 483
2583 2 2 0 1 1172 1173 1171
2584 2 2 0 1 2129 2275 2274
2585 2 2 0 1 2133 2277 2276
2586 2 2 0 1 1945 2228 2174
2587 2 2 0 1 2046 2135 2134
2588 2 2 0 1 2604 3203 1475
2589 2 2 0 1 1793 2053 1794
2590 2 2 0 1 1592 1593 1351
2591 2 2 0 1 703 711 702
2592 2 2 0 1 2091 2092 1982
2593 2 2 0 1 1343 1352 1345
2594 2 2 0 1 834 880 842
2595 2 2 0 1 769 882 777
2596 2 2 0 1 823 2718 1134
2597 2 2 0 1 993 1388 1077
2598 2 2 0 1 1140 1811 1146
2599 2 2 0 1 994 1358 1357
2600 2 2 0 1 1213 1664 1173
2601 2 2 0 1 2200 2202 2201
2602 2 2 0 1 463 2777 2768
2603 2 2 0 1 2749 2765 2750
2604 2 2 0 1 134 2949 133
2605 2 2 0 1 597 2949 134
2606 2 2 0 1 1327 1793 1597
2607 2 2 0 1 1151 1152 1150
2608 2 2 0 1 2018 2756 2719
2609 2 2 0 1 759 760 758
2610 2 2 0 1 825 826 824
2611 2 2 0 1 2768 2769 1221
2612 2 2 0 1 2741 2742 1133
2613 2 2 0 1 1981 1982 1602
2614 2 2 0 1 759 761 760
2615 2 2 0 1 825 827 826
2616 2 2 0 1 1148 2656 1151
2617 2 2 0 1 2438 2439 2437
2618 2 2 0 1 1863 3243 2713
2619 2 2 0 1 2769 2771 2770
2620 2 2 0 1 3151 3226 1874
2621 2 2 0 1 1700 2763 2055
2622 2 2 0 1 1212 1213 1173
2623 2 2 0 1 169 1142 168
2624 2 2 0 1 249 1143 248
2625 2 2 0 1 823 825 824
2626 2 2 0 1 757 759 758
2627 2 2 0 1 662 2609 661
2628 2 2 0 1 715 780 711
2629 2 2 0 1 865 867 847
2630 2 2 0 1 784 847 780
2631 2 2 0 1 2855 2856 2808
2632 2 2 0 1 1519 1520 1518
2633 2 2 0 1 991 992 990
2634 2 2 0 1 821 2718 823
2635 2 2 0 1 1142 2731 168
2636 2 2 0 1 687 706 688
2637 2 2 0 1 1494 3213 1496
2638 2 2 0 1 1484 3214 1486
2639 2 2 0 1 1802 1803 1667
2640 2 2 0 1 753 2736 755
2641 2 2 0 1 1307 1310 1309
2642 2 2 0 1 2701 2702 2700
2643 2 2 0 1 132 2951 470
2644 2 2 0 1 1519 1521 1520
2645 2 2 0 1 2726 3184 2799
2646 2 2 0 1 1214 3216 2903
2647 2 2 0 1 2267 2306 2009
2648 2 2 0 1 1153 1158 1152
2649 2 2 0 1 2723 2727 2722
2650 2 2 0 1 757 758 756
2651 2 2 0 1 823 824 822
2652 2 2 0 1 2769 2770 1221
2653 2 2 0 1 1170 1171 1168
2654 2 2 0 1 2799 3184 2798
2655 2 2 0 1 3239 3270 2689
2656 2 2 0 1 2750 2765 1144
2657 2 2 0 1 2692 2693 836
2658 2 2 0 1 2739 3180 2822
2659 2 2 0 1 2625 3304 2595
2660 2 2 0 1 989 991 990
2661 2 2 0 1 1400 2634 1301
2662 2 2 0 1 2202 2204 2203
2663 2 2 0 1 508 3227 2894
2664 2 2 0 1 2949 2951 133
2665 2 2 0 1 1557 2756 1562
2666 2 2 0 1 2759 3191 1862
2667 2 2 0 1 1105 1243 1106
2668 2 2 0 1 2543 2546 2541
2669 2 2 0 1 821 823 822
2670 2 2 0 1 755 757 756
2671 2 2 0 1 2000 2001 1935
2672 2 2 0 1 53 3038 52
2673 2 2 0 1 52 3038 457
2674 2 2 0 1 1693 1881 1692
2675 2 2 0 1 1882 1883 1881
2676 2 2 0 1 1586 1745 1585
2677 2 2 0 1 654 2751 652
2678 2 2 0 1 647 3191 2759
2679 2 2 0 1 1517 1518 1516
2680 2 2 0 1 1459 1462 1461
2681 2 2 0 1 1323 1324 1321
2682 2 2 0 1 1289 3203 1287
2683 2 2 0 1 1159 1270 1158
2684 2 2 0 1 632 2753 631
2685 2 2 0 1 2742 2744 2743
2686 2 2 0 1 1096 2658 1094
2687 2 2 0 1 1230 2722 989
2688 2 2 0 1 2722 3210 991
2689 2 2 0 1 1353 3308 1345
2690 2 2 0 1 1154 2735 1162
2691 2 2 0 1 1170 3186 1172
2692 2 2 0 1 2842 3189 2843
2693 2 2 0 1 2737 2760 2738
2694 2 2 0 1 1152 2735 1150
2695 2 2 0 1 836 2728 820
2696 2 2 0 1 2004 2005 2003
2697 2 2 0 1 1241 2762 2761
2698 2 2 0 1 1170 1172 1171
2699 2 2 0 1 2293 3303 685
2700 2 2 0 1 2623 2729 2627
2701 2 2 0 1 1319 1320 1271
2702 2 2 0 1 753 755 754
2703 2 2 0 1 819 821 820
2704 2 2 0 1 821 822 820
2705 2 2 0 1 755 756 754
2706 2 2 0 1 2808 2858 2855
2707 2 2 0 1 88 2698 87
2708 2 2 0 1 2738 2741 2736
2709 2 2 0 1 1685 3206 2825
2710 2 2 0 1 1631 2046 2045
2711 2 2 0 1 2822 3180 2817
2712 2 2 0 1 652 1140 651
2713 2 2 0 1 1955 2068 2066
2714 2 2 0 1 655 1689 1204
2715 2 2 0 1 1814 2756 1557
2716 2 2 0 1 458 2720 56
2717 2 2 0 1 56 2720 55
2718 2 2 0 1 2737 2738 2736
2719 2 2 0 1 2775 3179 2772
2720 2 2 0 1 1106 3242 1099
2721 2 2 0 1 1144 2766 2750
2722 2 2 0 1 1689 2020 2019
2723 2 2 0 1 1806 2009 1805
2724 2 2 0 1 1652 1653 1625
2725 2 2 0 1 1649 1650 1627
2726 2 2 0 1 1517 1519 1518
2727 2 2 0 1 2719 2755 2753
2728 2 2 0 1 1926 2783 1928
2729 2 2 0 1 2753 2755 631
2730 2 2 0 1 2439 2442 2441
2731 2 2 0 1 136 3084 135
2732 2 2 0 1 135 3084 597
2733 2 2 0 1 1770 1783 1638
2734 2 2 0 1 1515 1516 1514
2735 2 2 0 1 1404 3209 3202
2736 2 2 0 1 2731 2733 167
2737 2 2 0 1 1241 2761 139
2738 2 2 0 1 1644 3260 1302
2739 2 2 0 1 770 3267 760
2740 2 2 0 1 880 906 881
2741 2 2 0 1 882 908 883
2742 2 2 0 1 1463 2695 1466
2743 2 2 0 1 1263 1264 1213
2744 2 2 0 1 1518 1807 1516
2745 2 2 0 1 1689 2018 1204
2746 2 2 0 1 1172 1212 1173
2747 2 2 0 1 906 928 907
2748 2 2 0 1 908 933 909
2749 2 2 0 1 2810 2858 2807
2750 2 2 0 1 811 2767 813
2751 2 2 0 1 753 754 752
2752 2 2 0 1 819 820 818
2753 2 2 0 1 167 2733 166
2754 2 2 0 1 294 2953 293
2755 2 2 0 1 599 2953 294
2756 2 2 0 1 994 1357 992
2757 2 2 0 1 2807 2858 2808
2758 2 2 0 1 1317 1637 1316
2759 2 2 0 1 1645 1787 1776
2760 2 2 0 1 1463 1466 1465
2761 2 2 0 1 1172 3186 1269
2762 2 2 0 1 60 1262 59
2763 2 2 0 1 635 2753 632
2764 2 2 0 1 1140 1145 651
2765 2 2 0 1 1268 1585 1267
2766 2 2 0 1 823 1134 825
2767 2 2 0 1 757 1133 759
2768 2 2 0 1 2804 2825 2758
2769 2 2 0 1 817 819 818
2770 2 2 0 1 751 753 752
2771 2 2 0 1 1208 2787 2785
2772 2 2 0 1 1689 2019 2018
2773 2 2 0 1 706 726 716
2774 2 2 0 1 2629 2837 2637
2775 2 2 0 1 292 2954 472
2776 2 2 0 1 1515 1517 1516
2777 2 2 0 1 2646 2895 2650
2778 2 2 0 1 2639 2886 2644
2779 2 2 0 1 2652 2897 2660
2780 2 2 0 1 859 2736 753
2781 2 2 0 1 1352 1643 1353
2782 2 2 0 1 1276 1456 1356
2783 2 2 0 1 1513 1514 1512
2784 2 2 0 1 1150 2735 1154
2785 2 2 0 1 1461 3238 1460
2786 2 2 0 1 1814 2785 2755
2787 2 2 0 1 1459 2717 1462
2788 2 2 0 1 2854 2857 2856
2789 2 2 0 1 2785 2787 2755
2790 2 2 0 1 2771 2775 2772
2791 2 2 0 1 1275 1276 1264
2792 2 2 0 1 839 3294 832
2793 2 2 0 1 140 1241 139
2794 2 2 0 1 2953 2954 293
2795 2 2 0 1 324 2915 323
2796 2 2 0 1 1197 2915 324
2797 2 2 0 1 987 989 988
2798 2 2 0 1 1212 1263 1213
2799 2 2 0 1 2740 2760 2737
2800 2 2 0 1 1513 1515 1514
2801 2 2 0 1 1642 2665 1077
2802 2 2 0 1 168 2731 167
2803 2 2 0 1 242 2813 241
2804 2 2 0 1 1140 1146 1145
2805 2 2 0 1 1557 1562 1558
2806 2 2 0 1 1457 2717 1459
2807 2 2 0 1 2550 2553 2548
2808 2 2 0 1 726 848 785
2809 2 2 0 1 2758 2824 2804
2810 2 2 0 1 1514 2748 1512
2811 2 2 0 1 1230 2723 2722
2812 2 2 0 1 848 878 868
2813 2 2 0 1 1154 1162 1156
2814 2 2 0 1 1297 1300 1299
2815 2 2 0 1 2810 2866 2858
2816 2 2 0 1 1311 3311 1317
2817 2 2 0 1 2194 2196 2195
2818 2 2 0 1 811 2826 2767
2819 2 2 0 1 1557 1558 1556
2820 2 2 0 1 650 2757 653
2821 2 2 0 1 322 2916 482
2822 2 2 0 1 1462 2695 1463
2823 2 2 0 1 2305 3190 1890
2824 2 2 0 1 653 654 652
2825 2 2 0 1 655 1204 635
2826 2 2 0 1 2770 3192 1221
2827 2 2 0 1 1602 2717 1457
2828 2 2 0 1 989 990 988
2829 2 2 0 1 1512 2748 1813
2830 2 2 0 1 2773 3192 2770
2831 2 2 0 1 1825 3247 498
2832 2 2 0 1 2766 3177 1817
2833 2 2 0 1 1555 1557 1556
2834 2 2 0 1 652 2751 1140
2835 2 2 0 1 241 2813 468
2836 2 2 0 1 2915 2916 323
2837 2 2 0 1 1025 3195 1023
2838 2 2 0 1 2294 2296 2295
2839 2 2 0 1 2803 2824 644
2840 2 2 0 1 242 2866 2813
2841 2 2 0 1 84 1221 83
2842 2 2 0 1 2854 2856 2855
2843 2 2 0 1 2842 2843 465
2844 2 2 0 1 2714 3253 1865
2845 2 2 0 1 650 652 651
2846 2 2 0 1 649 650 648
2847 2 2 0 1 813 2767 1144
2848 2 2 0 1 2690 2691 824
2849 2 2 0 1 1456 1602 1457
2850 2 2 0 1 1746 1951 1745
2851 2 2 0 1 1562 2764 1558
2852 2 2 0 1 752 1423 750
2853 2 2 0 1 2838 2839 1194
2854 2 2 0 1 987 1230 989
2855 2 2 0 1 2748 2749 1813
2856 2 2 0 1 1980 3260 1644
2857 2 2 0 1 463 2768 85
2858 2 2 0 1 2804 2824 2803
2859 2 2 0 1 161 2842 465
2860 2 2 0 1 859 2737 2736
2861 2 2 0 1 2794 2799 2798
2862 2 2 0 1 1208 2785 1254
2863 2 2 0 1 1523 1662 1660
2864 2 2 0 1 2200 2201 2198
2865 2 2 0 1 647 2759 1864
2866 2 2 0 1 2626 3341 1808
2867 2 2 0 1 756 771 754
2868 2 2 0 1 822 836 820
2869 2 2 0 1 815 817 816
2870 2 2 0 1 749 751 750
2871 2 2 0 1 649 2757 650
2872 2 2 0 1 468 2813 2811
2873 2 2 0 1 2907 3129 2816
2874 2 2 0 1 3367 3377 2296
2875 2 2 0 1 1511 1512 1510
2876 2 2 0 1 84 2768 1221
2877 2 2 0 1 650 651 648
2878 2 2 0 1 2841 2842 162
2879 2 2 0 1 240 2815 239
2880 2 2 0 1 2839 2840 1194
2881 2 2 0 1 2019 2697 2018
2882 2 2 0 1 1555 1556 1554
2883 2 2 0 1 2808 3169 2806
2884 2 2 0 1 139 2761 138
2885 2 2 0 1 138 2761 473
2886 2 2 0 1 2811 2814 468
2887 2 2 0 1 2766 3144 2750
2888 2 2 0 1 627 2787 1208
2889 2 2 0 1 1442 2805 816
2890 2 2 0 1 2767 3177 2766
2891 2 2 0 1 751 752 750
2892 2 2 0 1 817 818 816
2893 2 2 0 1 985 987 986
2894 2 2 0 1 1161 2832 1411
2895 2 2 0 1 653 675 654
2896 2 2 0 1 243 2866 242
2897 2 2 0 1 1817 3144 2766
2898 2 2 0 1 1186 3010 2789
2899 2 2 0 1 2789 3010 2026
2900 2 2 0 1 469 2854 2853
2901 2 2 0 1 163 2841 162
2902 2 2 0 1 2623 3182 2729
2903 2 2 0 1 817 860 819
2904 2 2 0 1 751 859 753
2905 2 2 0 1 747 2817 749
2906 2 2 0 1 77 2831 76
2907 2 2 0 1 2609 2610 661
2908 2 2 0 1 2827 3177 2826
2909 2 2 0 1 1815 2788 1164
2910 2 2 0 1 1655 3238 1464
2911 2 2 0 1 1162 2782 1156
2912 2 2 0 1 657 658 656
2913 2 2 0 1 1511 1513 1512
2914 2 2 0 1 221 1385 220
2915 2 2 0 1 2884 3158 2099
2916 2 2 0 1 2854 2855 2853
2917 2 2 0 1 1204 2753 635
2918 2 2 0 1 2816 3129 2815
2919 2 2 0 1 1411 2832 1572
2920 2 2 0 1 1926 2832 2783
2921 2 2 0 1 983 985 984
2922 2 2 0 1 2813 2866 2810
2923 2 2 0 1 650 653 652
2924 2 2 0 1 1513 3169 1515
2925 2 2 0 1 158 2848 1181
2926 2 2 0 1 1511 2806 1513
2927 2 2 0 1 2401 2404 2403
2928 2 2 0 1 2794 2798 2791
2929 2 2 0 1 2847 2849 2848
2930 2 2 0 1 1512 1813 1510
2931 2 2 0 1 133 2951 132
2932 2 2 0 1 815 2765 817
2933 2 2 0 1 1144 2765 815
2934 2 2 0 1 2820 2821 2818
2935 2 2 0 1 2903 3216 2042
2936 2 2 0 1 2818 2822 2817
2937 2 2 0 1 1508 3144 1817
2938 2 2 0 1 1240 2800 1939
2939 2 2 0 1 737 2887 739
2940 2 2 0 1 3132 3168 3047
2941 2 2 0 1 461 2802 2801
2942 2 2 0 1 162 2842 161
2943 2 2 0 1 1558 1559 1556
2944 2 2 0 1 2796 2876 1448
2945 2 2 0 1 1248 2831 77
2946 2 2 0 1 3010 3011 2026
2947 2 2 0 1 861 2873 2872
2948 2 2 0 1 2848 2849 1181
2949 2 2 0 1 2821 2822 2818
2950 2 2 0 1 1558 2764 1560
2951 2 2 0 1 1179 2888 2887
2952 2 2 0 1 1519 1524 1521
2953 2 2 0 1 468 2815 240
2954 2 2 0 1 657 659 658
2955 2 2 0 1 1834 3011 3010
2956 2 2 0 1 985 986 984
2957 2 2 0 1 159 2848 158
2958 2 2 0 1 861 2872 2871
2959 2 2 0 1 1399 3158 2884
2960 2 2 0 1 2772 3179 2774
2961 2 2 0 1 75 2885 74
2962 2 2 0 1 911 2588 951
2963 2 2 0 1 892 2818 2817
2964 2 2 0 1 816 2805 814
2965 2 2 0 1 2855 2858 1195
2966 2 2 0 1 2843 2845 2844
2967 2 2 0 1 3123 3150 3051
2968 2 2 0 1 2815 3129 239
2969 2 2 0 1 817 2765 860
2970 2 2 0 1 2135 2137 2136
2971 2 2 0 1 2755 2787 631
2972 2 2 0 1 461 2831 2802
2973 2 2 0 1 1525 2806 1511
2974 2 2 0 1 1164 2788 634
2975 2 2 0 1 76 2831 461
2976 2 2 0 1 2843 2844 465
2977 2 2 0 1 1939 2073 1940
2978 2 2 0 1 1555 1814 1557
2979 2 2 0 1 749 750 748
2980 2 2 0 1 815 816 814
2981 2 2 0 1 1687 3212 3204
2982 2 2 0 1 2561 2563 2559
2983 2 2 0 1 987 988 986
2984 2 2 0 1 861 2871 741
2985 2 2 0 1 1144 2767 2766
2986 2 2 0 1 892 2817 747
2987 2 2 0 1 1515 3169 1668
2988 2 2 0 1 644 2824 646
2989 2 2 0 1 981 983 982
2990 2 2 0 1 527 3178 894
2991 2 2 0 1 1334 1335 1332
2992 2 2 0 1 636 657 656
2993 2 2 0 1 1440 1692 1250
2994 2 2 0 1 747 749 748
2995 2 2 0 1 813 815 814
2996 2 2 0 1 636 656 655
2997 2 2 0 1 741 2871 743
2998 2 2 0 1 627 1208 783
2999 2 2 0 1 1509 1510 1508
3000 2 2 0 1 643 2803 644
3001 2 2 0 1 813 1144 815
3002 2 2 0 1 1101 2829 2828
3003 2 2 0 1 2791 2798 2790
3004 2 2 0 1 2789 3132 1186
3005 2 2 0 1 1240 1939 1622
3006 2 2 0 1 2853 2855 1195
3007 2 2 0 1 2814 2815 468
3008 2 2 0 1 628 2787 627
3009 2 2 0 1 1905 2800 1240
3010 2 2 0 1 1254 1555 1554
3011 2 2 0 1 983 1443 985
3012 2 2 0 1 2826 3177 2767
3013 2 2 0 1 818 1442 816
3014 2 2 0 1 2827 2892 2859
3015 2 2 0 1 2801 2885 461
3016 2 2 0 1 2816 3163 2907
3017 2 2 0 1 983 984 982
3018 2 2 0 1 2907 3163 2890
3019 2 2 0 1 160 2846 159
3020 2 2 0 1 1926 1928 1927
3021 2 2 0 1 739 2887 861
3022 2 2 0 1 1179 2887 737
3023 2 2 0 1 640 2830 1214
3024 2 2 0 1 1405 3146 2920
3025 2 2 0 1 293 2954 292
3026 2 2 0 1 809 2826 811
3027 2 2 0 1 862 2826 809
3028 2 2 0 1 2807 2808 2806
3029 2 2 0 1 223 2834 477
3030 2 2 0 1 64 3091 63
3031 2 2 0 1 1191 3091 64
3032 2 2 0 1 1559 3173 1556
3033 2 2 0 1 1558 1560 1559
3034 2 2 0 1 2948 3131 637
3035 2 2 0 1 2904 2905 481
3036 2 2 0 1 1247 1588 1245
3037 2 2 0 1 2792 2876 2796
3038 2 2 0 1 2846 2848 159
3039 2 2 0 1 2918 2920 1820
3040 2 2 0 1 226 2835 1386
3041 2 2 0 1 744 1374 742
3042 2 2 0 1 981 2790 983
3043 2 2 0 1 2110 2111 1669
3044 2 2 0 1 2817 3180 749
3045 2 2 0 1 2790 2798 1443
3046 2 2 0 1 2819 2820 2818
3047 2 2 0 1 74 2885 1405
3048 2 2 0 1 461 2885 75
3049 2 2 0 1 1704 3173 1559
3050 2 2 0 1 1210 3121 1174
3051 2 2 0 1 1231 2791 2790
3052 2 2 0 1 1987 2110 1669
3053 2 2 0 1 1509 1511 1510
3054 2 2 0 1 2394 2397 2396
3055 2 2 0 1 1396 3121 1210
3056 2 2 0 1 983 2790 1443
3057 2 2 0 1 1208 1253 783
3058 2 2 0 1 1939 1940 1622
3059 2 2 0 1 1071 2862 2093
3060 2 2 0 1 1386 2833 225
3061 2 2 0 1 323 2916 322
3062 2 2 0 1 1166 1815 1164
3063 2 2 0 1 2873 2874 2872
3064 2 2 0 1 2163 3131 2948
3065 2 2 0 1 1163 3128 984
3066 2 2 0 1 1208 1254 1253
3067 2 2 0 1 1507 1508 1506
3068 2 2 0 1 1195 2866 243
3069 2 2 0 1 1178 1247 1245
3070 2 2 0 1 1285 1669 643
3071 2 2 0 1 1231 2790 981
3072 2 2 0 1 3172 3184 2724
3073 2 2 0 1 2920 3146 1820
3074 2 2 0 1 1254 2785 1555
3075 2 2 0 1 1507 1509 1508
3076 2 2 0 1 226 1386 225
3077 2 2 0 1 460 2945 2944
3078 2 2 0 1 1822 2892 2875
3079 2 2 0 1 743 2871 2869
3080 2 2 0 1 1545 3150 3123
3081 2 2 0 1 1478 1658 1128
3082 2 2 0 1 862 2827 2826
3083 2 2 0 1 2789 3168 3132
3084 2 2 0 1 2739 2740 2737
3085 2 2 0 1 1074 1691 1422
3086 2 2 0 1 82 3198 81
3087 2 2 0 1 987 3172 1230
3088 2 2 0 1 1231 2876 2792
3089 2 2 0 1 1705 2836 1078
3090 2 2 0 1 647 1864 645
3091 2 2 0 1 979 981 980
3092 2 2 0 1 1178 1245 1066
3093 2 2 0 1 85 2768 84
3094 2 2 0 1 814 2805 833
3095 2 2 0 1 981 982 980
3096 2 2 0 1 78 1248 77
3097 2 2 0 1 1285 1987 1669
3098 2 2 0 1 984 3128 982
3099 2 2 0 1 143 2865 474
3100 2 2 0 1 2885 3146 1405
3101 2 2 0 1 1554 1816 1553
3102 2 2 0 1 633 1165 1164
3103 2 2 0 1 2875 2892 2827
3104 2 2 0 1 1443 3172 985
3105 2 2 0 1 2750 3144 1813
3106 2 2 0 1 633 3133 1165
3107 2 2 0 1 2757 3171 653
3108 2 2 0 1 2833 2834 224
3109 2 2 0 1 1018 1905 1240
3110 2 2 0 1 998 2862 1071
3111 2 2 0 1 633 1164 634
3112 2 2 0 1 2849 2850 1181
3113 2 2 0 1 1855 3133 3050
3114 2 2 0 1 1588 1728 1634
3115 2 2 0 1 2073 2074 1940
3116 2 2 0 1 637 2863 638
3117 2 2 0 1 1093 1094 1092
3118 2 2 0 1 642 2830 640
3119 2 2 0 1 640 1214 639
3120 2 2 0 1 2859 2892 1504
3121 2 2 0 1 2093 2860 1675
3122 2 2 0 1 637 3131 2863
3123 2 2 0 1 164 1194 163
3124 2 2 0 1 244 1195 243
3125 2 2 0 1 225 2833 224
3126 2 2 0 1 2893 3142 2969
3127 2 2 0 1 1193 2864 145
3128 2 2 0 1 743 2869 745
3129 2 2 0 1 1508 1817 1506
3130 2 2 0 1 1214 1546 639
3131 2 2 0 1 1300 1400 1301
3132 2 2 0 1 2059 3115 3114
3133 2 2 0 1 584 2868 854
3134 2 2 0 1 1671 1672 1247
3135 2 2 0 1 2798 3184 1443
3136 2 2 0 1 773 3297 766
3137 2 2 0 1 2814 2816 2815
3138 2 2 0 1 466 2838 165
3139 2 2 0 1 469 2853 245
3140 2 2 0 1 1864 2830 645
3141 2 2 0 1 1165 3133 1855
3142 2 2 0 1 301 1359 300
3143 2 2 0 1 1165 1166 1164
3144 2 2 0 1 1505 1506 1504
3145 2 2 0 1 1071 2093 1675
3146 2 2 0 1 2111 2804 2803
3147 2 2 0 1 146 1193 145
3148 2 2 0 1 979 1231 981
3149 2 2 0 1 1572 1926 1925
3150 2 2 0 1 861 2887 2873
3151 2 2 0 1 2867 2868 586
3152 2 2 0 1 1820 3137 2918
3153 2 2 0 1 224 2834 223
3154 2 2 0 1 227 2835 226
3155 2 2 0 1 478 2835 227
3156 2 2 0 1 164 2838 1194
3157 2 2 0 1 244 2853 1195
3158 2 2 0 1 2099 3158 1959
3159 2 2 0 1 2880 2882 1705
3160 2 2 0 1 1572 2832 1926
3161 2 2 0 1 3232 3233 1189
3162 2 2 0 1 1452 3165 1857
3163 2 2 0 1 601 2867 586
3164 2 2 0 1 1578 2877 1583
3165 2 2 0 1 2844 2847 2846
3166 2 2 0 1 2875 3142 2893
3167 2 2 0 1 1583 2878 1067
3168 2 2 0 1 3051 3150 3050
3169 2 2 0 1 2860 2861 2040
3170 2 2 0 1 3163 3170 1526
3171 2 2 0 1 1078 2836 1010
3172 2 2 0 1 1669 2803 643
3173 2 2 0 1 2923 3141 3139
3174 2 2 0 1 638 2863 641
3175 2 2 0 1 2961 2962 478
3176 2 2 0 1 1503 1504 1502
3177 2 2 0 1 2864 2865 144
3178 2 2 0 1 1178 3137 1671
3179 2 2 0 1 1505 1507 1506
3180 2 2 0 1 1449 2880 1705
3181 2 2 0 1 3011 3136 2026
3182 2 2 0 1 1448 2876 977
3183 2 2 0 1 1588 1634 1245
3184 2 2 0 1 1503 1505 1504
3185 2 2 0 1 239 3129 238
3186 2 2 0 1 1675 2860 2040
3187 2 2 0 1 145 2864 144
3188 2 2 0 1 586 2868 584
3189 2 2 0 1 1671 3137 1820
3190 2 2 0 1 2812 3148 3147
3191 2 2 0 1 1578 1583 1067
3192 2 2 0 1 978 2883 1367
3193 2 2 0 1 621 2900 943
3194 2 2 0 1 1018 2836 1905
3195 2 2 0 1 144 2865 143
3196 2 2 0 1 1449 1705 1078
3197 2 2 0 1 2899 2900 623
3198 2 2 0 1 1503 2889 1526
3199 2 2 0 1 1194 2841 163
3200 2 2 0 1 653 3171 675
3201 2 2 0 1 2875 2893 1822
3202 2 2 0 1 774 1252 1251
3203 2 2 0 1 3049 3050 629
3204 2 2 0 1 623 2900 621
3205 2 2 0 1 1182 2907 2906
3206 2 2 0 1 625 2899 623
3207 2 2 0 1 788 3161 3160
3208 2 2 0 1 3015 3016 1189
3209 2 2 0 1 641 1285 643
3210 2 2 0 1 1178 1671 1247
3211 2 2 0 1 1988 2159 1987
3212 2 2 0 1 1504 2892 1502
3213 2 2 0 1 1719 2877 1578
3214 2 2 0 1 631 2787 628
3215 2 2 0 1 73 2921 72
3216 2 2 0 1 1252 2081 1251
3217 2 2 0 1 788 3053 3052
3218 2 2 0 1 1405 2921 73
3219 2 2 0 1 1067 2878 958
3220 2 2 0 1 958 2878 998
3221 2 2 0 1 1501 2889 1503
3222 2 2 0 1 2801 2802 1819
3223 2 2 0 1 1501 1503 1502
3224 2 2 0 1 1501 1502 1500
3225 2 2 0 1 2906 3117 1182
3226 2 2 0 1 2887 2888 2873
3227 2 2 0 1 2920 2921 1405
3228 2 2 0 1 1533 2936 2935
3229 2 2 0 1 788 3052 622
3230 2 2 0 1 1254 1554 1553
3231 2 2 0 1 2908 2913 467
3232 2 2 0 1 2927 2929 2928
3233 2 2 0 1 3049 3051 3050
3234 2 2 0 1 1739 2880 1449
3235 2 2 0 1 1673 2918 2917
3236 2 2 0 1 1622 3114 1239
3237 2 2 0 1 1866 3154 1415
3238 2 2 0 1 810 2902 1444
3239 2 2 0 1 1739 2881 2880
3240 2 2 0 1 465 2846 160
3241 2 2 0 1 636 2788 657
3242 2 2 0 1 151 2936 453
3243 2 2 0 1 2908 3117 2906
3244 2 2 0 1 165 2838 164
3245 2 2 0 1 245 2853 244
3246 2 2 0 1 2922 3116 2919
3247 2 2 0 1 1018 1240 1239
3248 2 2 0 1 1240 1622 1239
3249 2 2 0 1 3050 3133 629
3250 2 2 0 1 2926 2927 1180
3251 2 2 0 1 2909 2913 2908
3252 2 2 0 1 1503 1526 1505
3253 2 2 0 1 2927 2928 1180
3254 2 2 0 1 622 3052 624
3255 2 2 0 1 2869 2870 2819
3256 2 2 0 1 2921 3116 72
3257 2 2 0 1 1544 2914 1363
3258 2 2 0 1 2919 3116 2921
3259 2 2 0 1 810 1444 808
3260 2 2 0 1 1673 2919 2918
3261 2 2 0 1 600 2948 637
3262 2 2 0 1 855 2948 600
3263 2 2 0 1 1230 3172 2724
3264 2 2 0 1 806 2901 837
3265 2 2 0 1 2929 2930 2928
3266 2 2 0 1 319 1185 318
3267 2 2 0 1 862 2875 2827
3268 2 2 0 1 1818 1819 1672
3269 2 2 0 1 1444 2901 808
3270 2 2 0 1 317 2904 481
3271 2 2 0 1 2898 2910 2028
3272 2 2 0 1 451 2922 489
3273 2 2 0 1 152 2936 151
3274 2 2 0 1 453 2936 1533
3275 2 2 0 1 1502 2892 1822
3276 2 2 0 1 1452 1857 1711
3277 2 2 0 1 1620 2910 1540
3278 2 2 0 1 1677 2889 1501
3279 2 2 0 1 1185 2904 318
3280 2 2 0 1 1851 2913 2909
3281 2 2 0 1 634 2788 636
3282 2 2 0 1 2909 2914 1851
3283 2 2 0 1 2088 3122 1718
3284 2 2 0 1 1257 3120 1454
3285 2 2 0 1 1502 1822 1500
3286 2 2 0 1 1363 2914 1364
3287 2 2 0 1 1851 2914 1544
3288 2 2 0 1 812 2902 810
3289 2 2 0 1 833 2902 812
3290 2 2 0 1 2928 3119 1180
3291 2 2 0 1 2480 3125 2492
3292 2 2 0 1 2919 2920 2918
3293 2 2 0 1 2906 2907 2890
3294 2 2 0 1 626 3049 629
3295 2 2 0 1 624 3049 626
3296 2 2 0 1 1214 2903 1546
3297 2 2 0 1 467 3117 2908
3298 2 2 0 1 489 2922 873
3299 2 2 0 1 1540 2910 1450
3300 2 2 0 1 2028 2910 1620
3301 2 2 0 1 1364 3118 1366
3302 2 2 0 1 2087 2088 1718
3303 2 2 0 1 451 3116 2922
3304 2 2 0 1 2098 2099 1959
3305 2 2 0 1 500 3042 506
3306 2 2 0 1 506 3042 559
3307 2 2 0 1 808 2901 806
3308 2 2 0 1 318 2904 317
3309 2 2 0 1 1677 2890 2889
3310 2 2 0 1 1534 2980 2979
3311 2 2 0 1 1239 3114 1534
3312 2 2 0 1 534 2982 490
3313 2 2 0 1 490 2982 452
3314 2 2 0 1 1834 3010 3009
3315 2 2 0 1 3009 3010 1186
3316 2 2 0 1 2980 2981 2979
3317 2 2 0 1 1835 2982 534
3318 2 2 0 1 2981 2982 1835
3319 2 2 0 1 3139 3141 2893
3320 2 2 0 1 2914 3118 1364
3321 2 2 0 1 2035 3069 2946
3322 2 2 0 1 797 2924 798
3323 2 2 0 1 802 2969 805
3324 2 2 0 1 2943 2970 2033
3325 2 2 0 1 798 2924 801
3326 2 2 0 1 2911 2925 799
3327 2 2 0 1 803 2912 800
3328 2 2 0 1 1175 2924 797
3329 2 2 0 1 3027 3088 3081
3330 2 2 0 1 3106 3111 1854
3331 2 2 0 1 799 2912 2911
3332 2 2 0 1 3069 3110 1184
3333 2 2 0 1 2035 2946 2913
3334 2 2 0 1 800 2912 799
3335 2 2 0 1 803 2943 2912
3336 2 2 0 1 803 2970 2943
3337 2 2 0 1 956 2917 1065
3338 2 2 0 1 2923 2924 1175
3339 2 2 0 1 900 2917 956
3340 2 2 0 1 2035 3110 3069
3341 2 2 0 1 973 2937 975
3342 2 2 0 1 1177 2923 1175
3343 2 2 0 1 975 2937 1448
3344 2 2 0 1 801 2969 802
3345 2 2 0 1 326 3102 325
3346 2 2 0 1 1854 3111 1853
3347 2 2 0 1 1184 2984 2938
3348 2 2 0 1 460 2944 66
3349 2 2 0 1 2938 2957 484
3350 2 2 0 1 607 2941 569
3351 2 2 0 1 2985 3066 1843
3352 2 2 0 1 2941 3008 569
3353 2 2 0 1 155 2926 154
3354 2 2 0 1 3027 3081 3026
3355 2 2 0 1 464 2926 155
3356 2 2 0 1 898 2963 856
3357 2 2 0 1 1365 2923 1177
3358 2 2 0 1 2946 3069 234
3359 2 2 0 1 2925 2971 794
3360 2 2 0 1 1679 3066 2985
3361 2 2 0 1 939 2941 607
3362 2 2 0 1 976 3086 974
3363 2 2 0 1 2036 3093 2978
3364 2 2 0 1 2911 3101 2925
3365 2 2 0 1 66 2944 65
3366 2 2 0 1 315 1183 314
3367 2 2 0 1 317 481 316
3368 2 2 0 1 2925 3101 2971
3369 2 2 0 1 1234 2937 973
3370 2 2 0 1 3093 3097 1837
3371 2 2 0 1 1840 3076 3022
3372 2 2 0 1 2029 2943 2030
3373 2 2 0 1 231 2938 484
3374 2 2 0 1 313 2942 493
3375 2 2 0 1 325 3102 1197
3376 2 2 0 1 3046 3048 721
3377 2 2 0 1 1017 2963 898
3378 2 2 0 1 1738 3041 1427
3379 2 2 0 1 2938 2984 2957
3380 2 2 0 1 509 2996 1837
3381 2 2 0 1 513 3009 517
3382 2 2 0 1 802 805 804
3383 2 2 0 1 805 807 806
3384 2 2 0 1 2978 3093 1201
3385 2 2 0 1 232 2938 231
3386 2 2 0 1 499 3009 513
3387 2 2 0 1 973 975 974
3388 2 2 0 1 594 3026 718
3389 2 2 0 1 1678 3026 594
3390 2 2 0 1 796 2925 794
3391 2 2 0 1 2960 3012 528
3392 2 2 0 1 2979 3055 2963
3393 2 2 0 1 595 2977 1201
3394 2 2 0 1 794 2971 792
3395 2 2 0 1 2036 3092 1542
3396 2 2 0 1 2939 3041 1738
3397 2 2 0 1 1835 3055 2979
3398 2 2 0 1 1836 3043 3037
3399 2 2 0 1 2036 3097 3093
3400 2 2 0 1 2037 3048 3046
3401 2 2 0 1 2039 3022 1674
3402 2 2 0 1 814 833 812
3403 2 2 0 1 1941 3041 2939
3404 2 2 0 1 3087 3098 3071
3405 2 2 0 1 1445 2990 1008
3406 2 2 0 1 1018 1239 1017
3407 2 2 0 1 2977 2978 1201
3408 2 2 0 1 1539 3060 2037
3409 2 2 0 1 2031 2964 1824
3410 2 2 0 1 1183 2942 314
3411 2 2 0 1 516 3072 568
3412 2 2 0 1 542 3078 1207
3413 2 2 0 1 561 2958 1838
3414 2 2 0 1 799 2925 796
3415 2 2 0 1 1408 3021 876
3416 2 2 0 1 1008 2989 950
3417 2 2 0 1 1008 2990 2989
3418 2 2 0 1 65 2944 1191
3419 2 2 0 1 2913 2946 467
3420 2 2 0 1 1834 3009 499
3421 2 2 0 1 543 3076 1840
3422 2 2 0 1 564 3075 705
3423 2 2 0 1 606 2987 1205
3424 2 2 0 1 718 793 792
3425 2 2 0 1 876 3021 874
3426 2 2 0 1 960 2956 1000
3427 2 2 0 1 977 978 976
3428 2 2 0 1 2987 2988 1205
3429 2 2 0 1 1406 3054 2995
3430 2 2 0 1 1528 2972 2965
3431 2 2 0 1 1678 3027 3026
3432 2 2 0 1 1734 3033 2119
3433 2 2 0 1 719 787 707
3434 2 2 0 1 1528 2965 709
3435 2 2 0 1 809 810 808
3436 2 2 0 1 2963 3055 856
3437 2 2 0 1 1402 2998 1688
3438 2 2 0 1 1761 2967 2149
3439 2 2 0 1 314 2942 313
3440 2 2 0 1 541 3063 505
3441 2 2 0 1 562 3024 1678
3442 2 2 0 1 2976 2977 604
3443 2 2 0 1 720 729 728
3444 2 2 0 1 927 1232 1224
3445 2 2 0 1 1527 2941 939
3446 2 2 0 1 956 1063 1062
3447 2 2 0 1 1569 3033 1734
3448 2 2 0 1 509 1837 511
3449 2 2 0 1 512 3008 1825
3450 2 2 0 1 564 705 591
3451 2 2 0 1 707 2976 604
3452 2 2 0 1 618 619 617
3453 2 2 0 1 774 1251 731
3454 2 2 0 1 1062 1064 955
3455 2 2 0 1 998 1071 997
3456 2 2 0 1 1009 1079 1078
3457 2 2 0 1 1176 1177 1175
3458 2 2 0 1 1408 3019 3005
3459 2 2 0 1 1543 3077 3044
3460 2 2 0 1 3004 3033 1569
3461 2 2 0 1 1680 1854 1853
3462 2 2 0 1 1743 2138 1742
3463 2 2 0 1 2029 2030 1824
3464 2 2 0 1 1826 3003 3002
3465 2 2 0 1 3005 3019 1829
3466 2 2 0 1 1844 2968 1843
3467 2 2 0 1 551 2975 566
3468 2 2 0 1 718 791 717
3469 2 2 0 1 793 794 792
3470 2 2 0 1 927 2971 1529
3471 2 2 0 1 2995 3080 1406
3472 2 2 0 1 2030 2943 2033
3473 2 2 0 1 2033 2034 2032
3474 2 2 0 1 3090 3098 3020
3475 2 2 0 1 499 512 498
3476 2 2 0 1 542 544 543
3477 2 2 0 1 593 2958 561
3478 2 2 0 1 602 2993 570
3479 2 2 0 1 856 3055 592
3480 2 2 0 1 638 639 601
3481 2 2 0 1 708 719 707
3482 2 2 0 1 725 3017 1536
3483 2 2 0 1 730 731 728
3484 2 2 0 1 741 743 742
3485 2 2 0 1 789 2966 941
3486 2 2 0 1 807 808 806
3487 2 2 0 1 895 949 893
3488 2 2 0 1 903 3002 925
3489 2 2 0 1 940 959 939
3490 2 2 0 1 956 1062 955
3491 2 2 0 1 957 3056 1068
3492 2 2 0 1 1378 3032 1057
3493 2 2 0 1 1393 1737 1427
3494 2 2 0 1 1737 1738 1427
3495 2 2 0 1 1848 2036 1542
3496 2 2 0 1 1824 2964 1582
3497 2 2 0 1 1742 2999 2145
3498 2 2 0 1 2978 3092 2036
3499 2 2 0 1 524 525 522
3500 2 2 0 1 927 1224 791
3501 2 2 0 1 798 800 799
3502 2 2 0 1 1920 2986 1830
3503 2 2 0 1 3044 3077 1842
3504 2 2 0 1 312 2947 311
3505 2 2 0 1 504 505 497
3506 2 2 0 1 503 3075 564
3507 2 2 0 1 568 569 515
3508 2 2 0 1 524 2991 526
3509 2 2 0 1 526 2992 531
3510 2 2 0 1 565 1835 534
3511 2 2 0 1 539 3023 560
3512 2 2 0 1 592 3055 565
3513 2 2 0 1 579 580 573
3514 2 2 0 1 591 2994 608
3515 2 2 0 1 604 2977 595
3516 2 2 0 1 722 2959 2958
3517 2 2 0 1 1831 2993 723
3518 2 2 0 1 735 1179 737
3519 2 2 0 1 739 741 740
3520 2 2 0 1 802 803 800
3521 2 2 0 1 809 811 810
3522 2 2 0 1 890 999 891
3523 2 2 0 1 942 3002 903
3524 2 2 0 1 940 2956 960
3525 2 2 0 1 962 969 963
3526 2 2 0 1 969 1234 973
3527 2 2 0 1 977 979 978
3528 2 2 0 1 1238 3004 1569
3529 2 2 0 1 1635 1892 1278
3530 2 2 0 1 1366 1677 1501
3531 2 2 0 1 1570 2998 1402
3532 2 2 0 1 1427 3041 1428
3533 2 2 0 1 1569 1734 1570
3534 2 2 0 1 1734 1948 1761
3535 2 2 0 1 1743 2139 2138
3536 2 2 0 1 2912 2943 2029
3537 2 2 0 1 2030 2033 2032
3538 2 2 0 1 2124 2940 2939
3539 2 2 0 1 3020 3037 3021
3540 2 2 0 1 3037 3043 3021
3541 2 2 0 1 500 501 492
3542 2 2 0 1 512 1825 498
3543 2 2 0 1 506 507 501
3544 2 2 0 1 511 528 527
3545 2 2 0 1 511 2960 528
3546 2 2 0 1 528 546 545
3547 2 2 0 1 531 2992 790
3548 2 2 0 1 556 557 551
3549 2 2 0 1 556 3012 1202
3550 2 2 0 1 566 2975 1950
3551 2 2 0 1 636 655 635
3552 2 2 0 1 646 647 645
3553 2 2 0 1 718 792 791
3554 2 2 0 1 901 902 781
3555 2 2 0 1 792 2971 927
3556 2 2 0 1 793 795 794
3557 2 2 0 1 802 804 803
3558 2 2 0 1 805 806 804
3559 2 2 0 1 897 898 856
3560 2 2 0 1 957 958 902
3561 2 2 0 1 927 1529 1232
3562 2 2 0 1 1019 1368 1020
3563 2 2 0 1 1056 1424 1206
3564 2 2 0 1 1057 3032 1528
3565 2 2 0 1 1062 1260 1064
3566 2 2 0 1 1071 1675 1674
3567 2 2 0 1 1829 3019 1206
3568 2 2 0 1 1266 1842 1716
3569 2 2 0 1 1406 3063 3054
3570 2 2 0 1 1407 1680 1544
3571 2 2 0 1 1615 1616 1429
3572 2 2 0 1 1571 1581 1530
3573 2 2 0 1 1579 1720 1719
3574 2 2 0 1 1582 2964 1909
3575 2 2 0 1 1617 1740 1615
3576 2 2 0 1 2027 2028 1620
3577 2 2 0 1 1680 1853 1850
3578 2 2 0 1 1949 2967 1761
3579 2 2 0 1 1830 1849 1829
3580 2 2 0 1 1917 1920 1830
3581 2 2 0 1 2989 2990 1832
3582 2 2 0 1 3031 3061 1839
3583 2 2 0 1 3022 3054 1840
3584 2 2 0 1 2037 3060 3048
3585 2 2 0 1 3022 3076 2983
3586 2 2 0 1 3018 3061 3031
3587 2 2 0 1 3074 3104 3075
3588 2 2 0 1 499 513 512
3589 2 2 0 1 873 899 502
3590 2 2 0 1 513 516 515
3591 2 2 0 1 569 3008 515
3592 2 2 0 1 524 526 525
3593 2 2 0 1 539 560 549
3594 2 2 0 1 542 543 541
3595 2 2 0 1 546 551 550
3596 2 2 0 1 548 558 547
3597 2 2 0 1 568 2987 606
3598 2 2 0 1 578 3013 896
3599 2 2 0 1 705 2994 591
3600 2 2 0 1 606 1205 890
3601 2 2 0 1 634 635 632
3602 2 2 0 1 787 2976 707
3603 2 2 0 1 714 789 724
3604 2 2 0 1 797 798 796
3605 2 2 0 1 811 812 810
3606 2 2 0 1 877 893 876
3607 2 2 0 1 3002 3003 925
3608 2 2 0 1 959 1527 939
3609 2 2 0 1 950 1056 949
3610 2 2 0 1 1529 1530 1232
3611 2 2 0 1 1826 3002 1265
3612 2 2 0 1 1688 1726 1401
3613 2 2 0 1 1425 1702 1701
3614 2 2 0 1 1529 1531 1530
3615 2 2 0 1 1531 3101 1823
3616 2 2 0 1 2149 2998 1570
3617 2 2 0 1 1716 2069 1715
3618 2 2 0 1 2114 2183 1726
3619 2 2 0 1 1917 2270 1920
3620 2 2 0 1 3106 3112 3024
3621 2 2 0 1 228 2961 478
3622 2 2 0 1 311 2947 1599
3623 2 2 0 1 453 1533 491
3624 2 2 0 1 492 1535 454
3625 2 2 0 1 497 1406 485
3626 2 2 0 1 505 3063 497
3627 2 2 0 1 1837 2960 511
3628 2 2 0 1 517 518 516
3629 2 2 0 1 517 3009 1186
3630 2 2 0 1 519 520 518
3631 2 2 0 1 520 1203 518
3632 2 2 0 1 520 3034 1203
3633 2 2 0 1 523 524 522
3634 2 2 0 1 1836 3034 525
3635 2 2 0 1 526 531 530
3636 2 2 0 1 531 533 532
3637 2 2 0 1 790 1612 533
3638 2 2 0 1 542 1207 544
3639 2 2 0 1 558 781 547
3640 2 2 0 1 560 561 549
3641 2 2 0 1 709 2965 558
3642 2 2 0 1 558 901 781
3643 2 2 0 1 566 572 567
3644 2 2 0 1 570 2993 1188
3645 2 2 0 1 572 579 573
3646 2 2 0 1 578 896 875
3647 2 2 0 1 600 601 586
3648 2 2 0 1 723 2993 602
3649 2 2 0 1 891 939 607
3650 2 2 0 1 610 1537 612
3651 2 2 0 1 613 3040 611
3652 2 2 0 1 612 3030 614
3653 2 2 0 1 615 879 613
3654 2 2 0 1 621 943 619
3655 2 2 0 1 620 788 622
3656 2 2 0 1 627 783 625
3657 2 2 0 1 626 629 628
3658 2 2 0 1 630 633 632
3659 2 2 0 1 641 643 642
3660 2 2 0 1 1057 1528 709
3661 2 2 0 1 714 3029 2966
3662 2 2 0 1 745 747 746
3663 2 2 0 1 2983 3076 781
3664 2 2 0 1 795 938 797
3665 2 2 0 1 864 904 863
3666 2 2 0 1 893 1408 876
3667 2 2 0 1 901 957 902
3668 2 2 0 1 905 953 904
3669 2 2 0 1 954 1013 953
3670 2 2 0 1 1064 3035 955
3671 2 2 0 1 957 1067 958
3672 2 2 0 1 1000 2974 962
3673 2 2 0 1 969 2974 1234
3674 2 2 0 1 979 980 978
3675 2 2 0 1 1239 1534 1017
3676 2 2 0 1 1233 1378 1057
3677 2 2 0 1 1068 1578 1067
3678 2 2 0 1 1068 3056 1828
3679 2 2 0 1 1069 1278 1070
3680 2 2 0 1 1075 1446 1445
3681 2 2 0 1 1233 1713 1712
3682 2 2 0 1 1279 1839 1636
3683 2 2 0 1 1366 1500 1365
3684 2 2 0 1 1714 2106 1378
3685 2 2 0 1 1393 1427 1394
3686 2 2 0 1 1426 1830 1829
3687 2 2 0 1 1539 1540 1450
3688 2 2 0 1 1534 2979 2963
3689 2 2 0 1 1579 1719 1578
3690 2 2 0 1 1591 1621 1620
3691 2 2 0 1 1616 1844 1843
3692 2 2 0 1 1617 1741 1740
3693 2 2 0 1 1621 2027 1620
3694 2 2 0 1 1676 1756 1633
3695 2 2 0 1 1676 2038 1847
3696 2 2 0 1 1832 1833 1702
3697 2 2 0 1 1720 1752 1719
3698 2 2 0 1 2145 3067 1740
3699 2 2 0 1 1753 2096 1752
3700 2 2 0 1 3054 3063 1840
3701 2 2 0 1 1842 2151 2060
3702 2 2 0 1 1845 1846 1844
3703 2 2 0 1 2120 2784 2096
3704 2 2 0 1 3029 3058 2966
3705 2 2 0 1 2988 3090 3089
3706 2 2 0 1 489 873 502
3707 2 2 0 1 1612 3013 533
3708 2 2 0 1 551 566 550
3709 2 2 0 1 556 1202 563
3710 2 2 0 1 563 3028 571
3711 2 2 0 1 565 3055 1835
3712 2 2 0 1 1950 3000 572
3713 2 2 0 1 603 713 712
3714 2 2 0 1 603 714 713
3715 2 2 0 1 605 707 604
3716 2 2 0 1 630 632 631
3717 2 2 0 1 712 3017 725
3718 2 2 0 1 720 727 719
3719 2 2 0 1 745 746 744
3720 2 2 0 1 789 941 903
3721 2 2 0 1 801 802 800
3722 2 2 0 1 873 900 899
3723 2 2 0 1 895 966 950
3724 2 2 0 1 3081 3088 938
3725 2 2 0 1 2966 3036 941
3726 2 2 0 1 1075 1445 1008
3727 2 2 0 1 1009 1078 1010
3728 2 2 0 1 1261 1679 1064
3729 2 2 0 1 1679 3035 1064
3730 2 2 0 1 1079 1449 1078
3731 2 2 0 1 1266 1715 1265
3732 2 2 0 1 1569 1570 1402
3733 2 2 0 1 1425 2989 1832
3734 2 2 0 1 1450 1739 1449
3735 2 2 0 1 1539 2037 1584
3736 2 2 0 1 1591 1620 1540
3737 2 2 0 1 1633 1894 1632
3738 2 2 0 1 1676 1847 1756
3739 2 2 0 1 1741 1742 1740
3740 2 2 0 1 1742 2145 1740
3741 2 2 0 1 1823 3101 2911
3742 2 2 0 1 1914 1915 1833
3743 2 2 0 1 2968 2985 1843
3744 2 2 0 1 1894 2217 2216
3745 2 2 0 1 2040 2995 2039
3746 2 2 0 1 2995 3054 2039
3747 2 2 0 1 2039 3054 3022
3748 2 2 0 1 2987 3071 2988
3749 2 2 0 1 3 1661 70
3750 2 2 0 1 71 451 3
3751 2 2 0 1 451 452 3
3752 2 2 0 1 151 453 6
3753 2 2 0 1 453 454 6
3754 2 2 0 1 231 484 9
3755 2 2 0 1 484 485 9
3756 2 2 0 1 12 455 310
3757 2 2 0 1 311 1599 12
3758 2 2 0 1 52 457 51
3759 2 2 0 1 57 458 56
3760 2 2 0 1 62 459 61
3761 2 2 0 1 65 1191 64
3762 2 2 0 1 67 460 66
3763 2 2 0 1 69 1467 68
3764 2 2 0 1 1467 3007 68
3765 2 2 0 1 74 1405 73
3766 2 2 0 1 76 461 75
3767 2 2 0 1 81 462 80
3768 2 2 0 1 86 463 85
3769 2 2 0 1 132 470 131
3770 2 2 0 1 135 597 134
3771 2 2 0 1 138 473 137
3772 2 2 0 1 143 474 142
3773 2 2 0 1 148 475 147
3774 2 2 0 1 150 1199 149
3775 2 2 0 1 154 1180 153
3776 2 2 0 1 156 464 155
3777 2 2 0 1 158 1181 157
3778 2 2 0 1 161 465 160
3779 2 2 0 1 166 466 165
3780 2 2 0 1 212 471 211
3781 2 2 0 1 215 598 214
3782 2 2 0 1 218 476 217
3783 2 2 0 1 223 477 222
3784 2 2 0 1 228 478 227
3785 2 2 0 1 229 2961 228
3786 2 2 0 1 230 1284 229
3787 2 2 0 1 233 1184 232
3788 2 2 0 1 236 467 235
3789 2 2 0 1 238 1182 237
3790 2 2 0 1 241 468 240
3791 2 2 0 1 246 469 245
3792 2 2 0 1 292 472 291
3793 2 2 0 1 295 599 294
3794 2 2 0 1 298 479 297
3795 2 2 0 1 303 480 302
3796 2 2 0 1 305 1187 304
3797 2 2 0 1 307 494 306
3798 2 2 0 1 309 1196 308
3799 2 2 0 1 313 493 312
3800 2 2 0 1 322 482 321
3801 2 2 0 1 325 1197 324
3802 2 2 0 1 327 483 326
3803 2 2 0 1 451 489 452
3804 2 2 0 1 489 490 452
3805 2 2 0 1 453 491 454
3806 2 2 0 1 491 492 454
3807 2 2 0 1 456 498 455
3808 2 2 0 1 484 496 485
3809 2 2 0 1 496 497 485
3810 2 2 0 1 1406 3080 485
3811 2 2 0 1 489 502 490
3812 2 2 0 1 502 503 490
3813 2 2 0 1 497 3063 1406
3814 2 2 0 1 507 508 501
3815 2 2 0 1 503 564 534
3816 2 2 0 1 511 527 510
3817 2 2 0 1 517 519 518
3818 2 2 0 1 517 1186 519
3819 2 2 0 1 521 523 522
3820 2 2 0 1 525 3034 522
3821 2 2 0 1 523 529 524
3822 2 2 0 1 523 610 529
3823 2 2 0 1 531 790 533
3824 2 2 0 1 539 549 540
3825 2 2 0 1 543 1840 541
3826 2 2 0 1 546 550 545
3827 2 2 0 1 548 710 709
3828 2 2 0 1 566 567 550
3829 2 2 0 1 557 2975 551
3830 2 2 0 1 558 2965 901
3831 2 2 0 1 563 571 570
3832 2 2 0 1 1202 3028 563
3833 2 2 0 1 566 1950 572
3834 2 2 0 1 572 573 567
3835 2 2 0 1 571 602 570
3836 2 2 0 1 582 3015 580
3837 2 2 0 1 591 608 592
3838 2 2 0 1 609 856 592
3839 2 2 0 1 596 605 604
3840 2 2 0 1 603 712 602
3841 2 2 0 1 608 721 609
3842 2 2 0 1 608 1259 721
3843 2 2 0 1 608 2994 1259
3844 2 2 0 1 614 615 613
3845 2 2 0 1 618 620 619
3846 2 2 0 1 708 720 719
3847 2 2 0 1 710 1233 1057
3848 2 2 0 1 712 725 723
3849 2 2 0 1 2997 3017 713
3850 2 2 0 1 720 728 727
3851 2 2 0 1 948 2997 724
3852 2 2 0 1 725 864 863
3853 2 2 0 1 725 1536 864
3854 2 2 0 1 729 730 728
3855 2 2 0 1 737 738 736
3856 2 2 0 1 789 903 872
3857 2 2 0 1 1536 3018 864
3858 2 2 0 1 895 950 949
3859 2 2 0 1 897 1009 898
3860 2 2 0 1 900 955 899
3861 2 2 0 1 900 956 955
3862 2 2 0 1 1673 2917 900
3863 2 2 0 1 901 3056 957
3864 2 2 0 1 941 3036 1019
3865 2 2 0 1 1265 3002 942
3866 2 2 0 1 1056 1206 949
3867 2 2 0 1 1206 3019 949
3868 2 2 0 1 966 1008 950
3869 2 2 0 1 957 1068 1067
3870 2 2 0 1 963 1362 961
3871 2 2 0 1 1362 3085 961
3872 2 2 0 1 975 1448 977
3873 2 2 0 1 1071 1674 997
3874 2 2 0 1 1065 1066 1063
3875 2 2 0 1 1068 1828 1579
3876 2 2 0 1 1069 1279 1278
3877 2 2 0 1 1070 3004 1238
3878 2 2 0 1 1426 1829 1206
3879 2 2 0 1 1238 1569 1402
3880 2 2 0 1 1266 3044 1842
3881 2 2 0 1 1892 3004 1278
3882 2 2 0 1 1279 1636 1635
3883 2 2 0 1 1712 1714 1378
3884 2 2 0 1 3005 3020 1408
3885 2 2 0 1 3020 3021 1408
3886 2 2 0 1 1425 1832 1702
3887 2 2 0 1 1843 3066 1429
3888 2 2 0 1 1531 1582 1571
3889 2 2 0 1 1541 1827 1543
3890 2 2 0 1 1761 2149 1570
3891 2 2 0 1 1839 2084 1636
3892 2 2 0 1 1675 2039 1674
3893 2 2 0 1 1916 2271 1701
3894 2 2 0 1 1828 3056 2972
3895 2 2 0 1 1839 2085 2084
3896 2 2 0 1 1846 2121 1901
3897 2 2 0 1 2035 2913 1851
3898 2 2 0 1 2072 2180 1949
3899 2 2 0 1 2972 3056 2965
3900 2 2 0 1 506 514 507
3901 2 2 0 1 507 509 508
3902 2 2 0 1 507 2996 509
3903 2 2 0 1 527 894 510
3904 2 2 0 1 559 595 514
3905 2 2 0 1 610 611 529
3906 2 2 0 1 533 578 532
3907 2 2 0 1 546 556 551
3908 2 2 0 1 548 709 558
3909 2 2 0 1 556 563 557
3910 2 2 0 1 560 3024 562
3911 2 2 0 1 562 594 593
3912 2 2 0 1 578 875 874
3913 2 2 0 1 579 779 581
3914 2 2 0 1 594 717 593
3915 2 2 0 1 594 718 717
3916 2 2 0 1 596 604 595
3917 2 2 0 1 596 912 605
3918 2 2 0 1 713 3017 712
3919 2 2 0 1 714 724 713
3920 2 2 0 1 724 2997 713
3921 2 2 0 1 789 872 724
3922 2 2 0 1 741 742 740
3923 2 2 0 1 743 745 744
3924 2 2 0 1 902 2983 781
3925 2 2 0 1 792 927 791
3926 2 2 0 1 795 797 796
3927 2 2 0 1 798 799 796
3928 2 2 0 1 806 837 804
3929 2 2 0 1 807 862 809
3930 2 2 0 1 813 814 812
3931 2 2 0 1 949 3019 893
3932 2 2 0 1 941 942 903
3933 2 2 0 1 938 1176 1175
3934 2 2 0 1 1019 1020 942
3935 2 2 0 1 948 3068 2997
3936 2 2 0 1 967 968 954
3937 2 2 0 1 967 1069 968
3938 2 2 0 1 1070 1237 968
3939 2 2 0 1 1010 1018 1017
3940 2 2 0 1 1075 1447 1446
3941 2 2 0 1 1079 1539 1450
3942 2 2 0 1 1176 1407 1363
3943 2 2 0 1 1238 1401 1237
3944 2 2 0 1 1428 1429 1394
3945 2 2 0 1 1402 1688 1401
3946 2 2 0 1 1632 3006 1446
3947 2 2 0 1 1536 3061 3018
3948 2 2 0 1 1538 1542 1541
3949 2 2 0 1 1841 1848 1542
3950 2 2 0 1 1616 1845 1844
3951 2 2 0 1 1636 1936 1635
3952 2 2 0 1 1676 3025 2038
3953 2 2 0 1 1702 1916 1701
3954 2 2 0 1 1714 2167 2106
3955 2 2 0 1 1737 2123 2122
3956 2 2 0 1 2030 2031 1824
3957 2 2 0 1 1830 2986 1849
3958 2 2 0 1 1832 1913 1833
3959 2 2 0 1 1892 3033 3004
3960 2 2 0 1 1894 2216 1910
3961 2 2 0 1 2085 2086 2084
3962 2 2 0 1 516 568 515
3963 2 2 0 1 530 1836 525
3964 2 2 0 1 620 621 619
3965 2 2 0 1 624 625 623
3966 2 2 0 1 714 2966 789
3967 2 2 0 1 872 948 724
3968 2 2 0 1 735 736 734
3969 2 2 0 1 737 739 738
3970 2 2 0 1 743 744 742
3971 2 2 0 1 3000 3001 779
3972 2 2 0 1 795 796 794
3973 2 2 0 1 864 905 904
3974 2 2 0 1 875 877 876
3975 2 2 0 1 877 895 893
3976 2 2 0 1 958 997 902
3977 2 2 0 1 953 964 904
3978 2 2 0 1 905 967 954
3979 2 2 0 1 966 1075 1008
3980 2 2 0 1 1069 1070 968
3981 2 2 0 1 1068 1579 1578
3982 2 2 0 1 1070 1238 1237
3983 2 2 0 1 1424 1426 1206
3984 2 2 0 1 1260 1393 1261
3985 2 2 0 1 1266 1716 1715
3986 2 2 0 1 1428 1617 1615
3987 2 2 0 1 1447 3025 1676
3988 2 2 0 1 1539 1584 1540
3989 2 2 0 1 1621 2079 2027
3990 2 2 0 1 1910 3006 1632
3991 2 2 0 1 1720 1753 1752
3992 2 2 0 1 1960 2114 1726
3993 2 2 0 1 1741 1743 1742
3994 2 2 0 1 2138 2999 1742
3995 2 2 0 1 3057 3083 1848
3996 2 2 0 1 1914 2269 2070
3997 2 2 0 1 2997 3062 3017
3998 2 2 0 1 531 532 530
3999 2 2 0 1 562 593 561
4000 2 2 0 1 562 1678 594
4001 2 2 0 1 572 3000 579
4002 2 2 0 1 580 1189 573
4003 2 2 0 1 581 582 580
4004 2 2 0 1 603 3029 714
4005 2 2 0 1 620 622 621
4006 2 2 0 1 633 634 632
4007 2 2 0 1 643 644 642
4008 2 2 0 1 863 1831 723
4009 2 2 0 1 738 767 736
4010 2 2 0 1 893 3019 1408
4011 2 2 0 1 1020 1265 942
4012 2 2 0 1 3018 3031 967
4013 2 2 0 1 978 1367 976
4014 2 2 0 1 1233 1712 1378
4015 2 2 0 1 1393 1394 1261
4016 2 2 0 1 1279 3031 1839
4017 2 2 0 1 1427 1428 1394
4018 2 2 0 1 1428 1615 1429
4019 2 2 0 1 1447 1633 1632
4020 2 2 0 1 1531 1571 1530
4021 2 2 0 1 1734 1761 1570
4022 2 2 0 1 1894 1910 1632
4023 2 2 0 1 1713 2071 1712
4024 2 2 0 1 1734 2119 1948
4025 2 2 0 1 2096 2152 1752
4026 2 2 0 1 1850 2035 1851
4027 2 2 0 1 1853 3110 1850
4028 2 2 0 1 518 3072 516
4029 2 2 0 1 1532 2991 529
4030 2 2 0 1 578 874 532
4031 2 2 0 1 533 3013 578
4032 2 2 0 1 544 548 547
4033 2 2 0 1 561 1838 549
4034 2 2 0 1 570 1188 557
4035 2 2 0 1 1188 2975 557
4036 2 2 0 1 571 603 602
4037 2 2 0 1 571 3029 603
4038 2 2 0 1 722 2958 593
4039 2 2 0 1 712 723 602
4040 2 2 0 1 610 612 611
4041 2 2 0 1 638 640 639
4042 2 2 0 1 725 863 723
4043 2 2 0 1 747 748 746
4044 2 2 0 1 864 3018 905
4045 2 2 0 1 875 876 874
4046 2 2 0 1 955 3035 899
4047 2 2 0 1 905 954 953
4048 2 2 0 1 905 3018 967
4049 2 2 0 1 941 1019 942
4050 2 2 0 1 950 2989 1056
4051 2 2 0 1 960 961 959
4052 2 2 0 1 962 963 961
4053 2 2 0 1 969 970 963
4054 2 2 0 1 963 3065 1362
4055 2 2 0 1 967 3031 1069
4056 2 2 0 1 973 974 970
4057 2 2 0 1 975 976 974
4058 2 2 0 1 1534 2963 1017
4059 2 2 0 1 1019 3036 1538
4060 2 2 0 1 1020 1266 1265
4061 2 2 0 1 1065 1178 1066
4062 2 2 0 1 1278 3004 1070
4063 2 2 0 1 1202 3057 3028
4064 2 2 0 1 2988 3089 1205
4065 2 2 0 1 1238 1402 1401
4066 2 2 0 1 1715 1826 1265
4067 2 2 0 1 1279 1635 1278
4068 2 2 0 1 1425 1701 1424
4069 2 2 0 1 1426 1917 1830
4070 2 2 0 1 1447 1632 1446
4071 2 2 0 1 1447 1676 1633
4072 2 2 0 1 1538 1841 1542
4073 2 2 0 1 1827 1930 1543
4074 2 2 0 1 1850 1851 1544
4075 2 2 0 1 1584 1970 1591
4076 2 2 0 1 1612 3014 3013
4077 2 2 0 1 1688 1960 1726
4078 2 2 0 1 1842 2060 1716
4079 2 2 0 1 3092 3100 1827
4080 2 2 0 1 3036 3058 1841
4081 2 2 0 1 1841 3058 3057
4082 2 2 0 1 1916 2272 2271
4083 2 2 0 1 3064 3070 2038
4084 2 2 0 1 3005 3090 3020
4085 2 2 0 1 70 3059 69
4086 2 2 0 1 1284 2961 229
4087 2 2 0 1 493 2947 312
4088 2 2 0 1 481 2973 316
4089 2 2 0 1 456 1834 499
4090 2 2 0 1 496 504 497
4091 2 2 0 1 496 2957 1198
4092 2 2 0 1 1198 3023 504
4093 2 2 0 1 539 540 505
4094 2 2 0 1 519 521 520
4095 2 2 0 1 522 3034 520
4096 2 2 0 1 526 530 525
4097 2 2 0 1 530 3043 1836
4098 2 2 0 1 540 542 541
4099 2 2 0 1 568 3072 2987
4100 2 2 0 1 585 855 600
4101 2 2 0 1 717 722 593
4102 2 2 0 1 605 708 707
4103 2 2 0 1 610 3047 1537
4104 2 2 0 1 612 613 611
4105 2 2 0 1 611 3040 1532
4106 2 2 0 1 612 614 613
4107 2 2 0 1 1537 3030 612
4108 2 2 0 1 879 3040 613
4109 2 2 0 1 614 616 615
4110 2 2 0 1 614 3030 926
4111 2 2 0 1 616 617 615
4112 2 2 0 1 710 1057 709
4113 2 2 0 1 732 774 731
4114 2 2 0 1 733 734 732
4115 2 2 0 1 807 809 808
4116 2 2 0 1 903 925 872
4117 2 2 0 1 896 3070 875
4118 2 2 0 1 966 3025 1075
4119 2 2 0 1 1009 3060 1079
4120 2 2 0 1 1056 2989 1425
4121 2 2 0 1 1069 3031 1279
4122 2 2 0 1 1366 1501 1500
4123 2 2 0 1 2106 3032 1378
4124 2 2 0 1 1616 1843 1429
4125 2 2 0 1 1948 1949 1761
4126 2 2 0 1 1849 3005 1829
4127 2 2 0 1 1839 3061 2085
4128 2 2 0 1 1846 1901 1852
4129 2 2 0 1 1914 2070 1915
4130 2 2 0 1 3025 3064 2038
4131 2 2 0 1 491 500 492
4132 2 2 0 1 563 570 557
4133 2 2 0 1 560 562 561
4134 2 2 0 1 564 591 565
4135 2 2 0 1 644 646 645
4136 2 2 0 1 739 740 738
4137 2 2 0 1 3021 3043 874
4138 2 2 0 1 877 3070 3064
4139 2 2 0 1 958 998 997
4140 2 2 0 1 1184 3110 2984
4141 2 2 0 1 1407 1544 1363
4142 2 2 0 1 1541 1543 1368
4143 2 2 0 1 1428 3041 1617
4144 2 2 0 1 1584 1591 1540
4145 2 2 0 1 1617 1941 1741
4146 2 2 0 1 1737 2122 1738
4147 2 2 0 1 1753 2120 2096
4148 2 2 0 1 1823 2911 2029
4149 2 2 0 1 1913 1914 1833
4150 2 2 0 1 1852 2968 1844
4151 2 2 0 1 2966 3058 3036
4152 2 2 0 1 2997 3068 3062
4153 2 2 0 1 3035 3104 3074
4154 2 2 0 1 500 506 501
4155 2 2 0 1 509 511 510
4156 2 2 0 1 595 1201 514
4157 2 2 0 1 528 3012 546
4158 2 2 0 1 544 547 543
4159 2 2 0 1 606 607 569
4160 2 2 0 1 622 623 621
4161 2 2 0 1 644 645 642
4162 2 2 0 1 646 648 647
4163 2 2 0 1 787 3099 2976
4164 2 2 0 1 938 1175 797
4165 2 2 0 1 966 3064 3025
4166 2 2 0 1 1066 1277 1063
4167 2 2 0 1 1364 1365 1177
4168 2 2 0 1 3017 3062 1536
4169 2 2 0 1 2030 2032 2031
4170 2 2 0 1 513 515 512
4171 2 2 0 1 515 3008 512
4172 2 2 0 1 3028 3029 571
4173 2 2 0 1 579 3000 779
4174 2 2 0 1 580 3015 1189
4175 2 2 0 1 890 891 607
4176 2 2 0 1 616 618 617
4177 2 2 0 1 622 624 623
4178 2 2 0 1 733 735 734
4179 2 2 0 1 735 737 736
4180 2 2 0 1 798 801 800
4181 2 2 0 1 804 2970 803
4182 2 2 0 1 940 960 959
4183 2 2 0 1 961 3085 959
4184 2 2 0 1 960 962 961
4185 2 2 0 1 960 1000 962
4186 2 2 0 1 962 2974 969
4187 2 2 0 1 970 3065 963
4188 2 2 0 1 969 973 970
4189 2 2 0 1 1367 3086 976
4190 2 2 0 1 1079 1450 1449
4191 2 2 0 1 1176 1363 1177
4192 2 2 0 1 1232 1782 1224
4193 2 2 0 1 1424 3073 1426
4194 2 2 0 1 1426 3073 1917
4195 2 2 0 1 1680 1850 1544
4196 2 2 0 1 1823 1824 1582
4197 2 2 0 1 1675 2040 2039
4198 2 2 0 1 2122 2124 1738
4199 2 2 0 1 1832 2990 1913
4200 2 2 0 1 1846 1852 1844
4201 2 2 0 1 2911 2912 2029
4202 2 2 0 1 3062 3068 2085
4203 2 2 0 1 12 456 455
4204 2 2 0 1 69 3059 1467
4205 2 2 0 1 154 2926 1180
4206 2 2 0 1 456 499 498
4207 2 2 0 1 484 2957 496
4208 2 2 0 1 503 534 490
4209 2 2 0 1 496 1198 504
4210 2 2 0 1 504 539 505
4211 2 2 0 1 504 3023 539
4212 2 2 0 1 540 541 505
4213 2 2 0 1 521 522 520
4214 2 2 0 1 523 3047 610
4215 2 2 0 1 529 2991 524
4216 2 2 0 1 2991 2992 526
4217 2 2 0 1 611 1532 529
4218 2 2 0 1 532 3043 530
4219 2 2 0 1 564 565 534
4220 2 2 0 1 1840 3063 541
4221 2 2 0 1 548 3039 710
4222 2 2 0 1 3023 3024 560
4223 2 2 0 1 591 592 565
4224 2 2 0 1 579 581 580
4225 2 2 0 1 581 583 582
4226 2 2 0 1 608 609 592
4227 2 2 0 1 637 638 601
4228 2 2 0 1 721 3048 609
4229 2 2 0 1 626 627 625
4230 2 2 0 1 626 628 627
4231 2 2 0 1 629 630 628
4232 2 2 0 1 630 631 628
4233 2 2 0 1 634 636 635
4234 2 2 0 1 718 3026 793
4235 2 2 0 1 730 732 731
4236 2 2 0 1 739 861 741
4237 2 2 0 1 877 3064 895
4238 2 2 0 1 896 3082 3070
4239 2 2 0 1 2965 3056 901
4240 2 2 0 1 997 2983 902
4241 2 2 0 1 959 3085 1527
4242 2 2 0 1 974 3086 1361
4243 2 2 0 1 1019 1538 1368
4244 2 2 0 1 1368 3044 1020
4245 2 2 0 1 1260 1261 1064
4246 2 2 0 1 1198 3106 3023
4247 2 2 0 1 1536 3062 3061
4248 2 2 0 1 1538 3036 1841
4249 2 2 0 1 1930 3077 1543
4250 2 2 0 1 1582 1909 1571
4251 2 2 0 1 1740 3067 1615
4252 2 2 0 1 1841 3057 1848
4253 2 2 0 1 1948 2072 1949
4254 2 2 0 1 2027 2094 2028
4255 2 2 0 1 2037 3046 3045
4256 2 2 0 1 3061 3062 2085
4257 2 2 0 1 2978 3100 3092
4258 2 2 0 1 3028 3058 3029
4259 2 2 0 1 3057 3058 3028
4260 2 2 0 1 506 559 514
4261 2 2 0 1 509 510 508
4262 2 2 0 1 513 517 516
4263 2 2 0 1 521 3047 523
4264 2 2 0 1 528 545 527
4265 2 2 0 1 546 3012 556
4266 2 2 0 1 559 596 595
4267 2 2 0 1 585 586 584
4268 2 2 0 1 609 897 856
4269 2 2 0 1 641 642 640
4270 2 2 0 1 895 3064 966
4271 2 2 0 1 897 3060 1009
4272 2 2 0 1 975 977 976
4273 2 2 0 1 1056 1425 1424
4274 2 2 0 1 1079 3060 1539
4275 2 2 0 1 1538 1541 1368
4276 2 2 0 1 1701 3073 1424
4277 2 2 0 1 1617 3041 1941
4278 2 2 0 1 1674 3022 2983
4279 2 2 0 1 1837 3097 2960
4280 2 2 0 1 568 606 569
4281 2 2 0 1 583 584 582
4282 2 2 0 1 606 890 607
4283 2 2 0 1 730 733 732
4284 2 2 0 1 875 3070 877
4285 2 2 0 1 1009 1010 898
4286 2 2 0 1 956 1065 1063
4287 2 2 0 1 1674 2983 997
4288 2 2 0 1 1075 3025 1447
4289 2 2 0 1 1202 3083 3057
4290 2 2 0 1 2037 3045 1584
4291 2 2 0 1 2085 3068 2086
4292 2 2 0 1 624 626 625
4293 2 2 0 1 1010 1017 898
4294 2 2 0 1 2124 2939 1738
4295 2 2 0 1 1661 3059 70
4296 2 2 0 1 584 854 582
4297 2 2 0 1 748 768 746
4298 2 2 0 1 974 1361 970
4299 2 2 0 1 1020 3044 1266
4300 2 2 0 1 1823 2029 1824
4301 2 2 0 1 874 3043 532
4302 2 2 0 1 609 3048 897
4303 2 2 0 1 1363 1364 1177
4304 2 2 0 1 1394 3066 1261
4305 2 2 0 1 1198 3111 3106
4306 2 2 0 1 1261 3066 1679
4307 2 2 0 1 1429 3066 1394
4308 2 2 0 1 1531 1823 1582
4309 2 2 0 1 1542 3092 1541
4310 2 2 0 1 1615 3067 1616
4311 2 2 0 1 1616 3067 1845
4312 2 2 0 1 2960 3083 3012
4313 2 2 0 1 68 3007 67
4314 2 2 0 1 1203 3072 518
4315 2 2 0 1 540 3078 542
4316 2 2 0 1 547 3076 543
4317 2 2 0 1 544 3039 548
4318 2 2 0 1 1849 3090 3005
4319 2 2 0 1 3089 3090 1849
4320 2 2 0 1 3074 3075 503
4321 2 2 0 1 549 3078 540
4322 2 2 0 1 1207 3039 544
4323 2 2 0 1 1838 3078 549
4324 2 2 0 1 938 3088 1176
4325 2 2 0 1 1842 3077 2151
4326 2 2 0 1 2038 3082 1847
4327 2 2 0 1 3037 3098 3087
4328 2 2 0 1 1184 2938 232
4329 2 2 0 1 1361 3065 970
4330 2 2 0 1 999 3095 3094
4331 2 2 0 1 1364 1366 1365
4332 2 2 0 1 1543 3044 1368
4333 2 2 0 1 2271 3073 1701
4334 2 2 0 1 3070 3082 2038
4335 2 2 0 1 485 3080 9
4336 2 2 0 1 67 3007 460
4337 2 2 0 1 315 2973 1183
4338 2 2 0 1 854 3015 582
4339 2 2 0 1 583 585 584
4340 2 2 0 1 585 600 586
4341 2 2 0 1 600 637 601
4342 2 2 0 1 614 926 616
4343 2 2 0 1 638 641 640
4344 2 2 0 1 646 649 648
4345 2 2 0 1 873 1673 900
4346 2 2 0 1 890 3096 999
4347 2 2 0 1 3035 3074 899
4348 2 2 0 1 3071 3072 1203
4349 2 2 0 1 1203 3087 3071
4350 2 2 0 1 1584 3045 1970
4351 2 2 0 1 1716 3079 2069
4352 2 2 0 1 3037 3087 1836
4353 2 2 0 1 3020 3098 3037
4354 2 2 0 1 3048 3060 897
4355 2 2 0 1 3012 3083 1202
4356 2 2 0 1 1836 3087 3034
4357 2 2 0 1 2996 3093 1837
4358 2 2 0 1 1852 3109 3108
4359 2 2 0 1 2988 3098 3090
4360 2 2 0 1 316 2973 315
4361 2 2 0 1 3024 3112 1678
4362 2 2 0 1 2986 3089 1849
4363 2 2 0 1 502 3074 503
4364 2 2 0 1 837 2970 804
4365 2 2 0 1 811 813 812
4366 2 2 0 1 1205 3096 890
4367 2 2 0 1 1176 3088 1407
4368 2 2 0 1 3083 3097 1848
4369 2 2 0 1 3108 3109 2994
4370 2 2 0 1 891 940 939
4371 2 2 0 1 1827 3099 1930
4372 2 2 0 1 2971 3101 1529
4373 2 2 0 1 235 2946 234
4374 2 2 0 1 1201 2996 514
4375 2 2 0 1 781 3076 547
4376 2 2 0 1 2987 3072 3071
4377 2 2 0 1 3104 3107 3075
4378 2 2 0 1 514 2996 507
4379 2 2 0 1 1848 3097 2036
4380 2 2 0 1 999 3094 891
4381 2 2 0 1 3034 3087 1203
4382 2 2 0 1 1541 3092 1827
4383 2 2 0 1 3026 3081 793
4384 2 2 0 1 940 3094 2956
4385 2 2 0 1 2060 3079 1716
4386 2 2 0 1 3071 3098 2988
4387 2 2 0 1 899 3074 502
4388 2 2 0 1 1827 3100 3099
4389 2 2 0 1 2984 3110 1853
4390 2 2 0 1 2960 3097 3083
4391 2 2 0 1 2976 3100 2977
4392 2 2 0 1 2986 3103 3096
4393 2 2 0 1 745 892 747
4394 2 2 0 1 3096 3103 999
4395 2 2 0 1 3088 3105 1407
4396 2 2 0 1 1529 3101 1531
4397 2 2 0 1 3027 3105 3088
4398 2 2 0 1 1201 3093 2996
4399 2 2 0 1 999 3103 3095
4400 2 2 0 1 3089 3096 1205
4401 2 2 0 1 2968 3108 3107
4402 2 2 0 1 483 3102 326
4403 2 2 0 1 891 3094 940
4404 2 2 0 1 2977 3100 2978
4405 2 2 0 1 1850 3110 2035
4406 2 2 0 1 2968 3107 2985
4407 2 2 0 1 1920 3103 2986
4408 2 2 0 1 2986 3096 3089
4409 2 2 0 1 1407 3105 1680
4410 2 2 0 1 2985 3104 1679
4411 2 2 0 1 3075 3107 705
4412 2 2 0 1 3099 3100 2976
4413 2 2 0 1 2994 3109 1259
4414 2 2 0 1 1679 3104 3035
4415 2 2 0 1 1854 3112 3106
4416 2 2 0 1 234 3069 233
4417 2 2 0 1 1680 3105 1854
4418 2 2 0 1 1852 3108 2968
4419 2 2 0 1 233 3069 1184
4420 2 2 0 1 467 2946 235
4421 2 2 0 1 3107 3108 705
4422 2 2 0 1 1853 3111 2984
4423 2 2 0 1 3023 3106 3024
4424 2 2 0 1 795 3081 938
4425 2 2 0 1 3027 3112 3105
4426 2 2 0 1 705 3108 2994
4427 2 2 0 1 1901 3109 1852
4428 2 2 0 1 2985 3107 3104
4429 2 2 0 1 793 3081 795
4430 2 2 0 1 1678 3112 3027
4431 2 2 0 1 2984 3111 2957
4432 2 2 0 1 2957 3111 1198
4433 2 2 0 1 3105 3112 1854
4434 2 2 0 1 2662 2786 2661
4435 2 2 0 1 2979 2981 1835
4436 2 2 0 1 2660 2662 2661
4437 2 2 0 1 2660 2661 2653
4438 2 2 0 1 2935 3119 2928
4439 2 2 0 1 2652 2660 2653
4440 2 2 0 1 2652 2653 2651
4441 2 2 0 1 3114 3115 2980
4442 2 2 0 1 72 3116 71
4443 2 2 0 1 2650 2652 2651
4444 2 2 0 1 639 2867 601
4445 2 2 0 1 1861 2026 1723
4446 2 2 0 1 2891 2909 2908
4447 2 2 0 1 1739 2898 2881
4448 2 2 0 1 2650 2651 2647
4449 2 2 0 1 645 2830 642
4450 2 2 0 1 1861 2789 2026
4451 2 2 0 1 1722 2052 1629
4452 2 2 0 1 1454 3120 1609
4453 2 2 0 1 1630 1859 1723
4454 2 2 0 1 1859 1861 1723
4455 2 2 0 1 236 3117 467
4456 2 2 0 1 1182 3117 237
4457 2 2 0 1 624 3052 3049
4458 2 2 0 1 1366 3118 1677
4459 2 2 0 1 2859 3177 2827
4460 2 2 0 1 1630 1723 1722
4461 2 2 0 1 2936 3119 2935
4462 2 2 0 1 2909 3118 2914
4463 2 2 0 1 988 3153 986
4464 2 2 0 1 1722 2080 2052
4465 2 2 0 1 2646 2650 2647
4466 2 2 0 1 1534 3114 2980
4467 2 2 0 1 2891 3118 2909
4468 2 2 0 1 1450 2910 1739
4469 2 2 0 1 1630 3113 1859
4470 2 2 0 1 873 2922 1673
4471 2 2 0 1 1609 1858 1821
4472 2 2 0 1 1165 1167 1166
4473 2 2 0 1 3052 3053 3051
4474 2 2 0 1 1858 2041 1821
4475 2 2 0 1 1610 3113 1630
4476 2 2 0 1 71 3116 451
4477 2 2 0 1 2052 3124 1629
4478 2 2 0 1 1630 1722 1629
4479 2 2 0 1 152 3119 2936
4480 2 2 0 1 153 3119 152
4481 2 2 0 1 1857 1929 1904
4482 2 2 0 1 237 3117 236
4483 2 2 0 1 1610 1629 1608
4484 2 2 0 1 1180 3119 153
4485 2 2 0 1 1821 3113 1610
4486 2 2 0 1 2646 2647 2645
4487 2 2 0 1 238 3129 1182
4488 2 2 0 1 1610 1630 1629
4489 2 2 0 1 1609 1821 1610
4490 2 2 0 1 2891 2908 2906
4491 2 2 0 1 2891 2906 2890
4492 2 2 0 1 2367 2369 1797
4493 2 2 0 1 616 3126 618
4494 2 2 0 1 1739 2910 2898
4495 2 2 0 1 2919 2921 2920
4496 2 2 0 1 641 2863 1285
4497 2 2 0 1 977 2876 979
4498 2 2 0 1 1673 2922 2919
4499 2 2 0 1 1546 2867 639
4500 2 2 0 1 980 2883 978
4501 2 2 0 1 2480 2492 2490
4502 2 2 0 1 2930 2935 2928
4503 2 2 0 1 2013 2087 1718
4504 2 2 0 1 2918 3137 2917
4505 2 2 0 1 2792 2793 2791
4506 2 2 0 1 2871 2872 2870
4507 2 2 0 1 2644 2646 2645
4508 2 2 0 1 1609 1610 1608
4509 2 2 0 1 1607 1718 1453
4510 2 2 0 1 1506 2859 1504
4511 2 2 0 1 1454 1609 1608
4512 2 2 0 1 1677 3118 2891
4513 2 2 0 1 1609 3120 1858
4514 2 2 0 1 1256 1396 1210
4515 2 2 0 1 2494 2502 2484
4516 2 2 0 1 1607 2013 1718
4517 2 2 0 1 2492 2496 2490
4518 2 2 0 1 1182 3129 2907
4519 2 2 0 1 1677 2891 2890
4520 2 2 0 1 3053 3123 3051
4521 2 2 0 1 1454 1608 1607
4522 2 2 0 1 1862 3191 1145
4523 2 2 0 1 3049 3052 3051
4524 2 2 0 1 1629 3124 1608
4525 2 2 0 1 926 3126 616
4526 2 2 0 1 2644 2645 2640
4527 2 2 0 1 1454 1607 1453
4528 2 2 0 1 1257 1454 1453
4529 2 2 0 1 1167 1168 1166
4530 2 2 0 1 1257 1453 1256
4531 2 2 0 1 2490 2494 2484
4532 2 2 0 1 630 3133 633
4533 2 2 0 1 982 1360 980
4534 2 2 0 1 1256 3122 1396
4535 2 2 0 1 783 2899 625
4536 2 2 0 1 1607 3124 2013
4537 2 2 0 1 1211 1257 1256
4538 2 2 0 1 1718 3122 1453
4539 2 2 0 1 1608 3124 1607
4540 2 2 0 1 1453 3122 1256
4541 2 2 0 1 2111 2803 1669
4542 2 2 0 1 2473 2480 2479
4543 2 2 0 1 2480 2490 2484
4544 2 2 0 1 1169 1170 1168
4545 2 2 0 1 2793 2794 2791
4546 2 2 0 1 2473 2479 2474
4547 2 2 0 1 2479 2481 2474
4548 2 2 0 1 1169 1174 1170
4549 2 2 0 1 1211 1256 1210
4550 2 2 0 1 1065 3137 1178
4551 2 2 0 1 1167 1169 1168
4552 2 2 0 1 1684 2024 2023
4553 2 2 0 1 1010 2836 1018
4554 2 2 0 1 521 3132 3047
4555 2 2 0 1 1186 3132 519
4556 2 2 0 1 1285 1988 1987
4557 2 2 0 1 1816 2075 1553
4558 2 2 0 1 1988 2160 2159
4559 2 2 0 1 2893 3141 1822
4560 2 2 0 1 1684 3130 2024
4561 2 2 0 1 1209 1545 1211
4562 2 2 0 1 2639 2644 2640
4563 2 2 0 1 1169 1209 1174
4564 2 2 0 1 156 3140 464
4565 2 2 0 1 1181 3140 157
4566 2 2 0 1 2052 3127 3124
4567 2 2 0 1 1231 2792 2791
4568 2 2 0 1 2160 2161 2159
4569 2 2 0 1 2969 3139 2893
4570 2 2 0 1 2026 3136 1723
4571 2 2 0 1 1509 1525 1511
4572 2 2 0 1 2480 2484 2479
4573 2 2 0 1 2923 3139 2924
4574 2 2 0 1 801 3139 2969
4575 2 2 0 1 1722 3136 2080
4576 2 2 0 1 2562 2565 2561
4577 2 2 0 1 2473 2474 2472
4578 2 2 0 1 2473 3125 2480
4579 2 2 0 1 926 3162 3126
4580 2 2 0 1 1209 1211 1210
4581 2 2 0 1 2774 2781 2780
4582 2 2 0 1 1365 3141 2923
4583 2 2 0 1 2474 2488 2472
4584 2 2 0 1 745 2869 892
4585 2 2 0 1 926 3164 3162
4586 2 2 0 1 3030 3164 926
4587 2 2 0 1 1209 1210 1174
4588 2 2 0 1 2850 3140 1181
4589 2 2 0 1 2471 2473 2472
4590 2 2 0 1 2682 2683 2023
4591 2 2 0 1 2676 2677 2022
4592 2 2 0 1 2969 3142 805
4593 2 2 0 1 807 3142 862
4594 2 2 0 1 2869 2871 2870
4595 2 2 0 1 2469 2483 2471
4596 2 2 0 1 3124 3127 2013
4597 2 2 0 1 2160 2163 2162
4598 2 2 0 1 2471 3125 2473
4599 2 2 0 1 3030 3167 3164
4600 2 2 0 1 1430 1856 1613
4601 2 2 0 1 1614 1684 1683
4602 2 2 0 1 1209 3135 1545
4603 2 2 0 1 2024 2682 2023
4604 2 2 0 1 1822 3141 1500
4605 2 2 0 1 1537 3167 3030
4606 2 2 0 1 1684 2023 2021
4607 2 2 0 1 1165 1855 1167
4608 2 2 0 1 2639 2640 2638
4609 2 2 0 1 979 2876 1231
4610 2 2 0 1 1537 3168 3167
4611 2 2 0 1 1671 1818 1672
4612 2 2 0 1 2021 2022 1683
4613 2 2 0 1 3047 3168 1537
4614 2 2 0 1 1052 3134 1050
4615 2 2 0 1 646 2824 649
4616 2 2 0 1 1614 1682 1431
4617 2 2 0 1 1684 2021 1683
4618 2 2 0 1 2483 3125 2471
4619 2 2 0 1 1360 2883 980
4620 2 2 0 1 892 2819 2818
4621 2 2 0 1 862 3142 2875
4622 2 2 0 1 1681 1866 1415
4623 2 2 0 1 519 3132 521
4624 2 2 0 1 1254 1553 1253
4625 2 2 0 1 2021 2676 2022
4626 2 2 0 1 1526 3147 1505
4627 2 2 0 1 3147 3148 1507
4628 2 2 0 1 1614 1683 1682
4629 2 2 0 1 2471 2472 2470
4630 2 2 0 1 1723 3136 1722
4631 2 2 0 1 1116 1117 1115
4632 2 2 0 1 1614 3130 1684
4633 2 2 0 1 2059 3114 1622
4634 2 2 0 1 986 1163 984
4635 2 2 0 1 1856 2155 1918
4636 2 2 0 1 629 3133 630
4637 2 2 0 1 2101 2884 2099
4638 2 2 0 1 2844 2846 465
4639 2 2 0 1 2160 2162 2161
4640 2 2 0 1 2924 3139 801
4641 2 2 0 1 2771 2772 2770
4642 2 2 0 1 2792 2795 2793
4643 2 2 0 1 1500 3141 1365
4644 2 2 0 1 2917 3137 1065
4645 2 2 0 1 1856 1918 1613
4646 2 2 0 1 1285 2863 1988
4647 2 2 0 1 157 3140 156
4648 2 2 0 1 2796 2797 2795
4649 2 2 0 1 2792 2796 2795
4650 2 2 0 1 805 3142 807
4651 2 2 0 1 1169 3135 1209
4652 2 2 0 1 2637 2639 2638
4653 2 2 0 1 2469 2471 2470
4654 2 2 0 1 1167 3135 1169
4655 2 2 0 1 1613 3130 1614
4656 2 2 0 1 1820 3146 1818
4657 2 2 0 1 1818 2801 1819
4658 2 2 0 1 3156 3159 3120
4659 2 2 0 1 2160 3131 2163
4660 2 2 0 1 1430 3152 1856
4661 2 2 0 1 854 3151 3015
4662 2 2 0 1 1613 1614 1431
4663 2 2 0 1 1918 3130 1613
4664 2 2 0 1 1817 2859 1506
4665 2 2 0 1 2470 2489 2468
4666 2 2 0 1 1988 3131 2160
4667 2 2 0 1 2863 3131 1988
4668 2 2 0 1 982 3128 1360
4669 2 2 0 1 2809 2812 2811
4670 2 2 0 1 2155 2156 1918
4671 2 2 0 1 1671 1820 1818
4672 2 2 0 1 1525 2807 2806
4673 2 2 0 1 2194 2195 2193
4674 2 2 0 1 2100 2101 2099
4675 2 2 0 1 1411 1572 1413
4676 2 2 0 1 1855 3135 1167
4677 2 2 0 1 3050 3150 1855
4678 2 2 0 1 1818 3146 2801
4679 2 2 0 1 2868 3226 854
4680 2 2 0 1 2801 3146 2885
4681 2 2 0 1 2847 2848 2846
4682 2 2 0 1 2637 2638 2630
4683 2 2 0 1 1589 2899 783
4684 2 2 0 1 1510 3144 1508
4685 2 2 0 1 2469 2470 2468
4686 2 2 0 1 1403 3153 988
4687 2 2 0 1 1416 1681 1415
4688 2 2 0 1 1414 1415 1412
4689 2 2 0 1 3130 3143 2024
4690 2 2 0 1 1550 1551 1373
4691 2 2 0 1 2809 3148 2812
4692 2 2 0 1 1572 1925 1733
4693 2 2 0 1 3160 3161 2041
4694 2 2 0 1 1430 1613 1431
4695 2 2 0 1 1681 1874 1873
4696 2 2 0 1 649 2758 2757
4697 2 2 0 1 1926 1927 1925
4698 2 2 0 1 1681 1873 1866
4699 2 2 0 1 1918 3143 3130
4700 2 2 0 1 2806 3169 1513
4701 2 2 0 1 1505 3147 1507
4702 2 2 0 1 1257 3156 3120
4703 2 2 0 1 2467 2469 2468
4704 2 2 0 1 2840 2841 1194
4705 2 2 0 1 1940 2059 1622
4706 2 2 0 1 2466 2485 2464
4707 2 2 0 1 1856 3166 2155
4708 2 2 0 1 1857 1904 1711
4709 2 2 0 1 2156 3143 1918
4710 2 2 0 1 2098 2100 2099
4711 2 2 0 1 1900 2181 2113
4712 2 2 0 1 3123 3156 1545
4713 2 2 0 1 1399 2829 1103
4714 2 2 0 1 1253 1589 783
4715 2 2 0 1 2410 2412 2411
4716 2 2 0 1 1545 3156 1211
4717 2 2 0 1 2629 2637 2630
4718 2 2 0 1 1430 1431 1416
4719 2 2 0 1 1958 1959 1398
4720 2 2 0 1 1414 1430 1416
4721 2 2 0 1 2890 3163 2889
4722 2 2 0 1 2816 3170 3163
4723 2 2 0 1 2812 2814 2811
4724 2 2 0 1 1414 1416 1415
4725 2 2 0 1 1160 2832 1161
4726 2 2 0 1 2811 2813 2810
4727 2 2 0 1 2063 2065 1952
4728 2 2 0 1 3126 3161 618
4729 2 2 0 1 1549 1885 1884
4730 2 2 0 1 2809 2811 2810
4731 2 2 0 1 2041 3161 3126
4732 2 2 0 1 1682 3149 1431
4733 2 2 0 1 1157 3145 1155
4734 2 2 0 1 2858 2866 1195
4735 2 2 0 1 620 3161 788
4736 2 2 0 1 2076 2098 1959
4737 2 2 0 1 2467 2468 2466
4738 2 2 0 1 2041 3162 1821
4739 2 2 0 1 858 2667 2666
4740 2 2 0 1 2408 2410 2409
4741 2 2 0 1 3015 3151 3016
4742 2 2 0 1 1572 1733 1413
4743 2 2 0 1 3126 3162 2041
4744 2 2 0 1 1507 3148 1509
4745 2 2 0 1 892 2869 2819
4746 2 2 0 1 1925 2146 1733
4747 2 2 0 1 3123 3159 3156
4748 2 2 0 1 2629 2630 2628
4749 2 2 0 1 1885 2090 1989
4750 2 2 0 1 3135 3150 1545
4751 2 2 0 1 1686 1687 1409
4752 2 2 0 1 751 3180 859
4753 2 2 0 1 1416 3149 1681
4754 2 2 0 1 1681 3149 1874
4755 2 2 0 1 2465 2467 2466
4756 2 2 0 1 1431 3149 1416
4757 2 2 0 1 1598 1754 1451
4758 2 2 0 1 2782 2783 1160
4759 2 2 0 1 1526 3170 3147
4760 2 2 0 1 1855 3150 3135
4761 2 2 0 1 2809 2810 2807
4762 2 2 0 1 1509 3148 1525
4763 2 2 0 1 1413 1414 1412
4764 2 2 0 1 1104 1404 1108
4765 2 2 0 1 1103 2829 1101
4766 2 2 0 1 1242 1373 1052
4767 2 2 0 1 2100 2227 2101
4768 2 2 0 1 1551 3134 1373
4769 2 2 0 1 1885 1989 1884
4770 2 2 0 1 1053 1452 1451
4771 2 2 0 1 1211 3156 1257
4772 2 2 0 1 1884 1886 1550
4773 2 2 0 1 2688 2689 1807
4774 2 2 0 1 1452 1711 1598
4775 2 2 0 1 1958 2076 1959
4776 2 2 0 1 1549 1884 1550
4777 2 2 0 1 1554 3173 1816
4778 2 2 0 1 1711 1744 1598
4779 2 2 0 1 2074 3155 1940
4780 2 2 0 1 1373 3134 1052
4781 2 2 0 1 2463 2477 2465
4782 2 2 0 1 2814 3170 2816
4783 2 2 0 1 1411 1413 1412
4784 2 2 0 1 1900 2113 1958
4785 2 2 0 1 649 2824 2758
4786 2 2 0 1 1410 1686 1409
4787 2 2 0 1 1053 1242 1052
4788 2 2 0 1 2406 2408 2407
4789 2 2 0 1 1161 1411 1410
4790 2 2 0 1 567 3175 550
4791 2 2 0 1 1525 3148 2809
4792 2 2 0 1 3120 3159 1858
4793 2 2 0 1 1411 1412 1410
4794 2 2 0 1 2465 2466 2464
4795 2 2 0 1 1161 1409 1157
4796 2 2 0 1 3159 3160 1858
4797 2 2 0 1 2812 3170 2814
4798 2 2 0 1 1686 2042 1687
4799 2 2 0 1 2627 2629 2628
4800 2 2 0 1 1414 3152 1430
4801 2 2 0 1 1415 3154 1412
4802 2 2 0 1 986 3153 1163
4803 2 2 0 1 1555 2785 1814
4804 2 2 0 1 1108 1900 1398
4805 2 2 0 1 1549 1550 1373
4806 2 2 0 1 1053 1451 1242
4807 2 2 0 1 1900 1958 1398
4808 2 2 0 1 1107 1399 1103
4809 2 2 0 1 1104 1108 1107
4810 2 2 0 1 1858 3160 2041
4811 2 2 0 1 1242 1549 1373
4812 2 2 0 1 3053 3159 3123
4813 2 2 0 1 3053 3160 3159
4814 2 2 0 1 2560 2561 2559
4815 2 2 0 1 2046 2134 2045
4816 2 2 0 1 1452 1598 1451
4817 2 2 0 1 788 3160 3053
4818 2 2 0 1 1940 3155 2059
4819 2 2 0 1 1568 1906 1576
4820 2 2 0 1 1108 1398 1107
4821 2 2 0 1 990 1403 988
4822 2 2 0 1 545 3178 527
4823 2 2 0 1 2627 2628 2624
4824 2 2 0 1 1413 3152 1414
4825 2 2 0 1 2412 2413 2411
4826 2 2 0 1 2724 3184 2726
4827 2 2 0 1 2463 2465 2464
4828 2 2 0 1 3152 3166 1856
4829 2 2 0 1 2889 3163 1526
4830 2 2 0 1 2551 2552 2550
4831 2 2 0 1 3157 3176 1885
4832 2 2 0 1 618 3161 620
4833 2 2 0 1 1050 3174 1048
4834 2 2 0 1 1733 3152 1413
4835 2 2 0 1 1527 3245 3241
4836 2 2 0 1 2560 2562 2561
4837 2 2 0 1 1687 3145 1409
4838 2 2 0 1 1412 3154 1410
4839 2 2 0 1 1051 1053 1052
4840 2 2 0 1 1161 1410 1409
4841 2 2 0 1 2410 2411 2409
4842 2 2 0 1 1821 3162 3113
4843 2 2 0 1 1813 3144 1510
4844 2 2 0 1 1959 3158 1398
4845 2 2 0 1 3162 3164 3113
4846 2 2 0 1 1409 3145 1157
4847 2 2 0 1 1410 3154 1686
4848 2 2 0 1 3113 3164 1859
4849 2 2 0 1 3164 3167 1859
4850 2 2 0 1 1049 1229 1051
4851 2 2 0 1 3229 3230 3016
4852 2 2 0 1 2018 2719 1204
4853 2 2 0 1 1754 3176 3157
4854 2 2 0 1 1859 3167 1861
4855 2 2 0 1 3167 3168 1861
4856 2 2 0 1 1861 3168 2789
4857 2 2 0 1 2258 2579 1785
4858 2 2 0 1 1051 1052 1050
4859 2 2 0 1 2463 2464 2462
4860 2 2 0 1 3145 3183 1155
4861 2 2 0 1 2623 2627 2624
4862 2 2 0 1 985 3172 987
4863 2 2 0 1 1549 3157 1885
4864 2 2 0 1 2554 2555 2552
4865 2 2 0 1 1048 3174 1219
4866 2 2 0 1 2413 2414 2411
4867 2 2 0 1 1977 2143 2142
4868 2 2 0 1 993 3210 1388
4869 2 2 0 1 2461 2463 2462
4870 2 2 0 1 2841 3189 2842
4871 2 2 0 1 1104 1107 1103
4872 2 2 0 1 3151 3229 3016
4873 2 2 0 1 2558 2559 2557
4874 2 2 0 1 1560 1561 1559
4875 2 2 0 1 1146 1148 1147
4876 2 2 0 1 2683 3181 2023
4877 2 2 0 1 1754 3157 1451
4878 2 2 0 1 1242 3157 1549
4879 2 2 0 1 2021 3181 2676
4880 2 2 0 1 859 3180 2739
4881 2 2 0 1 1560 1563 1561
4882 2 2 0 1 1525 2809 2807
4883 2 2 0 1 3147 3170 2812
4884 2 2 0 1 1107 3158 1399
4885 2 2 0 1 2146 3166 1733
4886 2 2 0 1 1174 3186 1170
4887 2 2 0 1 1451 3157 1242
4888 2 2 0 1 1398 3158 1107
4889 2 2 0 1 2623 2624 2622
4890 2 2 0 1 2556 2557 2555
4891 2 2 0 1 1563 1893 1703
4892 2 2 0 1 1733 3166 3152
4893 2 2 0 1 2408 2409 2407
4894 2 2 0 1 2050 2051 1883
4895 2 2 0 1 1556 3173 1554
4896 2 2 0 1 1160 1161 1157
4897 2 2 0 1 785 3336 716
4898 2 2 0 1 1270 2745 1631
4899 2 2 0 1 1458 2685 1356
4900 2 2 0 1 2460 2486 2458
4901 2 2 0 1 1049 1051 1050
4902 2 2 0 1 1053 3165 1452
4903 2 2 0 1 1561 1704 1559
4904 2 2 0 1 2461 2462 2460
4905 2 2 0 1 1788 1789 1650
4906 2 2 0 1 1790 1791 1653
4907 2 2 0 1 550 3175 545
4908 2 2 0 1 1148 1150 1149
4909 2 2 0 1 1102 1104 1103
4910 2 2 0 1 2621 3182 2623
4911 2 2 0 1 1515 1668 1517
4912 2 2 0 1 1145 3191 651
4913 2 2 0 1 1156 1160 1157
4914 2 2 0 1 1146 1147 1145
4915 2 2 0 1 2724 2725 2723
4916 2 2 0 1 1048 1219 1046
4917 2 2 0 1 2022 3232 3230
4918 2 2 0 1 3134 3174 1050
4919 2 2 0 1 1563 1703 1561
4920 2 2 0 1 1154 1155 1149
4921 2 2 0 1 1049 1050 1048
4922 2 2 0 1 1051 3165 1053
4923 2 2 0 1 1293 1296 1295
4924 2 2 0 1 1893 2089 1703
4925 2 2 0 1 1358 1667 1666
4926 2 2 0 1 3202 3209 2825
4927 2 2 0 1 749 3180 751
4928 2 2 0 1 1156 1157 1155
4929 2 2 0 1 1150 1154 1149
4930 2 2 0 1 1229 3165 1051
4931 2 2 0 1 2403 2406 2405
4932 2 2 0 1 2143 2144 2142
4933 2 2 0 1 2558 2560 2559
4934 2 2 0 1 1817 3177 2859
4935 2 2 0 1 1156 2782 1160
4936 2 2 0 1 2457 2476 2459
4937 2 2 0 1 1047 1049 1048
4938 2 2 0 1 1885 3176 2090
4939 2 2 0 1 2773 3198 3192
4940 2 2 0 1 1100 1685 1102
4941 2 2 0 1 2386 2388 2387
4942 2 2 0 1 1101 2828 1097
4943 2 2 0 1 2406 2407 2405
4944 2 2 0 1 2459 2461 2460
4945 2 2 0 1 2749 2750 1813
4946 2 2 0 1 1148 1149 1147
4947 2 2 0 1 1154 1156 1155
4948 2 2 0 1 2783 2832 1160
4949 2 2 0 1 2551 2554 2552
4950 2 2 0 1 2023 3181 2021
4951 2 2 0 1 1866 3221 3217
4952 2 2 0 1 2556 2558 2557
4953 2 2 0 1 1102 1103 1101
4954 2 2 0 1 1047 1048 1046
4955 2 2 0 1 2554 2556 2555
4956 2 2 0 1 648 3191 647
4957 2 2 0 1 1263 1275 1264
4958 2 2 0 1 1097 1098 1096
4959 2 2 0 1 1097 2828 1098
4960 2 2 0 1 2621 2623 2622
4961 2 2 0 1 1043 1387 1045
4962 2 2 0 1 2135 2136 2134
4963 2 2 0 1 1095 1096 1094
4964 2 2 0 1 894 3227 510
4965 2 2 0 1 1045 1047 1046
4966 2 2 0 1 83 3192 82
4967 2 2 0 1 3175 3178 545
4968 2 2 0 1 1100 1102 1101
4969 2 2 0 1 1443 3184 3172
4970 2 2 0 1 2549 2550 2548
4971 2 2 0 1 2544 2545 2543
4972 2 2 0 1 859 2739 2737
4973 2 2 0 1 1147 1862 1145
4974 2 2 0 1 2538 2539 2537
4975 2 2 0 1 1519 3138 1524
4976 2 2 0 1 1700 2055 1891
4977 2 2 0 1 1670 1872 1370
4978 2 2 0 1 2202 2203 2201
4979 2 2 0 1 2459 2460 2458
4980 2 2 0 1 2779 3198 2773
4981 2 2 0 1 1100 1101 1097
4982 2 2 0 1 1977 2142 2141
4983 2 2 0 1 2141 2169 1976
4984 2 2 0 1 826 2690 824
4985 2 2 0 1 1044 1375 1042
4986 2 2 0 1 1045 1046 1044
4987 2 2 0 1 2719 2753 1204
4988 2 2 0 1 2547 2548 2545
4989 2 2 0 1 2774 3179 2781
4990 2 2 0 1 1983 1984 1789
4991 2 2 0 1 1985 1986 1791
4992 2 2 0 1 1330 1331 1127
4993 2 2 0 1 2457 2459 2458
4994 2 2 0 1 1043 1045 1044
4995 2 2 0 1 1230 2724 2723
4996 2 2 0 1 2551 2564 2554
4997 2 2 0 1 2621 2622 2620
4998 2 2 0 1 2549 2551 2550
4999 2 2 0 1 1924 2189 1699
5000 2 2 0 1 2724 2726 2725
5001 2 2 0 1 2401 2403 2402
5002 2 2 0 1 1288 1290 1289
5003 2 2 0 1 1043 1044 1042
5004 2 2 0 1 1965 2671 1576
5005 2 2 0 1 1517 3138 1519
5006 2 2 0 1 2420 3301 3300
5007 2 2 0 1 1973 2168 2140
5008 2 2 0 1 2451 2475 2453
5009 2 2 0 1 1151 2656 1665
5010 2 2 0 1 2135 3235 2137
5011 2 2 0 1 1668 3138 1517
5012 2 2 0 1 1469 1471 1281
5013 2 2 0 1 1472 1474 1283
5014 2 2 0 1 2457 2458 2456
5015 2 2 0 1 1155 3183 1149
5016 2 2 0 1 1977 2141 1976
5017 2 2 0 1 2774 2780 2779
5018 2 2 0 1 2455 2457 2456
5019 2 2 0 1 2403 2405 2402
5020 2 2 0 1 1725 2109 2015
5021 2 2 0 1 1095 1100 1097
5022 2 2 0 1 1219 3185 1046
5023 2 2 0 1 1370 3197 1125
5024 2 2 0 1 2619 2620 1871
5025 2 2 0 1 1039 1228 1041
5026 2 2 0 1 1028 3219 1420
5027 2 2 0 1 3121 3276 3262
5028 2 2 0 1 1041 1043 1042
5029 2 2 0 1 2109 2115 2015
5030 2 2 0 1 1149 3183 1147
5031 2 2 0 1 1441 1564 1479
5032 2 2 0 1 1975 1977 1976
5033 2 2 0 1 2399 2401 2400
5034 2 2 0 1 3121 3186 1174
5035 2 2 0 1 1696 2186 1922
5036 2 2 0 1 761 858 763
5037 2 2 0 1 827 857 829
5038 2 2 0 1 2111 3202 2804
5039 2 2 0 1 1369 1729 1590
5040 2 2 0 1 1125 3197 1419
5041 2 2 0 1 1168 3205 1166
5042 2 2 0 1 1336 1376 1335
5043 2 2 0 1 2840 3189 2841
5044 2 2 0 1 1721 1937 1798
5045 2 2 0 1 1046 3185 1044
5046 2 2 0 1 1147 3183 1862
5047 2 2 0 1 1276 3201 1456
5048 2 2 0 1 1172 1269 1212
5049 2 2 0 1 1098 2828 1246
5050 2 2 0 1 2772 2774 2773
5051 2 2 0 1 1041 1042 1040
5052 2 2 0 1 1221 3192 83
5053 2 2 0 1 2455 2456 2454
5054 2 2 0 1 1600 1860 1275
5055 2 2 0 1 1044 3185 1375
5056 2 2 0 1 1095 1097 1096
5057 2 2 0 1 2749 3239 860
5058 2 2 0 1 2619 2621 2620
5059 2 2 0 1 675 3171 1093
5060 2 2 0 1 1870 2592 2017
5061 2 2 0 1 2017 2619 1871
5062 2 2 0 1 1973 2140 2025
5063 2 2 0 1 2758 3206 2757
5064 2 2 0 1 2310 2311 2051
5065 2 2 0 1 1725 2015 2014
5066 2 2 0 1 1043 3187 1387
5067 2 2 0 1 2774 2779 2773
5068 2 2 0 1 1725 2014 1670
5069 2 2 0 1 2401 2402 2400
5070 2 2 0 1 1796 1889 1717
5071 2 2 0 1 1038 1220 1036
5072 2 2 0 1 1974 2097 1860
5073 2 2 0 1 1973 2025 1972
5074 2 2 0 1 2547 2549 2548
5075 2 2 0 1 1039 1041 1040
5076 2 2 0 1 651 3191 648
5077 2 2 0 1 2592 2674 2017
5078 2 2 0 1 3246 3276 1396
5079 2 2 0 1 1133 3220 759
5080 2 2 0 1 1244 3236 1288
5081 2 2 0 1 2540 2541 2539
5082 2 2 0 1 2702 2705 2704
5083 2 2 0 1 1687 3204 3145
5084 2 2 0 1 1290 1580 1291
5085 2 2 0 1 2544 2547 2545
5086 2 2 0 1 2235 2236 1984
5087 2 2 0 1 2237 2238 1986
5088 2 2 0 1 675 1093 1092
5089 2 2 0 1 2453 2455 2454
5090 2 2 0 1 2620 3268 3250
5091 2 2 0 1 3204 3212 2759
5092 2 2 0 1 2447 2482 2449
5093 2 2 0 1 1039 1040 1038
5094 2 2 0 1 2140 3257 2025
5095 2 2 0 1 1975 1976 1974
5096 2 2 0 1 2610 2617 2616
5097 2 2 0 1 3200 3206 1685
5098 2 2 0 1 1981 2091 1982
5099 2 2 0 1 1041 3187 1043
5100 2 2 0 1 2542 2543 2541
5101 2 2 0 1 2825 3209 1685
5102 2 2 0 1 1037 1039 1038
5103 2 2 0 1 1388 3210 1577
5104 2 2 0 1 1228 3187 1041
5105 2 2 0 1 1600 1975 1974
5106 2 2 0 1 1590 1725 1670
5107 2 2 0 1 1263 1600 1275
5108 2 2 0 1 2396 2399 2398
5109 2 2 0 1 1100 3200 1685
5110 2 2 0 1 1870 2017 1871
5111 2 2 0 1 2772 2773 2770
5112 2 2 0 1 2693 2728 836
5113 2 2 0 1 1590 1670 1370
5114 2 2 0 1 1420 3195 1025
5115 2 2 0 1 843 844 841
5116 2 2 0 1 778 782 776
5117 2 2 0 1 1600 1974 1860
5118 2 2 0 1 2586 2687 1801
5119 2 2 0 1 1270 1631 1455
5120 2 2 0 1 679 2633 677
5121 2 2 0 1 2420 3208 2419
5122 2 2 0 1 3190 3412 2108
5123 2 2 0 1 1803 1810 1809
5124 2 2 0 1 2454 2491 2452
5125 2 2 0 1 2399 2400 2398
5126 2 2 0 1 1478 1797 1658
5127 2 2 0 1 659 3263 660
5128 2 2 0 1 3171 3200 1093
5129 2 2 0 1 2783 3244 1928
5130 2 2 0 1 2683 3227 3181
5131 2 2 0 1 1862 3204 2759
5132 2 2 0 1 1805 3242 1286
5133 2 2 0 1 1104 3209 1404
5134 2 2 0 1 3192 3198 82
5135 2 2 0 1 2517 2518 1272
5136 2 2 0 1 1349 1351 1348
5137 2 2 0 1 1971 1973 1972
5138 2 2 0 1 2017 3188 2619
5139 2 2 0 1 1088 2215 1086
5140 2 2 0 1 1564 1640 1565
5141 2 2 0 1 1033 1384 1035
5142 2 2 0 1 2204 2205 2203
5143 2 2 0 1 1037 1038 1036
5144 2 2 0 1 2830 3216 1214
5145 2 2 0 1 1292 3203 1289
5146 2 2 0 1 2674 3188 2017
5147 2 2 0 1 2304 3292 3290
5148 2 2 0 1 1093 1095 1094
5149 2 2 0 1 1122 1377 1124
5150 2 2 0 1 1778 2239 1781
5151 2 2 0 1 2544 2566 2547
5152 2 2 0 1 3181 3227 894
5153 2 2 0 1 2453 2454 2452
5154 2 2 0 1 1685 3209 1102
5155 2 2 0 1 1971 1972 1868
5156 2 2 0 1 1035 1037 1036
5157 2 2 0 1 1872 3197 1370
5158 2 2 0 1 1369 1590 1370
5159 2 2 0 1 2542 2544 2543
5160 2 2 0 1 1358 1666 1357
5161 2 2 0 1 1866 3217 3154
5162 2 2 0 1 2042 3217 2903
5163 2 2 0 1 1456 3201 1708
5164 2 2 0 1 2097 3234 1860
5165 2 2 0 1 1686 3217 2042
5166 2 2 0 1 1347 1348 1346
5167 2 2 0 1 2536 2537 2535
5168 2 2 0 1 1996 3238 1655
5169 2 2 0 1 1870 1871 1869
5170 2 2 0 1 1026 1235 1225
5171 2 2 0 1 1055 1236 1226
5172 2 2 0 1 2867 3224 2868
5173 2 2 0 1 1631 2045 1751
5174 2 2 0 1 1098 1246 1105
5175 2 2 0 1 2451 2453 2452
5176 2 2 0 1 2394 2396 2395
5177 2 2 0 1 2677 3233 3232
5178 2 2 0 1 1118 1126 1117
5179 2 2 0 1 3217 3221 2903
5180 2 2 0 1 1089 2188 1091
5181 2 2 0 1 1480 2423 2422
5182 2 2 0 1 1490 2425 2424
5183 2 2 0 1 3171 3206 3200
5184 2 2 0 1 1751 1868 1455
5185 2 2 0 1 1093 3200 1095
5186 2 2 0 1 1032 1372 1030
5187 2 2 0 1 567 3233 3175
5188 2 2 0 1 1786 2004 2003
5189 2 2 0 1 1751 1971 1868
5190 2 2 0 1 2804 3202 2825
5191 2 2 0 1 1977 3223 2143
5192 2 2 0 1 2450 2487 2448
5193 2 2 0 1 1860 3201 1275
5194 2 2 0 1 2396 2398 2395
5195 2 2 0 1 1803 1809 1667
5196 2 2 0 1 1095 3200 1100
5197 2 2 0 1 2022 3230 1683
5198 2 2 0 1 835 2690 826
5199 2 2 0 1 3175 3233 2677
5200 2 2 0 1 1189 3233 573
5201 2 2 0 1 1271 2745 1270
5202 2 2 0 1 1035 1036 1034
5203 2 2 0 1 1275 3201 1276
5204 2 2 0 1 1030 3219 1028
5205 2 2 0 1 1708 1981 1602
5206 2 2 0 1 1269 3199 1212
5207 2 2 0 1 1874 3229 3151
5208 2 2 0 1 2668 2669 2667
5209 2 2 0 1 1825 3241 2786
5210 2 2 0 1 3149 3229 1874
5211 2 2 0 1 1288 3236 1587
5212 2 2 0 1 1152 3215 2735
5213 2 2 0 1 1890 2107 1889
5214 2 2 0 1 3244 3293 2025
5215 2 2 0 1 2313 2314 2311
5216 2 2 0 1 1877 2367 1797
5217 2 2 0 1 2872 3237 2870
5218 2 2 0 1 2043 3207 1692
5219 2 2 0 1 3183 3204 1862
5220 2 2 0 1 1662 1800 1663
5221 2 2 0 1 3145 3204 3183
5222 2 2 0 1 1270 1455 1158
5223 2 2 0 1 1212 3199 1263
5224 2 2 0 1 1631 1751 1455
5225 2 2 0 1 2580 2581 1659
5226 2 2 0 1 3230 3232 3016
5227 2 2 0 1 990 3222 1403
5228 2 2 0 1 1125 1419 1123
5229 2 2 0 1 946 1055 1054
5230 2 2 0 1 944 1026 1021
5231 2 2 0 1 2534 2535 2533
5232 2 2 0 1 1269 3223 3199
5233 2 2 0 1 1666 1870 1869
5234 2 2 0 1 1875 3362 3213
5235 2 2 0 1 1876 3361 3214
5236 2 2 0 1 2538 2540 2539
5237 2 2 0 1 2451 2452 2450
5238 2 2 0 1 1527 3241 2941
5239 2 2 0 1 3008 3241 1825
5240 2 2 0 1 991 3210 993
5241 2 2 0 1 1263 3199 1600
5242 2 2 0 1 1033 1035 1034
5243 2 2 0 1 860 3239 2752
5244 2 2 0 1 1600 3199 1975
5245 2 2 0 1 769 2754 882
5246 2 2 0 1 1869 3222 1357
5247 2 2 0 1 1369 1370 1125
5248 2 2 0 1 3199 3223 1975
5249 2 2 0 1 1325 1326 1324
5250 2 2 0 1 3241 3245 2786
5251 2 2 0 1 1995 2260 1996
5252 2 2 0 1 2443 2478 2445
5253 2 2 0 1 2449 2451 2450
5254 2 2 0 1 2088 3246 3122
5255 2 2 0 1 1870 3196 2592
5256 2 2 0 1 1102 3209 1104
5257 2 2 0 1 2540 2542 2541
5258 2 2 0 1 1166 3205 1815
5259 2 2 0 1 2757 3206 3171
5260 2 2 0 1 685 3303 674
5261 2 2 0 1 2759 3212 1864
5262 2 2 0 1 3121 3262 3186
5263 2 2 0 1 2042 3216 3212
5264 2 2 0 1 2625 3354 3304
5265 2 2 0 1 1357 3222 992
5266 2 2 0 1 1514 3270 2748
5267 2 2 0 1 1124 1369 1125
5268 2 2 0 1 1807 3270 1516
5269 2 2 0 1 2854 3315 2857
5270 2 2 0 1 2748 3239 2749
5271 2 2 0 1 2042 3212 1687
5272 2 2 0 1 858 3220 2668
5273 2 2 0 1 1810 2016 1809
5274 2 2 0 1 1324 3265 1321
5275 2 2 0 1 1456 1708 1602
5276 2 2 0 1 761 3220 858
5277 2 2 0 1 2394 2395 2393
5278 2 2 0 1 2386 2387 770
5279 2 2 0 1 3212 3216 1864
5280 2 2 0 1 1121 3231 1690
5281 2 2 0 1 1033 1034 1032
5282 2 2 0 1 1708 2095 1981
5283 2 2 0 1 1123 3231 1121
5284 2 2 0 1 2689 3270 1807
5285 2 2 0 1 1122 1124 1123
5286 2 2 0 1 965 3286 1074
5287 2 2 0 1 1028 1420 1025
5288 2 2 0 1 1864 3216 2830
5289 2 2 0 1 1809 3196 1667
5290 2 2 0 1 2786 3247 1825
5291 2 2 0 1 2025 3257 3244
5292 2 2 0 1 2735 3278 1162
5293 2 2 0 1 1124 1125 1123
5294 2 2 0 1 2449 2450 2448
5295 2 2 0 1 1666 1869 1357
5296 2 2 0 1 2425 2711 2424
5297 2 2 0 1 2423 2712 2422
5298 2 2 0 1 2391 2394 2393
5299 2 2 0 1 3405 3414 698
5300 2 2 0 1 2620 3250 1871
5301 2 2 0 1 3154 3217 1686
5302 2 2 0 1 1524 3258 1521
5303 2 2 0 1 2702 2704 2700
5304 2 2 0 1 2393 2642 2390
5305 2 2 0 1 2662 3247 2786
5306 2 2 0 1 1667 3196 1666
5307 2 2 0 1 2144 3276 3246
5308 2 2 0 1 1693 1882 1881
5309 2 2 0 1 665 2609 662
5310 2 2 0 1 2536 2538 2537
5311 2 2 0 1 1735 1912 1899
5312 2 2 0 1 1736 1911 1898
5313 2 2 0 1 1027 1383 1029
5314 2 2 0 1 2447 2449 2448
5315 2 2 0 1 1873 3221 1866
5316 2 2 0 1 2435 2503 1136
5317 2 2 0 1 1873 3224 3221
5318 2 2 0 1 1877 2368 2367
5319 2 2 0 1 1338 2606 1336
5320 2 2 0 1 2903 3221 1546
5321 2 2 0 1 2538 2567 2540
5322 2 2 0 1 3221 3224 1546
5323 2 2 0 1 2580 2582 2581
5324 2 2 0 1 1546 3224 2867
5325 2 2 0 1 3224 3226 2868
5326 2 2 0 1 759 3220 761
5327 2 2 0 1 1882 2050 1883
5328 2 2 0 1 2418 3301 2420
5329 2 2 0 1 2610 2616 661
5330 2 2 0 1 992 3222 990
5331 2 2 0 1 1031 1033 1032
5332 2 2 0 1 1792 2604 1475
5333 2 2 0 1 1320 3265 2657
5334 2 2 0 1 1495 1566 1493
5335 2 2 0 1 1485 1567 1483
5336 2 2 0 1 1327 1597 1326
5337 2 2 0 1 1874 3226 1873
5338 2 2 0 1 1113 1115 1114
5339 2 2 0 1 2573 2574 2571
5340 2 2 0 1 1800 3292 1663
5341 2 2 0 1 2364 3242 1805
5342 2 2 0 1 2894 3227 2683
5343 2 2 0 1 1286 3242 1106
5344 2 2 0 1 3201 3234 1708
5345 2 2 0 1 1523 3258 1662
5346 2 2 0 1 1388 1577 1568
5347 2 2 0 1 2529 2530 2527
5348 2 2 0 1 846 884 782
5349 2 2 0 1 845 887 844
5350 2 2 0 1 3195 3259 1023
5351 2 2 0 1 1975 3223 1977
5352 2 2 0 1 2677 3232 2022
5353 2 2 0 1 464 3284 2926
5354 2 2 0 1 1310 1313 1312
5355 2 2 0 1 2053 2054 1794
5356 2 2 0 1 3250 3268 1403
5357 2 2 0 1 1464 3238 1461
5358 2 2 0 1 1548 3294 839
5359 2 2 0 1 1682 3229 3149
5360 2 2 0 1 2752 3239 2689
5361 2 2 0 1 1682 3230 3229
5362 2 2 0 1 1109 1111 1110
5363 2 2 0 1 2278 2685 1458
5364 2 2 0 1 1162 3293 2782
5365 2 2 0 1 1121 1690 1119
5366 2 2 0 1 1440 1693 1692
5367 2 2 0 1 1478 1877 1797
5368 2 2 0 1 1683 3230 1682
5369 2 2 0 1 2643 3370 1333
5370 2 2 0 1 2317 2318 2315
5371 2 2 0 1 1708 3234 2095
5372 2 2 0 1 1334 3240 1337
5373 2 2 0 1 3016 3232 1189
5374 2 2 0 1 2446 2495 2444
5375 2 2 0 1 573 3233 567
5376 2 2 0 1 2387 3267 770
5377 2 2 0 1 1793 1794 1597
5378 2 2 0 1 2657 3235 2135
5379 2 2 0 1 734 3288 732
5380 2 2 0 1 2698 3225 87
5381 2 2 0 1 1031 1032 1030
5382 2 2 0 1 1640 1954 1641
5383 2 2 0 1 931 1129 972
5384 2 2 0 1 936 1131 971
5385 2 2 0 1 1868 3215 1455
5386 2 2 0 1 1666 3196 1870
5387 2 2 0 1 1662 3258 1867
5388 2 2 0 1 1320 2745 1271
5389 2 2 0 1 2447 2448 2446
5390 2 2 0 1 2390 3267 2387
5391 2 2 0 1 2389 2391 2390
5392 2 2 0 1 1122 1123 1121
5393 2 2 0 1 1111 1113 1112
5394 2 2 0 1 1937 1990 1938
5395 2 2 0 1 1455 3215 1158
5396 2 2 0 1 2388 2389 2387
5397 2 2 0 1 663 1478 1128
5398 2 2 0 1 2531 2534 2533
5399 2 2 0 1 2874 3237 2872
5400 2 2 0 1 1372 3219 1030
5401 2 2 0 1 2445 2447 2446
5402 2 2 0 1 3211 3385 2392
5403 2 2 0 1 2247 2671 1965
5404 2 2 0 1 1158 3215 1152
5405 2 2 0 1 1127 2716 1126
5406 2 2 0 1 1029 1031 1030
5407 2 2 0 1 3262 3276 2143
5408 2 2 0 1 2617 3379 2020
5409 2 2 0 1 3278 3293 1162
5410 2 2 0 1 2391 2393 2390
5411 2 2 0 1 2941 3241 3008
5412 2 2 0 1 2857 3300 3138
5413 2 2 0 1 1313 1395 1314
5414 2 2 0 1 2486 3291 2458
5415 2 2 0 1 2050 2310 2051
5416 2 2 0 1 765 2754 769
5417 2 2 0 1 500 3295 3042
5418 2 2 0 1 1533 3295 491
5419 2 2 0 1 1243 3236 1244
5420 2 2 0 1 1860 3234 3201
5421 2 2 0 1 1396 3276 3121
5422 2 2 0 1 1120 1122 1121
5423 2 2 0 1 1867 2417 1800
5424 2 2 0 1 3085 3245 1527
5425 2 2 0 1 2786 3245 2661
5426 2 2 0 1 2310 2313 2311
5427 2 2 0 1 1288 1587 1290
5428 2 2 0 1 2782 3244 2783
5429 2 2 0 1 2268 3373 888
5430 2 2 0 1 832 3294 830
5431 2 2 0 1 3085 3248 3245
5432 2 2 0 1 3245 3248 2661
5433 2 2 0 1 1623 3265 1324
5434 2 2 0 1 1113 1114 1112
5435 2 2 0 1 2321 2322 2319
5436 2 2 0 1 1419 3231 1123
5437 2 2 0 1 3244 3257 1928
5438 2 2 0 1 3122 3246 1396
5439 2 2 0 1 2534 2536 2535
5440 2 2 0 1 1029 1030 1028
5441 2 2 0 1 1114 1119 1112
5442 2 2 0 1 2896 3247 2662
5443 2 2 0 1 1362 3248 3085
5444 2 2 0 1 2661 3248 2653
5445 2 2 0 1 3215 3278 2735
5446 2 2 0 1 1362 3252 3248
5447 2 2 0 1 3248 3252 2653
5448 2 2 0 1 2328 2331 1748
5449 2 2 0 1 2336 2339 1749
5450 2 2 0 1 1302 3260 1299
5451 2 2 0 1 3305 3317 2679
5452 2 2 0 1 3065 3252 1362
5453 2 2 0 1 1873 3226 3224
5454 2 2 0 1 2653 3252 2651
5455 2 2 0 1 2605 3290 2417
5456 2 2 0 1 2389 2390 2387
5457 2 2 0 1 1117 1255 1115
5458 2 2 0 1 1871 3250 1869
5459 2 2 0 1 3065 3256 3252
5460 2 2 0 1 1691 2763 1422
5461 2 2 0 1 3252 3256 2651
5462 2 2 0 1 1995 1996 1655
5463 2 2 0 1 766 3297 764
5464 2 2 0 1 1955 2603 2068
5465 2 2 0 1 1024 3287 1027
5466 2 2 0 1 1361 3256 3065
5467 2 2 0 1 3222 3250 1403
5468 2 2 0 1 2651 3256 2647
5469 2 2 0 1 1109 1110 667
5470 2 2 0 1 1026 1225 1021
5471 2 2 0 1 1055 1226 1054
5472 2 2 0 1 1880 3297 773
5473 2 2 0 1 1809 3251 3196
5474 2 2 0 1 1361 3261 3256
5475 2 2 0 1 1662 1867 1800
5476 2 2 0 1 3256 3261 2647
5477 2 2 0 1 471 3366 2536
5478 2 2 0 1 2700 3225 2698
5479 2 2 0 1 1638 3249 1637
5480 2 2 0 1 947 1227 920
5481 2 2 0 1 3086 3261 1361
5482 2 2 0 1 2647 3261 2645
5483 2 2 0 1 673 2626 670
5484 2 2 0 1 2009 2364 1805
5485 2 2 0 1 1643 3218 1645
5486 2 2 0 1 2442 2443 2441
5487 2 2 0 1 1434 3287 1024
5488 2 2 0 1 3086 3264 3261
5489 2 2 0 1 2579 3306 2580
5490 2 2 0 1 1120 1121 1119
5491 2 2 0 1 3261 3264 2645
5492 2 2 0 1 1868 3278 3215
5493 2 2 0 1 2445 2446 2444
5494 2 2 0 1 1656 1994 1992
5495 2 2 0 1 2016 3251 1809
5496 2 2 0 1 1112 3228 1110
5497 2 2 0 1 1521 3258 1523
5498 2 2 0 1 1367 3264 3086
5499 2 2 0 1 2645 3264 2640
5500 2 2 0 1 1027 1029 1028
5501 2 2 0 1 3264 3266 2640
5502 2 2 0 1 1114 1120 1119
5503 2 2 0 1 1367 3266 3264
5504 2 2 0 1 3186 3262 1269
5505 2 2 0 1 1111 1112 1110
5506 2 2 0 1 1938 3285 2342
5507 2 2 0 1 3223 3262 2143
5508 2 2 0 1 1777 3328 1646
5509 2 2 0 1 1933 1998 1780
5510 2 2 0 1 2640 3266 2638
5511 2 2 0 1 1978 1980 1644
5512 2 2 0 1 2883 3266 1367
5513 2 2 0 1 1994 3370 2265
5514 2 2 0 1 2317 2319 2318
5515 2 2 0 1 2313 2315 2314
5516 2 2 0 1 3266 3269 2638
5517 2 2 0 1 2622 3268 2620
5518 2 2 0 1 1639 3325 1771
5519 2 2 0 1 1403 3268 3153
5520 2 2 0 1 2622 3271 3268
5521 2 2 0 1 2108 2150 2107
5522 2 2 0 1 2447 3299 2482
5523 2 2 0 1 2883 3269 3266
5524 2 2 0 1 1516 3270 1514
5525 2 2 0 1 1867 2418 2417
5526 2 2 0 1 1619 1707 1487
5527 2 2 0 1 1618 1706 1497
5528 2 2 0 1 3268 3271 3153
5529 2 2 0 1 3196 3251 2592
5530 2 2 0 1 1954 2603 1955
5531 2 2 0 1 1321 3265 1320
5532 2 2 0 1 2638 3269 2630
5533 2 2 0 1 3272 3273 2628
5534 2 2 0 1 1022 1023 945
5535 2 2 0 1 1491 1710 1236
5536 2 2 0 1 1481 1709 1235
5537 2 2 0 1 1360 3269 2883
5538 2 2 0 1 3269 3272 2630
5539 2 2 0 1 1131 1282 1132
5540 2 2 0 1 1129 1280 1130
5541 2 2 0 1 2317 2320 2319
5542 2 2 0 1 858 2668 2667
5543 2 2 0 1 1360 3272 3269
5544 2 2 0 1 2628 3273 2624
5545 2 2 0 1 3128 3273 3272
5546 2 2 0 1 2630 3272 2628
5547 2 2 0 1 1489 1649 1627
5548 2 2 0 1 1499 1652 1625
5549 2 2 0 1 1943 2078 2077
5550 2 2 0 1 1163 3273 3128
5551 2 2 0 1 2624 3271 2622
5552 2 2 0 1 3128 3272 1360
5553 2 2 0 1 2321 2323 2322
5554 2 2 0 1 2624 3273 3271
5555 2 2 0 1 1774 2000 1935
5556 2 2 0 1 3153 3271 1163
5557 2 2 0 1 1897 2118 2117
5558 2 2 0 1 2704 3225 2700
5559 2 2 0 1 3271 3273 1163
5560 2 2 0 1 1869 3250 3222
5561 2 2 0 1 2439 2440 2437
5562 2 2 0 1 3300 3301 1524
5563 2 2 0 1 3304 3354 2010
5564 2 2 0 1 1027 1028 1025
5565 2 2 0 1 2478 3299 2445
5566 2 2 0 1 1083 3352 2382
5567 2 2 0 1 1080 3351 2376
5568 2 2 0 1 2143 3276 2144
5569 2 2 0 1 537 2529 2527
5570 2 2 0 1 538 2573 2571
5571 2 2 0 1 2320 2321 2319
5572 2 2 0 1 1331 2716 1127
5573 2 2 0 1 1021 1022 945
5574 2 2 0 1 1280 1469 1281
5575 2 2 0 1 1282 1472 1283
5576 2 2 0 1 1376 1717 1573
5577 2 2 0 1 2004 2266 2005
5578 2 2 0 1 2443 2445 2444
5579 2 2 0 1 2439 2441 2440
5580 2 2 0 1 1022 1434 1024
5581 2 2 0 1 2972 3692 3079
5582 2 2 0 1 1596 1721 1400
5583 2 2 0 1 1596 1943 1942
5584 2 2 0 1 1422 2763 1700
5585 2 2 0 1 2313 2316 2315
5586 2 2 0 1 3309 3333 2083
5587 2 2 0 1 1326 1623 1324
5588 2 2 0 1 2926 3284 2927
5589 2 2 0 1 2788 3317 657
5590 2 2 0 1 1972 3278 1868
5591 2 2 0 1 934 3194 936
5592 2 2 0 1 929 3193 931
5593 2 2 0 1 916 952 914
5594 2 2 0 1 2104 2105 1878
5595 2 2 0 1 1269 3262 3223
5596 2 2 0 1 1346 3316 1342
5597 2 2 0 1 1896 2125 1750
5598 2 2 0 1 2316 2317 2315
5599 2 2 0 1 659 3305 3263
5600 2 2 0 1 946 947 920
5601 2 2 0 1 944 945 918
5602 2 2 0 1 1024 1027 1025
5603 2 2 0 1 2642 3267 2390
5604 2 2 0 1 1788 1983 1789
5605 2 2 0 1 1790 1985 1791
5606 2 2 0 1 946 1054 947
5607 2 2 0 1 944 1021 945
5608 2 2 0 1 732 3288 774
5609 2 2 0 1 1985 2237 1986
5610 2 2 0 1 1983 2235 1984
5611 2 2 0 1 2133 2276 2131
5612 2 2 0 1 2129 2274 2127
5613 2 2 0 1 1755 2166 2104
5614 2 2 0 1 660 3263 663
5615 2 2 0 1 1794 1795 1597
5616 2 2 0 1 1690 3228 1119
5617 2 2 0 1 1119 3228 1112
5618 2 2 0 1 1422 1700 1601
5619 2 2 0 1 1478 3263 1877
5620 2 2 0 1 1891 1897 1896
5621 2 2 0 1 995 2588 911
5622 2 2 0 1 1972 3293 3278
5623 2 2 0 1 917 944 918
5624 2 2 0 1 919 946 920
5625 2 2 0 1 1882 2421 2050
5626 2 2 0 1 1024 1025 1023
5627 2 2 0 1 2458 3291 2456
5628 2 2 0 1 952 2595 914
5629 2 2 0 1 1755 1878 1573
5630 2 2 0 1 663 3263 1478
5631 2 2 0 1 3419 3427 694
5632 2 2 0 1 2014 3320 1670
5633 2 2 0 1 1652 1790 1653
5634 2 2 0 1 1649 1788 1650
5635 2 2 0 1 2368 3305 2679
5636 2 2 0 1 1332 3298 1331
5637 2 2 0 1 1943 2077 1942
5638 2 2 0 1 1074 3286 1691
5639 2 2 0 1 2004 2304 2266
5640 2 2 0 1 2025 3293 1972
5641 2 2 0 1 1700 1891 1750
5642 2 2 0 1 936 3194 1131
5643 2 2 0 1 931 3193 1129
5644 2 2 0 1 928 1015 929
5645 2 2 0 1 933 1014 934
5646 2 2 0 1 2454 3319 2491
5647 2 2 0 1 1382 1647 1082
5648 2 2 0 1 1380 1648 1085
5649 2 2 0 1 1296 3302 1297
5650 2 2 0 1 1376 1573 1335
5651 2 2 0 1 491 3295 500
5652 2 2 0 1 1054 1076 947
5653 2 2 0 1 575 3606 2244
5654 2 2 0 1 659 3317 3305
5655 2 2 0 1 1897 2117 1896
5656 2 2 0 1 918 1371 885
5657 2 2 0 1 1022 1024 1023
5658 2 2 0 1 1027 3287 1383
5659 2 2 0 1 1307 3321 1310
5660 2 2 0 1 667 3279 665
5661 2 2 0 1 2443 2444 2441
5662 2 2 0 1 1999 2290 1998
5663 2 2 0 1 1300 1596 1400
5664 2 2 0 1 113 1222 112
5665 2 2 0 1 1601 1879 1421
5666 2 2 0 1 742 3329 740
5667 2 2 0 1 2295 3341 3303
5668 2 2 0 1 1439 1730 1628
5669 2 2 0 1 29 1223 28
5670 2 2 0 1 3138 3300 1524
5671 2 2 0 1 1730 2082 2044
5672 2 2 0 1 1693 3334 2664
5673 2 2 0 1 2424 3326 1875
5674 2 2 0 1 2422 3327 1876
5675 2 2 0 1 1439 1440 1250
5676 2 2 0 1 1596 1942 1721
5677 2 2 0 1 3298 3332 1331
5678 2 2 0 1 2594 3324 2260
5679 2 2 0 1 2000 2298 2001
5680 2 2 0 1 1524 3301 3258
5681 2 2 0 1 2580 3306 2583
5682 2 2 0 1 1126 3281 1117
5683 2 2 0 1 2053 3478 2054
5684 2 2 0 1 665 3279 2609
5685 2 2 0 1 1717 1755 1573
5686 2 2 0 1 2417 3290 1800
5687 2 2 0 1 1117 3281 1255
5688 2 2 0 1 1891 1896 1750
5689 2 2 0 1 2654 3349 1142
5690 2 2 0 1 780 853 711
5691 2 2 0 1 1663 3292 1786
5692 2 2 0 1 3258 3301 1867
5693 2 2 0 1 674 3303 673
5694 2 2 0 1 3263 3305 1877
5695 2 2 0 1 1755 2104 1878
5696 2 2 0 1 466 3337 2838
5697 2 2 0 1 965 1072 952
5698 2 2 0 1 706 786 726
5699 2 2 0 1 1074 1422 1421
5700 2 2 0 1 189 1273 188
5701 2 2 0 1 269 1274 268
5702 2 2 0 1 1867 3301 2418
5703 2 2 0 1 911 951 915
5704 2 2 0 1 1110 3279 667
5705 2 2 0 1 1116 3367 1118
5706 2 2 0 1 1700 1750 1601
5707 2 2 0 1 1016 1267 1249
5708 2 2 0 1 878 916 914
5709 2 2 0 1 945 3259 918
5710 2 2 0 1 1783 3249 1638
5711 2 2 0 1 965 1074 1073
5712 2 2 0 1 841 1548 839
5713 2 2 0 1 2362 3347 2008
5714 2 2 0 1 1422 1601 1421
5715 2 2 0 1 1645 3218 1787
5716 2 2 0 1 2445 3299 2447
5717 2 2 0 1 1646 3308 1353
5718 2 2 0 1 1762 1767 1474
5719 2 2 0 1 1763 1764 1471
5720 2 2 0 1 1249 1250 1001
5721 2 2 0 1 951 1016 1001
5722 2 2 0 1 1491 3254 1710
5723 2 2 0 1 1481 3255 1709
5724 2 2 0 1 919 920 888
5725 2 2 0 1 917 918 885
5726 2 2 0 1 291 3338 290
5727 2 2 0 1 1439 1628 1440
5728 2 2 0 1 2107 2112 1889
5729 2 2 0 1 1022 3277 1434
5730 2 2 0 1 1695 2008 1390
5731 2 2 0 1 2008 3347 3307
5732 2 2 0 1 2043 3355 3207
5733 2 2 0 1 884 917 885
5734 2 2 0 1 887 919 888
5735 2 2 0 1 1877 3305 2368
5736 2 2 0 1 1317 3311 1639
5737 2 2 0 1 3291 3319 2456
5738 2 2 0 1 31 448 30
5739 2 2 0 1 111 449 110
5740 2 2 0 1 191 450 190
5741 2 2 0 1 271 447 270
5742 2 2 0 1 776 1880 773
5743 2 2 0 1 1073 1441 1072
5744 2 2 0 1 1730 2044 1628
5745 2 2 0 1 1889 3310 1717
5746 2 2 0 1 3454 3469 1691
5747 2 2 0 1 1341 2606 1338
5748 2 2 0 1 1786 3292 2004
5749 2 2 0 1 1021 3277 1022
5750 2 2 0 1 1023 3259 945
5751 2 2 0 1 916 965 952
5752 2 2 0 1 3228 3279 1110
5753 2 2 0 1 2437 3289 2435
5754 2 2 0 1 918 3259 1371
5755 2 2 0 1 2602 3356 848
5756 2 2 0 1 2010 3354 2343
5757 2 2 0 1 965 1073 1072
5758 2 2 0 1 1225 3277 1021
5759 2 2 0 1 28 3274 27
5760 2 2 0 1 1991 3413 3285
5761 2 2 0 1 2857 3315 3300
5762 2 2 0 1 2004 3292 2304
5763 2 2 0 1 906 1006 928
5764 2 2 0 1 908 1007 933
5765 2 2 0 1 1919 3280 1595
5766 2 2 0 1 33 1216 32
5767 2 2 0 1 193 1217 192
5768 2 2 0 1 273 1215 272
5769 2 2 0 1 2115 3312 2015
5770 2 2 0 1 2874 3420 3237
5771 2 2 0 1 1597 3296 1326
5772 2 2 0 1 188 3282 187
5773 2 2 0 1 268 3283 267
5774 2 2 0 1 1736 1898 1706
5775 2 2 0 1 1735 1899 1707
5776 2 2 0 1 1354 3316 1346
5777 2 2 0 1 2435 3289 2503
5778 2 2 0 1 2743 3345 2668
5779 2 2 0 1 1249 1439 1250
5780 2 2 0 1 1479 3354 2625
5781 2 2 0 1 1335 3298 1332
5782 2 2 0 1 1795 3296 1597
5783 2 2 0 1 2697 3381 1562
5784 2 2 0 1 3312 3313 2015
5785 2 2 0 1 1326 3296 1623
5786 2 2 0 1 1016 1249 1001
5787 2 2 0 1 869 3336 785
5788 2 2 0 1 1342 3316 1341
5789 2 2 0 1 1392 2010 1698
5790 2 2 0 1 2015 3313 2014
5791 2 2 0 1 109 1218 108
5792 2 2 0 1 1566 3254 1493
5793 2 2 0 1 1567 3255 1483
5794 2 2 0 1 1440 3334 1693
5795 2 2 0 1 1014 3194 934
5796 2 2 0 1 1015 3193 929
5797 2 2 0 1 911 915 867
5798 2 2 0 1 1493 3254 1491
5799 2 2 0 1 1483 3255 1481
5800 2 2 0 1 2731 3353 2733
5801 2 2 0 1 35 574 34
5802 2 2 0 1 115 575 114
5803 2 2 0 1 195 576 194
5804 2 2 0 1 275 577 274
5805 2 2 0 1 2491 3348 2452
5806 2 2 0 1 1297 3302 1300
5807 2 2 0 1 2112 3310 1889
5808 2 2 0 1 2440 3289 2437
5809 2 2 0 1 657 3317 659
5810 2 2 0 1 1755 3310 2166
5811 2 2 0 1 1596 3302 1943
5812 2 2 0 1 2764 3384 1560
5813 2 2 0 1 2450 3348 2487
5814 2 2 0 1 2456 3319 2454
5815 2 2 0 1 2874 3423 3420
5816 2 2 0 1 951 1001 915
5817 2 2 0 1 884 885 782
5818 2 2 0 1 887 888 844
5819 2 2 0 1 1670 3320 1872
5820 2 2 0 1 1788 2256 1983
5821 2 2 0 1 1790 2257 1985
5822 2 2 0 1 2420 3315 3208
5823 2 2 0 1 1074 1421 1073
5824 2 2 0 1 1441 1727 1564
5825 2 2 0 1 1139 2588 995
5826 2 2 0 1 555 3463 2508
5827 2 2 0 1 1878 3298 1573
5828 2 2 0 1 1306 3321 1307
5829 2 2 0 1 1878 3332 3298
5830 2 2 0 1 2312 3405 3393
5831 2 2 0 1 2412 3470 2413
5832 2 2 0 1 1310 3321 1397
5833 2 2 0 1 3300 3315 2420
5834 2 2 0 1 27 587 26
5835 2 2 0 1 107 588 106
5836 2 2 0 1 187 589 186
5837 2 2 0 1 267 590 266
5838 2 2 0 1 1573 3298 1335
5839 2 2 0 1 2588 3307 2589
5840 2 2 0 1 1745 1747 1585
5841 2 2 0 1 2495 3343 2444
5842 2 2 0 1 1717 3310 1755
5843 2 2 0 1 1300 3302 1596
5844 2 2 0 1 2669 3318 2667
5845 2 2 0 1 2499 3418 2497
5846 2 2 0 1 3372 3387 853
5847 2 2 0 1 730 3365 733
5848 2 2 0 1 1348 1354 1346
5849 2 2 0 1 1611 1919 1595
5850 2 2 0 1 1952 2614 1951
5851 2 2 0 1 1808 3377 2706
5852 2 2 0 1 2020 3380 2019
5853 2 2 0 1 1771 3325 1774
5854 2 2 0 1 2000 2299 2298
5855 2 2 0 1 1780 3328 1777
5856 2 2 0 1 3307 3347 2589
5857 2 2 0 1 2019 3382 2697
5858 2 2 0 1 2487 3359 2448
5859 2 2 0 1 1374 3329 742
5860 2 2 0 1 2290 2291 1998
5861 2 2 0 1 2697 3382 3381
5862 2 2 0 1 1439 3309 1730
5863 2 2 0 1 3240 3370 1994
5864 2 2 0 1 2595 3304 1138
5865 2 2 0 1 831 3360 834
5866 2 2 0 1 2446 3359 2495
5867 2 2 0 1 1998 3328 1780
5868 2 2 0 1 1310 1397 1313
5869 2 2 0 1 1267 3309 1249
5870 2 2 0 1 3380 3382 2019
5871 2 2 0 1 2609 3350 2610
5872 2 2 0 1 1593 1895 1724
5873 2 2 0 1 2441 3343 2440
5874 2 2 0 1 2102 2103 1724
5875 2 2 0 1 1774 3325 2000
5876 2 2 0 1 1138 3304 1392
5877 2 2 0 1 3433 3443 690
5878 2 2 0 1 117 3342 116
5879 2 2 0 1 25 3331 24
5880 2 2 0 1 1611 2048 2047
5881 2 2 0 1 1472 1762 1474
5882 2 2 0 1 1469 1763 1471
5883 2 2 0 1 2536 3366 2538
5884 2 2 0 1 2734 3337 466
5885 2 2 0 1 3379 3380 2020
5886 2 2 0 1 290 3338 1433
5887 2 2 0 1 1895 2147 2102
5888 2 2 0 1 1390 3307 1139
5889 2 2 0 1 2048 2049 2047
5890 2 2 0 1 2105 3332 1878
5891 2 2 0 1 1331 3332 2716
5892 2 2 0 1 880 3339 906
5893 2 2 0 1 1249 3309 1439
5894 2 2 0 1 1082 3351 1080
5895 2 2 0 1 1085 3352 1083
5896 2 2 0 1 1640 1957 1954
5897 2 2 0 1 1223 3274 28
5898 2 2 0 1 1073 3314 1441
5899 2 2 0 1 1879 3314 1421
5900 2 2 0 1 2014 3384 3320
5901 2 2 0 1 2542 3369 2544
5902 2 2 0 1 38 1002 37
5903 2 2 0 1 118 1003 117
5904 2 2 0 1 198 1004 197
5905 2 2 0 1 278 1005 277
5906 2 2 0 1 928 3322 1015
5907 2 2 0 1 2064 3590 2063
5908 2 2 0 1 3385 3392 2392
5909 2 2 0 1 2847 3395 2485
5910 2 2 0 1 3430 3447 1886
5911 2 2 0 1 2549 3371 2551
5912 2 2 0 1 1485 3357 1567
5913 2 2 0 1 1495 3358 1566
5914 2 2 0 1 1280 1470 1469
5915 2 2 0 1 1282 1473 1472
5916 2 2 0 1 1628 3334 1440
5917 2 2 0 1 1273 3282 188
5918 2 2 0 1 1274 3283 268
5919 2 2 0 1 3303 3341 673
5920 2 2 0 1 3214 3361 1649
5921 2 2 0 1 3213 3362 1652
5922 2 2 0 1 2102 2230 2103
5923 2 2 0 1 2655 3349 2654
5924 2 2 0 1 848 3356 878
5925 2 2 0 1 1371 3323 885
5926 2 2 0 1 2451 3374 2475
5927 2 2 0 1 1763 2175 1764
5928 2 2 0 1 1762 2177 1767
5929 2 2 0 1 184 1059 183
5930 2 2 0 1 264 1061 263
5931 2 2 0 1 1762 2178 2177
5932 2 2 0 1 1763 2176 2175
5933 2 2 0 1 2482 3374 2449
5934 2 2 0 1 720 3376 729
5935 2 2 0 1 1421 3314 1073
5936 2 2 0 1 1665 3444 2323
5937 2 2 0 1 782 3323 776
5938 2 2 0 1 906 3339 1006
5939 2 2 0 1 2476 3397 2821
5940 2 2 0 1 1593 1724 1351
5941 2 2 0 1 2066 3607 2067
5942 2 2 0 1 1392 3304 2010
5943 2 2 0 1 1395 1611 1595
5944 2 2 0 1 2291 3328 1998
5945 2 2 0 1 1006 3322 928
5946 2 2 0 1 2738 3386 2742
5947 2 2 0 1 2000 3325 2299
5948 2 2 0 1 1441 3314 1727
5949 2 2 0 1 776 3323 1880
5950 2 2 0 1 1267 3333 3309
5951 2 2 0 1 1216 3620 2179
5952 2 2 0 1 23 3330 22
5953 2 2 0 1 3279 3350 2609
5954 2 2 0 1 2008 3307 1390
5955 2 2 0 1 2007 3388 2006
5956 2 2 0 1 673 3341 2626
5957 2 2 0 1 916 3356 3286
5958 2 2 0 1 2452 3348 2450
5959 2 2 0 1 2668 3345 2669
5960 2 2 0 1 2732 3353 2731
5961 2 2 0 1 3207 3355 915
5962 2 2 0 1 1706 3358 1497
5963 2 2 0 1 1707 3357 1487
5964 2 2 0 1 3228 3350 3279
5965 2 2 0 1 2444 3343 2441
5966 2 2 0 1 1585 3333 1267
5967 2 2 0 1 3468 3470 2412
5968 2 2 0 1 3350 3368 2610
5969 2 2 0 1 1895 2102 1724
5970 2 2 0 1 2178 2223 2177
5971 2 2 0 1 2176 2222 2175
5972 2 2 0 1 24 1058 23
5973 2 2 0 1 104 1060 103
5974 2 2 0 1 2043 3372 3355
5975 2 2 0 1 1883 3387 1881
5976 2 2 0 1 1649 3361 1788
5977 2 2 0 1 1652 3362 1790
5978 2 2 0 1 912 3383 605
5979 2 2 0 1 27 3274 587
5980 2 2 0 1 885 3323 782
5981 2 2 0 1 1487 3357 1485
5982 2 2 0 1 1497 3358 1495
5983 2 2 0 1 915 3355 867
5984 2 2 0 1 1611 2047 1919
5985 2 2 0 1 1747 3333 1585
5986 2 2 0 1 187 3282 589
5987 2 2 0 1 267 3283 590
5988 2 2 0 1 119 3344 118
5989 2 2 0 1 3320 3384 2764
5990 2 2 0 1 1351 3335 1348
5991 2 2 0 1 1690 3350 3228
5992 2 2 0 1 3412 3434 2108
5993 2 2 0 1 867 3355 847
5994 2 2 0 1 2108 3434 2150
5995 2 2 0 1 1647 3351 1082
5996 2 2 0 1 1648 3352 1085
5997 2 2 0 1 1139 3307 2588
5998 2 2 0 1 834 3360 880
5999 2 2 0 1 2821 3407 2476
6000 2 2 0 1 3274 3275 587
6001 2 2 0 1 1899 1903 1707
6002 2 2 0 1 1898 1902 1706
6003 2 2 0 1 2489 3391 2852
6004 2 2 0 1 1007 3378 2501
6005 2 2 0 1 1313 3340 1395
6006 2 2 0 1 2448 3359 2446
6007 2 2 0 1 2610 3368 2617
6008 2 2 0 1 2065 2614 1952
6009 2 2 0 1 1727 3346 1564
6010 2 2 0 1 2256 3364 1983
6011 2 2 0 1 2257 3363 1985
6012 2 2 0 1 878 3356 916
6013 2 2 0 1 1348 3335 1354
6014 2 2 0 1 729 3365 730
6015 2 2 0 1 880 3360 3339
6016 2 2 0 1 3341 3377 1808
6017 2 2 0 1 1690 3368 3350
6018 2 2 0 1 780 3372 853
6019 2 2 0 1 2538 3366 2567
6020 2 2 0 1 841 3373 1548
6021 2 2 0 1 1262 3389 59
6022 2 2 0 1 1983 3364 2235
6023 2 2 0 1 1985 3363 2237
6024 2 2 0 1 3477 3479 1897
6025 2 2 0 1 1564 3346 1640
6026 2 2 0 1 3450 3457 679
6027 2 2 0 1 2103 3335 1724
6028 2 2 0 1 2706 3367 1116
6029 2 2 0 1 1397 3340 1313
6030 2 2 0 1 2754 3378 882
6031 2 2 0 1 40 1961 39
6032 2 2 0 1 120 1962 119
6033 2 2 0 1 200 1963 199
6034 2 2 0 1 280 1964 279
6035 2 2 0 1 1991 3435 3413
6036 2 2 0 1 2043 3387 3372
6037 2 2 0 1 2302 3416 687
6038 2 2 0 1 1611 3340 2048
6039 2 2 0 1 2667 3408 2666
6040 2 2 0 1 2475 3390 2453
6041 2 2 0 1 1724 3335 1351
6042 2 2 0 1 1902 3358 1706
6043 2 2 0 1 1903 3357 1707
6044 2 2 0 1 2178 3472 2223
6045 2 2 0 1 1003 3342 117
6046 2 2 0 1 1640 3346 1957
6047 2 2 0 1 888 3373 844
6048 2 2 0 1 1788 3361 2256
6049 2 2 0 1 1790 3362 2257
6050 2 2 0 1 3193 3375 1129
6051 2 2 0 1 2665 3411 1802
6052 2 2 0 1 2488 3391 2472
6053 2 2 0 1 2470 3391 2489
6054 2 2 0 1 3368 3379 2617
6055 2 2 0 1 3231 3368 1690
6056 2 2 0 1 908 3378 1007
6057 2 2 0 1 2457 3394 2476
6058 2 2 0 1 1395 3340 1611
6059 2 2 0 1 2544 3369 2566
6060 2 2 0 1 1333 3370 3240
6061 2 2 0 1 3195 3410 3392
6062 2 2 0 1 2821 3397 2822
6063 2 2 0 1 2844 3395 2847
6064 2 2 0 1 3444 3457 2323
6065 2 2 0 1 2295 3377 3341
6066 2 2 0 1 2551 3371 2564
6067 2 2 0 1 3355 3372 847
6068 2 2 0 1 2739 3397 2740
6069 2 2 0 1 699 3405 698
6070 2 2 0 1 2631 3393 853
6071 2 2 0 1 1880 3385 3211
6072 2 2 0 1 1989 3404 1884
6073 2 2 0 1 24 3331 1058
6074 2 2 0 1 3438 3440 2496
6075 2 2 0 1 2449 3374 2451
6076 2 2 0 1 847 3372 780
6077 2 2 0 1 3042 3406 559
6078 2 2 0 1 596 3406 912
6079 2 2 0 1 844 3373 841
6080 2 2 0 1 708 3376 720
6081 2 2 0 1 1280 3375 1470
6082 2 2 0 1 3231 3379 3368
6083 2 2 0 1 2476 3407 2459
6084 2 2 0 1 2754 3408 3378
6085 2 2 0 1 118 3344 1003
6086 2 2 0 1 2296 3377 2295
6087 2 2 0 1 1129 3375 1280
6088 2 2 0 1 2497 3418 2438
6089 2 2 0 1 853 3393 711
6090 2 2 0 1 708 3383 3376
6091 2 2 0 1 1058 3330 23
6092 2 2 0 1 2463 3409 2477
6093 2 2 0 1 2312 3414 3405
6094 2 2 0 1 882 3378 908
6095 2 2 0 1 3197 3380 1419
6096 2 2 0 1 2416 3447 3288
6097 2 2 0 1 3197 3382 3380
6098 2 2 0 1 1419 3380 3379
6099 2 2 0 1 3237 3415 2870
6100 2 2 0 1 1419 3379 3231
6101 2 2 0 1 2314 3414 2311
6102 2 2 0 1 3381 3382 1872
6103 2 2 0 1 1380 3398 1648
6104 2 2 0 1 1382 3399 1647
6105 2 2 0 1 605 3383 708
6106 2 2 0 1 3195 3392 3259
6107 2 2 0 1 1872 3382 3197
6108 2 2 0 1 2505 3426 2493
6109 2 2 0 1 1731 3424 1969
6110 2 2 0 1 1732 3425 1967
6111 2 2 0 1 729 3445 3365
6112 2 2 0 1 2477 3415 3237
6113 2 2 0 1 2819 3415 2820
6114 2 2 0 1 695 3419 694
6115 2 2 0 1 2742 3386 2744
6116 2 2 0 1 1881 3387 2043
6117 2 2 0 1 1371 3385 3323
6118 2 2 0 1 2439 3418 2442
6119 2 2 0 1 3323 3385 1880
6120 2 2 0 1 2477 3420 2465
6121 2 2 0 1 2006 3388 2636
6122 2 2 0 1 3320 3381 1872
6123 2 2 0 1 3365 3440 733
6124 2 2 0 1 3237 3420 2477
6125 2 2 0 1 3313 3384 2014
6126 2 2 0 1 2207 3486 1651
6127 2 2 0 1 2211 3485 1654
6128 2 2 0 1 1962 3344 119
6129 2 2 0 1 2469 3423 2483
6130 2 2 0 1 687 3416 706
6131 2 2 0 1 2633 3444 1811
6132 2 2 0 1 2873 3428 2874
6133 2 2 0 1 896 3429 3082
6134 2 2 0 1 3014 3429 3013
6135 2 2 0 1 774 3430 1252
6136 2 2 0 1 2170 3473 2158
6137 2 2 0 1 2171 3474 2157
6138 2 2 0 1 3392 3410 2392
6139 2 2 0 1 691 3433 690
6140 2 2 0 1 2314 3427 3419
6141 2 2 0 1 59 3389 58
6142 2 2 0 1 3378 3408 2501
6143 2 2 0 1 2318 3427 2315
6144 2 2 0 1 2453 3390 2455
6145 2 2 0 1 1371 3392 3385
6146 2 2 0 1 2501 3455 2500
6147 2 2 0 1 2394 3437 2397
6148 2 2 0 1 2656 3444 1665
6149 2 2 0 1 1220 3451 3448
6150 2 2 0 1 3390 3394 2455
6151 2 2 0 1 1036 3439 1034
6152 2 2 0 1 3194 3422 1131
6153 2 2 0 1 2496 3440 3365
6154 2 2 0 1 735 3440 1179
6155 2 2 0 1 2472 3391 2470
6156 2 2 0 1 3668 3803 2696
6157 2 2 0 1 2455 3394 2457
6158 2 2 0 1 1034 3441 1032
6159 2 2 0 1 2496 3445 2490
6160 2 2 0 1 711 3393 702
6161 2 2 0 1 680 3450 679
6162 2 2 0 1 2310 3465 1328
6163 2 2 0 1 3259 3392 1371
6164 2 2 0 1 2397 3448 2396
6165 2 2 0 1 1470 3417 1469
6166 2 2 0 1 2322 3443 2319
6167 2 2 0 1 1886 3449 1550
6168 2 2 0 1 1282 3422 1473
6169 2 2 0 1 1222 3591 2221
6170 2 2 0 1 1763 3417 2176
6171 2 2 0 1 2845 3395 2844
6172 2 2 0 1 2399 3451 2401
6173 2 2 0 1 2597 3462 2596
6174 2 2 0 1 3318 3455 2501
6175 2 2 0 1 2822 3397 2739
6176 2 2 0 1 1636 3452 1936
6177 2 2 0 1 2211 3400 1968
6178 2 2 0 1 2207 3401 1966
6179 2 2 0 1 1252 3396 2081
6180 2 2 0 1 1606 3398 1380
6181 2 2 0 1 1604 3399 1382
6182 2 2 0 1 1968 3402 1606
6183 2 2 0 1 1966 3403 1604
6184 2 2 0 1 2404 3456 3453
6185 2 2 0 1 1042 3453 1040
6186 2 2 0 1 1884 3404 1886
6187 2 2 0 1 2404 3459 2403
6188 2 2 0 1 554 3460 2504
6189 2 2 0 1 1038 3456 1220
6190 2 2 0 1 2318 3443 3433
6191 2 2 0 1 1894 3458 2217
6192 2 2 0 1 1756 3458 1633
6193 2 2 0 1 702 3405 699
6194 2 2 0 1 559 3406 596
6195 2 2 0 1 3393 3405 702
6196 2 2 0 1 1354 3412 3190
6197 2 2 0 1 3400 3402 1968
6198 2 2 0 1 3401 3403 1966
6199 2 2 0 1 1606 3402 3398
6200 2 2 0 1 1604 3403 3399
6201 2 2 0 1 3365 3445 2496
6202 2 2 0 1 2459 3407 2461
6203 2 2 0 1 3286 3454 1691
6204 2 2 0 1 3493 3495 852
6205 2 2 0 1 3494 3496 851
6206 2 2 0 1 2483 3432 3125
6207 2 2 0 1 1420 3410 3195
6208 2 2 0 1 2666 3408 2754
6209 2 2 0 1 3285 3413 1397
6210 2 2 0 1 3014 3776 3429
6211 2 2 0 1 3407 3409 2461
6212 2 2 0 1 2063 3592 2065
6213 2 2 0 1 3467 3468 2412
6214 2 2 0 1 2601 3469 3454
6215 2 2 0 1 2461 3409 2463
6216 2 2 0 1 1420 3421 3410
6217 2 2 0 1 2392 3410 2388
6218 2 2 0 1 2068 3605 2066
6219 2 2 0 1 1642 3411 2665
6220 2 2 0 1 2311 3414 2312
6221 2 2 0 1 3134 3468 3174
6222 2 2 0 1 1473 3446 1472
6223 2 2 0 1 1762 3446 2178
6224 2 2 0 1 3335 3412 1354
6225 2 2 0 1 2050 3465 2310
6226 2 2 0 1 2116 3715 459
6227 2 2 0 1 2870 3415 2819
6228 2 2 0 1 1252 3430 3404
6229 2 2 0 1 1397 3413 3340
6230 2 2 0 1 3219 3421 1420
6231 2 2 0 1 3410 3421 2388
6232 2 2 0 1 3125 3432 2492
6233 2 2 0 1 1923 3589 3275
6234 2 2 0 1 1466 3475 1465
6235 2 2 0 1 706 3416 786
6236 2 2 0 1 2176 3471 2222
6237 2 2 0 1 698 3419 695
6238 2 2 0 1 3432 3438 2492
6239 2 2 0 1 2438 3418 2439
6240 2 2 0 1 2465 3420 2467
6241 2 2 0 1 2314 3419 3414
6242 2 2 0 1 2322 3457 3450
6243 2 2 0 1 2221 3594 1222
6244 2 2 0 1 2492 3438 2496
6245 2 2 0 1 3219 3431 3421
6246 2 2 0 1 3447 3449 1886
6247 2 2 0 1 3420 3423 2467
6248 2 2 0 1 2388 3421 2389
6249 2 2 0 1 3460 3472 2178
6250 2 2 0 1 2103 3412 3335
6251 2 2 0 1 1469 3417 1763
6252 2 2 0 1 1223 3604 2234
6253 2 2 0 1 3413 3435 2048
6254 2 2 0 1 2565 3526 1929
6255 2 2 0 1 2092 3480 2587
6256 2 2 0 1 3340 3413 2048
6257 2 2 0 1 1131 3422 1282
6258 2 2 0 1 2467 3423 2469
6259 2 2 0 1 3590 3592 2063
6260 2 2 0 1 2103 3434 3412
6261 2 2 0 1 1969 3424 2213
6262 2 2 0 1 1967 3425 2209
6263 2 2 0 1 2493 3426 2498
6264 2 2 0 1 3421 3431 2389
6265 2 2 0 1 1372 3431 3219
6266 2 2 0 1 2220 3631 449
6267 2 2 0 1 2888 3428 2873
6268 2 2 0 1 3334 3478 2053
6269 2 2 0 1 1372 3437 3431
6270 2 2 0 1 3013 3429 896
6271 2 2 0 1 2315 3427 2314
6272 2 2 0 1 2389 3431 2391
6273 2 2 0 1 3404 3430 1886
6274 2 2 0 1 1891 3477 1897
6275 2 2 0 1 3288 3430 774
6276 2 2 0 1 1466 3479 3477
6277 2 2 0 1 3605 3607 2066
6278 2 2 0 1 555 3471 3463
6279 2 2 0 1 3431 3437 2391
6280 2 2 0 1 2318 3433 3427
6281 2 2 0 1 448 3623 2233
6282 2 2 0 1 2931 3436 2933
6283 2 2 0 1 694 3433 691
6284 2 2 0 1 535 3810 2150
6285 2 2 0 1 2049 3489 2514
6286 2 2 0 1 1628 3478 3334
6287 2 2 0 1 2888 3438 3432
6288 2 2 0 1 3437 3441 2397
6289 2 2 0 1 2934 3436 2931
6290 2 2 0 1 3429 3776 1936
6291 2 2 0 1 1179 3438 2888
6292 2 2 0 1 2391 3437 2394
6293 2 2 0 1 3505 3509 1710
6294 2 2 0 1 3504 3508 1709
6295 2 2 0 1 2048 3435 2049
6296 2 2 0 1 1220 3439 1036
6297 2 2 0 1 2230 3434 2103
6298 2 2 0 1 733 3440 735
6299 2 2 0 1 2601 3454 2602
6300 2 2 0 1 1811 3444 2656
6301 2 2 0 1 2322 3450 3443
6302 2 2 0 1 679 3457 2633
6303 2 2 0 1 1032 3441 1372
6304 2 2 0 1 2415 3447 2416
6305 2 2 0 1 3439 3448 2397
6306 2 2 0 1 2319 3443 2318
6307 2 2 0 1 2057 3506 2576
6308 2 2 0 1 2490 3445 2494
6309 2 2 0 1 3428 3432 2483
6310 2 2 0 1 3275 3593 1923
6311 2 2 0 1 2396 3448 2399
6312 2 2 0 1 1220 3456 3451
6313 2 2 0 1 1550 3449 1551
6314 2 2 0 1 1937 3744 1990
6315 2 2 0 1 3414 3419 698
6316 2 2 0 1 690 3450 680
6317 2 2 0 1 2478 3455 3318
6318 2 2 0 1 2401 3451 2404
6319 2 2 0 1 1472 3446 1762
6320 2 2 0 1 2602 3454 3356
6321 2 2 0 1 3235 3487 2137
6322 2 2 0 1 2084 3452 1636
6323 2 2 0 1 2508 3463 2510
6324 2 2 0 1 1375 3453 1042
6325 2 2 0 1 3453 3459 2404
6326 2 2 0 1 2514 3489 96
6327 2 2 0 1 1040 3456 1038
6328 2 2 0 1 1141 3488 2699
6329 2 2 0 1 2562 3526 2565
6330 2 2 0 1 1962 3442 3344
6331 2 2 0 1 1633 3458 1894
6332 2 2 0 1 879 3711 3699
6333 2 2 0 1 1756 3780 3458
6334 2 2 0 1 2403 3459 2406
6335 2 2 0 1 2323 3457 2322
6336 2 2 0 1 3589 3617 3275
6337 2 2 0 1 3475 3476 1552
6338 2 2 0 1 2596 3462 486
6339 2 2 0 1 95 3489 552
6340 2 2 0 1 3459 3461 2406
6341 2 2 0 1 3356 3454 3286
6342 2 2 0 1 1375 3461 3459
6343 2 2 0 1 2244 3606 2243
6344 2 2 0 1 2413 3470 2415
6345 2 2 0 1 2406 3461 2408
6346 2 2 0 1 2504 3460 2506
6347 2 2 0 1 3185 3461 1375
6348 2 2 0 1 2599 3469 2601
6349 2 2 0 1 3461 3464 2408
6350 2 2 0 1 3185 3464 3461
6351 2 2 0 1 3463 3471 2176
6352 2 2 0 1 3427 3433 694
6353 2 2 0 1 2408 3464 2410
6354 2 2 0 1 1219 3464 3185
6355 2 2 0 1 2415 3449 3447
6356 2 2 0 1 2568 3493 852
6357 2 2 0 1 2524 3494 851
6358 2 2 0 1 3464 3467 2410
6359 2 2 0 1 2888 3432 3428
6360 2 2 0 1 1219 3467 3464
6361 2 2 0 1 1258 3490 54
6362 2 2 0 1 3296 3487 1623
6363 2 2 0 1 53 3490 3038
6364 2 2 0 1 2410 3467 2412
6365 2 2 0 1 2421 3465 2050
6366 2 2 0 1 3174 3467 1219
6367 2 2 0 1 1904 3530 3514
6368 2 2 0 1 2244 3608 575
6369 2 2 0 1 1552 3476 2599
6370 2 2 0 1 2599 3476 3469
6371 2 2 0 1 2055 3476 3475
6372 2 2 0 1 1551 3468 3134
6373 2 2 0 1 1372 3441 3437
6374 2 2 0 1 554 3472 3460
6375 2 2 0 1 1691 3469 2763
6376 2 2 0 1 1588 3734 2181
6377 2 2 0 1 2055 3477 1891
6378 2 2 0 1 3443 3450 690
6379 2 2 0 1 1183 3707 2942
6380 2 2 0 1 1465 3475 1552
6381 2 2 0 1 3179 3666 2781
6382 2 2 0 1 1551 3470 3468
6383 2 2 0 1 3469 3476 2763
6384 2 2 0 1 2763 3476 2055
6385 2 2 0 1 2183 3735 1901
6386 2 2 0 1 1220 3448 3439
6387 2 2 0 1 2166 3809 1190
6388 2 2 0 1 1466 3477 3475
6389 2 2 0 1 1226 3513 3506
6390 2 2 0 1 3434 3481 2150
6391 2 2 0 1 3510 3537 2249
6392 2 2 0 1 1893 3517 2089
6393 2 2 0 1 3458 3780 2086
6394 2 2 0 1 2208 3486 2207
6395 2 2 0 1 2212 3485 2211
6396 2 2 0 1 3531 3638 1744
6397 2 2 0 1 2695 3479 1466
6398 2 2 0 1 1386 3526 2833
6399 2 2 0 1 3451 3456 2404
6400 2 2 0 1 1384 3532 3529
6401 2 2 0 1 2309 3497 1438
6402 2 2 0 1 2308 3498 1437
6403 2 2 0 1 2044 3478 1628
6404 2 2 0 1 2167 3746 2106
6405 2 2 0 1 2574 3509 2571
6406 2 2 0 1 2347 3630 2348
6407 2 2 0 1 2356 3629 2357
6408 2 2 0 1 1897 3479 2118
6409 2 2 0 1 2530 3508 2527
6410 2 2 0 1 3411 3537 1802
6411 2 2 0 1 2877 3700 1583
6412 2 2 0 1 2248 3515 2247
6413 2 2 0 1 2695 3480 3479
6414 2 2 0 1 2329 3802 276
6415 2 2 0 1 2337 3801 196
6416 2 2 0 1 3539 3547 1906
6417 2 2 0 1 3479 3480 2118
6418 2 2 0 1 3546 3587 2563
6419 2 2 0 1 1375 3459 3453
6420 2 2 0 1 2587 3480 2695
6421 2 2 0 1 2092 3482 3480
6422 2 2 0 1 2247 3515 2671
6423 2 2 0 1 2693 3568 3543
6424 2 2 0 1 1759 3483 2285
6425 2 2 0 1 3521 3528 2546
6426 2 2 0 1 2058 3540 3524
6427 2 2 0 1 852 3495 2309
6428 2 2 0 1 851 3496 2308
6429 2 2 0 1 3526 3530 1929
6430 2 2 0 1 478 3514 2835
6431 2 2 0 1 3570 3588 2565
6432 2 2 0 1 3527 3538 2553
6433 2 2 0 1 3449 3470 1551
6434 2 2 0 1 2415 3470 3449
6435 2 2 0 1 1709 3512 1235
6436 2 2 0 1 2797 3549 2034
6437 2 2 0 1 2034 3548 2797
6438 2 2 0 1 1710 3513 1236
6439 2 2 0 1 1713 3550 2269
6440 2 2 0 1 2269 3551 1713
6441 2 2 0 1 1782 3556 2271
6442 2 2 0 1 2270 3558 1581
6443 2 2 0 1 1581 3560 2270
6444 2 2 0 1 1915 3555 2959
6445 2 2 0 1 2272 3553 1224
6446 2 2 0 1 2959 3557 1915
6447 2 2 0 1 1226 3511 1054
6448 2 2 0 1 2716 3507 1126
6449 2 2 0 1 1383 3523 3522
6450 2 2 0 1 1191 3517 3091
6451 2 2 0 1 1929 3570 2565
6452 2 2 0 1 3548 3584 2797
6453 2 2 0 1 3552 3585 2071
6454 2 2 0 1 3549 3581 2034
6455 2 2 0 1 2272 3576 3553
6456 2 2 0 1 3550 3578 2269
6457 2 2 0 1 3006 3577 3559
6458 2 2 0 1 2959 3576 3557
6459 2 2 0 1 2070 3578 3554
6460 2 2 0 1 1031 3521 1033
6461 2 2 0 1 2153 3683 265
6462 2 2 0 1 2154 3682 185
6463 2 2 0 1 1903 3500 3357
6464 2 2 0 1 1902 3499 3358
6465 2 2 0 1 2541 3522 2539
6466 2 2 0 1 2078 3564 2703
6467 2 2 0 1 1387 3566 3562
6468 2 2 0 1 3294 3524 2384
6469 2 2 0 1 1248 3525 2831
6470 2 2 0 1 2703 3569 1580
6471 2 2 0 1 1587 3728 2705
6472 2 2 0 1 2249 3537 3411
6473 2 2 0 1 122 3534 121
6474 2 2 0 1 202 3535 201
6475 2 2 0 1 282 3536 281
6476 2 2 0 1 1037 3527 1039
6477 2 2 0 1 2548 3529 2545
6478 2 2 0 1 1383 3528 1029
6479 2 2 0 1 1904 3531 1711
6480 2 2 0 1 2543 3532 2546
6481 2 2 0 1 1937 3740 2597
6482 2 2 0 1 2241 3606 2242
6483 2 2 0 1 1803 3537 1907
6484 2 2 0 1 2690 3539 2691
6485 2 2 0 1 728 3533 727
6486 2 2 0 1 1251 3533 731
6487 2 2 0 1 3038 3484 457
6488 2 2 0 1 1642 3515 3411
6489 2 2 0 1 1384 3538 1035
6490 2 2 0 1 3475 3477 2055
6491 2 2 0 1 3495 3497 2309
6492 2 2 0 1 3496 3498 2308
6493 2 2 0 1 2550 3541 2553
6494 2 2 0 1 2104 3763 3484
6495 2 2 0 1 2723 3543 2727
6496 2 2 0 1 2682 3544 2684
6497 2 2 0 1 3143 3544 2024
6498 2 2 0 1 2861 3545 2040
6499 2 2 0 1 2995 3545 3080
6500 2 2 0 1 1047 3546 1049
6501 2 2 0 1 2937 3549 1448
6502 2 2 0 1 2796 3549 2797
6503 2 2 0 1 837 3548 2970
6504 2 2 0 1 2033 3548 2034
6505 2 2 0 1 2270 3560 1920
6506 2 2 0 1 1233 3550 1713
6507 2 2 0 1 1445 3552 2990
6508 2 2 0 1 1581 3558 1530
6509 2 2 0 1 1702 3557 1916
6510 2 2 0 1 3039 3550 710
6511 2 2 0 1 1914 3551 2269
6512 2 2 0 1 1917 3556 2270
6513 2 2 0 1 717 3553 722
6514 2 2 0 1 1712 3559 1714
6515 2 2 0 1 3078 3554 1207
6516 2 2 0 1 1915 3557 1833
6517 2 2 0 1 2959 3555 2958
6518 2 2 0 1 1224 3553 791
6519 2 2 0 1 2271 3556 3073
6520 2 2 0 1 1232 3558 1782
6521 2 2 0 1 1571 3561 1581
6522 2 2 0 1 3103 3560 3095
6523 2 2 0 1 2228 3621 2174
6524 2 2 0 1 2559 3562 2557
6525 2 2 0 1 1943 3564 2078
6526 2 2 0 1 2125 3542 1750
6527 2 2 0 1 2716 3653 3507
6528 2 2 0 1 1601 3542 1879
6529 2 2 0 1 1580 3569 1291
6530 2 2 0 1 2693 3571 2728
6531 2 2 0 1 1568 3565 1906
6532 2 2 0 1 2289 3719 1060
6533 2 2 0 1 2172 3626 2229
6534 2 2 0 1 3331 3610 2255
6535 2 2 0 1 1293 3569 1296
6536 2 2 0 1 1857 3570 1929
6537 2 2 0 1 1934 3622 2220
6538 2 2 0 1 1229 3570 3165
6539 2 2 0 1 3006 3585 1446
6540 2 2 0 1 3095 3586 3094
6541 2 2 0 1 1697 3589 1923
6542 2 2 0 1 1902 3495 3493
6543 2 2 0 1 1903 3496 3494
6544 2 2 0 1 2230 3481 3434
6545 2 2 0 1 1921 3591 2244
6546 2 2 0 1 2221 3591 1922
6547 2 2 0 1 1296 3564 3302
6548 2 2 0 1 2254 3589 1698
6549 2 2 0 1 22 3567 21
6550 2 2 0 1 2561 3588 2563
6551 2 2 0 1 3482 3803 3668
6552 2 2 0 1 1623 3487 3235
6553 2 2 0 1 2233 3619 1932
6554 2 2 0 1 2632 3488 1141
6555 2 2 0 1 2165 3519 2268
6556 2 2 0 1 1939 3596 2073
6557 2 2 0 1 1561 3597 1704
6558 2 2 0 1 2836 3599 1905
6559 2 2 0 1 2882 3599 1705
6560 2 2 0 1 2880 3601 2882
6561 2 2 0 1 619 3602 617
6562 2 2 0 1 2075 3600 1553
6563 2 2 0 1 1253 3600 1589
6564 2 2 0 1 1076 3510 2249
6565 2 2 0 1 1387 3587 1045
6566 2 2 0 1 1222 3594 112
6567 2 2 0 1 111 3594 449
6568 2 2 0 1 3610 3617 2255
6569 2 2 0 1 43 3613 1435
6570 2 2 0 1 29 3604 1223
6571 2 2 0 1 2150 3688 535
6572 2 2 0 1 448 3604 30
6573 2 2 0 1 115 3603 575
6574 2 2 0 1 3602 3712 617
6575 2 2 0 1 3342 3603 116
6576 2 2 0 1 849 3613 44
6577 2 2 0 1 3274 3593 3275
6578 2 2 0 1 113 3608 1222
6579 2 2 0 1 575 3608 114
6580 2 2 0 1 1879 3595 3314
6581 2 2 0 1 96 3489 95
6582 2 2 0 1 54 3490 53
6583 2 2 0 1 587 3610 26
6584 2 2 0 1 3480 3482 2118
6585 2 2 0 1 3346 3637 1957
6586 2 2 0 1 25 3610 3331
6587 2 2 0 1 2242 3603 3342
6588 2 2 0 1 1892 3614 3033
6589 2 2 0 1 50 3615 1190
6590 2 2 0 1 2268 3519 3373
6591 2 2 0 1 457 3615 51
6592 2 2 0 1 2179 3621 1999
6593 2 2 0 1 1828 3616 1579
6594 2 2 0 1 2572 3501 3499
6595 2 2 0 1 2528 3502 3500
6596 2 2 0 1 3494 3500 1903
6597 2 2 0 1 3493 3499 1902
6598 2 2 0 1 2526 3502 2528
6599 2 2 0 1 2570 3501 2572
6600 2 2 0 1 3000 3612 3001
6601 2 2 0 1 879 3699 3040
6602 2 2 0 1 2001 3626 2173
6603 2 2 0 1 1933 3619 2179
6604 2 2 0 1 2195 3697 3389
6605 2 2 0 1 2833 3526 2562
6606 2 2 0 1 2074 3598 2945
6607 2 2 0 1 2327 3628 2329
6608 2 2 0 1 2335 3627 2337
6609 2 2 0 1 2173 3622 1935
6610 2 2 0 1 2206 3794 1255
6611 2 2 0 1 1120 3794 2206
6612 2 2 0 1 2333 3536 1438
6613 2 2 0 1 2341 3535 1437
6614 2 2 0 1 3255 3504 1709
6615 2 2 0 1 3254 3505 1710
6616 2 2 0 1 2514 3768 2049
6617 2 2 0 1 2972 3781 1828
6618 2 2 0 1 1991 3618 3435
6619 2 2 0 1 2366 3491 2338
6620 2 2 0 1 2365 3492 2330
6621 2 2 0 1 2572 3493 2568
6622 2 2 0 1 2528 3494 2524
6623 2 2 0 1 1729 3625 2192
6624 2 2 0 1 2967 3775 2079
6625 2 2 0 1 1911 3497 1898
6626 2 2 0 1 1912 3498 1899
6627 2 2 0 1 33 3620 1216
6628 2 2 0 1 1369 3625 1729
6629 2 2 0 1 1898 3495 1902
6630 2 2 0 1 1899 3496 1903
6631 2 2 0 1 574 3620 34
6632 2 2 0 1 1377 3625 1124
6633 2 2 0 1 3442 3592 3344
6634 2 2 0 1 3510 3511 2056
6635 2 2 0 1 3509 3513 1710
6636 2 2 0 1 3508 3512 1709
6637 2 2 0 1 2049 3768 2047
6638 2 2 0 1 3499 3501 1566
6639 2 2 0 1 3500 3502 1567
6640 2 2 0 1 31 3623 448
6641 2 2 0 1 1216 3623 32
6642 2 2 0 1 3357 3500 1567
6643 2 2 0 1 3358 3499 1566
6644 2 2 0 1 1898 3497 3495
6645 2 2 0 1 1899 3498 3496
6646 2 2 0 1 1218 3624 108
6647 2 2 0 1 2577 3640 2578
6648 2 2 0 1 107 3624 588
6649 2 2 0 1 276 3702 2329
6650 2 2 0 1 196 3703 2337
6651 2 2 0 1 553 3637 2519
6652 2 2 0 1 2157 3713 1059
6653 2 2 0 1 2158 3714 1061
6654 2 2 0 1 1004 3742 2340
6655 2 2 0 1 1005 3741 2332
6656 2 2 0 1 48 3633 535
6657 2 2 0 1 2520 3641 2521
6658 2 2 0 1 2062 3640 1944
6659 2 2 0 1 1190 3633 49
6660 2 2 0 1 1946 3643 2061
6661 2 2 0 1 449 3631 110
6662 2 2 0 1 2523 3641 2522
6663 2 2 0 1 1566 3501 3254
6664 2 2 0 1 1567 3502 3255
6665 2 2 0 1 1076 3511 3510
6666 2 2 0 1 109 3631 1218
6667 2 2 0 1 923 3667 2512
6668 2 2 0 1 3091 3634 63
6669 2 2 0 1 62 3634 459
6670 2 2 0 1 2065 3592 3442
6671 2 2 0 1 2533 3516 2532
6672 2 2 0 1 2532 3516 3512
6673 2 2 0 1 3102 3694 1197
6674 2 2 0 1 2905 3686 2144
6675 2 2 0 1 1126 3507 3281
6676 2 2 0 1 2571 3505 2570
6677 2 2 0 1 2527 3504 2526
6678 2 2 0 1 35 3632 574
6679 2 2 0 1 1907 3510 2056
6680 2 2 0 1 78 3642 1248
6681 2 2 0 1 2056 3506 2057
6682 2 2 0 1 2202 3507 2204
6683 2 2 0 1 2576 3509 2574
6684 2 2 0 1 2532 3508 2530
6685 2 2 0 1 1002 3635 37
6686 2 2 0 1 588 3636 106
6687 2 2 0 1 2535 3518 2533
6688 2 2 0 1 3506 3511 1226
6689 2 2 0 1 2533 3518 3516
6690 2 2 0 1 1744 3648 1598
6691 2 2 0 1 104 3639 1060
6692 2 2 0 1 2671 3515 1642
6693 2 2 0 1 1970 3717 2998
6694 2 2 0 1 2535 3520 3518
6695 2 2 0 1 2537 3520 2535
6696 2 2 0 1 1054 3511 1076
6697 2 2 0 1 1235 3512 1225
6698 2 2 0 1 1236 3513 1226
6699 2 2 0 1 2962 3514 478
6700 2 2 0 1 193 3646 1217
6701 2 2 0 1 273 3647 1215
6702 2 2 0 1 576 3646 194
6703 2 2 0 1 577 3647 274
6704 2 2 0 1 2234 3611 2231
6705 2 2 0 1 3512 3516 1225
6706 2 2 0 1 1958 3649 2076
6707 2 2 0 1 2154 3651 2129
6708 2 2 0 1 2153 3652 2133
6709 2 2 0 1 38 3644 1002
6710 2 2 0 1 1225 3516 3277
6711 2 2 0 1 3522 3528 1383
6712 2 2 0 1 2950 3650 2949
6713 2 2 0 1 2951 3650 2952
6714 2 2 0 1 2537 3523 3520
6715 2 2 0 1 2539 3523 2537
6716 2 2 0 1 2835 3530 1386
6717 2 2 0 1 2275 3651 2347
6718 2 2 0 1 2277 3652 2356
6719 2 2 0 1 3277 3518 1434
6720 2 2 0 1 1961 3644 39
6721 2 2 0 1 3312 3517 1893
6722 2 2 0 1 3516 3518 3277
6723 2 2 0 1 2076 3525 2098
6724 2 2 0 1 3507 3653 2204
6725 2 2 0 1 3518 3520 1434
6726 2 2 0 1 3514 3531 1904
6727 2 2 0 1 3501 3505 3254
6728 2 2 0 1 3502 3504 3255
6729 2 2 0 1 1434 3520 3287
6730 2 2 0 1 1033 3521 1384
6731 2 2 0 1 3373 3519 1548
6732 2 2 0 1 3519 3524 1548
6733 2 2 0 1 2570 3505 3501
6734 2 2 0 1 2526 3504 3502
6735 2 2 0 1 2680 3655 2681
6736 2 2 0 1 2952 3655 470
6737 2 2 0 1 2519 3797 3595
6738 2 2 0 1 3520 3523 3287
6739 2 2 0 1 2546 3522 2541
6740 2 2 0 1 2546 3532 3521
6741 2 2 0 1 3287 3523 1383
6742 2 2 0 1 2164 3708 1277
6743 2 2 0 1 2101 3729 2780
6744 2 2 0 1 2831 3525 2802
6745 2 2 0 1 2117 3654 1896
6746 2 2 0 1 1548 3524 3294
6747 2 2 0 1 3529 3538 1384
6748 2 2 0 1 998 3656 2862
6749 2 2 0 1 2069 3692 3032
6750 2 2 0 1 2105 3653 3332
6751 2 2 0 1 2218 3609 2221
6752 2 2 0 1 2762 3660 2761
6753 2 2 0 1 1927 3658 1925
6754 2 2 0 1 2905 3659 481
6755 2 2 0 1 1039 3527 1228
6756 2 2 0 1 1029 3528 1031
6757 2 2 0 1 141 3720 2168
6758 2 2 0 1 2553 3529 2548
6759 2 2 0 1 850 3676 2307
6760 2 2 0 1 1929 3530 1904
6761 2 2 0 1 1711 3531 1744
6762 2 2 0 1 2553 3541 3527
6763 2 2 0 1 2721 3662 2720
6764 2 2 0 1 2545 3532 2543
6765 2 2 0 1 2169 3721 320
6766 2 2 0 1 3484 3763 457
6767 2 2 0 1 731 3533 728
6768 2 2 0 1 3541 3563 1228
6769 2 2 0 1 1931 3547 3540
6770 2 2 0 1 2552 3563 3541
6771 2 2 0 1 2572 3499 3493
6772 2 2 0 1 2528 3500 3494
6773 2 2 0 1 1931 3540 2058
6774 2 2 0 1 1436 3534 122
6775 2 2 0 1 1437 3535 202
6776 2 2 0 1 1438 3536 282
6777 2 2 0 1 2119 3663 1948
6778 2 2 0 1 1802 3537 1803
6779 2 2 0 1 1035 3538 1037
6780 2 2 0 1 2691 3539 2692
6781 2 2 0 1 1906 3565 3539
6782 2 2 0 1 2384 3540 835
6783 2 2 0 1 2829 3666 2828
6784 2 2 0 1 3540 3547 835
6785 2 2 0 1 2555 3563 2552
6786 2 2 0 1 3543 3571 2693
6787 2 2 0 1 1906 3547 1931
6788 2 2 0 1 2552 3541 2550
6789 2 2 0 1 2725 3543 2723
6790 2 2 0 1 269 3664 1274
6791 2 2 0 1 189 3665 1273
6792 2 2 0 1 2024 3544 2682
6793 2 2 0 1 1750 3542 1601
6794 2 2 0 1 447 3664 270
6795 2 2 0 1 450 3665 190
6796 2 2 0 1 2040 3545 2995
6797 2 2 0 1 2555 3566 3563
6798 2 2 0 1 1435 3681 42
6799 2 2 0 1 3559 3585 3006
6800 2 2 0 1 3561 3586 3095
6801 2 2 0 1 2328 3702 1005
6802 2 2 0 1 2336 3703 1004
6803 2 2 0 1 1049 3546 1229
6804 2 2 0 1 1448 3549 2796
6805 2 2 0 1 2970 3548 2033
6806 2 2 0 1 710 3550 1233
6807 2 2 0 1 1913 3552 3551
6808 2 2 0 1 1838 3555 3554
6809 2 2 0 1 1913 3551 1914
6810 2 2 0 1 2990 3552 1913
6811 2 2 0 1 2958 3555 1838
6812 2 2 0 1 791 3553 717
6813 2 2 0 1 1833 3557 1702
6814 2 2 0 1 1530 3558 1232
6815 2 2 0 1 1838 3554 3078
6816 2 2 0 1 2071 3559 1712
6817 2 2 0 1 3073 3556 1917
6818 2 2 0 1 1920 3560 3103
6819 2 2 0 1 1909 3561 1571
6820 2 2 0 1 835 3547 2690
6821 2 2 0 1 2557 3566 2555
6822 2 2 0 1 2563 3562 2559
6823 2 2 0 1 1228 3563 3187
6824 2 2 0 1 585 3669 855
6825 2 2 0 1 2563 3588 3546
6826 2 2 0 1 3563 3566 3187
6827 2 2 0 1 3302 3564 1943
6828 2 2 0 1 1577 3565 1568
6829 2 2 0 1 2727 3568 1577
6830 2 2 0 1 2692 3568 2693
6831 2 2 0 1 1045 3587 1047
6832 2 2 0 1 3330 3567 22
6833 2 2 0 1 1291 3569 1293
6834 2 2 0 1 3187 3566 1387
6835 2 2 0 1 855 3673 2948
6836 2 2 0 1 2180 3736 1532
6837 2 2 0 1 2980 3675 2981
6838 2 2 0 1 3011 3674 3136
6839 2 2 0 1 1577 3568 3565
6840 2 2 0 1 1957 3667 1954
6841 2 2 0 1 3565 3568 2692
6842 2 2 0 1 3165 3570 1857
6843 2 2 0 1 2728 3571 1442
6844 2 2 0 1 3573 3574 833
6845 2 2 0 1 1930 3677 3077
6846 2 2 0 1 1442 3572 2805
6847 2 2 0 1 2199 3657 2206
6848 2 2 0 1 2799 3574 3573
6849 2 2 0 1 2805 3573 833
6850 2 2 0 1 2726 3572 2725
6851 2 2 0 1 2799 3573 2726
6852 2 2 0 1 3571 3572 1442
6853 2 2 0 1 2725 3572 3571
6854 2 2 0 1 3572 3573 2805
6855 2 2 0 1 2726 3573 3572
6856 2 2 0 1 2794 3574 2799
6857 2 2 0 1 833 3574 2902
6858 2 2 0 1 3574 3575 2902
6859 2 2 0 1 3579 3586 1909
6860 2 2 0 1 2902 3575 1444
6861 2 2 0 1 1444 3583 2901
6862 2 2 0 1 3575 3583 1444
6863 2 2 0 1 3583 3584 2901
6864 2 2 0 1 2901 3584 837
6865 2 2 0 1 2794 3575 3574
6866 2 2 0 1 2793 3575 2794
6867 2 2 0 1 1916 3576 2272
6868 2 2 0 1 1207 3578 3039
6869 2 2 0 1 1234 3582 3581
6870 2 2 0 1 1910 3577 3006
6871 2 2 0 1 722 3576 2959
6872 2 2 0 1 1714 3577 2167
6873 2 2 0 1 2269 3578 2070
6874 2 2 0 1 3581 3582 2032
6875 2 2 0 1 2964 3579 1909
6876 2 2 0 1 2956 3579 1000
6877 2 2 0 1 1000 3580 2974
6878 2 2 0 1 2974 3582 1234
6879 2 2 0 1 2034 3581 2032
6880 2 2 0 1 3579 3580 1000
6881 2 2 0 1 3580 3582 2974
6882 2 2 0 1 2031 3580 2964
6883 2 2 0 1 1234 3581 2937
6884 2 2 0 1 2964 3580 3579
6885 2 2 0 1 2032 3582 2031
6886 2 2 0 1 2031 3582 3580
6887 2 2 0 1 2793 3583 3575
6888 2 2 0 1 2795 3583 2793
6889 2 2 0 1 2795 3584 3583
6890 2 2 0 1 2797 3584 2795
6891 2 2 0 1 2956 3586 3579
6892 2 2 0 1 1446 3585 1445
6893 2 2 0 1 3094 3586 2956
6894 2 2 0 1 2181 3734 2113
6895 2 2 0 1 271 3671 447
6896 2 2 0 1 191 3672 450
6897 2 2 0 1 3491 3627 2338
6898 2 2 0 1 3492 3628 2330
6899 2 2 0 1 1215 3671 272
6900 2 2 0 1 1217 3672 192
6901 2 2 0 1 2114 3735 2183
6902 2 2 0 1 1260 3678 1393
6903 2 2 0 1 1737 3678 2123
6904 2 2 0 1 3562 3587 1387
6905 2 2 0 1 2110 3680 2111
6906 2 2 0 1 1237 3679 968
6907 2 2 0 1 954 3679 1013
6908 2 2 0 1 2187 3726 475
6909 2 2 0 1 3202 3680 1404
6910 2 2 0 1 2083 3800 2523
6911 2 2 0 1 3491 3778 3627
6912 2 2 0 1 3492 3779 3628
6913 2 2 0 1 2565 3588 2561
6914 2 2 0 1 2243 3606 2241
6915 2 2 0 1 1758 3753 3473
6916 2 2 0 1 1760 3752 3474
6917 2 2 0 1 1200 3668 2696
6918 2 2 0 1 3488 3750 2699
6919 2 2 0 1 2094 3712 3602
6920 2 2 0 1 964 3684 904
6921 2 2 0 1 863 3684 1831
6922 2 2 0 1 1259 3685 721
6923 2 2 0 1 1922 3591 1921
6924 2 2 0 1 2962 3638 3531
6925 2 2 0 1 1698 3589 1697
6926 2 2 0 1 184 3682 1059
6927 2 2 0 1 264 3683 1061
6928 2 2 0 1 1928 3687 1927
6929 2 2 0 1 47 3688 46
6930 2 2 0 1 112 3594 111
6931 2 2 0 1 3084 3696 2136
6932 2 2 0 1 1003 3590 3342
6933 2 2 0 1 2800 3596 1939
6934 2 2 0 1 1703 3597 1561
6935 2 2 0 1 2089 3598 1703
6936 2 2 0 1 1703 3598 3597
6937 2 2 0 1 1705 3599 2836
6938 2 2 0 1 1553 3600 1253
6939 2 2 0 1 2881 3601 2880
6940 2 2 0 1 943 3602 619
6941 2 2 0 1 1223 3593 3274
6942 2 2 0 1 116 3603 115
6943 2 2 0 1 2194 3689 2197
6944 2 2 0 1 3314 3595 1727
6945 2 2 0 1 30 3604 29
6946 2 2 0 1 3344 3592 1003
6947 2 2 0 1 2532 3512 3508
6948 2 2 0 1 2576 3513 3509
6949 2 2 0 1 2219 3609 2218
6950 2 2 0 1 1105 3690 1243
6951 2 2 0 1 1003 3592 3590
6952 2 2 0 1 2169 3691 1976
6953 2 2 0 1 1974 3691 2097
6954 2 2 0 1 182 3713 3474
6955 2 2 0 1 262 3714 3473
6956 2 2 0 1 2231 3611 2232
6957 2 2 0 1 1987 3693 2110
6958 2 2 0 1 114 3608 113
6959 2 2 0 1 1058 3605 3330
6960 2 2 0 1 2255 3617 2254
6961 2 2 0 1 3331 3607 1058
6962 2 2 0 1 2348 3630 2350
6963 2 2 0 1 2357 3629 2359
6964 2 2 0 1 1950 3612 3000
6965 2 2 0 1 2095 3694 1981
6966 2 2 0 1 2181 3737 2182
6967 2 2 0 1 7 3752 180
6968 2 2 0 1 10 3753 260
6969 2 2 0 1 136 3696 3084
6970 2 2 0 1 1 3754 340
6971 2 2 0 1 4 3755 100
6972 2 2 0 1 2184 3738 2183
6973 2 2 0 1 473 3696 137
6974 2 2 0 1 26 3610 25
6975 2 2 0 1 1612 3614 3014
6976 2 2 0 1 57 3697 458
6977 2 2 0 1 1058 3607 3605
6978 2 2 0 1 181 3752 7
6979 2 2 0 1 261 3753 10
6980 2 2 0 1 21 3754 1
6981 2 2 0 1 101 3755 4
6982 2 2 0 1 2118 3668 2117
6983 2 2 0 1 1704 3704 3173
6984 2 2 0 1 1589 3706 2899
6985 2 2 0 1 2094 3705 2028
6986 2 2 0 1 2056 3511 3506
6987 2 2 0 1 2013 3707 2087
6988 2 2 0 1 1743 3612 2139
6989 2 2 0 1 1277 3708 1063
6990 2 2 0 1 1062 3708 1260
6991 2 2 0 1 1999 3621 2228
6992 2 2 0 1 1905 3709 2800
6993 2 2 0 1 2900 3710 943
6994 2 2 0 1 615 3712 879
6995 2 2 0 1 2027 3711 2094
6996 2 2 0 1 60 3715 1262
6997 2 2 0 1 459 3715 61
6998 2 2 0 1 1199 3716 149
6999 2 2 0 1 148 3716 475
7000 2 2 0 1 1688 3717 1960
7001 2 2 0 1 1719 3718 2877
7002 2 2 0 1 2152 3718 1752
7003 2 2 0 1 3389 3697 58
7004 2 2 0 1 474 3720 142
7005 2 2 0 1 2993 3645 1188
7006 2 2 0 1 319 3721 1185
7007 2 2 0 1 3488 3774 2077
7008 2 2 0 1 3296 3789 3487
7009 2 2 0 1 1399 3722 2829
7010 2 2 0 1 2059 3724 3115
7011 2 2 0 1 2080 3723 2052
7012 2 2 0 1 2593 3731 536
7013 2 2 0 1 2125 3793 3542
7014 2 2 0 1 1757 3755 2288
7015 2 2 0 1 2289 3727 2287
7016 2 2 0 1 44 3613 43
7017 2 2 0 1 3033 3614 2119
7018 2 2 0 1 2229 3626 2001
7019 2 2 0 1 2800 3709 3704
7020 2 2 0 1 943 3710 3705
7021 2 2 0 1 1960 3685 2114
7022 2 2 0 1 2962 3531 3514
7023 2 2 0 1 1579 3616 1720
7024 2 2 0 1 51 3615 50
7025 2 2 0 1 146 3726 1193
7026 2 2 0 1 475 3726 147
7027 2 2 0 1 872 3730 948
7028 2 2 0 1 3715 3784 1262
7029 2 2 0 1 1634 3732 1245
7030 2 2 0 1 1066 3732 1277
7031 2 2 0 1 1185 3686 2904
7032 2 2 0 1 3275 3617 587
7033 2 2 0 1 1990 3618 1991
7034 2 2 0 1 3007 3733 460
7035 2 2 0 1 2432 3744 1135
7036 2 2 0 1 2092 3725 3482
7037 2 2 0 1 3484 3701 2105
7038 2 2 0 1 2865 3687 474
7039 2 2 0 1 2297 3768 921
7040 2 2 0 1 1273 3630 3282
7041 2 2 0 1 1274 3629 3283
7042 2 2 0 1 2090 3700 1989
7043 2 2 0 1 2784 3756 787
7044 2 2 0 1 1192 3743 2593
7045 2 2 0 1 2078 3750 3488
7046 2 2 0 1 2546 3528 3522
7047 2 2 0 1 1672 3734 1247
7048 2 2 0 1 3109 3735 1259
7049 2 2 0 1 2991 3736 2992
7050 2 2 0 1 1900 3737 2181
7051 2 2 0 1 1404 3737 1108
7052 2 2 0 1 1401 3738 1237
7053 2 2 0 1 2183 3738 1726
7054 2 2 0 1 1831 3645 2993
7055 2 2 0 1 2230 3772 849
7056 2 2 0 1 1970 3745 1591
7057 2 2 0 1 2069 3746 1715
7058 2 2 0 1 1721 3740 1937
7059 2 2 0 1 3521 3532 1384
7060 2 2 0 1 1290 3747 1580
7061 2 2 0 1 46 3749 45
7062 2 2 0 1 2518 3793 495
7063 2 2 0 1 3503 3681 1435
7064 2 2 0 1 2120 3756 2784
7065 2 2 0 1 278 3741 1005
7066 2 2 0 1 198 3742 1004
7067 2 2 0 1 948 3751 3068
7068 2 2 0 1 2705 3728 2778
7069 2 2 0 1 2285 3771 923
7070 2 2 0 1 1932 3619 1933
7071 2 2 0 1 1964 3741 279
7072 2 2 0 1 1963 3742 199
7073 2 2 0 1 1973 3698 2168
7074 2 2 0 1 3099 3756 1930
7075 2 2 0 1 727 3757 2784
7076 2 2 0 1 2784 3757 2096
7077 2 2 0 1 2684 3761 6
7078 2 2 0 1 1834 3758 3011
7079 2 2 0 1 2981 3760 2982
7080 2 2 0 1 1599 3758 12
7081 2 2 0 1 12 3758 456
7082 2 2 0 1 9 3759 230
7083 2 2 0 1 3080 3759 9
7084 2 2 0 1 3 3760 1661
7085 2 2 0 1 452 3760 3
7086 2 2 0 1 6 3761 150
7087 2 2 0 1 1961 3681 3503
7088 2 2 0 1 2553 3538 3529
7089 2 2 0 1 2097 3661 3234
7090 2 2 0 1 3084 3769 597
7091 2 2 0 1 34 3620 33
7092 2 2 0 1 1284 3799 2961
7093 2 2 0 1 1941 3795 1741
7094 2 2 0 1 1059 3713 183
7095 2 2 0 1 1061 3714 263
7096 2 2 0 1 2150 3810 2107
7097 2 2 0 1 1188 3790 2975
7098 2 2 0 1 1255 3794 1115
7099 2 2 0 1 495 3654 2613
7100 2 2 0 1 1114 3794 1120
7101 2 2 0 1 1635 3776 1892
7102 2 2 0 1 3527 3541 1228
7103 2 2 0 1 1935 3622 1934
7104 2 2 0 1 2945 3782 2944
7105 2 2 0 1 276 3802 275
7106 2 2 0 1 196 3801 195
7107 2 2 0 1 3487 3789 2950
7108 2 2 0 1 1122 3783 1377
7109 2 2 0 1 3310 3809 2166
7110 2 2 0 1 2338 3627 2335
7111 2 2 0 1 2330 3628 2327
7112 2 2 0 1 41 3764 2
7113 2 2 0 1 121 3765 5
7114 2 2 0 1 201 3766 8
7115 2 2 0 1 281 3767 11
7116 2 2 0 1 32 3623 31
7117 2 2 0 1 108 3624 107
7118 2 2 0 1 2102 3772 2230
7119 2 2 0 1 1124 3625 1369
7120 2 2 0 1 2 3764 40
7121 2 2 0 1 5 3765 120
7122 2 2 0 1 8 3766 200
7123 2 2 0 1 11 3767 280
7124 2 2 0 1 3040 3699 2180
7125 2 2 0 1 3333 3800 2083
7126 2 2 0 1 2216 3762 1910
7127 2 2 0 1 3539 3565 2692
7128 2 2 0 1 110 3631 109
7129 2 2 0 1 2725 3571 3543
7130 2 2 0 1 2071 3585 3559
7131 2 2 0 1 1909 3586 3561
7132 2 2 0 1 2072 3736 2180
7133 2 2 0 1 2762 3698 1971
7134 2 2 0 1 3546 3588 1229
7135 2 2 0 1 2563 3587 3562
7136 2 2 0 1 36 3632 35
7137 2 2 0 1 2134 3660 2045
7138 2 2 0 1 49 3633 48
7139 2 2 0 1 2513 3637 553
7140 2 2 0 1 3234 3661 2095
7141 2 2 0 1 2084 3780 3452
7142 2 2 0 1 3462 3774 486
7143 2 2 0 1 63 3634 62
7144 2 2 0 1 37 3635 36
7145 2 2 0 1 36 3635 3632
7146 2 2 0 1 1720 3804 1753
7147 2 2 0 1 1944 3640 2577
7148 2 2 0 1 106 3636 105
7149 2 2 0 1 849 3749 2230
7150 2 2 0 1 2347 3812 3630
7151 2 2 0 1 2356 3811 3629
7152 2 2 0 1 2860 3638 2861
7153 2 2 0 1 2681 3798 2044
7154 2 2 0 1 1728 3693 1634
7155 2 2 0 1 105 3639 104
7156 2 2 0 1 2522 3641 2520
7157 2 2 0 1 3636 3639 105
7158 2 2 0 1 2939 3670 1941
7159 2 2 0 1 2123 3673 2122
7160 2 2 0 1 3542 3793 2517
7161 2 2 0 1 1060 3719 103
7162 2 2 0 1 79 3642 78
7163 2 2 0 1 1248 3788 3525
7164 2 2 0 1 1528 3692 2972
7165 2 2 0 1 3627 3778 576
7166 2 2 0 1 3628 3779 577
7167 2 2 0 1 3280 3643 1946
7168 2 2 0 1 1753 3677 2120
7169 2 2 0 1 3517 3787 3091
7170 2 2 0 1 2523 3731 2083
7171 2 2 0 1 2124 3669 2940
7172 2 2 0 1 2940 3670 2939
7173 2 2 0 1 2947 3674 1599
7174 2 2 0 1 1661 3675 3059
7175 2 2 0 1 39 3644 38
7176 2 2 0 1 2780 3729 2779
7177 2 2 0 1 2139 3645 2138
7178 2 2 0 1 194 3646 193
7179 2 2 0 1 274 3647 273
7180 2 2 0 1 3612 3795 3001
7181 2 2 0 1 1598 3648 1754
7182 2 2 0 1 3596 3704 1704
7183 2 2 0 1 3601 3706 1589
7184 2 2 0 1 3602 3705 2094
7185 2 2 0 1 3638 3785 1744
7186 2 2 0 1 2632 3774 3488
7187 2 2 0 1 2800 3704 3596
7188 2 2 0 1 2881 3706 3601
7189 2 2 0 1 943 3705 3602
7190 2 2 0 1 3176 3656 2090
7191 2 2 0 1 2113 3649 1958
7192 2 2 0 1 2949 3650 2951
7193 2 2 0 1 2603 3771 2068
7194 2 2 0 1 2129 3651 2275
7195 2 2 0 1 2133 3652 2277
7196 2 2 0 1 3332 3653 2716
7197 2 2 0 1 3045 3717 1970
7198 2 2 0 1 1377 3689 3625
7199 2 2 0 1 3517 3782 2089
7200 2 2 0 1 1896 3654 2125
7201 2 2 0 1 470 3655 2680
7202 2 2 0 1 2168 3720 2140
7203 2 2 0 1 2141 3721 2169
7204 2 2 0 1 102 3719 2288
7205 2 2 0 1 2721 3792 2196
7206 2 2 0 1 2878 3656 998
7207 2 2 0 1 1273 3806 3630
7208 2 2 0 1 1274 3805 3629
7209 2 2 0 1 2230 3749 3481
7210 2 2 0 1 2044 3798 3478
7211 2 2 0 1 953 3739 964
7212 2 2 0 1 1193 3658 2864
7213 2 2 0 1 1925 3658 2146
7214 2 2 0 1 2076 3786 3525
7215 2 2 0 1 197 3703 196
7216 2 2 0 1 277 3702 276
7217 2 2 0 1 481 3659 2973
7218 2 2 0 1 2087 3659 2088
7219 2 2 0 1 2761 3660 473
7220 2 2 0 1 2915 3661 2916
7221 2 2 0 1 2203 3662 2201
7222 2 2 0 1 2068 3771 3483
7223 2 2 0 1 3525 3786 2802
7224 2 2 0 1 2044 3743 2681
7225 2 2 0 1 2297 3727 1919
7226 2 2 0 1 2720 3662 1258
7227 2 2 0 1 1621 3745 2967
7228 2 2 0 1 1612 3791 3614
7229 2 2 0 1 3525 3788 2098
7230 2 2 0 1 3312 3787 3517
7231 2 2 0 1 458 3792 2721
7232 2 2 0 1 3633 3810 535
7233 2 2 0 1 3630 3806 2350
7234 2 2 0 1 3629 3805 2359
7235 2 2 0 1 1948 3663 2072
7236 2 2 0 1 964 3739 3466
7237 2 2 0 1 2206 3783 1120
7238 2 2 0 1 3614 3791 2119
7239 2 2 0 1 1950 3790 3612
7240 2 2 0 1 270 3664 269
7241 2 2 0 1 190 3665 189
7242 2 2 0 1 1005 3702 277
7243 2 2 0 1 1004 3703 197
7244 2 2 0 1 2614 3676 1951
7245 2 2 0 1 2828 3666 1246
7246 2 2 0 1 1190 3809 3633
7247 2 2 0 1 2216 3730 925
7248 2 2 0 1 3612 3790 2139
7249 2 2 0 1 3595 3797 1727
7250 2 2 0 1 1954 3667 2603
7251 2 2 0 1 3699 3711 2079
7252 2 2 0 1 583 3669 585
7253 2 2 0 1 3001 3670 779
7254 2 2 0 1 3628 3802 2329
7255 2 2 0 1 3627 3801 2337
7256 2 2 0 1 1743 3795 3612
7257 2 2 0 1 2967 3745 2149
7258 2 2 0 1 2151 3804 2060
7259 2 2 0 1 2082 3743 2044
7260 2 2 0 1 1377 3783 3657
7261 2 2 0 1 2083 3731 2082
7262 2 2 0 1 3483 3796 2068
7263 2 2 0 1 3442 3695 2065
7264 2 2 0 1 272 3671 271
7265 2 2 0 1 192 3672 191
7266 2 2 0 1 2185 3739 1013
7267 2 2 0 1 3032 3692 1528
7268 2 2 0 1 2521 3676 850
7269 2 2 0 1 2948 3673 2163
7270 2 2 0 1 3136 3674 2080
7271 2 2 0 1 3115 3675 2980
7272 2 2 0 1 3481 3688 2150
7273 2 2 0 1 3077 3677 2151
7274 2 2 0 1 3487 3769 2137
7275 2 2 0 1 2132 3683 2153
7276 2 2 0 1 2128 3682 2154
7277 2 2 0 1 1393 3678 1737
7278 2 2 0 1 3330 3796 3567
7279 2 2 0 1 968 3679 954
7280 2 2 0 1 2111 3680 3202
7281 2 2 0 1 2945 3733 2074
7282 2 2 0 1 42 3681 41
7283 2 2 0 1 3429 3748 3082
7284 2 2 0 1 2904 3686 2905
7285 2 2 0 1 185 3682 184
7286 2 2 0 1 265 3683 264
7287 2 2 0 1 3435 3770 2049
7288 2 2 0 1 3542 3777 1879
7289 2 2 0 1 3482 3668 2118
7290 2 2 0 1 1191 3782 3517
7291 2 2 0 1 3458 3751 2217
7292 2 2 0 1 2167 3762 3003
7293 2 2 0 1 904 3684 863
7294 2 2 0 1 721 3685 3046
7295 2 2 0 1 1949 3775 2967
7296 2 2 0 1 1936 3748 3429
7297 2 2 0 1 2105 3701 3653
7298 2 2 0 1 1919 3727 3280
7299 2 2 0 1 2144 3686 2142
7300 2 2 0 1 3257 3687 1928
7301 2 2 0 1 462 3729 2227
7302 2 2 0 1 2860 3785 3638
7303 2 2 0 1 535 3688 47
7304 2 2 0 1 2192 3689 2194
7305 2 2 0 1 2217 3730 2216
7306 2 2 0 1 2049 3770 3489
7307 2 2 0 1 1246 3690 1105
7308 2 2 0 1 1971 3698 1973
7309 2 2 0 1 2086 3751 3458
7310 2 2 0 1 2116 3784 3715
7311 2 2 0 1 2950 3769 3487
7312 2 2 0 1 3637 3797 2519
7313 2 2 0 1 2203 3773 3662
7314 2 2 0 1 3655 3798 2681
7315 2 2 0 1 103 3719 102
7316 2 2 0 1 2523 3800 3641
7317 2 2 0 1 2074 3733 3155
7318 2 2 0 1 2068 3796 3605
7319 2 2 0 1 1976 3691 1974
7320 2 2 0 1 3697 3792 458
7321 2 2 0 1 3079 3692 2069
7322 2 2 0 1 2159 3693 1987
7323 2 2 0 1 3082 3748 1847
7324 2 2 0 1 3662 3773 1258
7325 2 2 0 1 3629 3811 3283
7326 2 2 0 1 3630 3812 3282
7327 2 2 0 1 1981 3694 2091
7328 2 2 0 1 137 3696 136
7329 2 2 0 1 2065 3695 2614
7330 2 2 0 1 263 3714 262
7331 2 2 0 1 183 3713 182
7332 2 2 0 1 58 3697 57
7333 2 2 0 1 1241 3698 2762
7334 2 2 0 1 1879 3777 3595
7335 2 2 0 1 3651 3812 2347
7336 2 2 0 1 3652 3811 2356
7337 2 2 0 1 2329 3702 2328
7338 2 2 0 1 2337 3703 2336
7339 2 2 0 1 2204 3701 2205
7340 2 2 0 1 3173 3704 1816
7341 2 2 0 1 2028 3705 2898
7342 2 2 0 1 2899 3706 2900
7343 2 2 0 1 2779 3729 462
7344 2 2 0 1 3625 3689 2192
7345 2 2 0 1 1847 3748 3452
7346 2 2 0 1 3704 3709 1816
7347 2 2 0 1 3705 3710 2898
7348 2 2 0 1 3127 3707 2013
7349 2 2 0 1 1063 3708 1062
7350 2 2 0 1 2776 3728 3236
7351 2 2 0 1 1989 3700 3396
7352 2 2 0 1 1816 3709 2075
7353 2 2 0 1 2898 3710 2881
7354 2 2 0 1 617 3712 615
7355 2 2 0 1 2079 3711 2027
7356 2 2 0 1 3618 3770 3435
7357 2 2 0 1 2288 3719 2289
7358 2 2 0 1 61 3715 60
7359 2 2 0 1 1013 3739 953
7360 2 2 0 1 149 3716 148
7361 2 2 0 1 2998 3717 1688
7362 2 2 0 1 1752 3718 1719
7363 2 2 0 1 2060 3804 3616
7364 2 2 0 1 142 3720 141
7365 2 2 0 1 320 3721 319
7366 2 2 0 1 2884 3722 1399
7367 2 2 0 1 2112 3810 3633
7368 2 2 0 1 2060 3781 3079
7369 2 2 0 1 2052 3723 3127
7370 2 2 0 1 3155 3724 2059
7371 2 2 0 1 2778 3728 2776
7372 2 2 0 1 2517 3777 3542
7373 2 2 0 1 2091 3725 2092
7374 2 2 0 1 2597 3740 3462
7375 2 2 0 1 3633 3809 2112
7376 2 2 0 1 3473 3714 2158
7377 2 2 0 1 3474 3713 2157
7378 2 2 0 1 2287 3727 2297
7379 2 2 0 1 849 3772 3613
7380 2 2 0 1 147 3726 146
7381 2 2 0 1 2227 3729 2101
7382 2 2 0 1 3236 3728 1587
7383 2 2 0 1 536 3731 2523
7384 2 2 0 1 925 3730 872
7385 2 2 0 1 1245 3732 1066
7386 2 2 0 1 577 3802 3628
7387 2 2 0 1 576 3801 3627
7388 2 2 0 1 3725 3803 3482
7389 2 2 0 1 460 3733 2945
7390 2 2 0 1 3534 3765 121
7391 2 2 0 1 3535 3766 201
7392 2 2 0 1 3536 3767 281
7393 2 2 0 1 3091 3787 3634
7394 2 2 0 1 3642 3788 1248
7395 2 2 0 1 3577 3762 2167
7396 2 2 0 1 3462 3740 1942
7397 2 2 0 1 1247 3734 1588
7398 2 2 0 1 1901 3735 3109
7399 2 2 0 1 1532 3736 2991
7400 2 2 0 1 1108 3737 1900
7401 2 2 0 1 1726 3738 1401
7402 2 2 0 1 2703 3750 2078
7403 2 2 0 1 2681 3743 1192
7404 2 2 0 1 2701 3750 2703
7405 2 2 0 1 1942 3740 1721
7406 2 2 0 1 279 3741 278
7407 2 2 0 1 199 3742 198
7408 2 2 0 1 1135 3744 2597
7409 2 2 0 1 2950 3789 3650
7410 2 2 0 1 1591 3745 1621
7411 2 2 0 1 3544 3761 2684
7412 2 2 0 1 3545 3759 3080
7413 2 2 0 1 1715 3746 1826
7414 2 2 0 1 3533 3757 727
7415 2 2 0 1 2180 3775 1949
7416 2 2 0 1 1744 3785 3648
7417 2 2 0 1 1587 3747 1290
7418 2 2 0 1 3649 3786 2076
7419 2 2 0 1 1961 3764 3681
7420 2 2 0 1 3452 3748 1936
7421 2 2 0 1 45 3749 849
7422 2 2 0 1 3595 3777 2516
7423 2 2 0 1 2699 3750 2701
7424 2 2 0 1 2119 3791 3663
7425 2 2 0 1 3567 3754 21
7426 2 2 0 1 3068 3751 2086
7427 2 2 0 1 180 3752 1760
7428 2 2 0 1 260 3753 1758
7429 2 2 0 1 340 3754 1759
7430 2 2 0 1 100 3755 1757
7431 2 2 0 1 3466 3739 2185
7432 2 2 0 1 3664 3805 1274
7433 2 2 0 1 3665 3806 1273
7434 2 2 0 1 2962 3799 3638
7435 2 2 0 1 3638 3799 2861
7436 2 2 0 1 457 3763 3615
7437 2 2 0 1 787 3756 3099
7438 2 2 0 1 2096 3757 2152
7439 2 2 0 1 2982 3760 452
7440 2 2 0 1 456 3758 1834
7441 2 2 0 1 230 3759 1284
7442 2 2 0 1 150 3761 1199
7443 2 2 0 1 2166 3763 2104
7444 2 2 0 1 3478 3798 2054
7445 2 2 0 1 3690 3808 1243
7446 2 2 0 1 921 3768 2514
7447 2 2 0 1 3489 3770 552
7448 2 2 0 1 597 3769 2950
7449 2 2 0 1 40 3764 1961
7450 2 2 0 1 120 3765 1962
7451 2 2 0 1 200 3766 1963
7452 2 2 0 1 280 3767 1964
7453 2 2 0 1 3346 3797 3637
7454 2 2 0 1 3641 3800 1747
7455 2 2 0 1 1258 3773 3490
7456 2 2 0 1 3653 3701 2204
7457 2 2 0 1 577 3779 3647
7458 2 2 0 1 576 3778 3646
7459 2 2 0 1 1828 3781 3616
7460 2 2 0 1 486 3774 2632
7461 2 2 0 1 2205 3773 2203
7462 2 2 0 1 3616 3781 2060
7463 2 2 0 1 2147 3772 2102
7464 2 2 0 1 2516 3777 2517
7465 2 2 0 1 1936 3776 1635
7466 2 2 0 1 2776 3808 2775
7467 2 2 0 1 2086 3780 2084
7468 2 2 0 1 552 3770 3618
7469 2 2 0 1 2944 3782 1191
7470 2 2 0 1 1961 3807 3644
7471 2 2 0 1 1120 3783 1122
7472 2 2 0 1 1962 3765 3534
7473 2 2 0 1 1963 3766 3535
7474 2 2 0 1 1964 3767 3536
7475 2 2 0 1 2093 3785 2860
7476 2 2 0 1 2802 3786 1819
7477 2 2 0 1 2054 3798 3655
7478 2 2 0 1 2098 3788 2100
7479 2 2 0 1 2115 3787 3312
7480 2 2 0 1 1795 3789 3296
7481 2 2 0 1 2975 3790 1950
7482 2 2 0 1 2350 3806 2351
7483 2 2 0 1 2359 3805 2360
7484 2 2 0 1 790 3791 1612
7485 2 2 0 1 2196 3792 2195
7486 2 2 0 1 2696 3803 483
7487 2 2 0 1 2517 3793 2518
7488 2 2 0 1 1741 3795 1743
7489 2 2 0 1 1115 3794 1114
7490 2 2 0 1 2961 3799 2962
7491 2 2 0 1 589 3812 3651
7492 2 2 0 1 590 3811 3652
7493 2 2 0 1 3613 3772 2147
7494 2 2 0 1 195 3801 576
7495 2 2 0 1 275 3802 577
7496 2 2 0 1 2107 3810 2112
7497 2 2 0 1 1727 3797 3346
7498 2 2 0 1 1747 3800 3333
7499 2 2 0 1 2112 3809 3310
7500 2 2 0 1 3283 3811 590
7501 2 2 0 1 3282 3812 589
7502 2 2 0 1 2152 3757 3533
7503 2 2 0 1 1199 3761 3544
7504 2 2 0 1 1284 3759 3545
7505 2 2 0 1 3483 3771 2285
7506 2 2 0 1 3490 3773 2205
7507 2 2 0 1 1759 3754 3567
7508 2 2 0 1 3634 3787 2115
7509 2 2 0 1 2210 3778 3491
7510 2 2 0 1 2214 3779 3492
7511 2 2 0 1 2100 3788 3642
7512 2 2 0 1 1910 3762 3577
7513 2 2 0 1 3503 3807 1961
7514 2 2 0 1 2195 3792 3697
7515 2 2 0 1 3615 3763 2166
7516 2 2 0 1 3648 3785 2093
7517 2 2 0 1 3650 3789 1795
7518 2 2 0 1 1819 3786 3649
7519 2 2 0 1 3657 3783 2206
7520 2 2 0 1 3605 3796 3330
7521 2 2 0 1 3616 3804 1720
7522 2 2 0 1 3647 3779 2214
7523 2 2 0 1 3646 3778 2210
7524 2 2 0 1 3663 3791 790
7525 2 2 0 1 3699 3775 2180
7526 2 2 0 1 2360 3805 3664
7527 2 2 0 1 2351 3806 3665
7528 2 2 0 1 3681 3764 41
7529 2 2 0 1 3644 3807 2578
7530 2 2 0 1 2775 3808 3690
7531 2 2 0 1 2079 3775 3699
7532 2 2 0 1 483 3803 3725
7533 2 2 0 10 3957 3962 3885
7534 2 2 0 10 361 4033 14
7535 2 2 0 10 3885 3962 3916
7536 2 2 0 10 3893 3963 3916
7537 2 2 0 10 3907 3914 3828
7538 2 2 0 10 3903 4020 3947
7539 2 2 0 10 3914 3962 3814
7540 2 2 0 10 3828 3913 3907
7541 2 2 0 10 342 3949 341
7542 2 2 0 10 352 3953 351
7543 2 2 0 10 350 3940 349
7544 2 2 0 10 3916 3962 3914
7545 2 2 0 10 3881 3957 3885
7546 2 2 0 10 3916 3963 3885
7547 2 2 0 10 350 4037 3940
7548 2 2 0 10 3949 4036 341
7549 2 2 0 10 3953 4038 351
7550 2 2 0 10 3955 3956 3886
7551 2 2 0 10 3942 3944 3813
7552 2 2 0 10 3882 3945 3941
7553 2 2 0 10 3823 3909 3908
7554 2 2 0 10 3830 3958 3956
7555 2 2 0 10 3893 3916 3907
7556 2 2 0 10 36 3910 37
7557 2 2 0 10 3912 4016 3985
7558 2 2 0 10 3813 3943 3942
7559 2 2 0 10 3950 4020 3903
7560 2 2 0 10 38 3939 39
7561 2 2 0 10 3830 3956 3954
7562 2 2 0 10 30 4015 31
7563 2 2 0 10 3912 3985 3820
7564 2 2 0 10 3886 3957 3881
7565 2 2 0 10 3947 4020 3945
7566 2 2 0 10 3886 3959 3955
7567 2 2 0 10 3911 3940 3832
7568 2 2 0 10 3917 3918 3821
7569 2 2 0 10 3832 3939 3911
7570 2 2 0 10 3930 3933 3817
7571 2 2 0 10 29 3936 30
7572 2 2 0 10 3923 3926 3816
7573 2 2 0 10 3908 3939 3823
7574 2 2 0 10 3936 4015 30
7575 2 2 0 10 27 4005 28
7576 2 2 0 10 3814 3962 3958
7577 2 2 0 10 3826 4026 4021
7578 2 2 0 10 3918 3935 3821
7579 2 2 0 10 3823 3910 3909
7580 2 2 0 10 3933 3934 3817
7581 2 2 0 10 3898 3959 3883
7582 2 2 0 10 3825 3960 3922
7583 2 2 0 10 37 3910 3823
7584 2 2 0 10 3816 3936 29
7585 2 2 0 10 3926 3936 3816
7586 2 2 0 10 3956 3957 3886
7587 2 2 0 10 3922 3961 3825
7588 2 2 0 10 3985 4016 3910
7589 2 2 0 10 3882 3947 3945
7590 2 2 0 10 3911 4022 3940
7591 2 2 0 10 3888 3986 3906
7592 2 2 0 10 3935 4005 27
7593 2 2 0 10 39 3939 3832
7594 2 2 0 10 3821 3961 3917
7595 2 2 0 10 3941 3945 3942
7596 2 2 0 10 3820 3986 3912
7597 2 2 0 10 3944 4020 3829
7598 2 2 0 10 3823 3939 38
7599 2 2 0 10 24 3961 25
7600 2 2 0 10 3952 3960 3951
7601 2 2 0 10 359 4033 3938
7602 2 2 0 10 3956 3958 3957
7603 2 2 0 10 36 3985 3910
7604 2 2 0 10 32 3934 33
7605 2 2 0 10 26 3935 27
7606 2 2 0 10 3958 4035 3814
7607 2 2 0 10 4023 4025 3979
7608 2 2 0 10 3829 4034 3944
7609 2 2 0 10 3915 3938 3831
7610 2 2 0 10 3906 3986 3937
7611 2 2 0 10 3817 3934 32
7612 2 2 0 10 3831 3946 3915
7613 2 2 0 10 3821 3935 26
7614 2 2 0 10 3978 3980 3879
7615 2 2 0 10 3883 3959 3886
7616 2 2 0 10 3858 3981 3856
7617 2 2 0 10 3986 4011 3937
7618 2 2 0 10 3824 4018 3946
7619 2 2 0 10 4021 4026 3984
7620 2 2 0 10 3907 3916 3914
7621 2 2 0 10 3816 4005 3923
7622 2 2 0 10 3922 3959 3898
7623 2 2 0 10 31 4015 3817
7624 2 2 0 10 3889 3973 3904
7625 2 2 0 10 3951 3960 3825
7626 2 2 0 10 3980 3981 3879
7627 2 2 0 10 28 4005 3816
7628 2 2 0 10 3904 3973 3972
7629 2 2 0 10 3825 3961 24
7630 2 2 0 10 25 3961 3821
7631 2 2 0 10 3912 3986 3888
7632 2 2 0 10 3814 4032 3914
7633 2 2 0 10 3817 4015 3930
7634 2 2 0 10 3920 3935 3918
7635 2 2 0 10 3879 3999 3978
7636 2 2 0 10 3937 3971 3906
7637 2 2 0 10 3958 3962 3957
7638 2 2 0 10 3838 3947 3840
7639 2 2 0 10 3955 3960 3952
7640 2 2 0 10 4022 4028 3940
7641 2 2 0 10 3917 3961 3922
7642 2 2 0 10 3938 4029 359
7643 2 2 0 10 3984 4025 3819
7644 2 2 0 10 3942 3945 3944
7645 2 2 0 10 3890 3973 3889
7646 2 2 0 10 3879 3981 3858
7647 2 2 0 10 3856 3981 3884
7648 2 2 0 10 3977 3995 3895
7649 2 2 0 10 3937 4011 3934
7650 2 2 0 10 3979 4025 3980
7651 2 2 0 10 3819 4021 3984
7652 2 2 0 10 3978 3999 3977
7653 2 2 0 10 3911 3939 3908
7654 2 2 0 10 3946 4018 3915
7655 2 2 0 10 3933 3971 3937
7656 2 2 0 10 3972 3974 3904
7657 2 2 0 10 3903 3947 3838
7658 2 2 0 10 3933 3937 3934
7659 2 2 0 10 3840 3947 3882
7660 2 2 0 10 3934 4011 33
7661 2 2 0 10 3831 4033 361
7662 2 2 0 10 3820 4011 3986
7663 2 2 0 10 360 4033 359
7664 2 2 0 10 3818 3975 3974
7665 2 2 0 10 3920 4005 3935
7666 2 2 0 10 3974 3975 3904
7667 2 2 0 10 3829 4020 3950
7668 2 2 0 10 3975 3977 3895
7669 2 2 0 10 3896 3969 3967
7670 2 2 0 10 3977 3999 3995
7671 2 2 0 10 3980 3982 3981
7672 2 2 0 10 3896 3994 3969
7673 2 2 0 10 362 3946 3831
7674 2 2 0 10 363 3946 362
7675 2 2 0 10 3948 3950 3903
7676 2 2 0 10 3966 3997 3967
7677 2 2 0 10 368 4023 4017
7678 2 2 0 10 3941 3970 3882
7679 2 2 0 10 3836 3948 3903
7680 2 2 0 10 3824 3946 363
7681 2 2 0 10 3833 3948 3835
7682 2 2 0 10 3967 3997 3896
7683 2 2 0 10 3833 3949 3948
7684 2 2 0 10 4004 4008 3927
7685 2 2 0 10 3833 3835 379
7686 2 2 0 10 3834 3953 3952
7687 2 2 0 10 3868 3970 3891
7688 2 2 0 10 3922 3960 3959
7689 2 2 0 10 3943 3964 3902
7690 2 2 0 10 3885 3963 3872
7691 2 2 0 10 3835 3948 3836
7692 2 2 0 10 3949 3950 3948
7693 2 2 0 10 3973 4018 3824
7694 2 2 0 10 23 3951 3825
7695 2 2 0 10 3953 3954 3952
7696 2 2 0 10 375 3966 3815
7697 2 2 0 10 3902 3964 3892
7698 2 2 0 10 3872 3963 3866
7699 2 2 0 10 3988 4013 3991
7700 2 2 0 10 3834 3952 3951
7701 2 2 0 10 3891 3970 3941
7702 2 2 0 10 3965 3966 376
7703 2 2 0 10 3966 3967 3815
7704 2 2 0 10 3910 4016 3909
7705 2 2 0 10 3844 3970 3868
7706 2 2 0 10 3893 3907 3894
7707 2 2 0 10 362 3831 361
7708 2 2 0 10 39 3832 40
7709 2 2 0 10 380 3833 379
7710 2 2 0 10 21 3834 22
7711 2 2 0 10 3835 3836 3822
7712 2 2 0 10 3959 3960 3955
7713 2 2 0 10 3891 3902 3892
7714 2 2 0 10 3834 3951 22
7715 2 2 0 10 3942 3943 3902
7716 2 2 0 10 377 3965 376
7717 2 2 0 10 3865 3872 3866
7718 2 2 0 10 3923 4005 3920
7719 2 2 0 10 3836 3903 3838
7720 2 2 0 10 3892 3964 3901
7721 2 2 0 10 378 3835 3822
7722 2 2 0 10 3891 3892 3875
7723 2 2 0 10 3991 4013 3880
7724 2 2 0 10 3972 3973 3824
7725 2 2 0 10 3907 3913 3894
7726 2 2 0 10 3868 3891 3875
7727 2 2 0 10 376 3966 375
7728 2 2 0 10 3881 3885 3872
7729 2 2 0 10 364 3972 3824
7730 2 2 0 10 3863 3865 3864
7731 2 2 0 10 3941 3942 3902
7732 2 2 0 10 3865 3866 3864
7733 2 2 0 10 365 3974 3972
7734 2 2 0 10 3878 3893 3890
7735 2 2 0 10 3878 3963 3893
7736 2 2 0 10 366 3974 365
7737 2 2 0 10 379 3835 378
7738 2 2 0 10 3873 3881 3872
7739 2 2 0 10 3840 3882 3842
7740 2 2 0 10 3866 3963 3878
7741 2 2 0 10 3954 3956 3955
7742 2 2 0 10 3880 4013 4012
7743 2 2 0 10 364 3824 363
7744 2 2 0 10 37 3823 38
7745 2 2 0 10 378 3822 377
7746 2 2 0 10 3893 3894 3890
7747 2 2 0 10 3863 3864 3862
7748 2 2 0 10 3868 3875 3874
7749 2 2 0 10 3836 3838 3837
7750 2 2 0 10 23 3825 24
7751 2 2 0 10 3861 3863 3862
7752 2 2 0 10 3882 3970 3842
7753 2 2 0 10 3913 3938 3915
7754 2 2 0 10 3818 3974 366
7755 2 2 0 10 3892 3901 3900
7756 2 2 0 10 3844 3868 3867
7757 2 2 0 10 3866 3878 3877
7758 2 2 0 10 3891 3941 3902
7759 2 2 0 10 22 3951 23
7760 2 2 0 10 3865 3873 3872
7761 2 2 0 10 3981 3982 3884
7762 2 2 0 10 3883 3886 3881
7763 2 2 0 10 365 3972 364
7764 2 2 0 10 25 3821 26
7765 2 2 0 10 3836 3837 3822
7766 2 2 0 10 3988 3991 3990
7767 2 2 0 10 3871 4010 3857
7768 2 2 0 10 3965 3997 3966
7769 2 2 0 10 3967 3969 3968
7770 2 2 0 10 3822 3965 377
7771 2 2 0 10 3842 3970 3844
7772 2 2 0 10 3967 3968 3815
7773 2 2 0 10 3976 3977 3975
7774 2 2 0 10 3988 3990 3989
7775 2 2 0 10 3861 3870 3863
7776 2 2 0 10 4000 4001 3869
7777 2 2 0 10 3871 4008 4004
7778 2 2 0 10 3866 3877 3864
7779 2 2 0 10 3818 3976 3975
7780 2 2 0 10 372 3989 3826
7781 2 2 0 10 373 3989 372
7782 2 2 0 10 3861 3862 3860
7783 2 2 0 10 3989 3990 3826
7784 2 2 0 10 3838 3840 3839
7785 2 2 0 10 35 3985 36
7786 2 2 0 10 3931 3971 3933
7787 2 2 0 10 3859 3861 3860
7788 2 2 0 10 3968 3988 3987
7789 2 2 0 10 3892 3900 3875
7790 2 2 0 10 3982 3983 3884
7791 2 2 0 10 3929 3932 3931
7792 2 2 0 10 3901 3911 3908
7793 2 2 0 10 3929 3931 3930
7794 2 2 0 10 3868 3874 3867
7795 2 2 0 10 3859 3860 3858
7796 2 2 0 10 3857 3859 3858
7797 2 2 0 10 3820 3985 35
7798 2 2 0 10 3987 3989 373
7799 2 2 0 10 3931 3933 3930
7800 2 2 0 10 3815 3987 374
7801 2 2 0 10 3878 3890 3889
7802 2 2 0 10 3927 3929 3928
7803 2 2 0 10 374 3987 373
7804 2 2 0 10 3855 3857 3856
7805 2 2 0 10 3968 3987 3815
7806 2 2 0 10 3857 3858 3856
7807 2 2 0 10 370 3819 369
7808 2 2 0 10 28 3816 29
7809 2 2 0 10 31 3817 32
7810 2 2 0 10 34 3820 35
7811 2 2 0 10 372 3826 371
7812 2 2 0 10 375 3815 374
7813 2 2 0 10 367 3818 366
7814 2 2 0 10 3929 3930 3928
7815 2 2 0 10 3855 3871 3857
7816 2 2 0 10 3860 3879 3858
7817 2 2 0 10 3988 3989 3987
7818 2 2 0 10 3982 3984 3983
7819 2 2 0 10 3921 3925 3924
7820 2 2 0 10 3979 3980 3978
7821 2 2 0 10 3865 3996 3873
7822 2 2 0 10 3856 3884 3854
7823 2 2 0 10 3917 3922 3898
7824 2 2 0 10 3928 3936 3926
7825 2 2 0 10 3855 3856 3854
7826 2 2 0 10 3927 3928 3926
7827 2 2 0 10 3853 3855 3854
7828 2 2 0 10 3976 3978 3977
7829 2 2 0 10 3849 3869 3851
7830 2 2 0 10 3838 3839 3837
7831 2 2 0 10 3924 3927 3926
7832 2 2 0 10 3870 3996 3863
7833 2 2 0 10 3853 3854 3852
7834 2 2 0 10 3851 3853 3852
7835 2 2 0 10 3995 3999 3862
7836 2 2 0 10 3851 3852 3850
7837 2 2 0 10 3873 3883 3881
7838 2 2 0 10 3840 3842 3841
7839 2 2 0 10 3924 3926 3923
7840 2 2 0 10 3849 3851 3850
7841 2 2 0 10 3954 3955 3952
7842 2 2 0 10 3819 4025 4023
7843 2 2 0 10 3921 3924 3923
7844 2 2 0 10 3842 3844 3843
7845 2 2 0 10 3888 3905 3876
7846 2 2 0 10 3993 4000 3869
7847 2 2 0 10 3850 3880 3848
7848 2 2 0 10 3888 3906 3905
7849 2 2 0 10 3844 3867 3845
7850 2 2 0 10 3976 3979 3978
7851 2 2 0 10 3905 3992 3876
7852 2 2 0 10 3971 4001 4000
7853 2 2 0 10 3878 3889 3877
7854 2 2 0 10 3849 3850 3848
7855 2 2 0 10 3921 3923 3920
7856 2 2 0 10 3919 3921 3920
7857 2 2 0 10 3844 3845 3843
7858 2 2 0 10 3845 3846 3843
7859 2 2 0 10 3847 3849 3848
7860 2 2 0 10 3874 3887 3876
7861 2 2 0 10 3840 3841 3839
7862 2 2 0 10 3845 3847 3846
7863 2 2 0 10 3901 3908 3900
7864 2 2 0 10 3847 3848 3846
7865 2 2 0 10 3887 3912 3888
7866 2 2 0 10 3887 3888 3876
7867 2 2 0 10 3842 3843 3841
7868 2 2 0 10 3919 3920 3918
7869 2 2 0 10 3863 3996 3865
7870 2 2 0 10 3867 3992 3845
7871 2 2 0 10 3873 3996 3897
7872 2 2 0 10 3849 3993 3869
7873 2 2 0 10 3971 4000 3906
7874 2 2 0 10 3845 3992 3847
7875 2 2 0 10 3899 3917 3898
7876 2 2 0 10 3899 3919 3918
7877 2 2 0 10 3837 3965 3822
7878 2 2 0 10 3876 3992 3867
7879 2 2 0 10 3843 3994 3841
7880 2 2 0 10 3874 3876 3867
7881 2 2 0 10 3905 3993 3992
7882 2 2 0 10 3900 3998 3875
7883 2 2 0 10 3932 4001 3931
7884 2 2 0 10 3860 3999 3879
7885 2 2 0 10 3913 3915 3894
7886 2 2 0 10 3899 3918 3917
7887 2 2 0 10 3990 4026 3826
7888 2 2 0 10 3889 3904 3895
7889 2 2 0 10 3841 3896 3839
7890 2 2 0 10 3889 3895 3877
7891 2 2 0 10 3897 3898 3883
7892 2 2 0 10 3904 3975 3895
7893 2 2 0 10 3992 3993 3847
7894 2 2 0 10 3847 3993 3849
7895 2 2 0 10 3841 3994 3896
7896 2 2 0 10 3846 3994 3843
7897 2 2 0 10 3864 3995 3862
7898 2 2 0 10 4012 4013 3969
7899 2 2 0 10 3897 3899 3898
7900 2 2 0 10 346 3813 345
7901 2 2 0 10 356 3814 355
7902 2 2 0 10 3859 4010 4009
7903 2 2 0 10 3905 4000 3993
7904 2 2 0 10 3869 4003 3851
7905 2 2 0 10 3880 4014 3991
7906 2 2 0 10 344 3829 343
7907 2 2 0 10 348 3827 347
7908 2 2 0 10 358 3828 357
7909 2 2 0 10 3909 3998 3900
7910 2 2 0 10 354 3830 353
7911 2 2 0 10 3994 4012 3969
7912 2 2 0 10 3873 3897 3883
7913 2 2 0 10 3877 3995 3864
7914 2 2 0 10 3875 3998 3874
7915 2 2 0 10 3924 4004 3927
7916 2 2 0 10 3895 3995 3877
7917 2 2 0 10 3908 3909 3900
7918 2 2 0 10 3839 3997 3837
7919 2 2 0 10 3862 3999 3860
7920 2 2 0 10 3906 4000 3905
7921 2 2 0 10 3837 3997 3965
7922 2 2 0 10 3931 4001 3971
7923 2 2 0 10 3874 3998 3887
7924 2 2 0 10 4017 4023 3979
7925 2 2 0 10 3896 3997 3839
7926 2 2 0 10 3855 4006 3871
7927 2 2 0 10 3870 4002 3996
7928 2 2 0 10 3927 4008 3929
7929 2 2 0 10 3897 4002 3899
7930 2 2 0 10 3921 4007 3925
7931 2 2 0 10 3996 4002 3897
7932 2 2 0 10 4001 4003 3869
7933 2 2 0 10 3859 4009 3861
7934 2 2 0 10 33 4011 34
7935 2 2 0 10 3932 4003 4001
7936 2 2 0 10 4004 4010 3871
7937 2 2 0 10 3851 4003 3853
7938 2 2 0 10 3899 4002 3919
7939 2 2 0 10 3968 4013 3988
7940 2 2 0 10 3880 4012 3848
7941 2 2 0 10 3887 4016 3912
7942 2 2 0 10 3850 4014 3880
7943 2 2 0 10 3930 4015 3928
7944 2 2 0 10 3925 4004 3924
7945 2 2 0 10 4006 4008 3871
7946 2 2 0 10 3857 4010 3859
7947 2 2 0 10 3846 4012 3994
7948 2 2 0 10 4003 4006 3853
7949 2 2 0 10 3991 4024 3990
7950 2 2 0 10 3932 4006 4003
7951 2 2 0 10 4002 4007 3919
7952 2 2 0 10 3982 4025 3984
7953 2 2 0 10 4007 4009 3925
7954 2 2 0 10 3870 4007 4002
7955 2 2 0 10 3813 4027 3943
7956 2 2 0 10 4009 4010 3925
7957 2 2 0 10 3914 4032 3828
7958 2 2 0 10 367 4017 3818
7959 2 2 0 10 3853 4006 3855
7960 2 2 0 10 3964 4022 3901
7961 2 2 0 10 3818 4017 3976
7962 2 2 0 10 3929 4008 3932
7963 2 2 0 10 3919 4007 3921
7964 2 2 0 10 3890 4018 3973
7965 2 2 0 10 34 4011 3820
7966 2 2 0 10 3861 4009 3870
7967 2 2 0 10 3969 4013 3968
7968 2 2 0 10 3983 4019 3884
7969 2 2 0 10 3884 4019 3854
7970 2 2 0 10 3848 4012 3846
7971 2 2 0 10 3932 4008 4006
7972 2 2 0 10 3852 4014 3850
7973 2 2 0 10 3894 4018 3890
7974 2 2 0 10 3870 4009 4007
7975 2 2 0 10 3909 4016 3998
7976 2 2 0 10 370 4021 3819
7977 2 2 0 10 3826 4021 371
7978 2 2 0 10 3928 4015 3936
7979 2 2 0 10 3964 4039 4022
7980 2 2 0 10 3940 4037 3832
7981 2 2 0 10 3925 4010 4004
7982 2 2 0 10 369 4023 368
7983 2 2 0 10 368 4017 367
7984 2 2 0 10 3998 4016 3887
7985 2 2 0 10 3976 4017 3979
7986 2 2 0 10 3852 4019 4014
7987 2 2 0 10 4022 4039 3827
7988 2 2 0 10 3940 4028 349
7989 2 2 0 10 3945 4020 3944
7990 2 2 0 10 3944 4034 3813
7991 2 2 0 10 3854 4019 3852
7992 2 2 0 10 3915 4018 3894
7993 2 2 0 10 341 4036 13
7994 2 2 0 10 2 4037 350
7995 2 2 0 10 351 4038 1
7996 2 2 0 10 40 4037 2
7997 2 2 0 10 13 4036 380
7998 2 2 0 10 1 4038 21
7999 2 2 0 10 3830 4035 3958
8000 2 2 0 10 3980 4025 3982
8001 2 2 0 10 371 4021 370
8002 2 2 0 10 4019 4024 4014
8003 2 2 0 10 3901 4022 3911
8004 2 2 0 10 3819 4023 369
8005 2 2 0 10 3833 4036 3949
8006 2 2 0 10 3834 4038 3953
8007 2 2 0 10 342 4030 3949
8008 2 2 0 10 352 4031 3953
8009 2 2 0 10 4024 4026 3990
8010 2 2 0 10 346 4027 3813
8011 2 2 0 10 3827 4027 347
8012 2 2 0 10 3828 4029 3913
8013 2 2 0 10 3983 4024 4019
8014 2 2 0 10 349 4028 348
8015 2 2 0 10 359 4029 358
8016 2 2 0 10 4014 4024 3991
8017 2 2 0 10 3950 4030 3829
8018 2 2 0 10 3954 4031 3830
8019 2 2 0 10 356 4032 3814
8020 2 2 0 10 3814 4035 355
8021 2 2 0 10 3813 4034 345
8022 2 2 0 10 3828 4032 357
8023 2 2 0 10 344 4034 3829
8024 2 2 0 10 354 4035 3830
8025 2 2 0 10 3984 4026 3983
8026 2 2 0 10 343 4030 342
8027 2 2 0 10 3983 4026 4024
8028 2 2 0 10 353 4031 352
8029 2 2 0 10 347 4027 346
8030 2 2 0 10 3913 4029 3938
8031 2 2 0 10 3830 4031 353
8032 2 2 0 10 3829 4030 343
8033 2 2 0 10 3949 4030 3950
8034 2 2 0 10 348 4028 3827
8035 2 2 0 10 3938 4033 3831
8036 2 2 0 10 3953 4031 3954
8037 2 2 0 10 358 4029 3828
8038 2 2 0 10 3827 4028 4022
8039 2 2 0 10 3832 4037 40
8040 2 2 0 10 380 4036 3833
8041 2 2 0 10 21 4038 3834
8042 2 2 0 10 357 4032 356
8043 2 2 0 10 345 4034 344
8044 2 2 0 10 355 4035 354
8045 2 2 0 10 3827 4039 4027
8046 2 2 0 10 3943 4039 3964
8047 2 2 0 10 4027 4039 3943
8048 2 2 0 10 14 4033 360
8049 2 2 0 11 4041 4174 4135
8050 2 2 0 11 4138 4174 4041
8051 2 2 0 11 420 4186 419
8052 2 2 0 11 412 4179 411
8053 2 2 0 11 4183 4245 4127
8054 2 2 0 11 4130 4176 4164
8055 2 2 0 11 4179 4264 411
8056 2 2 0 11 420 4263 4186
8057 2 2 0 11 409 4178 408
8058 2 2 0 11 4184 4259 4176
8059 2 2 0 11 4040 4169 4168
8060 2 2 0 11 4176 4259 4058
8061 2 2 0 11 4107 4173 4170
8062 2 2 0 11 4040 4168 4167
8063 2 2 0 11 405 4247 404
8064 2 2 0 11 4139 4140 4049
8065 2 2 0 11 4172 4176 4130
8066 2 2 0 11 402 4249 401
8067 2 2 0 11 404 4162 403
8068 2 2 0 11 4136 4219 4053
8069 2 2 0 11 404 4247 4162
8070 2 2 0 11 395 4163 394
8071 2 2 0 11 394 4163 4051
8072 2 2 0 11 4060 4179 4137
8073 2 2 0 11 4051 4163 4144
8074 2 2 0 11 4135 4255 4041
8075 2 2 0 11 4144 4164 4051
8076 2 2 0 11 4145 4147 4047
8077 2 2 0 11 4127 4245 4187
8078 2 2 0 11 408 4178 4053
8079 2 2 0 11 399 4250 398
8080 2 2 0 11 401 4165 400
8081 2 2 0 11 403 4162 4047
8082 2 2 0 11 4053 4178 4136
8083 2 2 0 11 4047 4162 4145
8084 2 2 0 11 4152 4154 4046
8085 2 2 0 11 407 4180 406
8086 2 2 0 11 401 4249 4165
8087 2 2 0 11 4170 4245 4183
8088 2 2 0 11 400 4165 4046
8089 2 2 0 11 4046 4165 4152
8090 2 2 0 11 4054 4245 4169
8091 2 2 0 11 398 4166 397
8092 2 2 0 11 4137 4178 4060
8093 2 2 0 11 4060 4178 409
8094 2 2 0 11 4049 4180 4139
8095 2 2 0 11 397 4166 4045
8096 2 2 0 11 4045 4166 4159
8097 2 2 0 11 398 4250 4166
8098 2 2 0 11 4179 4253 4137
8099 2 2 0 11 4128 4251 4197
8100 2 2 0 11 4170 4183 4107
8101 2 2 0 11 4171 4262 382
8102 2 2 0 11 4164 4176 4175
8103 2 2 0 11 4169 4261 4054
8104 2 2 0 11 4041 4254 4138
8105 2 2 0 11 4059 4171 4161
8106 2 2 0 11 393 4175 392
8107 2 2 0 11 4170 4173 4168
8108 2 2 0 11 4197 4217 4114
8109 2 2 0 11 4159 4197 4045
8110 2 2 0 11 4161 4181 4059
8111 2 2 0 11 4182 4230 4122
8112 2 2 0 11 4144 4216 4164
8113 2 2 0 11 4164 4216 4130
8114 2 2 0 11 4053 4180 407
8115 2 2 0 11 406 4180 4049
8116 2 2 0 11 4049 4247 405
8117 2 2 0 11 4115 4219 4116
8118 2 2 0 11 4052 4181 4177
8119 2 2 0 11 4140 4247 4049
8120 2 2 0 11 4067 4183 4065
8121 2 2 0 11 4163 4251 4128
8122 2 2 0 11 4047 4249 402
8123 2 2 0 11 392 4175 4058
8124 2 2 0 11 4051 4175 393
8125 2 2 0 11 4177 4181 4161
8126 2 2 0 11 4128 4197 4114
8127 2 2 0 11 382 4258 4171
8128 2 2 0 11 4046 4250 399
8129 2 2 0 11 4053 4219 4180
8130 2 2 0 11 4177 4230 4182
8131 2 2 0 11 4147 4249 4047
8132 2 2 0 11 4179 4257 4253
8133 2 2 0 11 395 4251 4163
8134 2 2 0 11 4169 4170 4168
8135 2 2 0 11 4159 4217 4197
8136 2 2 0 11 4065 4183 4127
8137 2 2 0 11 4126 4174 4138
8138 2 2 0 11 4154 4250 4046
8139 2 2 0 11 4107 4183 4067
8140 2 2 0 11 4164 4175 4051
8141 2 2 0 11 4116 4219 4136
8142 2 2 0 11 4139 4219 4115
8143 2 2 0 11 4048 4252 4248
8144 2 2 0 11 4107 4188 4173
8145 2 2 0 11 4172 4184 4176
8146 2 2 0 11 4124 4189 4119
8147 2 2 0 11 4052 4252 184
8148 2 2 0 11 4197 4251 4045
8149 2 2 0 11 182 4181 183
8150 2 2 0 11 4187 4245 4054
8151 2 2 0 11 4126 4189 4174
8152 2 2 0 11 4192 4194 4121
8153 2 2 0 11 4177 4182 4052
8154 2 2 0 11 4059 4181 182
8155 2 2 0 11 4123 4228 4206
8156 2 2 0 11 4185 4187 4186
8157 2 2 0 11 382 4262 381
8158 2 2 0 11 4189 4195 4119
8159 2 2 0 11 4194 4224 4121
8160 2 2 0 11 4206 4228 4205
8161 2 2 0 11 4242 4243 4212
8162 2 2 0 11 4175 4176 4058
8163 2 2 0 11 4192 4226 4191
8164 2 2 0 11 183 4181 4052
8165 2 2 0 11 4105 4243 4242
8166 2 2 0 11 4174 4189 4124
8167 2 2 0 11 4127 4187 4185
8168 2 2 0 11 4127 4185 4063
8169 2 2 0 11 4119 4195 4093
8170 2 2 0 11 4122 4248 4182
8171 2 2 0 11 4121 4226 4192
8172 2 2 0 11 4062 4185 4061
8173 2 2 0 11 4185 4186 4061
8174 2 2 0 11 4100 4221 4188
8175 2 2 0 11 199 4062 4061
8176 2 2 0 11 4238 4239 4202
8177 2 2 0 11 4188 4221 4173
8178 2 2 0 11 4202 4239 4203
8179 2 2 0 11 4205 4246 4200
8180 2 2 0 11 4063 4185 4062
8181 2 2 0 11 4182 4252 4052
8182 2 2 0 11 4093 4195 4092
8183 2 2 0 11 4218 4225 4217
8184 2 2 0 11 4043 4191 195
8185 2 2 0 11 4069 4188 4107
8186 2 2 0 11 4211 4241 4208
8187 2 2 0 11 196 4191 4190
8188 2 2 0 11 4248 4252 4182
8189 2 2 0 11 4043 4192 4191
8190 2 2 0 11 4125 4133 4117
8191 2 2 0 11 4071 4188 4069
8192 2 2 0 11 4100 4188 4071
8193 2 2 0 11 392 4058 391
8194 2 2 0 11 199 4061 200
8195 2 2 0 11 181 4059 182
8196 2 2 0 11 410 4060 409
8197 2 2 0 11 4050 4063 4062
8198 2 2 0 11 4131 4135 4124
8199 2 2 0 11 196 4190 197
8200 2 2 0 11 4065 4127 4063
8201 2 2 0 11 4120 4124 4119
8202 2 2 0 11 4116 4117 4109
8203 2 2 0 11 4084 4234 4227
8204 2 2 0 11 4120 4131 4124
8205 2 2 0 11 4217 4225 4114
8206 2 2 0 11 4126 4138 4129
8207 2 2 0 11 4180 4219 4139
8208 2 2 0 11 4106 4126 4112
8209 2 2 0 11 4050 4062 198
8210 2 2 0 11 4126 4129 4112
8211 2 2 0 11 195 4191 196
8212 2 2 0 11 4091 4092 4090
8213 2 2 0 11 4133 4167 4134
8214 2 2 0 11 4212 4244 4211
8215 2 2 0 11 4091 4093 4092
8216 2 2 0 11 4113 4216 4144
8217 2 2 0 11 4243 4244 4212
8218 2 2 0 11 4111 4120 4119
8219 2 2 0 11 4116 4125 4117
8220 2 2 0 11 4106 4112 4102
8221 2 2 0 11 4098 4106 4102
8222 2 2 0 11 4104 4241 4211
8223 2 2 0 11 4111 4119 4093
8224 2 2 0 11 4088 4196 4096
8225 2 2 0 11 4108 4109 4100
8226 2 2 0 11 4133 4134 4117
8227 2 2 0 11 198 4062 199
8228 2 2 0 11 4092 4098 4097
8229 2 2 0 11 4196 4218 4096
8230 2 2 0 11 4069 4107 4067
8231 2 2 0 11 4092 4195 4098
8232 2 2 0 11 394 4051 393
8233 2 2 0 11 197 4050 198
8234 2 2 0 11 4064 4065 4063
8235 2 2 0 11 4240 4241 4104
8236 2 2 0 11 4089 4091 4090
8237 2 2 0 11 183 4052 184
8238 2 2 0 11 408 4053 407
8239 2 2 0 11 4089 4090 4088
8240 2 2 0 11 4048 4248 4206
8241 2 2 0 11 4106 4195 4189
8242 2 2 0 11 4099 4100 4071
8243 2 2 0 11 4135 4174 4124
8244 2 2 0 11 4199 4205 4200
8245 2 2 0 11 4098 4195 4106
8246 2 2 0 11 188 4199 4042
8247 2 2 0 11 4092 4097 4090
8248 2 2 0 11 4105 4242 4203
8249 2 2 0 11 4199 4200 4042
8250 2 2 0 11 4110 4111 4093
8251 2 2 0 11 4106 4189 4126
8252 2 2 0 11 185 4048 186
8253 2 2 0 11 406 4049 405
8254 2 2 0 11 4167 4168 4134
8255 2 2 0 11 4050 4064 4063
8256 2 2 0 11 4213 4214 4204
8257 2 2 0 11 4191 4226 4190
8258 2 2 0 11 4098 4102 4101
8259 2 2 0 11 4132 4160 4131
8260 2 2 0 11 190 4214 191
8261 2 2 0 11 4193 4194 4192
8262 2 2 0 11 4134 4221 4117
8263 2 2 0 11 4048 4198 186
8264 2 2 0 11 197 4190 4050
8265 2 2 0 11 4043 4193 4192
8266 2 2 0 11 4099 4108 4100
8267 2 2 0 11 4153 4235 4158
8268 2 2 0 11 4129 4172 4130
8269 2 2 0 11 4044 4213 4210
8270 2 2 0 11 4161 4171 4160
8271 2 2 0 11 4109 4221 4100
8272 2 2 0 11 4044 4210 4209
8273 2 2 0 11 4115 4116 4109
8274 2 2 0 11 4238 4246 4103
8275 2 2 0 11 4198 4205 4199
8276 2 2 0 11 4066 4067 4065
8277 2 2 0 11 4203 4239 4105
8278 2 2 0 11 190 4215 4214
8279 2 2 0 11 4044 4209 192
8280 2 2 0 11 187 4199 188
8281 2 2 0 11 192 4209 193
8282 2 2 0 11 4210 4213 4212
8283 2 2 0 11 4198 4199 187
8284 2 2 0 11 4087 4089 4088
8285 2 2 0 11 191 4214 4044
8286 2 2 0 11 4098 4101 4097
8287 2 2 0 11 4048 4206 4198
8288 2 2 0 11 4087 4088 4086
8289 2 2 0 11 4155 4157 4156
8290 2 2 0 11 4090 4196 4088
8291 2 2 0 11 4201 4215 4042
8292 2 2 0 11 4091 4110 4093
8293 2 2 0 11 4198 4206 4205
8294 2 2 0 11 4085 4087 4086
8295 2 2 0 11 4207 4208 4193
8296 2 2 0 11 4210 4211 4208
8297 2 2 0 11 4204 4215 4201
8298 2 2 0 11 186 4198 187
8299 2 2 0 11 4200 4202 4201
8300 2 2 0 11 4200 4201 4042
8301 2 2 0 11 4157 4159 4156
8302 2 2 0 11 4136 4137 4125
8303 2 2 0 11 4085 4086 4084
8304 2 2 0 11 4042 4215 189
8305 2 2 0 11 4214 4215 4204
8306 2 2 0 11 4044 4214 4213
8307 2 2 0 11 189 4215 190
8308 2 2 0 11 4210 4212 4211
8309 2 2 0 11 193 4209 4207
8310 2 2 0 11 4153 4158 4155
8311 2 2 0 11 4087 4103 4089
8312 2 2 0 11 4083 4085 4084
8313 2 2 0 11 194 4207 4043
8314 2 2 0 11 4064 4066 4065
8315 2 2 0 11 4146 4151 4148
8316 2 2 0 11 4202 4203 4201
8317 2 2 0 11 4153 4155 4154
8318 2 2 0 11 193 4207 194
8319 2 2 0 11 4043 4207 4193
8320 2 2 0 11 4209 4210 4208
8321 2 2 0 11 400 4046 399
8322 2 2 0 11 188 4042 189
8323 2 2 0 11 191 4044 192
8324 2 2 0 11 194 4043 195
8325 2 2 0 11 397 4045 396
8326 2 2 0 11 403 4047 402
8327 2 2 0 11 4088 4096 4086
8328 2 2 0 11 4150 4153 4152
8329 2 2 0 11 4120 4132 4131
8330 2 2 0 11 4207 4209 4208
8331 2 2 0 11 4155 4156 4154
8332 2 2 0 11 4227 4234 4158
8333 2 2 0 11 4153 4154 4152
8334 2 2 0 11 4203 4204 4201
8335 2 2 0 11 4083 4084 4082
8336 2 2 0 11 4148 4150 4149
8337 2 2 0 11 4082 4095 4080
8338 2 2 0 11 4081 4105 4083
8339 2 2 0 11 4081 4083 4082
8340 2 2 0 11 4150 4152 4149
8341 2 2 0 11 4152 4165 4149
8342 2 2 0 11 4159 4166 4156
8343 2 2 0 11 4129 4130 4112
8344 2 2 0 11 4081 4082 4080
8345 2 2 0 11 4110 4122 4111
8346 2 2 0 11 4146 4148 4147
8347 2 2 0 11 4148 4149 4147
8348 2 2 0 11 4072 4220 4099
8349 2 2 0 11 4173 4221 4134
8350 2 2 0 11 4108 4115 4109
8351 2 2 0 11 4079 4081 4080
8352 2 2 0 11 4076 4094 4074
8353 2 2 0 11 4079 4080 4078
8354 2 2 0 11 4077 4079 4078
8355 2 2 0 11 4146 4147 4145
8356 2 2 0 11 4074 4220 4072
8357 2 2 0 11 4077 4078 4076
8358 2 2 0 11 4072 4099 4071
8359 2 2 0 11 4113 4144 4128
8360 2 2 0 11 4143 4146 4145
8361 2 2 0 11 4075 4104 4077
8362 2 2 0 11 4157 4217 4159
8363 2 2 0 11 4117 4221 4109
8364 2 2 0 11 4157 4218 4217
8365 2 2 0 11 4070 4071 4069
8366 2 2 0 11 4075 4077 4076
8367 2 2 0 11 4068 4069 4067
8368 2 2 0 11 4075 4076 4074
8369 2 2 0 11 4145 4162 4142
8370 2 2 0 11 4141 4143 4142
8371 2 2 0 11 4070 4072 4071
8372 2 2 0 11 4196 4225 4218
8373 2 2 0 11 4118 4141 4140
8374 2 2 0 11 4070 4073 4072
8375 2 2 0 11 4073 4075 4074
8376 2 2 0 11 4143 4145 4142
8377 2 2 0 11 4102 4113 4101
8378 2 2 0 11 4073 4074 4072
8379 2 2 0 11 4066 4068 4067
8380 2 2 0 11 4116 4136 4125
8381 2 2 0 11 4102 4216 4113
8382 2 2 0 11 4228 4246 4205
8383 2 2 0 11 4094 4220 4074
8384 2 2 0 11 4141 4142 4140
8385 2 2 0 11 4103 4223 4089
8386 2 2 0 11 4118 4140 4139
8387 2 2 0 11 4091 4223 4110
8388 2 2 0 11 4118 4139 4115
8389 2 2 0 11 4068 4070 4069
8390 2 2 0 11 4097 4196 4090
8391 2 2 0 11 4099 4222 4108
8392 2 2 0 11 4144 4163 4128
8393 2 2 0 11 4110 4223 4123
8394 2 2 0 11 4050 4190 4064
8395 2 2 0 11 4150 4236 4235
8396 2 2 0 11 4108 4222 4118
8397 2 2 0 11 4146 4231 4151
8398 2 2 0 11 4084 4227 4082
8399 2 2 0 11 4218 4233 4096
8400 2 2 0 11 4068 4224 4070
8401 2 2 0 11 4157 4233 4218
8402 2 2 0 11 4110 4123 4122
8403 2 2 0 11 4158 4233 4155
8404 2 2 0 11 4112 4216 4102
8405 2 2 0 11 4113 4128 4114
8406 2 2 0 11 4066 4121 4068
8407 2 2 0 11 4113 4114 4101
8408 2 2 0 11 4108 4118 4115
8409 2 2 0 11 4118 4222 4141
8410 2 2 0 11 4220 4222 4099
8411 2 2 0 11 4089 4223 4091
8412 2 2 0 11 4158 4235 4227
8413 2 2 0 11 4136 4178 4137
8414 2 2 0 11 4132 4161 4160
8415 2 2 0 11 4121 4224 4068
8416 2 2 0 11 4086 4234 4084
8417 2 2 0 11 416 4040 415
8418 2 2 0 11 386 4041 385
8419 2 2 0 11 4120 4230 4132
8420 2 2 0 11 4070 4224 4073
8421 2 2 0 11 4168 4173 4134
8422 2 2 0 11 4122 4230 4111
8423 2 2 0 11 4158 4234 4233
8424 2 2 0 11 4229 4231 4143
8425 2 2 0 11 4194 4241 4240
8426 2 2 0 11 4148 4236 4150
8427 2 2 0 11 4095 4237 4080
8428 2 2 0 11 418 4054 417
8429 2 2 0 11 388 4055 387
8430 2 2 0 11 4078 4237 4232
8431 2 2 0 11 414 4056 413
8432 2 2 0 11 384 4057 383
8433 2 2 0 11 4094 4231 4229
8434 2 2 0 11 4078 4232 4076
8435 2 2 0 11 4103 4228 4223
8436 2 2 0 11 4194 4240 4224
8437 2 2 0 11 4076 4232 4094
8438 2 2 0 11 4082 4227 4095
8439 2 2 0 11 4111 4230 4120
8440 2 2 0 11 4167 4256 4040
8441 2 2 0 11 4220 4229 4222
8442 2 2 0 11 4222 4229 4141
8443 2 2 0 11 4141 4229 4143
8444 2 2 0 11 4130 4216 4112
8445 2 2 0 11 4101 4225 4097
8446 2 2 0 11 4211 4244 4104
8447 2 2 0 11 4064 4226 4066
8448 2 2 0 11 4150 4235 4153
8449 2 2 0 11 4213 4242 4212
8450 2 2 0 11 4231 4232 4151
8451 2 2 0 11 4132 4230 4177
8452 2 2 0 11 4114 4225 4101
8453 2 2 0 11 4143 4231 4146
8454 2 2 0 11 4190 4226 4064
8455 2 2 0 11 4155 4233 4157
8456 2 2 0 11 4236 4237 4095
8457 2 2 0 11 4097 4225 4196
8458 2 2 0 11 4232 4237 4151
8459 2 2 0 11 4066 4226 4121
8460 2 2 0 11 4235 4236 4095
8461 2 2 0 11 4132 4177 4161
8462 2 2 0 11 4094 4229 4220
8463 2 2 0 11 4202 4246 4238
8464 2 2 0 11 4223 4228 4123
8465 2 2 0 11 4203 4242 4204
8466 2 2 0 11 4087 4238 4103
8467 2 2 0 11 4094 4232 4231
8468 2 2 0 11 4233 4234 4096
8469 2 2 0 11 4096 4234 4086
8470 2 2 0 11 4105 4239 4083
8471 2 2 0 11 4151 4236 4148
8472 2 2 0 11 4080 4237 4078
8473 2 2 0 11 4081 4243 4105
8474 2 2 0 11 4075 4240 4104
8475 2 2 0 11 4208 4241 4193
8476 2 2 0 11 4104 4244 4077
8477 2 2 0 11 4151 4237 4236
8478 2 2 0 11 4227 4235 4095
8479 2 2 0 11 4142 4247 4140
8480 2 2 0 11 4224 4240 4073
8481 2 2 0 11 4200 4246 4202
8482 2 2 0 11 4125 4253 4133
8483 2 2 0 11 4149 4249 4147
8484 2 2 0 11 4169 4245 4170
8485 2 2 0 11 4156 4250 4154
8486 2 2 0 11 4085 4238 4087
8487 2 2 0 11 396 4251 395
8488 2 2 0 11 4085 4239 4238
8489 2 2 0 11 4204 4242 4213
8490 2 2 0 11 4083 4239 4085
8491 2 2 0 11 4206 4248 4123
8492 2 2 0 11 184 4252 185
8493 2 2 0 11 4057 4267 4160
8494 2 2 0 11 4193 4241 4194
8495 2 2 0 11 4123 4248 4122
8496 2 2 0 11 4073 4240 4075
8497 2 2 0 11 4079 4243 4081
8498 2 2 0 11 4077 4244 4079
8499 2 2 0 11 4079 4244 4243
8500 2 2 0 11 389 4259 4184
8501 2 2 0 11 4060 4264 4179
8502 2 2 0 11 4162 4247 4142
8503 2 2 0 11 4103 4246 4228
8504 2 2 0 11 390 4259 389
8505 2 2 0 11 4165 4249 4149
8506 2 2 0 11 4253 4269 4133
8507 2 2 0 11 4166 4250 4156
8508 2 2 0 11 4045 4251 396
8509 2 2 0 11 412 4257 4179
8510 2 2 0 11 4040 4261 4169
8511 2 2 0 11 8 4263 420
8512 2 2 0 11 411 4264 16
8513 2 2 0 11 200 4263 8
8514 2 2 0 11 16 4264 410
8515 2 2 0 11 185 4252 4048
8516 2 2 0 11 386 4254 4041
8517 2 2 0 11 4055 4254 387
8518 2 2 0 11 4041 4255 385
8519 2 2 0 11 384 4255 4057
8520 2 2 0 11 4137 4253 4125
8521 2 2 0 11 4056 4269 4253
8522 2 2 0 11 4172 4265 4055
8523 2 2 0 11 4186 4263 4061
8524 2 2 0 11 4186 4260 419
8525 2 2 0 11 181 4270 4059
8526 2 2 0 11 4160 4258 4057
8527 2 2 0 11 4040 4256 415
8528 2 2 0 11 414 4256 4056
8529 2 2 0 11 413 4257 412
8530 2 2 0 11 383 4258 382
8531 2 2 0 11 4160 4267 4131
8532 2 2 0 11 4129 4265 4172
8533 2 2 0 11 387 4254 386
8534 2 2 0 11 4184 4266 389
8535 2 2 0 11 4054 4260 4187
8536 2 2 0 11 416 4261 4040
8537 2 2 0 11 4054 4261 417
8538 2 2 0 11 4059 4270 4262
8539 2 2 0 11 385 4255 384
8540 2 2 0 11 389 4266 388
8541 2 2 0 11 4055 4266 4172
8542 2 2 0 11 419 4260 418
8543 2 2 0 11 4172 4266 4184
8544 2 2 0 11 4171 4258 4160
8545 2 2 0 11 415 4256 414
8546 2 2 0 11 4058 4268 391
8547 2 2 0 11 418 4260 4054
8548 2 2 0 11 4187 4260 4186
8549 2 2 0 11 4255 4267 4057
8550 2 2 0 11 4059 4262 4171
8551 2 2 0 11 4056 4257 413
8552 2 2 0 11 4057 4258 383
8553 2 2 0 11 4253 4257 4056
8554 2 2 0 11 4055 4265 4254
8555 2 2 0 11 391 4268 15
8556 2 2 0 11 417 4261 416
8557 2 2 0 11 4061 4263 200
8558 2 2 0 11 410 4264 4060
8559 2 2 0 11 7 4270 181
8560 2 2 0 11 4135 4267 4255
8561 2 2 0 11 4256 4269 4056
8562 2 2 0 11 15 4268 390
8563 2 2 0 11 4259 4268 4058
8564 2 2 0 11 4138 4265 4129
8565 2 2 0 11 4131 4267 4135
8566 2 2 0 11 4133 4269 4167
8567 2 2 0 11 4254 4265 4138
8568 2 2 0 11 388 4266 4055
8569 2 2 0 11 381 4270 7
8570 2 2 0 11 4167 4269 4256
8571 2 2 0 11 390 4268 4259
8572 2 2 0 11 4262 4270 381
8573 2 2 0 12 4291 4325 4278
8574 2 2 0 12 423 4350 4285
8575 2 2 0 12 4276 4337 4313
8576 2 2 0 12 421 4332 17
8577 2 2 0 12 4308 4330 4305
8578 2 2 0 12 4310 4337 4308
8579 2 2 0 12 18 4292 423
8580 2 2 0 12 4294 4297 4296
8581 2 2 0 12 4312 4313 4310
8582 2 2 0 12 4313 4337 4310
8583 2 2 0 12 4308 4343 4330
8584 2 2 0 12 4284 4348 4307
8585 2 2 0 12 4293 4335 4294
8586 2 2 0 12 4290 4295 4286
8587 2 2 0 12 4331 4344 4315
8588 2 2 0 12 4283 4335 4293
8589 2 2 0 12 4298 4327 4282
8590 2 2 0 12 4299 4327 4298
8591 2 2 0 12 423 4285 422
8592 2 2 0 12 4326 4327 4299
8593 2 2 0 12 4309 4310 4308
8594 2 2 0 12 4294 4353 4297
8595 2 2 0 12 4311 4312 4310
8596 2 2 0 12 4349 4352 422
8597 2 2 0 12 4300 4344 4331
8598 2 2 0 12 4335 4353 4294
8599 2 2 0 12 4297 4300 4296
8600 2 2 0 12 424 4292 18
8601 2 2 0 12 4307 4308 4305
8602 2 2 0 12 426 4293 4279
8603 2 2 0 12 4311 4329 4312
8604 2 2 0 12 4329 4338 4316
8605 2 2 0 12 4293 4294 4279
8606 2 2 0 12 4286 4350 423
8607 2 2 0 12 4334 4335 4283
8608 2 2 0 12 4328 4329 4316
8609 2 2 0 12 4297 4345 4300
8610 2 2 0 12 4315 4338 4331
8611 2 2 0 12 4272 4344 4300
8612 2 2 0 12 426 4279 425
8613 2 2 0 12 432 4278 431
8614 2 2 0 12 4327 4333 4282
8615 2 2 0 12 4300 4345 4272
8616 2 2 0 12 4288 4351 4325
8617 2 2 0 12 4325 4336 4299
8618 2 2 0 12 4287 4338 4329
8619 2 2 0 12 4288 4325 4291
8620 2 2 0 12 4278 4298 431
8621 2 2 0 12 433 4291 432
8622 2 2 0 12 425 4290 424
8623 2 2 0 12 4286 4292 4290
8624 2 2 0 12 4299 4336 4326
8625 2 2 0 12 4302 4303 4274
8626 2 2 0 12 4273 4316 4315
8627 2 2 0 12 4297 4353 4322
8628 2 2 0 12 432 4291 4278
8629 2 2 0 12 431 4298 430
8630 2 2 0 12 102 4281 103
8631 2 2 0 12 103 4317 104
8632 2 2 0 12 104 4271 105
8633 2 2 0 12 107 4319 108
8634 2 2 0 12 109 4320 110
8635 2 2 0 12 105 4301 106
8636 2 2 0 12 108 4275 109
8637 2 2 0 12 114 4273 115
8638 2 2 0 12 117 4322 118
8639 2 2 0 12 115 4314 116
8640 2 2 0 12 118 4280 119
8641 2 2 0 12 110 4276 111
8642 2 2 0 12 106 4274 107
8643 2 2 0 12 112 4277 113
8644 2 2 0 12 113 4321 114
8645 2 2 0 12 116 4272 117
8646 2 2 0 12 17 4332 433
8647 2 2 0 12 422 4352 421
8648 2 2 0 12 4281 4327 4326
8649 2 2 0 12 4317 4318 4271
8650 2 2 0 12 4273 4315 4314
8651 2 2 0 12 4301 4302 4274
8652 2 2 0 12 427 4293 426
8653 2 2 0 12 430 4282 429
8654 2 2 0 12 428 4283 427
8655 2 2 0 12 118 4322 4280
8656 2 2 0 12 116 4314 4272
8657 2 2 0 12 104 4317 4271
8658 2 2 0 12 110 4320 4276
8659 2 2 0 12 4273 4314 115
8660 2 2 0 12 4274 4319 107
8661 2 2 0 12 4277 4321 113
8662 2 2 0 12 4275 4320 109
8663 2 2 0 12 4272 4322 117
8664 2 2 0 12 4281 4317 103
8665 2 2 0 12 4271 4301 105
8666 2 2 0 12 108 4319 4275
8667 2 2 0 12 114 4321 4273
8668 2 2 0 12 106 4301 4274
8669 2 2 0 12 4273 4321 4316
8670 2 2 0 12 4303 4319 4274
8671 2 2 0 12 4318 4323 4271
8672 2 2 0 12 4301 4323 4302
8673 2 2 0 12 4317 4326 4318
8674 2 2 0 12 430 4298 4282
8675 2 2 0 12 4271 4323 4301
8676 2 2 0 12 4281 4326 4317
8677 2 2 0 12 4313 4340 4276
8678 2 2 0 12 4294 4296 4295
8679 2 2 0 12 101 4333 102
8680 2 2 0 12 119 4334 120
8681 2 2 0 12 423 4292 4286
8682 2 2 0 12 4278 4299 4298
8683 2 2 0 12 4322 4345 4297
8684 2 2 0 12 4281 4333 4327
8685 2 2 0 12 4321 4328 4316
8686 2 2 0 12 4303 4330 4319
8687 2 2 0 12 4277 4328 4321
8688 2 2 0 12 4319 4330 4275
8689 2 2 0 12 4320 4337 4276
8690 2 2 0 12 4285 4349 422
8691 2 2 0 12 4280 4335 4334
8692 2 2 0 12 4304 4339 4289
8693 2 2 0 12 102 4333 4281
8694 2 2 0 12 4280 4334 119
8695 2 2 0 12 4340 4354 4277
8696 2 2 0 12 4307 4309 4308
8697 2 2 0 12 4276 4340 111
8698 2 2 0 12 112 4340 4277
8699 2 2 0 12 120 4347 5
8700 2 2 0 12 4 4346 101
8701 2 2 0 12 5 4347 428
8702 2 2 0 12 429 4346 4
8703 2 2 0 12 4330 4343 4275
8704 2 2 0 12 4320 4343 4337
8705 2 2 0 12 4309 4311 4310
8706 2 2 0 12 4331 4338 4287
8707 2 2 0 12 4314 4344 4272
8708 2 2 0 12 4305 4330 4303
8709 2 2 0 12 4284 4307 4306
8710 2 2 0 12 4322 4353 4280
8711 2 2 0 12 4324 4336 4325
8712 2 2 0 12 4289 4339 4324
8713 2 2 0 12 4287 4350 4342
8714 2 2 0 12 4295 4342 4286
8715 2 2 0 12 4284 4352 4349
8716 2 2 0 12 4283 4293 427
8717 2 2 0 12 4337 4343 4308
8718 2 2 0 12 4287 4342 4331
8719 2 2 0 12 4302 4304 4303
8720 2 2 0 12 4316 4338 4315
8721 2 2 0 12 4284 4349 4348
8722 2 2 0 12 4324 4325 4289
8723 2 2 0 12 4300 4331 4296
8724 2 2 0 12 4313 4354 4340
8725 2 2 0 12 4318 4324 4323
8726 2 2 0 12 4326 4336 4318
8727 2 2 0 12 4275 4343 4320
8728 2 2 0 12 4312 4354 4313
8729 2 2 0 12 4304 4305 4303
8730 2 2 0 12 433 4332 4291
8731 2 2 0 12 111 4340 112
8732 2 2 0 12 4289 4306 4304
8733 2 2 0 12 4323 4339 4302
8734 2 2 0 12 4312 4329 4328
8735 2 2 0 12 4341 4350 4287
8736 2 2 0 12 4296 4342 4295
8737 2 2 0 12 4311 4341 4329
8738 2 2 0 12 4315 4344 4314
8739 2 2 0 12 4272 4345 4322
8740 2 2 0 12 101 4346 4333
8741 2 2 0 12 4334 4347 120
8742 2 2 0 12 4311 4348 4341
8743 2 2 0 12 4294 4295 4279
8744 2 2 0 12 4288 4332 421
8745 2 2 0 12 4277 4354 4328
8746 2 2 0 12 4329 4341 4287
8747 2 2 0 12 4279 4290 425
8748 2 2 0 12 4282 4346 429
8749 2 2 0 12 428 4347 4283
8750 2 2 0 12 4290 4292 424
8751 2 2 0 12 4328 4354 4312
8752 2 2 0 12 4280 4353 4335
8753 2 2 0 12 4318 4336 4324
8754 2 2 0 12 4302 4339 4304
8755 2 2 0 12 4279 4295 4290
8756 2 2 0 12 4333 4346 4282
8757 2 2 0 12 4283 4347 4334
8758 2 2 0 12 4306 4307 4305
8759 2 2 0 12 4291 4332 4288
8760 2 2 0 12 4285 4350 4341
8761 2 2 0 12 4324 4339 4323
8762 2 2 0 12 4306 4351 4284
8763 2 2 0 12 4341 4348 4285
8764 2 2 0 12 421 4352 4288
8765 2 2 0 12 4304 4306 4305
8766 2 2 0 12 4309 4348 4311
8767 2 2 0 12 4331 4342 4296
8768 2 2 0 12 4342 4350 4286
8769 2 2 0 12 4288 4352 4351
8770 2 2 0 12 4289 4351 4306
8771 2 2 0 12 4348 4349 4285
8772 2 2 0 12 4351 4352 4284
8773 2 2 0 12 4278 4325 4299
8774 2 2 0 12 4325 4351 4289
8775 2 2 0 12 4307 4348 4309
8776 2 2 0 13 4375 4409 4362
8777 2 2 0 13 441 4434 4369
8778 2 2 0 13 4360 4421 4397
8779 2 2 0 13 439 4416 19
8780 2 2 0 13 4392 4414 4389
8781 2 2 0 13 4394 4421 4392
8782 2 2 0 13 20 4376 441
8783 2 2 0 13 4378 4381 4380
8784 2 2 0 13 4396 4397 4394
8785 2 2 0 13 4397 4421 4394
8786 2 2 0 13 4392 4427 4414
8787 2 2 0 13 4368 4432 4391
8788 2 2 0 13 4377 4419 4378
8789 2 2 0 13 4374 4379 4370
8790 2 2 0 13 4415 4428 4399
8791 2 2 0 13 4367 4419 4377
8792 2 2 0 13 4382 4411 4366
8793 2 2 0 13 4383 4411 4382
8794 2 2 0 13 441 4369 440
8795 2 2 0 13 4410 4411 4383
8796 2 2 0 13 4393 4394 4392
8797 2 2 0 13 4378 4437 4381
8798 2 2 0 13 4395 4396 4394
8799 2 2 0 13 4433 4436 440
8800 2 2 0 13 4384 4428 4415
8801 2 2 0 13 4419 4437 4378
8802 2 2 0 13 4381 4384 4380
8803 2 2 0 13 442 4376 20
8804 2 2 0 13 4391 4392 4389
8805 2 2 0 13 444 4377 4363
8806 2 2 0 13 4395 4413 4396
8807 2 2 0 13 4413 4422 4400
8808 2 2 0 13 4377 4378 4363
8809 2 2 0 13 4370 4434 441
8810 2 2 0 13 4418 4419 4367
8811 2 2 0 13 4412 4413 4400
8812 2 2 0 13 4381 4429 4384
8813 2 2 0 13 4399 4422 4415
8814 2 2 0 13 4356 4428 4384
8815 2 2 0 13 444 4363 443
8816 2 2 0 13 437 4362 436
8817 2 2 0 13 4411 4417 4366
8818 2 2 0 13 4384 4429 4356
8819 2 2 0 13 4372 4435 4409
8820 2 2 0 13 4409 4420 4383
8821 2 2 0 13 4371 4422 4413
8822 2 2 0 13 4372 4409 4375
8823 2 2 0 13 4362 4382 436
8824 2 2 0 13 438 4375 437
8825 2 2 0 13 443 4374 442
8826 2 2 0 13 4370 4376 4374
8827 2 2 0 13 4383 4420 4410
8828 2 2 0 13 4386 4387 4358
8829 2 2 0 13 4357 4400 4399
8830 2 2 0 13 4381 4437 4406
8831 2 2 0 13 437 4375 4362
8832 2 2 0 13 436 4382 435
8833 2 2 0 13 262 4365 263
8834 2 2 0 13 263 4401 264
8835 2 2 0 13 264 4355 265
8836 2 2 0 13 267 4403 268
8837 2 2 0 13 269 4404 270
8838 2 2 0 13 265 4385 266
8839 2 2 0 13 268 4359 269
8840 2 2 0 13 274 4357 275
8841 2 2 0 13 277 4406 278
8842 2 2 0 13 275 4398 276
8843 2 2 0 13 278 4364 279
8844 2 2 0 13 270 4360 271
8845 2 2 0 13 266 4358 267
8846 2 2 0 13 272 4361 273
8847 2 2 0 13 273 4405 274
8848 2 2 0 13 276 4356 277
8849 2 2 0 13 19 4416 438
8850 2 2 0 13 440 4436 439
8851 2 2 0 13 4365 4411 4410
8852 2 2 0 13 4401 4402 4355
8853 2 2 0 13 4357 4399 4398
8854 2 2 0 13 4385 4386 4358
8855 2 2 0 13 445 4377 444
8856 2 2 0 13 435 4366 434
8857 2 2 0 13 446 4367 445
8858 2 2 0 13 278 4406 4364
8859 2 2 0 13 276 4398 4356
8860 2 2 0 13 264 4401 4355
8861 2 2 0 13 270 4404 4360
8862 2 2 0 13 4357 4398 275
8863 2 2 0 13 4358 4403 267
8864 2 2 0 13 4361 4405 273
8865 2 2 0 13 4359 4404 269
8866 2 2 0 13 4356 4406 277
8867 2 2 0 13 4365 4401 263
8868 2 2 0 13 4355 4385 265
8869 2 2 0 13 268 4403 4359
8870 2 2 0 13 274 4405 4357
8871 2 2 0 13 266 4385 4358
8872 2 2 0 13 4357 4405 4400
8873 2 2 0 13 4387 4403 4358
8874 2 2 0 13 4402 4407 4355
8875 2 2 0 13 4385 4407 4386
8876 2 2 0 13 4401 4410 4402
8877 2 2 0 13 435 4382 4366
8878 2 2 0 13 4355 4407 4385
8879 2 2 0 13 4365 4410 4401
8880 2 2 0 13 4397 4424 4360
8881 2 2 0 13 4378 4380 4379
8882 2 2 0 13 261 4417 262
8883 2 2 0 13 279 4418 280
8884 2 2 0 13 441 4376 4370
8885 2 2 0 13 4362 4383 4382
8886 2 2 0 13 4406 4429 4381
8887 2 2 0 13 4365 4417 4411
8888 2 2 0 13 4405 4412 4400
8889 2 2 0 13 4387 4414 4403
8890 2 2 0 13 4361 4412 4405
8891 2 2 0 13 4403 4414 4359
8892 2 2 0 13 4404 4421 4360
8893 2 2 0 13 4369 4433 440
8894 2 2 0 13 4364 4419 4418
8895 2 2 0 13 4388 4423 4373
8896 2 2 0 13 262 4417 4365
8897 2 2 0 13 4364 4418 279
8898 2 2 0 13 4424 4438 4361
8899 2 2 0 13 4391 4393 4392
8900 2 2 0 13 4360 4424 271
8901 2 2 0 13 272 4424 4361
8902 2 2 0 13 280 4431 11
8903 2 2 0 13 10 4430 261
8904 2 2 0 13 11 4431 446
8905 2 2 0 13 434 4430 10
8906 2 2 0 13 4414 4427 4359
8907 2 2 0 13 4404 4427 4421
8908 2 2 0 13 4393 4395 4394
8909 2 2 0 13 4415 4422 4371
8910 2 2 0 13 4398 4428 4356
8911 2 2 0 13 4389 4414 4387
8912 2 2 0 13 4368 4391 4390
8913 2 2 0 13 4406 4437 4364
8914 2 2 0 13 4408 4420 4409
8915 2 2 0 13 4373 4423 4408
8916 2 2 0 13 4371 4434 4426
8917 2 2 0 13 4379 4426 4370
8918 2 2 0 13 4368 4436 4433
8919 2 2 0 13 4367 4377 445
8920 2 2 0 13 4421 4427 4392
8921 2 2 0 13 4371 4426 4415
8922 2 2 0 13 4386 4388 4387
8923 2 2 0 13 4400 4422 4399
8924 2 2 0 13 4368 4433 4432
8925 2 2 0 13 4408 4409 4373
8926 2 2 0 13 4384 4415 4380
8927 2 2 0 13 4397 4438 4424
8928 2 2 0 13 4402 4408 4407
8929 2 2 0 13 4410 4420 4402
8930 2 2 0 13 4359 4427 4404
8931 2 2 0 13 4396 4438 4397
8932 2 2 0 13 4388 4389 4387
8933 2 2 0 13 438 4416 4375
8934 2 2 0 13 271 4424 272
8935 2 2 0 13 4373 4390 4388
8936 2 2 0 13 4407 4423 4386
8937 2 2 0 13 4396 4413 4412
8938 2 2 0 13 4425 4434 4371
8939 2 2 0 13 4380 4426 4379
8940 2 2 0 13 4395 4425 4413
8941 2 2 0 13 4399 4428 4398
8942 2 2 0 13 4356 4429 4406
8943 2 2 0 13 261 4430 4417
8944 2 2 0 13 4418 4431 280
8945 2 2 0 13 4395 4432 4425
8946 2 2 0 13 4378 4379 4363
8947 2 2 0 13 4372 4416 439
8948 2 2 0 13 4361 4438 4412
8949 2 2 0 13 4413 4425 4371
8950 2 2 0 13 4363 4374 443
8951 2 2 0 13 4366 4430 434
8952 2 2 0 13 446 4431 4367
8953 2 2 0 13 4374 4376 442
8954 2 2 0 13 4412 4438 4396
8955 2 2 0 13 4364 4437 4419
8956 2 2 0 13 4402 4420 4408
8957 2 2 0 13 4386 4423 4388
8958 2 2 0 13 4363 4379 4374
8959 2 2 0 13 4417 4430 4366
8960 2 2 0 13 4367 4431 4418
8961 2 2 0 13 4390 4391 4389
8962 2 2 0 13 4375 4416 4372
8963 2 2 0 13 4369 4434 4425
8964 2 2 0 13 4408 4423 4407
8965 2 2 0 13 4390 4435 4368
8966 2 2 0 13 4425 4432 4369
8967 2 2 0 13 439 4436 4372
8968 2 2 0 13 4388 4390 4389
8969 2 2 0 13 4393 4432 4395
8970 2 2 0 13 4415 4426 4380
8971 2 2 0 13 4426 4434 4370
8972 2 2 0 13 4372 4436 4435
8973 2 2 0 13 4373 4435 4390
8974 2 2 0 13 4432 4433 4369
8975 2 2 0 13 4435 4436 4368
8976 2 2 0 13 4362 4409 4383
8977 2 2 0 13 4409 4435 4373
8978 2 2 0 13 4391 4432 4393
$EndElements
