Time (s);Magnetic Field x (µT);Magnetic Field y (µT);Magnetic Field z (µT);Absolute field (µT)
0,000398708;-26,1397686;43,46382141;7,7853508;51,3127953
0,010462708;-25,77855492;43,32262802;7,661121368;50,99094795
0,020526708;-26,057024;43,55483246;7,737129211;51,34057945
0,030590708;-26,13813591;43,32747269;7,552940369;51,16169413
0,040654708;-26,48339653;43,5110054;7,558254242;51,49470934
0,050718708;-25,91943169;43,22031403;7,381563187;50,93427096
0,060781708;-26,18872643;43,49498367;7,478574753;51,31853541
0,070845708;-25,55517769;43,23830795;7,644807816;50,80414814
0,080909708;-26,07112694;43,54973984;8,033473969;51,38891129
0,090973708;-25,84403419;43,39538574;7,332738876;51,0376593
0,101037708;-26,24775124;43,70006561;7,507425308;51,52670778
0,111101708;-25,97386742;43,38188553;7,736755371;51,1516096
0,121165708;-26,2325573;43,88394928;7,645206451;51,69523429
0,131229708;-25,84547234;43,65865326;7,330770493;51,26213652
0,141292708;-26,34721184;43,8625946;7,528064728;51,71822247
0,151356708;-25,8880291;43,30086517;7,419471741;50,99219093
0,161420708;-26,2308445;43,34010696;7,566616058;51,22182887
0,171484708;-25,87131691;43,28263855;7,451293945;50,97287141
0,181548708;-25,80475044;43,23387909;7,111877441;50,84911255
0,191612708;-26,06437111;43,31833649;7,480611801;51,10566769
0,201676708;-25,89420128;43,47184753;7,46072197;51,14658894
0,211740708;-26,27462578;43,7169075;7,739313126;51,58896131
0,221804708;-25,93623924;43,6155777;7,688756943;51,32371876
0,231867708;-26,38611031;43,76065063;7,586057663;51,66013581
0,241931708;-26,20919991;43,56116486;7,360776901;51,36806673
0,251995708;-26,25981331;43,78005219;7,254840851;51,56455643
0,262059708;-25,89883614;43,33201599;7,167251587;50,98806545
0,272123708;-26,19312477;43,4398613;7,270038605;51,24407084
0,282187708;-25,92429543;43,27797318;7,723882675;51,03636369
0,292251708;-26,31341743;43,40872955;7,700498581;51,3421018
0,302315708;-25,89888954;43,54717636;7,421588898;51,20731423
0,312378708;-26,31704903;43,64766693;7,566368103;51,52626344
0,322442708;-26,17821312;43,66545105;7,302776337;51,43248973
0,332506708;-26,34758949;43,69543076;7,410293579;51,55966051
0,342570708;-25,88866997;43,50196457;7,441068649;51,16652868
0,352634708;-26,27435112;43,59593964;7,461769104;51,44536401
0,362698708;-26,05529594;43,34605026;7,297088623;51,09800409
0,372762708;-26,33600807;43,64261246;7,449893951;51,5146956
0,382826708;-26,04087257;43,57437897;7,327133179;51,28879436
0,392889708;-26,35979271;43,66348648;7,527837753;51,55586353
0,402953708;-26,06562996;43,25147629;7,284736633;51,02131568
0,413017708;-26,44641685;43,52249527;7,23812294;51,43939135
0,423081708;-26,28854179;43,57285309;7,243719101;51,40187178
0,433145708;-26,56624031;43,63438797;7,463783264;51,62783163
0,443209708;-25,99648476;43,46982193;7,297159195;51,17314892
0,453273708;-26,28177452;43,51625061;7,705097198;51,41754819
0,463337708;-25,92523003;43,20393753;7,619264603;50,95832575
0,473400708;-26,35082054;43,30038452;8,027076721;51,31981102
0,483464708;-25,96652412;43,47527313;7,442762375;51,18353701
0,493528708;-26,4292469;43,48174667;7,468790054;51,42907942
0,503592708;-26,01398659;43,25798798;7,702278137;51,06178718
0,513656708;-26,37380028;43,54151917;7,746124268;51,49217099
0,523720708;-26,15997887;43,15402985;7,892673492;51,07748115
0,533784708;-26,30809975;43,23186111;7,775108337;51,20119371
0,543848708;-25,85972404;43,27158737;7,562843323;50,97403457
0,553912708;-26,17367744;43,5045433;7,864362717;51,37659856
0,563975708;-25,93815041;43,3901825;7,957021713;51,17430779
0,574039708;-26,13888359;43,47524643;7,885368347;51,33728977
0,584103708;-25,80793953;43,43183136;7,733327866;51,10947151
0,594167708;-26,2317791;43,60877991;7,655080795;51,46292045
0,604231708;-25,96978188;43,3988266;7,394863129;51,11332235
0,614295708;-26,11715889;43,39021301;7,513208389;51,19828976
0,624359708;-25,80789375;43,29046631;7,575447083;50,96566738
0,634423708;-26,2296505;43,65845108;7,60836792;51,49701135
0,644486708;-26,01810265;43,37391663;7,050071716;51,06801171
0,654550708;-26,10408974;43,51271057;7,465497971;51,28852837
0,664614708;-25,89447975;43,09259033;7,437381744;50,82135447
0,674678708;-25,86463356;43,41041565;7,898036957;51,14511163
0,684742708;-25,79566765;43,5034256;7,796228409;51,17368157
0,694806708;-25,92924309;43,39905548;8,096206665;51,19914283
0,704870708;-25,83107185;43,20662689;8,013454437;50,97325115
0,714933708;-26,33926964;43,12609863;8,048171997;51,17021185
0,724997708;-25,92663765;43,04518509;7,791387558;50,85060687
0,735061708;-26,14140511;43,1468811;7,898973465;51,06290426
0,745125708;-26,18558693;42,99871063;7,682674408;50,9273754
0,755189708;-26,29813194;43,43757629;7,866811752;51,38386425
0,765253708;-25,92391396;43,28003311;7,714576721;51,03650924
0,775317708;-26,26484108;43,39512253;7,931257248;51,34085486
0,785381708;-25,63987923;42,9948082;7,804428101;50,66424811
0,795445708;-25,72151375;43,3319664;8,118297577;51,04079091
0,805508708;-25,48073387;43,32330704;7,70382309;50,84806409
0,815572708;-26,00819588;43,45903778;7,829723358;51,24859789
0,825636708;-26,01091957;43,21491241;7,792963028;51,03750449
0,835700708;-26,06053352;43,14079285;8,015645981;51,03459606
0,845764708;-25,63042641;43,12988281;7,838609695;50,77941858
0,855828708;-26,00134087;43,29561615;7,927915573;51,12173657
0,865892708;-25,60494423;43,06170654;7,795955658;50,70207751
0,875956708;-25,99083519;43,60305786;7,746294022;51,34934508
0,886019708;-25,61159325;43,28895569;7,379430771;50,83643764
0,896083708;-26,07005501;43,4434967;7,70747757;51,2483208
0,906147708;-25,89449883;43,28829956;7,38293457;50,97950246
0,916211708;-26,08501244;43,21346283;7,759233475;51,06894308
0,926275708;-25,99926949;43,01616669;7,752128601;50,85713429
0,936339708;-26,1818676;43,37630844;7,96412468;51,287636
0,946403708;-25,81868935;43,30930328;7,745513916;51,01267937
0,956467708;-26,41242027;43,34885406;7,800281525;51,35740925
0,966530708;-26,09681892;43,33559036;7,275953293;51,10730717
0,976594708;-26,39706993;43,28281403;7,598011017;51,26340861
0,986658708;-26,27012062;43,25770569;7,240304947;51,12504626
0,996722708;-26,16605949;43,26659775;7,629018784;51,13573191
1,006786708;-26,24292564;43,3276062;7,409431458;51,19445556
1,016850708;-26,28038216;43,48726654;7,737880707;51,39723373
1,026914708;-26,25628471;43,21742249;7,533037186;51,12616495
1,036978708;-26,68393898;43,2990799;7,719015121;51,44342634
1,047041708;-26,35753059;43,23681641;7,652000427;51,21225266
1,057105708;-26,30216026;43,24412537;7,585956573;51,18012066
1,067169708;-26,11948204;43,48466492;7,275865555;51,24530851
1,077233708;-26,25216866;43,65311432;7,248228073;51,45199276
1,087297708;-25,889925;43,35126495;7,336750031;51,0239972
1,097361708;-26,12135887;43,49398041;7,643718719;51,30768127
1,107425708;-25,96738243;43,25887299;7,609666824;51,02491618
1,117489708;-26,4401989;43,60473633;7,851545334;51,59558035
1,127553708;-26,06461143;43,38609314;7,679491043;51,19269118
1,137616708;-26,17147255;43,67349625;7,708202362;51,49501562
1,147680708;-26,02462959;43,38054657;7,701778412;51,17099332
1,157744708;-26,29872322;43,6801033;7,579874039;51,54637483
1,167808708;-26,16505241;43,64449692;7,91815567;51,49902201
1,177872708;-26,39080238;43,69630051;7,718982697;51,62774276
1,187936708;-26,14644814;43,63344574;7,736339569;51,45255375
1,198000708;-26,25690651;43,7115593;7,601760864;51,55494471
1,208063708;-25,8817234;43,3006897;7,764280319;51,04015462
1,218127708;-26,06750298;43,36811066;7,75283432;51,18998118
1,228191708;-25,98199654;43,26289368;7,523462296;51,02298108
1,238255708;-26,03655052;43,32675934;7,575101852;51,11254451
1,248319708;-26,17735863;43,01869965;7,725048065;50,94643257
1,258383708;-26,18453407;43,25925446;7,475820541;51,11634585
1,268447708;-25,83073616;42,94534302;7,679151535;50,70008664
1,278511708;-26,36551476;43,25863647;7,81803894;51,25984521
1,288575708;-26,15019035;43,54024124;7,465084076;51,3352953
1,298638708;-26,31545448;43,61175537;7,664054871;51,50947571
1,308702708;-25,85836983;43,302742;7,154701233;50,94087264
1,318766708;-26,38620567;43,66770554;7,281488419;51,53756329
1,328830708;-26,57871437;43,57241821;7,38253212;51,57019941
1,338894708;-26,1094799;43,80430222;7,289403915;51,51366074
1,348958708;-26,32263374;43,50685883;7,258707047;51,36551995
1,359022708;-26,27768898;43,33757401;7,448804855;51,22642826
1,369086708;-26,31983376;43,30651855;7,527534485;51,23330922
1,379149708;-26,29925728;43,19049835;7,210947037;51,07903521
1,389213708;-26,53935814;43,39725876;7,506875992;51,41996485
1,399277708;-26,28985405;43,22940063;7,1743927;51,10195119
1,409341708;-26,14327049;43,32870865;7,525344849;51,16129788
1,419405708;-26,36138725;43,22485733;7,392412186;51,16599249
1,429469708;-26,46957207;43,51232147;7,597436905;51,49447944
1,439533708;-26,05781746;43,21047211;7,607290268;51,02965428
1,449597708;-26,28499413;43,29665375;7,310569763;51,17563456
1,459660708;-26,04172325;43,30285263;7,53134346;51,08844811
1,469724708;-26,10976601;43,53189087;7,638256073;51,33311173
1,479788708;-26,18236732;43,53354645;7,365034103;51,33156682
1,489852708;-26,30312157;43,34444809;7,547357559;51,25971118
1,499916708;-26,30859184;43,15577316;7,379444122;51,07855673
1,509980708;-26,24722099;43,37082672;7,665945053;51,2709658
1,520044708;-26,05145073;43,18247223;7,55755806;50,99530054
1,530108708;-26,24075127;43,31035233;7,448049545;51,18434417
1,540171708;-26,16340828;43,39045715;7,580307007;51,23198961
1,550235708;-26,2450428;43,21111298;7,213346481;51,06892327
1,560299708;-25,84644127;43,20661545;7,46541214;50,8977654
1,570363708;-26,11580849;43,34623718;7,563579559;51,16775808
1,580427708;-25,86783028;43,50146866;7,2445755;51,12735367
1,590491708;-25,98412514;43,65193939;7,788211823;51,39380133
1,600555708;-25,88084984;43,50582886;7,376012802;51,1564375
1,610619708;-26,21562386;43,2334671;7,370641708;51,0951854
1,620682708;-26,22744179;43,29481506;7,511816025;51,17369533
1,630746708;-26,49469948;43,4413681;7,691665649;51,46147378
1,640810708;-26,32082939;43,42794037;7,66258812;51,35647302
1,650874708;-26,33316231;43,34658432;7,480289459;51,26710973
1,660938708;-26,2107563;43,21148682;7,564823151;51,10247438
1,671002708;-26,28508949;43,53367615;7,397764206;51,38884902
1,681066708;-26,14769936;43,33718109;7,59627533;51,18121575
1,691130708;-26,17915916;43,58761597;7,665752411;51,41976663
1,701193708;-26,19638634;43,4696846;7,616821289;51,32134159
1,711257792;-26,21806908;43,37187958;7,65827179;51,25579198
1,721321792;-26,1197834;43,28436661;7,327514648;51,08299079
1,731385792;-26,30634499;43,26937103;7,260231018;51,15636041
1,741449792;-26,30842018;43,23527908;7,182069778;51,11755526
1,751513792;-26,36510658;43,30908585;7,710950851;51,28600711
1,761577792;-26,14288902;43,45998001;7,348871231;51,24672104
1,771641792;-26,09095192;43,41093826;7,653095245;51,22320958
1,781704792;-25,94478798;43,63657379;7,239412308;51,28051956
1,791768792;-25,97811317;43,25665283;7,578268051;51,02382311
1,801832792;-26,1696682;43,21081161;7,35559082;51,05027415
1,811896792;-26,14038277;43,51677322;7,472723007;51,31150702
1,821960792;-25,98636436;43,5017128;7,202888489;51,18175214
1,832024792;-26,13635445;43,33795166;7,747234344;51,1986984
1,842088792;-25,97928047;43,33625412;7,299324036;51,05128859
1,852152792;-25,95509529;43,40865707;7,458967209;51,12352367
1,862215792;-26,02099037;43,21910858;7,909692764;51,06414129
1,872279792;-26,24176598;43,53255081;7,399093628;51,36594055
1,882343792;-26,16895866;43,24795151;7,367559433;51,08307586
1,892407792;-26,19248009;43,17772675;7,564865112;51,06455996
1,902471792;-26,16605568;43,14070892;7,313581467;50,98305317
1,912535792;-26,13362312;43,26115417;7,710840225;51,12681073
1,922599792;-26,20530128;43,15723038;7,523658752;51,04772072
1,932663792;-26,30091286;43,21596146;7,196393967;51,09936817
1,942726792;-26,2001133;43,26871109;7,278366089;51,10383458
1,952790792;-26,27628517;43,53823853;7,163455963;51,35500441
1,962854792;-26,26035881;43,20277405;7,346113205;51,08866322
1,972918792;-26,33257484;43,41798782;7,621015549;51,34789229
1,982982792;-26,21674538;43,26577759;7,531322479;51,14651568
1,993046792;-26,10707283;43,25997543;7,480524063;51,07800864
2,003110792;-26,15067863;43,24010468;7,253761292;51,05077569
2,013174792;-26,19305229;43,16989136;7,286943436;51,01779153
2,023237792;-26,19060326;43,24562073;7,022525787;51,04358216
2,033301792;-26,27739906;43,2431488;7,149927139;51,10374818
2,043365792;-26,20078087;43,52360916;7,101411819;51,29537525
2,053429792;-26,29050255;43,51953888;7,170740128;51,34744689
2,063493792;-26,15252876;43,62637329;7,186170578;51,36979905
2,073557792;-26,23156548;43,55515289;7,435571671;51,38515444
2,083621792;-26,02091789;43,26570511;7,378160477;51,02398121
2,093685792;-25,87420464;43,09766769;7,803033829;50,87013626
2,103748792;-26,00007439;43,36678696;7,820516586;51,16485668
2,113812792;-26,14011192;43,31546783;7,725971222;51,17837274
2,123876792;-26,13341331;43,48264694;7,169473648;51,23570268
2,133940792;-26,21225166;43,56156921;7,664783478;51,41440805
2,144004792;-26,30092812;43,53647614;7,950956345;51,4818539
2,154068792;-26,24421883;43,47452927;7,74580574;51,36916608
2,164132792;-26,02363396;43,55090332;7,645391464;51,30655626
2,174196792;-26,11737633;43,65998077;7,638502121;51,44567992
2,184259792;-26,18218803;43,62379456;7,623125076;51,44564566
2,194323792;-26,24809456;43,65221405;7,52845192;51,48937607
2,204387792;-26,10492516;43,52799225;7,321960449;51,28122787
2,214451792;-26,2944088;43,32035828;7,363214493;51,20806873
2,224515792;-26,09867668;43,30126953;7,047399521;51,04710283
2,234579792;-26,36876869;43,29950714;7,293117523;51,21863766
2,244643792;-26,23074532;43,58000565;7,757806778;51,45340084
2,254707792;-26,33813286;43,73019028;7,544569016;51,60375283
2,264771792;-26,27298164;43,49604034;7,386432648;51,34914291
2,274834792;-26,33019829;43,40502167;7,263366699;51,28383511
2,284898792;-26,28274345;43,521595;7,524393082;51,39580067
2,294962792;-26,48972893;43,5433197;7,737688065;51,55189857
2,305026792;-26,3496418;43,61014175;7,72634697;51,53488648
2,315090792;-26,59733009;43,26415253;7,725608826;51,37012647
2,325154792;-26,43246651;43,55527115;7,593490601;51,51114472
2,335218792;-26,34752464;43,55254364;7,559850693;51,46034837
2,345282792;-26,52837181;43,58268356;7,581594467;51,581832
2,355345792;-26,70949364;43,47701263;7,500606537;51,57428406
2,365409792;-26,25341606;43,50019836;7,443422318;51,35088751
2,375473792;-26,31698799;43,88886642;7,601280212;51,73582814
2,385537792;-26,33267784;43,50416183;7,269552231;51,36991735
2,395601792;-26,5081768;43,64395905;7,484584808;51,60908455
2,405665792;-26,39926338;43,75118637;7,413188934;51,6337369
2,415729792;-26,36125755;43,71205902;7,580219269;51,60542343
2,425793792;-26,35535622;43,67850494;7,657907486;51,58546445
2,435856792;-26,13275719;43,63454437;7,691143036;51,43975255
2,445920792;-26,30550575;43,68984604;7,467283249;51,54165887
2,455984792;-26,18169594;43,61650848;7,874891281;51,47713014
2,466048792;-26,06149864;43,67123032;7,488042831;51,40475517
2,476112792;-26,30128288;43,79579163;7,693939209;51,66261265
2,486176792;-26,39792061;43,51774216;7,714046478;51,47961352
2,496240792;-26,4423008;43,66784668;7,581716537;51,60967478
2,506304792;-26,37796211;43,46484756;7,707151413;51,42363311
2,516367792;-26,38303185;43,33972168;7,499708176;51,28977937
2,526431792;-26,20019341;43,43093872;7,675209045;51,2991755
2,536495792;-26,53848839;43,40280151;7,81347847;51,46984545
2,546559792;-26,54116631;43,5356102;7,777162552;51,5777774
2,556623792;-26,51959419;43,64179993;7,682369232;51,64217631
2,566687792;-26,24410057;43,62514496;7,420772552;51,44875074
2,576751792;-26,45482445;43,68894958;7,587312698;51,63476897
2,586815792;-26,37930107;43,5243988;7,416772842;51,43198747
2,596878792;-26,22054863;43,28501511;7,628616333;51,17915093
2,606942792;-26,0790081;43,32915497;7,671354294;51,15056217
2,617006792;-26,27311516;43,319767;7,676509857;51,24263456
2,627070792;-25,94003105;43,53487015;7,588531494;51,24213052
2,637134792;-25,99083138;43,67411804;7,558635712;51,38175626
2,647198792;-25,98134041;43,54500961;7,728067398;51,29250371
2,657262792;-26,1745472;43,61610413;7,586221695;51,4297795
2,667326792;-26,13845253;43,45604706;7,327213287;51,23802085
2,677389792;-26,32864189;43,44552612;7,605319977;51,36683771
2,687453792;-26,1635685;43,50999069;7,359306335;51,30117929
2,697517792;-26,04447365;43,33745956;7,741548538;51,15057754
2,707581292;-25,87924767;43,31425095;7,666152954;51,03557285
2,717645292;-26,13254356;43,39131546;7,627077103;51,22390453
2,727709292;-26,2044735;43,16138458;7,703620911;51,07764017
2,737773292;-26,21086311;43,50466919;7,344198227;51,31864022
2,747837292;-25,98014641;43,40679169;7,401626587;51,12633028
2,757900292;-26,03880501;43,20160294;7,307304382;50,96856443
2,767964292;-25,90223885;43,21268463;7,650489807;50,95872923
2,778028292;-25,96754265;43,33345795;7,341083527;51,048931
2,788092292;-26,34283257;43,32328415;7,469259262;51,25077181
2,798156292;-26,21788597;43,20221329;7,605817795;51,10437596
2,808220292;-26,23913002;43,40947723;7,691152573;51,30329898
2,818284292;-26,34124947;43,38597488;7,534004211;51,31242987
2,828348292;-26,3713932;43,48204803;7,602870941;51,41928167
2,838411292;-26,26267052;43,31354904;7,612449646;51,22246365
2,848475292;-26,09293938;43,33958054;7,731496811;51,17554855
2,858539292;-26,31199837;43,18239975;7,965326309;51,19069573
2,868603292;-26,06941795;43,07299805;7,733880997;50,93830217
2,878667292;-26,24991798;43,24107742;7,291091919;51,10781733
2,888731292;-25,96785927;43,09741592;7,442062378;50,86355539
2,898795292;-26,15482903;43,27114868;7,763114929;51,1540159
2,908859292;-25,95377541;43,15587997;8,05008316;50,99835559
2,918922292;-26,46786308;43,53294754;7,705846786;51,52713239
2,928986292;-26,25325203;43,49464417;7,625383377;51,37279226
2,939050292;-26,19351387;43,43733215;7,624675751;51,29364165
2,949114292;-26,30732918;43,55025101;7,648532867;51,45094738
2,959178292;-26,20577049;43,50642395;7,843547821;51,39136673
2,969242292;-25,93133354;43,10623932;7,922748566;50,92496315
2,979306292;-26,07535744;43,37057114;7,889574051;51,21695115
2,989370292;-26,07705879;43,29277039;7,384469986;51,07648539
2,999434292;-26,24910164;43,3883667;7,523557663;51,26567684
3,009497292;-25,87360954;43,28850174;7,81206131;51,03299281
3,019561292;-25,96479988;43,11487579;7,822431564;50,93381768
3,029625292;-25,78083992;43,2261734;7,869768143;50,94199667
3,039689292;-26,06567574;43,27721786;7,809425354;51,12068233
3,049753292;-25,9879818;43,09905624;7,41428566;50,87116549
3,059817292;-26,13524055;43,49643707;7,482616425;51,29308321
3,069881292;-26,15125847;43,05514908;7,6212883;50,9481915
3,079944292;-25,99584389;43,48347473;7,638017654;51,23412718
3,090008292;-25,77509117;43,181633;7,138896942;50,7934307
3,100072292;-25,98818398;43,13465881;7,523822784;50,9175059
3,110136292;-26,20404625;43,06349182;7,474308014;50,96058916
3,120200292;-26,28215218;43,07487106;7,844600677;51,06597497
3,130264292;-26,11647606;42,90605164;7,835174561;50,83689162
3,140328292;-26,55375099;43,32144165;7,688074112;51,39022749
3,150392292;-26,30971336;43,32203674;7,323366165;51,21163517
3,160456292;-26,39615822;43,41506958;7,547134399;51,36715559
3,170519292;-26,05088615;42,98534393;7,571763992;50,83030663
3,180583292;-26,24229622;43,29074097;7,595453262;51,19020682
3,190647292;-25,99194527;43,30426025;7,24641037;51,02304027
3,200711292;-26,09495354;43,49746704;7,21654892;51,23528879
3,210775292;-25,94573021;43,40287399;7,633468628;51,13961508
3,220839292;-26,40315819;43,60079956;8,052721024;51,60429052
3,230903292;-26,01008797;43,4836235;7,724205017;51,25440013
3,240967292;-26,24411964;43,39789581;7,874090195;51,32380026
3,251030292;-25,83686638;43,21466064;7,555276871;50,91299213
3,261094292;-26,23469734;43,36030579;7,510572433;51,23264741
3,271158292;-26,01401329;43,24360657;7,31444931;50,99254421
3,281222292;-26,20676994;43,58590698;7,945474625;51,47481564
3,291286292;-25,79262352;43,23431778;7,55742836;50,90756707
3,301350292;-26,13499641;43,83497238;7,903177261;51,64303488
3,311414292;-25,6487484;43,51049042;7,191253662;51,01700893
3,321478292;-26,29112434;43,58559418;7,554344177;51,45867619
3,331541292;-25,99795723;43,52299118;7,206907272;51,2062892
3,341605292;-25,98817253;43,35029602;7,624927521;51,11528926
3,351669292;-25,68364525;43,25488281;7,642217636;50,88259045
3,361733292;-26,35540581;43,16863251;7,73497963;51,16608406
3,371797292;-25,97575569;42,9666214;7,392606735;50,74959185
3,381861292;-26,36520958;43,12897491;7,654975891;51,12564336
3,391925292;-26,12537575;43,22974014;7,254148483;51,02909328
3,401989292;-26,49763298;43,43549728;7,659473419;51,45322644
3,412052292;-25,91716194;43,01660538;7,117952347;50,72270563
3,422116292;-26,34539223;43,3694458;7,528482437;51,29977162
3,432180292;-25,88928795;43,1770668;7,554426193;50,90759947
3,442244292;-26,35185432;43,6194191;7,182641983;51,46517555
3,452308292;-25,9693203;43,38225937;7,395881653;51,09916917
3,462372292;-26,31653786;43,66567993;8,043525696;51,61346795
3,472436292;-25,75035667;43,38687897;7,439529419;50,99851697
3,482500292;-26,13495064;43,36594391;7,679466248;51,21147272
3,492563292;-25,60858727;43,4478569;7,02340126;50,91997817
3,502627292;-26,15654945;43,46944427;7,807863235;51,3295275
3,512691292;-25,87508202;43,40221405;7,057924271;51,0204503
3,522755292;-26,35382652;43,59740448;7,426961899;51,48220676
3,532819292;-25,74714088;43,25473022;6,916812897;50,81071985
3,542883292;-26,32286263;43,66996765;7,202440262;51,49596409
3,552947292;-25,85390663;43,40383911;7,049596786;51,00994562
3,563011292;-26,22527885;43,66557693;7,949094772;51,55226443
3,573075292;-25,38767052;43,4379921;7,468904495;50,86430483
3,583138292;-26,04398537;43,59238052;7,575468063;51,34172309
3,593202292;-25,64918709;43,18251801;7,687152863;50,81046131
3,603266292;-26,3332119;43,48699951;8,050556183;51,47201793
3,613330292;-26,03566551;43,21295929;7,441825867;50,99604398
3,623394292;-26,35013771;43,44127655;7,681167603;51,38554857
3,633458292;-26,02631569;43,24902344;7,301696777;51,00158735
3,643522292;-25,7402668;43,52859879;7,502504349;51,12326103
3,653586292;-26,24947166;43,62848282;7,579299927;51,47742285
3,663649292;-25,62869453;43,04979706;7,273796082;50,62630857
3,673713292;-26,34361076;43,57362366;7,632787704;51,48694936
3,683777292;-25,66520119;43,47103119;7,013336182;50,96685186
3,693841292;-26,16320992;43,83249283;7,717224121;51,62709104
3,703905292;-25,51019859;43,45275116;7,392126083;50,92696087
3,713973417;-26,15884209;43,36920929;7,187078476;51,15493555
3,724037417;-25,69693947;43,36893463;6,869258881;50,87616246
3,734101417;-26,14872932;43,56128693;7,474479675;51,35376919
3,744164417;-25,59352684;43,29354858;6,93183136;50,76820118
3,754228417;-26,23969078;43,31512451;7,376131058;51,17742367
3,764292417;-25,6595974;43,18580627;7,127880096;50,7369242
3,774356417;-26,20154762;43,32526398;7,715023041;51,21641511
3,784420417;-25,40279198;42,95146942;7,300100327;50,43235103
3,794484417;-26,27201271;43,34402847;7,510702133;51,23801423
3,804548417;-25,91189384;43,35036469;7,325553894;51,03277477
3,814612417;-26,54038048;43,61681366;7,609312057;51,62092463
3,824675417;-25,9560833;43,31521606;7,471042633;51,0464757
3,834739417;-26,44461632;43,82972336;7,778360367;51,77707284
3,844803417;-25,95013618;43,1897049;7,299406052;50,91209587
3,854867417;-26,31268501;43,51489258;7,798881531;51,44633925
3,864931417;-26,01600456;43,16083908;7,527191162;50,95438284
3,874995417;-26,40711021;43,50990677;8,025007248;51,52521905
3,885059417;-26,00535011;43,28876495;7,701734543;51,083384
3,895123417;-26,16096687;43,5871315;7,852117538;51,43821507
3,905187417;-25,73259544;43,36798477;7,461040497;50,97661912
3,915250417;-26,52576637;43,84010315;7,752645493;51,82349311
3,925314417;-25,85913658;43,56441498;7,308374405;51,18559889
3,935378417;-26,17785454;43,94939041;7,62379837;51,71993124
3,945442417;-25,82451057;43,40694427;7,779766083;51,10374661
3,955506417;-26,54084587;43,65061188;8,114456177;51,72655813
3,965570417;-25,86028481;43,31719208;8,213750839;51,11359078
3,975634417;-26,41803932;43,73139954;8,202560425;51,7458221
3,985698417;-25,89567757;43,52180481;7,462327957;51,1900376
3,995761417;-26,46857643;43,66405487;7,966320038;51,67782388
4,005825417;-25,80475426;43,63031387;7,433570862;51,23229066
4,015889417;-26,50174141;43,97195435;7,732666016;51,91983427
4,025953417;-25,89583397;43,48056412;7,352016449;51,13908309
4,036017417;-26,5155468;43,56321335;7,582185745;51,55887237
4,046081417;-25,94613457;43,22846985;7,133419037;50,91942823
4,056145417;-26,52558708;43,58286285;7,352060318;51,54731317
4,066209417;-25,86554909;43,46196747;7,256311417;51,09425898
4,076272417;-26,29215813;43,63363266;7,618009567;51,50927633
4,086336417;-25,88757515;43,27605438;7,254423141;50,94713029
4,096400417;-26,56917381;43,4774437;7,503541946;51,50254604
4,106464417;-25,71181297;43,19008636;7,40281105;50,80632341
4,116528417;-26,34901619;43,5351944;7,517971039;51,44029251
4,126592417;-25,82039452;43,3663559;7,135643005;50,97304187
4,136656417;-26,32728004;43,51796722;7,479417801;51,40895677
4,146720417;-25,67991829;43,56020355;7,704780579;51,1499089
4,156783417;-26,11691093;43,92039871;7,62944603;51,66529693
4,166847417;-25,71491432;43,33677673;7,3598423;50,9264206
4,176911417;-26,35430717;43,99035645;7,562263489;51,83520807
4,186975417;-25,79355049;43,37765884;7,326780319;50,99617872
4,197039417;-26,40810585;43,70077515;7,78061676;51,64962536
4,207103417;-25,60395622;43,36019135;7,40631485;50,89717347
4,217167417;-26,10855675;43,29151917;7,27116394;51,07526008
4,227231417;-25,99995613;43,25923538;7,431228638;51,01551062
4,237295417;-26,57964516;43,58062744;7,616104126;51,61156524
4,247358417;-25,67790794;43,37207031;7,552204132;50,96594183
4,257422417;-26,23854637;43,71964264;7,612165451;51,55398657
4,267486417;-25,99541664;43,44704819;7,340829849;51,15951002
4,277550417;-26,46496773;43,47694397;7,567518234;51,45781288
4,287614417;-25,91782188;43,28982544;7,101900101;50,95271791
4,297678417;-26,77946663;43,5468483;7,416162491;51,65720952
4,307742417;-26,05026054;43,16496658;7,125814438;50,91765554
4,317806417;-26,44883156;43,42636108;7,460672379;51,39115838
4,327869417;-25,81538582;43,58542633;7,207395554;51,16708008
4,337933417;-26,36886406;43,8187027;7,547094345;51,69481919
4,347997417;-26,16195869;43,56395721;6,924095154;51,28556858
4,358061417;-26,70044899;43,68925095;7,208650589;51,7071491
4,368125417;-26,11657524;43,67408752;6,949407578;51,35947516
4,378189417;-26,6011219;43,95680618;7,210046768;51,88261048
4,388253417;-26,03846169;43,51429749;7,248182297;51,22530351
4,398317417;-26,74314308;43,68840027;7,366624832;51,75074088
4,408380417;-26,18066216;43,28981018;7,475524902;51,14018194
4,418444417;-26,5776844;43,55350113;7,483146667;51,56819032
4,428508417;-26,21648979;43,3889122;7,149026871;51,19580671
4,438572417;-26,52958107;43,65705872;7,459583282;51,62753946
4,448636417;-26,11198997;43,3205452;7,15912056;51,08579708
4,458700417;-26,63023949;43,53163147;7,660154343;51,60281541
4,468764417;-26,09245491;43,5242157;7,546173096;51,30417414
4,478828417;-26,5827198;43,93769836;7,581346512;51,90991374
4,488892417;-25,97479057;43,80163574;7,247341156;51,43731129
4,498955417;-26,19589043;44,33454895;7,477706909;52,03549756
4,509019417;-25,72912025;43,7533989;7,285545349;51,27793595
4,519083417;-26,206007;43,93345642;7,785058975;51,74466677
4,529147417;-25,6833477;43,64972305;7,645799637;51,21904845
4,539211417;-26,37397957;43,79558563;7,950826645;51,7383394
4,549275417;-26,0663166;43,28707504;7,655874252;51,10612622
4,559339417;-26,31363487;43,48208618;7,806600571;51,42025099
4,569403417;-25,67272758;43,39865875;7,630437851;50,99760882
4,579466417;-26,02578163;43,56798935;7,738428116;51,33609135
4,589530417;-25,71180534;43,43042374;7,337076187;51,0012875
4,599594417;-25,93551445;43,32273102;7,354362488;51,02545032
4,609658417;-25,91552544;43,23347092;6,965892792;50,88488114
4,619722417;-26,09690285;43,23257446;7,378293991;51,03472401
4,629786417;-25,34623146;43,16777039;6,943525314;50,53810833
4,639850417;-25,95724297;43,43618774;7,200710297;51,11096846
4,649914417;-25,65656853;43,18094635;7,365339279;50,76516383
4,659977417;-25,88926125;43,41806412;7,461481094;51,09849156
4,670041417;-25,36585045;43,13043213;7,460155487;50,58966757
4,680105417;-25,98950386;43,39920044;7,532457352;51,14374667
4,690169417;-25,60141182;43,33488846;7,227739334;50,84864856
4,700233417;-25,96840096;43,51072693;7,514535904;51,2250862
4,710293708;-25,47655296;43,25802612;7,08855629;50,70068249
4,720357708;-25,98267555;43,31998062;7,482477188;51,06571859
4,730421708;-25,61975288;43,28422165;7,888973236;50,91297949
4,740485708;-26,17627907;43,35647202;7,660800934;51,22176415
4,750548708;-25,52140617;43,67808533;7,213453293;51,09942484
4,760612708;-26,10579109;43,66392136;7,226633072;51,38360227
4,770676708;-25,6313343;43,36629486;7,509277344;50,93122887
4,780740708;-25,92256737;43,2307663;7,606412888;50,97780076
4,790804708;-26,3681736;43,34191132;7,485664368;51,28193665
4,800868708;-25,7239666;43,34842682;7,694822311;50,99038003
4,810932708;-26,10247612;43,37517166;8,180904388;51,28032735
4,820996708;-25,67277718;43,2575531;7,764322281;50,89785937
4,831059708;-26,34192085;43,18151855;7,805547714;51,18072796
4,841123708;-25,86992836;43,38214874;7,518194199;51,06649848
4,851187708;-26,21541023;43,4250145;7,945138931;51,3430117
4,861251708;-25,96767616;43,36898041;7,520252228;51,10521363
4,871315708;-26,28006935;43,57861328;7,361610413;51,41916849
4,881379708;-25,82227516;43,36502457;7,365449905;51,00553992
4,891443708;-26,38241768;43,32038116;7,558336258;51,28173002
4,901507708;-25,56062508;43,22828293;7,945636749;50,84449963
4,911570708;-26,27664375;43,38782883;8,096702576;51,36654835
4,921634708;-25,89592171;43,25606918;7,738874435;51,00565125
4,931698708;-26,12906075;43,46816254;7,667695999;51,29329909
4,941762708;-25,98827171;42,98194122;7,477705002;50,78142978
4,951826708;-26,05296135;43,11617661;7,537189484;50,9369287
4,961890708;-25,80214119;43,16191101;7,5349617;50,84758303
4,971954708;-25,98560143;43,41706848;7,943950653;51,21913382
4,982018708;-25,47185326;43,14052582;7,556241989;50,66573861
4,992082708;-25,91780663;43,26662827;7,539031982;50,99579223
5,002145708;-25,84996605;43,03866577;7,163906097;50,71359824
5,012209708;-26,20343971;42,98580551;7,110630035;50,84250965
5,022273708;-25,7507;42,94331741;7,240060806;50,59293964
5,032337708;-26,0805912;43,45475769;7,481464386;51,2297327
5,042401708;-26,11829567;43,47452164;7,796827316;51,31266819
5,052465708;-26,37605476;43,68274689;7,741029739;51,61203524
5,062529708;-26,33869362;43,47405624;7,425319672;51,36979385
5,072593708;-26,5117321;43,51502991;7,488986969;51,50256977
5,082656708;-26,16473198;43,09542465;7,575813293;50,98236727
5,092720708;-26,40939903;43,47456741;7,721878052;51,45018727
5,102784708;-26,0894413;43,40908432;7,358324051;51,17765608
5,112848708;-26,33447075;43,47511292;7,579984665;51,39110779
5,122912708;-26,01262093;43,37770462;7,716667175;51,16472083
5,132976708;-26,59863091;43,37033844;7,899877548;51,48671176
5,143040708;-26,17075539;43,28667831;7,705888748;51,16664615
5,153104708;-26,4293766;43,46224976;7,803358078;51,46233087
5,163168708;-26,23978615;43,42925644;7,901279449;51,35228241
5,173231708;-26,3692379;43,42354584;7,747014999;51,39024501
5,183295708;-26,04250145;43,246315;7,75022316;51,07368796
5,193359708;-26,29142189;43,46295166;7,721794128;51,37989039
5,203423708;-25,9539547;43,25231171;7,440889359;50,9876168
5,213487708;-26,417593;43,40759277;7,735534668;51,39987186
5,223551708;-26,22550774;43,47056198;7,913314819;51,38178244
5,233615708;-26,5256176;43,40216064;7,846139908;51,46763885
5,243679708;-26,02927589;43,24966812;7,482830048;51,02989067
5,253742708;-26,30847359;43,54719543;7,602409363;51,44210961
5,263806708;-26,05007744;43,26646423;7,740657806;51,09316241
5,273870708;-26,28502083;43,42624664;8,06665802;51,39856213
5,283934708;-25,72845268;43,33174896;8,058414459;51,03461364
5,293998708;-26,16036415;43,44552612;8,128921509;51,36105292
5,304062708;-25,75342751;43,30125427;7,650693893;50,95852006
5,314126708;-26,11882973;43,53591919;7,94244957;51,38727499
5,324190708;-26,04913139;43,25159454;7,94405365;51,11130663
5,334253708;-26,20854759;43,30318451;8,102910995;51,26120289
5,344317708;-25,98721886;43,14498901;8,165447235;51,02450538
5,354381708;-26,35157585;43,60056305;7,899068832;51,55395171
5,364445708;-26,04938698;43,25566101;7,779232025;51,08952165
5,374509708;-26,2761898;43,24347305;8,114904404;51,24731979
5,384573708;-25,99593544;42,98660278;7,866947174;50,84806325
5,394637708;-26,48664284;43,23750305;7,841304779;51,30799138
5,404701708;-26,08402824;43,25894928;7,812339783;51,11502592
5,414765708;-26,11507988;43,28487396;7,832574844;51,15590816
5,424828708;-25,98354912;42,97927094;7,79309845;50,82415704
5,434892708;-26,21636391;43,13156891;8,108699799;51,12123811
5,444956708;-25,83160973;42,94742584;8,093576431;50,76671574
5,455020708;-25,83818245;42,96361542;8,05575943;50,77774298
5,465084708;-25,70241356;43,09744644;7,975374222;50,80955173
5,475148708;-25,76144981;43,21029663;7,816057205;50,91043883
5,485212708;-25,71192741;43,31771469;7,447763443;50,92147678
5,495276708;-26,21108055;43,26478195;8,000642776;51,21398623
5,505339708;-25,95735359;43,25081635;7,942735672;51,06372852
5,515403708;-26,45576286;43,41841888;7,958259583;51,4626115
5,525467708;-26,13871574;43,37650299;7,864673615;51,25042989
5,535531708;-26,17868614;43,44432449;7,971138;51,34463925
5,545595708;-25,96567345;43,56937027;7,82538414;51,32000448
5,555659708;-26,0147419;43,63300323;7,985847473;51,42353087
5,565723708;-25,92557335;43,18410492;7,77157402;50,96469007
5,575787708;-26,2401104;43,46037674;7,828680038;51,36765491
5,585851708;-26,23832893;43,31584167;7,810110092;51,24168093
5,595914708;-26,27206612;43,68022156;7,948087692;51,58832534
5,605978708;-25,85365105;43,26070404;7,81496048;50,99973915
5,616042708;-26,12159157;43,14137268;7,945253372;51,05528997
5,626106708;-25,84136772;43,08530426;8,032800674;50,87873441
5,636170708;-26,03973961;43,44086075;8,126871109;51,29544283
5,646234708;-25,76909065;43,11625671;7,657381058;50,81036421
5,656298708;-26,14377785;43,3874054;7,908864975;51,26903756
5,666362708;-25,90711784;43,22962952;7,608760834;50,96933259
5,676425708;-26,11018562;43,22594452;7,975336075;51,12563015
5,686489708;-26,18387413;43,08487701;7,533517838;50,9770123
5,696553708;-26,10329628;43,48352814;7,404443741;51,25451281
5,706617708;-25,80134773;43,31572723;7,540115356;50,97857501
5,716681792;-26,13966179;43,44916534;7,511550903;51,2594897
5,726745792;-25,88077354;43,25761032;7,338098526;50,93999391
5,736809792;-25,80848885;43,68066788;7,854639053;51,33979156
5,746873792;-25,88532066;43,26047134;7,862483978;51,02290526
5,756937792;-26,10708046;43,61692429;8,080371857;51,47143036
5,767000792;-25,99366188;43,28814316;7,996406555;51,12217047
5,777064792;-25,94194221;43,08634949;8,035373688;50,93118012
5,787128792;-25,59650993;43,18619156;8,047872543;50,84286297
5,797192792;-25,93791389;43,52130508;8,077825546;51,30429455
5,807256792;-26,16353035;43,43157959;7,806190491;51,30077033
5,817320792;-26,20877266;43,31326675;8,089097977;51,26765401
5,827384792;-26,16200447;43,43360901;7,963499069;51,32588223
5,837448792;-26,21364403;43,45927811;8,106687546;51,39632642
5,847511792;-25,85947609;43,29855347;7,94966507;51,05560117
5,857575792;-26,0661068;43,26689148;7,764070511;51,10525034
5,867639792;-25,90017509;43,09584427;7,583204269;50,84855799
5,877703792;-25,98402977;43,28878784;7,717027664;51,07486145
5,887767792;-26,15382957;43,21112442;7,703634262;51,09373793
5,897831792;-26,25761223;43,28986359;8,002784729;51,25933137
5,907895792;-26,11360741;43,22872162;7,643558502;51,07902555
5,917959792;-25,94630623;43,39836884;7,6483078;51,13830107
5,928023792;-26,20837212;43,43579102;7,635074615;51,30147244
5,938086792;-25,8715229;43,11844635;7,499094009;50,84065818
5,948150792;-26,22335243;43,11009598;7,541641235;51,0198093
5,958214792;-25,82871819;43,36075211;7,619344711;51,04245214
5,968278792;-26,07463264;43,44686127;7,527704239;51,22677574
5,978342792;-26,13998222;43,18711472;7,864927292;51,09092512
5,988406792;-26,30114174;43,45743561;7,854572296;51,40032171
5,998470792;-25,82863045;43,17185211;7,630401611;50,88369085
6,008534792;-26,06619072;43,13292694;7,63343811;50,97219892
6,018597792;-25,94605827;43,14266205;7,387657166;50,88285278
6,028661792;-26,09361839;43,31612778;7,872390747;51,17751833
6,038725792;-25,7910099;43,33871078;7,775339127;51,02818773
6,048789792;-26,18560219;43,6573143;7,862106323;51,51174206
6,058853792;-25,94133568;43,49863434;7,615888596;51,21607018
6,068917792;-26,03770638;43,61645126;7,473405838;51,34402369
6,078981792;-26,04562569;43,64220047;7,313978195;51,34696248
6,089045792;-25,91342735;43,56895447;7,293634415;51,21480854
6,099109792;-26,02703285;43,50706482;7,256679535;51,21455385
6,109172792;-26,2894001;43,61360931;7,285873413;51,44281705
6,119236792;-26,12989998;43,35441971;7,622787476;51,19066585
6,129300792;-25,94695473;42,95702744;7,653377533;50,76539031
6,139364792;-25,958601;43,1635437;7,604621887;50,93889226
6,149428792;-26,49707222;43,37576675;7,691520691;51,40730948
6,159492792;-26,20742226;43,30304718;7,715675354;51,20072775
6,169556792;-26,30724907;43,64597321;7,734470367;51,54478017
6,179620792;-26,11901283;43,64807129;8,045434952;51,49840757
6,189684792;-26,61492729;43,55937195;7,988985062;51,66814417
6,199747792;-26,37397575;43,6180954;7,488542557;51,51895877
6,209811792;-26,39458275;43,47406006;7,625867844;51,42783057
6,219875792;-26,07737923;43,59452057;7,852127075;51,40202166
6,229939792;-26,14167976;43,62868881;7,605985641;51,42665579
6,240003792;-26,16352654;43,32331085;7,658353806;51,18681243
6,250067792;-26,20787621;43,16281128;7,683158875;51,07750956
6,260131792;-26,01011467;43,27350616;7,855323792;51,09626711
6,270195792;-26,26851463;43,30926514;8,025316238;51,2848224
6,280258792;-26,07645226;42,94760132;8,006694794;50,87813855
6,290322792;-26,11889458;42,96810913;7,861200333;50,89453337
6,300386792;-26,17610359;42,81738663;7,722234726;50,77548529
6,310450792;-26,24788094;42,8822403;8,02963829;50,9147609
6,320514792;-25,91872597;43,03300095;7,708488464;50,82361971
6,330578792;-26,17851448;42,90047836;7,828212738;50,86301779
6,340642792;-26,03743172;43,09790039;7,586755753;50,92087717
6,350706792;-26,07691002;43,19552612;7,505329132;51,01165238
6,360770792;-25,84939003;43,1524353;7,496793747;50,85789569
6,370833792;-26,10485649;43,34072876;7,436935425;51,13893146
6,380897792;-26,17938805;43,43373871;7,649385452;51,28706576
6,390961792;-26,20791435;43,3216095;7,570550919;51,19501797
6,401025792;-26,17292595;43,38545227;7,442939758;51,21246795
6,411089792;-26,06829262;43,58282852;7,507209778;51,3359233
6,421153792;-25,92412376;43,64786911;7,383975983;51,30029018
6,431217792;-26,02740288;43,41193771;7,502632141;51,16943937
6,441281792;-26,11335182;43,07892227;7,342262268;50,90785306
6,451345792;-26,25886345;43,15510559;7,262702942;51,03565325
6,461408792;-26,07821083;42,99554062;7,669145584;50,86752783
6,471472792;-26,11547661;43,08113098;7,206363678;50,89139065
6,481536792;-26,16503334;43,23347855;7,13104248;51,03522709
6,491600792;-26,31136131;43,14810944;7,577608109;51,10251683
6,501664792;-25,94835091;42,91291428;7,144212723;50,65446576
6,511728792;-26,20301628;42,97488022;7,127796173;50,83545879
6,521792792;-25,95997047;42,84836197;7,168828964;50,60923136
6,531856792;-25,95874977;43,3159523;7,228963852;51,01358968
6,541919792;-25,87429237;43,35920334;7,248350143;51,01017643
6,551983792;-26,24684334;43,28974152;7,103530884;51,12101972
6,562047792;-25,85702705;42,93536377;7,182336807;50,63217625
6,572111792;-26,11834908;43,15188599;7,506723404;50,99612063
6,582175792;-25,97981834;43,00013733;7,288803101;50,76504134
6,592239792;-26,04763222;43,46287155;7,520782471;51,22560411
6,602303792;-25,91335487;43,36122894;7,353727341;51,04679659
6,612367792;-26,19886208;43,35337067;7,090187073;51,14846894
6,622431792;-26,20009422;43,41142273;7,027603149;51,18968418
6,632494792;-26,20561028;43,58253479;7,582542419;51,41659555
6,642558792;-26,04251289;43,40333176;7,343162537;51,14668827
6,652622792;-26,0332737;43,43296814;7,240102768;51,15245008
6,662686792;-26,14971352;43,37464905;7,147577286;51,14934563
6,672750792;-26,31084633;43,60084534;7,141296387;51,42268432
6,682814792;-26,26719475;43,5259552;7,017030716;51,31971372
6,692878792;-26,30749321;43,42168045;7,172868729;51,27354657
6,702942792;-26,24118614;43,31634521;7,350614548;51,17555224
6,713006667;-26,18493843;43,39682388;7,259033203;51,20184456
6,723069667;-25,96028328;43,40792847;7,295637131;51,10196555
6,733133667;-26,23397636;43,52248383;7,452526093;51,36115516
6,743197667;-26,19025612;43,21221924;7,342443466;51,06013007
6,753261667;-26,49809837;43,28620148;7,352048874;51,28252215
6,763325667;-26,00670815;43,41749954;7,32755661;51,13825594
6,773389667;-26,19948387;43,37007141;7,422552109;51,21006082
6,783453667;-26,15272331;43,27734375;7,597894669;51,13336897
6,793517667;-26,34076118;43,35212326;7,610422134;51,294842
6,803580667;-26,22662926;43,56270218;7,650457382;51,42056594
6,813644667;-26,2665081;43,61048508;7,69437027;51,48793247
6,823708667;-25,98396492;43,26461029;7,563804626;51,03140285
6,833772667;-26,27356148;43,35264587;7,650016785;51,26670161
6,843836667;-26,09843254;43,36146164;7,573514938;51,17326123
6,853900667;-26,2113781;43,33709335;7,582798004;51,21170596
6,863964667;-26,26658821;43,1671524;7,667308807;51,10894567
6,874028667;-26,28079414;43,2484436;7,851751328;51,21286961
6,884092667;-26,07089424;42,96867371;7,60748291;50,83180346
6,894155667;-26,1553669;43,30643082;7,570251465;51,15524289
6,904219667;-26,17710686;43,30801773;7,712686539;51,18897202
6,914283667;-26,22421837;43,32344437;7,687095642;51,22227933
6,924347667;-26,29794884;43,25897598;7,949186325;51,2455918
6,934411667;-26,28336906;43,18070221;8,051822662;51,18808827
6,944475667;-26,1561718;43,36124039;8,248146057;51,30667017
6,954539667;-26,13007927;43,3298378;8,249801636;51,26709582
6,964603667;-26,26765251;43,36698914;7,769981384;51,29383906
6,974666667;-26,28822517;43,22803497;7,979095459;51,21913465
6,984730667;-26,10904503;43,17210007;7,835979462;51,05795756
6,994794667;-26,286726;43,26676178;7,79010582;51,22197172
7,004858667;-26,37510872;43,25222015;7,974376678;51,28344364
7,014922667;-26,29376793;43,30667114;7,784770966;51,25848863
7,024986667;-26,30518913;43,40383911;7,584445953;51,31646953
7,035050667;-26,43420219;43,37431717;7,678071976;51,37169673
7,045114667;-26,51943016;43,62242889;7,590810776;51,6121777
7,055178667;-26,58048439;43,56136322;7,677066803;51,60476597
7,065241667;-26,21080971;43,24098206;7,327667236;51,09289365
7,075305667;-26,14225578;43,54553223;7,512685776;51,34268557
7,085369667;-26,23278999;43,60056686;7,358911514;51,41325005
7,095433667;-26,15617561;43,3527832;7,393249512;51,16902845
7,105497667;-26,1887989;43,69058228;7,603778839;51,50279235
7,115561667;-26,11523247;43,67930222;7,551054001;51,44808282
7,125625667;-26,16692924;43,61022186;7,679986954;51,43483097
7,135689667;-26,03220177;43,54656219;7,397935867;51,27092805
7,145753667;-26,28944969;43,6021347;7,31703949;51,43753865
7,155816667;-25,95020485;43,47250748;7,262685776;51,14702966
7,165880667;-26,00064659;43,39839935;7,154726028;51,09446931
7,175944667;-25,81755638;43,13036728;7,194046021;50,77921915
7,186008667;-25,882761;43,54398346;7,284477234;51,17674688
7,196072667;-25,96539497;43,7467041;7,470941544;51,41780648
7,206136667;-25,8296833;43,61816406;7,374505997;51,22597109
7,216200667;-25,92988777;43,55486679;7,742862701;51,27706528
7,226264667;-25,7947979;43,39020538;7,589689255;51,04590977
7,236328667;-26,02706718;43,49166107;7,348918915;51,21464066
7,246391667;-25,67714119;43,47328949;7,480581284;51,04117529
7,256455667;-26,02305412;43,61167145;7,547462463;51,34336785
7,266519667;-25,83852577;43,41201782;7,369222641;51,0542667
7,276583667;-26,1349926;43,34862518;7,802968979;51,21550027
7,286647667;-25,82684135;43,40723419;7,629457474;51,08250518
7,296711667;-25,84216499;43,53076935;7,434074402;51,16650109
7,306775667;-25,98163414;43,29803085;7,871234894;51,105001
7,316839667;-25,87173653;43,55754471;7,35326004;51,19254716
7,326902667;-25,9043026;43,34086609;7,504184723;51,04680553
7,336966667;-26,23987389;43,47889328;7,205348969;51,2919311
7,347030667;-26,07019997;43,2483139;7,253351212;51,01649817
7,357094667;-26,02357674;43,44441986;7,307228088;51,16678362
7,367158667;-26,18311882;43,38792801;7,444189072;51,21995665
7,377222667;-26,13302422;43,54367828;7,264499664;51,30068059
7,387286667;-26,18563652;43,24043274;7,455615997;51,09803121
7,397350667;-26,22697258;43,2832489;7,538173676;51,16754624
7,407414667;-26,20116615;43,49614716;7,58912468;51,34209519
7,417477667;-26,13863945;43,52634048;7,558694839;51,33132237
7,427541667;-26,0897007;43,62639999;7,524208069;51,38627216
7,437605667;-26,15048027;43,45297241;7,509578705;51,26794517
7,447669667;-25,98382378;43,32062149;7,520248413;51,07239451
7,457733667;-25,89315224;43,47927856;7,541122437;51,16416251
7,467797667;-26,06562614;43,29058838;7,683065414;51,11283012
7,477861667;-26,16776466;43,60142517;7,991374969;51,47521985
7,487925667;-26,03772163;43,25014496;7,704486847;51,0675739
7,497989667;-26,26711464;43,63917923;7,456933975;51,47761785
7,508052667;-26,14471245;43,50896454;7,56678772;51,32087549
7,518116667;-26,22916603;43,60913849;7,86687088;51,49382262
7,528180667;-26,10122871;43,33982849;7,804168701;51,19101409
7,538244667;-26,13895988;43,18865967;7,744941711;51,07337535
7,548308667;-26,00778008;43,26060104;7,442893982;51,02235684
7,558372667;-26,12834358;43,47592926;7,595573425;51,28878531
7,568436667;-25,95247078;43,48324203;7,583683014;51,20386045
7,578500667;-26,24019814;43,43841934;7,658599854;51,32346856
7,588564667;-25,80214882;43,55872726;7,573730469;51,19057528
7,598627667;-26,22483635;43,75112915;7,540231705;51,56315
7,608691667;-25,82317924;43,52875519;7,151475906;51,11489726
7,618755667;-26,10248375;43,34023666;7,421865463;51,13511376
7,628819667;-25,8322506;43,28064346;7,114830017;50,90324229
7,638883667;-25,93715477;43,25606537;7,324108124;50,9653387
7,648947667;-25,46115303;43,18749237;7,22864151;50,65257219
7,659011667;-25,95620918;43,63830185;7,746528625;51,3618038
7,669075667;-25,75639915;43,37226486;7,477632523;50,99470997
7,679139667;-26,28678703;43,66606522;7,84538269;51,5681147
7,689202667;-26,103899;43,29114532;6,988283157;51,03305701
7,699266667;-26,05414009;43,55323029;7,149328232;51,25246314
7,709330667;-25,9375515;43,36227417;7,069749832;51,01984674
7,719394458;-25,89317131;43,48001099;7,076595306;51,09839407
7,729458458;-25,61015129;43,13993835;7,212898254;50,68490931
7,739522458;-25,79047966;43,57042694;7,483917236;51,18144158
7,749586458;-25,79184151;43,3735466;7,679742813;51,04372716
7,759650458;-25,81226921;43,56324005;7,675415039;51,21465729
7,769714458;-25,68837929;43,46000671;7,653171539;51,06110113
7,779777458;-26,40499306;43,23582077;7,590295792;51,2266771
7,789841458;-25,922472;43,02341461;7,32557869;50,76074135
7,799905458;-26,26566505;43,14180756;7,585042953;51,07478435
7,809969458;-25,90602684;43,12815094;7,486175537;50,86455007
7,820033458;-26,08304405;43,20191956;7,658029556;51,04288841
7,830097458;-25,67197227;43,02997589;7,651508331;50,68702561
7,840161458;-26,14956093;43,21721649;7,536409378;51,07176132
7,850225458;-25,79453087;43,0060463;7,135673523;50,65368375
7,860288458;-26,0767765;43,23612595;7,256828308;51,01002271
7,870352458;-25,84278297;42,95780945;7,573040009;50,70082602
7,880416458;-26,22501564;43,32600021;7,892044067;51,2560055
7,890480458;-25,97249413;43,05709076;7,6016922;50,85537572
7,900544458;-26,18617821;43,18680573;7,765844345;51,09916297
7,910608458;-25,66879463;43,31867981;7,300624847;50,87921149
7,920672458;-26,29402351;43,54262543;7,476366043;51,41237157
7,930736458;-25,85822868;43,15821075;7,438848495;50,85878108
7,940800458;-26,23317909;43,21591187;7,417909622;51,09618486
7,950863458;-25,99350929;43,01591492;6,856304169;50,72514533
7,960927458;-26,58956718;43,44044495;7,322401047;51,4557567
7,970991458;-26,04107857;43,09758759;7,209545135;50,86764561
7,981055458;-26,37953377;43,44994354;7,710998535;51,41241965
7,991119458;-25,92746544;43,22153854;7,298540115;50,92743412
8,001183458;-26,33929634;43,37812424;7,215351105;51,25896493
8,011247458;-25,9410305;43,30037689;7,269756317;50,99714756
8,021311458;-26,43743706;43,45169449;7,481859207;51,40978554
8,031375458;-25,93589973;43,21339035;7,186485291;50,90887517
9,135559125;-30,34868813;44,75798798;57,47865677;78,91841574
9,145623125;-29,98604012;44,57111359;57,26405716;78,51699823
9,155687125;-30,09397316;44,75926208;57,16374588;78,59219176
9,165751125;-29,74076271;44,69525528;57,12759018;78,3947726
9,175815125;-30,10489845;45,02750778;57,10680008;78,70811892
9,185879125;-29,67156792;44,80865097;57,05253983;78,37862875
9,195943125;-30,03492546;44,93585205;57,28422928;78,75792323
9,206006125;-29,46636391;44,58224487;56,8496666;78,02389219
9,216070125;-30,02899742;44,81156158;56,89071274;78,39878783
9,226134125;-29,4308033;44,78532028;57,08976364;78,30158497
9,236198125;-30,01169395;44,75335693;57,10279465;78,51301731
9,246262125;-29,60655022;44,55773544;57,02518845;78,19086725
9,256326125;-29,8894558;44,88053894;56,96991348;78,44242083
9,266389125;-29,86643791;44,46413422;57,12131119;78,30649741
9,276453125;-30,22428322;44,86054993;57,14003372;78,68265177
9,286517125;-29,77228355;44,35709763;57,19449234;78,26334347
9,296581125;-30,16882133;44,7146492;56,93034744;78,42590193
9,306645125;-29,26211357;44,4046936;56,98254776;77,94266389
9,316709125;-29,85547066;44,97347641;57,12847519;78,59787138
9,326773125;-29,392519;44,71974182;56,83211899;78,06193202
9,336836125;-30,08503532;44,88950348;56,87919235;78,4564809
9,346900125;-29,51248741;44,54386902;56,74241257;77,94128921
9,356964125;-30,29924965;44,91078186;56,91093063;78,57402167
9,367028125;-29,86386681;44,54679489;56,91340256;78,20104134
9,377092125;-30,24772072;44,89101791;57,28786087;78,81641391
9,387156125;-29,65410805;44,39466476;56,69971085;77,87881351
9,397220125;-30,30202675;44,73513031;56,96576309;78,51460293
9,407283125;-29,9572773;44,3514328;56,7304039;77,992479
9,417347125;-30,35414314;44,61611176;56,96835709;78,46888009
9,427411125;-29,7099514;44,5296669;56,66918564;77,95491676
9,437475125;-30,27653694;44,7671051;56,8880043;78,46660068
9,447539125;-29,91068077;44,85340118;56,95389175;78,42335244
9,457603125;-30,20810127;44,97027969;56,90960312;78,57199479
9,467667125;-29,63163185;44,34593964;56,83521652;77,94124586
9,477730125;-30,01934624;44,75927353;56,72423172;78,24443865
9,487794125;-29,702528;44,30308151;56,90141678;77,9921434
9,497858125;-30,33252144;44,79950714;57,14427567;78,69260409
9,507922125;-29,68501091;44,49640274;57,07354355;78,22096332
9,517986125;-30,28082466;44,7600708;56,97161484;78,52488254
9,528050125;-29,80634499;44,47922897;57,01414871;78,21402154
9,538114125;-30,6001339;44,75166702;57,22477341;78,82737207
9,548177125;-30,01237679;44,58095551;57,10591507;78,41740808
9,558241125;-30,37689018;44,59142303;57,37238693;78,75748376
9,568305125;-29,80180168;44,43677521;57,04564285;78,21112288
9,578369125;-30,29689217;44,79301834;57,13651657;78,66954743
9,588433125;-29,78281975;44,46507263;57,02270889;78,20325035
9,598497125;-30,3064785;44,85783386;56,8048439;78,46972785
9,608560125;-29,6082058;44,78167725;56,38097763;77,85151961
9,618624125;-30,34609795;44,82978058;56,93233871;78,56135232
9,628688125;-29,83062172;44,58066559;56,72940445;78,07385648
9,638752125;-30,26660728;44,75342178;56,64413071;78,27831003
9,648816125;-29,55751991;44,50029373;56,54319382;77,78853317
9,658880125;-30,56962776;44,8738327;56,4698143;78,33902559
9,668944125;-29,95635033;44,5871582;56,51943588;77,97335592
9,679007125;-30,33067513;44,88362885;56,88599777;78,55257306
9,689071125;-29,8266468;44,61840439;56,63113785;78,02253933
9,699135125;-30,04323769;44,87396622;56,89429855;78,4425279
9,709199125;-29,3999157;44,47220612;56,9467659;78,006835
9,719263125;-30,07073402;44,75270462;56,95808792;78,43007966
9,729327125;-29,57260323;44,68738556;56,88653183;78,15099995
9,739391125;-30,20761299;44,56549835;56,77573776;78,24364463
9,749454125;-29,78610802;44,5019989;56,68328476;77,97842591
9,759518125;-30,41771126;44,72589111;56,78665543;78,42427385
9,769582125;-29,65184975;44,629673;56,39571762;77,79149614
9,779646125;-30,21480751;44,79857635;56,44205093;78,13803267
9,789710125;-29,6756649;44,76935577;56,83108902;78,19663025
9,799774125;-30,4762249;44,78940582;56,85165787;78,5302627
9,809837125;-29,79528236;44,56687164;57,03022385;78,27139536
9,819901125;-30,3775959;44,64192963;56,96439743;78,48976231
9,829965125;-29,82599449;44,59598541;56,93731308;78,23202339
9,840029125;-30,35547829;44,81983948;57,03828812;78,6361201
9,850093125;-30,03185081;44,62146759;56,84856033;78,26075802
9,860157125;-30,39163399;44,8988533;57,08376694;78,72810738
9,870221125;-29,79759026;44,66417313;57,06745529;78,35482882
9,880284125;-30,17953682;45,03255844;57,09737778;78,73275247
9,890348125;-29,71737099;44,5856781;56,71571732;78,02356965
9,900412125;-30,087183;44,85042953;56,99129105;78,51628408
9,910476125;-29,59942436;44,39770889;56,97799301;78,06262976
9,920540125;-29,66874123;44,24517441;56,6425209;77,75760309
9,930604125;-30,16361809;44,60218048;56,84733963;78,29954267
9,940668125;-29,51479149;44,53614807;56,89447403;78,04852706
9,950731125;-30,24209404;44,74169159;56,8712883;78,42669604
9,960795125;-29,40629768;44,65468979;56,70956039;77,9406563
9,970859125;-29,79718208;45,17269516;57,04735184;78,63106765
9,980923125;-29,38693047;44,57369995;56,67860031;77,86443439
9,990987125;-29,98815727;44,69713211;56,54753494;78,06886001
10,00105113;-29,4598217;44,49740601;56,64252853;77,82208089
10,01111413;-30,0790081;44,84386444;56,56277084;78,19888715
10,02117813;-29,82338524;44,54743958;56,8874855;78,16709465
10,03124213;-30,19778633;44,74641037;56,90938187;78,439947
10,04130613;-29,76851082;44,71631241;56,41843796;77,90220134
10,05137013;-30,26655769;44,8013382;56,80970383;78,42554984
10,06143413;-29,50454903;44,83050537;56,95621109;78,2579236
10,07149813;-30,30870247;44,8030777;56,95029831;78,5446987
10,08156433;-29,77742577;44,67851639;56,73941422;78,1167462
10,09162833;-30,35788536;45,15904999;56,48675156;78,43273616
10,10169233;-29,86976814;44,76914215;56,56979752;78,08086276
10,11175633;-30,53525734;45,18567657;56,97163773;78,86643655
10,12182033;-30,07108879;44,84828568;56,61215591;78,23410577
10,13188433;-30,41098976;44,92938232;56,67925644;78,4602817
10,14194833;-29,94424248;44,81822968;56,88518906;78,36616682
10,15201133;-30,16693687;45,13834;56,94092178;78,67517011
10,16207533;-29,63311577;44,73989868;57,01521683;78,29760554
10,17213933;-30,18161964;44,72855377;56,96076584;78,46083438
10,18220333;-29,68102455;44,5668335;56,71339035;77,99727246
10,19226733;-29,93582726;44,7928009;56,98483658;78,42079039
10,20233133;-29,65600014;44,63918304;56,6095314;77,95366606
10,21239533;-30,13069344;45,11698914;56,83408737;78,57171809
10,22245833;-29,62407494;44,89619446;56,79611588;78,22437517
10,23252233;-30,10549355;44,9230957;56,60019302;78,28158864
10,24258633;-29,90589333;44,9567337;56,80199814;78,37051329
10,25265033;-30,52559471;44,85557556;56,88913345;78,61429957
10,26271433;-30,01022148;44,88185501;57,01343155;78,52086143
10,27277833;-30,44891167;45,07714462;56,65475082;78,54200137
10,28284133;-30,12854576;44,94074631;56,61302567;78,30986287
10,29290533;-30,13549232;45,01059723;56,83905411;78,51611193
10,30296933;-29,62536812;44,46437073;56,73196793;77,93111628
10,31303333;-30,10669136;44,88188171;57,05932999;78,5911147
10,32309733;-29,73491096;44,79903412;57,19363022;78,49987086
10,33316133;-30,33197594;44,80729675;57,05977249;78,63548972
10,34322533;-29,96238518;44,8628006;56,86757278;78,38581656
10,35328833;-30,25001717;44,9895134;56,9185524;78,60560706
10,36335233;-29,62433052;44,72393417;56,72397232;78,0733007
10,37341633;-30,02509499;44,84972763;57,10568619;78,57521106
10,38348033;-29,76123238;44,78129196;57,11349869;78,44135895
10,39354433;-30,22633553;44,96164322;57,12059402;78,72701558
10,40360833;-30,09579659;44,83761978;56,95744705;78,48770537
10,41367233;-30,2149601;44,6917305;57,03121567;78,50384799
10,42373533;-29,67556953;44,37969971;56,80273056;77,95349493
10,43379933;-30,34397316;44,57498169;56,75519943;78,28689777
10,44386333;-29,63997841;44,75637817;56,78144455;78,13958121
10,45392733;-30,13158989;44,98734283;56,97067642;78,59663922
10,46399133;-29,69972801;44,91423798;56,78663254;78,25652849
10,47405533;-30,33712578;45,00148773;57,02504349;78,72312674
10,48411833;-29,81038094;44,79194641;56,83249283;78,26180113
10,49418233;-30,12285805;45,23927689;56,89702988;78,68450139
10,50424633;-29,81717873;44,87012482;56,75477982;78,2527781
10,51431033;-30,20655251;44,94280243;56,48045731;78,24534083
10,52437433;-29,60080147;44,80828476;56,60947037;78,02962236
10,53443833;-30,11330223;45,20192337;56,80635452;78,59380867
10,54450233;-29,80153465;44,81910324;56,68063736;78,16379043
10,55456533;-30,25132179;44,7233429;56,59947586;78,22289011
10,56462933;-29,71121025;44,65520096;56,61492538;77,98777317
10,57469333;-30,23476219;44,85472488;57,13357162;78,67866417
10,58475733;-29,94932365;44,60190201;57,24759293;78,50846162
10,59482133;-30,22044182;44,84375763;56,83386612;78,44951268
10,60488533;-29,74854088;44,72330093;56,74988174;78,13896857
10,61494933;-29,88282204;44,82414627;56,88202286;78,34380426
10,62501233;-29,61605644;44,6442337;56,92066574;78,16764414
10,63507633;-30,41548729;44,68663025;56,69974136;78,33809712
10,64514033;-29,80270958;44,65585327;56,96862411;78,28007961
10,65520433;-30,33302116;44,77988434;56,58723831;78,278003
10,66526833;-29,90316963;44,60994339;56,39330673;77,87458923
10,67533233;-30,21756554;44,83154297;56,34134293;78,0853087
10,68539633;-29,85836601;44,78166199;56,84080124;78,28023989
10,69545933;-30,21931267;44,81189346;56,72507858;78,35207205
10,70552333;-29,87431908;44,88874435;56,67972946;78,23085096
10,71558733;-30,25324821;44,89463806;56,68655777;78,38465019
10,72565133;-29,98348045;45,02493668;56,76701736;78,41395465
10,73571533;-30,25355721;44,9446106;56,72036362;78,43784414
10,74577933;-29,76624107;44,64064789;56,70936203;78,06899701
10,75584233;-30,19748116;44,72711182;56,83321762;78,37357351
10,76590633;-29,69791603;44,41295624;56,64023209;77,86265337
10,77597033;-30,07818413;44,48740387;57,09443283;78,38112352
10,78603433;-29,73608589;44,20841217;57,0514946;78,06081954
10,79609833;-30,16576576;44,30667877;56,52291489;77,89669515
10,80616233;-29,8803463;44,4298439;56,6845665;77,97426629
10,81622633;-30,08674812;44,71497345;57,03814316;78,47286817
10,82628933;-29,81754494;44,62202454;57,0807457;78,34808606
10,83635333;-30,19696236;44,66798401;57,01066971;78,46847642
10,84641733;-30,0824604;44,45782471;57,31640244;78,52784595
10,85648133;-29,77140236;44,57121277;57,24860764;78,42405551
10,86654533;-29,76534462;44,52270889;56,4922142;77,84354574
10,87660933;-30,15466499;44,7956543;56,53409195;78,17965219
10,88667333;-29,74724007;44,54867554;56,64391708;77,9616324
10,89673633;-30,25388908;44,80112457;56,88159561;78,47263527
10,90680033;-29,87954521;44,68447495;56,92368698;78,29301158
10,91686433;-30,21232796;44,77088165;56,87781143;78,43661159
10,92692833;-29,91890144;44,83220673;56,93143082;78,39805634
10,93699233;-30,16423225;44,83913803;57,14628983;78,65193988
10,94705633;-29,57884407;44,7406311;56,81494522;78,13174828
10,95711933;-30,13194084;44,82482147;56,81795883;78,39310508
10,96718333;-29,72791481;44,6668129;56,80636978;78,13985373
10,97724733;-29,82021904;44,71517181;56,83280563;78,22186299
10,98731133;-29,74498177;44,48860931;56,90325546;78,11517638
10,99737533;-30,02473259;44,79485703;56,58332443;78,16480274
11,00743933;-29,55808067;44,28182602;56,65436935;77,74495363
11,01750333;-29,87267113;44,75903702;56,83916092;78,27156629
11,02756633;-29,68973351;44,66667938;56,83179092;78,14374564
11,03763033;-29,97640038;44,94232941;57,08282852;78,59291866
11,04769433;-29,75372887;44,7315979;56,81709671;78,19451842
11,05775833;-30,00054359;44,47968292;56,67634964;78,04283066
11,06782233;-29,80479622;44,73641586;57,29372025;78,56362493
11,07788383;-29,48214531;44,71099091;57,08393478;78,27416694
11,08794783;-29,78460121;44,90027618;56,77850723;78,27487563
11,09801083;-29,58518791;44,53943634;56,43480301;77,74272779
11,10807483;-29,85728645;44,60390472;56,58375168;77,99158176
11,11813883;-29,64669991;44,45002365;56,56306076;77,80816963
11,12820283;-30,17081642;44,78187561;56,77418137;78,35178502
11,13826683;-29,99352074;44,66651917;56,87633133;78,29192989
11,14833083;-30,05490303;44,69763565;56,85467148;78,31749165
11,15839483;-29,56327248;44,69303131;56,54647446;77,90351661
11,16845783;-29,81829262;44,79613495;56,54381943;78,05784904
11,17852183;-29,66792488;44,85441589;56,80054855;78,22024487
11,18858583;-30,2584095;44,91465759;56,83786392;78,50758299
11,19864983;-30,0033741;44,67173767;56,41334152;77,96301499
11,20871383;-30,18990135;44,55173492;56,67899704;78,15878667
11,21877783;-29,9758625;44,44665527;56,23585892;77,6951049
11,22884083;-30,05509758;44,86450195;56,16775131;77,91629299
11,23890483;-29,76624489;44,47961044;56,48696518;77,81543751
11,24896883;-30,11361504;44,53557587;56,62034225;78,07759272
11,25903283;-29,96945381;44,4945755;56,77428818;78,110532
11,26909683;-30,03242302;44,80641174;56,54502487;78,14666214
11,27916083;-30,23007774;44,68028259;56,62189102;78,20629
11,28922483;-30,4023571;44,5838356;56,49767685;78,12815884
11,29928783;-29,71989632;44,30344009;57,03626633;78,09739252
11,30935183;-29,90983009;44,66384506;56,75992203;78,17381749
11,31941583;-29,78072548;44,55282593;56,79394913;78,08584101
11,32947983;-30,02733803;44,59644318;56,92495346;78,30028161
11,33954383;-29,92866707;44,5983963;56,80642319;78,1774378
11,34960783;-29,95799446;44,83082962;56,84900284;78,35236972
11,35967183;-29,67559242;44,61707687;56,94309616;78,1910515
11,36973483;-29,93740273;44,77394867;56,81964493;78,29065469
11,37979883;-29,80996895;44,50450897;57,128582;78,31322014
11,38986283;-29,85803795;44,60258865;57,08101273;78,35263466
11,39992683;-29,88855171;44,61190414;56,95556259;78,2782449
11,40999083;-29,85489082;44,75601196;56,95380783;78,34635498
11,42005483;-29,63700294;44,55111313;57,01597977;78,19191501
11,43011883;-30,11866951;44,71242523;56,8758049;78,36576042
11,44018183;-30,01071739;44,43740845;56,6976738;78,03814863
11,45024583;-29,97199059;44,42300415;56,55938339;77,91461588
11,46030983;-29,64493752;44,35206604;57,14191818;78,17369696
11,47037383;-29,81126595;44,35162354;57,14008713;78,23533501
11,48043783;-29,8202343;44,35741425;57,26243973;78,33143415
11,49050183;-30,18351555;44,63607788;57,19769669;78,58117183
11,50056483;-29,73287773;44,27449036;57,41196823;78,36075938
11,51062883;-30,00292397;44,74235535;57,31702805;78,65936379
11,52069283;-30,09340477;44,57421112;57,15378189;78,47947561
11,53075683;-30,36614418;44,66341782;57,18205643;78,65564939
11,54082083;-30,01456261;44,2689743;57,19092941;78,30337452
11,55088483;-30,14615822;44,66778946;57,07630539;78,49654074
11,56094883;-29,9415493;44,47090149;57,38805771;78,5337292
11,57101183;-30,10061836;44,67899704;57,42174149;78,7370078
11,58107583;-29,85587502;44,69556427;57,31523514;78,57546002
11,59113983;-30,15183067;44,68353653;57,33373642;78,69503581
11,60120383;-29,81204033;44,57017517;57,17340469;78,38403197
11,61126783;-29,92309761;44,76277161;57,11945724;78,49668712
11,62133183;-29,80328941;44,59632111;57,34775162;78,52281536
11,63139583;-29,9032917;44,88150024;57,31612015;78,70002254
11,64145883;-29,49423027;44,84352875;57,55703354;78,69983354
11,65152283;-29,92941475;44,97414017;57,51356888;78,90661415
11,66158683;-29,78031731;44,68959427;57,43429947;78,63031152
11,67165083;-29,97729301;44,55993652;57,29883957;78,53268781
11,68171483;-29,76347923;44,61385727;57,52485275;78,64712099
11,69177883;-30,2512722;44,73586273;57,70538712;79,03384456
11,70184283;-29,89818764;44,64558792;57,4638176;78,67159893
11,71190583;-29,95987511;44,83955765;57,25355148;78,65207692
11,72196983;-29,71317482;44,70581818;57,11072159;78,37804193
11,73203383;-29,97630501;44,9553566;57,12988663;78,63451465
11,74209783;-29,75055504;44,63602448;56,88105392;78,18519362
11,75216183;-30,19450188;44,68379211;57,09627914;78,53874403
11,76222583;-29,81183815;44,6235199;57,10280228;78,36283717
11,77228983;-29,91217613;44,62745667;56,90877151;78,26210095
11,78235283;-29,61522102;44,62130356;56,72318649;78,0105245
11,79241683;-30,00842094;44,77910233;57,0265007;78,47098263
11,80248083;-29,78720665;44,47631836;57,16983414;78,31864727
11,81254483;-29,89032173;44,48370361;57,43867111;78,55846332
11,82260883;-29,71009254;44,50601959;56,97468185;78,16386474
11,83267283;-29,91809654;44,68972397;56,77873611;78,20542695
11,84273583;-29,79534721;44,40023041;56,96855545;78,13168042
11,85279983;-29,67619514;44,48984909;57,29243088;78,37375751
11,86286383;-29,58391762;44,43725204;56,88519669;78,01155782
11,87292783;-29,7365551;44,5267601;57,04486465;78,23689448
11,88299183;-29,66820717;44,52980423;56,99271774;78,17464971
11,89305583;-30,00428963;44,74248505;56,82574081;78,30269589
11,90311983;-29,67782021;44,4953804;57,18252182;78,29720743
11,91318283;-29,81954384;44,45063782;57,37349319;78,465165
11,92324683;-29,48534966;44,16469955;57,17127609;78,0285931
11,93331083;-30,10811424;44,45703888;57,17178726;78,43175446
11,94337483;-29,98039818;44,4227829;57,56904984;78,65369295
11,95343883;-29,78106499;44,60336685;57,29327774;78,47860753
11,96350283;-29,36232567;44,42933655;57,1143837;78,09074811
11,97356683;-29,73326302;44,8537674;56,9560051;78,35760267
11,98362983;-29,77276421;44,63098145;57,06163406;78,32223232
11,99369383;-29,82546425;44,82034683;56,8793602;78,31783593
12,00375783;-29,683424;44,69799042;57,09631729;78,3518057
12,01382183;-29,90344429;44,59779358;57,2149086;78,46480063
12,02388583;-29,64606285;44,30619049;57,32412338;78,28143254
12,03394983;-29,60926628;44,5761528;57,17196274;78,30948456
12,04401383;-29,60042;44,28623199;57,38127518;78,29473769
12,05407683;-29,80875587;44,33420944;57,40980148;78,42174035
12,06414083;-29,84042168;44,63616562;57,15958023;78,42229058
12,07420483;-29,97519875;44,67593002;57,29668808;78,59619411
12,08426846;-29,77175713;44,58964539;57,33278275;78,49612714
12,09433246;-30,13204765;44,43103027;57,42625809;78,61190664
12,10439646;-29,94565392;44,53295898;56,96023178;78,25851154
12,11446046;-29,89213371;44,68521118;57,01115036;78,36184672
12,12452346;-29,61487389;44,57040405;57,19505692;78,32519523
12,13458746;-29,81624413;44,82513428;57,49747086;78,76712659
12,14465146;-29,80888939;44,36100006;57,68774033;78,64059764
12,15471546;-29,9136219;44,45383072;57,36093521;78,49359674
12,16477946;-29,87552071;44,50738525;57,02523422;78,26449653
12,17484346;-29,84744072;44,58518982;56,98363876;78,26777086
12,18490646;-29,80537987;44,44361496;57,09907913;78,25535392
12,19497046;-29,97384834;44,79390717;57,15231705;78,55770521
12,20503446;-30,01820564;44,34235382;57,4179039;78,51211818
12,21509846;-29,73829079;44,32464981;57,26756668;78,28546936
12,22516246;-29,95059776;44,52404404;57,30990982;78,51021951
12,23522646;-29,85546684;44,58252716;57,20366287;78,42964793
12,24529046;-30,10788536;44,4344101;57,04840469;78,32893488
12,25535346;-29,86508369;44,37409973;56,97590256;78,14881588
12,26541746;-30,11800194;44,69738007;57,18499374;78,58163485
12,27548146;-29,91951942;44,44590759;57,1720314;78,35341421
12,28554546;-29,94583702;44,55461502;57,12532425;78,3911318
12,29560946;-29,90452385;44,68490982;56,98846817;78,34990247
12,30567346;-29,97361946;44,64259338;57,11013412;78,44071919
12,31573746;-30,0379734;44,50513458;57,01575089;78,31846972
12,32580046;-29,87788963;44,54898453;57,19995499;78,41642151
12,33586446;-29,87421227;44,41556168;57,07548904;78,24846406
12,34592846;-30,19122505;44,54249573;56,81804276;78,25492942
12,35599246;-30,30632973;44,58172226;56,68285751;78,2237171
12,36605646;-29,97719002;44,8211174;56,89258194;78,38577911
12,37612046;-29,80424309;44,73812103;57,15333939;78,46207098
12,38618446;-29,83482552;44,68408585;56,80519485;78,18960611
12,39624746;-29,84021187;44,44901276;56,91858292;78,14011812
12,40631146;-29,93179131;44,77674484;56,97204971;78,40078736
12,41637546;-29,78888893;44,76324844;56,88610458;78,27614713
12,42643946;-29,92226219;44,76694107;56,77874374;78,25117589
12,43650346;-29,87753105;44,66893005;57,00895309;78,34539493
12,44656746;-30,18592644;44,78063965;57,07033157;78,57174166
12,45663146;-30,12035179;44,53122711;56,97454453;78,33495072
12,46669446;-30,21465874;44,43297195;57,01461411;78,34462854
12,47675846;-30,11686134;44,59873199;57,21480942;78,54684366
12,48682246;-30,10944939;44,58255386;56,84085464;78,26279964
12,49688646;-29,68640709;44,6005249;56,80553055;78,08558054
12,50695046;-30,15976906;44,77296066;56,88258743;78,42103308
12,51701446;-30,02508736;44,57968903;56,98111343;78,33072087
12,52707846;-30,25115395;44,4127388;56,92881393;78,28482317
12,53714146;-29,99312019;44,52716446;56,99689102;78,30007165
12,54720546;-30,02441216;44,72470093;56,8936348;78,34953656
12,55726946;-30,06782341;44,52312088;56,96655655;78,30434766
12,56733346;-29,95860481;44,88941956;57,31370926;78,72381634
12,57739746;-30,29150581;44,90770721;57,34283066;78,88268327
12,58746146;-29,8508091;44,90075302;57,10504532;78,53747275
12,59752546;-29,97363472;44,97771835;56,97251511;78,53204062
12,60758846;-30,0444088;44,91950226;56,81335831;78,41036835
12,61765246;-29,87538719;44,72977066;57,25209427;78,55630746
12,62771646;-30,01927376;44,83530807;57,29475021;78,70228745
12,63778046;-30,02340508;44,89980698;57,18899155;78,66370366
12,64784446;-29,99384117;44,76618195;56,92451096;78,3839365
12,65790846;-29,69745445;44,79734802;57,19758987;78,48761353
12,66797246;-29,70244408;44,79394531;56,81664658;78,21038326
12,67803546;-29,54463387;44,62722015;56,90410233;78,11882635
12,68809946;-29,69304085;44,71787643;56,93314743;78,2479931
12,69816346;-29,57631111;44,56281281;56,73095322;77,96796468
12,70822746;-29,85478401;44,53748703;57,05328751;78,29414726
12,71829146;-29,95318794;44,54556274;57,17776108;78,42701696
12,72835546;-29,68652534;44,67591476;57,15073013;78,38005551
12,73841846;-29,72938728;44,47755814;57,07088089;78,22515639
12,74848246;-29,85247993;44,62576675;56,89967728;78,2317256
12,75854646;-29,77292061;44,5859375;57,05174637;78,28942705
12,76861046;-29,85287666;44,46544266;57,24065018;78,38916933
12,77867446;-30,12788963;44,49573517;57,18598557;78,47163263
12,78873846;-29,88970375;44,76462936;57,48321152;78,75014945
12,79880246;-29,59918404;44,30488968;57,37109756;78,29736765
12,80886546;-29,4529171;44,42259979;57,42644882;78,34946536
12,81892946;-29,60595131;44,73356247;57,25954819;78,46183673
12,82899346;-29,76191902;44,86342621;57,13655472;78,50531651
12,83905746;-29,84969902;44,8066864;57,3594017;78,66857468
12,84912146;-29,95788383;44,49767303;57,2425499;78,4488829
12,85918546;-29,88327217;44,69767761;57,23467636;78,52834213
12,86924946;-30,07708931;44,64467621;57,06757736;78,45053729
12,87931246;-30,04586601;44,47607803;56,96828079;78,27043246
12,88937646;-30,13646507;44,56811523;57,09434891;78,44927087
12,89944046;-29,96996498;44,59405518;57,22261429;78,49366945
12,90950446;-30,04720497;44,40011597;57,1507988;78,3608233
12,91956846;-29,93745613;44,51805878;56,793293;78,12545658
12,92963246;-29,90993309;44,42465973;57,00421524;78,21531209
12,93969646;-29,64944649;44,46008301;57,26223373;78,32465812
12,94975946;-29,60568047;44,50257492;57,15551376;78,25425384
12,95982346;-29,78747368;44,17398834;57,00992966;78,03055116
12,96988746;-29,68833351;44,37650299;57,14558029;78,20670375
12,97995146;-29,77813911;44,40168762;57,07978439;78,20709187
12,99001546;-29,82374001;44,36050415;56,97896194;78,12753612
13,00007946;-29,87785149;44,56903839;57,23890305;78,45621208
13,01014346;-29,90200615;44,55050278;57,34665298;78,53353346
13,02020646;-29,90305138;44,55294418;57,09951401;78,35503696
13,03027046;-29,87391853;44,47470856;57,31220627;78,45469838
13,04033446;-29,91367912;44,51553345;57,07159805;78,3174835
13,05039846;-29,89426613;44,80723572;57,19119644;78,56327686
13,06046246;-29,84116173;44,558815;57,06596756;78,3103287
13,07052646;-29,95311928;44,56549454;56,98325729;78,29664277
13,08059025;-29,99754906;44,90563965;57,07366562;78,5733589
13,09065325;-29,90294456;44,66396332;56,73726273;78,15479956
13,10071725;-30,00788307;44,56893921;56,90449905;78,26228594
13,11078125;-29,86921883;44,54321671;57,04802322;78,29907625
13,12084525;-30,09776115;44,8339119;57,06836319;78,56686935
13,13090925;-30,11989784;44,56369781;57,07381058;78,42545035
13,14097325;-30,19212914;44,57082748;57,46107864;78,73943665
13,15103725;-30,14458275;44,55343628;57,05478287;78,41525873
13,16110025;-30,19017982;44,42066956;57,04654312;78,3514577
13,17116425;-30,04330635;44,2066803;57,01813889;78,15304857
13,18122825;-30,13448143;44,38037872;57,31875229;78,50569629
13,19129225;-30,12565422;44,39598846;57,43429184;78,59552604
13,20135625;-30,19099617;44,71207428;57,19369888;78,62432847
13,21142025;-30,18192101;44,39844513;56,88397598;78,21737025
13,22148425;-30,33633232;44,48164749;56,86384964;78,30968917
13,23154725;-30,29383278;44,31214905;57,09018326;78,36180117
13,24161125;-30,26121712;44,56907272;56,97349167;78,40996275
13,25167525;-30,21235085;44,52687836;56,95421219;78,35311944
13,26173925;-30,22374535;44,57499695;57,36857986;78,68646066
13,27180325;-30,1329174;44,34629059;56,88707352;78,17112852
13,28186725;-30,36343956;44,34654236;57,07094193;78,39417512
13,29193125;-30,28022957;44,50642395;57,14959335;78,50980892
13,30199525;-30,00396156;44,75733185;56,99895096;78,43683366
13,31205825;-30,05816078;44,61275101;56,80228806;78,2322856
13,32212225;-30,11803627;44,46981049;56,73366165;78,12405851
13,33218625;-30,18605232;44,40149689;56,31370926;77,80696968
13,34225025;-30,04928017;44,71572495;56,44765091;78,03071568
13,35231425;-29,88627052;44,65254974;56,51853561;77,98323046
13,36237825;-29,85674858;44,71427155;56,50439835;77,99704192
13,37244225;-29,91942406;44,65745544;56,90595627;78,27993435
13,38250525;-29,85820961;44,67615891;56,6134758;78,05483648
13,39256925;-29,97572136;44,57684326;56,4698143;77,93894247
13,40263325;-29,74033546;44,3216095;56,52126694;77,74024851
13,41269725;-30,01130486;44,23110962;56,79420853;77,99135593
13,42276125;-29,97908974;44,60955048;56,74274826;78,15687619
13,43282525;-30,16841698;44,44541931;56,82333755;78,19475923
13,44288825;-29,97050285;44,58541107;56,62371445;78,05341094
13,45295225;-30,22743034;44,79301071;56,61683273;78,2660661
13,46301625;-29,85933876;44,4914093;56,54249954;77,89813777
13,47308025;-30,18698311;44,67560196;56,49347305;78,09401934
13,48314425;-30,16193581;44,48680115;56,58083725;78,03979108
13,49320825;-30,30784035;44,76712799;56,77381516;78,39596305
13,50327225;-29,93262672;44,56271362;56,87123489;78,20572195
13,51333525;-30,20340919;44,67546082;56,94501877;78,42753272
13,52339925;-29,94638252;44,79346848;57,02745438;78,45617373
13,53346325;-30,53220558;45,19176865;57,2862587;79,09631449
13,54352725;-29,98734474;44,62123108;57,02013779;78,36830495
13,55359125;-30,18326378;44,73624802;56,84328079;78,38060902
13,56365525;-29,73083305;44,56059647;56,81653976;78,08769674
13,57371925;-30,18527412;45,12841797;57,28226852;78,92390747
13,58378225;-29,6291523;44,81217575;56,97115707;78,30536699
13,59384625;-29,8388195;44,92868042;57,08808517;78,536558
13,60391025;-29,60712624;44,34430695;57,15745163;78,16632113
13,61397425;-30,1149807;44,58100891;56,96843338;78,3567535
13,62403825;-29,89951134;44,44334412;56,81431961;78,08366364
13,63410225;-30,2392292;44,64439011;56,87743759;78,37458426
13,64416625;-29,90234566;44,61079788;56,80518723;78,17354322
13,65423025;-29,93393135;45,02378464;56,92427444;78,50830816
13,66429325;-29,88619041;44,71097565;56,84708786;78,25501338
13,67435725;-30,47549248;44,80174255;56,55324936;78,32127291
13,68442125;-30,10362434;44,56105042;56,78821945;78,21008427
13,69448525;-30,33371544;44,47038651;56,88842392;78,32012733
13,70454925;-29,8419323;44,16315842;56,83220291;77,91549764
13,71461325;-30,29216957;44,64499664;56,77764511;78,32299948
13,72467725;-29,88123894;44,45212173;56,61729813;77,9384245
13,73474025;-30,32756996;44,77046967;57,11407089;78,65223168
13,74480425;-29,82230186;44,26914215;57,32136917;78,32538541
13,75486825;-30,18289375;44,4392128;57,12989426;78,41986692
13,76493225;-29,9932766;44,0860939;57,1845665;78,18730691
13,77499625;-30,18575096;44,33044052;57,12203598;78,35365028
13,78506025;-30,08708382;44,21824265;57,07393265;78,21712973
13,79512325;-30,24824333;44,46059799;57,05498123;78,40262675
13,80518725;-30,01452827;44,23225403;57,11665726;78,22836276
13,81525125;-30,3080883;44,44834137;57,28295517;78,58480909
13,82531525;-30,03460884;44,24597168;56,91483688;78,09662218
13,83537925;-30,19298363;44,30823135;57,10372543;78,3305246
13,84544325;-29,71774864;44,29598618;57,19579697;78,20893917
13,85550725;-30,21321678;44,4840126;57,03695297;78,38928403
13,86557125;-29,75569725;44,1892395;56,85873032;77,91665817
13,87563425;-29,90385246;44,53729248;57,02010727;78,28859078
13,88569825;-29,67547798;44,41070557;56,90096664;78,04271117
13,89576225;-30,41762733;44,58403397;57,10826492;78,57685448
13,90582625;-29,76998329;44,48615265;57,30002975;78,41277378
13,91589025;-30,08918953;44,5368576;57,14904404;78,45319781
13,92595425;-29,72254753;44,2369957;56,9094429;77,96811086
13,93601825;-29,87903786;44,81483078;57,0331459;78,44683354
13,94608125;-29,63463783;44,56949234;57,30905533;78,41542724
13,95614525;-30,20613289;44,80458069;57,15362167;78,65365462
13,96620925;-29,56673241;44,47209549;56,99435043;78,10451283
13,97627325;-29,91402626;44,81124878;57,21509171;78,590481
13,98633725;-29,57810783;44,42251587;57,15354538;78,19688056
13,99640125;-30,24811745;44,79708099;57,28519058;78,76115879
14,00646525;-29,71351814;44,51254272;57,05142593;78,22483507
14,01652825;-30,13516426;44,71606445;57,12161636;78,55274407
14,02659225;-29,56866264;44,40851212;57,16424179;78,19317297
14,03665625;-29,9944706;44,83624649;57,15703964;78,59315776
14,04672025;-29,59737968;44,65444183;57,18370438;78,35815277
14,05678425;-30,13500023;44,74633408;56,97941208;78,46659195
14,06684825;-29,7679081;44,55348969;57,02795029;78,25170228
14,07691225;-29,86166573;44,78775787;56,9574852;78,36974834
14,08697483;-29,56257439;44,31716919;56,75709152;77,84166447
14,09703883;-30,24445915;44,9928627;56,69112015;78,44085738
14,10710283;-29,78564644;44,53692627;56,95045853;78,19256526
14,11716683;-30,29020119;44,79549789;56,80539322;78,42821953
14,12723083;-29,76343727;44,30299759;56,75989914;77,9121553
14,13729483;-30,15067101;44,69017029;56,67684555;78,22109117
14,14735883;-29,39979362;44,41962433;56,78794479;77,86091166
14,15742183;-30,0364666;44,62552261;56,9562645;78,34310856
14,16748583;-29,90475273;44,33835602;56,66669846;77,91853928
14,17754983;-30,3548069;44,53270721;56,96970749;78,42272557
14,18761383;-29,71436501;44,68550873;57,03872299;78,31445651
14,19767783;-30,04589272;44,65541458;57,1243782;78,48602618
14,20774183;-29,71665382;44,63360596;56,92485428;78,20279618
14,21780583;-30,08660698;44,8829422;57,21664047;78,69832506
14,22786883;-29,59350777;44,52506256;57,00716019;78,1541631
14,23793283;-30,08977699;44,72013092;57,02393723;78,4666439
14,24799683;-29,57402992;44,34806061;56,55781174;77,71846495
14,25806083;-30,13391304;44,77847672;56,72410965;78,29935701
14,26812483;-29,59983253;44,71659851;56,71265793;78,05158447
14,27818883;-29,86620522;44,92872238;57,04323196;78,51439754
14,28825283;-29,69371986;44,69605637;56,81246567;78,14800515
14,29831583;-30,28849983;44,88719177;57,2725029;78,81873379
14,30837983;-29,67059517;44,61146927;57,10348892;78,30284704
14,31844383;-30,17563057;44,75796509;57,08288956;78,5639892
14,32850783;-29,7940464;44,55569839;56,96954727;78,22036037
14,33857183;-30,22233391;44,51424408;56,93027115;78,332389
14,34863583;-29,61347008;44,09177399;56,79757309;77,7625003
14,35869983;-30,45473671;44,45118332;56,90636826;78,36921229
14,36876283;-29,90509605;44,43483734;57,04098129;78,24604199
14,37882683;-30,50283623;44,70082855;57,16417313;78,71676937
14,38889083;-29,99259758;44,65093994;57,30696487;78,59612313
14,39895483;-30,48591042;44,80517578;57,23593521;78,82161372
14,40901883;-30,08457375;44,27965546;57,29882431;78,41507975
14,41908283;-30,80766106;44,44312286;57,19423294;78,71139328
14,42914683;-30,04318047;44,22370148;56,57327652;77,83870555
14,43921083;-30,44999504;44,42449951;56,75487137;78,24227616
14,44927383;-29,81783485;44,18180084;57,06303787;78,08537054
14,45933783;-30,3717556;44,51042557;57,00478745;78,44212716
14,46940183;-29,93684196;44,22714996;57,03013229;78,13252389
14,47946583;-30,26950264;44,69361115;56,89436722;78,42659427
14,48952983;-29,66879082;44,60307312;56,65553665;77,9712839
14,49959383;-29,72059441;44,47921753;56,99663162;78,16860329
14,50965783;-30,56954002;44,65945816;56,97542191;78,58220334
14,51972083;-29,89386559;44,478508;56,95055771;78,20068348
14,52978483;-30,65280342;44,62455368;57,06857681;78,66236462
14,53984883;-29,78846931;44,20560455;57,25921249;78,23110503
14,54991283;-30,42637444;44,69194412;57,32279587;78,79744321
14,55997683;-29,60901451;44,22886658;57,14321518;78,09118657
14,57004083;-30,26378059;44,60150146;57,30330276;78,6693006
14,58010483;-30,08440208;44,4978714;57,10104752;78,39426915
14,59016783;-30,31464577;44,70183563;56,99814987;78,52401509
14,60023183;-29,79475975;44,61724854;57,10068893;78,35123006
14,61029583;-30,00939369;44,62904358;56,99612045;78,36372239
14,62035983;-29,59921455;44,28330612;56,90896225;77,94712751
14,63042383;-30,14916801;44,71758652;57,48750687;78,82542941
14,64048783;-29,82260323;44,65099716;57,09684372;78,37824171
14,65055183;-30,36337471;44,95993805;57,0140419;78,70153446
14,66061483;-29,73306847;44,67959595;56,81966019;78,1587835
14,67067883;-30,48926735;44,54745102;56,92320633;78,44948843
14,68074283;-29,89007759;44,44501495;56,70533371;78,00173693
14,69080683;-30,13429451;44,60573196;56,85624313;78,29673948
14,70087083;-29,56049156;44,59207916;56,67959213;77,94133916
14,71093483;-30,39003181;44,84376907;56,77197647;78,47021709
14,72099883;-29,89448357;44,6796608;56,76989365;78,18422514
14,73106283;-30,34588814;44,92925644;56,8202095;78,53691628
14,74112583;-29,96739388;44,65021896;56,95233536;78,32787021
14,75118983;-30,22524452;44,75152588;57,04616165;78,552715
14,76125383;-29,7139492;44,44474792;57,15238571;78,26014048
14,77131783;-30,2018528;44,71182251;57,29374313;78,7011562
14,78138183;-29,64250755;44,64004517;57,11517715;78,31701825
14,79144583;-30,28133583;44,93508911;57,33604813;78,8894413
14,80150983;-29,89521599;44,31983566;56,85848618;78,04395699
14,81157283;-30,2314167;44,55873108;57,04066849;78,44142358
14,82163683;-29,62124062;44,3852272;57,07105637;78,131759
14,83170083;-30,17461586;44,6743927;56,89364243;78,37853886
14,84176483;-29,61428642;44,80470276;56,76568985;78,14608687
14,85182883;-30,26061821;44,82768631;56,77136612;78,41055086
14,86189283;-29,66020393;44,81679535;56,64210892;78,08073607
14,87195683;-30,3897686;45,00279236;56,98861313;78,71779584
14,88201983;-29,94288826;44,49762726;56,74901199;78,0837099
14,89208383;-30,34956932;44,49682999;56,86590958;78,32493797
14,90214783;-30,03879356;44,70147705;56,8290596;78,29491161
14,91221183;-30,28396797;44,81415558;56,55853653;78,25787699
14,92227583;-29,81977272;44,70084763;56,55115891;78,00909048
14,93233983;-30,31917763;45,12234497;57,20882797;78,91849305
14,94240383;-29,92804527;44,80072021;57,30454636;78,65496462
14,95246683;-30,31326103;44,75794601;57,17441177;78,68342194
14,96253083;-30,0221386;44,51320648;57,04391098;78,33748871
14,97259483;-30,33295631;44,7503891;57,26592636;78,75323413
14,98265883;-29,83531761;44,45389938;57,1373558;78,30052858
14,99272283;-30,39998436;44,7518692;57,14188004;78,68979159
15,00278683;-30,10691643;44,67079544;57,09676743;78,49807152
15,01285083;-30,37298012;44,69974899;57,25175095;78,7295908
15,02291483;-29,52084541;44,6170578;57,34919357;78,42889878
15,03297783;-29,98229027;44,8399086;57,22887039;78,64285561
15,04304183;-29,56330299;44,63570404;57,05145645;78,23812141
15,05310583;-29,87598228;44,7313385;57,02812576;78,39434986
15,06316983;-29,53429222;44,54259491;57,29475021;78,35180649
15,07323383;-30,08603096;44,74484634;57,26757431;78,65650387
15,083299;-29,61423683;44,48884583;56,91225052;78,07217613
15,093363;-30,15135765;44,74731064;57,5387764;78,88052337
15,103426;-29,75206566;44,35681915;57,49059677;78,47217044
15,11349;-30,1707859;44,67131805;57,15472031;78,56503696
15,123554;-29,78557014;44,61618042;57,1493187;78,38257696
15,133618;-30,12354469;44,75145721;57,08549118;78,54218084
15,143682;-29,81200218;44,41241837;57,13932419;78,26953908
15,153746;-30,26753044;44,51628876;56,88778305;78,32013294
15,16381;-29,67203712;44,53097153;56,85847855;78,07895872
15,173873;-30,07801247;44,66838074;56,96206284;78,38767552
15,183937;-29,74546623;44,64966583;56,75127029;78,09668431
15,194001;-30,22048378;44,76947784;57,198452;78,67176556
15,204065;-29,93940926;44,67186737;57,32715988;78,6024632
15,214129;-30,18171883;44,82209396;57,46895218;78,88369111
15,224193;-29,79519844;44,67579651;57,18129349;78,44348901
15,234257;-30,22496605;44,9172287;56,88497543;78,53028993
15,24432;-29,8356266;44,72340393;57,01362228;78,36389857
15,254384;-30,28270149;44,97170258;57,10069656;78,73998724
15,264448;-29,73238945;44,6835556;57,03450394;78,31711028
15,274512;-30,3735714;44,94748306;57,16368484;78,80683307
15,284576;-29,96574211;44,76668549;57,13003159;78,5228778
15,29464;-30,33400154;44,81017303;57,41466904;78,89580139
15,304704;-29,9052906;44,42594147;57,16518021;78,33165713
15,314768;-30,26633263;44,74368286;57,03949356;78,55922525
15,324831;-30,01749611;44,48430252;57,36505508;78,55350271
15,334895;-30,48555183;44,44391632;57,44119644;78,76624669
15,344959;-29,81390572;44,50835419;57,33058548;78,46437789
15,355023;-30,29335213;44,50405121;57,50043106;78,7692664
15,365087;-30,04022789;44,53395081;57,35963821;78,58636117
15,375151;-30,56302834;44,63809586;57,12410355;78,67541871
15,385215;-30,01094246;44,43335724;57,42760086;78,56786394
15,395278;-30,40199089;44,4650116;57,42782211;78,73609756
15,405342;-29,99136162;44,40629959;57,57353592;78,65184838
15,415406;-30,35327721;44,51477432;57,56766129;78,84746157
15,42547;-30,02066994;44,56501007;57,30070877;78,55349751
15,435534;-30,20046806;44,62625122;57,37685013;78,71260064
15,445598;-30,00764656;44,79073715;57,38610458;78,73902454
15,455662;-30,07287407;44,89453506;57,39564896;78,82992803
15,465725;-29,7184391;44,51385498;57,18168259;78,32249824
15,475789;-29,90590858;45,05206299;57,06637192;78,61693553
15,485853;-29,99785423;44,83387756;56,79811478;78,3324561
15,495917;-30,35002708;44,82453918;57,23023605;78,776033
15,505981;-29,8090229;44,53534698;56,91321182;78,17345238
15,516045;-30,27865791;44,76851273;57,08218765;78,60911527
15,526109;-30,01863289;44,65061188;57,35155106;78,63838675
15,536173;-30,00486183;44,79841614;57,44179153;78,78292478
15,546236;-29,62878227;44,72320938;57,44553757;78,60038157
15,5563;-30,11494637;44,81669617;57,24508286;78,69209465
15,566364;-29,68564796;44,51849747;56,95510483;78,14741376
15,576428;-30,08154869;44,69025421;56,9711113;78,40807303
15,586492;-29,84381294;44,54706955;57,1821785;78,38938776
15,596556;-30,29059792;44,92444229;57,28067398;78,84669587
15,60662;-29,66777611;44,90940094;57,4676857;78,73732362
15,616683;-30,12382698;44,9919281;57,18350601;78,75069464
15,626747;-29,97454643;44,85027695;56,95795059;78,44889363
15,636811;-30,34639549;45,18951035;56,85609055;78,71220107
15,646875;-29,93765831;45,06393051;57,04249954;78,61849637
15,656939;-30,32898903;45,06773758;57,12308121;78,82889669
15,667003;-29,91218376;44,84022903;56,728405;78,2527751
15,677067;-29,62394142;44,71200943;57,03567123;78,29309986
15,687131;-30,11429787;44,96218491;57,2365303;78,76858136
15,697194;-29,62294579;44,82065582;57,1717186;78,45390693
15,707258;-29,90046501;44,92106247;56,7821846;78,33362081
15,717322;-29,52596855;44,71324158;56,94167709;78,18830719
15,727386;-29,85101128;44,87484741;56,91994858;78,38823477
15,73745;-29,52040672;44,64941406;57,03155136;78,21523151
15,747514;-29,77708626;44,57748413;57,07835007;78,30558731
15,757578;-29,6263752;44,78621292;56,8750267;78,21953489
15,767641;-29,94315147;44,60742188;56,79759598;78,18171983
15,777705;-29,7042141;44,31135178;56,84763718;77,9582586
15,787769;-29,87424278;44,86151505;57,14245224;78,55116652
15,797833;-29,59288597;44,65945053;56,92922592;78,17379475
15,807897;-29,85883522;44,95842743;57,0605278;78,54116163
15,817961;-29,48396873;44,99157715;56,91189194;78,31034332
15,828025;-29,88699913;44,8598938;57,22835922;78,61760546
15,838088;-29,52085686;44,70826721;57,06875992;78,27613624
15,848152;-30,00016594;44,76920319;57,14262772;78,54661936
15,858216;-29,66848183;44,78984451;57,0008049;78,32905428
15,86828;-29,98607063;44,88475037;57,22494888;78,66701991
15,878344;-29,94123268;44,7725296;57,08068466;78,48096191
15,888408;-30,04991341;44,95166016;57,15205765;78,67659588
15,898472;-29,81346703;44,86428452;57,03866196;78,45416368
15,908536;-30,0404911;44,84039688;56,65654373;78,24996004
15,918599;-29,76822472;44,60152435;56,78245163;78,1005121
15,928663;-30,12972069;44,87176132;56,93878555;78,50668973
15,938727;-29,68133736;44,62578964;57,00012589;78,23974207
15,948791;-30,01539421;44,74832916;57,19654465;78,57977839
15,958855;-29,62396431;44,76138306;57,37874985;78,57150634
15,968919;-30,20134926;44,93147278;57,40315628;78,90552005
15,978983;-30,09556389;44,8564415;57,45734024;78,86183651
15,989046;-30,24995613;44,98177719;57,58125687;79,08237014
15,99911;-29,89966774;44,92224884;57,46528244;78,83056043
16,009174;-30,32332802;44,96379471;57,50987625;79,04829488
16,019238;-30,01075935;44,73448563;57,41631699;78,73025681
16,029302;-30,01699638;44,84143066;56,8102684;78,35292319
16,039366;-29,95233727;44,99528503;57,26588821;78,7470643
16,04943;-30,02178764;45,11676407;57,21480179;78,80586068
16,059494;-29,85699654;44,7427063;56,8072319;78,23305954
16,069557;-30,11934471;44,96384811;57,22006607;78,75949799
16,079621;-30,01360512;44,87351608;56,87475967;78,41675348
16,08968375;-29,970541;44,8700943;56,97153854;78,46855991
16,09974775;-29,99448204;44,93531799;57,01306534;78,54515501
16,10981175;-30,18747902;45,26905823;57,06192398;78,84563837
16,11987575;-29,93856239;45,07884216;57,02910233;78,61767003
16,12993975;-30,18394279;45,04272461;56,6369133;78,40699835
16,14000275;-29,84414864;44,94805527;56,83729172;78,36758647
16,15006675;-29,79701805;45,36536026;57,26858902;78,90227807
16,16013075;-29,65854073;44,85661316;57,10055161;78,43607445
16,17019475;-30,12048912;45,1293335;57,15958023;78,81064788
16,18025875;-30,08016777;44,77197266;57,26828384;78,67021268
16,19032275;-30,27734184;44,91650391;57,04648209;78,66708887
16,20038675;-29,77622032;44,94242477;57,26523972;78,64955512
16,21044975;-29,90707207;44,98365021;57,02616501;78,54899898
16,22051375;-29,88157082;44,68709564;56,96883774;78,32811286
16,23057775;-30,08452034;44,85137177;56,71983719;78,31898776
16,24064175;-29,92571831;44,65988159;57,08792496;78,41610049
16,25070575;-30,06889153;44,9270134;56,78422928;78,40295572
16,26076975;-29,95264626;44,78751373;56,75716782;78,25891964
16,27083375;-30,08041954;44,84849167;56,83588028;78,39984778
16,28089775;-29,84822655;44,68051147;56,94882584;78,29708486
16,29096075;-30,17448616;44,85484695;56,61214066;78,27765569
16,30102475;-29,9073658;44,73060226;56,78666306;78,23044426
16,31108875;-30,06770515;44,79837799;57,17769241;78,61456655
16,32115275;-29,92937279;44,86411285;57,0805397;78,52861893
16,33121675;-30,13873482;44,97509766;57,21336746;78,76847188
16,34128075;-30,03102303;44,96781158;57,11263657;78,64998206
16,35134475;-29,91978264;45,25746918;57,05542374;78,73216171
16,36140875;-29,91118813;45,18132782;57,01066971;78,6527051
16,37147175;-29,84558296;45,32183838;57,4211998;79,00646836
16,38153575;-29,72854805;44,89494324;57,00938034;78,41818631
16,39159975;-30,13791466;44,87042999;57,42780685;78,86445579
16,40166375;-29,68353844;44,58745575;57,15101242;78,32874239
16,41172775;-30,12786674;44,84159088;56,83706284;78,41497522
16,42179175;-29,61389732;44,34120178;57,03734207;78,07934093
16,43185575;-30,04000664;44,49717712;57,26864243;78,49903296
16,44191875;-29,92931557;44,35334015;57,05076218;78,21618872
16,45198275;-29,82512093;44,34236908;56,9248085;78,07827711
16,46204675;-29,74942207;44,5892868;57,25826645;78,43303952
16,47211075;-30,02194405;44,55541611;56,82141495;78,19958712
16,48217475;-29,77324867;44,46759415;56,79137039;78,03251256
16,49223875;-30,17412758;44,86363983;56,74942398;78,3818938
16,50230275;-29,879179;44,59792328;56,75540543;78,12116322
16,51236675;-30,23812675;44,56276321;56,95964432;78,38740496
16,52242975;-30,03839302;44,49530411;56,73581314;78,10947213
16,53249375;-30,09809685;44,6457634;56,6766243;78,17531174
16,54255775;-29,94943047;44,81632233;56,64135361;78,19024281
16,55262175;-30,1424427;44,96242142;56,72594833;78,40930688
16,56268575;-29,9361248;44,75330734;57,05413437;78,44873699
16,57274975;-30,07504082;44,78149033;56,76025009;78,30463554
16,58281375;-30,04632759;44,81323242;56,66732407;78,24444529
16,59287675;-30,37153053;45,0074234;56,64798355;78,46714006
16,60294075;-30,16024208;44,61268997;56,8545723;78,30948027
16,61300475;-30,24057198;44,75153351;56,81887436;78,39372697
16,62306875;-29,95954704;44,59165955;56,85884476;78,22351812
16,63313275;-30,39260292;44,82879257;56,80601883;78,48729025
16,64319675;-30,06047249;44,7233429;57,12282181;78,52914222
16,65326075;-30,19937325;44,94666672;56,88685226;78,53864624
16,66332475;-30,15756035;44,84786224;57,04498672;78,58078458
16,67338775;-30,25512505;44,8452301;56,8744545;78,493126
16,68345175;-29,86687279;44,85214615;56,76481247;78,2686977
16,69351575;-30,29604912;45,02119446;56,81405258;78,56586481
16,70357975;-30,2252903;44,68307495;56,71110153;78,27064838
16,71364375;-30,33716774;44,77741623;57,11992264;78,66413613
16,72370775;-30,18844795;44,69190979;57,16347885;78,58990078
16,73377175;-30,15772438;44,92388153;56,76793289;78,42347656
16,74383475;-30,16967583;44,79636002;56,65639114;78,27432445
16,75389875;-30,30998802;45,02875519;56,75625992;78,53379659
16,76396275;-30,16076851;44,86109543;57,01668167;78,56902589
16,77402675;-30,30245399;44,82843018;56,70707321;78,38060361
16,78409075;-30,37316704;44,80907059;56,71632767;78,40359626
16,79415475;-30,3766346;44,98331451;56,82516861;78,58332076
16,80421875;-30,12959862;44,64390564;56,56946945;78,10874405
16,81428175;-30,20908165;44,85383606;56,73183823;78,37701635
16,82434575;-30,16850853;44,97613525;56,9327507;78,57690342
16,83440975;-30,10262108;44,80872345;56,94505692;78,46482652
16,84447375;-30,049757;44,93688965;57,14151382;78,66043827
16,85453775;-29,79464912;44,7104187;56,8200798;78,20015426
16,86460175;-30,10389519;44,70080566;56,92882919;78,39195192
16,87466575;-29,67468834;44,82944489;56,97604752;78,33604692
16,88472975;-30,0844326;44,80111694;56,9558754;78,46135932
16,89479275;-29,89841652;44,61544037;56,92212296;78,25970171
16,90485675;-30,1948185;44,8583107;56,83179092;78,44646303
16,91492075;-29,95822716;44,81370926;57,15956497;78,56831282
16,92498475;-29,90429497;44,94717026;56,99074936;78,50134065
16,93504875;-29,9765873;44,83683014;56,85324478;78,36599112
16,94511275;-30,00372505;45,22327805;57,09167099;78,7707261
16,95517675;-30,00330544;44,99173737;57,04556656;78,6043983
16,96524075;-30,10963631;44,90074158;56,87442398;78,46889126
16,97530375;-30,08372688;44,81425858;56,97958755;78,48580631
16,98536775;-30,29946327;44,8393364;57,11351395;78,68022012
16,99543175;-29,98083687;44,75170898;57,01913071;78,43944991
17,00549575;-30,27741814;44,82405472;57,07807541;78,63729791
17,01555975;-30,02927208;44,74290848;57,0105629;78,4467292
17,02562375;-30,32214928;44,92333221;56,77874374;78,49435811
17,03568775;-30,05770302;44,75132751;56,99879074;78,45386524
17,04575075;-30,22541618;44,91273499;56,96170425;78,58349253
17,05581475;-30,02198219;44,75393677;56,75419235;78,2641209
17,06587875;-30,08748817;44,89324188;56,61716843;78,26981456
17,07594275;-30,04238319;44,84009171;56,8873558;78,41779047
17,08600708;-30,16575432;44,98586655;57,15716171;78,7441557
17,09607108;-30,16089439;44,63488007;57,04284286;78,45914855
17,10613508;-30,18161583;44,59569168;56,85476303;78,30817154
17,11619908;-30,0576992;44,53812408;56,91387558;78,27067786
17,12626208;-30,19709969;44,58536911;56,87022781;78,3194917
17,13632608;-30,04385567;44,30834961;56,60786057;77,91221333
17,14639008;-30,19750404;44,22439957;56,72811508;78,01131846
17,15645408;-29,88519859;44,18125153;56,91197586;78,00051973
17,16651808;-30,3308239;44,56086731;56,70054245;78,234144
17,17658208;-30,08595467;44,43327332;56,95782852;78,25391157
18,77097483;-33,82280731;45,81484222;104,9065247;119,3664986
18,78103883;-33,93836212;45,78491211;104,7857056;119,2816612
18,79110283;-33,81505585;45,68153763;104,787262;119,2083519
18,80116683;-34,05603027;45,64966583;104,8182526;119,2919581
18,81123083;-33,55641937;45,61525726;104,8527374;119,1674516
18,82129383;-34,01813507;45,55403137;104,8762512;119,295563
18,83135783;-33,71997833;45,56667709;104,8947906;119,2320263
18,84142183;-34,01282501;45,91094208;104,6529846;119,2347854
18,85148583;-33,74491119;45,70597076;105,192215;119,5539915
18,86154983;-34,06658173;45,81612396;105,0865326;119,5944336
18,87161383;-33,92218781;45,62031555;105,2451782;119,6180403
18,88167783;-34,25618744;45,74255753;104,828598;119,3938981
18,89174083;-33,51156616;45,61224365;104,9787903;119,2646144
18,90180483;-34,12080383;45,82645416;104,8914185;119,4424666
18,91186883;-33,491745;45,58416367;104,7207184;119,0211822
18,92193283;-34,01685333;45,74443054;104,9880981;119,4663132
18,93199683;-33,62028503;45,79447556;104,9600067;119,3484837
18,94206083;-34,05910492;45,77207184;104,9647217;119,4683974
18,95212483;-33,83705139;45,72917175;105,0968628;119,5050366
18,96218783;-34,24217224;45,91307831;104,6855316;119,3297853
18,97225183;-33,86199951;45,89173889;104,903717;119,4046756
18,98231583;-33,9067688;45,98640823;104,4071045;119,017907
18,99237983;-33,47883606;45,71585846;104,4643707;118,8426562
19,00244383;-34,11893463;45,74434662;104,8820953;119,4022649
19,01250783;-33,7504425;45,81952667;104,4466705;118,9438034
19,02257183;-34,23016357;46,05778885;104,329834;119,0703081
19,03263483;-33,82989502;45,82043457;104,3497314;118,8816238
19,04269883;-34,28318024;46,17736053;104,5086823;119,2885147
19,05276283;-34,00721741;45,86096954;104,7636566;119,311119
19,06282683;-34,22054291;45,90518188;104,5077515;119,1645979
19,07289083;-33,68264008;45,79361343;104,6449738;119,0888148
19,08295483;-34,17514801;46,07794571;104,7360382;119,4184053
19,09301883;-34,0608139;45,88272858;104,6746979;119,256682
19,10308183;-34,29940796;45,92561722;104,7337036;119,3933012
19,11314583;-33,79651642;45,634655;104,7257843;119,1310881
19,12320983;-34,23877716;46,0158844;104,3917084;119,1108066
19,13327383;-33,80271912;45,86109924;104,2548676;118,8063199
19,14333783;-34,24201965;45,81856537;104,4484253;119,0853912
19,15340183;-33,82528687;45,72769165;104,6393127;119,0989403
19,16346583;-34,07598114;45,79061508;104,4992065;119,0715629
19,17352883;-33,41843414;45,73490906;104,2942352;118,6834493
19,18359283;-33,95893097;45,78022766;104,4210205;118,9654898
19,19365683;-33,65280151;45,8611412;104,7510376;119,1995604
19,20372083;-34,04876709;45,98766708;104,4358673;119,0841486
19,21378483;-33,76730347;45,65897369;104,4187469;118,8623043
19,22384883;-34,30033875;45,81521606;104,4788818;119,1275955
19,23391283;-33,77788544;45,68387985;104,2180634;118,6986401
19,24397583;-33,9847641;45,88438416;104,2113037;118,8290231
19,25403983;-33,84996796;45,54281616;104,498642;118,911457
19,26410383;-34,05577087;45,77135849;104,6220245;119,1661899
19,27416783;-33,80395508;45,65662766;104,8355103;119,238078
19,28423183;-34,03605652;45,76458359;104,6926422;119,219963
19,29429583;-33,66482544;45,65526962;104,88414;119,2409617
19,30435983;-34,17494965;45,96853256;104,6355286;119,2880003
19,31442283;-33,77484894;45,87821198;104,9733582;119,4359941
19,32448683;-34,1223526;45,79859924;105,0523071;119,5735501
19,33455083;-33,73456573;45,61839294;104,8515472;119,2178915
19,34461567;-34,36079407;45,56974792;104,9217987;119,4397335
19,35467967;-33,83654785;45,49491119;104,5578918;118,9413791
19,36474367;-33,96264648;45,6730957;104,7359009;119,2019377
19,37480767;-33,8697052;45,78585052;104,8414307;119,3114689
19,38487067;-34,11549377;45,89687729;105,1241913;119,6724106
19,39493467;-33,8504715;45,88703918;104,8644714;119,3651212
19,40499867;-34,19705963;45,9560318;104,9944458;119,6044706
19,41506267;-33,70974731;45,6233902;104,6950073;119,0751248
19,42512667;-34,09211731;45,85147858;104,5613098;119,1540938
19,43519067;-33,83080292;45,59160233;104,9433441;119,315644
19,44525467;-33,9668045;45,62727737;104,6808624;119,1372117
19,45531767;-33,81394196;45,59629059;104,8077545;119,1934134
19,46538167;-34,1644516;45,73049164;104,9884491;119,5033977
19,47544567;-33,64457703;45,44092178;104,7060089;118,9965682
19,48550967;-34,02863312;45,6730423;104,6187286;119,1178116
19,49557367;-33,50904083;45,65057755;104,6439056;118,9839402
19,50563767;-33,88272095;45,75683594;104,4552307;118,9647933
19,51570167;-33,68927765;45,69841766;104,7670593;119,1614431
19,52576467;-34,23888397;45,87120819;104,4403076;119,0976355
19,53582867;-33,86242676;45,7023468;104,5161591;118,9915793
19,54589267;-34,15300751;46,05899811;104,7038116;119,3764943
19,55595667;-33,95311737;45,82549286;105,0315552;119,5174362
19,56602067;-34,15692902;45,87532425;104,771347;119,366144
19,57608467;-33,83940887;45,56983185;104,6430817;119,0457463
19,58614867;-34,15139008;45,75908279;104,8198395;119,3625144
19,59621167;-33,81943512;45,6853714;104,6835175;119,1198815
19,60627567;-34,01599121;45,56191254;104,7018433;119,1446663
19,61633967;-33,67948914;45,79942322;104,8459167;119,2667658
19,62640367;-34,18180847;46,10843658;104,8482208;119,5304704
19,63646767;-33,8065567;45,90226746;104,9219666;119,409047
19,64653167;-33,98097229;45,93100357;105,1257782;119,6486223
19,65659467;-33,51300049;45,86740112;104,7709503;119,180081
19,66665867;-33,9783783;46,17528152;104,98703;119,620079
19,67672267;-33,7578125;45,88833618;104,7609253;119,2483994
19,68678667;-34,19895935;46,10086441;104,8157959;119,504015
19,69685067;-33,63766479;46,02895355;104,6626129;119,1822957
19,70691467;-34,0451889;45,95567322;104,833313;119,4195223
19,71697867;-33,9160614;45,76247787;104,6559601;119,1527322
19,72704167;-34,08024597;45,96976852;104,3932343;119,0488561
19,73710567;-34,02240753;45,85423279;104,6261292;119,1921213
19,74716967;-34,0931015;45,97093201;104,6667938;119,2929331
19,75723367;-34,07878876;45,96775818;104,7866516;119,3928013
19,76729767;-33,65718079;45,80397034;104,9125671;119,3208124
19,77736167;-34,23607635;45,86658859;104,834549;119,440929
19,78742567;-33,82670593;45,77748108;104,7342682;119,2018907
19,79748867;-34,24614716;46,02929688;104,7829285;119,4611103
19,80755267;-33,8273468;45,92309952;104,6007385;119,1408199
19,81761667;-33,91368866;46,00748444;104,611084;119,2069872
19,82768067;-33,97003937;45,82573318;104,5587921;119,1071048
19,83774467;-33,85605621;46,04070282;104,4016113;119,0196425
19,84780867;-33,58003235;46,07540512;104,1290894;118,7157478
19,85787267;-33,89125824;46,02394485;104,235321;118,8773445
19,86793567;-33,59392548;45,54024887;104,2425537;118,6127147
19,87799967;-33,64135742;45,84159088;104,1450806;118,6566062
19,88806367;-33,82324219;45,92514038;104,1278839;118,7255088
19,89812767;-34,17129517;46,137146;104,0908508;118,8748034
19,90819167;-33,71941376;45,91930008;104,2518616;118,80249
19,91825567;-34,04579926;46,06069946;104,279129;118,97412
19,92831967;-33,90593719;45,7044487;104,2810669;118,7983591
19,93838267;-34,07060242;45,76596832;104,0458679;118,662852
19,94844667;-33,67564392;45,89830399;104,1888885;118,7266937
19,95851067;-33,99742126;46,10976028;104,4728241;119,1490899
19,96857467;-33,83592987;45,78961945;104,5055389;119,0082647
19,97863867;-34,13593292;46,15040588;104,3847809;119,1272612
19,98870267;-33,77520752;45,94558334;104,2711029;118,8453793
19,99876667;-33,97376251;45,88864136;104,4227753;119,0130242
20,00882967;-33,80071259;45,98168564;104,5677032;119,1268574
20,01889367;-34,01858521;46,13487625;104,338913;119,0474683
20,02895767;-33,79579926;46,05921936;104,5235596;119,1166749
20,03902167;-34,04935455;46,21928406;104,4998169;119,2299983
20,04908567;-33,77972412;45,79512787;104,5336151;119,0190749
20,05914967;-34,0071106;45,93426514;104,2804108;118,9152823
20,06921367;-33,6660614;45,86946106;104,5595245;119,0382515
20,07927667;-34,14261627;46,02597809;104,5448608;119,2213774
20,08934067;-34,04029846;46,13240814;104,0530243;118,8022427
20,09940467;-34,19639587;46,09003448;104,0802307;118,8544454
20,10946867;-34,08700562;45,96090698;104,1551056;118,8386088
20,11953267;-34,15459442;46,202034;104,5516968;119,298875
20,12959667;-33,82388306;46,00107193;104,4011841;118,9947937
20,13965967;-34,03488922;46,23060608;104,5031586;119,2331865
20,14972367;-33,74593353;46,08423996;104,3798676;118,9861419
20,15978767;-34,1308136;46,20946503;104,1987;118,9856973
20,16985167;-33,70029449;45,81578064;104,2790833;118,7809867
20,17991567;-33,79934692;46,04636383;103,9004517;118,5662993
20,18997967;-33,63606262;45,93326569;104,3566742;118,8762594
20,20004367;-33,78487396;45,8927536;104,5539703;119,0760062
20,21010667;-33,88557434;46,01567841;104,3751831;118,9951833
20,22017067;-34,07833862;45,97249603;104,6480255;119,2728502
20,23023467;-33,83249664;45,81954193;104,5240021;119,035017
20,24029867;-33,99813843;46,1069603;104,5110016;119,1816876
20,25036267;-33,76043701;46,1639595;104,4948883;119,122038
20,26042667;-33,83691406;46,24000549;104,686615;119,3413684
20,27049067;-33,91511536;45,7375145;104,5742188;119,0710817
20,28055367;-34,03214264;45,94777679;104,3076782;118,9515728
20,29061767;-33,75141907;45,77735519;104,3838196;118,8726475
20,30068167;-33,95110321;46,17645264;104,3872833;119,086721
20,31074567;-33,47929382;46,02520752;104,5119629;119,0039211
20,32080967;-33,57656097;45,95914841;104,2329254;118,7608164
20,33087367;-33,80239105;45,98841095;104,3181763;118,9109645
20,34093721;-34,02902985;46,16856766;104,4553223;119,1655397
20,35100121;-33,77078247;45,79566956;104,3627777;118,8667257
20,36106421;-33,92359161;45,82906723;104,7932587;119,30105
20,37112821;-33,63702393;45,85461807;105,3099365;119,6840762
20,38119221;-34,10325623;45,97772217;105,022522;119,6106732
20,39125621;-33,98226929;45,55384827;105,0505371;119,4385326
20,40132021;-34,22756958;45,68466949;104,7579498;119,301482
20,41138421;-34,11146545;45,46208191;104,7649078;119,1892566
20,42144721;-34,1960907;45,81880951;104,9702301;119,5302687
20,43151121;-33,92216492;45,67350769;104,9575653;119,3853973
20,44157521;-34,38789368;45,78020477;104,9633789;119,5644817
20,45163921;-33,86561584;45,67214966;105,2716064;119,645043
20,46170321;-34,22116852;45,65181732;105,1410675;119,6236635
20,47176721;-34,04760742;45,30189514;104,881958;119,2129456
20,48183121;-34,28774261;45,68832779;104,5889893;119,1718476
20,49189421;-33,74290466;45,46124268;104,5914307;118,9313902
20,50195821;-34,12625885;45,72296143;104,6345215;119,1787474
20,51202221;-34,08226013;45,78357315;104,6071625;119,165408
20,52208621;-33,96179962;45,81955338;105,0561829;119,5392691
20,53215021;-33,91616821;45,79138184;104,66362;119,170594
20,54221421;-33,85731506;45,86086655;104,8918152;119,3810276
20,55227821;-33,96073914;45,72396851;104,9286652;119,3902754
20,56234121;-34,22304535;45,79847717;104,6877594;119,2822045
20,57240521;-34,08359528;45,9622345;104,5545197;119,1883637
20,58246921;-34,33537292;46,01617432;104,4118652;119,1563835
20,59253321;-34,11454773;46,0544281;104,5215912;119,203925
20,60259721;-33,82814026;45,75529099;104,9004669;119,3398412
20,61266121;-33,84325409;45,94332886;105,0530701;119,5504197
20,62272521;-33,89017487;46,11190796;105,0499573;119,6258565
20,63278821;-33,69488525;45,79387665;104,7912292;119,2209133
20,64285221;-34,10608673;45,7757225;105,0219879;119,5335094
20,65291621;-33,95510101;45,72565842;105,0143738;119,4646534
20,66298021;-34,09560394;45,83114624;104,4641418;119,0620053
20,67304421;-33,80036163;45,7613678;104,823761;119,2668776
20,68310821;-34,0177002;45,79359436;105,0206604;119,5140005
20,69317221;-33,9622879;45,75593948;104,985199;119,4526475
20,70323521;-34,04337311;46,050457;105,3057556;119,8703383
20,71329921;-33,9847641;45,66495514;105,0860901;119,5129225
20,72336321;-34,30931091;45,7572403;104,9963989;119,5621079
20,73342721;-34,02032471;45,95522308;104,9245453;119,4923647
20,74349121;-33,98521423;46,07071304;105,1261902;119,7038899
20,75355521;-33,98011017;45,76582336;104,9067535;119,3925685
20,76361921;-34,03877258;46,06017685;104,7357483;119,3723372
20,77368221;-33,77191925;45,54914093;104,845993;119,1971016
20,78374621;-34,01406097;45,88256073;104,763916;119,3215983
20,79381021;-34,09319305;45,66785431;104,7392731;119,2401529
20,80387421;-34,18434143;45,83054733;104,6054382;119,2111823
20,81393821;-34,06829834;45,74279022;104,6430511;119,1772628
20,82400221;-34,05450439;45,9375;104,6087036;119,2180525
20,83406621;-33,67894745;45,66896057;104,4207306;118,842814
20,84412921;-34,15818024;45,95781326;104,5666351;119,2186355
20,85419321;-33,99770355;45,70222855;104,6353912;119,1348087
20,86425721;-34,4336319;45,76097107;104,3539734;119,0356805
20,87432121;-34,05950928;45,54586792;104,3964081;118,8826576
20,88438521;-34,09719086;45,72895813;104,3555145;118,9278329
20,89444921;-33,88778687;45,61974716;104,8245392;119,2381124
20,90451321;-33,7672348;45,87108612;104,7360077;119,2225398
20,91457621;-33,65281677;45,71158218;104,7518463;119,142814
20,92464021;-33,72870636;45,51864624;104,7504425;119,0891598
20,93470421;-33,86023712;45,7718811;104,4764862;118,982843
20,94476821;-33,74642944;45,41993332;104,7021942;119,0140383
20,95483221;-33,9967804;45,66436005;104,5573578;119,0514843
20,96489621;-34,02398682;45,829216;104,6507416;119,2045571
20,97495921;-34,11463165;45,83590698;104,8747864;119,4297253
20,98502321;-33,81533051;45,67713928;104,9932861;119,3878878
20,99508721;-34,04275513;45,82262421;104,8478851;119,3804887
21,00515121;-33,71881866;45,76398468;104,8031464;119,226677
21,01521521;-34,16403198;46,04740906;104,9588928;119,5989722
21,02527921;-34,0068512;45,65158844;105,2096405;119,6227483
21,03534321;-34,29221344;45,63486481;105,0201569;119,5312935
21,04540621;-34,3150177;45,94779205;104,9339142;119,5819651
21,05547021;-34,05255127;45,81726074;104,7555695;119,3001549
21,06553421;-34,20291138;45,77135468;104,884613;119,4388467
21,07559821;-34,37551117;45,82234192;104,6742554;119,3233528
21,08566221;-34,14605713;45,67113876;104,9115295;119,4078522
21,09572621;-34,20503998;45,586689;104,4501801;118,9872728
21,10579021;-33,93101501;45,45849609;104,5242615;118,9248077
21,11585321;-33,81114197;45,62486267;104,6151123;119,0342099
21,12591721;-33,56665039;45,59591675;104,6219025;118,9598677
21,13598121;-33,78632355;45,73878098;104,5360413;119,0014104
21,14604521;-33,85259247;45,65355682;104,6543274;119,0914502
21,15610921;-33,90979767;45,56122971;104,7050629;119,1169603
21,16617321;-33,67015076;45,28556442;104,8417816;119,0641028
21,17623721;-33,94882965;45,51234055;104,7347107;119,1354515
21,18630021;-33,81604004;45,2735405;104,7387695;119,0102007
21,19636421;-34,04522705;45,80818176;104,6181183;119,1738968
21,20642821;-33,89544678;45,45714951;104,3736115;118,7817516
21,21649221;-33,91848755;45,3531723;104,5938721;118,9422217
21,22655621;-33,70888519;45,63179016;104,7132721;119,0941584
21,23662021;-33,9725647;45,78936768;104,4784698;119,0233255
21,24668421;-33,89090729;45,57943726;104,4856415;118,9257246
21,25674721;-34,31479645;45,9667511;104,6342926;119,3263703
21,26681121;-34,03204346;45,95227051;104,5667877;119,1805531
21,27687521;-34,08026886;45,7806778;104,910965;119,430506
21,28693921;-33,9805069;45,6029129;104,709198;119,1566895
21,29700321;-34,082901;45,73470306;104,8889008;119,3942574
21,30706721;-33,71381378;45,95070648;105,0372772;119,5027961
21,31713121;-33,99201202;45,76543045;104,8378906;119,3353041
21,32719421;-33,86355591;45,72373199;104,6613617;119,1276656
21,33725821;-34,10548401;46,0362587;104,5420837;119,212283
21,34732133;-34,05805206;45,62750244;104,561676;119,0586577
21,35738533;-34,12574005;45,76232147;104,5905609;119,1551158
21,36744933;-33,84559631;45,58944321;104,5953827;119,0130909
21,37751333;-33,93247223;45,73297501;104,3560333;118,8827126
21,38757733;-33,66896057;45,67127991;104,2956543;118,730991
21,39764133;-33,97730255;45,65679932;104,4393158;118,9393589
21,40770433;-33,97628784;45,77727509;104,3932953;118,9449753
21,41776833;-34,02892303;45,72118759;104,780014;119,2780195
21,42783233;-33,96842957;45,43404007;104,7245178;119,1021865
21,43789633;-34,05698395;45,77693558;104,7733765;119,3015775
21,44796033;-33,95879364;45,77196121;104,579834;119,1016951
21,45802433;-34,13718414;45,97238159;104,714035;119,3475444
21,46808733;-34,0249176;46,00834656;104,5782928;119,2102441
21,47815133;-34,05125427;46,0373764;104,7977753;119,4215292
21,48821533;-33,97648621;45,78516388;104,9319458;119,4210873
21,49827933;-33,99972534;45,75657654;104,8226624;119,3207281
21,50834333;-34,07679749;45,78297424;104,9207153;119,4389608
21,51840733;-34,06624603;45,7273941;104,8589783;119,3604164
21,52847133;-33,9240036;45,77374268;104,6465607;119,1510646
21,53853433;-34,16523743;45,8158493;104,6463928;119,2359972
21,54859833;-33,81642151;45,79434586;104,684433;119,1616674
21,55866233;-34,1587677;45,94649506;104,9951324;119,5904664
21,56872633;-33,78050232;45,91424942;104,7742004;119,2764592
21,57879033;-34,02751923;46,0943222;104,7000275;119,3509713
21,58885433;-33,82279205;45,76593781;104,9820099;119,4140893
21,59891833;-34,20977783;45,80234146;105,1431885;119,6797956
21,60898233;-33,98874664;45,75925827;104,9404602;119,4221286
21,61904533;-34,2833252;45,82394409;105,3891602;119,9252072
21,62910933;-33,92168427;45,86305237;105,1683655;119,6431583
21,63917333;-33,94544983;45,83311462;104,8499298;119,3586015
21,64923733;-33,97398376;45,97890472;104,7121429;119,3018195
21,65930133;-33,98358154;46,01998138;104,9306183;119,5121632
21,66936533;-33,89703369;46,13053894;104,8586121;119,4669998
21,67942933;-34,29546356;45,9935379;104,7351074;119,4195423
21,68949233;-34,15091705;45,78854752;104,6800232;119,2509265
21,69955633;-34,27622986;45,90370178;104,8189545;119,4530158
21,70962033;-34,08206177;45,7987175;104,8217468;119,3595747
21,71968433;-33,97371674;45,85294342;104,5631561;119,1224558
21,72974833;-34,09855652;45,91590881;104,8740234;119,4551926
21,73981233;-34,04466248;45,77032852;104,5402527;119,0908328
21,74987633;-33,86810303;45,86349869;104,4617615;119,0074305
21,75993933;-34,00074005;46,00178528;104,4821472;119,116471
21,77000333;-33,69629669;45,83452606;104,5422974;119,0182176
21,78006733;-33,64070129;45,95095444;104,5419006;119,0470327
21,79013133;-33,68561554;45,93180466;104,5679016;119,0751755
21,80019533;-33,64868927;46,17281723;104,3098907;118,9315629
21,81025933;-33,59869385;46,18218231;104,5041809;119,0915195
21,82032333;-33,90184784;46,37672424;104,7796326;119,4943816
21,83038633;-33,78419495;46,31962967;104,8366089;119,4888885
21,84045033;-33,81176758;46,04893875;104,7136078;119,284031
21,85051433;-33,80760193;46,00540924;104,9673004;119,4888521
21,86057833;-33,983284;45,98132706;105,0368958;119,5905326
21,87064233;-33,96455383;45,7789917;104,6555634;119,1725385
21,88070633;-33,90887451;45,97432709;104,6491241;119,2262123
21,89077033;-33,75336456;45,70519257;104,5882111;119,0249896
21,90083333;-33,86759186;45,98139954;104,5007172;119,0869547
21,91089733;-33,77249146;46,08000946;104,5649261;119,154405
21,92096133;-34,00834656;45,88941574;104,5419617;119,1277796
21,93102533;-33,87303925;45,84798813;104,3454895;118,9008073
21,94108933;-34,16694641;45,85907745;104,6014099;119,2136325
21,95115333;-33,94256592;45,92298126;104,9172974;119,451485
21,96121733;-34,02037811;46,04286194;104,80867;119,4244053
21,97128133;-33,92208099;46,1452713;104,7957001;119,4245887
21,98134433;-33,9440918;45,98468781;104,7413025;119,3211353
21,99140833;-34,0480423;46,00374603;104,7719879;119,3850212
22,00147233;-34,21227264;45,91120148;104,376358;119,0493265
22,01153633;-34,14516449;45,93925476;104,9109344;119,5098806
22,02160033;-34,12037659;46,02935028;104,952774;119,574186
22,03166433;-33,9914093;46,1047821;104,7473755;119,3862618
22,04172833;-33,99990845;46,2417717;104,6366272;119,3445389
22,05179133;-34,01438141;46,15600204;104,9004211;119,5468654
22,06185533;-33,98110199;45,98464203;104,7657471;119,3531079
22,07191933;-33,91867065;46,15518188;104,7453766;119,3832943
22,08198333;-34,04092407;45,95626831;104,5988617;119,2127719
22,09204733;-33,91488647;46,27472687;104,8398743;119,5113765
22,10211133;-33,89749146;46,03687668;104,5876465;119,1931615
22,11217533;-34,03656769;46,05771255;104,6625824;119,3065672
22,12223833;-34,12537384;46,05625153;104,7752228;119,4301752
22,13230233;-34,00467682;45,90125656;104,7420959;119,3069573
22,14236633;-34,17721558;45,92681885;104,7678986;119,3887236
22,15243033;-34,09407806;45,82558823;105,0199432;119,547393
22,16249433;-33,98812866;46,15918732;104,9084778;119,5476983
22,17255833;-34,15986633;46,2878418;105,0839691;119,800256
22,18262233;-34,03335571;46,34277725;104,707962;119,4557643
22,19268533;-34,12995148;46,1366539;104,8186798;119,5006279
22,20274933;-34,00010681;46,23044205;104,6493378;119,3513508
22,21281333;-34,21224213;46,03945923;104,7179108;119,3982837
22,22287733;-34,03292847;46,12301636;105,0646057;119,683517
22,23294133;-33,98491669;45,95582199;104,5728607;119,1738031
22,24300533;-33,7401123;45,93985748;104,7614288;119,2636686
22,25306933;-33,87728119;45,89923096;104,7102203;119,2419382
22,26313333;-33,97827911;46,02662659;104,3426971;118,9973624
22,27319633;-33,71406555;46,03490448;104,6051483;119,1557288
22,28326033;-33,6475296;45,94576645;104,5359955;119,0417744
22,29332433;-33,97184753;45,88534546;104,4881592;119,0685801
22,30338833;-33,94197845;46,05723572;104,5764771;119,2038859
22,31345233;-33,7004776;46,09127808;104,4464264;119,034382
22,32351633;-33,64295959;45,93024063;104,0596161;118,616354
22,33358033;-33,91478729;45,90742874;104,4886017;119,0612141
22,34364342;-34,05807495;46,10074234;104,4787292;119,1680988
22,35370742;-33,87652588;46,10292816;104,68367;119,2969814
22,36377142;-33,97731018;46,0062561;104,5959625;119,211361
22,37383542;-33,92787933;46,01420975;104,4312134;119,0558139
22,38389942;-33,76014709;46,32125854;104,2892303;119,0027314
22,39396342;-33,93650055;45,98713684;104,3129883;118,9441144
22,40402742;-33,71453857;46,11988068;104,2854004;118,9081925
22,41409142;-33,67999268;45,89598083;104,1755829;118,715353
22,42415442;-33,81150818;46,00392532;104,6493225;119,2101503
22,43421842;-34,08625793;45,93363953;104,4343414;119,0726832
22,44428242;-34,07189941;46,12850571;104,5745697;119,2668185
22,45434642;-34,0412674;46,1687851;104,4513702;119,1656551
22,46441042;-34,00961304;46,17677307;104,5756378;119,2686555
22,47447442;-34,0010376;46,05786133;104,4701538;119,1277054
22,48453842;-33,78646088;45,78463745;104,6729126;119,1393159
22,49460142;-33,9879303;45,87825012;104,2965546;118,9023319
22,50466542;-33,97673798;45,47776031;104,6464844;119,0526442
22,51472942;-33,93262482;45,60873032;104,3196564;118,8030724
22,52479342;-33,96857452;45,62249374;104,6563873;119,1143795
22,53485742;-33,97771454;45,78609848;104,5808716;119,1134359
22,54492142;-34,03774261;46,06473541;104,6596222;119,3070169
22,55498542;-33,98757172;45,76987457;104,5948792;119,1223119
22,56504942;-33,93742371;45,8210907;104,6953125;119,2158947
22,57511242;-33,88269043;45,80953598;104,9029388;119,3782931
22,58517642;-34,07267761;45,7980957;104,787262;119,3263726
22,59524042;-33,76652527;46,16022873;104,5581512;119,1778165
22,60530442;-33,9901886;45,96562576;104,3719177;119,0028104
22,61536842;-33,91344452;45,88208771;104,2660065;118,8557436
22,62543242;-33,62747192;46,16968155;104,4952393;119,0869489
22,63549642;-33,91365051;45,8367691;104,4989014;119,0427044
22,64556042;-33,8371582;45,95031738;104,5993652;119,152894
22,65562342;-33,87709808;45,73587799;104,5947418;119,0776567
22,66568742;-34,01261139;45,93271637;104,7901611;119,3635205
22,67575142;-33,92034149;45,87190247;104,9239044;119,4313473
22,68581542;-34,16363525;45,98495483;104,9226837;119,543045
22,69587942;-33,80584717;45,9168129;104,5631714;119,0993107
22,70594342;-33,79460907;45,87688446;104,542572;119,0626453
22,71600742;-33,95715332;46,04095078;104,452713;119,0933527
22,72607042;-33,61888123;45,96033478;104,6705322;119,1574667
22,73613442;-33,84439087;45,984272;104,2501373;118,8616305
22,74619842;-33,9438858;45,95417023;104,3892059;119,0003339
22,75626242;-33,74021912;45,76015854;104,7602386;119,1935489
22,76632642;-33,76929474;45,88005829;104,7480164;119,2371249
22,77639042;-33,6166687;45,88462067;104,6722565;119,129174
22,78645442;-33,89871216;45,86400986;104,9191284;119,4179785
22,79651842;-33,55883026;45,80205917;105,0423126;119,4064954
22,80658142;-33,89104462;45,75539017;104,8787079;119,3386023
22,81664542;-33,79730225;45,80630493;104,875412;119,3286523
22,82670942;-33,89571381;46,01537323;104,7522278;119,3288029
22,83677342;-33,77281189;45,76259232;104,7405548;119,1864149
22,84683742;-33,92139435;45,8032341;104,9167175;119,3989735
22,85690142;-33,72305298;45,49612045;104,5928802;118,9403711
22,86696542;-34,07167053;45,53592682;104,7389984;119,1832923
22,87702942;-33,80107117;45,65891647;104,6522064;119,0770061
22,88709242;-34,11896515;45,4348526;104,9538422;119,3471349
22,89715642;-33,97432709;45,26251984;104,8077087;119,1117392
22,90722042;-34,13782501;45,40332794;105,3074036;119,6515881
22,91728442;-34,03468323;45,45127106;104,9944916;119,3650743
22,92734842;-34,16464233;45,51988983;104,7937012;119,2518468
22,93741242;-34,05449677;45,51977921;105,0047455;119,4058442
22,94747642;-34,32041931;45,80995178;104,9751129;119,5667897
22,95753942;-33,96669769;45,47499847;104,8845825;119,2580718
22,96760342;-34,30290985;45,75308228;104,9357605;119,5054308
22,97766742;-33,93518829;45,71667099;104,7403717;119,2147494
22,98773142;-34,16590881;45,78978348;104,8904877;119,4404789
22,99779542;-33,73622131;45,63727951;104,823349;119,2007903
23,00785942;-34,12039185;45,89102936;105,1127014;119,6614713
23,01792342;-34,10428619;45,71029282;105,065155;119,5458908
23,02798742;-34,25863647;45,76024246;105,0280914;119,5765611
23,03805042;-34,15968323;45,96418762;105,141037;119,725637
23,04811442;-34,32926178;45,86212921;105,2021637;119,7886821
23,05817842;-34,0138855;45,63401794;104,844696;119,2971847
23,06824242;-34,00649261;45,77812576;104,9067383;119,4047825
23,07830642;-33,77139282;45,46673965;105,0246429;119,3227012
23,08837042;-34,37203979;45,52767563;104,9851379;119,4825743
23,09843442;-34,08207703;45,65098953;104,9693909;119,4327168
23,10849842;-34,02487183;45,87142944;104,7747955;119,3299532
23,11856142;-33,86270142;45,597435;104,4490051;118,8924022
23,12862542;-34,0219574;45,73726654;105,0865479;119,5515524
23,13868942;-33,90809631;45,66651917;104,9871979;119,4047808
23,14875342;-34,32746124;45,71897507;105,1290436;119,6691902
23,15881742;-34,09777832;45,73483276;105,0667114;119,5547877
23,16888142;-34,35521698;45,79730988;104,6724548;119,3063172
23,17894542;-34,06871033;45,58977509;104,6763916;119,1480238
23,18900842;-34,24771881;45,74136353;104,7007294;119,2787547
23,19907242;-33,89503479;45,66506577;104,7499084;119,1919248
23,20913642;-34,11502838;45,76857758;104,6238708;119,183691
23,21920042;-34,06923676;45,56689453;104,66716;119,1313106
23,22926442;-33,72475433;45,74530411;104,611496;119,0527488
23,23932842;-34,17448425;46,03110886;105,125885;119,7422651
23,24939242;-33,83757782;45,93166351;104,916687;119,4244975
23,25945642;-33,99577332;45,77804184;104,7937927;119,3024757
23,26951942;-33,82228088;45,84975815;104,7767181;119,265702
23,27958342;-34,13235474;45,88179398;104,7871399;119,3754637
23,28964742;-33,88220215;45,77575684;104,7910004;119,2668323
23,29971142;-34,06128693;45,80869675;104,8881989;119,4158374
23,30977542;-33,75041962;45,69567108;104,8147736;119,2196374
23,31983942;-33,97361755;46,13393784;104,8185577;119,454916
23,32990342;-33,95077515;45,99606705;104,8283386;119,403827
23,33997279;-34,11765289;46,11989975;104,6247253;119,3205454
23,35003579;-33,92726898;45,97013855;104,7173309;119,2897004
23,36009979;-34,21008301;46,04317474;104,677063;119,3632742
23,37016379;-34,07131195;45,82611847;104,7508087;119,3047332
23,38022779;-34,4311676;46,05366516;104,885025;119,6131843
23,39029179;-33,7793808;45,79479599;104,6540833;119,1246702
23,40035579;-34,22120667;46,25187683;104,6803436;119,4499956
23,41041979;-33,79328156;46,021492;104,6743622;119,233744
23,42048379;-34,078125;46,22887421;105,0567169;119,7302852
23,43054679;-33,81169128;45,8245697;105,21315;119,6366524
23,44061079;-33,99304962;45,99810791;105,1680298;119,7149441
23,45067479;-33,91894531;46,0678215;104,9681244;119,5451637
23,46073879;-34,33493805;45,89380646;105,256897;119,8505061
23,47080279;-33,77227783;45,68199158;104,8218689;119,2268229
23,48086679;-33,77021027;46,04437637;104,8737488;119,4111171
23,49093079;-33,6072998;45,89852905;104,5249786;119,0025072
23,50099479;-33,96812439;45,97524261;104,644455;119,2393323
23,51105779;-33,75066376;45,72107315;104,3726654;118,8409741
23,52112179;-34,3285141;46,19673157;104,4682007;119,2735924
23,53118579;-33,973526;45,62527466;104,3065186;118,8095786
23,54124979;-34,24594116;45,93401718;104,3635406;119,0565707
23,55131379;-33,92121887;45,90177917;104,4640045;119,039282
23,56137779;-34,35307312;46,10911179;104,4869843;119,2632118
23,57144179;-33,83036804;45,74883652;104,7050171;119,1662303
23,58150579;-34,37030029;45,82152557;104,9003296;119,51991
23,59156879;-34,15129089;45,68000031;104,9850616;119,4773462
23,60163279;-34,35785675;46,02614594;104,7130432;119,4306906
23,61169679;-34,07604218;45,76534271;104,8828125;119,3986918
23,62176079;-34,55950165;46,13049316;104,7366028;119,5497282
23,63182479;-34,09078979;45,59599686;104,5812378;119,0731379
23,64188879;-34,76430511;46,02766037;104,811615;119,6351832
23,65195279;-34,24655914;45,85818481;104,9203186;119,5159955
23,66201679;-34,81317902;45,84860611;104,8080444;119,5774991
23,67207979;-34,28290558;45,8205452;104,4126282;119,066523
23,68214379;-34,7052002;45,79022217;104,8370361;119,549151
23,69220779;-34,1711731;45,75563431;104,4399414;119,0333924
23,70227179;-34,75215149;46,06232071;104,636734;119,491822
23,71233579;-34,19536591;45,68656158;104,8100281;119,3387068
23,72239979;-34,30225372;46,05062103;104,9634247;119,6437413
23,73246379;-33,81724548;45,83485413;104,7471466;119,2325655
23,74252779;-34,47994232;46,10269547;104,9637299;119,7151182
23,75259079;-33,88410187;45,75567627;104,3177643;118,8440584
23,76265479;-34,5296402;45,77093124;104,4962006;119,1919885
23,77271879;-33,82718658;45,52426147;104,6400299;119,0221525
23,78278279;-34,32351685;45,66337967;105,0966949;119,6184072
23,79284679;-33,78153229;45,38566971;104,9597931;119,2376161
23,80291079;-34,28036499;45,74778748;105,3067627;119,8228599
23,81297479;-33,77822113;45,45425034;104,9211731;119,2288122
23,82303879;-34,31433868;46,05945206;105,0156555;119,696428
23,83310179;-33,78207397;45,87651443;105,3444672;119,7636834
23,84316579;-34,60385132;46,06690216;104,8688202;119,6538986
23,85322979;-33,68491364;45,64266205;105,0319824;119,37187
23,86329379;-34,55703735;46,01576233;105,03862;119,7695742
23,87335779;-34,11643982;45,71198654;104,7260284;119,2520784
23,88342179;-34,32144928;45,57178879;104,8556519;119,3710917
23,89348579;-33,70244598;45,38362885;104,7550049;119,0341954
23,90354979;-34,24210358;45,70193863;104,7282104;119,2861556
23,91361279;-34,0298233;45,71492004;104,7541351;119,2531409
23,92367679;-34,43389893;46,03085709;104,6237183;119,3761099
23,93374079;-34,13500214;45,81365204;104,3873749;118,9992148
23,94380479;-34,41825104;45,8805542;104,7754974;119,4468339
23,95386879;-33,94917297;45,67245865;104,6122437;119,0892159
23,96393279;-34,5617981;45,87120819;104,9617615;119,6480547
23,97399679;-33,89955139;45,5395813;104,9747314;119,342898
23,98406079;-34,44820404;46,00234985;105,3576965;120,0130792
23,99412379;-33,92632294;45,7564621;104,7686462;119,252331
24,00418779;-34,3543396;45,79166412;104,6655579;119,2978464
24,01425179;-33,74684906;45,47180557;104,5369873;118,8886733
24,02431579;-34,56775665;45,84135818;104,9868927;119,6603843
24,03437979;-33,96633148;45,38129425;105,211319;119,5098121
24,04444379;-34,4161377;45,95138168;104,9507141;119,6271391
24,05450779;-33,9012146;45,39696503;105,1043396;119,4030945
24,06457179;-34,44864655;45,85136414;104,7559204;119,4272151
24,07463579;-33,96986389;45,52147675;104,7188873;119,1310281
24,08469879;-34,64141083;45,64940262;104,8756866;119,5106897
24,09476279;-33,89694214;45,47475052;104,7508392;119,1205018
24,10482679;-34,53040314;45,65488815;104,9932556;119,5838671
24,11489079;-33,76583862;45,47356033;104,8970337;119,2114266
24,12495479;-34,60754395;45,7954216;104,9661713;119,6361143
24,13501879;-34,04972076;45,61958313;104,7741699;119,2399117
24,14508279;-34,58707428;45,79569626;104,6865997;119,385073
24,15514679;-33,96528625;45,49449921;104,6596222;119,0673198
24,16520979;-34,36752319;45,82254791;104,5651855;119,2254611
24,17527379;-33,7351532;45,53062057;104,6886902;119,0412526
24,18533779;-34,2347641;45,96628571;104,6809082;119,3440867
24,19540179;-33,80200195;45,85031509;104,6054535;119,1097294
24,20546579;-34,3815155;45,87538147;104,8479767;119,4978554
24,21552979;-33,80307007;45,44226074;104,7398834;119,0717842
24,22559379;-34,39545441;45,68218994;104,5936737;119,2046406
24,23565779;-33,73314667;45,49342346;104,7929382;119,1181626
24,24572079;-34,3273468;45,61143112;104,5845642;119,1499075
24,25578479;-33,78664398;45,66636658;104,5555878;118,9908622
24,26584879;-34,46572113;45,76059723;104,4314117;119,1127111
24,27591279;-33,74664307;45,53157043;104,875824;119,2094723
24,28597679;-34,38405609;46,03902817;104,6089478;119,3519475
24,29604079;-33,80612946;45,75718689;104,5713806;119,0451519
24,30610479;-34,20834351;45,91441345;104,9044189;119,5126823
24,31616879;-33,84492493;45,87638855;104,8218231;119,321987
24,32623179;-34,41455841;45,82240295;104,9457245;119,572821
24,33629579;-33,90344238;45,56095886;104,7904663;119,1901263
24,34635446;-34,15776825;46,08390808;104,9107971;119,5690389
24,35641846;-33,60851288;45,92388535;104,978775;119,4113838
24,36648246;-33,66796875;45,94334412;105,0882874;119,5318833
24,37654646;-34,50079346;46,17998505;105,0185394;119,7989541
24,38661046;-33,94744873;45,97193909;104,7871399;119,3574176
24,39667446;-34,43149567;46,12804413;104,6224823;119,4118426
24,40673746;-33,63201141;45,86446381;104,712677;119,1612603
24,41680146;-34,25593567;46,04098511;105,1518097;119,7920887
24,42686546;-33,71920013;45,58297729;104,9710236;119,3051049
24,43692946;-34,28594971;45,80145645;105,0561829;119,6248357
24,44699346;-33,7270813;45,69155884;105,0782013;119,4431369
24,45705746;-34,1701355;45,69937897;104,8165741;119,3421367
24,46712146;-33,62950897;45,54955673;104,6504059;118,9849295
24,47718546;-34,4708786;45,73221207;104,5439606;119,2019982
24,48724946;-33,89544678;45,33622742;104,7924347;119,1038589
24,49731246;-34,42152405;45,68493271;104,7253113;119,3287275
24,50737646;-33,72999573;45,34564972;104,6459351;118,9315445
24,51744046;-34,58992767;45,5643959;104,8837738;119,4704285
24,52750446;-34,12467957;45,36448288;104,8694916;119,2478106
24,53756846;-34,47678375;45,64096069;104,7932739;119,3875042
24,54763246;-33,69155121;45,46324158;104,6447449;118,9644888
24,55769646;-34,19052124;45,40045929;104,6807098;119,1144175
24,56776046;-33,73649597;45,305336;104,6776886;118,9459672
24,57782346;-34,38725281;45,55251694;104,8837891;119,4073874
24,58788746;-33,80937958;45,4472084;104,590683;118,9442469
24,59795146;-34,12146759;45,7844696;104,3724365;118,9709953
24,60801546;-33,69412994;45,52322388;104,5106964;118,8702821
24,61807946;-34,24266052;45,75587082;104,2909088;118,923308
24,62814346;-33,859375;45,4419899;104,4602661;118,8418231
24,63820746;-34,62536621;45,77381897;104,7024384;119,4016712
24,64827146;-34,24401093;45,77547455;104,7246399;119,311762
24,65833446;-34,63726044;45,78479767;104,6430511;119,3572606
24,66839846;-33,92475128;45,75734329;104,5353699;119,04733
24,67846246;-34,30056;45,79299927;104,731781;119,3409953
24,68852646;-33,67800903;45,58792496;104,8254395;119,1672772
24,69859046;-34,02706909;45,63990021;104,8657532;119,3217001
24,70865446;-33,77555847;45,38110352;104,5061798;118,8350728
24,71871846;-33,95539856;45,82748413;104,9627228;119,4583633
24,72878246;-33,56474304;45,7600174;104,6798553;119,0732685
24,73884546;-34,16065216;45,81198883;104,5656128;119,1623089
24,74890946;-33,72414398;45,57541656;104,3827057;118,7863028
24,75897346;-34,04294586;45,9546051;104,5283051;119,1508055
24,76903746;-33,3139801;45,7650528;104,4877167;118,835787
24,77910146;-33,99938965;45,82100677;104,8469696;119,3667047
24,78916546;-33,28800201;45,55485535;104,9299011;119,1369803
24,79922946;-33,91959381;45,67172623;104,7979126;119,2436493
24,80929346;-33,56620026;45,73195267;104,496048;118,9013261
24,81935746;-34,21185303;45,79521179;104,6159363;119,2147073
24,82942046;-33,93652344;45,76247025;104,0802765;118,6532564
24,83948446;-34,16674042;46,07473755;104,1950226;118,9405327
24,84954846;-33,52335358;45,91940689;104,4637756;118,9331223
24,85961246;-33,86450958;45,80385208;104,4081879;118,9364014
24,86967646;-33,37936401;45,75537872;104,3377228;118,7185622
24,87974046;-33,75387573;45,86535645;104,3478088;118,8756504
24,88980446;-33,24935913;45,46195221;104,5932922;118,794216
24,89986846;-33,84916687;45,82736588;104,3876648;118,9230765
24,90993146;-33,22644806;45,41464615;104,6494751;118,8191886
24,91999546;-33,59851837;45,61923599;104,9588318;119,2741862
24,93005946;-33,51792908;45,41174698;104,937149;119,1531938
24,94012346;-33,95236206;45,70231247;104,568924;119,0635297
24,95018746;-33,54868317;45,53955078;104,6303101;118,9406012
24,96025146;-33,93505859;45,60712433;104,6944275;119,1323681
24,97031546;-33,38234711;45,50825882;104,5903168;118,8466116
24,98037946;-33,83778381;45,58162689;104,6723022;119,0754852
24,99044346;-33,51739502;45,43894196;104,6650238;118,923843
25,00050646;-33,91143799;45,48807526;104,7807007;119,1559728
25,01057046;-33,80800629;45,6096344;104,5008698;118,9270861
25,02063446;-34,40027618;45,81989288;104,5737762;119,2414201
25,03069846;-33,63492584;45,68474197;104,5649109;118,9631223
25,04076246;-33,91950989;45,5586319;104,70961;119,1227288
25,05082646;-33,61078644;45,49282074;104,656311;118,9631251
25,06089046;-34,21959686;45,78562164;104,7141418;119,2994361
25,07095446;-33,65843201;45,66452026;104,695694;119,0769784
25,08101746;-34,07556915;45,65122986;104,5905914;119,0981571
25,09108146;-33,73215485;45,49774551;104,4460602;118,8144882
25,10114546;-33,90948486;45,41676331;104,2802734;118,6882934
25,11120946;-33,2699585;45,31458282;104,3030548;118,4880956
25,12127346;-33,92044067;45,62710571;104,3629913;118,8447013
25,13133746;-33,39296722;45,72470093;104,1941071;118,5843602
25,14140146;-33,97851563;46,0725441;104,2953491;118,9736891
25,15146546;-33,52587128;45,82579041;104,3038483;118,7572308
25,16152846;-34,05783081;45,87404633;104,4646759;119,0681842
25,17159246;-33,7506485;45,77837753;104,5972748;119,0603041
25,18165646;-33,94313049;45,80979156;104,5641174;119,0979755
25,19172046;-33,53258514;45,85175323;104,6157684;119,0431709
25,20178446;-33,94289398;45,90940094;104,5160675;119,0940868
25,21184846;-33,69615173;45,50444031;104,3444672;118,7175326
25,22191246;-33,87163544;45,86870193;104,3768768;118,9359404
25,23197646;-33,59614563;45,78636551;104,5239105;118,9552022
25,24204046;-34,12271118;45,82252121;104,6755676;119,2519909
25,25210346;-33,60073853;45,62652206;104,6499176;119,0058587
25,26216746;-33,84535217;45,97085571;104,6725616;119,2273987
25,27223146;-33,5432663;46,06244659;104,405365;118,9427591
25,28229546;-33,90457916;45,89387131;104,5633087;119,1186528
25,29235946;-33,47467804;45,6553421;104,316864;118,6885523
25,30242346;-33,69956207;45,72780228;104,6226044;119,0486528
25,31248746;-33,42084503;45,7326088;104,3474274;118,7299877
25,32255146;-33,8977356;45,80266953;104,6214905;119,1326877
25,33261446;-33,55975342;45,6586647;104,7154388;119,0642425
25,34267846;-33,92780304;45,65877533;104,4119568;118,9019609
25,35274246;-33,37928772;45,42390823;104,5734558;118,7986361
25,36280646;-33,68132019;45,86378098;104,4168549;118,9150845
25,37287046;-33,56506348;45,51146698;104,6465607;118,9487695
25,38293446;-34,07682037;46,08215332;104,701889;119,361971
25,39299846;-33,48595428;45,82112503;104,8998108;119,2679963
25,40306246;-33,86573029;45,84637451;104,7229462;119,229498
25,41312646;-33,55220032;45,9565773;104,6890564;119,1534963
25,42318946;-33,97639465;45,99714279;104,7441559;119,3376333
25,43325346;-33,55852509;45,84304047;104,8658905;119,266986
25,44331746;-33,87245941;45,83600998;104,6815948;119,1911054
25,45338146;-33,40198517;45,66291046;104,746521;119,0488457
25,46344546;-33,57563019;46,01284409;104,6031342;119,1063409
25,47350946;-33,36279297;46,02768707;104,6119995;119,0600452
25,48357346;-33,97947693;45,99642181;104,7234192;119,3200327
25,49363746;-33,78913116;46,01686859;104,2757111;118,8809551
25,50370046;-34,17947388;45,98659897;104,6019897;119,2668436
25,51376446;-33,87447357;46,03578949;104,3485413;118,9764344
25,52382846;-33,65552521;45,78720856;104,542511;118,9886526
25,53389246;-33,89762115;45,79956436;104,4198761;118,9544423
25,54395646;-33,53049469;45,93715286;104,6283722;119,086575
25,55402046;-33,68060303;46,1209259;104,5326691;119,1159172
25,56408446;-33,56863403;45,90263367;104,4766235;118,9507034
25,57414846;-33,90333557;45,98384094;104,6449127;119,2246097
25,58421146;-33,59354401;45,70670319;104,6224976;119,0104866
25,59427546;-33,94355774;46,11748123;104,6188354;119,2647807
25,60433946;-33,62408447;46,00930786;104,5899811;119,107093
25,61440346;-34,02426147;46,06975555;104,6537628;119,2999699
25,62446746;-33,62625122;45,7530365;104,6940155;119,1003862
25,63453146;-33,73545837;45,92171478;104,7529907;119,2479522
25,64459546;-33,70587158;45,88408661;104,6607819;119,1440911
25,65465946;-33,73986053;46,04279327;104,7050934;119,25382
25,66472346;-33,80703735;45,73239899;104,4503326;118,9295593
25,67478646;-33,98445129;46,17030334;104,3073425;119,0237856
25,68485046;-33,77172852;45,89542389;104,635788;119,1451539
25,69491446;-33,9809494;46,01593781;104,6954193;119,3034043
25,70497846;-33,54053497;45,74662018;104,5488434;118,9461281
25,71504246;-33,88974762;45,79893875;104,6786041;119,1791422
25,72510646;-33,93540955;45,82355499;104,6630707;119,1879548
25,73517046;-34,02796173;45,79480362;104,682312;119,2201856
25,74523446;-33,65223694;45,71620941;104,6304321;119,0376923
25,75529746;-34,19702911;45,85948181;104,3339539;118,9878263
25,76536146;-33,85105896;45,59283066;104,5027466;118,9345385
25,77542546;-33,8995285;45,80400848;104,7066956;119,2085455
25,78548946;-33,72299957;45,48920441;104,9610291;119,2615866
25,79555346;-33,98062134;45,72200012;104,8469543;119,3233747
25,80561746;-33,52436829;45,41273499;104,6690216;118,9193166
25,81568146;-33,82502747;45,46743774;104,9369507;119,2609911
25,82574546;-33,77204895;45,66127014;104,5823975;119,0083221
25,83580946;-34,08779907;45,6506958;104,7517548;119,2430048
25,84587246;-33,65692902;45,63509369;104,7695465;119,1302167
25,85593646;-33,82941437;45,93650436;104,5059967;119,0634077
25,86600046;-33,56645203;45,71366119;104,5372925;118,9306144
25,87606446;-33,62162018;45,8312149;104,8205414;119,2403434
25,88612846;-33,55208588;45,63953018;105,2125854;119,4922479
25,89619246;-33,82583618;45,80438614;104,7257996;119,2045388
25,90625646;-33,63493347;45,45996857;104,8145752;119,0966526
25,91632046;-34,06861877;45,71101379;104,8413544;119,3393362
25,92638346;-33,65805054;45,85033035;104,8055573;119,2447986
25,93644746;-34,05080414;46,03528214;105,065979;119,6560254
25,94651146;-34,04781342;45,78263474;104,8121948;119,3352397
25,95657546;-34,08403778;46,07223511;104,7303772;119,3851933
25,96663946;-33,5599823;45,83826447;104,6886139;119,1097174
25,97670346;-34,12010956;46,29439926;104,6697693;119,4282792
25,98676746;-33,54759216;45,7858963;104,3966064;118,8294605
25,99683146;-34,12505341;45,84886169;104,8476257;119,4138267
26,00689546;-33,78918457;45,73851776;104,6176605;119,0738254
26,01695846;-33,90388489;46,16834641;104,9940186;119,6023978
26,02702246;-34,03110504;45,83340836;105,2169495;119,7055717
26,03708646;-34,20175934;46,03558731;104,9784088;119,6223305
26,04715046;-33,70864105;46,00280762;105,0351868;119,5195434
26,05721446;-34,19675446;45,90159988;105,0239868;119,6094172
26,06727846;-33,96100616;45,94231796;104,8254547;119,3835101
26,07734246;-34,03749847;46,31535721;105,0753479;119,7684948
26,08740646;-33,65225983;45,86355591;104,9530487;119,3778991
26,09746946;-33,97338867;46,02029419;104,7978668;119,3928453
26,10753346;-33,94007874;45,8239212;105,0735779;119,5500626
26,11759746;-34,11893463;45,87106705;105,1858368;119,7176543
26,12766146;-33,87225342;45,86510849;104,7904816;119,2978741
26,13772546;-33,78327179;45,83483505;104,8777466;119,3376859
26,14778946;-33,53500366;45,71203995;104,8010712;119,1530595
26,15785346;-33,97093964;45,88834763;104,7889252;119,3334992
26,16791746;-33,67618561;45,69468307;104,8612213;119,2391097
26,17798146;-33,81587219;45,79938507;104,6701965;119,1509418
26,18804446;-33,71013641;45,79075241;104,9472351;119,3611681
26,19810846;-34,00502014;45,84099579;104,7386932;119,280896
26,20817246;-33,75363159;45,80234146;104,6891327;119,1510664
26,21823646;-34,12147522;46,13885117;104,5080261;119,2266589
26,22830046;-34,12835693;46,11585999;104,6622314;119,3549328
26,23836446;-34,38438416;45,90652847;104,6612549;119,3468621
26,24842846;-33,81161499;45,86808395;104,8345947;119,3205711
26,25849246;-34,12509918;45,88147736;104,6022797;119,2110283
26,26855546;-33,93238068;45,61713409;104,8431549;119,2661583
26,27861946;-33,96411133;45,76831055;104,8900757;119,374315
26,28868346;-33,66508484;45,90230942;104,6744385;119,1515758
26,29874746;-33,88174438;46,01147842;104,6915741;119,2700903
26,30881146;-33,85357666;45,77896881;104,7418518;119,2167528
26,31887546;-33,95304871;46,13991547;104,668808;119,3199928
26,32893946;-33,79270172;45,84764099;104,8749847;119,3428477
26,33900346;-34,09594727;46,18375015;105,1088409;119,7636875
26,34906779;-34,00428009;45,9079361;104,9140625;119,4604126
26,35913079;-34,08317566;46,11442566;105,1753235;119,7917017
26,36919479;-33,94272614;46,0258255;105,0779724;119,6322095
26,37925879;-33,96385193;45,95307922;104,8083344;119,3734295
26,38932279;-33,84755707;45,77552795;104,7752533;119,2430702
26,39938679;-33,96282196;45,85297012;105,1515808;119,6362115
26,40945079;-33,75660706;45,63710022;104,8235931;119,2067075
26,41951479;-33,86149597;45,88023758;105,1424561;119,6099209
26,42957879;-33,70321655;45,84216309;104,8878479;119,326742
26,43964279;-33,84063721;46,09133911;104,8827972;119,4571112
26,44970579;-33,75186157;45,88766479;104,8907928;119,3605645
26,45976979;-34,00765991;45,94295883;105,0986938;119,6370003
26,46983379;-33,97273254;45,65602875;105,3187256;119,7107074
26,47989779;-34,08907318;45,89356232;104,8865662;119,4549109
26,48996179;-34,00939941;45,81797028;105,2471008;119,7199978
26,50002579;-34,12654877;45,98142624;105,0152283;119,6123366
26,51008979;-33,88194275;45,71767044;105,1752625;119,5823033
26,52015379;-34,14407349;45,7077179;104,7440338;119,2741625
26,53021679;-33,97387695;45,60740662;104,8060455;119,241633
26,54028079;-33,97428894;45,75066376;104,9489441;119,4221772
26,55034479;-33,85748291;45,73247528;104,680191;119,1458385
26,56040879;-33,82156372;45,93072128;104,7856903;119,3045273
26,57047279;-33,74623108;45,56754303;104,8152161;119,169789
26,58053679;-34,02707672;46,03983307;104,8969269;119,5026085
26,59060079;-33,75537872;45,74705505;105,0995331;119,4911314
26,60066479;-33,7116394;46,06145096;104,9957275;119,5083039
26,61072879;-33,57568359;45,80506134;105,5088806;119,8230114
26,62079179;-33,73738861;45,94045258;105,6162872;120,0147354
26,63085579;-33,74671173;45,90446091;105,2615967;119,6915361
26,64091979;-33,98039246;45,84022903;105,0462036;119,5437098
26,65098379;-34,22585297;45,7328949;105,0268555;119,5556233
26,66104779;-33,75973511;45,76449966;104,8663635;119,2940206
26,67111179;-34,1833725;45,90517807;105,0557709;119,634875
26,68117579;-33,85975647;45,69742203;105,3621674;119,7327182
26,69123979;-34,02458191;45,81446838;105,1492767;119,6369846
26,70130279;-33,76791382;45,8436203;104,9724121;119,4199181
26,71136679;-33,77975464;46,0062561;104,927597;119,4464233
26,72143079;-33,76316071;45,75489807;105,1736603;119,5615345
26,73149479;-33,99055481;45,86053848;105,0319977;119,5419062
26,74155879;-33,97820282;45,79784012;105,0286255;119,5113911
26,75162279;-34,07328033;45,92461014;104,978653;119,5431965
26,76168679;-34,03675842;45,81494904;104,8561401;119,3830834
26,77175079;-34,00408173;45,8622818;104,6575317;119,217555
26,78181479;-33,74572754;45,98459625;104,9241943;119,4254737
26,79187779;-34,03591156;45,90695953;104,8254547;119,3912399
26,80194179;-33,73628998;45,87614441;104,9804993;119,4305786
26,81200579;-34,25410461;45,82183075;104,7217102;119,3298808
29,69627879;-41,49636078;47,37499237;198,9667664;208,6962194
29,70634279;-41,65514374;47,46799469;198,8907623;208,6765364
29,71640679;-41,54623413;47,39902496;199,006485;208,7494628
29,72647079;-41,57067108;47,6862793;199,0019073;208,8153755
29,73653479;-41,12252808;47,48884583;198,6975098;208,3913462
29,74659879;-41,60350037;47,73414612;198,9738312;208,8060953
29,75666179;-41,28237152;47,67202759;199,0177612;208,7700307
29,76672579;-41,88578796;47,66573334;198,9956055;208,8676432
29,77678979;-41,63011932;47,49088287;198,9796295;208,7614518
29,78685379;-41,99227905;47,64069366;199,1609039;209,0407923
29,79691779;-41,48403931;47,39369965;199,1925049;208,913241
29,80698179;-41,85305786;47,40538025;199,3895874;209,1773317
29,81704479;-41,47065735;47,25634003;199,0918579;208,7834883
29,82710879;-41,69605255;47,43386841;199,0801392;208,8574501
29,83717279;-41,09996796;47,56020355;199,0118408;208,7028824
29,84723679;-41,80897522;47,61442566;198,9493866;208,7965095
29,85730079;-41,27790833;47,47579956;198,9893646;208,6973514
29,86736479;-41,81930542;47,55719376;198,581665;208,4351666
29,87742779;-41,19988251;47,36642838;198,9150543;208,5862117
29,88749179;-41,55684662;47,24044037;199,2003937;208,9005207
29,89755579;-41,13391876;47,22823715;199,079895;208,6990902
29,90761979;-41,90097809;47,57107162;199,1221619;208,9696968
29,91768379;-41,46705627;47,14709091;199,1746826;208,8370636
29,92774779;-41,74887848;47,14291763;199,1288605;208,8485734
29,93781079;-41,46855927;46,95025253;199,0888824;208,7111658
29,94787479;-41,69126892;47,34500504;199,2256317;208,9750314
29,95793879;-41,69034576;47,21045685;199,26091;208,9780429
29,96800279;-42,04593658;47,60421753;199,6966858;209,5537846
29,97806679;-41,54621887;47,4736557;199,9183502;209,6358343
29,98813079;-41,83179474;47,58295822;199,5077515;209,3260133
29,99819479;-41,49958038;47,49471283;199,427948;209,1637382
30,00825779;-41,78282928;47,65032196;199,3713531;209,2015642
30,01832179;-41,54610443;47,42264557;199,402771;209,1326163
30,02838579;-42,07221985;47,4314537;199,0084381;208,8640058
30,03844979;-41,62011719;47,07240295;199,5328827;209,1922956
30,04851379;-41,73697662;47,60437775;199,8211975;209,6107415
30,05857779;-41,53501892;47,3555603;199,5851135;209,289093
30,06864079;-41,74324799;47,31282806;199,7674713;209,4947375
30,07870479;-41,47014618;47,3007431;199,5830231;209,261837
30,08876879;-41,67734528;47,54408264;199,4772186;209,2572619
30,09883279;-41,29802704;47,44075775;199,4320221;209,11548
30,10889679;-41,51885223;47,52568436;199,4550476;209,2004345
30,11896079;-41,35073853;47,36441422;199,0997467;208,7917155
30,12902379;-41,59511566;47,91540146;199,3010864;209,1577452
30,13908779;-41,46557617;47,91591263;199,0744781;208,916195
30,14915179;-41,59020996;47,78797913;199,5623016;209,3765716
30,15921579;-41,20707703;47,79979706;199,7467499;209,4793734
30,16927979;-41,92525482;47,73960495;199,7476501;209,6089707
30,17934379;-41,40461731;47,62032318;199,7976379;209,5259737
30,18940679;-41,57673645;47,87142181;199,5544586;209,3854818
30,19947079;-41,39579773;47,4974823;199,5133667;209,2252527
30,20953479;-41,56763458;47,67873764;199,2985992;209,09582
30,21959879;-41,42585754;47,6762352;199,1847839;208,9586161
30,22966279;-41,69409943;47,7997818;199,2799835;209,1308894
30,23972679;-41,42272186;47,604702;199,2950134;209,0467697
30,24979079;-41,88601685;47,83823395;199,2073517;209,1088329
30,25985379;-41,47997284;47,56570435;199,4065704;209,1555993
30,26991779;-41,83195496;47,70235443;199,31427;209,168844
30,27997896;-41,62955475;47,73321533;199,5109253;209,3229299
30,29004296;-41,28390503;47,46920776;199,4444885;209,1310367
30,30010696;-41,82337952;47,60110092;199,1346893;208,9729274
30,31017096;-41,64246368;47,48610687;199,2505646;209,0210817
30,32023396;-41,84423828;47,62230682;199,4292297;209,2626151
30,33029796;-41,54806519;47,6449585;199,4731903;209,250657
30,34036196;-41,95983124;47,67274475;199,2138214;209,0920005
30,35042596;-41,61651611;47,62578964;199,1852112;208,9854029
30,36048996;-41,88434601;47,83574677;199,1592865;209,0621403
30,37055396;-41,59495544;47,55752945;199,0393829;208,8265665
30,38061696;-41,71455383;47,33396149;199,1843872;208,9378568
30,39068096;-41,17977905;47,11575317;199,2610931;208,855576
30,40074496;-41,51858521;47,2047348;199,0936584;208,7830566
30,41080896;-41,13621521;47,12794113;198,9168243;208,5213036
30,42087296;-41,52638245;47,60361481;198,967926;208,7553117
30,43093696;-41,49320221;47,34626007;199,1166992;208,8320236
30,44099996;-41,58538055;47,54450607;199,1764679;208,9523613
30,45106396;-41,17040253;47,35573196;198,8301544;208,4969969
30,46112796;-41,20896912;47,36734009;198,9699554;208,6405694
30,47119196;-41,33494568;47,40723419;199,1781311;208,8730512
30,48125596;-41,46424103;47,58192444;198,8821564;208,6562602
30,49131996;-41,29767609;47,27688217;198,9247894;208,5945193
30,50138396;-41,40490723;47,65319824;199,0994263;208,8678414
30,51144696;-41,33698273;47,37657166;199,165741;208,8546817
30,52151096;-41,52324677;47,65816498;199,5299377;209,3028351
30,53157496;-41,02377319;47,49160767;199,409256;209,0513194
30,54163896;-41,46604156;47,63674164;199,4729462;209,2322824
30,55170296;-40,98252869;47,27831268;199,3186188;208,9083969
30,56176696;-41,60604095;47,59375381;199,5593414;209,3326511
30,57182996;-41,39607239;47,49729156;199,0806732;208,8126959
30,58189396;-41,53846741;47,72585297;198,8852386;208,7068266
30,59195796;-41,59384155;47,28806686;198,9002075;208,6324555
30,60202196;-41,67853546;47,41259384;199,1521606;208,9177768
30,61208596;-41,50992584;47,01713562;199,2002563;208,840674
30,62214996;-41,95059204;47,07198334;199,1522217;208,8952637
30,63221296;-41,74334717;46,96932983;199,499649;209,1619826
30,64227696;-41,71089935;47,45629883;198,7922211;208,591099
30,65234096;-41,52748108;47,34843445;199,0809326;208,805229
30,66240496;-41,55532074;47,4645195;198,7545624;208,5260208
30,67246896;-41,61445618;46,99787903;199,0046692;208,6706064
30,68253296;-41,66631317;47,58008957;199,1200562;208,9228167
30,69259596;-41,67224121;47,38886261;198,8244781;208,598785
30,70265996;-41,97039795;47,72878647;198,9007874;208,8087033
30,71272396;-41,62922668;47,44499207;199,3682251;209,1212781
30,72278796;-41,7085495;47,70880508;199,1440125;208,9834225
30,73285196;-41,78211212;47,55728149;199,148819;208,9681603
30,74291596;-41,77488708;47,64833832;199,286499;209,1186602
30,75297996;-41,67730713;47,39176941;199,3224792;209,0751742
30,76304296;-41,76969147;47,56526184;199,2712555;209,0841805
30,77310696;-41,63625336;47,37935638;199,4607086;209,1959734
30,78317096;-41,53250885;47,51414871;199,5572662;209,297984
30,79323496;-41,2183075;47,3568306;199,6598816;209,2980807
30,80329896;-41,37970734;47,60340118;199,4559784;209,1914226
30,81336296;-41,70131683;47,43373489;199,1088562;208,8858436
30,82342596;-41,5999527;47,61318588;199,3948975;209,1791019
30,83348996;-41,2884903;47,47180939;199,2428741;208,9402666
30,84355396;-41,61663818;47,42975998;199,0436096;208,8058554
30,85361796;-41,64115906;47,47402191;199,3547974;209,117441
30,86368196;-41,88365173;47,71421814;199,0972595;208,9751316
30,87374596;-41,28606415;47,31172943;199,5518036;209,1981385
30,88380896;-41,52160645;47,77745819;199,3785553;209,1854145
30,89387296;-41,38970184;47,56296921;199,1053162;208,8498752
30,90393696;-41,50610352;47,70569229;199,3325348;209,1220914
30,91400096;-41,23606873;47,51298523;199,308548;209,0019005
30,92406496;-41,41165924;48,01677322;199,3648529;209,2053551
30,93412896;-41,38156891;47,70745087;199,6852112;209,4340437
30,94419196;-41,5447998;47,93691635;199,7528229;209,5831782
30,95425596;-41,46898651;47,78501892;199,5930176;209,3811299
30,96431996;-41,89884949;47,92630005;199,3627319;209,2795802
30,97438396;-41,5837326;47,71491623;199,177887;208,9922264
30,98444796;-41,7015152;47,70211029;199,2008362;209,0346403
30,99451196;-41,44814301;47,58037567;199,160202;208,9177512
31,00457496;-41,81093597;47,83296967;199,3752289;209,252549
31,01463896;-41,44322205;47,64144897;198,988678;208,7671964
31,02470296;-41,82600403;47,97294998;199,0897522;209,0156644
31,03476696;-41,6579361;47,91446686;199,0273285;208,9092082
31,04483096;-41,76172638;47,94996643;199,3613586;209,256284
31,05489496;-41,27975464;47,53985596;198,8562622;208,5853999
31,06495896;-41,49982452;47,90357208;198,8522949;208,7084638
31,07502196;-41,3835907;47,78657532;198,8255463;208,6330659
31,08508596;-41,61110687;47,94690323;198,8829803;208,7698005
31,09514996;-41,48977661;47,76234818;198,7635498;208,5895304
31,10521396;-41,5542984;47,84527969;199,2344513;209,070077
31,11527796;-41,72824097;47,59033966;199,0594635;208,8797657
31,12534196;-41,55710602;47,81384277;199,1494598;208,982449
31,13540496;-41,15705109;47,45394897;199,3412476;209,0040983
31,14546896;-41,21459961;47,54539871;199,1694641;208,8724098
31,15553296;-41,27298737;47,49839783;199,3062592;209,0036895
31,16559696;-41,61444092;47,50056458;199,3104401;209,0758639
31,17566096;-41,47589111;47,72537231;199,2494049;209,0413501
31,18572496;-41,43964386;47,70166779;199,0423889;208,8314291
31,19578796;-41,25511932;47,5214119;198,8413086;208,5620662
31,20585196;-41,36083221;47,67754745;198,7850952;208,5650523
31,21591596;-41,37401581;47,4503479;198,9128265;208,6376219
31,22597996;-41,79051208;47,83382416;199,0405731;208,9298241
31,23604396;-41,46540833;47,7885437;199,1978455;209,0045613
31,24610796;-41,74149323;47,969841;199,1815033;209,085459
31,25617096;-41,57144928;47,74476624;199,3712921;209,180927
31,26623496;-41,43663788;47,78874207;199,4400024;209,2297144
31,27629896;-41,40148926;47,6825676;199,7309723;209,4759458
31,28636258;-41,80010223;47,7026825;199,1562958;209,0120203
31,29642658;-41,54528046;47,94838715;199,4117126;209,2608164
31,30649058;-41,64351654;47,70487213;199,1703491;208,9946537
31,31655458;-41,55791473;47,79201508;199,2166443;209,0416426
31,32661758;-41,47251129;47,9953804;198,8211975;208,6945
31,33668158;-41,52964783;47,84010315;199,3082733;209,1343466
31,34674558;-41,91764069;47,84950638;199,0622864;208,9795629
31,35680958;-41,84172058;47,55609894;199,33992;209,1619369
31,36687358;-41,94887543;47,72359467;199,375946;209,2558661
31,37693758;-41,59314728;47,60231781;199,6092072;209,3795743
31,38700058;-41,84909821;47,5630188;199,4453125;209,2654306
31,39706458;-41,5979538;47,49003983;199,3594208;209,1168867
31,40712858;-41,53240204;47,46913147;199,6878815;209,412294
31,41719258;-41,70111084;47,71591568;199,345047;209,1751396
31,42725658;-41,25896454;47,73103714;199,1443787;208,8995874
31,43732058;-41,44216156;47,83326721;199,2960052;209,1037348
31,44738358;-41,34632111;47,81150818;199,2158356;209,0033677
31,45744758;-41,78260803;47,74586487;199,3130188;209,167716
31,46751158;-41,48699951;47,60921478;199,2696991;209,0364118
31,47757558;-41,66378784;47,72446442;198,9945221;208,8356185
31,48763958;-41,39935303;47,68645477;199,2630615;209,0303138
31,49770358;-41,50176239;47,64917755;199,3357239;209,1113847
31,50776658;-41,48162079;47,41551971;199,1066284;208,8358347
31,51783058;-41,4491806;47,95539093;199,3912354;209,2238486
31,52789458;-41,2201004;47,75882721;199,3173523;209,0631703
31,53795858;-41,42973328;47,77108765;199,3460541;209,1347625
31,54802258;-41,33412933;47,6717453;199,2732544;209,0237677
31,55808658;-41,61482239;47,68524933;199,2073975;209,0197686
31,56815058;-41,24487305;47,80720139;199,197525;208,9648823
31,57821358;-41,47314453;47,78894806;199,1738739;208,9833422
31,58827758;-41,42146301;47,77866364;199,5493774;209,3286706
31,59834158;-41,3085022;47,91815948;199,5026093;209,2936537
31,60840558;-41,26190948;47,80534363;199,4604187;209,2184377
31,61846958;-41,64644623;47,7102356;199,129837;208,9578548
31,62853358;-41,25636292;47,77659988;199,0547485;208,8240501
31,63859658;-41,60348511;48,0761261;199,2569885;209,1542764
31,64866058;-41,74235535;47,80133057;199,5749512;209,4219486
31,65872458;-41,44942474;48,06599426;199,404129;209,2615619
31,66878858;-41,45611572;47,93543243;199,4473419;209,2741203
31,67885258;-41,54450226;48,05357742;199,6549225;209,5165388
31,68891658;-41,36719513;47,81212997;199,2943726;209,0824994
31,69897958;-41,4167099;47,93995285;199,1873169;209,0195449
31,70904358;-41,38610077;47,9502449;199,6822662;209,4875719
31,71910758;-41,57628632;48,05961609;199,5671387;209,4405814
31,72917158;-41,54898834;47,76111221;199,1079254;208,9291943
31,73923558;-41,49390411;47,775177;199,2621918;209,068488
31,74929958;-41,2600174;47,99554443;199,4564362;209,2578105
31,75936258;-41,56934357;47,91644287;199,2294006;209,084552
31,76942658;-41,52310181;48,02574921;199,4290619;209,2906861
31,77949058;-41,48963928;48,16419601;199,3562622;209,2465035
31,78955458;-41,46258545;47,80801392;199,0708923;208,8874634
31,79961858;-41,51925659;47,84906387;199,0790405;208,9158825
31,80968258;-41,48061371;47,92837143;198,7316284;208,5953744
31,81974658;-41,65994263;47,89912415;199,0263672;208,9051741
31,82980958;-41,36542511;47,83322906;199,2181396;209,0143138
31,83987358;-41,53870392;47,82652664;199,3251343;209,1491088
31,84993758;-41,49617767;47,79661942;199,2920227;209,1022714
31,86000158;-41,45264435;48,17207718;199,2780304;209,1664508
31,87006558;-41,5075531;47,82137299;199,3408813;209,1567538
31,88012958;-41,39789581;47,8235321;199,0372467;208,8461194
31,89019258;-41,35810852;47,82347107;199,3922424;209,1765854
31,90025658;-41,46918488;47,83961105;199,2477112;209,0645166
31,91032058;-41,67190552;47,89256287;199,3064575;209,1729172
31,92038458;-41,9684906;47,57324219;199,3238525;209,1759206
31,93044858;-41,64241028;47,4818573;199,6037445;209,3568053
31,94051258;-41,73686218;47,50754929;199,5429382;209,3234748
31,95057558;-41,43512726;47,76717377;199,3837738;209,1708917
31,96063958;-41,92337799;47,85261154;199,3113861;209,218715
31,97070358;-41,66992188;47,87540054;199,0820923;208,9548177
31,98076758;-41,61727142;47,89497375;199,1697388;209,0323196
31,99083158;-41,72841644;47,76017761;199,1371765;208,9926084
32,00089558;-42,05099487;47,77196121;199,321106;209,2351541
32,01095858;-41,78967285;47,79993057;199,2682343;209,1388039
32,02102258;-41,67068481;47,66633224;199,2595367;209,0762736
32,03108658;-41,77143097;47,88749695;199,3152924;209,2000253
32,04115058;-41,44715118;47,59736633;199,1476898;208,9094971
32,05121458;-41,4981308;47,78626251;199,3320313;209,1384241
32,06127858;-41,376297;47,53665924;199,0735474;208,8109412
32,07134258;-41,2868576;47,64469528;199,2207489;208,9581977
32,08140558;-41,54039764;47,86073303;198,9940491;208,8417726
32,09146958;-41,63362885;47,74100113;199,2795258;209,1049775
32,10153358;-41,8809433;47,76140594;198,9893799;208,8825953
32,11159758;-41,66773987;47,56438446;198,9487762;208,7562856
32,12166158;-41,63547516;47,72840881;198,9518127;208,790176
32,13172558;-41,50502014;47,74200439;199,1592865;208,9650379
32,14178858;-41,62260437;47,88166046;198,6917877;208,5749772
32,15185258;-41,40763092;47,71469879;198,9716797;208,7606613
32,16191658;-41,46975708;47,89202881;198,5886841;208,448681
32,17198058;-41,69590759;47,52304077;198,9444122;208,7483348
32,18204458;-41,55170441;47,6467247;198,9397736;208,7433544
32,19210858;-41,41815948;47,7532959;198,8495483;208,6551799
32,20217258;-41,27207184;47,52035522;198,7970276;208,5229634
32,21223558;-40,84201813;47,67337036;198,929184;208,5992352
32,22229958;-40,95153809;47,49322891;198,9517517;208,601138
32,23236358;-41,1536026;47,57623672;198,7997742;208,5149096
32,24242758;-41,28546143;47,58201599;198,8450928;208,5854944
32,25249158;-41,24829102;47,72251129;198,969223;208,7285589
32,26255558;-41,43146515;47,78821564;198,7484283;208,5694552
32,27261858;-41,40214539;47,53485489;198,9020233;208,6521386
32,28268592;-41,81134796;47,69708252;198,9236755;208,7913532
32,29274992;-41,50827789;47,63249969;199,368866;209,1404716
32,30281392;-41,4575882;47,59096527;199,4765167;209,2235941
32,31287792;-41,47132111;47,63415909;199,1056213;208,8825795
32,32294192;-41,47433472;47,71768951;198,9660797;208,7692487
32,33300492;-41,31001282;47,53356934;198,8070984;208,5430885
32,34306892;-41,67565918;47,73188782;198,9953461;208,8404689
32,35313292;-41,54569244;47,68786621;199,164566;208,9657903
32,36319692;-41,54658508;47,70433426;199,1500397;208,9558818
32,37326092;-41,71765137;47,49052429;199,098526;208,8921621
32,38332492;-41,78687286;47,53931427;199,1368561;208,9536231
32,39338892;-41,65680695;47,5134964;199,3100281;209,0868461
32,40345192;-41,51753998;47,46533585;199,1042328;208,8520044
32,41351592;-41,52310944;47,51472092;198,8967438;208,666557
32,42357992;-41,37207794;47,8940506;199,0480499;208,8674582
32,43364392;-41,52900696;47,9251709;199,0041809;208,8639376
32,44370792;-41,34210968;47,81211853;199,1846161;208,9729169
32,45377192;-41,36820984;47,71390152;199,0943451;208,8695847
32,46383492;-41,43432617;47,73980713;198,6894836;208,5027661
32,47389892;-41,41016388;47,72179031;198,8113861;208,6100146
32,48396292;-41,34091187;47,78997421;198,8929901;208,6896599
32,49402692;-41,74584961;47,57888031;198,9045715;208,7330697
32,50409092;-41,51391602;47,69816971;198,8861694;208,6964998
32,51415492;-41,39863586;47,74826813;198,5210266;208,3370878
32,52421792;-41,51089478;47,80498505;198,5230408;208,3743475
32,53428192;-41,41539764;47,74651337;198,9692535;208,7671635
32,54434592;-41,39471436;47,88864899;198,6336517;208,4758324
32,55440992;-41,33675385;47,57310104;198,7678375;208,519976
32,56447392;-41,44976807;47,69685364;198,8288269;208,6287984
32,57453792;-41,4540329;47,71484756;198,684845;208,4965495
32,58460192;-41,65536499;47,63227081;198,9067841;208,7292778
32,59466492;-41,48744965;47,53175735;199,1792297;208,9326255
32,60472892;-41,49606323;47,47971344;199,3223114;209,0589158
32,61479292;-41,25456238;47,33958435;199,0416107;208,7116143
32,62485692;-41,51712036;47,26480484;198,8818817;208,5944293
32,63492092;-41,31790924;47,42934418;198,8786926;208,5891816
32,64498492;-41,17759705;47,50720978;198,9331818;208,6311105
32,65504792;-41,23983765;47,30623627;198,9216461;208,5867337
32,66511192;-41,10432434;47,98564911;198,7732239;208,5736861
32,67517592;-41,25467682;47,94205093;198,8397217;208,6567121
32,68523992;-41,44116974;47,84680939;198,8558655;208,6871892
32,69530392;-41,19939423;47,68128204;198,9695435;208,7097841
32,70536792;-41,41055298;47,46594238;198,9878998;208,7199891
32,71543192;-41,41990662;47,57584;198,9711609;208,7309083
32,72549492;-41,46742249;47,84530258;199,0044098;208,8336065
32,73555892;-41,25888062;47,81905746;199,5068207;209,2652121
32,74562292;-41,24687958;47,82505798;199,3528137;209,1173967
32,75568692;-41,28137207;47,84934235;199,4983826;209,2685258
32,76575092;-41,59981537;47,79291534;199,3337555;209,1617878
32,77581492;-41,42691803;47,71042252;199,1673279;208,9499903
32,78587792;-41,39772034;47,8776474;199,2004547;209,0140223
32,79594192;-41,12258148;47,65100098;199,0454254;208,760068
32,80600592;-41,55670929;47,67630768;199,0194855;208,827072
32,81606992;-41,19779205;47,50637817;199,2717133;208,9577224
32,82613392;-41,58580017;47,54331207;199,339325;209,1074168
32,83619792;-41,36063385;47,64506149;199,1393585;208,8952801
32,84626092;-41,3822403;47,8728981;199,0942383;208,9086401
32,85632492;-41,25452423;47,8131485;199,0643005;208,8411566
32,86638892;-41,47795105;47,80608368;198,9320374;208,7577485
32,87645292;-41,23406982;47,59080887;198,8445892;208,5768546
32,88651692;-41,5911026;47,7206459;199,2020111;209,0179923
32,89658092;-41,43133545;47,69864273;199,2418365;209,0191989
32,90664492;-41,55768585;47,83287811;199,0856323;208,9260981
32,91670792;-41,16194153;47,65380096;198,9929047;208,7183899
32,92677192;-41,54785919;47,8592186;199,3017426;209,1361136
32,93683592;-41,04100037;47,86139679;199,3003845;209,035213
32,94689992;-41,19345856;47,84502411;199,2708588;209,0333048
32,95696392;-40,92462921;47,74246979;199,2505035;208,9376267
32,96702792;-41,48311615;47,88074112;198,9601593;208,8026803
32,97709092;-41,20617676;47,87811279;198,9059601;208,6955765
32,98715492;-41,64806366;48,1438446;199,1964722;209,1210786
32,99721892;-41,04058075;47,88618851;199,0527344;208,8047111
33,00728292;-41,54811859;47,81715775;199,2130737;209,0420424
33,01734692;-41,14194489;47,55781937;199,5237732;209,1988095
33,02741092;-41,48732758;47,724617;199,4389191;209,22409
33,03747492;-41,11393738;47,86720276;199,3673248;209,1146938
33,04753792;-41,30039215;47,84733963;199,1364899;208,9268578
33,05760192;-41,00003052;47,53174973;198,9486542;208,6164824
33,06766592;-41,73028564;47,98188019;198,988327;208,9019671
33,07772992;-41,42686462;47,84259033;198,9325104;208,7564185
33,08779392;-41,50955963;48,14870453;199,3045349;209,1976074
33,09785792;-41,13774872;47,88193893;198,994812;208,7676451
33,10792092;-41,60186768;48,11500549;199,1127167;209,0254604
33,11798492;-41,06299591;47,83069229;199,0331879;208,7777637
33,12804892;-41,32930756;48,1024704;199,3114929;209,1579081
33,13811292;-41,06095886;47,86976242;199,2018433;208,9471006
33,14817692;-41,60932922;47,73012161;198,8720398;208,7093409
33,15824092;-41,19247437;47,45638275;198,8138733;208,5087155
33,16830492;-41,34528351;47,6214447;198,9004211;208,6590808
33,17836792;-41,1530304;47,70763397;198,6352539;208,3879899
33,18843192;-41,53404999;47,53304291;198,9649658;208,737934
33,19849592;-41,24636841;47,61074066;198,5549927;208,3077787
33,20855992;-41,5579071;48,17695236;198,8416138;208,772761
33,21862392;-41,36872101;47,61261368;198,7794495;208,5464015
33,22868792;-41,64598846;47,97589874;199,2671814;209,1494317
33,23875092;-41,21028137;47,67493439;198,7868958;208,5363675
33,24881492;-41,67444611;47,55423737;198,9200439;208,7279302
33,25887892;-41,38117981;47,53362656;199,0270844;208,7669227
33,26894292;-42,01585388;47,79465866;198,9030914;208,8351052
33,27900692;-41,45232391;47,69397736;199,1174927;208,9037734
33,28906742;-41,84075928;47,84638596;199,2822571;209,1729996
33,29913142;-41,31440735;47,3507309;199,1115112;208,7926385
33,30919442;-41,66421509;47,69179153;199,1495667;208,9759883
33,31925842;-41,2590332;47,51345062;199,0100555;208,7219155
33,32932242;-41,72608948;47,60754395;199,3286743;209,1398221
33,33938642;-41,31745911;47,52140045;199,4857483;209,1888613
33,34945042;-41,52993774;47,59194946;199,48703;209,2481888
33,35951442;-41,03089905;47,39290237;199,2696533;208,8971436
33,36957742;-41,52152252;47,60842896;199,0370331;208,8213109
33,37964142;-41,51378632;47,43765259;199,3726807;209,1009114
33,38970542;-41,7781601;47,71274185;199,5425415;209,3779985
33,39976942;-41,26312256;47,51490402;199,5500793;209,2380117
33,40983342;-41,59151459;47,4962883;199,5832367;209,3304083
33,41989742;-41,03121948;47,4213028;199,1986542;208,8359278
33,42996142;-41,31047821;47,78329849;199,1160736;208,8947342
33,44002442;-41,01934052;47,25497818;199,2798309;208,8733355
33,45008842;-41,4373703;47,63394165;199,1404419;208,9089841
33,46015242;-41,04114532;47,38121796;199,2546387;208,8821832
33,47021642;-41,56813812;47,6170578;199,0710602;208,8649834
33,48028042;-41,15103149;47,74629211;199,2579346;208,9900483
33,49034442;-41,76324463;47,89002991;199,3664398;209,2477022
33,50040742;-41,10461426;47,60666656;198,9726715;208,6770424
33,51047142;-41,87565613;47,83837891;199,0244293;208,9325359
33,52053542;-41,25247192;47,60391998;198,6847382;208,4311033
33,53059942;-41,74661255;47,81741333;198,9991455;208,8778222
33,54066342;-40,99304199;47,71629333;198,9715118;208,6790279
33,55072742;-41,82463074;47,92599487;198,9766998;208,896931
33,56079142;-41,25724792;47,62100983;198,7754669;208,5224384
33,57085442;-41,38772583;47,45870972;198,9336395;208,6620855
33,58091842;-41,1437912;47,29644775;198,8978424;208,5428427
33,59098242;-41,64757538;47,87002563;198,8321381;208,710994
33,60104642;-41,11941528;47,44954681;198,6399689;208,3269139
33,61111042;-41,71833801;47,79417419;198,8195953;208,6957937
33,62117442;-41,19482422;47,55581665;198,4915161;208,2245212
33,63123842;-41,62427521;47,7302475;199,1097717;208,9388858
33,64130142;-41,1722641;47,39641571;198,9788361;208,648395
33,65136542;-41,5668869;47,6052475;199,3180237;209,097442
33,66142942;-41,38941956;47,52484131;199,1496429;208,8834002
33,67149342;-40,9082489;47,47927856;198,3551636;208,0205222
33,68155742;-41,61575317;47,62498093;198,6229553;208,4492459
33,69162142;-41,38809967;47,37970734;198,8935089;208,6059427
33,70168442;-42,0166626;47,69023514;199,0564117;208,9574443
33,71174842;-41,41439819;47,52023315;198,8954926;208,6450141
33,72181242;-41,85621643;47,9239006;199,2886963;209,1999703
33,73187642;-41,02046204;47,88846588;199,2256775;208,9661553
33,74194042;-41,74167633;48,20165634;199,0850983;209,0469889
33,75200442;-41,26389313;47,95330429;199,0226898;208,8354839
33,76206842;-41,87190247;48,05960083;199,2218018;209,1705231
33,77213142;-41,13502502;47,62415695;198,7610321;208,4852477
33,78219542;-41,64875793;47,92653656;198,8115387;208,7045756
33,79225942;-41,20303345;47,55029678;199,0324707;208,7406168
33,80232342;-41,82754517;47,79367065;199,0782318;208,9639224
33,81238742;-41,41847229;47,5317688;198,7846832;208,5428234
33,82245142;-41,80010223;47,68956375;199,2695313;209,1169269
33,83251442;-41,46193695;47,5105896;199,141983;208,8872369
33,84257842;-41,92140198;47,77953339;199,2032776;209,0986216
33,85264242;-41,43680573;47,75372696;199,2282257;209,0198872
33,86270642;-42,04639435;47,94920349;199,1779022;209,1383803
33,87277042;-41,22244263;47,8631897;199,3397522;209,1088509
33,88283442;-41,68726349;47,82397461;199,2868652;209,141615
33,89289842;-41,20795441;47,66463852;198,9004669;208,6418199
33,90296142;-41,6296463;47,9768219;198,9772034;208,870128
33,91302542;-40,95198059;47,8553009;198,996048;208,7261882
33,92308942;-41,74168396;47,83738327;199,0269012;208,9078525
33,93315342;-41,26570892;47,67783356;198,6777344;208,4439413
33,94321742;-41,97154999;48,09859085;199,1510773;209,1321043
33,95328142;-41,6441803;47,77987671;199,107254;208,9517958
33,96334442;-42,25467682;47,74695969;199,2254791;209,1794001
33,97340842;-41,64763641;47,49449158;199,0472412;208,8302099
33,98347242;-41,83403778;47,79474258;199,0258942;208,9156066
33,99353642;-41,28600311;47,59878159;199,0895844;208,8225099
34,00360042;-42,08601379;47,91537476;198,8074951;208,7858611
34,01366442;-41,55553436;47,52523041;198,9039917;208,6823133
34,02372842;-42,16590118;47,77069855;199,1739807;209,1178554
34,03379142;-41,75795746;47,60459137;199,318985;209,1362759
34,04385542;-42,07498169;47,65244675;198,7947845;208,7113464
34,05391942;-41,63230133;47,50078583;198,6146545;208,4163001
34,06398342;-42,02254486;47,55211258;198,8515778;208,7319996
34,07404742;-41,31494141;47,64647293;198,6252136;208,3964641
34,08411142;-41,69355774;47,98857117;198,8639374;208,7776839
34,09417542;-41,21742249;47,5858078;198,7920074;208,5222944
34,10423842;-41,61766052;47,54117203;198,9299011;208,7230181
34,11430242;-40,92821503;47,48487091;199,1277924;208,7625671
34,12436642;-41,72723389;47,70936966;199,1663208;209,0085389
34,13443042;-41,21202087;47,52518463;199,0161743;208,7211333
34,14449442;-41,59633636;47,70294189;199,389801;209,1939737
34,15455842;-41,34833527;47,59786987;198,941452;208,6934196
34,16462142;-41,92314148;47,7230072;199,0923462;208,9803759
34,17468542;-41,5321579;47,57202148;199,0341492;208,8123797
34,18474942;-42,05464172;47,84168625;199,2037506;209,1400346
34,19481342;-41,4917984;47,52292633;199,0575562;208,8154892
34,20487742;-41,90303802;47,71951294;199,0752563;208,9592645
34,21494142;-41,54842377;47,07867432;199,2713623;208,9300096
34,22500542;-41,66653442;47,45791245;198,9072113;208,692195
34,23506842;-41,14302063;47,59238434;198,7210388;208,4414413
34,24513242;-41,80222321;47,79523468;198,5668335;208,4720549
34,25519642;-41,27101135;47,43226624;198,8130493;208,5179725
34,26526042;-41,67845154;47,75945663;199,1666565;209,0105645
34,27532442;-41,08091736;47,37093353;199,0864563;208,7272483
34,28538842;-41,53935242;47,62120438;199,0768433;208,8657139
34,29545242;-40,97600555;47,40721893;199,2924194;208,911335
34,30551542;-41,62670898;47,63158798;198,9382324;208,7533746
34,31557942;-41,33163452;47,30930328;198,9936829;208,6742917
34,32564342;-41,7352829;47,48430634;199,0901184;208,8862572
34,33570742;-41,10598755;47,4304924;199,098877;208,7575547
34,34577142;-41,47785187;47,66259766;199,1687317;208,9505183
34,35583542;-40,98861694;47,45816803;199,3195496;208,9512557
34,36589942;-41,82269287;47,74853516;199,1295624;209,0015379
34,37596242;-41,08495331;47,42477036;199,0996857;208,7528852
34,38602642;-41,66503143;47,74015045;198,6802368;208,5400041
34,39609042;-41,08826447;47,41964722;199,1161957;208,7681197
34,40615442;-41,42657471;47,69952774;199,0370789;208,8232861
34,41621842;-40,99144745;47,64028931;198,8855896;208,5794182
34,42628242;-41,62243652;47,7811203;198,9677582;208,8148258
34,43634542;-41,05249023;47,51967239;198,9266663;208,6030795
34,44640942;-41,5954895;47,81486511;198,9302368;208,7814292
34,45647342;-41,13720703;47,57500458;199,1410828;208,8368303
34,46653742;-41,5548172;47,90227509;198,9909363;208,8511995
34,47660142;-41,34401703;47,62504196;198,6929169;208,4618612
34,48666542;-41,79777527;47,74809647;199,3406982;209,1976307
34,49672942;-41,08075714;47,50660324;198,9439545;208,6221536
34,50679242;-41,55818176;47,70098114;199,0071564;208,8212498
34,51685642;-40,99376678;47,5495224;199,0491028;208,715096
34,52692042;-41,57923126;47,71917725;198,7102051;208,5466326
34,53698442;-41,27214813;47,48712921;198,6583099;208,3831609
34,54704842;-41,6240387;47,55989456;199,1180878;208,9079152
34,55711242;-41,13191986;47,35139084;198,889267;208,5447903
34,56717642;-41,57592773;47,47646332;199,0260925;208,7916613
34,57723942;-41,20028687;47,42221069;199,0186768;208,6977801
34,58730342;-41,85271454;47,7000618;199,2371979;209,0990355
34,59736742;-41,54740906;47,45639801;199,1290588;208,8795801
34,60743142;-41,90055847;47,49020386;199,0860901;208,9168436
34,61749542;-41,4706955;47,46411133;199,3931732;209,1179045
34,62755942;-41,87458801;47,5655365;199,3680573;209,1974752
34,63762342;-41,3734436;47,48912811;199,0023346;208,7316658
34,64768642;-42,11001587;47,57260132;198,9704895;208,8675693
34,65775042;-41,57225037;47,54930115;198,8905029;208,6782696
34,66781442;-42,15888977;47,51882935;198,792099;208,6952557
34,67787842;-41,6456604;47,29395294;198,6532745;208,408739
34,68794242;-41,8420105;47,42070007;198,7354431;208,5551557
34,69800642;-41,54916382;47,53203583;198,8331451;208,6150691
34,70806942;-41,93596649;47,59201813;198,7599335;208,6363742
34,71813342;-41,49694061;47,56192398;199,10672;208,8722543
34,72819742;-41,81253052;47,96552277;199,0248108;208,9494063
34,73826142;-41,68546295;47,54838943;199,1952972;208,9911328
34,74832542;-41,7781601;47,73191071;198,9706421;208,8374161
34,75838942;-41,59790802;47,70754623;199,1864777;209,0015522
34,76845342;-42,06290436;47,78104019;199,073349;209,003622
34,77851642;-41,3651123;47,69705582;198,9547424;208,732056
34,78858042;-41,87334442;47,72077942;198,8353271;208,7250274
34,79864442;-41,20236969;47,65657806;198,998642;208,7324704
34,80870842;-41,25992584;47,50411987;199,0780334;208,7847846
34,81877242;-41,84814453;47,43920898;198,9919586;208,8050415
34,82883642;-41,21860504;47,65618134;198,8268127;208,5717778
34,83890042;-41,74880219;47,68073273;198,9814606;208,8301616
34,84896342;-41,24977112;47,72208405;199,1427612;208,8941844
34,85902742;-41,91976929;47,72492218;198,9449615;208,8397304
34,86909142;-41,4517746;47,51979828;198,9351654;208,6901552
34,87915542;-41,85517883;47,93938828;198,5918732;208,5396198
34,88921942;-41,47708893;47,83267212;198,7615356;208,601202
34,89928342;-41,93418884;47,86643982;198,7579651;208,6969117
34,90934742;-41,83068085;47,78682327;198,7757874;208,6748667
34,91941042;-41,97070313;47,84105682;199,0467377;208,9734682
34,92947442;-41,85171509;47,75896835;198,8744659;208,7667079
34,93953842;-42,01017761;47,9163208;198,8773193;208,8372978
34,94960242;-41,58976746;47,76233292;198,8810883;208,7214327
34,95966642;-41,93172455;47,93622589;198,9341583;208,8802303
34,96973042;-41,66061401;47,8004837;199,0957489;208,948822
34,97979342;-41,95436859;48,0853157;198,910553;208,8965646
34,98985742;-41,47602844;47,80106735;199,0222931;208,8422278
34,99992142;-41,86589813;47,87553406;199,0468903;208,960486
35,00998542;-41,65824127;47,75225449;199,2050629;209,0414886
35,02004942;-42,0030899;48,11608124;198,9102631;208,9131628
35,03011342;-41,68255615;47,72144699;199,1181641;208,9564913
35,04017742;-42,06307983;47,86911774;199,186142;209,131237
35,05024042;-41,56254578;47,708992;198,826416;208,6517118
35,06030442;-41,7657547;47,84666443;198,8537445;208,7498342
35,07036842;-41,47324371;47,60131073;198,842392;208,6245709
35,08043242;-41,82365417;47,79113007;199,0018463;208,8897915
35,09049642;-41,6552124;47,49930191;198,6669006;208,4703284
35,10056042;-41,91473389;47,66293335;198,8302917;208,7153206
35,11062442;-41,58833313;47,83069611;198,7311707;208,5939672
35,12068742;-41,77539825;48,01941299;198,5963287;208,5462771
35,13075142;-41,26958466;47,85220337;198,9452972;208,7396543
35,14081542;-41,70989227;47,76765442;199,1000977;208,955289
35,15087942;-41,45104218;47,6827774;199,3166046;209,0907579
35,16094342;-41,62109375;47,78170013;199,0922089;208,9332763
35,17100742;-41,24385834;47,77672195;199,034729;208,8025248
35,18107142;-41,74394226;47,8910675;198,9435425;208,8411936
35,19113442;-41,62947083;47,80293655;198,9464264;208,800896
35,20119842;-41,9861908;48,00730896;198,9606018;208,9326758
35,21126242;-41,74750519;47,56244278;198,9850464;208,8063429
35,22132642;-41,88905334;47,65930176;198,8650055;208,7424064
35,23139042;-41,36109924;47,63208389;198,8410034;208,608007
35,24145442;-41,60871887;47,73061371;198,6360474;208,4844749
35,25151842;-41,54058838;47,75292587;198,6887207;208,5261858
35,26158142;-41,63504028;48,04153061;199,0506897;208,9560775
35,27164542;-41,26982117;47,50237656;199,1170044;208,8235029
35,28170942;-41,54142761;47,80304337;198,960434;208,7967324
35,29177654;-41,30270386;47,87743759;198,8063049;208,6195323
35,30184054;-41,9008255;47,89754105;198,7463837;208,6863164
35,31190454;-41,5329361;47,57282639;198,777771;208,5683601
35,32196854;-41,6675415;47,70149231;198,6762085;208,5278212
35,33203154;-41,41957855;47,61264038;198,8684998;208,6413794
35,34209554;-41,67433929;47,82633972;198,8872986;208,7588725
35,35215954;-41,45502472;47,4171257;198,705368;208,4483777
35,36222354;-41,79995728;47,28638077;198,7271576;208,5083245
35,37228754;-41,47759247;47,76416779;198,8543396;208,6740395
35,38235154;-41,90183258;47,89057541;199,0040131;208,9302946
35,39241554;-41,77938843;47,81261063;198,8761749;208,7661275
35,40247854;-41,73445129;48,11007309;198,8437805;208,7946182
35,41254254;-41,55347443;47,54594421;198,9945221;208,7729098
35,42260654;-41,79357147;47,90303421;199,3269958;209,2191544
35,43267054;-41,51480103;48,03710556;199,2185211;209,0910361
35,44273454;-41,76337433;48,14431763;198,8898926;208,8522064
35,45279854;-41,74092865;47,96198273;198,8082428;208,7279912
35,46286154;-41,9431839;47,97315216;198,671402;208,6407917
35,47292554;-41,44670105;47,76938248;198,9813232;208,7901097
35,48298954;-41,69248199;47,81910706;198,9104614;208,7829057
35,49305354;-41,43709564;47,63700104;198,7142029;208,5033601
35,50311754;-41,52246857;47,90893936;198,5426636;208,4192197
35,51318154;-41,50379181;47,61870575;198,7886353;208,5833823
35,52324554;-41,65098572;47,92544556;199,0249176;208,9080438
35,53330854;-41,44545746;47,91320419;199,0489655;208,8872704
35,54337254;-41,63167572;47,78249359;198,9023438;208,7546538
35,55343654;-41,43198395;47,84523773;198,9102631;208,7368411
35,56350054;-41,64549255;47,97644806;198,9167328;208,8155962
35,57356454;-41,59928131;47,84285736;198,5517578;208,4280205
35,58362854;-41,96789551;47,88302612;198,5840302;208,5418555
35,59369254;-41,65036774;47,6872406;198,9052582;208,7393776
35,60375554;-41,84819794;47,92907715;199,0262299;208,9495352
35,61381954;-41,68165588;47,86981964;199,3812103;209,240883
35,62388354;-41,70059204;47,91362762;199,1316376;209,0168992
35,63394754;-41,7056427;47,58718491;199,4018402;209,2008477
35,64401154;-41,91539764;47,90281677;199,2109528;209,1329341
35,65407554;-41,75170898;47,81985092;199,14888;209,0220557
35,66413954;-41,96546173;47,87786865;198,9388275;208,8780682
35,67420254;-41,9956665;47,60990906;198,6864624;208,5824772
35,68426654;-42,00328064;47,79605484;199,1722107;209,0892344
35,69433054;-41,58678436;47,67406082;199,2346497;209,0376099
35,70439454;-41,95973206;48,30183029;198,8271179;208,8681612
35,71445854;-41,86995697;47,90636444;198,9792023;208,9038917
35,72452254;-41,95599365;47,86809158;198,9402161;208,8752478
35,73458654;-41,54737091;47,73777008;198,8552704;208,6827671
35,74464954;-41,90187073;47,90798187;198,9185028;208,8528483
35,75471354;-41,89985657;48,01795959;198,9784088;208,9347496
35,76477754;-41,8971405;48,15563965;198,8917542;208,8833787
35,77484154;-41,62376404;47,89478302;198,8233948;208,7035943
35,78490554;-41,80521393;48,04617691;198,8560944;208,8057885
35,79496954;-41,6804657;47,79762268;199,3561096;209,2002208
35,80503354;-41,67720795;47,76754379;198,7702789;208,634493
35,81509654;-41,3639679;47,57892227;198,4474182;208,2212993
35,82516054;-41,67004395;47,89496613;198,7266998;208,6207602
35,83522454;-41,66596985;47,90760803;198,8309174;208,7221254
35,84528854;-41,85240936;48,13951111;199,0301208;209,0024538
35,85535254;-41,46942139;47,98852539;199,073288;208,9324902
35,86541654;-41,72344971;48,1010437;199,1384735;209,0710126
35,87548054;-41,58557892;47,58781052;199,1237335;208,9119942
35,88554354;-42,16364288;48,16408539;199,5308533;209,5474011
35,89560754;-41,49897766;47,93178177;199,4110413;209,2471845
35,90567154;-41,67604828;48,15015793;199,3061981;209,2326249
35,91573554;-41,56421661;47,86051941;199,1997375;209,0424571
35,92579954;-41,67419434;47,83024597;199,2998199;209,152789
35,93586354;-42,07151031;47,85342789;199,2461243;209,1864732
35,94592754;-41,49993896;47,73912811;199,3468933;209,1421841
35,95599054;-41,75614166;47,86740112;199,1733704;209,0571571
35,96605454;-41,75804901;47,81803513;198,9384766;208,8224523
35,97611854;-41,8477478;48,01309204;199,0734253;209,013683
35,98618254;-41,82967377;47,94799423;199,526947;209,4271576
35,99624654;-41,84186554;48,02798462;199,3621368;209,2909234
36,00631054;-41,71366882;47,5112381;198,9986267;208,8008653
36,01637454;-41,88406372;47,6140213;199,0117645;208,8708985
36,02643754;-41,62570953;47,44018555;199,0465698;208,8128537
36,03650154;-42,14438629;47,70014191;199,4103851;209,3226087
36,04656554;-41,94506836;47,56295013;199,0946045;208,9504356
36,05662954;-42,07804108;47,64652252;199,4237061;209,3097398
36,06669354;-41,94736481;47,34925842;199,3943787;209,1880779
36,07675754;-42,14603424;47,38159943;199,8096619;209,6311168
36,08682154;-41,93135834;47,34223557;199,3626709;209,1530555
36,09688454;-42,16651917;47,58792114;199,4517822;209,3409635
36,10694854;-41,97061157;47,55154419;199,6348572;209,4677965
36,11701254;-42,29172516;47,82583618;199,5259857;209,4910967
36,12707654;-41,8771286;47,48820877;199,4044189;209,2150716
36,13714054;-42,15072632;47,46629333;199,1056213;208,9803368
36,14720454;-41,91078949;47,45877838;199,6956482;209,492725
36,15726854;-41,88040161;47,7853508;199,3424835;209,2243617
36,16733254;-41,82736969;47,82077026;198,9774017;208,8740322
36,17739554;-42,09633636;47,88002777;199,1694489;209,1245274
36,18745954;-41,86450195;47,52303314;199,0458984;208,8787804
36,19752354;-42,12652588;47,72698593;199,3314209;209,2499097
36,20758754;-42,04914856;47,73369598;199,1777496;209,0894846
36,21765154;-42,0170517;47,73928452;199,2930603;209,1941582
36,22771554;-41,90244293;47,44558716;199,2739258;209,086097
36,23777954;-42,02198029;47,61330414;199,2537689;209,1289984
36,24784254;-41,8441391;47,52669525;199,1159363;208,9422763
36,25790654;-42,07523346;47,76493835;199,0576019;208,9874242
36,26797054;-41,83547211;47,55494308;199,3928528;209,2108723
36,27803454;-41,98059082;47,73352432;199,1043243;209,0057208
36,28809558;-41,77140045;47,55183029;198,9854889;208,8091264
36,29815958;-41,72053528;47,74263763;198,8580933;208,7211148
36,30822358;-41,76480865;47,34102631;198,6019745;208,3943768
36,31828658;-41,86802673;47,39328003;198,7566071;208,5743117
36,32835058;-41,86518097;47,53497696;198,8964691;208,739246
36,33841458;-42,02311707;47,66684341;198,8664246;208,7724243
36,34847858;-41,68891907;47,53533173;199,098175;208,896283
36,35854258;-41,71916199;47,61950684;199,1529236;208,9736655
36,36860658;-41,41326141;47,66937637;199,1334076;208,9055808
36,37867058;-41,566185;47,72108841;199,1014709;208,917318
36,38873358;-41,60034943;47,65133667;199,10112;208,9078623
36,39879758;-41,67537689;47,68492889;199,1137848;208,942549
36,40886158;-41,49117279;47,77278137;199,0485229;208,8637607
36,41892558;-41,65428162;47,93917847;198,9226074;208,8143859
36,42898958;-41,54044342;47,70011139;198,8117828;208,6313353
36,43905358;-41,45834351;47,92098618;199,0906982;208,9313794
36,44911758;-41,55288696;47,57334137;198,8595123;208,6503555
36,45918058;-41,95188141;47,72709274;199,2132721;209,10228
36,46924458;-41,4963913;47,36684036;198,9301758;208,6594903
36,47930858;-41,63082886;47,54809189;199,2760315;209,0571302
36,48937258;-41,54979706;47,50008011;199,2399139;208,9956616
36,49943658;-41,68891144;47,75107574;199,2327118;209,0736808
36,50950058;-41,76174164;47,53532028;199,2572937;209,0624759
36,51956458;-41,61010742;47,7309227;199,1383057;208,9634102
36,52962758;-41,66384888;47,65356827;199,0316315;208,8548041
36,53969158;-41,87071228;47,79091644;199,2034149;209,0911972
36,54975558;-41,82214355;47,40991592;199,3695221;209,1530496
36,55981958;-41,91642761;47,79850769;198,9841156;208,8931844
36,56988358;-41,84996796;47,50870514;198,9090424;208,7421951
36,57994758;-41,82443237;47,76627731;199,2054749;209,0782667
36,59001158;-41,70007324;47,40953827;199,2097626;208,9762904
36,60007458;-41,87860107;47,62203979;199,0356598;208,8943986
36,61013858;-41,78325653;47,58837891;199,3444977;209,1619542
36,62020258;-41,87189484;47,84346771;198,9880524;208,8982957
36,63026658;-41,86167908;47,58008575;199,2520599;209,0876566
36,64033058;-41,80620575;47,61045456;199,3921051;209,2169348
36,65039458;-41,62612152;47,4021225;199,3314056;209,0758343
36,66045858;-41,68167114;47,50723267;199,2946777;209,0757457
36,67052158;-41,48446655;47,53659058;199,5372009;209,2744202
36,68058558;-41,63361359;47,70658112;199,6795959;209,4784397
36,69064958;-41,75170135;48,07855225;199,2424774;209,1705442
36,70071358;-41,87910461;47,91714478;199,2579346;209,1736997
36,71077758;-41,47899628;47,45870209;199,372818;209,0989146
36,72084158;-41,808815;47,68969345;199,2730103;209,1220134
36,73090558;-41,59314728;47,60418701;198,9818726;208,7820254
36,74096958;-41,76824188;47,51556396;199,2977448;209,0978381
36,75103258;-41,51747131;47,41402817;199,5444946;209,2601152
36,76109658;-41,54918671;47,58412933;199,6087341;209,3662605
36,77116058;-41,60462189;47,43961334;199,4269104;209,1711119
36,78122458;-41,45828247;47,44578171;199,0552826;208,7891207
36,79128858;-41,3120575;47,5932312;199,0475464;208,7863201
36,80135258;-41,60852814;47,58548737;198,8869934;208,6904032
36,81141658;-41,91431427;47,50666046;199,2023926;209,0341736
36,82147958;-41,84518433;47,41468048;199,0997314;208,9015903
36,83154358;-41,59212494;47,39950562;199,1993713;208,9425939
36,84160758;-41,72718811;47,53311157;199,1788483;208,9803065
36,85167158;-41,48710632;47,38959503;199,2734222;208,9900728
36,86173558;-41,57355499;47,53381729;198,6839752;208,4781674
36,87179958;-41,49099731;47,57012558;199,0132446;208,7838386
36,88186358;-41,8325119;47,69139099;199,1530304;209,0128162
36,89192658;-41,67160797;47,70914459;199,3241577;209,1478072
36,90199058;-41,68552399;47,60047531;199,3011017;209,1038433
36,91205458;-41,80963135;47,53807831;199,3498993;209,1609345
36,92211858;-41,76324463;47,72266769;199,480072;209,3177507
36,93218258;-41,7259903;47,63067627;199,5360413;209,3427127
36,94224658;-41,6701355;47,78650665;199,328598;209,169406
36,95231058;-41,54256439;47,86978531;199,3377838;209,1718266
36,96237358;-41,61678314;47,79276276;199,377533;209,2068485
36,97243758;-41,49147034;47,70951843;199,0797577;208,8791282
36,98250158;-41,62174988;47,72994614;199,0803833;208,9103081
36,99256558;-41,51139832;47,78710938;199,1414948;208,9596587
37,00262958;-41,65354156;47,60654449;198,977417;208,7903568
37,01269358;-41,40104675;47,3788681;199,1381989;208,8416291
37,02275758;-41,61450195;47,6810112;199,1077576;208,9237773
37,03282058;-41,45798492;47,45296478;199,3636169;209,0846722
37,04288458;-41,45786285;47,52870941;199,3582611;209,0967453
37,05294858;-41,50006866;47,52703857;199,4768677;209,2178191
37,06301258;-41,67017365;47,47376251;199,7562256;209,5058738
37,07307658;-41,57115173;47,81842041;199,1870728;209,0221327
37,08314058;-41,73253632;47,8206749;198,9467316;208,825821
37,09320458;-41,58424377;47,64225006;198,9121552;208,7224923
37,10326758;-41,46566772;47,67532349;198,9557495;208,748002
37,11333158;-42,02352142;47,66753387;198,6893311;208,6039799
37,12339558;-41,81693268;47,63874817;198,5557709;208,4286457
37,13345958;-41,78094482;47,73403931;198,7724915;208,6496806
37,14352358;-41,40890503;47,38193893;198,7707062;208,4934991
37,15358758;-41,43648529;47,47520447;198,7171021;208,469096
37,16365158;-41,45089722;47,84996796;198,925705;208,7563949
37,17371558;-41,6855545;47,77326965;199,1738586;209,0220006
37,18377858;-41,80361176;47,60105515;199,2346497;209,0642199
37,19384258;-41,68349457;47,4868927;199,2379761;209,017439
37,20390658;-41,51122284;47,54298401;199,464859;209,2122055
37,21397058;-41,70631409;47,43344879;199,1175385;208,8950522
37,22403458;-41,71486664;47,47925186;199,1242065;208,9135206
37,23409858;-41,80219269;47,78703308;199,0100861;208,8924082
37,24416258;-41,78206635;47,72826767;199,0354462;208,8991083
37,25422558;-41,62607574;47,82396698;199,1197968;208,9702262
37,26428958;-41,80937958;47,61235809;198,9576111;208,8039556
37,27435358;-41,72679901;47,55202484;199,1834717;208,988938
37,28441758;-41,55834198;47,54468918;199,1551666;208,9267184
37,29448083;-41,71859741;47,36573029;199,3780518;209,1304887
37,30454483;-41,73886108;47,44935608;199,1559143;208,9417434
37,31460883;-41,82894897;47,67570496;199,144928;209,0008042
37,32467183;-41,68087006;47,39383698;199,0002747;208,7692028
37,33473583;-41,68344879;47,51319122;198,9987183;208,7953618
37,34479983;-41,88059998;47,65850449;199,1465149;209,0087369
37,35486383;-41,9223938;47,86989975;199,0955963;209,0169153
37,36492783;-41,71881866;47,78286362;198,8873138;208,7578154
37,37499183;-41,84115601;47,76506805;198,9335022;208,8222267
37,38505583;-41,53515625;47,83869553;198,9601898;208,8034174
37,39511983;-41,52437592;47,50965118;198,9130249;208,6811736
37,40518283;-41,81265259;47,72312546;199,1999359;209,0607785
37,41524683;-41,82160187;47,60250092;199,2322998;209,0659077
37,42531083;-41,86465454;47,49356842;199,0072632;208,8352919
37,43537483;-41,3252182;47,54103088;198,872345;208,6100018
37,44543883;-41,40253448;47,35534668;198,8853607;208,5955067
37,45550283;-41,49530029;47,42723465;199,0335388;208,7715309
37,46556683;-41,60572815;47,41834259;199,244751;208,9928387
37,47562983;-41,60635376;47,53842926;199,1841736;208,9624989
37,48569383;-41,67778015;47,68413544;199,0592804;208,8909075
37,49575783;-41,52372742;47,82829285;198,994812;208,8317522
37,50582183;-41,67520142;47,72500992;198,6706238;208,5294122
37,51588583;-41,3787384;47,85160446;199,0986938;208,9073142
37,52594983;-41,44773865;47,73601151;199,0942535;208,8903148
37,53601383;-41,30474854;47,51999664;199,0716095;208,791135
37,54607683;-41,41619873;47,7624855;199,0525208;208,8503353
37,55614083;-41,28507996;47,80471039;199,0070953;208,7907377
37,56620483;-41,17331696;47,75347137;198,8569183;208,613782
37,57626883;-41,2624054;47,87187576;198,9606018;208,757332
37,58633283;-41,59196472;47,77478027;199,134552;208,9662436
37,59639683;-41,53036499;47,5412941;198,8501892;208,6296806
37,60646083;-41,59418488;47,67868423;199,0914764;208,9036839
37,61652383;-41,27061462;47,76023865;199,1350861;208,8997045
37,62658783;-41,35598755;47,90618134;199,2887421;209,0964434
37,63665183;-41,29979706;47,96399307;198,978363;208,8027941
37,64671583;-41,61235809;47,94272995;199,1436157;209,0173997
37,65677983;-41,52748871;47,5508194;199,0232697;208,7962514
37,66684383;-41,80171967;47,4910202;198,9075165;208,7270487
37,67690783;-41,60842896;47,60320282;199,2215118;209,0132461
37,68697183;-41,587883;47,82836914;199,2625275;209,0996407
37,69703483;-41,43566895;47,73707199;198,8006744;208,6083672
37,70709883;-41,42533112;47,61687469;198,6320953;208,4181713
37,71716283;-41,36437988;47,43824387;198,8567963;208,5795396
37,72722683;-41,44306946;47,54833984;198,8881073;208,6500703
37,73729083;-41,38639069;47,4981308;198,7937927;208,5374733
41,99038729;-48,19220734;49,80902863;290,8200989;298,9644763
42,00045129;-48,56304169;49,96147156;291,0047913;299,2295209
42,01051629;-48,56301117;49,87939453;291,0308838;299,2411993
42,02058029;-48,88964844;50,19929123;290,4141235;298,7482715
42,03064429;-48,70375824;50,04439163;290,427063;298,7044963
42,04070829;-48,99282837;49,92939377;290,98526;299,2752297
42,05077229;-48,77711487;49,77580261;291,2980347;299,5185845
42,06083629;-48,67648315;49,86473083;291,2211304;299,4422117
42,07090029;-48,77326202;49,8167038;291,2735596;299,5009542
42,08096429;-49,02365112;50,07083893;290,9954529;299,3138167
42,09102829;-48,47975922;49,90937042;291,0768433;299,2773981
42,10109229;-48,72197723;50,01891327;291,1139221;299,3710714
42,11115629;-48,73509979;49,97055435;291,0875244;299,3394614
42,12122029;-48,68331146;50,10774994;290,8627319;299,1353878
42,13128429;-48,51462555;49,94377136;290,7409668;298,9621363
42,14134829;-48,97503662;50,17617798;290,8596802;299,1915049
42,15141229;-48,81490326;49,90410233;290,906189;299,1650464
42,16147629;-48,7964859;50,13307953;290,4713135;298,7775203
42,17154029;-48,45796204;49,8970108;290,8407288;299,042163
42,18160429;-48,83000946;50,21474457;290,9689331;299,2804879
42,19166829;-48,71587372;50,04866791;291,1925049;299,4514659
42,20173229;-48,70798492;50,10594177;290,7676392;299,0466405
42,21179629;-48,70265961;49,81494904;291,0541077;299,2757454
42,22186029;-48,55327606;50,09015274;290,9252319;299,1720819
42,23192429;-48,34584808;49,93954849;290,583313;298,7807579
42,24198829;-48,58568573;49,96218109;290,8834839;299,115345
42,25205229;-48,41572571;50,18575287;291,0566406;299,2936022
42,26211629;-48,61468506;50,23830414;290,9060059;299,1882001
42,27218029;-48,55267334;50,27916336;290,8445129;299,125203
42,28224429;-48,68024445;50,23360443;290,6082458;298,9085709
42,29230829;-48,44638824;50,00986862;290,756012;298,9767516
42,30237229;-48,75415039;49,95080948;290,5408936;298,8077331
42,31243629;-48,62858582;49,82675171;290,7184448;298,9392224
42,32250029;-49,00492859;50,37606049;290,8422241;299,2130175
42,33256429;-48,86216736;50,16257477;290,4715271;298,7934125
42,34262829;-48,76802063;50,03588486;290,5618286;298,8445848
42,35269229;-48,63144684;49,86165237;290,7998962;299,0247175
42,36275629;-48,67842865;50,13008118;290,5958557;298,8788481
42,37282029;-48,91434479;50,07489395;290,8600159;299,1649327
42,38288429;-48,94075775;50,34694672;291,0614319;299,4107045
42,39294829;-48,82933044;50,01424789;290,9115906;299,191046
42,40301229;-48,53710175;50,33414841;291,0857239;299,3664567
42,41307629;-48,49404907;50,07787323;291,0440979;299,2760149
42,42314029;-48,72563934;49,88830566;290,8128967;299,0571381
42,43320429;-48,81676483;49,82432175;290,7020264;298,953521
42,44326829;-48,82188416;49,88458633;290,6570129;298,9206375
42,45333229;-48,69374847;49,71317291;290,5122986;298,7304409
42,46339629;-48,78915405;50,22138977;290,4625549;298,782639
42,47346029;-48,72762299;50,2819252;290,7099609;299,0233012
42,48352429;-48,75485992;50,3474884;290,6783142;299,0080071
42,49358829;-48,6688385;50,13169479;290,744812;299,0223877
42,50365229;-48,72840118;50,29047775;290,632019;298,9490922
42,51371629;-48,43689728;49,93069458;290,2779236;298,4970355
42,52378029;-48,80345917;50,29659271;290,2421265;298,5833499
42,53384429;-48,72090149;50,20848083;290,6244507;298,9267287
42,54390829;-48,81416321;50,22373581;290,7273865;299,0445776
42,55397229;-48,72229004;50,18106079;290,5519104;298,8518246
42,56403629;-48,69519043;50,22640991;290,5314026;298,8350878
42,57410029;-48,54075623;50,0300827;290,7096863;298,9503903
42,58416429;-48,69937897;49,84465027;290,4104919;298,6542692
42,59422929;-48,60306549;49,79812241;290,5071716;298,7248362
42,60429329;-48,82711792;50,20735931;290,4215393;298,7466098
42,61435729;-48,67118835;50,03822708;290,3144226;298,5886346
42,62442129;-48,72159576;50,23365021;290,5996399;298,9069491
42,63448529;-48,48013306;49,8678894;290,5159607;298,725046
42,64454929;-48,5070343;49,87826538;290,7661438;298,9744539
42,65461329;-48,60864258;49,91121674;290,4985352;298,7362191
42,66467729;-48,8870697;50,20026016;290,7502441;299,0747669
42,67474129;-48,65950775;49,62520981;290,7194519;298,9117075
42,68480529;-49,01340485;49,9774437;290,6743164;298,9843089
42,69486929;-48,47647095;50,22155762;290,5048218;298,7728645
42,70493329;-48,62957001;50,16913223;290,6162415;298,8972678
42,71499729;-48,46601868;50,17453766;290,558136;298,8151094
42,72506129;-48,68798828;49,87998199;290,6707153;298,911354
42,73512529;-48,550354;49,68397522;290,7851868;298,9676556
42,74518929;-48,93152618;49,81819153;290,5246582;298,798801
42,75525329;-48,7102356;49,78461838;290,625946;298,8555434
42,76531729;-48,67681885;49,93447113;290,482666;298,7357752
42,77538129;-48,53170776;49,96469879;290,8094482;299,0350029
42,78544529;-48,67504883;50,13045883;290,7313232;299,0100761
42,79550929;-48,53529358;49,94445801;290,6459351;298,8731891
42,80557329;-48,57754517;49,96810913;290,8355713;299,0684192
42,81563729;-48,65742493;50,2089653;290,5764771;298,8698282
42,82570079;-48,63748932;50,2382164;290,5396118;298,8356568
42,83576479;-48,62828827;50,27841949;290,5806274;298,8807972
42,84582879;-48,59391022;50,1746521;290,5621643;298,8398152
42,85589279;-48,36131287;50,13642883;290,5037537;298,7388642
42,86595679;-48,5102005;50,14472198;290,45401;298,7160267
42,87602079;-48,67510986;50,05831909;290,726532;298,9933411
42,88608479;-48,60328674;50,21452332;290,8276672;299,1061849
42,89614879;-48,59656525;50,1719017;290,3714294;298,6543368
42,90621279;-48,41312408;49,91741562;290,3460083;298,5571696
42,91627679;-48,42471313;50,14344788;290,4385071;298,6868671
42,92634079;-48,75239563;50,28758621;290,6277771;298,9483939
42,93640479;-48,79651642;50,31817627;290,3389893;298,6800086
42,94646879;-48,62805939;49,99514389;290,5288391;298,7828792
42,95653279;-48,74285126;49,93953705;290,5653076;298,8277445
42,96659679;-48,88578796;49,89539337;290,5874023;298,865202
42,97666079;-48,75230408;49,98735046;290,2353516;298,516468
42,98672479;-48,7363205;49,99983215;290,5297852;298,8022226
42,99678879;-48,75804138;49,96087646;290,3056641;298,5813363
43,00685279;-48,65486145;49,90270996;290,5796509;298,8211999
43,01691679;-48,99723816;49,90977859;290,8894653;299,1795387
43,02698079;-48,79427338;50,00477219;290,5866394;298,8677857
43,03704479;-48,93837738;49,98852539;290,5611267;298,8638249
43,04710879;-48,83342743;49,81971741;290,8771362;299,1257533
43,05717279;-48,51979828;49,99266434;290,7872925;299,0161982
43,06723679;-48,50337219;49,9274559;290,9345398;299,1458414
43,07730079;-48,34609222;49,84931564;290,7658081;298,9432288
43,08736479;-48,68808746;49,82342148;290,8228455;299,0498798
43,09742879;-48,76170349;50,19141769;290,8426819;299,1426879
43,10749279;-48,71544647;50,14016342;290,5534058;298,8452983
43,11755679;-48,60664368;50,20008087;290,5621033;298,8460972
43,12762079;-48,58635712;50,16291046;290,4540405;298,731487
43,13768479;-48,62612152;50,36365509;290,9452515;299,2492887
43,14774879;-48,85010529;49,98100662;291,0740356;299,3468357
43,15781279;-49,02172852;49,97587967;290,7070618;299,0172473
43,16787679;-48,70180511;50,00172043;290,7841187;299,0442133
43,17794079;-48,88140869;50,1375351;290,7981873;299,10993
43,18800479;-48,79358673;50,04257584;290,8334045;299,1139293
43,19806879;-48,63837433;49,972435;290,8651428;299,107785
43,20813279;-48,79525757;50,12559509;290,6804504;298,9793918
43,21819679;-48,74523163;49,88798141;290,6854248;298,9363218
43,22826079;-48,81162262;49,92448044;290,6641846;298,9325951
43,23832479;-48,9839859;49,93320084;290,6461792;298,9447389
43,24838879;-48,95883179;49,86986923;290,5429688;298,8296969
43,25845279;-48,99855804;49,88230133;290,6481628;298,940558
43,26851679;-48,7195816;50,05931473;290,5842285;298,8623872
43,27858079;-48,77850342;50,09957504;290,8089294;299,0972137
43,28864479;-48,72211456;49,95738983;290,7395325;298,9967575
43,29870879;-48,5613327;50,10985565;290,3866272;298,6529657
43,30877279;-48,61312866;50,37128448;290,7712097;299,079252
43,31883679;-48,72658539;50,1104126;290,6485291;298,9346099
43,32890079;-48,61775208;49,89423752;290,9936829;299,2163836
43,33896479;-48,65818787;50,2106781;290,8060608;299,0934577
43,34902979;-48,86769104;50,40943146;290,8753052;299,2283495
43,35909379;-48,66184235;50,22384644;290,8244629;299,1141552
43,36915779;-48,63123322;50,00134277;290,6025391;298,8560972
43,37922179;-48,50940704;49,92739105;290,6423035;298,8626031
43,38928579;-48,80200195;50,06114578;290,4556885;298,7511685
43,39934979;-48,434021;50,36282349;290,9420776;299,2149076
43,40941379;-48,72499084;50,09452438;290,787323;299,0666369
43,41947779;-48,66697693;50,06725311;290,6594238;298,9282609
43,42954179;-48,61712646;50,04606628;290,8497009;299,1016253
43,43960579;-48,76652527;50,18587494;290,610321;298,9166351
43,44966979;-49,03166199;50,30183411;290,8467407;299,2092996
43,45973379;-48,99677277;50,0782814;290,8585815;299,1775935
43,46979779;-49,1116333;50,04626846;290,5411987;298,8825349
43,47986179;-48,80449677;49,95735931;290,4949341;298,7723605
43,48992579;-48,81430817;50,14013672;290,5465698;298,8547795
43,49998979;-48,78033447;50,17724609;290,6233826;298,9301382
43,51005379;-48,9331665;50,27884674;290,5359192;298,8871653
43,52011779;-48,82616425;50,21105957;290,5663757;298,8878778
43,53018179;-49,02640533;50,41606903;290,7853394;299,1679829
43,54024579;-48,88067627;50,02770996;290,5603943;298,8602265
43,55030979;-48,79557037;50,25492096;290,8216858;299,1384591
43,56037379;-48,52947998;50,04959106;290,657196;298,9007822
43,57043779;-48,79852295;50,2123642;290,2659302;298,5915062
43,58050179;-48,42963409;50,24211121;290,3344116;298,6030304
43,59056579;-48,56903076;50,24327469;290,3517151;298,6426893
43,60062979;-48,58703613;50,07416534;290,4430542;298,7060258
43,61069379;-48,70921326;50,26627731;290,3533936;298,6710218
43,62075779;-48,67269135;49,97218704;290,5732727;298,8295119
43,63082179;-48,69481659;49,95363235;290,5000916;298,7588555
43,64088579;-48,35607147;49,66903305;290,4769592;298,6338667
43,65094979;-48,92642975;49,90111542;290,5368347;298,8236423
43,66101379;-48,57521057;49,96499634;290,3571167;298,6022558
43,67107779;-48,92676544;49,82835388;290,2276001;298,5108927
43,68114179;-48,6566925;49,94741821;290,4972839;298,748875
43,69120579;-48,71898651;49,99046707;290,2601013;298,5356141
43,70126979;-48,58989716;49,77409363;289,9702454;298,1965488
43,71133379;-48,79405975;49,81044006;290,1585083;298,419001
43,72139779;-48,69004059;49,65293884;290,1647644;298,3818441
43,73146179;-48,89977264;49,92120361;290,2614746;298,5549162
43,74152579;-48,58435822;49,75861359;289,9972229;298,2192965
43,75158979;-48,71335602;49,90008545;290,0968323;298,3608246
43,76165379;-48,44548798;49,68720627;290,2662354;298,4464293
43,77171779;-48,63574219;49,77645111;290,5239563;298,7428655
43,78178179;-48,69028473;49,65803528;290,4633484;298,6731006
43,79184579;-49,1259079;50,10917664;290,1912231;298,5552384
43,80190979;-48,77027893;49,94055176;290,2021484;298,4792887
43,81197379;-48,83786774;50,11180878;290,2255249;298,5417659
43,82203779;-48,8833847;49,87029266;290,3228149;298,6033628
43,83210217;-49,18133545;49,85300064;290,2179871;298,5474928
43,84216617;-48,8165741;49,68682861;290,1683655;298,4116606
43,85223017;-49,0011673;50,21212387;290,3470459;298,7034965
43,86229417;-48,56073761;49,88964081;290,0160217;298,2556192
43,87235817;-48,85954285;50,10113907;290,1916809;298,5106208
43,88242217;-48,68666077;49,91858292;290,5654907;298,8152611
43,89248617;-48,77069855;50,22397232;290,7568054;299,066127
43,90255017;-48,49998474;50,05926514;290,4642334;298,7099754
43,91261417;-48,87543488;49,77196121;290,7619934;299,0126972
43,92267817;-48,70869446;49,90464783;290,6315918;298,8808006
43,93274217;-49,02163696;50,02079773;290,4835205;298,8074242
43,94280617;-48,67482758;50,00265121;290,6040955;298,8649265
43,95287017;-49,09573364;50,28524017;290,5892944;298,9667782
43,96293417;-48,76092529;50,02867126;290,5415344;298,8224875
43,97299817;-48,99584198;50,24474716;290,875946;299,2222304
43,98306217;-48,40661621;49,89043427;290,6588135;298,8558211
43,99312617;-49,03931427;50,2106781;290,6398926;298,99417
44,00319017;-48,83418274;49,94623184;290,6887817;298,9638294
44,01325417;-49,07124329;50,10464859;290,6672363;299,0082022
44,02331817;-48,80844879;50,0509758;290,894989;299,1776387
44,03338217;-49,08557129;50,29395294;290,7041321;299,0781962
44,04344617;-48,44605255;49,69051743;290,5888062;298,7608103
44,05351017;-49,09779358;50,06783676;290,5722046;298,9140139
44,06357417;-49,01449585;50,13967133;290,5860901;298,9258824
44,07363817;-48,74894714;50,05706024;290,2633362;298,5548081
44,08370217;-48,84449768;50,02779388;290,2282715;298,53143
44,09376617;-48,65957642;50,01206207;290,4707642;298,7343729
44,10383017;-48,93563843;50,00998688;290,4670715;298,7755263
44,11389417;-48,64862061;49,89743042;290,8085632;299,0419073
44,12395817;-49,17279816;50,2564621;290,8417053;299,2199419
44,13402217;-48,42805481;49,94875336;290,6495972;298,8600723
44,14408617;-49,09686279;50,17469025;290,8075867;299,1605822
44,15415017;-48,50730896;50,02191162;290,5401306;298,778711
44,16421417;-48,88637543;50,27535248;290,3218689;298,6708495
44,17427817;-48,69287872;50,21116638;290,2774658;298,5852723
44,18434217;-49,4397583;50,2643013;290,3946533;298,8307955
44,19440617;-48,85044098;49,90969849;290,4976501;298,7745443
44,20447017;-49,26270294;50,28645706;290,7701111;299,1701843
44,21453417;-48,84998322;50,26869965;290,9698792;299,2937246
44,22459817;-49,45590973;50,47028351;290,8713074;299,3313448
44,23466217;-49,02705383;49,96849823;290,8945923;299,199209
44,24472617;-49,40488434;50,34109497;290,8414612;299,272157
44,25479017;-48,61088562;50,12218094;290,4328613;298,7080484
44,26485417;-49,2758255;50,01399612;290,473877;298,838719
44,27491817;-48,68426514;50,16565323;290,2791443;298,5778492
44,28498217;-49,18149567;50,30972672;290,5339661;298,9312188
44,29504617;-48,80925751;50,23571777;290,5188904;298,843097
44,30511017;-49,08351135;50,55195999;290,5958557;299,0161252
44,31517417;-48,31342316;50,16350555;290,3097839;298,5470395
44,32523817;-49,00646973;50,39104843;290,460083;298,8443603
44,33530217;-48,47210693;50,16506195;289,9949951;298,2669539
44,34536617;-49,23193359;50,52476501;290,4073486;298,8527452
44,35543017;-48,56160736;50,35345459;290,3803711;298,6878973
44,36549417;-49,27008057;50,4359436;290,3053284;298,7448894
44,37555817;-48,56707764;49,99701691;290,2608337;298,5126703
44,38562217;-49,05441284;50,27538681;290,6700134;299,0367981
44,39568617;-48,5920639;50,05608368;290,5570068;298,8146155
44,40575017;-49,15023041;50,2173233;290,6481628;299,0215365
44,41581417;-48,74781036;50,02481842;290,620575;298,8965541
44,42587817;-49,12347412;50,40581894;290,7170715;299,115827
44,43594217;-48,67124939;50,18853378;290,658905;298,9487891
44,44600617;-49,19785309;50,43643188;290,778717;299,1931227
44,45607017;-48,50533295;50,01867294;290,6135254;298,8492197
44,46613417;-48,98407745;50,2767334;290,4345398;298,7966059
44,47619817;-48,46873474;50,28791809;290,7375793;299,0090851
44,48626317;-49,07122803;50,70832062;290,664032;299,1068349
44,49632617;-48,39907837;50,09056091;290,2103271;298,4519544
44,50639017;-49,03843689;50,35252762;290,432312;298,8161194
44,51645517;-48,29170227;50,01892853;290,6268616;298,8276332
44,52651917;-48,84318542;50,05055237;290,8422546;299,1319636
44,53658317;-48,45754242;49,84091568;290,6623535;298,8592546
44,54664717;-49,12158203;50,3354454;290,7770081;299,1619215
44,55671117;-48,54016113;50,30724716;290,9113159;299,1928477
44,56677517;-48,98705292;50,40663528;290,5911865;298,9712326
44,57683917;-48,74131012;50,26299286;290,5318909;298,8492318
44,58690317;-49,34485626;50,12132645;290,5914307;298,9823436
44,59696717;-48,68733215;50,27859497;290,5449524;298,8557558
44,60703117;-49,10747528;50,48124695;290,7548523;299,162639
44,61709517;-48,58790588;50,01105499;290,6549377;298,9016277
44,62715917;-49,41577148;50,2318306;290,7983093;299,2136561
44,63722317;-48,79328156;50,23026276;290,7976685;299,1105943
44,64728717;-49,22974396;50,55039597;290,7312622;299,1714843
44,65735117;-48,77635956;50,11108017;290,4258423;298,7263354
44,66741517;-49,41992188;50,39109421;290,355011;298,810347
44,67747917;-48,93068695;50,10723114;290,4922791;298,8155132
44,68754317;-49,29241943;50,29309845;290,6339111;299,043824
44,69760717;-48,67118835;50,03937912;290,6855469;298,94968
44,70767117;-49,04945374;50,33581161;290,5842285;298,9627681
44,71773517;-48,68940735;50,02868652;290,8907776;299,1504176
44,72779917;-49,37479401;50,35905457;290,3774719;298,8193114
44,73786317;-48,8218689;50,10526276;290,5050659;298,809815
44,74792717;-49,17002106;50,07580185;290,5415955;298,8974667
44,75799117;-48,80593109;50,00961304;290,653595;298,9355994
44,76805517;-49,06244659;50,21109772;290,5237427;298,8851336
44,77811917;-48,80978394;50,04103851;290,6204224;298,9092344
44,78818317;-49,46339417;50,46752548;290,9350281;299,3940364
44,79824717;-48,63105774;50,11155319;290,7845154;299,0514704
44,80831117;-49,17276764;50,07733917;290,7461243;299,0969905
44,81837517;-48,57431793;50,1217804;290,7875977;299,0469598
44,82843858;-49,10944366;50,54177856;290,7904053;299,2077349
44,83850258;-48,44816589;50,39770508;290,7363586;299,0230488
44,84856658;-48,76191711;50,40694427;290,7525024;299,0912942
44,85863058;-48,44203186;50,06551361;290,9300842;299,1546423
44,86869458;-49,15214539;50,44015121;290,5905151;299,0033273
44,87875858;-48,67250061;50,05728149;290,5522766;298,8233076
44,88882258;-49,26430511;50,56920242;290,0220337;298,4911992
44,89888658;-48,59612274;50,37634277;290,1730957;298,4958702
44,90895058;-49,12800598;50,41349411;290,1478882;298,5646971
44,91901458;-48,20959473;50,34053802;290,2818604;298,5329014
44,92907858;-49,04898834;50,66529846;290,2718506;298,7147853
44,93914258;-48,68799591;50,3853302;290,2864685;298,6225649
44,94920658;-49,02439117;50,43708801;290,3476257;298,7457691
44,95927058;-48,53639984;50,26096344;290,829895;299,1052898
44,96933458;-48,89922333;50,6207428;290,5540161;298,9569031
44,97939858;-48,3480835;50,18802643;290,5727844;298,8125135
44,98946258;-48,96459961;50,43647385;290,5600891;298,9423612
44,99952658;-48,5942688;50,41837311;290,6428528;298,9593337
45,00959058;-48,82959747;50,48731995;290,8466187;299,2073773
45,01965458;-48,45856476;50,35173798;290,2391357;298,5335591
45,02971858;-48,63941956;50,28556442;290,4313965;298,7387273
45,03978258;-48,19963074;50,40049744;290,1246338;298,3885348
45,04984658;-49,02111816;50,51991272;290,3942566;298,8045446
45,05991058;-48,54760742;50,4271431;290,1921387;298,5150654
45,06997458;-48,83750153;50,45678329;290,4819946;298,8490886
45,08003858;-48,50266266;50,24902725;290,1385498;298,4256207
45,09010258;-48,89710999;50,84113312;290,1655273;298,6164454
45,10016658;-48,42173767;50,58478165;290,1749878;298,5046203
45,11023058;-49,20275879;50,71305847;290,1238403;298,6043679
45,12029458;-48,62973022;50,65585327;290,0701599;298,4485949
45,13035858;-48,89310455;50,74375534;289,9530029;298,3927082
45,14042258;-48,39804077;50,41131592;290,1395569;298,4369843
45,15048658;-48,6582489;50,51207733;290,2492065;298,6029086
45,16055058;-48,42855072;50,23699188;290,151123;298,4237827
45,17061458;-48,89157104;50,63099289;290,2265625;298,639148
45,18067858;-48,29183197;50,37586212;290,1580505;298,4317725
45,19074258;-48,73059845;50,57800293;290,3742371;298,7473902
45,20080658;-48,35829926;50,36668396;290,184967;298,4671557
45,21087058;-48,98777008;50,4588089;290,3944702;298,7889579
45,22093458;-48,72332001;50,47029495;290,5744934;298,9226469
45,23099858;-48,24327087;50,12059402;290,4202576;298,6359207
45,24106258;-48,96818542;50,58731079;290,2620544;298,6787898
45,25112658;-48,71304321;50,33977509;290,2449951;298,5786508
45,26119058;-48,96321869;50,38275146;290,1122437;298,4977929
45,27125458;-48,49402618;50,15029144;290,0413513;298,3131036
45,28131858;-49,04051208;50,59381866;290,0296021;298,4658714
45,29138258;-48,51027679;50,45529556;290,2181702;298,5390596
45,30144658;-48,87687683;50,37518692;290,021698;298,3943596
45,31151058;-48,47203827;50,18906021;290,1681824;298,4393646
45,32157458;-49,31484985;50,20576477;290,3106995;298,718723
45,33163858;-48,61435699;50,2433548;290,1618347;298,4654766
45,34170258;-48,92350006;50,38672638;290,467926;298,8376601
45,35176658;-48,72544861;50,33306122;290,2286987;298,5637017
45,36183058;-49,12740326;50,67882538;290,4276428;298,881349
45,37189458;-48,82520294;50,27459717;290,5532532;298,8856445
45,38195858;-49,13181305;50,72759247;290,1843567;298,6539545
45,39202258;-48,82763672;50,6554718;290,4028625;298,8041792
45,40208658;-48,98876953;50,82128906;290,6048889;299,0550191
45,41215058;-48,8894577;50,58260727;290,4392395;298,8372987
45,42221458;-49,43721008;50,49496078;290,4574585;298,9302828
45,43227858;-48,84410858;50,295578;290,6460266;298,9824491
45,44234258;-49,08460999;50,47542572;290,6268921;299,0335398
45,45240658;-48,68108368;50,44814682;290,8871155;299,2159377
45,46247058;-49,12683105;50,51205826;290,7422485;299,1587683
45,47253458;-48,68894958;50,39921188;290,4100647;298,7452092
45,48259858;-49,04917908;50,39972305;290,4721069;298,8645161
45,49266258;-48,56594086;50,55947876;290,0359802;298,3886414
45,50272658;-49,0067215;50,38282013;290,4634399;298,846277
45,51279058;-48,85108185;50,10485458;290,1350708;298,4548273
45,52285458;-48,95794678;50,3897934;290,4390869;298,8157878
45,53291858;-48,51651001;50,23124695;290,3305359;298,6115369
45,54298258;-48,95423889;50,40749359;290,5350037;298,9113937
45,55304658;-48,7151413;50,14702606;290,9617615;299,2434391
45,56311058;-49,10054016;50,58079529;290,3684082;298,802765
45,57317458;-48,4320755;50,69876099;290,198761;298,5487417
45,58323858;-49,10847473;50,48095703;290,3574829;298,7765673
45,59330258;-48,75785828;50,427845;290,0986633;298,4585914
45,60336658;-49,10305786;50,40407181;290,5091553;298,9101036
45,61343058;-48,72157288;50,35175323;290,2368469;298,5741416
45,62349458;-48,85261536;50,43083954;290,4197693;298,7866965
45,63355858;-48,74306488;50,47199249;290,7304688;299,0777723
45,64362258;-48,93334198;50,37300491;290,5252686;298,8926952
45,65368658;-48,71665192;50,02430725;290,7912598;299,0573528
45,66375058;-49,12485504;50,21054077;290,3292236;298,7062234
45,67381458;-48,72795105;50,21500015;290,2616577;298,5762706
45,68387858;-49,1366806;50,70590591;290,1379089;298,6059418
45,69394258;-48,61655426;50,08671951;290,2095337;298,4858829
45,70400658;-48,94346619;50,48654175;289,9953308;298,3984679
45,71407058;-48,74929047;50,19983673;289,7944031;298,122983
45,72413458;-49,04498291;50,61182785;289,8828125;298,3270227
45,73419858;-48,76993561;50,40133286;290,0308533;298,3901755
45,74426258;-49,14963531;50,37372208;290,0065613;298,4242016
45,75432658;-48,77378845;49,99755096;289,9420166;298,236501
45,76439058;-49,22731781;50,30667877;290,137085;298,5525395
45,77445458;-48,57202148;50,00283051;289,9620667;298,2239501
45,78451858;-49,29312897;50,08418655;289,7890625;298,187758
45,79458258;-48,78311157;50,00140381;289,9885864;298,2839463
45,80464658;-49,11302185;50,20544052;289,9000854;298,2863301
45,81471058;-48,6321106;49,99420166;290,2201233;298,4832028
45,82477458;-49,10496521;49,9257431;290,4932861;298,814703
45,83483904;-48,64513397;50,11486053;290,2489624;298,5335969
45,84490304;-49,04746246;50,31471252;290,0758667;298,4647924
45,85496704;-48,52878571;50,11688614;290,2940674;298,5588566
45,86503104;-48,79399109;50,24219513;290,1451416;298,4783659
45,87509504;-48,47659302;49,97528839;290,0731201;298,3117908
45,88515904;-48,97213745;50,01780701;290,1193848;298,4448168
45,89522304;-48,47055054;49,78157806;289,933197;298,1423461
45,90528704;-49,12471771;50,1363678;289,7792664;298,1592133
45,91535104;-48,55239105;49,95944977;290,2672424;298,5102232
45,92541504;-49,09960938;49,92359924;290,3220825;298,6470308
45,93547904;-48,5223999;49,91099548;290,2245483;298,4557241
45,94554304;-48,81209564;50,18250275;290,3843384;298,7038136
45,95560704;-48,67612457;49,6946106;290,4549866;298,668744
45,96567104;-49,15836334;49,88073349;290,4221497;298,7468113
45,97573504;-48,74785614;49,8548584;290,5136108;298,7641519
45,98579904;-48,94297028;49,95981216;290,5065002;298,8066663
45,99586304;-48,67852783;49,78998566;290,6539917;298,878545
46,00592704;-48,86982727;50,28340912;290,129425;298,4824359
46,01599104;-48,39205933;49,90992737;290,4875488;298,6901543
46,02605504;-48,65636444;50,19759369;290,3575439;298,6548904
46,03611904;-48,37536621;49,92640686;290,244873;298,4541983
46,04618304;-48,82009888;50,30161667;290,4260254;298,7656789
46,05624704;-48,48344421;50,09633636;290,480896;298,7297076
46,06631104;-48,63526917;50,12610626;290,0246887;298,3158326
46,07637504;-48,37607574;50,08798599;289,9092712;298,1550546
46,08643904;-48,94921112;50,18257523;290,2910767;298,6356062
46,09650304;-48,56520844;50,14319229;290,11203;298,392207
46,10656704;-48,80370331;50,39904404;290,5007935;298,8520974
46,11663104;-48,6092453;50,03932571;290,1474304;298,4163605
46,12669504;-48,95373535;50,15452576;290,0407104;298,3882678
46,13675904;-48,69776154;49,94329453;290,0494995;298,3194878
46,14682304;-48,94690704;50,31742859;290,0362854;298,4102716
46,15688704;-48,68514252;50,12413406;289,680481;297,9890148
46,16695104;-49,12732697;50,39512634;289,9082947;298,3286482
46,17701504;-48,85347748;50,07730103;290,3259277;298,6361376
46,18707904;-48,79839325;50,29572296;289,8590393;298,2100025
46,19714304;-48,64717102;50,11165619;289,9454041;298,2382649
46,20720704;-49,07701874;50,02561569;290,0396423;298,385841
46,21727104;-48,4992981;49,92193222;290,0151978;298,2502241
46,22733504;-49,02598572;50,03531647;290,0526428;298,3917153
46,23739904;-48,59142303;50,15042496;290,2507019;298,5325133
46,24746304;-48,83431244;50,27744675;290,1676025;298,5127289
46,25752704;-48,62809753;49,75859451;290,4044495;298,6224269
46,26759104;-48,96218872;50,1920929;290,4385986;298,7827333
46,27765504;-48,74234772;49,99703979;290,2783203;298,5582417
46,28772004;-49,1285553;50,2694664;290,217865;298,6085119
46,29778304;-48,59294891;49,90425873;289,9620667;298,2108479
46,30784704;-48,73586273;50,28918839;290,1302185;298,4622765
46,31791104;-48,46219635;50,14463043;290,370636;298,6271499
46,32797504;-48,71543884;50,47875977;290,4000549;298,7532277
46,33803904;-48,38291931;50,08753586;290,4927368;298,7234478
46,34810304;-49,0943222;50,45981216;290,2131348;298,6303881
46,35816704;-49,18798828;50,3138504;290,4821167;298,8825887
46,36823204;-48,80093384;50,14101791;290,1788635;298,4952691
46,37829604;-49,03318024;50,50765991;290,1750793;298,5914486
46,38836004;-48,78210449;50,15832138;290,3783875;298,6890671
46,39842404;-49,11951447;50,32192612;290,3767395;298,7702693
46,40848804;-48,68665314;49,92918777;290,4107666;298,6665822
46,41855204;-49,03526306;50,33848572;290,4601135;298,8402545
46,42861604;-48,83655548;50,05256653;290,5985413;298,8942635
46,43868004;-48,96024323;50,1346283;290,3026733;298,6406344
46,44874404;-48,67709351;49,97286987;290,1403503;298,4094001
46,45880804;-48,70584869;50,01025391;289,9141846;298,2004688
46,46887204;-48,63373566;49,7949295;289,9797363;298,2164025
46,47893604;-49,05632782;49,96474838;290,3252869;298,6499147
46,48900004;-48,85132599;49,93344116;290,4321289;298,7149512
46,49906404;-48,98307037;50,20731735;290,3785706;298,7303636
46,50912804;-48,73654175;49,93976593;290,5143738;298,7772282
46,51919204;-49,02936554;49,95291901;290,1726074;298,4950835
46,52925604;-48,69715118;49,55270386;290,1904297;298,3913009
46,53932004;-48,7277832;49,69990158;289,7356567;297,9785695
46,54938404;-48,43649292;49,79147339;289,8661804;298,0732917
46,55944804;-48,66662598;50,29129791;290,007843;298,3323719
46,56951204;-48,4209137;49,90775299;290,1644592;298,3802642
46,57957604;-48,64852905;50,2435379;290,1003723;298,4113243
46,58964004;-48,37981415;49,96938324;290,1494141;298,3692815
46,59970404;-48,79592133;50,32273483;290,103241;298,4515203
46,60976804;-48,67588043;49,92436218;290,1004944;298,3623303
46,61983204;-48,74565887;50,24702454;290,0545959;298,3832625
46,62989604;-48,41347504;49,96705627;290,0327759;298,26093
46,63996004;-48,72297668;50,45558548;289,8496399;298,21554
46,65002404;-48,70392609;50,0569458;290,0015564;298,2929314
46,66008804;-48,85980988;49,98334503;290,0815735;298,383872
46,67015204;-48,77046204;49,93102264;290,1917725;298,4676361
46,68021604;-49,05593872;50,33050537;290,4087524;298,7923834
46,69028004;-48,79653931;49,95609283;289,8924866;298,1851224
46,70034404;-48,71251678;50,45715714;290,1332092;298,4897202
46,71040804;-48,75708771;50,35383987;289,9619141;298,3130477
46,72047204;-48,7551651;50,28580475;289,8002014;298,1440676
46,73053604;-48,63008881;49,97225189;290,0658569;298,3292021
46,74060004;-49,18764496;50,2238121;289,835968;298,2394073
46,75066404;-48,86009216;49,98815536;289,9440613;298,2510402
46,76072804;-49,12406921;50,07306671;289,7523193;298,1222782
46,77079204;-48,91895294;49,91753387;289,9543457;298,2588586
46,78085604;-49,18543243;50,02165985;290,1021729;298,4638067
46,79092004;-48,90810394;49,85674286;290,1116638;298,3998574
46,80098404;-49,07040405;50,20855331;290,306366;298,6747219
46,81104804;-49,18637085;50,00988007;290,3434753;298,6965364
46,82111204;-49,11569214;50,04326248;290,2936401;298,6420547
46,83117954;-48,89131165;49,99596405;289,9395447;298,2530743
46,84124354;-49,03569031;50,09187317;289,9528503;298,3057996
46,85130754;-48,94953918;49,88990021;289,7503052;298,0608979
46,86137154;-49,18891907;50,12120819;289,8340454;298,2204875
46,87143554;-48,84262848;49,85859299;289,9364624;298,2191038
46,88149954;-48,95700836;50,28255463;290,009613;298,380126
46,89156354;-48,71208954;50,05169296;289,9012756;298,1958907
46,90162754;-49,00611115;49,91390991;289,665741;297,9920113
46,91169154;-48,6529541;49,75605774;290,0536194;298,2848929
46,92175554;-48,74965668;50,10667419;290,1487732;298,4518695
46,93181954;-48,54129028;49,81578827;290,0535278;298,2765808
46,94188354;-48,57569122;49,96495819;290,1506653;298,4015807
46,95194754;-48,44264984;49,5723114;290,1680298;298,3313425
46,96201154;-48,6747818;49,88473129;290,1078491;298,3626735
46,97207554;-48,80371857;49,53870392;290,2314758;298,4463029
46,98213954;-48,91746521;49,61053085;290,2937927;298,5374504
46,99220354;-48,69235229;49,86630249;290,225647;298,4769999
47,00226754;-49,0069809;49,96654892;290,193573;298,51407
47,01233154;-48,73959351;49,93413544;289,9864807;298,2635158
47,02239554;-48,88080597;49,78395462;290,1782227;298,4479456
47,03245954;-48,71554565;49,64346695;289,8548584;298,0830709
47,04252354;-48,94070435;49,79578018;289,941864;298,2299394
47,05258754;-48,72978973;49,80088043;289,8899536;298,1457786
47,06265154;-49,02802277;50,14324951;289,743866;298,1100474
47,07271554;-48,85043335;49,97085953;289,4139709;297,7312517
47,08277954;-48,916008;50,19771576;289,54422;297,906767
47,09284354;-48,78988647;49,72051239;289,4358521;297,7006799
47,10290754;-48,79053497;50,05992126;289,8076782;298,1191077
47,11297154;-48,77397919;49,90868759;289,6817627;297,9686255
47,12303554;-48,78056335;50,00380707;289,8671265;298,1658516
47,13309954;-48,69773102;49,91506958;289,7498474;298,0234173
47,14316354;-48,63876343;50,00287247;289,8789063;298,1539818
47,15322754;-48,70957947;49,69478226;289,9884338;298,220533
47,16329154;-48,93891144;49,6558609;290,1264648;298,3858026
47,17335554;-49,09235382;49,51963806;290,2430115;298,5016909
47,18341954;-49,11399841;49,87291718;289,9923706;298,3204112
47,19348354;-49,03114319;49,82235336;290,142334;298,4441219
47,20354754;-49,0999527;49,95249176;290,3627319;298,6914342
47,21361154;-48,86962891;50,00947189;290,4330444;298,7315538
47,22367554;-49,07558441;50,27882385;290,3084412;298,6894108
47,23373954;-48,92798615;49,98516846;290,242218;298,5515199
47,24380354;-49,18743896;49,87485504;290,2043762;298,5389176
47,25386754;-49,11846924;49,92040634;290,1816711;298,513104
47,26393154;-49,16853333;50,11042786;290,1108093;298,4843067
47,27399554;-48,85838318;50,27342224;290,1328125;298,4821728
47,28405954;-49,27339172;50,31049728;290,4962158;298,9097935
47,29412354;-48,70365906;50,16711426;290,3240662;298,6249306
47,30418754;-48,99168396;50,27270889;290,2243958;298,5929173
47,31425154;-48,73612213;49,94418335;290,0105591;298,288041
47,32431554;-48,94464111;50,29875183;289,9657288;298,3381742
47,33437954;-48,79970551;50,23244476;289,9916992;298,3285025
47,34444354;-48,80976868;50,21970367;289,7810974;298,1232909
47,35450754;-48,67852783;50,11632919;289,8626709;298,1637361
47,36457154;-48,94174194;50,49930573;289,9921265;298,3972309
47,37463554;-48,83699799;50,01915359;290,086853;298,3912706
47,38469954;-49,04911804;50,21669006;289,9610596;298,3369706
47,39476354;-48,77619171;50,10274506;290,1549377;298,4615383
47,40482754;-48,95455933;50,12051392;290,7521362;299,0742709
47,41489154;-48,72081757;49,55129242;290,589386;298,7829311
47,42495554;-49,10596466;49,80943298;290,183075;298,4938732
47,43501954;-48,63750458;49,8451004;290,168457;298,4089046
47,44508354;-48,7470932;50,13837051;289,894989;298,2100601
47,45514754;-48,66468048;49,77547073;289,7063599;297,9523847
47,46521154;-48,46973419;50,04950714;290,1002808;298,3495286
47,47527554;-48,43745422;49,92155075;290,2203674;298,4396252
47,48533954;-48,49253845;50,21285248;290,3454285;298,6190293
47,49540354;-48,54746246;50,20383453;290,4710999;298,748625
47,50546754;-48,57184601;50,1138649;290,2438965;298,5165709
47,51553154;-48,74778748;50,25372696;290,1206665;298,4489655
47,52559554;-48,60391998;50,31356049;290,4181824;298,7248166
47,53565954;-48,58876801;50,55451965;290,0669861;298,4216551
47,54572354;-48,51444244;50,26339722;289,8097229;298,1102744
47,55578754;-48,55812836;50,24460602;289,8374634;298,1411871
47,56585154;-48,59407806;50,11387634;289,9445801;298,2291812
47,57591554;-48,8184433;50,02140045;289,9093933;298,2160915
47,58597954;-48,8303833;50,10084534;290,4422913;298,7494361
47,59604354;-48,69039917;50,03979874;290,1425476;298,4249225
47,60610754;-48,4821701;49,84030914;290,0444946;298,2622774
47,61617154;-48,65065002;49,82300568;290,2026062;298,4405641
47,62623554;-48,75820923;50,15948105;290,09021;298,4052051
47,63629954;-48,63666534;50,3629303;290,3044434;298,6278952
47,64636354;-48,78059387;50,04984283;290,0350647;298,3368429
47,65642754;-48,93108368;50,1180687;290,3485413;298,6776643
47,66649154;-48,93889618;50,03809357;290,5209351;298,8331308
47,67655554;-48,84986877;50,18655396;290,1392212;298,4723899
47,68661954;-48,66213226;50,21372986;290,3900452;298,6901406
47,69668354;-48,69684601;50,12021637;290,3320313;298,6236884
47,70674754;-48,77521515;50,0331192;289,9901733;298,2895158
47,71681154;-48,74728394;50,13547897;290,1943359;298,500614
47,72687554;-48,7120285;50,00868607;290,0696106;298,3523243
47,73693954;-49,01517487;50,0993576;289,9354858;298,2868065
47,74700354;-48,82238007;49,82867432;290,4527588;298,7127829
47,75706754;-49,04588318;49,94955444;290,4056091;298,7237427
47,76713154;-48,84656525;49,9442215;290,0023193;298,2981016
47,77719554;-48,90783691;50,15913391;290,111145;298,4499819
47,78725954;-49,05203247;49,81554794;290,0333252;298,3404438
47,79732354;-49,2273941;50,17169952;290,0107422;298,4070481
47,80738754;-48,94143677;49,89241409;290,2253418;298,5218019
47,81745154;-49,03512573;49,74127197;290,3061523;298,5905219
47,82751554;-48,78762054;49,87113571;289,9894409;298,2637054
47,83757629;-49,01296234;50,17766571;289,9469299;298,3107286
47,84764029;-48,82434845;49,96141815;289,8612366;298,1601864
47,85770429;-49,02357483;49,99977875;289,6193237;297,9641613
47,86776829;-48,81718445;49,94644165;289,5430298;297,8471598
47,87783229;-48,99305725;49,95812607;289,5705872;297,9047817
47,88789629;-48,97206879;49,74287033;289,8941345;298,179855
47,89796029;-49,00402832;50,13588715;289,9035645;298,2600856
47,90802429;-49,17710876;50,01111603;289,8475647;298,2131964
47,91808829;-49,06602478;50,02223969;289,8851929;298,2333387
47,92815229;-49,08131409;50,01238251;290,0982666;298,4413143
47,93821629;-49,17604065;50,18859863;290,2086182;298,5937382
47,94828029;-49,02257538;50,26057434;289,8706665;298,2521442
47,95834429;-49,18131256;50,37746811;289,8950195;298,3216605
47,96840829;-48,90943146;50,35682297;290,1161194;298,4883663
47,97847229;-49,05079651;50,05560303;290,0449829;298,3917495
47,98853629;-49,03385925;49,91806793;289,8367615;298,1635141
47,99860029;-49,2217865;49,93754196;290,1049805;298,4584428
48,00866429;-48,98970795;50,15039063;290,513092;298,8526557
48,01872829;-48,81510925;50,2597084;290,5185852;298,8477899
48,02879229;-48,8001709;50,11258698;290,2237244;298,5339817
48,03885629;-48,92429352;50,01716995;290,2745056;298,5876628
48,04892029;-48,58213043;50,01712799;289,9955139;298,2605146
48,05898429;-48,70418549;50,24613571;290,0215454;298,3442117
48,06904829;-48,72371674;50,08148575;290,0878296;298,3841562
48,07911229;-48,91473389;50,22680283;289,9004517;298,2576986
48,08917629;-48,88722229;50,08533859;290,1385498;298,4608512
48,09924029;-48,88487244;49,99528885;290,4388123;298,7372814
48,10930429;-48,90817261;49,93581009;290,7277832;299,0121041
48,11936829;-48,87606049;49,94430542;290,3787842;298,6689492
48,12943229;-48,73917389;49,75747299;290,0657654;298,3110146
48,13949629;-48,79370117;50,02560043;290,1560364;298,4525279
48,14956029;-48,66612244;49,90539169;290,1031494;298,3601463
48,15962429;-49,02013397;49,70413208;290,178894;298,4581459
48,16968829;-48,86148834;50,03162766;290,199646;298,5070239
48,17975229;-48,91218567;50,18022537;290,1596375;298,5013771
48,18981629;-48,81289673;50,28813171;290,3294678;298,6683695
48,19988029;-48,5271759;50,25341415;290,1730957;298,4639307
48,20994429;-48,56230164;50,17024231;290,440155;298,7153059
48,22000829;-48,61761475;50,30913162;290,3536682;298,6635797
48,23007229;-48,72927856;50,07775879;290,1577148;298,4523815
48,24013629;-49,00978088;50,30947876;290,4112549;298,7836998
48,25020029;-48,8679657;49,89332199;290,3616638;298,6424576
48,26026429;-48,79782867;49,97772217;290,3422852;298,6262603
48,27032829;-48,78297424;49,88010406;290,4653931;298,7272132
48,28039229;-48,96657562;50,21712494;290,4368896;298,7859971
48,29045629;-48,83232117;50,26942444;290,4760437;298,810881
48,30052029;-48,8498764;50,20293045;290,2211609;298,5547971
48,31058429;-48,83601379;50,32146835;290,0644836;298,4201922
48,32064829;-48,81795502;50,39159012;289,587677;297,9656486
48,33071229;-48,77493286;50,37726974;289,9116211;298,2710369
48,34077629;-48,62593842;50,07105255;289,8786926;298,1631242
48,35084029;-48,67359924;50,23265076;289,6437988;297,9697445
48,36090429;-48,50702667;49,958992;289,8750305;298,1213945
48,37096829;-48,51277161;50,17485809;289,9292297;298,2112735
48,38103229;-48,6911087;50,00008392;290,2008972;298,4751132
48,39109629;-48,75058746;50,35048676;290,1513672;298,4955731
48,40116029;-48,60031891;50,35103226;290,1669006;298,4862604
48,41122429;-48,73614502;49,95487213;290,160614;298,4357268
48,42128829;-48,66376495;49,92704773;289,9628906;298,2270109
48,43135229;-48,59525299;50,10391235;289,9003296;298,1846772
48,44141629;-48,69298553;50,08289337;289,7258301;298,0274478
48,45148029;-48,86579895;49,735569;289,881958;298,1493631
48,46154429;-48,70137787;49,94987488;289,7755432;298,0548266
48,47160829;-48,51425934;50,11724472;290,0974426;298,3653763
48,48167229;-48,53118896;50,11990356;290,0463867;298,3189358
48,49173629;-48,76163483;50,01799774;290,1268005;298,4175892
48,50180029;-48,77684021;50,10383987;290,309021;298,611625
48,51186429;-48,7713623;49,99752045;290,1427307;298,431235
48,52192829;-48,69674683;49,89987946;290,2822876;298,5384022
48,53199229;-48,51160431;50,00175858;289,8651428;298,1196952
48,54205629;-48,78330231;49,90716171;290,0305786;298,3090208
48,55212029;-48,8786087;49,83874893;290,0339661;298,3164775
48,56218429;-48,78414917;49,84594727;289,7677612;298,043398
48,57224829;-48,97910309;49,93763733;289,8853149;298,2049899
48,58231229;-49,0422821;49,83020782;289,7538147;298,0695694
48,59237629;-48,85434723;50,12174988;289,9397278;298,2683067
48,60244029;-48,91629791;49,92737579;289,781189;298,0917385
48,61250429;-48,8765564;49,96777344;289,7417297;298,0536296
48,62256829;-48,76933289;49,99146652;289,89505;298,189092
48,63263229;-49,02598572;49,89532471;289,8482361;298,169567
48,64269629;-48,70697021;50,12729645;289,929718;298,235404
48,65276029;-48,76093292;50,21017075;289,7891541;298,1215249
48,66282429;-48,40895844;50,2142067;289,7522888;298,0289964
48,67288829;-48,70487976;49,85161591;289,7521667;298,0162195
48,68295229;-48,9028244;50,12108612;289,8515015;298,1903795
48,69301629;-48,91501617;50,06001282;289,9848328;298,3117278
48,70308029;-48,80610657;50,07585907;289,7286987;298,0475576
48,71314429;-48,62664032;50,03730392;289,5362854;297,8246842
48,72320829;-48,77845001;50,19670868;289,707489;298,0427418
48,73327229;-48,64227295;50,1525116;289,772583;298,0763241
48,74333629;-48,62464142;50,29075623;289,6806335;298,0073579
48,75340029;-48,6134491;50,14549255;289,7027588;298,0025609
48,76346429;-48,72171783;50,09452057;289,9385986;298,2409391
48,77352829;-48,65422058;50,26971054;289,946228;298,2668137
48,78359229;-48,7711792;50,16738129;290,1649475;298,4813073
48,79365629;-48,69559479;49,87285614;289,8082581;298,0727917
48,80372029;-48,78993988;49,96766281;289,818573;298,1141238
48,81378429;-48,43894958;49,93727875;289,664032;297,9015191
48,82384829;-48,76832581;50,16055298;289,8347473;298,1587017
48,83391246;-48,54045105;50,24555206;289,9196167;298,2183345
48,84397646;-49,05014801;50,34037018;289,8338928;298,2343966
48,85404046;-48,50466156;50,13816071;289,7713318;298,0502677
48,86410446;-48,85159302;50,08626556;289,5061951;297,840476
48,87416846;-48,77648926;50,26293945;289,5949402;297,9441867
48,88423246;-49,00801086;50,32421875;289,337677;297,742512
48,89429646;-48,73825073;50,02256012;289,6173401;297,9192462
48,90436046;-48,85414124;50,04786301;289,7433167;298,0649346
48,91442446;-48,70675659;49,92855072;289,9064941;298,1794488
48,92448846;-48,64025879;50,00530243;289,7769775;298,0555347
48,93455246;-48,51800537;49,64825058;289,532135;297,7378089
48,94461646;-48,75991821;50,07582855;289,6178589;297,9322447
48,95468046;-48,58698273;49,74286652;289,6418152;297,8714971
48,96474446;-48,85692596;50,12154388;289,3183289;297,6646835
48,97480846;-48,56746674;50,28281784;289,5220947;297,8425825
48,98487246;-48,74900055;50,46383667;289,803833;298,1766683
48,99493646;-48,73543549;49,96658325;289,7618103;298,0498429
49,00500046;-49,08939362;49,95661163;289,6296692;297,9778127
49,01506446;-48,7121582;49,99037552;289,6063843;297,8989255
49,02512846;-49,07726288;50,24381256;289,7114258;298,1035536
49,03519246;-48,72187805;49,96826935;289,4171143;297,7128069
49,04525646;-48,8531723;49,93429947;289,6612549;297,9659532
49,05532046;-48,64801788;49,79883575;289,6261597;297,8755882
49,06538446;-49,09643555;49,98160172;290,0362854;298,3783962
49,07544846;-48,59761047;49,85122299;289,8019714;298,0470681
49,08551246;-48,89653015;50,18055725;289,7292786;298,0805493
49,09557646;-48,69316864;49,92580414;289,5918579;297,8708693
49,10564046;-48,78282166;50,05487442;289,4202881;297,7404193
49,11570446;-48,44993591;49,94617462;289,3006592;297,5514881
49,12576846;-48,90464783;50,15319824;289,370697;297,7287493
49,13583246;-48,63036346;49,76641846;289,4975891;297,7422757
49,14589646;-48,99888611;50,03282928;289,9306641;298,2682766
49,15596046;-48,75900269;49,92186737;289,8772888;298,1584742
49,16602446;-48,8431015;50,23192596;289,7754517;298,1253215
49,17608846;-48,47476196;49,98246384;289,480835;297,7368016
49,18615246;-48,75600433;50,22014618;289,5939331;297,9326386
49,19621646;-48,72471619;50,33341217;289,4178162;297,7754568
49,20628046;-49,08904266;50,35105133;289,5070496;297,9249809
49,21634446;-48,63658905;49,92751312;289,0545654;297,3395637
49,22640846;-49,09919739;50,16667175;289,5199585;297,9080941
49,23647246;-49,00445557;50,06259155;289,1645203;297,5295271
49,24653646;-49,09868622;49,98139191;289,8349915;298,1830693
49,25660046;-48,65908813;49,74287796;289,6826782;297,9230015
49,26666446;-49,24029541;50,00925446;289,6686096;298,0493845
49,27672846;-48,5258255;50,00498581;289,8475952;298,1054894
49,28679246;-49,16493225;50,08614349;289,8652954;298,241013
49,29685646;-48,81758881;49,79978561;289,5238647;297,804036
49,30692046;-49,2273407;50,05174637;289,7776489;298,1603498
49,31698446;-48,78691101;49,96196365;289,8199768;298,1140377
49,32704846;-49,14323425;50,21290207;289,5003052;297,9040445
49,33711246;-48,55175781;50,06369781;289,8246765;298,097283
49,34717646;-48,90370941;50,26608276;289,796814;298,161777
49,35724046;-48,7489624;49,83529663;289,6482849;297,919699
49,36730446;-49,01778412;49,92711639;289,5418396;297,8757073
49,37736846;-48,5379715;49,87811279;289,5577393;297,804374
49,38743246;-49,00787354;50,18450928;289,2098083;297,5946402
49,39749646;-48,79051208;49,67055511;289,4849854;297,7402137
49,40756046;-49,01655579;49,88896179;289,7683716;298,0893162
49,41762446;-48,49073792;49,74136353;289,5683594;297,7841327
49,42768846;-48,99838257;50,09571075;289,6161804;297,9730754
49,43775246;-48,47223663;49,9967804;289,5209961;297,7778416
49,44781646;-48,99695587;49,95733643;289,6414185;297,9741405
49,45788046;-48,54065704;49,89658356;289,6641846;297,9114034
49,46794446;-49,17613983;50,20986176;289,9051819;298,3024261
49,47800846;-48,3758316;49,89280701;289,8486023;298,0632911
49,48807246;-48,95558167;50,1095047;289,8503418;298,1959625
49,49813646;-48,52503967;50,11167908;289,7980957;298,0751518
49,50820046;-49,04912567;50,29568481;289,7702332;298,1648213
49,51826446;-48,55329895;49,96036148;289,9152527;298,1682651
49,52832846;-49,02793121;50,26110077;289,9331055;298,3137978
49,53839246;-48,78727722;49,6870842;289,8339844;298,0817728
49,54845646;-49,20262146;50,05933762;289,6229553;298,0072004
49,55852046;-48,60116577;49,9635582;289,7263184;297,9929026
49,56858446;-49,09587097;50,0329361;289,810791;298,1677277
49,57864846;-48,52563477;49,97403336;289,9492493;298,1991086
49,58871246;-49,09463501;50,04466248;290,1435242;298,4929079
49,59877646;-48,59953308;49,86204529;290,0935364;298,3326969
49,60884046;-49,24409485;50,20470428;290,0650635;298,4681461
49,61890446;-48,57524109;49,78488541;289,8795471;298,1077669
49,62896846;-48,9756012;49,96875763;290,0866699;298,4053658
49,63903246;-48,6437149;49,80412292;290,0612793;298,2988559
49,64909646;-49,319664;50,11827087;289,6816406;298,0934807
49,65916046;-48,6424942;49,96931458;290,0897522;298,3539659
49,66922446;-49,32520294;50,09715652;290,1345825;298,5310314
49,67928846;-48,45887756;49,67989349;289,7995605;297,9935233
49,68935246;-48,96537781;50,03295135;289,7914429;298,127464
49,69941646;-48,29872894;49,63917923;289,8113403;297,9721939
49,70948046;-48,9343338;50,04510498;289,6527405;297,9895831
49,71954446;-48,40712738;49,89547348;289,5432739;297,771919
49,72960846;-49,01143646;50,22328949;289,3959656;297,7826802
49,73967246;-48,38427734;49,70748901;289,8965149;298,0802947
49,74973646;-49,02996063;49,86330795;289,6284485;297,9512119
49,75980046;-48,49640656;49,96134186;289,3713074;297,6302919
49,76986446;-49,18200684;49,98906708;289,6972046;298,0641659
49,77992846;-48,38227081;49,903965;289,434906;297,6639291
49,78999246;-48,98162079;50,19875336;289,6356506;298,006584
49,80005646;-48,4136734;49,66662216;289,4117126;297,6067818
49,81012046;-48,97288513;49,8767395;289,4567261;297,7771464
49,82018446;-48,69373322;49,62267685;289,7190857;297,9440188
49,83024846;-49,44402313;50,14640045;289,6650085;298,1026502
49,84031558;-49,19474792;50,26990509;289,5911255;298,0104135
49,85037958;-48,58065033;49,95795822;289,6295166;297,8945016
49,86044358;-49,18997955;50,05007553;289,6265259;298,0070278
49,87050758;-48,6174469;50,00392151;289,2814636;297,5698464
49,88057158;-49,02539063;50,22504044;289,7658691;298,1447677
49,89063558;-48,63499451;50,02641678;289,5742493;297,8611269
49,90069958;-49,34723663;50,34078979;289,6011047;298,0572843
49,91076358;-48,59393311;50,10033798;289,6271667;297,918294
49,92082758;-48,94498444;50,26326752;289,8126831;298,1834986
49,93089158;-48,62360382;49,91945648;289,4290771;297,7001809
49,94095558;-49,38080597;50,22906494;289,6738892;298,1147179
49,95101958;-48,38124084;49,90576172;289,3592529;297,5905018
49,96108358;-49,34297943;50,00314713;289,4645081;297,8669934
49,97114758;-48,49606323;49,75394821;289,3043823;297,5304172
49,98121158;-49,17513275;50,16676712;289,6298828;298,0274605
49,99127658;-48,57746887;50,1250267;289,5011902;297,7972933
50,00133958;-49,38388062;50,2366066;289,7120972;298,1536241
50,01140358;-48,64414215;49,76548767;289,2265625;297,4808578
50,02146758;-49,09165192;49,9394722;289,3429871;297,6966666
50,03153158;-48,51430511;49,77602005;289,366272;297,5972603
52,38830992;-52,97350311;45,54842377;395,7862854;401,905007
52,39837392;-52,59195709;45,37498474;395,8442688;401,892384
52,40843792;-52,67566681;45,45572662;395,8672485;401,9351035
52,41850192;-52,12738037;45,49149704;395,8239441;401,8250052
52,42856592;-52,89030457;45,99456787;396,0828857;402,2369165
52,43862992;-52,12661743;46,29728699;395,7687073;401,8625296
52,44869292;-52,80883789;46,61634445;395,7406616;401,9608541
52,45875692;-52,08965302;46,53862;395,6939392;401,8119817
52,46882092;-52,6499939;46,58775711;396,0352478;402,2267501
52,47888492;-52,13289642;46,28739548;395,8045654;401,8975191
52,48894892;-52,70799255;46,35986328;395,7553406;401,932406
52,49901292;-52,17668152;46,13645172;396,1562195;402,2321823
52,50907692;-52,71601105;46,15340424;396,2954712;402,4415672
52,51914092;-52,35503387;46,08891296;395,978241;402,0746259
52,52920492;-52,90559387;46,09163666;395,8857117;402,0558886
52,53926792;-52,33034515;45,95852661;395,4633789;401,5494182
52,54933192;-53,01378632;46,17644882;395,7335815;401,9300854
52,55939592;-52,4911499;46,10916901;395,6136475;401,7356523
52,56945992;-53,19979858;46,53014374;395,6410828;401,9043906
52,57952392;-52,28830719;46,18782043;395,7037964;401,8070138
52,58958792;-53,03068542;46,61181259;395,8615417;402,1085362
52,59965192;-52,56178284;46,33802795;396,0103149;402,1618124
52,60971592;-52,84024811;46,55924606;396,0623169;402,2750478
52,61977992;-52,48648071;45,92255783;395,9665833;402,0612479
52,62984392;-52,91621399;46,24646378;396,1447449;402,3301132
52,63990692;-52,28673553;46,13607407;396,0970764;402,1881823
52,64997092;-52,84532928;46,07713699;396,0540161;402,2120275
52,66003492;-52,26288605;45,99510574;395,9647522;402,0386101
52,67009892;-52,88716125;46,40202332;395,8782654;402,0818332
52,68016292;-52,47455597;46,12405396;395,8781128;401,9956313
52,69022692;-52,78444672;46,45549011;396,118103;402,3106535
52,70029092;-52,15999603;46,10398102;396,3192444;402,3868608
52,71035492;-52,74486542;46,55467987;395,8227844;402,026163
52,72041829;-52,05760193;46,48559189;395,894043;401,998753
52,73048129;-52,394104;46,54660034;395,9668274;402,1211963
52,74054529;-52,20675659;46,4546051;395,7723389;401,8946628
52,75060929;-52,7040329;46,49317551;395,8258057;402,0166649
52,76067329;-52,17935944;46,25903702;395,8156433;401,9111936
52,77073729;-52,62678528;46,26248932;395,4676208;401,6272346
52,78080129;-51,97145081;46,02049255;395,9150391;401,9547681
52,79086529;-52,54116058;46,0953598;395,7619934;401,8866895
52,80092929;-52,07010651;46,45854568;395,2028198;401,316535
52,81099329;-52,71383667;46,64832306;395,5618591;401,7760558
52,82105729;-52,36851501;46,40843201;395,6356812;401,7758033
52,83112029;-52,64135742;46,41669083;395,4836731;401,6627408
52,84118429;-52,19928741;46,45355606;395,2476196;401,3768545
52,85124829;-52,62750244;46,17261505;395,3484497;401,4996402
52,86131229;-52,46574402;45,91185379;395,1620178;401,264966
52,87137629;-52,67747498;46,0124588;395,6657715;401,8002806
52,88144029;-52,2157135;45,7353363;395,5241394;401,5688566
52,89150429;-52,73012543;46,04174042;395,9029846;402,0441284
52,90156829;-52,35154724;45,79520416;396,2416077;402,3000085
52,91163229;-52,72932434;45,98972702;396,1693115;402,3003356
52,92169529;-52,43592834;46,01059723;395,9943848;402,0920969
52,93175929;-52,94825745;46,27672958;395,8159485;402,0140778
52,94182329;-52,60679626;46,02985001;395,4727783;401,6029638
52,95188729;-52,85931396;46,17588806;395,3883667;401,5697701
52,96195129;-52,42282104;45,94289017;395,4252319;401,5221231
52,97201529;-53,20925903;46,17168045;395,0598755;401,2921063
52,98207929;-52,55166626;45,87406921;395,61203;401,7150559
52,99214329;-52,83181763;46,00647736;395,5219421;401,6782339
53,00220729;-52,62799835;45,76151276;395,5702209;401,671037
53,01227029;-53,11862946;45,95866394;395,2814941;401,4738437
53,02233429;-52,58177185;45,72968292;395,5835876;401,6745218
53,03239829;-52,83229065;45,91240692;395,7783203;401,9199906
53,04246229;-52,44432068;45,87623215;395,6184387;401,7075858
53,05252629;-52,68886566;46,24895477;395,6651917;401,8283542
53,06259029;-52,52889252;46,07096863;395,6722717;401,7939339
53,07265429;-52,84207153;46,49249649;395,8473511;402,0559191
53,08271829;-52,1829071;46,49651718;395,8430176;401,9660141
53,09278229;-52,82556915;46,54637909;395,9071655;402,1188753
53,10284529;-52,34506989;46,13764191;396,0196533;402,1197013
53,11290929;-52,71905518;45,85309601;395,8657227;401,984422
53,12297329;-52,45072174;45,79938889;395,8479004;401,925643
53,13303729;-52,75817108;46,01577377;395,6914368;401,8365205
53,14310129;-52,51863861;45,77843475;395,242157;401,3355643
53,15316529;-52,86582184;46,12511444;395,3083801;401,4860355
53,16322929;-52,52397919;46,16283035;395,4402771;401,5753828
53,17329329;-52,75783539;46,41928101;395,3764038;401,5727077
53,18335729;-52,44491577;46,15539169;395,3569031;401,482092
53,19342129;-52,99356079;46,29066086;395,5157471;401,726087
53,20348429;-52,34777832;46,13297653;395,2772827;401,3884299
53,21354829;-52,75215912;46,1279068;395,6143494;401,7726814
53,22361229;-52,47538757;46,06279373;395,4943237;401,610766
53,23367629;-52,9420166;45,97374344;395,7486572;401,9122316
53,24374029;-52,38376617;45,99852753;395,8331604;401,9251353
53,25380429;-52,81951141;45,97572327;395,8180237;401,9646449
53,26386829;-52,41587067;46,03385544;395,8575745;401,9574089
53,27393229;-52,9098053;46,33252716;395,5270386;401,7309906
53,28399629;-52,70726776;46,42808533;395,6797791;401,865787
53,29405929;-53,1109314;46,51048279;395,7449341;401,9925981
53,30412329;-52,49681091;46,2493782;395,7297974;401,8668843
53,31418729;-52,90177917;46,37947845;395,9308777;402,1329558
53,32425129;-52,89064789;46,44279099;395,7835083;401,9937051
53,33431529;-52,97147369;46,49895096;396,0441589;402,2674549
53,34437929;-52,69403076;46,14141083;395,9786072;402,125289
53,35444329;-52,90077209;46,25189209;395,9085999;402,0961933
53,36450729;-52,31520081;45,99469376;396,1271667;402,2053261
53,37457129;-52,80161285;46,317276;395,821106;402,0045377
53,38463429;-52,36368561;46,15322495;395,5504456;401,6618363
53,39469829;-52,77328491;46,4130249;395,5698242;401,7644513
53,40476229;-52,53733826;46,30813599;395,6539001;401,8042111
53,41482629;-52,75305176;46,45023346;395,7537537;401,9471883
53,42489029;-52,33371735;46,27153015;395,7817993;401,8993719
53,43495429;-52,97240448;46,3795929;396,1255798;402,3339624
53,44501829;-52,41170502;46,22117615;395,6089783;401,733553
53,45508229;-52,50787354;46,31942749;395,4395142;401,590557
53,46514629;-52,79645538;46,16281128;395,5824585;401,7511074
53,47520929;-52,27291107;45,99537659;395,8350525;401,9122052
53,48527329;-52,80119324;46,33159637;395,8320007;402,0168599
53,49533729;-52,5550766;46,10005569;395,5867004;401,7164283
53,50540129;-52,74407959;46,22278595;395,1717529;401,3467306
53,51546529;-52,43872833;46,13279343;395,6090698;401,7270105
53,52552929;-52,82287598;46,02130508;395,322052;401,4819318
53,53559329;-52,27559662;45,96156311;395,3999023;401,4801191
53,54565729;-52,84843445;46,43274689;395,3011475;401,5120847
53,55572129;-52,67023468;46,00682831;395,3708496;401,5082696
53,56578529;-53,09526825;46,24393463;395,3401794;401,5612861
53,57584829;-52,74710083;46,20220184;395,1297302;401,3033813
53,58591229;-53,2804184;46,31354523;395,3593445;401,6126974
53,59597629;-52,77105713;46,21884918;395,2486267;401,4255141
53,60604029;-52,99077606;46,32401276;395,6470032;401,8587907
53,61610429;-52,81502533;46,10532379;395,7370911;401,8992075
53,62616829;-53,09237671;46,09060669;395,5556946;401,7554629
53,63623229;-52,77388763;45,86576462;395,7031555;401,8329738
53,64629629;-53,15843964;46,12786484;395,4049683;401,6200799
53,65636029;-52,57614899;46,17737579;395,4519043;401,5953313
53,66642329;-52,92351532;46,33553696;395,3519897;401,5608002
53,67648729;-52,54328918;46,01790237;395,3340454;401,4566627
53,68655129;-53,01726532;46,46393204;395,2481384;401,4857635
53,69661529;-52,31339264;46,24477386;395,1022949;401,2244928
53,70667929;-52,93401337;46,2624054;395,1615295;401,3662347
53,71674342;-52,25219727;46,29195023;395,5055542;401,6190735
53,72680742;-52,90823364;46,28553391;395,0574036;401,262986
53,73687142;-52,56291962;46,14914703;394,8985901;401,0455096
53,74693542;-52,90226746;46,15340424;394,9257202;401,1173284
53,75699842;-52,44907379;46,30033112;395,0909729;401,2374644
53,76706242;-52,99916077;46,70007324;394,8457947;401,1147086
53,77712642;-52,35741425;46,27163696;394,7255249;400,8623245
53,78719042;-52,39398193;46,50270081;394,9467773;401,1116895
53,79725442;-52,52185822;46,28974533;395,0760803;401,2310997
53,80731842;-52,63919067;46,44325256;394,958313;401,1482632
53,81738242;-52,62384796;46,38489151;395,1972351;401,3747403
53,82744642;-52,97692871;46,51135635;395,1395264;401,3790061
53,83751042;-52,67314148;46,43886566;394,7663879;400,9632516
53,84757442;-53,00188446;46,32516479;394,7937317;401,0203377
53,85763742;-52,91124725;45,96564102;394,9097595;401,0812367
53,86770142;-53,20025635;46,45773697;395,1438293;401,40657
53,87776542;-52,51808929;46,30150986;394,887207;401,0459896
53,88782942;-52,81841278;46,77865601;394,776123;401,0314386
53,89789342;-52,50305176;46,42212296;394,8126831;400,9845866
53,90795742;-52,78700256;46,40179062;394,7269897;400,9351447
53,91802142;-52,64741516;46,1098938;394,5003357;400,65994
53,92808542;-52,91676331;46,53948593;394,7084351;400,9499424
53,93814942;-52,78511047;46,28349304;395,0468445;401,2361386
53,94821242;-53,06816864;46,24291229;394,8967285;401,1210087
53,95827642;-52,74006653;46,25354385;395,0078735;401,188391
53,96834042;-52,97285461;46,76740646;395,1091614;401,3783291
53,97840442;-52,81373596;46,29516602;394,7578125;400,9566855
53,98846842;-52,99369049;46,6988678;394,7371826;401,0069311
53,99853242;-52,66078186;46,49139404;394,9076538;401,1067971
54,00859642;-52,7611618;46,75721359;395,1072998;401,347425
54,01866042;-52,49739838;46,48212814;395,2281799;401,3998995
54,02872442;-52,71329498;46,73057556;395,5744934;401,7979816
54,03878842;-52,53072357;46,51028442;395,3129883;401,4910238
54,04885142;-52,88571167;46,40309525;395,0545959;401,2708306
54,05891542;-52,69333649;46,00025558;395,0144348;401,1595879
54,06897942;-52,98556519;46,19092178;394,9542542;401,1607337
54,07904342;-52,85807037;45,89510345;394,812561;400,9704409
54,08910742;-52,93735504;46,12204742;395,0629883;401,2535003
54,09917142;-52,63071442;46,08767319;395,1952515;401,339448
54,10923542;-52,69905853;46,35859299;394,6562805;400,8489612
54,11929942;-52,57707214;46,2079277;394,5524597;400,7133197
54,12936342;-52,98693848;46,36110687;394,4706421;400,7044489
54,13942642;-52,68827057;46,27235031;395,0206909;401,196374
54,14949042;-52,85340881;46,41162491;394,6903076;400,9089182
54,15955442;-52,64054108;46,2901535;394,7579651;400,9334806
54,16961842;-52,82522583;46,47253799;394,7000732;400,921874
54,17968242;-52,4832077;46,03193665;395,1478577;401,2670628
54,18974642;-52,86785126;46,09214401;394,9476013;401,1272905
54,19981042;-52,85023499;45,904953;395,2021484;401,3541456
54,20987442;-52,93787384;46,34341049;395,2454529;401,458713
54,21993842;-52,52607727;46,25447464;394,8653259;401,0200629
54,23000142;-52,8608551;46,34993744;394,8889771;401,0983556
54,24006542;-52,52800751;46,13940048;394,7919006;400,9347586
54,25012942;-52,76062775;46,44451141;394,5516663;400,7640126
54,26019342;-52,72124481;46,1208725;394,7255249;400,8926347
54,27025742;-52,96068573;46,42655182;394,6970825;400,9314728
54,28032142;-52,69591522;46,13039017;394,8685913;401,0312666
54,29038542;-52,88852692;46,51257324;394,9117432;401,143242
54,30044942;-52,51161194;46,30234528;394,4844971;400,6487177
54,31051342;-52,83385468;46,41250992;394,7202759;400,9359468
54,32057642;-52,55397797;46,16637802;394,6470642;400,7986531
54,33064042;-52,76520538;46,45452499;394,7825012;400,9930337
54,34070442;-52,53607941;46,27720261;394,9046021;401,0626682
54,35076842;-52,98112488;46,29766846;394,8018799;401,0224408
54,36083242;-52,62146759;46,05661774;394,966217;401,1091416
54,37089642;-52,57395935;46,44796753;394,5293884;400,7179472
54,38096042;-52,20246124;46,05608749;394,5466309;400,6411163
54,39102442;-52,47727203;46,40336609;394,471344;400,6429554
54,40108842;-52,57376099;46,23332214;394,759491;400,9196629
54,41115242;-52,65065765;46,33376694;394,6137085;400,7978152
54,42121542;-52,59181976;45,99755096;394,7662354;400,9015525
54,43127942;-52,57709503;46,28345108;395,0622864;401,2240258
54,44134342;-52,34208679;45,77223587;395,1281128;401,199473
54,45140742;-52,80606842;46,041996;394,8766174;401,0435004
54,46147142;-52,39284515;45,88617325;394,6639404;400,7619954
54,47153542;-52,87200165;46,34919739;394,7105103;400,9240371
54,48159942;-52,79042816;46,35950851;394,8857422;401,0870014
54,49166342;-52,88109589;46,73686981;394,6896362;400,9496904
54,50172742;-52,54503632;46,27619171;394,9320068;401,0907089
54,51179042;-52,80294037;46,35241699;394,8016052;401,0049932
54,52185442;-52,46154022;46,31968689;394,7643433;400,9197093
54,53191842;-52,5174408;46,53284836;394,3277588;400,5218707
54,54198242;-52,54813385;46,20003891;394,4015198;400,559994
54,55204642;-52,77893066;46,13314438;394,6268311;400,8044639
54,56211042;-52,66769409;45,9970932;394,8577271;401,0015501
54,57217442;-52,65158844;46,31393051;394,4758606;400,6599238
54,58223842;-52,60105896;46,00135803;394,6906738;400,8287968
54,59230242;-52,4320755;46,20550537;394,5180969;400,6602052
54,60236642;-52,40657806;45,98699188;394,7166748;400,8272773
54,61242942;-52,66392517;46,38437653;394,6226807;400,8142456
54,62249342;-52,56832123;46,5954361;394,9956665;401,1933943
54,63255742;-52,57848358;46,26264954;394,6609497;400,8266395
54,64262142;-52,98807526;46,284935;394,740387;400,9613503
54,65268542;-53,02661133;46,2313385;394,6714478;400,8923918
54,66274942;-52,91971588;46,52271271;394,705658;400,9456516
54,67281342;-52,85190582;46,30030823;394,5506592;400,7583625
54,68287742;-52,81809998;46,48612595;394,6779175;400,9006986
54,69294142;-52,59086609;46,22975922;394,5196533;400,6853462
54,70300442;-52,82862091;46,53098679;394,7011108;400,9301221
54,71306842;-52,55020142;46,12989807;394,3625183;400,5137788
54,72313283;-52,50156403;46,2625885;393,996582;400,162402
54,73319683;-52,45065308;46,19113922;394,0626221;400,2124966
54,74326083;-52,60716248;46,15405655;394,3104248;400,4727476
54,75332483;-52,48488617;45,9127388;394,9726257;401,0810616
54,76338883;-52,75288391;46,06884003;394,6433105;400,8098643
54,77345283;-52,77807617;45,83151627;394,772583;400,9132643
54,78351683;-52,86348724;46,08336258;394,5690308;400,7529721
54,79358083;-52,72865295;45,81052017;394,5461426;400,6813862
54,80364383;-52,8247757;46,30580139;394,3640442;400,5716959
54,81370783;-52,57460022;46,15216446;394,6850281;400,8371019
54,82377183;-52,9335556;46,35767365;394,6817017;400,9047778
54,83383583;-52,62226105;46,11078644;394,5513916;400,7070097
54,84389983;-52,77915955;46,37001801;394,2890015;400,4992321
54,85396383;-52,47702026;46,30226135;394,7875671;400,9425897
54,86402783;-52,76112366;46,37973785;394,4963074;400,7020748
54,87409183;-52,65293884;45,91978073;394,5267029;400,6647945
54,88415583;-52,64990997;46,0475502;394,4309387;400,5847667
54,89421883;-52,55869293;45,91558075;394,4835205;400,6094167
54,90428283;-52,75788879;46,30070496;394,5807495;400,7756455
54,91434683;-52,93344879;46,06882477;394,6733704;400,8632633
54,92441083;-52,99304962;46,19318008;394,4960938;400,7109197
54,93447483;-52,69052124;46,39757538;394,1920776;400,3953298
54,94453883;-52,84054565;46,64286804;394,0799255;400,3331964
54,95460283;-52,38317108;46,43323135;394,2212524;400,3878588
54,96466683;-52,73760223;46,45482635;394,3992004;400,6120753
54,97473083;-52,63012695;46,28672028;394,2183838;400,4004556
54,98479483;-52,87121582;46,69299316;394,2080688;400,4692281
54,99485783;-52,50300598;46,43436432;394,4352417;400,6143728
55,00492183;-52,77907562;46,45628357;394,2660828;400,4866554
55,01498583;-52,77317047;46,2025795;394,2764893;400,4667725
55,02504983;-52,85411072;46,51755142;394,3295288;400,5661205
55,03511383;-52,83498383;46,20990753;394,2046814;400,4050723
55,04517783;-53,17822266;46,40730286;394,348999;400,6153943
55,05524183;-52,71073914;46,29653168;394,5089111;400,6982304
55,06530583;-52,61481476;46,23643875;394,7330627;400,8993862
55,07536983;-52,59218597;46,20647812;394,3557434;400,5214464
55,08543283;-52,93741608;46,33270645;394,7229004;400,9429608
55,09549683;-52,61222839;46,30594254;394,5537109;400,7304801
55,10556083;-52,83388519;46,3561058;394,7844543;400,9926101
55,11562483;-52,39884186;46,2906189;394,6663513;400,8116626
55,12568883;-52,79586792;46,3894043;394,7810974;400,9881487
55,13575283;-52,47779083;46,07561874;394,5410461;400,6738303
55,14581683;-52,88150787;46,18595505;394,6118164;400,8092838
55,15588083;-52,55523682;46,04563904;394,8036804;400,9391473
55,16594483;-52,62316132;46,11964417;394,4273071;400,5859699
55,17600883;-52,31919098;46,16371918;394,4639893;400,5873507
55,18607183;-52,48612213;46,54979706;394,6783142;400,8648754
55,19613583;-52,44298553;45,96247101;394,6536255;400,7671389
55,20619983;-52,6112442;46,16934204;394,6626892;400,8218924
55,21626383;-52,42116547;45,90664291;394,5317383;400,6378551
55,22632783;-52,87120056;46,16949844;394,4355164;400,6324538
55,23639183;-52,64503479;46,12966919;394,4238586;400,5866028
55,24645583;-52,70420837;46,17246628;394,4385986;400,6138269
55,25651983;-52,40232086;46,0560112;394,367218;400,4905268
55,26658383;-53,01618195;46,2289505;394,6348877;400,8547443
55,27664783;-52,83378601;45,92067337;394,6688843;400,8286983
55,28671083;-52,69975281;46,42655563;394,3983765;400,6030059
55,29677483;-52,36093903;46,3015976;394,4571533;400,6019866
55,30683883;-52,45838928;46,52627182;394,6814575;400,8616089
55,31690283;-52,5572052;46,33269501;394,822937;400,9914339
55,32696683;-52,55052948;46,16822433;394,7850952;400,9343269
55,33703083;-52,32302094;46,13976288;395,080719;401,1924111
55,34709483;-52,5298996;46,30503082;394,8409729;401,0024191
55,35715883;-52,52873993;46,09018326;394,9482422;401,0831429
55,36722283;-52,91326904;46,38511276;394,5445557;400,7702573
55,37728583;-52,59622955;46,1533432;394,791748;400,9451568
55,38734983;-52,7258606;46,13831329;394,757843;400,9270694
55,39741383;-52,44770813;46,09200668;394,6505737;400,7796284
55,40747783;-52,61714172;46,49984741;394,7388;400,9358049
55,41754183;-52,48242188;46,44886398;394,6149597;400,7903043
55,42760583;-52,74234772;46,56695175;394,8447266;401,0643269
55,43766983;-52,4069519;46,38309097;394,394165;400,5554108
55,44773383;-52,41397858;46,61057281;394,1812439;400,3731056
55,45779783;-52,41395569;46,37046432;394,1317749;400,2965135
55,46786183;-52,54386902;46,25848389;394,2587585;400,4256163
55,47792483;-52,55931854;46,05496216;394,4477844;400,5903096
55,48798883;-52,64090729;46,44934082;394,2381897;400,4402035
55,49805283;-52,32411194;46,28515625;394,1939087;400,3360664
55,50811683;-52,47033691;46,40711594;394,2947083;400,4685676
55,51818083;-52,62973022;46,10400772;394,7677917;400,9202881
55,52824483;-52,78300476;46,04208374;394,8309631;400,9955218
55,53830883;-52,58432007;45,96287155;394,4817505;400,6164597
55,54837283;-52,74741364;46,26319122;394,1877747;400,3830344
55,55843683;-52,60821533;45,98709106;394,4059753;400,5477628
55,56849983;-52,46128082;46,30124664;394,458252;400,6161554
55,57856383;-52,47264099;46,15924072;394,6617126;400,801598
55,58862783;-52,4006958;46,4495697;394,4541626;400,6213697
55,59869183;-52,11211395;46,21160507;394,6759644;400,7746271
55,60875583;-52,49385834;46,28963089;394,6816711;400,8390657
55,61881983;-52,41349792;46,04673004;394,613678;400,733616
55,62888383;-52,61859131;46,27095795;394,5680542;400,7413968
55,63894783;-52,57933044;46,55702209;394,4519348;400,6550526
55,64901183;-52,71505737;46,12628174;394,5744324;400,743676
55,65907583;-52,22944641;46,48587036;394,9070435;401,0491543
55,66913883;-52,45069885;46,31848907;394,6091919;400,7653834
55,67920283;-52,18515015;46,06457138;394,7524109;400,8424884
55,68926683;-52,52159882;46,49712372;394,5692749;400,7560524
55,69933083;-52,46595764;46,4353714;394,8542175;401,0221609
55,70939483;-52,72187805;46,4426651;394,6841736;400,8891548
55,71945917;-52,527565;46,13459396;394,4049072;400,5530885
55,72952317;-52,61335754;46,33875275;394,5914917;400,7716192
55,73958717;-52,52259827;46,41005707;394,7096252;400,8842788
55,74965117;-52,49811554;46,26840973;394,59198;400,7488597
55,75971517;-52,49710846;46,2430954;394,505249;400,660407
55,76977817;-52,844841;46,66529083;394,7677917;401,013511
55,77984217;-52,6844635;46,27902985;394,7682495;400,9480916
55,78990617;-52,45716095;46,38757706;394,4700928;400,6372613
55,79997017;-52,36986542;46,49845505;394,4997559;400,6679005
55,81003417;-52,44223022;46,60719681;394,7516174;400,9379725
55,82009817;-52,60768127;46,79970169;394,4281311;400,663613
55,83016217;-52,47257996;46,61126328;394,7840271;400,9743253
55,84022617;-52,66120148;46,58443832;394,5985107;400,8132941
55,85029017;-52,46281433;46,53461456;394,590271;400,7733764
55,86035417;-52,6237793;46,33797455;394,2720947;400,4584307
55,87041717;-52,42434692;45,94457245;394,6641235;400,772986
55,88048117;-52,53225708;46,05449677;394,486908;400,6252304
55,89054517;-52,59324646;46,12033081;394,5940552;400,7463074
55,90060917;-52,53887177;46,49619675;394,8284302;401,0133647
55,91067317;-52,52433014;46,63755798;394,8631287;401,0620369
55,92073717;-52,83913422;46,54553223;394,766449;400,9975186
55,93080117;-52,50987244;46,4250145;394,1951904;400,3778426
55,94086517;-52,68534088;46,46287918;394,3432617;400,5510609
55,95092917;-52,7555542;46,53549576;394,3638611;400,5890111
55,96099317;-52,76963806;46,36026382;394,4959106;400,7005519
55,97105617;-52,66542053;46,32748413;394,5430908;400,7295008
55,98112017;-52,69325256;46,29213333;394,3885193;400,5768898
55,99118417;-52,74454498;46,41147995;394,1012878;400,3146732
56,00124817;-52,70666504;46,28372955;394,1730347;400,3655298
56,01131217;-52,76081085;46,38427734;394,3745117;400,5826504
56,02137617;-52,77100372;46,37493896;394,1364746;400,3485661
56,03144017;-52,57344818;46,34162903;393,9264832;400,1119695
56,04150417;-52,69774628;46,55594635;394,0412598;400,2661902
56,05156817;-52,67967224;46,52790451;394,1770325;400,3942141
56,06163117;-52,58573151;46,29932022;394,3043213;400,4806912
56,07169517;-52,62189484;46,22330475;394,376709;400,5479326
56,08175917;-52,75518036;46,41555786;394,3090515;400,5210871
56,09182317;-52,59748077;46,21906281;394,8287354;400,9893103
56,10188717;-52,64345551;46,16909027;394,3457031;400,5139846
56,11195117;-52,63963318;46,00459671;394,5171814;400,6634003
56,12201517;-52,63022614;46,21595383;394,2278137;400,4015787
56,13207917;-52,43067169;46,14940643;394,0990906;400,2409727
56,14214317;-52,83994293;45,81300735;394,4302368;400,582205
56,15220717;-52,66385651;45,86423874;394,4660034;400,6000974
56,16227117;-52,46005249;45,99078369;394,3098755;400,4341234
56,17233417;-52,45372772;46,20200348;394,2147522;400,3639463
56,18239817;-52,5941925;46,34916306;394,3681946;400,5504549
56,19246217;-52,69687653;46,23099518;394,4762573;400,6566901
56,20252617;-52,64643097;46,06208038;394,2919617;400,4491391
56,21259017;-52,84022522;45,85409927;394,6897278;400,8424491
56,22265417;-52,89867401;45,8785553;394,4809265;400,6473673
56,23271817;-52,82138062;45,74368286;394,3378296;400,4808443
56,24278217;-52,70800018;45,86006165;394,3243713;400,4659641
56,25284617;-52,50978851;45,98062515;394,801239;400,923327
56,26290917;-52,728302;45,96580505;394,3674011;400,5231281
56,27297317;-52,37885284;46,19725037;394,3336792;400,4706989
56,28303717;-52,5671463;46,21144867;394,3442688;400,5074346
56,29310117;-52,89266968;46,09150314;394,6641235;400,8513834
56,30316517;-52,8597641;46,04768372;394,440033;400,6213717
56,31322917;-52,66101837;46,2808342;394,4974976;400,6786419
56,32329317;-52,58834839;46,1272316;394,5305176;400,6838968
56,33335717;-52,5789566;46,185112;394,554657;400,7131001
56,34342117;-52,7946701;46,371315;394,4766541;400,6861698
56,35348517;-52,73988342;46,57535553;394,6293335;400,852928
56,36354817;-52,97714996;46,51123428;394,8068848;401,0515548
56,37361217;-52,89916992;46,41772079;394,8529663;401,0757933
56,38367617;-52,65216827;46,4094429;394,9370422;401,1251108
56,39374017;-52,58203125;46,45549011;395,1386414;401,3197335
56,40380417;-52,56898499;46,22327805;395,0190735;401,1734762
56,41386817;-52,43083954;46,40418625;394,7460938;400,9074955
56,42393217;-52,70438385;46,46845627;394,621582;400,8282207
56,43399617;-52,79314423;46,23581314;394,299408;400,4958047
56,44406017;-52,61076355;46,21827316;394,5167847;400,6838088
56,45412417;-52,73015594;46,12181854;394,4837036;400,6558173
56,46418717;-52,61123657;46,10928726;394,4600525;400,6154535
56,47425117;-52,42905426;46,17514801;394,4666138;400,6056158
56,48431517;-52,57382965;46,00768661;394,8633423;400,9959774
56,49437917;-52,36573029;46,08706665;394,3945618;400,5162391
56,50444317;-52,39408875;46,29089355;394,7249146;400,8687385
56,51450717;-52,48514557;46,29644394;395,0579529;401,2092189
56,52457117;-52,6588974;46,22325134;394,6607971;400,8325002
56,53463517;-52,83354187;46,103508;394,8876648;401,0650626
56,54469917;-52,80114746;46,06282425;394,7094421;400,8806414
56,55476317;-52,61014557;46,37977219;394,5212402;400,7067752
56,56482617;-52,5947113;46,17570496;394,7210388;400,8779089
56,57489017;-52,81801605;46,1400795;394,6068115;400,7907003
56,58495417;-52,87477112;46,09157181;394,7764282;400,9596023
56,59501817;-52,87594604;46,15351105;394,9049988;401,0934683
56,60508217;-52,51105499;46,00219345;394,7793274;400,9043901
56,61514617;-52,52349854;46,18951035;394,5585327;400,7101502
56,62521017;-52,56854248;46,23310471;394,9282227;401,0850941
56,63527417;-52,76714325;46,41230774;394,7504578;400,9568526
56,64533817;-52,59776306;46,2267189;394,5458069;400,7116519
56,65540217;-52,86476135;46,45320892;394,9123535;401,1338312
56,66546617;-52,64679718;46,12545776;394,765564;400,9228025
56,67552917;-52,77291107;46,01908493;394,4733887;400,6394772
56,68559317;-52,65100098;46,10169601;394,0790405;400,2446558
56,69565717;-52,69850922;46,35605621;394,4733582;400,6685003
56,70572117;-52,78244019;46,41683578;394,6326294;400,8433869
56,71578867;-52,89316559;46,28275299;394,4974365;400,7093805
56,72585267;-52,66262054;46,21831512;394,5034485;400,6774952
56,73591667;-52,83480072;46,73295975;394,2311707;400,4918246
56,74598067;-52,68058014;46,27589798;394,440979;400,6249969
56,75604467;-52,69767761;46,38214493;394,5490112;400,7458931
56,76610867;-52,60591125;46,13660431;394,435791;400,5940107
56,77617167;-52,56234741;46,46430206;394,67453;400,8612184
56,78623567;-52,40448761;46,39854431;394,5186462;400,6794448
56,79629967;-52,62770081;46,36569214;394,7838745;400,9660333
56,80636367;-52,42711639;46,17301941;394,4756165;400,6139816
56,81642767;-52,59273529;46,47503662;394,8485413;401,037773
56,82649167;-52,53323364;46,19532013;394,1505737;400,3104083
56,83655567;-52,65691376;46,40890121;394,4375;400,6338454
56,84661967;-52,54679108;46,0683403;394,3097534;400,4542906
56,85668367;-52,53158569;46,25993347;394,3231201;400,4875429
56,86674767;-52,41756439;46,38225174;394,401825;400,5642444
56,87681067;-52,88697052;46,43458557;394,3926086;400,6229301
56,88687467;-52,33386993;46,2155838;394,4552307;400,5866238
56,89693867;-52,83419037;46,2990799;394,5271301;400,73272
56,90700267;-52,55053711;46,15715027;394,5700073;400,7212649
56,91706667;-52,7779007;46,3898201;394,7987061;401,0031677
56,92713067;-52,52663422;46,29021454;394,2789001;400,4468534
56,93719467;-52,43361664;46,33710861;394,3640442;400,5239208
56,94725867;-52,2385788;46,16365051;394,4035034;400,5172596
56,95732267;-52,2828064;46,14864349;394,3757629;400,4939844
56,96738667;-52,73959351;46,49316406;394,1257324;400,347564
56,97744967;-52,48744202;46,33927536;394,335022;400,5026461
56,98751367;-52,94329834;46,36803436;394,2963257;400,5278766
56,99757767;-52,55016327;46,20605469;394,210022;400,3724024
57,00764167;-53,00388336;46,37516785;394,2477417;400,4888883
57,01770567;-52,53907776;46,34810257;394,2345276;400,4114934
57,02776967;-52,86103821;46,52970505;394,5056458;400,7418213
57,03783367;-52,59999084;46,1503067;394,3010864;400,4621787
57,04789767;-52,80323029;46,33535385;394,2341309;400,4443733
57,05796167;-52,55454254;46,44931412;394,428772;400,6164935
57,06802567;-53,05155945;46,46512222;394,6948547;400,9457618
57,07808967;-52,57054138;46,05302429;394,5888062;400,7304191
57,08815267;-53,09754944;46,31351852;395,06427;401,2979806
57,09821667;-52,51486206;45,98326111;394,5430603;400,6700606
57,10828067;-52,61131287;46,5047226;394,4389648;400,6404079
57,11834467;-52,21037292;46,0929718;394,1595459;400,265203
57,12840867;-52,66571808;46,46175385;394,0776672;400,2868724
57,13847267;-52,22858429;46,25632477;393,9315186;400,0618876
57,14853667;-52,71162415;46,42298889;394,1982727;400,4071521
57,15860067;-52,24691772;46,1133728;394,2719421;400,3830015
57,16866467;-52,66427612;46,03933716;394,2054749;400,3637133
57,17872867;-52,40200043;46,11154938;394,0377197;400,1724243
57,18879167;-53,04302979;46,47738647;394,012146;400,2740082
57,19885567;-52,37082672;46,45511246;394,0227051;400,1932946
57,20891967;-52,86151123;46,32090378;394,3030396;400,5182299
57,21898367;-52,36376953;46,12661743;394,0773926;400,2082215
57,22904767;-52,57228088;46,43199921;394,4096069;400,5979447
57,23911167;-52,26425171;46,10699844;394,4455261;400,5554648
57,24917567;-52,87582397;46,62627411;394,4352112;400,6856599
57,25923967;-52,56285858;46,15474701;394,5202332;400,6735943
57,26930367;-52,98104858;46,49327469;394,2532654;400,5049979
57,27936767;-52,39782715;46,09389496;394,2650452;400,3936879
57,28943067;-52,93187714;46,5863266;394,3009949;400,5562932
57,29949467;-52,59660339;46,18035889;394,3817444;400,5446149
57,30955867;-53,13661194;46,43204498;394,162323;400,428984
57,31962267;-52,34596252;46,2545929;394,1518555;400,2939824
57,32968667;-52,88629913;46,7105484;394,1505432;400,4166414
57,33975067;-52,45139313;46,48649597;394,2178345;400,3996054
57,34981467;-52,96602631;46,5063591;394,3974915;400,6465058
57,35987867;-52,19194794;46,49312592;394,7513733;400,8918269
57,36994267;-52,74983978;46,60132599;394,809082;401,0342135
57,38000667;-52,31768799;46,39512253;394,0802612;400,2360556
57,39006967;-52,7675705;46,78439331;394,2600403;400,5173845
57,40013367;-51,98910522;46,26704788;394,1311951;400,2285668
57,41019767;-52,63720703;46,52136993;394,3093567;400,5181422
57,42026167;-52,22486877;46,20716476;393,836731;399,9623853
57,43032567;-52,75894165;46,37760544;394,3990784;400,6058178
57,44038967;-52,3034668;46,20037079;394,4104309;400,5367835
57,45045367;-52,7649231;46,54829407;394,6940613;400,9168028
57,46051767;-52,23286438;46,52022552;394,6174316;400,768413
57,47058167;-52,81762695;46,41995239;394,2635193;400,4850014
57,48064567;-52,31044006;46,10277176;394,2567139;400,3750793
57,49070967;-52,89511871;46,54103851;394,2243958;400,470768
57,50077267;-52,2277832;46,23789978;394,1138306;400,2391737
57,51083667;-52,82440948;46,52560806;394,2416687;400,4766457
57,52090067;-52,18318939;46,33946228;394,441925;400,5681755
57,53096467;-52,72212219;46,50960541;394,1446533;400,3657994
57,54102867;-52,1558075;46,17136383;394,0126038;400,122425
57,55109267;-52,82206726;46,27875519;394,5420532;400,7434662
57,56115667;-52,50440979;46,23408508;394,3121338;400,4701768
57,57122067;-53,11091614;46,54417038;393,8974304;400,1778541
57,58128467;-52,60985565;46,01681519;393,8408508;399,9949499
57,59134867;-52,85705566;46,17984009;393,8818054;400,0866439
57,60141167;-52,37234497;45,81919098;394,0070496;400,1047561
57,61147567;-53,08135223;46,29831696;393,9322205;400,1796577
57,62153967;-52,56716156;46,09714508;393,993866;400,1492468
57,63160367;-53,10300446;46,34997177;394,2771912;400,5280919
57,64166767;-52,57788849;46,29883957;394,2957458;400,4711626
57,65173167;-52,95871735;46,39326096;394,0867615;400,3265367
57,66179567;-52,54550171;46,3290062;393,6960144;399,8799299
57,67185967;-53,03956604;46,35652161;394,0783691;400,3247228
57,68192367;-52,33761597;45,88322067;394,6170654;400,7082783
57,69198767;-52,95767212;46,39740372;394,1567078;400,3957347
57,70205167;-52,27269745;46,15921021;394,2584229;400,3783355
57,71211467;-52,90559387;46,52125549;394,162262;400,4086885
57,72217504;-52,32569885;46,20586395;394,1159058;400,2503064
57,73223904;-52,85925293;46,22750854;394,2476196;400,4525799
57,74230304;-52,26073456;46,04366684;393,9162903;400,0265583
57,75236704;-52,84957886;46,22900772;394,3394775;400,5419113
57,76243104;-52,06311035;45,66227341;394,2091675;400,2455226
57,77249504;-52,58198547;46,11431122;394,1107178;400,268226
57,78255904;-52,1180954;45,88452911;393,9697571;400,042317
57,79262304;-52,64347076;46,45011902;393,9345703;400,1417177
57,80268704;-52,34848022;46,35877991;394,0114746;400,1681421
57,81275104;-52,78043365;46,52672577;394,0766296;400,3085065
57,82281404;-52,06169128;46,05664063;393,8238525;399,911066
57,83287804;-52,55509949;46,34236145;393,764801;399,9504613
57,84294204;-52,10344696;46,22711563;393,9344788;400,0451087
57,85300604;-52,58833313;46,40450287;393,9356995;400,1302863
57,86307004;-52,09712982;46,0707016;393,9573059;400,0487212
57,87313404;-52,61399078;46,45330811;394,0109863;400,2134421
57,88319804;-52,21156311;46,10697937;394,0820923;400,1907
57,89326204;-52,9647522;46,3718071;394,1360474;400,3733674
57,90332604;-52,35726929;45,97170258;393,8684387;399,9837848
57,91339004;-52,84008789;46,21497345;393,8953552;400,101799
57,92345304;-52,28275299;46,14251328;394,0252075;400,148075
57,93351704;-52,82762146;46,28887177;393,9949341;400,2067282
57,94358104;-52,48674011;45,87039566;393,7695923;399,891789
57,95364504;-52,80778503;46,26049042;393,6270752;399,8386793
57,96370904;-52,40559387;46,27670288;393,6758118;399,8356216
57,97377304;-52,88002014;46,50173187;393,9020386;400,1468775
57,98383704;-52,29389954;46,28902435;393,9245911;400,0673808
57,99390104;-52,76856232;46,62450409;393,8307495;400,0762737
58,00396504;-52,32215118;46,27763748;394,0534973;400,1966841
58,01402904;-52,67847443;46,31645966;393,9645081;400,160305
58,02409304;-52,38509369;46,09639359;393,9020996;400,034923
58,03415604;-52,96418762;46,36766815;394,2041321;400,4398376
58,04422004;-52,42275238;46,02226257;393,868042;399,9977851
58,05428404;-52,7539978;46,07990265;393,9038696;400,0832416
58,06434804;-52,13069153;46,01102448;393,8721008;399,9623172
58,07441204;-52,70288086;45,99268341;393,7832947;399,9477513
58,08447604;-52,27362823;46,04062653;393,7667847;399,8806725
58,09454004;-52,7510376;46,07280731;393,664032;399,8459023
58,10460404;-52,04391479;46,31751251;393,7901306;399,9056739
58,11466804;-52,30974579;46,37599182;393,7390442;399,896833
58,12473204;-52,75723267;46,47333527;394,1049805;400,3271564
58,13479604;-52,24943542;46,27405167;394,1061401;400,2386052
58,14485904;-52,88541412;46,37590027;394,0189209;400,2480496
58,15492304;-52,23834991;46,36872101;394,3227844;400,4614361
58,16498704;-52,67635345;46,42047501;394,102417;400,3078488
58,17505104;-52,1517334;46,51618958;393,8021851;399,9546476
58,18511504;-52,74626923;46,62171936;394,114624;400,3524578
58,19517904;-52,22714996;46,46747208;394,424408;400,5714852
58,20524304;-52,6339035;46,47315216;394,1452942;400,3505896
58,21530704;-52,17392731;46,49988556;394,2310791;400,3779487
58,22537104;-52,81935883;46,23207092;394,2979126;400,497357
58,23543504;-52,31950378;46,22367096;393,9265137;400,0650652
58,24549804;-52,8584671;46,29018402;393,9040527;400,1214834
58,25556204;-52,34816742;46,30938339;394,0241394;400,1748519
58,26562604;-52,7634964;46,43445587;394,0131226;400,2330396
58,27569004;-52,09844208;46,22700882;394,2008972;400,3067966
58,28575404;-52,81084442;46,4932518;394,5403748;400,765162
58,29581804;-52,26031494;46,28139114;394,0834351;400,2185172
58,30588204;-52,71250153;46,05018234;393,8168335;399,9886567
58,31594604;-52,28935242;46,15573883;393,8040466;399,932689
58,32601004;-52,74872589;46,20999146;394,3280029;400,5151249
58,33607404;-52,28939056;46,26717377;394,8147888;400,9408301
58,34613804;-52,89146423;46,28590393;394,2806396;400,4960857
58,35620104;-52,49810028;46,19768524;394,4536133;400,6044554
58,36626504;-52,813591;46,26143646;394,0982056;400,3033744
58,37632904;-52,35037994;46,26314926;394,2481384;400,3903544
58,38639304;-52,76670837;46,37831116;394,3079224;400,5171793
58,39645704;-52,38872528;46,16440582;394,2666931;400,402243
58,40652104;-52,81345367;46,19919586;394,1916809;400,3881965
58,41658504;-52,41342926;45,95574951;393,9500732;400,0696923
58,42664904;-52,91100311;46,24215698;393,9152222;400,1338696
58,43671304;-52,2256012;46,14593887;393,9554443;400,07231
58,44677704;-52,49246216;46,25556946;394,1030884;400,2652627
58,45684104;-51,84579468;46,02643585;394,1217957;400,1729739
58,46690404;-52,35731506;46,1732254;393,9802246;400,1170736
58,47696804;-52,15245819;45,92081451;393,7767334;399,8608706
58,48703204;-52,85901642;45,74239349;394,0874329;400,2391122
58,49709604;-52,45892334;45,95047379;394,0889282;400,211779
58,50716004;-52,66635132;45,9567337;394,1784973;400,3279327
58,51722404;-52,29961395;46,04830933;394,2315369;400,3426046
58,52728804;-52,68314362;46,10409546;393,9732666;400,1450188
58,53735204;-52,43508148;46,00901031;393,9774475;400,105606
58,54741604;-52,92462921;45,9753685;393,8763733;400,0666798
58,55748004;-52,54460907;46,34043121;393,9649963;400,1459607
58,56754404;-52,9890213;46,44948196;393,7639465;400,019295
58,57760704;-52,58699799;46,16697693;393,852356;400,020575
58,58767104;-53,02513123;45,9692955;393,8494568;400,0527906
58,59773504;-52,65675354;45,80802155;393,9035645;400,0389064
58,60779904;-53,01296997;46,22544861;393,9893494;400,2184085
58,61786304;-52,26541901;46,17783737;393,9926453;400,1178217
58,62792704;-52,60325623;46,25193405;394,0065918;400,1843804
58,63799104;-52,33583832;46,19671631;393,6833191;399,8246269
58,64805504;-52,81606293;46,4662056;393,5812378;399,8185032
58,65811904;-52,480896;46,2642746;393,5691528;399,7390469
58,66818304;-53,01593781;46,5582428;393,7648621;400,0364061
58,67824704;-52,62139893;46,30012894;393,7476807;399,9374321
58,68831004;-52,76082611;46,18625641;393,7020874;399,8977478
58,69837404;-52,14904785;45,76832581;393,8998718;399,9642132
58,70843804;-52,69714355;46,2919693;393,9959412;400,1908757
58,71850142;-52,35681152;46,15054321;394,0508118;400,183896
58,72856542;-52,88160706;46,40151978;393,8527832;400,0869658
58,73862942;-52,41895294;46,10023117;393,6038208;399,7461015
58,74869342;-52,5378952;46,24728775;393,8305054;400,0018863
58,75875742;-52,17632294;46,10350418;393,9263916;400,0323784
58,76882142;-52,5594635;46,03450775;393,555481;399,7093815
58,77888542;-52,41390228;45,87273407;393,952179;400,0623004
58,78894942;-53,01231384;46,19984436;394,1213379;400,345301
58,79901242;-52,57171631;45,91377258;394,1269836;400,2598395
58,80907642;-53,13049316;46,28071976;393,9900208;400,2410408
58,81914042;-52,4987793;46,0421524;393,9222717;400,0634422
58,82920442;-52,87775421;46,25560379;393,9706421;400,1855877
58,83926842;-52,19861603;46,09221649;393,9813232;400,0880791
58,84933242;-52,66870117;45,76996613;393,7009277;399,8365946
58,85939642;-52,27897644;45,75028229;393,9472046;400,0257238
58,86946042;-52,73851013;46,00427628;393,741272;399,9124068
58,87952442;-52,53625488;45,99649811;393,7003174;399,8445646
58,88958842;-52,61334991;46,27413559;394,0943298;400,274657
58,89965242;-52,23789215;46,28738403;393,7894287;399,9267851
58,90971542;-52,82865143;46,60479355;393,8552551;400,1060299
58,91977942;-52,50297546;46,35146332;393,7098999;399,8906174
58,92984342;-52,80784607;46,35432434;393,6648865;399,8867775
58,93990742;-52,47279358;46,22434235;393,7485962;399,910041
58,94997142;-52,8633728;46,29287338;393,7630615;399,9836433
58,96003542;-52,50895691;46,16917038;393,8917236;400,049338
58,97009942;-52,85567474;46,34944534;393,5907593;399,8195583
58,98016342;-52,37290192;46,13843155;393,8137512;399,95118
58,99022742;-52,71665955;46,37378311;393,7678223;399,9783392
59,00029142;-52,54387665;46,03689575;393,8169556;399,96506
59,01035542;-52,71966553;46,20894623;394,0289917;400,2167864
59,02041842;-52,70001221;46,0499115;393,6761169;399,8484346
59,03048242;-52,88741302;46,0138092;393,7845764;399,9758014
59,04054642;-52,69597626;46,04982758;393,6382446;399,8106054
59,05061042;-52,85858917;46,12874985;393,2201843;399,4296
59,06067442;-52,52767944;46,04866791;393,7530518;399,9013662
59,07073842;-52,79499817;46,44630432;393,6198425;399,8514117
59,08080242;-52,55088806;46,33061981;393,7228088;399,9072047
59,09086642;-52,90279388;46,45553207;393,5212097;399,7696394
59,10093042;-52,50926208;46,2246666;393,5513;399,7206126
59,11099442;-52,88815308;46,62968063;393,801178;400,0635595
59,12105842;-52,30226135;46,42852783;393,6481323;399,8124396
59,13112142;-52,98484039;46,60305786;393,5808105;399,8563401
59,14118542;-52,71376038;46,32855988;394,0364685;400,2371978
59,15124942;-52,78125;46,53491592;394,0307617;400,2644125
59,16131342;-52,64458466;46,37748718;393,9959412;400,1938596
59,17137742;-52,7543335;46,61412811;393,9805298;400,2206323
59,18144142;-52,52998352;46,31625366;393,8737183;400,0513723
59,19150542;-52,52173615;46,75432968;393,9497986;400,1761411
59,20156942;-52,39047241;46,68092728;393,8423767;400,0446078
59,21163342;-52,70860291;46,87275696;393,5339661;399,8052459
59,22169742;-52,50606537;46,39085388;393,6474609;399,8341178
59,23176142;-53,11235809;46,43716431;393,7044678;399,9756752
59,24182442;-52,56332397;46,26160812;393,5625916;399,7431086
59,25188842;-52,7220993;46,74389648;393,589386;399,846491
59,26195242;-52,63607788;46,38897705;393,8432007;400,0436984
59,27201642;-52,69281769;46,24996948;393,5301819;399,7269027
59,28208042;-52,60083771;46,47882843;394,1985779;400,3993612
59,29214442;-52,56267548;46,17248154;394,1976624;400,3580022
59,30220842;-52,87889862;46,090065;394,3604736;400,5504402
59,31227242;-52,53713226;45,7053833;393,9250183;400,0325641
59,32233642;-52,74350739;46,13842773;393,7770081;399,9637036
59,33240042;-52,50754547;45,95365906;393,8174744;399,9512273
59,34246442;-52,65884399;46,2430687;393,6437683;399,8334548
59,35252742;-52,51639557;46,0573082;393,671936;399,8210108
59,36259142;-52,78182983;46,44975662;393,9300842;400,1554857
59,37265542;-52,62184906;46,12724686;393,4138184;399,5888066
59,38271942;-52,65516663;46,37043762;393,780365;399,9821995
59,39278342;-52,55970001;46,06150818;393,9525757;400,1035072
59,40284742;-52,80331421;46,14559937;393,5190125;399,7184253
59,41291142;-52,7216568;46,15133667;393,7136536;399,8999375
59,42297542;-52,75298309;46,48048019;393,9590759;400,18379
59,43303942;-52,53972626;45,99960709;394,1122131;400,2509503
59,44310342;-52,90743256;46,1674118;394,1114807;400,3179806
59,45316742;-52,64673615;46,00601959;394,0315857;400,1863606
59,46323142;-52,79277802;46,29843903;394,295166;400,498815
59,47329442;-52,59812164;45,86733246;394,1147461;400,245934
59,48335842;-52,79220581;46,61123657;393,8560486;400,102751
59,49342242;-52,6550827;46,01460648;394,2558289;400,4092411
59,50348642;-52,71841431;46,35718536;394,3484497;400,5482738
59,51355042;-52,52601624;46,28484344;394,4890137;400,6530307
59,52361442;-52,70925903;46,38198471;394,1949158;400,3987839
59,53367842;-52,45726013;46,46663666;394,1538696;400,3350914
59,54374242;-52,77006531;46,73925018;394,446228;400,6957251
59,55380642;-52,56026459;46,40337753;394,1823425;400,3692971
59,56387042;-52,5771637;46,5199585;394,5851746;400,7816421
59,57393442;-52,55735779;46,30044174;394,2533569;400,4269174
59,58399742;-52,77470398;46,44365692;394,389801;400,6064126
59,59406142;-52,59422302;46,26140213;394,1487427;400,3242448
59,60412542;-53,00823975;46,50173187;394,0942383;400,3530357
59,61418942;-52,64266968;46,13340378;393,96698;400,1368802
59,62425342;-52,97476196;46,50952148;393,913208;400,1713089
59,63431742;-52,68084717;46,38936615;394,0351257;400,2385854
59,64438142;-52,60363007;46,32173157;394,2988281;400,4802249
59,65444542;-52,61386108;46,15646744;394,1365662;400,3027238
59,66450942;-52,52848053;46,50463486;394,2904053;400,4832656
59,67457342;-52,48932648;46,10654831;394,4663391;400,6053368
59,68463742;-52,86639404;46,46320343;394,06073;400,2968196
59,69470142;-52,62348938;46,21776962;393,9546204;400,1319242
59,70476442;-52,79381561;46,58739471;393,9596558;400,2021773
59,71482842;-52,56975555;46,30464935;393,9804382;400,1603247
59,72489296;-52,68307495;46,17865753;393,7196655;399,9039257
59,73495696;-52,70753479;46,13766861;394,0184021;400,1965391
59,74502096;-52,91887665;46,29069138;394,0174561;400,2411664
59,75508496;-52,80462646;46,09233475;394,0888367;400,2734604
59,76514896;-52,99127197;46,36948395;393,9636536;400,2069018
59,77521296;-52,76185608;45,89019394;393,9348755;400,093001
59,78527696;-52,80144501;45,94889832;393,4597168;399,6371387
59,79534096;-52,62284851;45,97586823;394,0768738;400,224346
59,80540496;-52,67093658;46,34152222;393,9638672;400,1615835
59,81546796;-52,46560669;46,03129578;393,7867737;399,9244219
59,82553196;-52,60957336;46,27141953;393,861145;400,0442638
59,83559596;-52,71800995;45,93230057;393,8456726;400,0042233
59,84565996;-52,5723877;46,50904083;394,0251465;400,2283884
59,85572396;-52,40216064;46,00917435;394,3451233;400,4633652
59,86578796;-52,54271698;46,12530136;394,320282;400,4706797
59,87585196;-52,63207245;45,88713455;394,1698608;400,3069364
59,88591596;-52,53643799;46,08361435;394,2172546;400,3636106
59,89597996;-52,17837524;45,92967224;394,1286316;400,2118138
59,90604396;-52,31885529;46,18262482;394,0430908;400,1750303
59,91610796;-52,4259491;45,88425827;394,2320557;400,3408036
59,92617196;-52,77072906;46,04453278;394,1980896;400,3710563
59,93623496;-52,76464844;45,86690903;394,1304932;400,2833086
59,94629896;-52,81375122;46,42628479;394,3340454;400,554655
59,95636296;-52,54571533;46,33388519;394,0548706;400,2338344
59,96642696;-52,67067719;46,30379105;394,1312561;400,3219808
59,97649096;-52,84838867;45,88502502;394,3116455;400,4747951
59,98655496;-52,74338531;46,34183121;394,015625;400,2221168
59,99661896;-52,48712921;46,224617;394,052948;400,2116187
60,00668296;-52,71483612;46,11997604;394,4075012;400,5785605
60,01674696;-52,59431458;45,81433868;394,1340332;400,2583562
60,02681096;-52,40679169;46,07516479;393,9713745;400,1035323
60,03687496;-52,43808746;45,9837265;394,0866394;400,2106139
60,04693796;-52,46115112;46,34357452;394,1759644;400,3430906
60,05700196;-52,42070007;46,05372238;394,3190002;400,4451886
60,06706596;-52,46713257;46,23583984;393,9759216;400,134452
60,07712996;-52,36689758;46,10224533;394,4162903;400,5395349
60,08719396;-52,73226166;46,15421295;393,8941345;400,0793571
60,09725796;-52,33004761;46,18507385;393,9113159;400,0470219
60,10732196;-52,56404114;46,21646118;394,0330505;400,2011802
60,11738596;-52,42015076;46,42227936;394,08078;400,2531217
60,12744996;-52,73984528;46,52612305;394,2786255;400,5019425
60,13751396;-52,55138397;46,29416275;394,5754395;400,7425294
60,14757796;-52,563591;46,48948669;394,0476685;400,2471343
60,15764196;-52,52833557;46,29103851;394,0918884;400,263042
60,16770496;-52,5369339;46,29314423;394,2548523;400,4248658
60,17776896;-52,51454163;46,36103058;393,9978333;400,1767295
60,18783296;-52,67824554;46,51518631;394,1088562;400,3254309
60,19789696;-52,50846863;46,29613876;394,3734741;400,5382739
60,20796096;-52,51852417;46,25112915;394,2081909;400,3716525
60,21802496;-52,69898224;46,18561554;394,6561279;400,8288327
60,22808896;-52,65656281;46,48703003;394,7843323;400,9843221
60,23815296;-52,27907562;46,23062897;394,595459;400,7192896
60,24821696;-52,50515747;46,72201157;394,7353516;400,9435567
60,25828096;-52,42484283;46,57851791;394,3711853;400,5578039
60,26834496;-52,48779297;46,44418335;393,8894958;400,0761996
60,27840896;-52,42214203;46,23103333;393,9808044;400,1328076
60,28847196;-52,43191528;46,44590759;394,019043;400,1966195
60,29853596;-52,39264679;46,43545532;394,2423706;400,4101494
60,30859996;-52,46291351;46,67642212;394,3406677;400,5441398
60,31866396;-52,54085541;46,64901733;394,433197;400,6422584
60,32872796;-52,62483215;46,62590408;394,2654419;400,4854386
60,33879196;-52,69242859;46,42512894;394,3659058;400,5699093
60,34885596;-52,60714722;46,48628235;394,4963379;400,6942063
60,35891996;-52,47257233;46,34708786;394,5362854;400,6997678
60,36898396;-52,70118713;46,40499496;394,4169617;400,618994
60,37904796;-52,43746948;46,25211334;394,3228149;400,4740049
60,38911196;-52,54489899;46,12720108;393,8863525;400,0439273
60,39917596;-52,56330109;46,36761856;394,3951416;400,5750671
60,40923896;-52,89823914;46,5092659;394,2937012;400,5357141
60,41930296;-52,55905151;46,47874832;394,2736511;400,4677764
60,42936696;-52,41506958;46,42660141;394,2507324;400,4202903
62,42106233;-58,35303497;45,01915741;492,3576355;497,8431906
62,43112633;-58,17089844;45,18701172;492,3628845;497,8422737
62,44119033;-58,02984619;45,70357513;492,3357239;497,8461056
62,45125433;-57,76651764;46,21300125;492,1624451;497,6911536
62,46131833;-57,94368744;46,25489044;492,0834045;497,6374813
62,47138233;-57,62163544;45,83700562;492,0843201;497,5623197
62,48144633;-57,8904953;45,22754669;492,3486633;497,7992032
62,49150933;-57,60311127;44,16108704;492,4065857;497,727401
62,50157333;-57,61681366;43,84726715;492,7808533;498,0715304
62,51163733;-57,14930725;43,65272522;492,8205261;498,0398324
62,52170133;-57,1408844;44,03058624;492,6794739;497,9325629
62,53176533;-56,60757446;44,22271729;492,1845398;497,3989218
62,54182933;-56,71813965;44,99305344;492,1523132;497,4487126
62,55189333;-56,16890717;45,34337616;491,7999573;497,0695785
62,56195733;-56,59799194;45,63231277;491,4527283;496,8011924
62,57202033;-56,41386414;45,51461792;491,7232971;497,0371268
62,58208433;-56,71592712;45,4933815;491,7226868;497,0689538
62,59214833;-56,99620056;44,83971405;491,9843445;497,3004746
62,60221233;-57,14141083;44,6190567;492,1114807;497,4230699
62,61227633;-56,94244385;43,59568405;492,0439148;497,2426366
62,62234033;-57,13313293;43,8178978;492,2826843;497,5202954
62,63240433;-56,85755157;43,36616898;492,1947937;497,3621625
62,64246833;-57,02837372;44,11510849;492,2722473;497,5242142
62,65253133;-57,14572906;44,30745697;492,0566711;497,341485
62,66259533;-57,1947403;44,79635239;492,0679626;497,4020822
62,67265933;-57,25353241;44,95827484;491,7148743;497,0741705
62,68272333;-57,58358002;45,43898392;492,10495;497,541809
62,69278733;-57,52877045;45,18902206;491,8465881;497,2571502
62,70285133;-57,91435242;45,18536377;492,5717468;498,0187899
62,71291533;-57,88420868;44,36397171;492,5157776;497,8860661
62,72297933;-58,3034668;44,40777969;492,4165344;497,840726
62,73304233;-57,84056091;43,87137222;492,3983459;497,7211658
62,74310633;-58,10474396;44,00456238;492,8174133;498,1782469
62,75317033;-57,96258545;44,00123596;492,5787659;497,9253063
62,76323433;-58,24906921;44,28552628;492,3539124;497,7615261
62,77329833;-58,08011627;44,53189087;492,4676819;497,8762968
62,78336233;-58,22734833;44,99018097;492,714325;498,1786291
62,79342633;-58,03180695;44,68028641;492,6202087;498,0348268
62,80349033;-58,12369537;45,07351685;492,0456238;497,5126951
62,81355333;-58,06562042;44,69511795;492,3026428;497,7259909
62,82361733;-58,07073212;44,76612854;492,5247498;497,9526537
62,83368133;-58,02003479;44,32125092;492,7864075;498,1657767
62,84374533;-57,89311218;44,6215744;492,6671448;498,0598487
62,85380933;-57,41886139;44,24370575;492,9028625;498,204439
62,86387333;-57,5952301;44,51373291;492,7429504;498,0906525
62,87393733;-57,3297348;44,19630051;492,4014587;497,6938899
62,88400133;-57,26081085;44,62245941;492,3788147;497,7015788
62,89406433;-57,24427032;44,45297623;492,193573;497,5012431
62,90412833;-57,19056702;44,78974915;492,3848572;497,7145067
62,91419233;-57,17360687;44,57276535;492,5307922;497,8374574
62,92425633;-57,32669067;44,65473175;492,4516907;497,7841522
62,93432033;-57,17940521;44,34885406;492,096283;497,3882356
62,94438433;-57,11214447;44,80230331;491,9611511;497,2874598
62,95444833;-56,89901733;44,71549606;491,9014587;497,1961573
62,96451233;-57,13258362;44,83174896;491,8232117;497,156001
62,97457533;-57,21785736;44,62028503;491,9184265;497,2409792
62,98463933;-57,24284363;44,79408264;492,1615295;497,499974
62,99470333;-57,1304245;44,4677887;492,0862732;497,3833229
63,00476733;-57,39105225;44,54572296;491,8919983;497,2281089
63,01483133;-57,3683548;44,27476501;492,3562927;497,6606293
63,02489533;-57,56253052;44,58571243;492,3786316;497,7329078
63,03495933;-57,66456604;44,67759705;492,3264465;497,701336
63,04502333;-58,07105255;44,99571609;492,634613;498,082045
63,05508633;-57,61774445;44,63241196;492,4519958;497,8160553
63,06515108;-57,9569397;44,59124756;492,5479431;497,9466462
63,07521508;-57,88528442;44,42875671;492,2707214;497,6495592
63,08527908;-57,67111969;44,38994598;492,405426;497,7544866
63,09534308;-58,27642059;44,31609726;492,7135925;498,1232196
63,10540708;-57,74182129;44,06487274;492,7087708;498,0338982
63,11547108;-57,95790863;44,36706161;492,7077332;498,0847976
63,12553508;-58,00050354;44,29514313;492,4273376;497,8059873
63,13559808;-57,92849731;44,74928284;492,381073;497,7924569
63,14566208;-57,5762558;44,76897049;492,5951843;497,965161
63,15572608;-57,97499847;44,96039581;492,2238464;497,6613835
63,16579008;-57,55098724;44,68053055;492,2613831;497,6240902
63,17585408;-57,71149445;45,06998444;492,3085632;497,7244635
63,18591808;-57,31158447;44,57854462;492,3287659;497,6539742
63,19598208;-57,41905975;44,77326584;492,3079529;497,6632538
63,20604608;-57,24183655;44,30133057;492,3007507;497,5934735
63,21610908;-57,27894592;44,15182114;492,2949524;497,5787185
63,22617308;-57,09025574;44,12110138;492,4739075;497,7313718
63,23623708;-57,04940033;44,42003632;492,1243591;497,4074372
63,24630108;-56,89963531;44,27648163;491,7118835;496,969367
63,25636508;-56,89477539;44,62896729;491,7674255;497,0552897
63,26642908;-57,14517975;44,84827423;491,877655;497,2127983
63,27649308;-56,94120026;45,1323967;491,927948;497,2648585
63,28655708;-57,07722473;45,17047882;492,3760071;497,7271482
63,29662008;-57,53535461;45,19769287;492,0481262;497,4580455
63,30668408;-57,35370636;44,82260132;492,1296692;497,4837932
63,31674808;-57,50823212;44,86480713;492,3824158;497,755453
63,32681208;-57,43890381;44,67429733;492,3486023;497,6968623
63,33687608;-57,83465576;44,56945801;492,0295715;497,4177151
63,34694008;-57,49603271;44,35220337;492,2605896;497,58758
63,35700408;-57,72502136;44,73825073;492,4654846;497,8513259
63,36706808;-57,66588593;44,68594742;492,1765442;497,5539558
63,37713108;-57,95397186;44,87226486;492,1885071;497,6160262
63,38719508;-57,93319702;44,72092438;492,1243591;497,5365326
63,39725908;-58,01270294;44,78901672;492,0843811;497,5123796
63,40732308;-57,99460602;44,87816238;492,2049866;497,6375916
63,41738708;-58,12173462;44,96044922;492,4653625;497,917374
63,42745108;-58,06764221;44,86263657;492,1741028;497,6141625
63,43751508;-58,21881104;44,81578064;492,2263489;497,6792769
63,44757908;-58,21257019;44,487957;492,2521057;497,6746098
63,45764208;-58,41959381;44,49565125;492,3347473;497,7812927
63,46770608;-58,15575409;44,24353027;492,5519714;497,9427942
63,47777008;-58,08082581;44,5292511;492,4142761;497,8233179
63,48783408;-57,87036133;44,32357788;492,3907166;497,7571456
63,49789808;-58,24362946;44,37873077;491,9075012;497,3276404
63,50796208;-57,7756424;44,58636475;492,0375061;497,4202209
63,51802608;-58,02970123;44,75069809;492,0667419;497,493467
63,52809008;-57,56108093;44,63393784;492,3618469;497,7204584
63,53815308;-57,73727417;44,73415375;492,349884;497,7380291
63,54821708;-57,55445862;44,51289749;492,3672791;497,7142265
63,55828108;-57,62133789;44,37466049;492,6636658;498,0028279
63,56834508;-57,23429871;44,55569839;492,1878967;497,5036692
63,57840908;-57,17469025;44,10506821;492,3739319;497,6407249
63,58847308;-57,19274902;44,19018936;492,1307068;497,4097063
63,59853708;-57,3049469;44,37898254;492,3941345;497,7000449
63,60860108;-57,2660141;44,42458344;492,1628723;497,4708362
63,61866408;-57,29728699;44,50765228;492,3232727;497,640548
63,62872808;-57,22532654;44,57418442;492,202301;497,5185434
63,63879208;-57,65112305;44,74385071;492,2544861;497,6345479
63,64885608;-57,29862976;44,68768311;492,6061707;497,9367042
63,65892008;-57,51848602;44,65383911;492,1044617;497,4627049
63,66898408;-57,47370148;44,53872299;492,1278992;497,4703944
63,67904808;-57,64646149;44,27709579;492,3368225;497,6737109
63,68911208;-57,49204254;44,25976944;492,4619446;497,7780921
63,69917508;-57,47542572;44,12340927;492,6734314;497,9733023
63,70923908;-57,37568665;44,07844543;492,6963196;497,9804636
63,71930308;-57,63683319;43,98918915;492,6365662;497,9436109
63,72936708;-57,35939026;44,05845261;492,8020325;498,0814091
63,73943108;-57,49697876;44,27721786;492,639679;497,9560501
63,74949508;-57,71085358;44,33952332;492,5796204;497,9269207
63,75955908;-57,90543365;44,41403961;492,5249329;497,9020543
63,76962308;-57,63363647;44,52412796;492,5718689;497,9267818
63,77968608;-57,90853882;44,42583084;492,5322571;497,9107125
63,78975008;-57,58506775;44,27200699;492,4653015;497,7932541
63,79981408;-57,87317657;44,16188812;492,3349304;497,6879149
63,80987808;-57,84236908;44,03352737;492,6673279;498,0017943
63,81994208;-57,78487396;44,14677429;492,6231995;497,9614905
63,83000608;-57,70313263;44,1260376;492,5152893;497,8434181
63,84007008;-57,88996887;44,00326157;492,2749939;497,6165242
63,85013408;-57,88972473;44,33840179;492,5675964;497,9356898
63,86019708;-57,61968994;44,47740555;492,6126404;497,9613255
63,87026108;-57,57093048;44,47244263;492,3626404;497,7079262
63,88032508;-57,66703796;44,53975677;492,490509;497,8515629
63,89038908;-57,43431091;44,24158478;492,591095;497,8975846
63,90045308;-57,45249939;44,47066879;492,5281067;497,8577768
63,91051708;-57,56155396;44,52413177;492,3591003;497,7079611
63,92058108;-57,40962982;44,37666702;492,1316223;497,4521966
63,93064508;-57,38046265;44,23917389;492,0039978;497,3103215
63,94070808;-57,35346985;44,04286957;492,1811218;497,4650254
63,95077208;-57,33733368;44,30718994;492,2851257;497,5895316
63,96083608;-57,34490204;44,54182434;492,092804;497,4210888
63,97090008;-57,12910461;44,61750031;491,8807068;497,1932076
63,98096408;-57,66652679;44,82035065;492,0375671;497,4286478
63,99102808;-57,59650421;44,42293167;492,0579529;497,4050494
64,00109208;-57,71784973;44,45309448;491,926178;497,2914562
64,01115608;-57,59213257;44,35413361;492,1812439;497,5203712
64,02121908;-57,64653015;44,41896439;492,2316589;497,5823278
64,03128308;-57,49653625;44,33699799;492,2884216;497,6138173
64,04134708;-57,51431274;44,13770294;492,2200012;497,530464
64,05141108;-57,84211731;44,29146576;492,3287659;497,6897208
64,06147471;-57,99349213;44,14776611;492,443634;497,8081991
64,07153871;-57,85715485;44,40945053;492,4257507;497,7979205
64,08160271;-57,57876587;44,3098526;492,6665955;497,9950317
64,09166671;-57,86633301;44,58765411;492,7467346;498,132428
64,10173071;-57,82273102;44,62892914;492,5846252;497,9707045
64,11179371;-58,20668793;44,58345032;492,5924988;498,0191486
64,12185771;-57,92047882;44,70532227;492,830658;498,2322803
64,13192171;-58,05799103;44,64263916;492,8893127;498,3006825
64,14198571;-57,75125122;44,5730896;492,2077332;497,5845857
64,15204971;-57,86706543;44,57404327;492,6281433;498,0139859
64,16211371;-58,05380249;44,39950562;492,2590637;497,6550471
64,17217771;-57,99659729;44,47154617;492,7436218;498,1341191
64,18224171;-57,91612244;44,08448792;492,8695374;498,2149136
64,19230471;-57,83216095;44,27128601;493,0317688;498,3822134
64,20236871;-57,71767426;44,31722641;492,6445007;497,9899101
64,21243271;-57,77446747;44,45151138;492,4457703;497,8118747
64,22249671;-57,57891083;44,7049408;492,5563049;497,9212551
64,23256071;-57,51891327;44,61445236;492,3328552;497,6851566
64,24262471;-57,47388458;44,2236557;492,3108826;497,6233357
64,25268871;-57,58743286;44,4567337;492,3785706;497,724191
64,26275271;-57,57171631;44,68689728;492,4419861;497,8057161
64,27281571;-57,67443848;44,52947998;492,1932068;497,557402
64,28287971;-57,92922211;44,5211792;492,0343323;497,4291048
64,29294371;-57,39129639;44,40768051;492,0954285;497,417042
64,30300771;-57,68225861;44,07000351;492,0801697;497,4055705
64,31307171;-57,38266754;44,20759583;491,9073792;497,2121798
64,32313571;-57,52147675;44,67227173;491,6494446;497,0145959
64,33319971;-57,46030426;44,5672226;491,5974426;496,9466465
64,34326371;-57,59901428;44,62049103;491,5761414;496,946413
64,35332671;-57,63447571;44,74879837;492,1079407;497,4881034
64,36339071;-57,6391449;44,95500183;491,8491516;497,2512556
64,37345471;-57,38903046;44,69578552;491,8440247;497,1938844
64,38351871;-57,82213593;44,46690369;491,7190857;497,0999539
64,39358271;-57,74144745;44,42520905;491,7104797;497,0783337
64,40364671;-57,76987457;44,3164978;491,7076721;497,0691554
64,41371071;-57,8988266;44,38177109;491,6249695;497,0081753
64,42377471;-58,0247345;44,29130554;491,9518127;497,3380899
64,43383771;-57,98987579;44,36056137;491,8912659;497,2803058
64,44390171;-58,12055206;44,32948303;491,9302673;497,331368
64,45396571;-57,83755493;44,37577057;491,8583069;497,2313202
64,46402971;-57,79581451;44,44030762;491,9985046;497,3709136
64,47409371;-57,90068817;44,18227005;492,0376282;497,3988241
64,48415771;-57,78422546;44,33296967;492,2588806;497,6175584
64,49422171;-57,25718689;44,56428909;492,1271667;497,4469917
64,50428571;-57,70743561;44,47060013;492,6964417;498,0537782
64,51434871;-57,61865234;44,39493179;492,5225525;497,8647244
64,52441271;-57,70474243;44,39435577;492,3365784;497,6906695
64,53447671;-57,39450073;44,46044159;492,2736511;497,5984397
64,54454071;-57,57502747;44,55799866;492,2806091;497,6349035
64,55460471;-57,28383636;44,21403122;492,3058167;497,5955542
64,56466871;-57,53199768;44,35148239;492,5331726;497,861337
64,57473271;-57,25183105;44,44405746;492,3904724;497,6961158
64,58479671;-57,41766357;44,45834351;492,3294983;497,6561738
64,59486071;-57,40299988;44,40971756;492,4343567;497,753878
64,60492371;-57,59181213;44,53437042;491,9692688;497,3267421
64,61498771;-57,56577301;44,42446899;492,3430481;497,6836633
64,62505171;-57,72426605;44,43407059;492,4604187;497,8189847
64,63511571;-57,30673218;44,26941681;492,3472595;497,6441166
64,64517971;-57,56839752;44,39925003;492,3121643;497,6511639
64,65524371;-57,43558502;44,22106934;492,028717;497,3395297
64,66530771;-57,8356781;44,537323;492,1469421;497,5310558
64,67537171;-57,11981201;44,4597168;492,316864;497,6095195
64,68543471;-57,75444031;44,63401794;492,4656677;497,8455632
64,69549871;-57,62099457;44,51357651;492,3274231;497,6825585
64,70556271;-57,82041168;44,78691101;492,5160828;497,9168195
64,71562671;-57,82604218;44,29960632;492,6035461;497,9604
64,72569071;-58,03791046;44,62896729;492,7308044;498,1403311
64,73575471;-57,8886795;44,53229141;492,5776672;497,9628324
64,74581871;-57,939888;44,77109146;492,5619202;497,9746243
64,75588271;-57,71060944;44,3833046;492,1394958;497,4954025
64,76594571;-58,13479614;44,7647438;492,3091125;497,7467218
64,77600971;-57,58810425;44,67925262;491,8138123;497,1855301
64,78607371;-57,8085556;44,81679535;492,4593201;497,8619851
64,79613771;-57,58766937;44,54842377;492,2851257;497,639977
64,80620171;-57,81215668;44,58364105;492,5751648;497,9560618
64,81626571;-57,29257965;44,48563766;492,3842468;497,6983606
64,82632971;-57,46144867;44,82493591;492,4410706;497,8044806
64,83639371;-57,5062561;44,49090195;492,1705017;497,5120226
64,84645771;-57,76734161;44,57046509;492,4407654;497,8167329
64,85652071;-57,60516357;44,38123322;492,0809021;497,4250325
64,86658471;-57,86746979;44,70817566;492,214447;497,6168475
64,87664871;-57,63758087;44,47436142;492,2999573;497,6538028
64,88671271;-57,82621765;44,55415344;492,6799011;498,0586602
64,89677671;-57,43744659;44,2486763;492,4686584;497,7774454
64,90684071;-57,87962341;44,64239502;492,1888733;497,5870589
64,91690471;-57,54375458;44,54500961;492,0523376;497,4043069
64,92696871;-57,88544464;44,53406906;492,3971252;497,7840264
64,93703171;-57,36790466;44,51044464;492,2487488;497,5752072
64,94709571;-57,92770386;44,84387207;492,2046814;497,6264062
64,95715971;-57,15945435;44,57971954;492,2135315;497,5225776
64,96722371;-57,68553162;44,85624313;492,0973206;497,4931919
64,97728771;-57,23641968;44,17995071;492,1974182;497,479823
64,98735171;-57,72024536;44,52793503;492,3354187;497,7032532
64,99741571;-56,88894653;44,34383392;492,1992493;497,4563587
65,00747971;-57,5054245;44,72093964;492,087677;497,4506188
65,01754271;-57,21198273;44,65423203;491,9275208;497,2523475
65,02760671;-58,17313385;44,8466568;492,0441589;497,4965231
65,03767071;-57,36321259;44,39418793;491,7691345;497,0897945
65,04773471;-57,79911804;44,60158157;492,0924377;497,4786492
65,05779871;-57,36343384;44,49805832;492,3208923;497,6449555
65,06786371;-58,19346619;44,47048187;492,3177185;497,7357122
65,07792771;-57,47042084;44,06985474;491,5881653;496,8942801
65,08799171;-58,06404114;44,43484497;491,9707947;497,3742566
65,09805571;-57,63192749;44,3515625;491,9264221;497,2726666
65,10811871;-58,46154022;44,85097504;492,1047668;497,5906583
65,11818271;-57,55900574;44,34088135;491,9561462;497,2926731
65,12824671;-57,837883;44,72882843;492,0396423;497,4423569
65,13831071;-57,34329987;44,4469986;492,2801208;497,5977362
65,14837471;-57,86616516;44,52405548;492,1703186;497,5565366
65,15843871;-57,26347351;44,08356094;492,2203064;497,4970309
65,16850271;-57,7153244;44,41727448;492,0592957;497,4196452
65,17856671;-57,29817963;44,30045319;492,2776184;497,5769942
65,18862971;-57,72239685;44,47676849;492,0884094;497,4545816
65,19869371;-57,21678162;44,16234589;492,0448914;497,3250929
65,20875771;-57,75818634;44,10704422;492,4917908;497,8248722
65,21882171;-57,05345917;44,0381546;492,212616;497,4612704
65,22888571;-57,72410583;44,41437531;492,0137634;497,3753638
65,23894971;-57,16278839;44,1536026;491,8968201;497,1716068
65,24901371;-57,86314392;44,4977951;491,9860535;497,3715653
65,25907771;-57,29056549;44,29744339;491,9497986;497,2515226
65,26914071;-57,55101776;44,23235321;492,2336121;497,5565793
65,27920471;-56,8771286;44,07634354;492,0593567;497,2928135
65,28926871;-57,58786011;44,48068619;491,789093;497,143244
65,29933271;-56,97203064;44,37065506;491,7342834;497,0082221
65,30939671;-57,68097687;44,50122452;491,7155457;497,0831237
65,31946071;-56,8256073;44,23894882;492,1441956;497,3853068
65,32952471;-57,49226379;44,44800949;492,0572815;497,3945659
65,33958871;-57,05953979;44,42220306;491,7587585;497,0470801
65,34965171;-57,76261139;44,6218338;491,9316101;497,3171386
65,35971571;-57,25637054;44,37662888;491,9396667;497,2446208
65,36977971;-57,70848846;44,42592239;492,1118469;497,4716093
65,37984371;-57,02214813;44,47351837;491,9985657;497,2846346
65,38990771;-57,17596436;44,30878067;491,657135;496,9497936
65,39997171;-57,83005524;44,54373932;491,6911316;497,0801031
65,41003571;-57,5173645;44,40792084;492,184967;497,520203
65,42009971;-58,06628418;44,76442719;492,0388489;497,4713822
65,43016371;-57,59796143;44,76151276;491,9070129;497,2862632
65,44022671;-58,18161011;44,96942902;492,0380554;497,5025601
65,45029071;-57,46302795;44,65673065;491,8353577;497,1903481
65,46035471;-58,13781738;44,80228424;492,0726013;497,5165278
65,47041871;-57,48796844;44,55224228;492,0671692;497,4131761
65,48048271;-58,1307373;44,88972855;492,0526428;497,5038429
65,49054671;-57,56822968;44,52339172;492,2415466;497,5923771
65,50061071;-58,16436005;44,61743927;492,0469055;497,4776034
65,51067471;-57,48726654;44,8513031;491,8489075;497,2240672
65,52073871;-57,90246582;44,92276382;491,8301086;497,260099
65,53080171;-57,06138611;44,58079147;492,0329285;497,3327372
65,54086571;-57,67826843;44,69338608;492,2106628;497,589809
65,55092971;-57,2010498;44,41927338;492,0655212;497,3665742
65,56099371;-57,76647949;44,79790497;492,3097229;497,7074258
65,57105771;-57,28065491;44,56035233;492,1421814;497,4641948
65,58112171;-58,00145721;44,97814178;492,1347351;497,5779334
65,59118571;-57,24956512;44,68884659;491,7254944;497,0599235
65,60124971;-57,77658081;44,69807434;492,1261292;497,5180179
65,61131271;-57,1365509;44,51870728;492,2755432;497,5758346
65,62137671;-57,48670959;44,60023499;492,0631409;497,4133466
65,63144071;-57,23284912;44,4402771;492,044342;497,3511554
65,64150471;-57,78190613;44,81222534;492,3022766;497,7031402
65,65156871;-57,07244873;44,67208862;492,0377502;497,346969
65,66163271;-57,44477844;44,8611145;491,9910583;497,3606575
65,67169671;-57,47426605;44,65484238;492,0196838;497,3738187
65,68176071;-57,77063751;44,96699524;491,9933777;497,4102541
65,69182371;-57,26120758;44,73668289;492,1069641;497,4429423
65,70188771;-57,84929657;44,90740967;492,1485901;497,5675344
65,71195171;-57,34768677;44,77378082;491,8265076;497,178803
65,72201571;-57,52801514;44,88674927;491,9396667;497,3217555
65,73207971;-57,48619843;44,57855225;492,0444641;497,3928679
65,74214371;-57,95810699;44,67774963;492,0854797;497,4970983
65,75220771;-57,39883423;44,48104858;492,1006775;497,42966
65,76227171;-57,80284882;44,79829407;492,1030579;497,5072623
65,77233571;-57,35205841;44,7712822;492,2422791;497,5903813
65,78239871;-57,89927673;44,49228668;492,2982483;497,6840917
65,79246271;-57,51637268;44,41874695;492,0770569;497,4143023
65,80252671;-58,11039734;44,72910309;491,6665955;497,105172
65,81259071;-57,70843506;44,30619812;491,7066956;497,0601343
65,82265471;-57,81755829;44,55326462;492,2729187;497,6549909
65,83271871;-57,33250427;44,57770157;492,0418396;497,3724554
65,84278271;-57,56472778;44,61416626;492,2338562;497,5924948
65,85284671;-57,28531647;44,30300903;492,2124329;497,5112493
65,86291071;-57,72412872;44,65231705;492,5319519;497,9092569
65,87297371;-57,03852081;44,29319382;492,4593201;497,726292
65,88303771;-57,63697815;44,43225861;492,2443542;497,594967
65,89310171;-57,17136383;44,54496765;492,5823059;497,8856767
65,90316571;-57,71386719;44,61244583;492,4699402;497,8431508
65,91322971;-57,18502808;44,53275299;492,4310608;497,7365198
65,92329371;-57,69998169;44,55886459;492,3292542;497,6975736
65,93335771;-56,98769379;44,34354401;492,0481873;497,3181735
65,94342171;-57,39333344;44,57432938;492,1585999;497,4946763
65,95348471;-56,88731384;44,50932693;492,2710266;497,5419684
65,96354871;-57,39498901;44,46940994;492,2263489;497,5525015
65,97361271;-57,05512238;44,576828;492,2548523;497,5512237
65,98367671;-57,50785065;44,54698944;492,6787415;498,0200091
65,99374071;-56,97841644;44,51751709;492,3451233;497,6264359
66,00380471;-57,4234314;44,8274498;492,5706482;497,9285031
66,01386871;-57,00351715;44,76590347;492,2984314;497,6053985
66,02393271;-57,49969482;44,66888428;492,0613098;497,4191962
66,03399671;-57,05640411;44,73007202;492,1430969;497,4545612
66,04405971;-57,50348663;44,61186981;492,3207092;497,671127
66,05412371;-57,4106369;44,37117004;492,084198;497,4049054
66,06418721;-57,96453857;44,68206406;492,3813171;497,7908557
66,07425121;-57,49125671;44,52261353;492,7131042;498,049908
66,08431521;-57,58268738;44,56243896;492,329071;497,6841278
66,09437921;-57,44464111;44,44471741;492,3548889;497,6831887
66,10444321;-57,93318939;44,70066833;492,2898865;497,6984393
66,11450721;-57,37168884;44,25126266;492,2010803;497,5053652
66,12457021;-57,74346161;44,33441925;492,3188782;497,6723077
66,13463421;-57,49732971;44,43386459;492,1461487;497,4818016
66,14469821;-58,10381317;44,43904877;492,2709656;497,6761856
66,15476221;-57,56871033;44,39770889;492,226532;497,5663491
66,16482621;-57,79994202;44,32144165;491,9424744;497,3053605
66,17489021;-57,27587891;44,24285126;492,0949402;497,3885668
66,18495421;-57,80410004;44,38900757;492,026886;497,3953704
66,19501821;-57,43995667;44,79813385;491,9568787;497,3206128
66,20508221;-57,82030487;44,66834259;492,2514954;497,6444345
66,21514521;-57,29547119;44,14112091;492,311676;497,5962178
66,22520921;-57,93039703;44,48752975;492,3300476;497,7187428
66,23527321;-57,29909515;44,36194992;492,5916443;497,8932586
66,24533721;-57,59636688;44,39258957;492,2788391;497,6208385
66,25540121;-57,43778229;44,29906845;492,1106262;497,4277583
66,26546521;-57,45346069;44,38129425;492,3199768;497,6440083
66,27552921;-57,19224548;44,27661133;492,587738;497,8695119
66,28559321;-57,87693787;44,32071686;492,3058777;497,6737316
66,29565721;-57,29656982;44,33824921;492,2303772;497,5334376
66,30572021;-57,50475311;44,27988052;491,7336121;497,0608108
66,31578421;-56,94499969;44,27264404;491,9657898;497,2254401
66,32584821;-57,43383026;44,54294205;492,2298279;497,5670025
66,33591221;-57,16127014;44,28502274;492,4805603;497,7606617
66,34597621;-57,36301422;44,50580215;492,5855408;497,9074179
66,35604021;-56,87866974;44,21218491;492,3903503;497,6325527
66,36610421;-57,43779755;44,61925125;492,5438538;497,8849526
66,37616821;-56,96127319;44,59853363;492,1321106;497,4209788
66,38623121;-57,27015686;44,82517242;492,3313293;497,673894
66,39629521;-57,07058716;44,56459808;492,4172058;497,7125274
66,40635921;-57,54854584;44,66390228;492,3580627;497,7179535
66,41642321;-57,30410767;44,41222382;492,490387;497,7981394
66,42648721;-57,53831482;44,35485077;492,2884216;497,6202373
66,43655121;-57,08742523;44,29476929;492,3979187;497,6712881
66,44661521;-57,56328583;44,51249313;492,4299622;497,7772208
66,45667921;-57,37554932;44,34472275;491,9403381;497,2561758
66,46674321;-57,79063416;44,58029938;491,8526917;497,2386055
66,47680621;-57,42800903;44,41045761;491,9858093;497,313082
66,48687021;-57,81610107;44,60374451;491,9989929;497,3883841
66,49693421;-57,56446075;44,22885132;492,2823792;497,6060683
66,50699821;-58,16055298;44,6828537;492,3807068;497,8131856
66,51706221;-57,48979187;44,51056671;492,3031311;497,6430846
66,52712621;-57,62362671;44,51778412;492,0510559;497,4098482
66,53719021;-57,35193634;44,57791901;492,1178284;497,4498894
66,54725421;-57,22382355;44,48336029;492,4205017;497,7261153
66,55731821;-57,67234802;44,6947403;492,3809509;497,7576924
66,56738121;-57,26428986;44,36519623;492,1230774;497,4259672
66,57744521;-57,39577484;44,69662857;491,9588318;497,3083106
66,58750921;-57,18719482;44,5331955;492,2698059;497,577273
66,59757321;-57,5345993;44,49878693;492,3354187;497,6791503
66,60763721;-57,24893951;44,45343018;492,3132019;497,6201737
66,61770121;-57,45876312;44,43251038;492,4611511;497,7888536
66,62776521;-57,06858063;43,98858643;492,5382996;497,7808706
66,63782921;-57,43767548;44,28064728;492,2202454;497,5345538
66,64789321;-57,04152679;44,63146591;492,3701477;497,6686306
66,65795621;-57,56664276;44,66265106;491,9920349;497,3578522
66,66802021;-57,19122314;44,41928864;492,2579651;497,5558395
66,67808421;-57,40512848;44,70850754;492,4141541;497,7608849
66,68814821;-57,21059418;44,41036987;492,1824646;497,4825741
66,69821221;-57,77313995;44,75376892;492,0441589;497,4415442
66,70827621;-57,39722443;44,50096893;492,16745;497,497313
66,71834021;-57,76926422;44,7430954;491,9827576;497,3793987
66,72840421;-57,69788361;44,48325348;492,0388489;497,4032915
66,73846821;-57,96042633;45,04524231;491,9465027;497,3930502
66,74853121;-57,30862427;44,71344376;492,4880066;497,8232689
66,75859521;-57,74919891;44,85493851;492,5996399;497,99733
66,76865921;-57,56005859;44,51074982;492,4886169;497,8347166
66,77872321;-57,70248413;44,78515625;492,2814636;497,6709016
66,78878721;-57,5298996;44,49767685;492,2845154;497,628151
66,79885121;-57,63085938;44,72649384;491,7654114;497,1468546
66,80891521;-57,57951355;44,27676773;492,1823425;497,5131062
66,81897921;-57,96616364;44,77298737;492,7238464;498,1380184
66,82904321;-57,37776184;44,47201157;492,278717;497,6025549
66,83910621;-57,87806702;44,80615997;492,4595032;497,8692849
66,84917021;-57,78881073;44,39405823;492,1440125;497,5099075
66,85923421;-57,97660065;44,48807144;492,2458191;497,6408556
66,86929821;-57,66429138;44,47837067;492,0874329;497,4470198
66,87936221;-57,84410858;44,75045013;492,2746277;497,6774585
66,88942621;-57,4033432;44,48235321;492,4380798;497,7640867
66,89949021;-57,46208191;44,70771408;492,1370544;497,4932672
66,90955421;-57,48338318;44,23241806;492,1582947;497,4742538
66,91961821;-57,62839508;44,42347717;492,3086853;497,6568284
66,92968121;-57,46520996;44,27636719;492,0249329;497,3441279
66,93974521;-57,55540466;44,36573029;492,0606995;497,3979037
66,94980921;-57,56510162;44,21067047;492,0231018;497,348024
66,95987321;-57,92435455;44,473526;492,0541687;497,4438966
66,96993721;-57,26296234;44,46591187;491,9213562;497,235241
66,98000121;-57,65831757;44,36933136;491,6945496;497,0479345
66,99006521;-57,23464966;44,44536209;491,7442932;497,0549721
67,00012921;-57,17207336;44,79967499;491,6145325;496,9512103
67,01019321;-57,25106812;44,3692131;491,9231262;497,2269844
67,02025621;-57,50006866;44,84240723;491,8934631;497,2688191
67,03032021;-57,30117798;44,46044922;491,8807068;497,1989403
67,04038421;-57,48310089;44,55377579;492,1760559;497,5204678
67,05044821;-57,53614044;44,38420868;491,7415466;497,081597
67,06051221;-57,61197662;44,41738129;491,9780579;497,3273098
67,07057946;-57,33880615;44,21673584;492,0647888;497,3636645
67,08064346;-57,82524109;44,4118309;492,1670227;497,5384884
67,09070746;-57,43754578;44,00886536;491,863678;497,1576507
67,10077046;-57,61460114;44,60688019;491,6622009;497,0321276
67,11083446;-57,54582977;44,27470779;491,8797913;497,2097156
67,12089846;-57,63056946;44,54560089;491,9649963;497,3280112
67,13096246;-57,36578369;44,30760193;491,9299011;497,2414146
67,14102646;-57,604599;44,37418365;491,8857117;497,2312453
67,15109046;-57,57524109;44,22383881;491,7396545;497,069959
67,16115446;-57,60877228;44,49161911;491,9682312;497,3238536
67,17121846;-57,5216217;44,47862625;491,9380188;497,2827159
67,18128246;-57,67142487;44,69616318;491,9999084;497,3807899
67,19134546;-57,50579834;44,48935699;492,0412292;497,3839473
67,20140946;-57,55056763;44,82072449;492,2658997;497,6411168
67,21147346;-57,2644577;44,27306366;492,0782166;497,3733944
67,22153746;-57,36978912;44,70480347;492,0032043;497,3499424
67,23160146;-57,11312866;44,58223343;492,2000427;497,5041377
67,24166546;-57,52184296;44,93708038;491,9952087;497,3805274
67,25172946;-57,39592743;44,46652603;491,9836121;497,3122148
67,26179346;-57,49899292;44,84938431;492,1819763;497,5547199
67,27185746;-57,24147034;44,21861649;492,3244934;497,6095646
67,28192046;-57,40366364;44,45270157;492,1671448;497,4934388
67,29198446;-57,14456177;44,25961304;491,9016418;497,183708
67,30204846;-57,72717285;44,37406158;491,7618103;497,1228841
67,31211246;-57,61271667;44,17155838;491,7974548;497,1268332
67,32217646;-57,65052795;44,78018188;491,9010925;497,2881789
67,33224046;-57,19384003;44,78366852;491,5993958;496,9372981
67,34230446;-57,54026794;45,05999756;491,9946594;497,3932355
67,35236846;-57,29759216;44,56639099;492,1244812;497,4491756
67,36243246;-57,51051331;44,74716568;491,9916687;497,358593
67,37249546;-57,37107849;44,66122818;492,0072327;497,3501613
67,38255946;-57,62441254;44,88091278;492,3412781;497,7296489
67,39262346;-57,50536346;44,60858154;492,1774597;497,5293401
67,40268746;-57,72673798;44,67655945;492,2623596;497,6450562
67,41275146;-57,51268768;44,43870544;491,9177551;497,2580674
67,42281546;-57,71562958;44,84224319;492,3479309;497,7433131
67,43287946;-57,60619354;44,77962112;492,3825378;497,7592305
67,44294346;-57,53790283;44,63709259;492,6169128;497,9703838
67,45300746;-57,54179382;44,57640076;492,3536072;497,7049207
67,46307146;-57,5456543;44,83063889;492,344635;497,7193267
67,47313446;-57,52136993;44,63375473;492,1677551;497,5238479
67,48319846;-57,52584839;44,6824379;492,1991272;497,5597696
67,49326246;-57,63808441;44,54176712;492,0696716;497,4320853
67,50332646;-57,98014832;44,91113281;492,3059998;497,7387918
67,51339046;-57,65720367;44,5942688;492,1543274;497,5227471
67,52345446;-57,76842499;44,8229866;492,1944885;497,595926
67,53351846;-57,72741699;44,69983673;492,2003479;497,5858846
67,54358246;-57,84971619;44,85322571;492,2671814;497,679997
67,55364646;-57,58157349;44,75848007;492,1642151;497,5385148
67,56370946;-57,78336334;44,86586761;492,363739;497,768937
67,57377346;-57,69103241;44,63332367;492,3703918;497,7439016
67,58383746;-58,04269409;44,90685654;492,2628479;497,7030154
67,59390146;-57,5096283;44,58404541;492,054718;497,4062122
67,60396546;-57,69639587;44,74155807;491,7051697;497,0962231
67,61402946;-57,35632324;44,30243683;491,5104065;496,8248519
67,62409346;-57,74660492;44,5196228;491,8239441;497,199617
67,63415746;-57,71672058;44,21180725;491,848175;497,1926498
67,64422146;-57,6366272;44,3368454;491,6926575;497,0406483
67,65428446;-57,50766754;44,31299591;491,7237244;497,0543175
67,66434846;-57,67957306;44,50617599;491,9754333;497,3404869
67,67441246;-57,43075562;44,47244263;492,1353455;497,4668714
67,68447646;-57,62562561;44,74871063;491,8184509;497,2007125
67,69454046;-57,57709503;44,51005554;492,3558655;497,7052995
67,70460446;-57,52467346;44,32463837;492,2237854;497,552024
67,71466846;-57,62271881;44,51005936;492,320343;497,6754397
67,72473246;-57,23084259;44,46564484;492,3084412;497,6144734
67,73479646;-57,74219513;44,78125;492,2616272;497,6555345
67,74485946;-57,53676605;44,33971405;492,22995;497,5608639
67,75492346;-57,48125458;44,61595535;492,660553;498,005119
67,76498746;-57,34228516;44,6476593;492,4450378;497,7787324
67,77505146;-57,8416214;44,87756729;492,6222839;498,0324928
67,78511546;-57,66662598;44,67564392;492,5905457;497,9626478
67,79517946;-57,71278381;44,59223938;492,2073669;497,581476
67,80524346;-57,66277313;44,50596619;492,6579895;498,0137258
67,81530746;-57,78564453;44,91705704;492,6788025;498,0854597
67,82537146;-57,96047974;44,70602036;492,2089539;497,6220451
67,83543446;-58,05858612;44,83916092;492,4438782;497,8778193
67,84549846;-57,91202545;44,55613327;492,6628723;498,0519626
67,85556246;-58,05088043;44,49107361;492,6270447;498,0268723
67,86562646;-57,39777374;44,28735352;492,88797;498,1911531
67,87569046;-57,62374878;44,49479675;492,8320618;498,1804136
67,88575446;-57,35688019;44,19927216;492,5935364;497,887316
67,89581846;-57,62599182;44,42977524;492,4264221;497,7735841
67,90588246;-57,47070313;44,36730957;492,4507141;497,774091
67,91594646;-57,37427521;44,74958038;492,3595276;497,7069789
67,92601046;-57,46646118;44,61234283;492,193512;497,5410621
67,93607346;-57,59827423;44,54763412;492,032135;497,3908672
67,94613746;-57,75684357;44,22552109;492,0440369;497,3922837
67,95620146;-57,62786865;44,70191574;492,3310242;497,7037973
67,96626546;-57,378685;44,47058105;492,6474304;497,9673049
67,97632946;-57,45635223;44,9587059;492,2869568;497,6635063
67,98639346;-57,42280579;45,05578995;492,0276184;497,4118818
67,99645746;-57,53689575;45,08512497;492,3846741;497,7809057
68,00652146;-57,28445435;44,6232338;492,370575;497,6962174
68,01658546;-57,37290192;44,66038513;492,2903748;497,6303979
68,02664846;-57,47627258;44,5714035;492,6473694;497,9875124
68,03671246;-57,47098541;44,67834854;492,5414124;497,8916668
68,04677646;-57,45806122;44,51514435;492,4548035;497,7898757
68,05684046;-57,81761932;44,4253273;492,3922424;497,7615968
68,06690025;-57,30134583;44,21966171;492,3579407;497,6496403
68,07696425;-57,75150299;44,42987061;492,4427185;497,8042592
68,08702825;-57,5663147;44,44552994;492,1420593;497,486776
68,09709225;-57,61252594;44,61965179;492,4347229;497,7972206
68,10715625;-57,57752991;44,5838356;492,492157;497,8467787
68,11721925;-57,49967194;44,61355209;492,1924744;497,5439811
68,12728325;-57,47762299;44,34893417;492,1966248;497,5218815
68,13734725;-57,353302;44,51398087;492,3514709;497,6754632
68,14741125;-57,5056839;44,26488113;491,8648987;497,1894628
68,15747525;-57,87876129;44,13938141;492,0364685;497,3913171
68,16753925;-57,48112488;44,32672119;492,249115;497,5722351
68,17760325;-57,80280304;44,36203003;492,1156921;497,4806611
68,18766725;-57,61654663;44,74400711;491,8551941;497,2355826
68,19773125;-57,70043945;44,87565613;492,2312927;497,62919
68,20779525;-57,47367859;44,7155571;492,1876526;497,5453649
68,21785825;-57,82110596;44,56528473;492,0798645;497,4655143
68,22792225;-57,85642242;44,60031509;491,9139099;497,3086049
68,23798625;-57,68846893;44,49404144;491,8575134;497,2237853
68,24805025;-57,70833588;44,72784042;492,0226746;497,4104382
68,25811425;-57,69303131;44,85648346;491,912262;497,3110329
68,26817825;-57,45723724;44,59461975;491,754364;497,1039818
68,27824225;-57,40692902;44,72032166;491,6746521;497,0306089
68,28830625;-57,38379669;44,49979019;491,8657532;497,1971949
68,29837025;-57,53276825;44,59732819;492,0082703;497,3641313
68,30843325;-57,17640686;44,55200577;491,8899231;497,2018897
68,31849725;-57,50020599;44,59823608;492,0495911;497,4013233
68,32856125;-57,54011536;44,44732666;492,0027771;497,3461193
68,33862525;-57,70441437;44,5020752;491,849823;497,2187472
68,34868925;-57,30768585;44,36870956;491,9924622;497,3020572
68,35875325;-57,70706177;44,56983185;491,6963196;497,0732799
68,36881725;-57,57488251;44,54567719;491,8214417;497,17956
68,37888125;-57,47264099;44,54722595;491,8352966;497,1815753
68,38894525;-57,39490509;44,5792923;491,8840027;497,2236524
68,39900925;-57,47309875;44,45048523;491,6542664;496,9938836
68,40907225;-57,24969482;44,40696716;491,9252625;497,23231
68,41913625;-57,67894745;44,61197662;491,8905334;497,2659111
68,42920025;-57,67602539;44,22928238;491,7660217;497,108211
68,43926425;-57,67507172;44,52470398;491,9267273;497,2934427
68,44932825;-57,6418457;44,29974365;492,0951843;497,4361468
68,45939225;-57,88993073;44,56387329;492,1088562;497,5020696
68,46945625;-57,6645813;44,52633667;491,7837219;497,1509104
68,47952025;-57,59041595;44,66732407;491,9554749;497,3248587
68,48958425;-57,36238861;44,62916946;491,8251038;497,1661081
68,49964725;-57,59949493;44,57198334;491,6213684;496,9868543
68,50971125;-57,69911194;44,69530106;491,7657776;497,1523282
68,51977525;-57,38960266;44,48604584;491,8979187;497,2284557
68,52983925;-57,4068222;44,13245392;491,6597595;496,9633144
68,53990325;-57,4884491;44,44477081;491,9040833;497,2422815
68,54996725;-57,38170624;44,68003082;491,8440247;497,191623
68,56003125;-57,42288971;44,69528961;491,9999695;497,3520153
68,57009525;-57,38456726;44,68156815;492,2935486;497,6367843
68,58015925;-57,66929626;44,82352448;491,6382141;497,0342339
68,59022325;-57,81983185;44,77127838;491,7558289;497,1633489
68,60028625;-57,73278809;44,69530487;491,7984314;497,1885379
68,61035025;-57,56988525;44,59803009;492,1968079;497,5549956
68,62041425;-57,64417267;44,63130188;492,0205383;497,3922133
68,63047825;-57,50653076;44,69903183;491,9701233;497,3324911
68,64054225;-57,72025299;44,76715469;491,9519348;497,3453849
68,65060625;-57,64516449;44,8576088;491,9947815;497,3872084
68,66067025;-57,57041931;44,81266022;491,9325867;497,3129774
68,67073425;-57,26500702;44,80234528;491,8868103;497,2315007
68,68079825;-57,57402039;44,8214035;492,0953674;497,4752021
68,69086125;-57,53916931;45,01685333;492,0069275;497,4013367
68,70092525;-57,80740356;44,61235046;491,5448303;496,9389077
68,71098925;-57,53111267;44,60239029;491,7294006;497,0885289
68,72105325;-57,53634644;44,72971725;491,8670349;497,2367231
68,73111725;-57,84171295;44,67788696;491,8175964;497,2185893
68,74118125;-57,5046463;44,59496307;491,5932312;496,9500981
68,75124525;-57,65919495;44,63432693;492,2587585;497,6298738
68,76130925;-57,58081055;44,55202484;492,0702209;497,4269142
68,77137325;-57,88748169;44,8285141;492,0054626;497,4232921
68,78143725;-57,63475037;44,63283539;492,0133972;497,384195
68,79150025;-57,70288086;44,63824844;491,9093933;497,2897012
68,80156425;-57,76859283;44,57564926;491,7950134;497,1785736
68,81162825;-57,66677856;44,47185516;492,1453552;497,504024
68,82169225;-57,52889252;44,46434784;492,2158508;497,5571279
68,83175625;-57,51776123;44,64620972;491,997406;497,3560339
68,84182025;-57,6776886;44,76580811;492,0543518;497,4416332
68,85188425;-57,61805725;44,87902451;492,0694885;497,4598968
68,86194825;-57,65437317;44,65918732;491,9272156;497,3035845
68,87201225;-57,62169647;44,78987503;492,230011;497,6110695
68,88207625;-57,66540527;44,74255753;492,1615295;497,5441353
68,89213925;-57,61793518;44,52165222;491,8866882;497,2469387
68,90220325;-57,63322449;44,53328323;491,7410583;497,1056933
68,91226725;-57,44460297;44,86157227;491,6129456;496,986651
68,92233125;-57,75447845;44,87861633;491,6054993;497,016737
68,93239525;-57,63950348;44,66536713;491,9536438;497,3285584
68,94245925;-57,56298065;44,92201233;492,1351624;497,5223633
68,95252325;-57,56924438;44,91545868;491,9447937;497,3341898
68,96258725;-57,59523773;44,97573853;491,8260193;497,225162
68,97265125;-57,75274658;44,69709015;491,844635;497,2367189
68,98271425;-57,4749527;44,86707306;491,8456726;497,2208665
68,99277825;-57,39862061;44,69270325;491,7380676;497,0898978
69,00284225;-57,63469696;44,64514923;491,9492493;497,321839
69,01290625;-57,61865997;44,61972427;492,1236267;497,4901946
69,02297025;-57,55293274;44,60743713;492,1092224;497,4672354
69,03303425;-57,63967896;44,46995544;492,1133118;497,4690153
69,04309825;-57,86180115;44,70301819;492,023468;497,4268197
69,05316225;-57,53342438;44,53814697;491,835907;497,1883957
69,06322708;-57,58384705;44,60792542;492,0339661;497,3964115
69,07329108;-57,57659149;44,639534;491,8944397;497,2603862
69,08335408;-57,61414337;44,47831726;491,6647034;497,0230284
69,09341808;-57,53705597;44,33309555;491,471344;496,809841
69,10348208;-57,60318756;44,47561264;491,4629822;496,8219703
69,11354608;-57,39950562;44,40605164;491,5579529;496,8861255
69,12361008;-57,43109894;44,69672775;491,4898987;496,8485173
69,13367408;-57,61946869;44,32748032;491,5047913;496,8519785
69,14373808;-57,81415558;44,60318375;491,6304626;497,0235733
69,15380208;-57,39476013;44,59806824;491,9707947;497,3111792
69,16386608;-57,65529633;44,52233887;491,7643738;497,1303362
69,17392908;-57,71206665;44,73078537;491,506073;496,9001364
69,18399308;-57,88850403;44,62361145;491,5777283;496,9818996
69,19405708;-57,58589935;44,63657379;491,3230286;496,6959612
69,20412108;-57,82350922;44,37266922;491,6573792;497,0306534
69,21418508;-57,74456787;44,45512009;491,592804;496,9649663
69,22424908;-57,64625549;44,56864166;491,6150818;496,9857576
69,23431308;-57,61135101;44,32234573;491,8553772;497,1973956
69,24437708;-57,74273682;44,39415359;491,5453796;496,9123914
69,25444108;-57,73301697;44,23013306;491,4253845;496,7779328
69,26450508;-57,83602905;44,50321198;491,4533997;496,8420133
69,27456908;-57,60411072;44,49598694;491,45755;496,8185282
69,28463208;-57,68136597;44,82039261;491,9122009;497,3063653
69,29469608;-57,54594421;44,56391144;492,1197815;497,4729714
69,30476008;-57,7958374;44,4397316;492,257843;497,6274034
69,31482408;-57,45052338;44,45888138;492,6924133;498,0190447
69,32488808;-57,74125671;44,59207916;492,3846741;497,7601566
69,33495208;-57,73148346;44,53121185;492,4020081;497,7707209
69,34501608;-57,76976776;44,80627441;492,247467;497,6469804
69,35508008;-57,5096283;44,63601303;491,8901672;497,2480946
69,36514408;-57,67024994;44,62519073;492,131134;497,5040889
69,37520808;-57,4728241;44,50870514;492,0810242;497,4212347
69,38527108;-57,84764862;44,73245239;492,3204041;497,7215316
69,39533508;-57,68173981;44,49789429;492,4047546;497,7646915
69,40539908;-57,95528412;44,69312286;492,4823303;497,8906867
69,41546308;-57,7328186;44,31337738;492,1753235;497,527188
69,42552708;-57,82998657;44,39925385;491,9642029;497,337288
69,43559108;-57,6889267;44,00881958;492,1715393;497,4913191
69,44565508;-57,67919922;44,28502274;492,1929626;497,5358939
69,45571908;-57,39294434;44,40380096;492,0887756;497,4103042
69,46578308;-57,73517609;44,60677338;492,408783;497,7846164
69,47584608;-57,32843781;44,40276337;492,2000427;497,5128513
69,48591008;-57,53896332;44,52242279;492,384613;497,7304347
69,49597408;-57,21279144;44,70944595;492,4843445;497,8082639
69,50603808;-57,69232178;44,40996933;492,4016418;497,7549862
69,51610208;-57,5216217;44,18712616;492,3808289;497,6948058
69,52616608;-57,520401;44,49006653;492,2030945;497,5458258
69,53623008;-57,22233582;44,18763351;492,4404602;497,7193481
69,54629408;-57,63683319;44,31513977;492,1082458;497,4498586
69,55635808;-57,27888489;44,1382637;492,3337097;497,6158546
69,56642208;-57,47870636;44,4503212;492,6146545;497,944606
69,57648508;-56,96539307;44,32571793;492,5332947;497,7940052
69,58654908;-57,55978394;44,68952942;492,4844666;497,8465954
69,59661308;-57,04595947;44,23719788;492,1575012;497,423539
69,60667708;-57,41208649;44,71580505;491,9464417;497,2996605
69,61674108;-56,9180069;44,25951004;492,3039856;497,5558039
69,62680508;-57,34192657;44,43631744;492,282135;497,5986167
69,63686908;-57,38834381;44,34463501;492,3049622;497,6183723
69,64693308;-57,61683655;44,81319809;492,5559998;497,9350715
69,65699708;-57,21891785;44,39527893;492,4867249;497,7832053
69,66706108;-57,54883575;44,75230408;492,519928;497,8860479
69,67712408;-57,23377991;44,66024399;492,0677795;497,3941522
69,68718808;-57,77615356;44,77279663;492,2537537;497,6509271
69,69725208;-57,16035461;44,4811821;492,2209778;497,5212284
69,70731608;-57,44091034;44,58781815;492,2921448;497,6334871
69,71738008;-57,13764191;44,36135864;492,0885925;497,3769427
69,72744408;-57,6700592;44,48090363;492,1755066;497,5350398
69,73750808;-57,0428009;44,28007126;492,0741882;497,3445612
69,74757208;-57,72770691;44,79773712;492,4025574;497,7947407
69,75763608;-57,34729767;44,35343552;492,2920227;497,6016232
69,76770008;-57,75848389;44,4883194;492,2996521;497,6687658
69,77776308;-57,08810425;44,25797272;492,023407;497,2975496
69,78782708;-57,53009033;44,34083557;491,9372864;497,2706655
69,79789108;-56,91390991;44,32277679;492,1366272;497,3953775
69,80795508;-57,61455536;44,55893326;492,1101379;497,4709272
69,81801908;-57,0947113;44,22603226;491,7156067;496,9909314
69,82808308;-57,52130127;44,23971176;491,912384;497,2360061
69,83814708;-56,9642334;44,22048569;491,9021301;497,1600154
69,84821108;-57,59346771;44,42996216;492,320343;497,6648965
69,85827508;-57,11725616;44,26622772;492,0000916;497,2785637
69,86833908;-57,70297241;44,54431152;492,2425232;497,6108222
69,87840208;-57,24207306;44,18269348;492,0542297;497,3390497
69,88846608;-57,72948456;44,46929932;492,2557068;497,6202295
69,89853008;-57,02133179;44,10665131;491,8484192;497,1033056
69,90859408;-57,41493225;44,50082779;491,674408;497,011591
69,91865808;-56,72444916;44,0760231;491,5916443;496,8125438
69,92872208;-57,55684662;44,29110336;492,2398987;497,5686991
69,93878608;-57,20317841;44,02132416;492,6493225;497,9090636
69,94885008;-57,5999527;44,47606277;492,8027649;498,1470062
69,95891408;-56,85383606;44,20680237;492,5951233;497,8318547
69,96897808;-57,44010925;44,37456512;492,7870789;498,1039784
69,97904108;-57,11562347;44,07099152;492,9190979;498,1703361
69,98910508;-57,75219727;44,65242004;492,7493591;498,1275799
69,99916908;-57,15685272;44,31744766;492,5240784;497,8060965
70,00923308;-56,97207642;44,33272934;492,0730286;497,3399982
70,01929708;-57,45595551;44,55364227;492,3016663;497,6415823
70,02936108;-57,04061127;44,38501358;492,2159729;497,4939444
70,03942508;-57,61250305;44,42875671;492,165802;497,514112
70,04948908;-57,22634125;44,3038826;492,299469;497,5906504
70,05955308;-57,65522766;44,46404266;492,1227112;497,4795867
70,06961996;-57,01291656;44,15056992;492,1438904;497,398587
70,07968296;-57,76181793;44,33525467;492,4032898;497,7580157
70,08974696;-57,3769989;44,30001068;492,073822;497,384416
70,09981096;-57,73683167;44,49272156;491,9358826;497,3068033
70,10987496;-57,11695099;44,22735977;491,921051;497,1968683
70,11993896;-58,03453827;44,70127106;492,2093811;497,6306724
70,13000296;-57,49066162;44,36966324;492,0769348;497,4068284
70,14006696;-57,74541473;44,39820099;492,4043884;497,7628099
70,15013096;-57,10578918;44,06758881;492,2400208;497,4969965
70,16019496;-57,88564301;44,68875122;492,5132141;497,9127416
70,17025896;-57,41127777;44,41522217;492,6131897;497,9322458
70,18032196;-57,78403473;44,37834167;492,4216003;497,7825473
70,19038596;-57,48884583;44,44134521;492,2138977;497,5485119
70,20044996;-57,97052002;44,44473267;492,3050232;497,6948375
70,21051396;-57,30282593;44,1714325;492,0502625;497,3411204
70,22057796;-57,64971924;44,30615234;492,0059509;497,3493551
70,23064196;-57,21269989;44,04919434;491,9944153;497,2646471
70,24070596;-57,89440155;43,99393463;492,0109558;497,3550127
70,25076996;-57,75873566;44,06249619;491,9773254;497,3120387
70,26083396;-57,89833832;44,39505005;492,000946;497,3812109
70,27089796;-57,3144455;44,24379349;491,8829651;497,1833769
70,28096196;-57,90411377;44,14324951;491,9489441;497,3080298
70,29102496;-57,29601288;44,16704178;492,0021667;497,2923614
70,30108896;-57,61585999;44,65996552;492,5762024;497,9411762
70,31115296;-57,17057037;44,3711853;492,1948547;497,4867347
70,32121696;-57,76454163;44,18143845;492,179657;497,5234231
70,33128096;-57,27110291;44,4067955;492,2575378;497,5634897
70,34134496;-57,72964478;44,21868896;492,5219421;497,8612938
70,35140896;-57,337883;44,30944061;492,2416077;497,5467412
70,36147296;-57,85951233;44,45707703;491,9889832;497,3703996
70,37153696;-57,36727142;44,20109177;492,1388245;497,4388032
70,38160096;-57,99996948;44,45830154;492,5984802;497,9897587
70,39166396;-57,16545105;44,50947952;492,0254822;497,3309338
70,40172796;-57,55179596;44,32943344;492,2701111;497,601417
70,41179196;-57,25398254;44,126297;491,986908;497,2688068
70,42185596;-57,71346283;44,36336517;492,1152649;497,4699849
70,43191996;-57,17301178;44,21770096;492,1008606;497,3803528
70,44198396;-57,60625458;44,58191681;492,3700867;497,7291735
70,45204796;-57,18090057;44,51693344;492,4963074;497,7991819
70,46211196;-57,37337494;44,7346611;492,2261658;497,5736049
74,07723754;-62,38008881;42,2526474;591,3776855;596,1578052
74,08730154;-62,76290894;42,23227692;591,7641602;596,5798934
74,09736554;-62,67656708;42,20679092;592,0545654;596,8570798
74,10742954;-63,08311462;42,59894943;592,2111816;597,0831044
74,11749354;-62,51237488;42,53681183;592,1293945;596,9375154
74,12755754;-62,93572235;42,56695175;591,8795166;596,7363008
74,13762154;-62,49098206;42,39194489;591,9424438;596,7395216
74,14768454;-63,3380661;42,64435577;592,1991577;597,1014102
74,15774854;-62,64678955;42,39521027;592,3042603;597,1149896
74,16781254;-63,35075378;42,90406036;592,1495972;597,0722082
74,17787654;-62,55103302;42,51574707;592,1176758;596,92844
74,18794054;-62,98851013;42,61062241;592,2978516;597,1599137
74,19800454;-62,38861847;42,56063461;592,4473267;597,2416447
74,20806854;-63,01055908;42,52733994;592,4128418;597,2703578
74,21813254;-62,37155151;42,1269722;592,1131592;596,8776135
74,22819654;-62,85520935;42,57678986;592,241394;597,0874552
74,23826054;-62,58213043;42,57524872;591,8010254;596,6218472
74,24832354;-63,05001068;42,64249039;592,0626221;596,9353686
74,25838754;-62,37239075;42,54907608;592,166687;596,9607393
74,26845154;-62,98081207;42,83423615;591,7874756;596,6688954
74,27851554;-62,56383514;42,28837204;592,0446167;596,8411581
74,28857954;-63,0613327;42,76535416;592,3858643;597,2659536
74,29864354;-62,74731445;42,52808762;592,4546509;597,2841678
74,30870754;-62,95005035;42,52779007;592,7617188;597,6100543
74,31877154;-62,41269684;42,3164711;592,0686646;596,8511808
74,32883554;-62,8625412;42,48577881;593,493103;598,3233272
74,33889854;-62,33310699;42,22815704;593,8693848;598,6229862
74,34896254;-62,93843079;42,47883224;593,7124634;598,5483994
74,35902654;-62,43379974;42,26633835;592,9564819;597,7305515
74,36909054;-63,0093689;42,48488617;592,7156372;597,5675466
74,37915454;-62,5993042;42,60545349;592,5158691;597,3348749
74,38921854;-63,18092346;42,83340454;592,6593628;597,5547255
74,39928254;-62,63026428;42,39603806;592,8644409;597,6689881
74,40934654;-63,29899597;42,64785767;592,5184937;597,4142348
74,41941054;-62,76261139;42,47887421;592,5390625;597,3660023
74,42947354;-63,27576447;42,80887604;592,4952393;597,4002266
74,43953754;-62,53542328;42,34857941;592,4064941;597,2014197
74,44960154;-63,31026459;42,38090134;592,473938;597,3522391
74,45966554;-62,66611481;42,24382782;592,2124634;597,0152299
74,46972954;-63,05163574;42,79295731;592,2667236;597,1487402
74,47979354;-62,58881378;42,33308029;592,1183472;596,9200837
74,48985754;-63,30405426;42,71504974;592,383606;597,2857904
74,49992154;-62,83347321;42,65642929;592,336731;597,1854144
74,50998554;-63,19723511;42,80651093;592,3986206;597,2959179
74,52004854;-62,41073608;42,80285263;592,3856201;597,2000562
74,53011254;-63,14335632;43,00382233;591,8540039;596,7642534
74,54017654;-62,88538361;42,67651749;591,8249512;596,6846985
74,55024054;-63,19339752;42,73192978;591,6895752;596,5869398
74,56030454;-62,68890381;42,4737854;591,8841553;596,7082825
74,57036854;-62,55317688;42,29159927;591,7618408;596,559767
74,58043254;-63,00020599;42,63943863;591,739563;596,6094687
74,59049654;-62,62408447;42,54291153;591,7435913;596,5669729
74,60056054;-63,05561066;42,74980545;592,0388184;596,9200268
74,61062454;-62,50888062;42,68738937;591,8592529;596,6799382
74,62068754;-62,68312836;42,93132782;591,8284912;596,6852072
74,63075154;-62,22054291;42,77252197;591,4126587;596,2128961
74,64081554;-62,76806641;43,01575851;591,5241699;596,3983813
74,65087954;-62,31001282;43,05725861;591,9146118;596,7406245
74,66094354;-62,65876007;43,10649109;592,3643188;597,2267375
74,67100754;-62,32963562;42,92050934;592,374939;597,1894355
74,68107154;-62,91079712;42,89110184;592,2333984;597,107874
74,69113554;-62,34247589;42,72014999;592,1608887;596,9640807
74,70119954;-63,00113678;42,97462082;592,1126099;597,0036047
74,71126254;-62,56419373;42,8758049;592,1480103;596,9856607
74,72132654;-63,14699554;43,17858124;591,951416;596,8738659
74,73139054;-62,43992615;42,96947479;591,8452148;596,6790414
74,74145454;-62,99781799;43,02599716;592,052063;596,9469045
74,75151854;-62,44641113;43,08640289;591,8001099;596,6434131
74,76158254;-62,83481598;43,10023499;591,6971436;596,5830655
74,77164654;-62,39513397;42,99209595;591,5737305;596,4066999
74,78171054;-62,97997284;42,9866333;591,6751099;596,5683224
74,79177454;-62,52390289;42,597332;591,6013794;596,4192848
74,80183854;-62,98892212;42,86052322;591,6590576;596,5442726
74,81190154;-62,40171051;42,77320862;591,5939941;596,4117493
74,82196554;-62,85516357;42,99420929;591,9303589;596,8088667
74,83202954;-62,34416962;42,94548035;591,9706421;596,7917148
74,84209354;-62,98633575;43,06072617;591,9389648;596,8360267
74,85215754;-62,42961884;42,77384949;591,6555786;596,4758027
74,86222154;-62,99789429;43,18552017;591,5345459;596,4451717
74,87228554;-62,50712585;42,93906021;591,4042358;596,2464875
74,88234954;-63,06925201;42,96488953;591,6427612;596,544105
74,89241354;-62,60894775;42,87722778;591,3625488;596,2113729
74,90247654;-62,88854218;43,02280807;591,5133667;596,4008666
74,91254054;-62,3727417;43,03188705;591,3013916;596,1370966
74,92260454;-62,90329742;42,90634155;591,0839233;595,968106
74,93266854;-62,37474823;42,86677551;590,9828491;595,8094474
74,94272946;-62,89516449;42,8740387;591,1107788;595,9915584
74,95279346;-62,33104706;42,82639694;591,1281128;595,9460592
74,96285746;-62,95704651;43,02913666;591,4815063;596,3769518
74,97292146;-62,60531616;43,03224945;591,2277832;596,0884932
74,98298546;-63,2383728;43,1578598;591,2698975;596,2061592
74,99304846;-62,39871979;42,99192429;591,1938477;596,0302604
75,00311246;-62,92339325;43,28986359;591,180542;596,0937837
75,01317646;-62,3922348;43,475914;591,6865845;596,5534011
75,02324046;-63,11556244;43,08235931;591,6517944;596,5664337
75,03330446;-62,39972687;42,88174438;591,7005005;596,5249804
75,04336846;-63,1315918;42,86907578;591,7196655;596,6200785
75,05343246;-62,57544708;42,81671143;591,3186646;596,1599789
75,06349646;-63,02619171;43,12005997;591,2451172;596,1563797
75,07356046;-62,67343903;42,80205917;591,4005737;596,2504632
75,08362446;-62,94586182;43,03463364;591,0845947;595,982516
75,09368746;-62,36846924;42,77213287;591,156311;595,9740476
75,10375146;-62,98314667;42,83232498;591,1886597;596,0750927
75,11381546;-62,43268585;42,7121315;591,1101685;595,9306987
75,12387946;-62,9611969;42,72081375;591,1477051;596,0241517
75,13394346;-62,36514282;42,85048676;591,140625;595,9637688
75,14400746;-62,77791595;42,95238876;591,185791;596,0592369
75,15407146;-62,52060699;42,89442062;591,371582;596,2122991
75,16413546;-63,03090668;42,99102402;591,2749634;596,1771596
75,17419946;-62,44068146;42,80117035;591,2566528;596,0832227
75,18426246;-63,03379822;42,95928955;591,0209351;595,9232383
75,19432646;-62,37635803;42,92086029;591,1818237;596,0108715
75,20439046;-62,73777008;42,96284485;591,1486816;596,0189574
75,21445446;-62,12986755;42,97315216;591,1138306;595,9214486
75,22451846;-62,68138123;42,89977646;590,7763672;595,6392049
75,23458246;-62,23218536;42,81840515;590,8735352;595,6826296
75,24464646;-62,69983673;43,01689529;590,9897461;595,8612278
75,25471046;-62,28497314;43,16115189;591,0980225;595,9355461
75,26477446;-62,56549835;43,28708267;590,9411621;595,8184876
75,27483746;-62,41364288;42,98892593;590,680481;595,5224103
75,28490146;-62,75952911;43,04552841;590,7085571;595,5906946
75,29496546;-62,09062958;43,00928497;590,6814575;595,4910823
75,30502946;-62,72815704;43,06885529;590,7103882;595,590892
75,31509346;-62,38627625;42,80799484;591,1065674;595,929145
75,32515746;-62,95469666;43,02491379;591,3014526;596,1978237
75,33522146;-62,47991943;42,72440338;591,1821899;596,007967
75,34528546;-62,88311005;43,00562286;591,2267456;596,1147824
75,35534946;-62,46180725;43,07296371;591,0032959;595,8537181
75,36541346;-62,95627594;43,09640884;590,9169922;595,8218566
75,37547646;-62,43490601;42,95926285;591,1159668;595,9544462
75,38554046;-62,93219757;43,06919098;590,9741821;595,8740644
75,39560446;-62,53547668;42,77057266;591,2506104;596,0849704
75,40566846;-62,54390717;43,11449432;591,2263794;596,0865974
75,41573246;-62,18942261;42,92720795;591,2233887;596,0330232
75,42579646;-62,95288086;42,74152756;591,2174072;596,0938903
75,43586046;-62,52062225;42,54294205;591,5892334;596,4030107
75,44592446;-62,72390747;43,01077271;591,6525269;596,520685
75,45598846;-62,39437103;42,66057205;591,100708;595,9136086
75,46605146;-62,8627243;42,94934464;591,0418701;595,9252139
75,47611546;-62,42570496;42,81014633;591,6528931;596,4753332
75,48617946;-62,9389801;43,14266586;591,4458618;596,3478954
75,49624346;-62,64385223;42,94480133;591,7628784;596,616973
75,50630746;-62,98051453;43,00422668;591,2431641;596,1412482
75,51637146;-62,44147491;42,75836182;591,5790405;596,4000138
75,52643546;-62,71256256;42,97195053;591,4505615;596,3163764
75,53649946;-62,51807404;43,02945328;591,4393921;596,2890222
75,54656346;-62,85362244;42,92276382;591,2786865;596,1572164
75,55662646;-62,51284027;42,91458893;591,3610229;596,2024628
75,56669046;-62,62231445;42,87809753;591,2213135;596,0727531
75,57675446;-62,28902435;42,8107605;591,1902466;596,002174
75,58681846;-62,83786774;42,99882507;591,3327026;596,2146105
75,59688246;-62,57752228;42,82426453;591,28479;596,1271398
75,60694646;-62,76357269;42,97750854;591,5256348;596,3966037
75,61701046;-62,33330536;42,83830261;591,2931519;596,1108559
75,62707446;-62,64427948;42,81367111;591,1972046;596,0465174
75,63713846;-62,26345062;42,66983795;591,2242432;596,0231187
75,64720146;-62,65616608;42,70723724;591,3226318;596,1645395
75,65726546;-62,29595184;42,52656555;591,3434448;596,1345185
75,66732946;-62,77481079;42,80480957;591,4019775;596,262717
75,67739346;-62,57025146;42,71460724;591,1621094;595,9968235
75,68745746;-62,98910522;42,99528885;591,3543701;596,2518036
75,69752146;-62,5160675;42,88297653;591,0405884;595,8826944
75,70758546;-62,85003662;43,09497452;591,1732788;596,0647192
75,71764946;-62,93186188;43,22541809;591,2904663;596,1990201
75,72771346;-62,38451385;42,74712753;591,2924194;596,1089412
75,73777746;-62,84793854;43,08791351;591,4318848;596,3204726
75,74784046;-62,51274109;42,65847778;591,687561;596,5079701
75,75790446;-62,91474152;42,9410553;591,3079224;596,1939768
75,76796846;-62,37471771;43,06041718;590,9192505;595,7603256
75,77803246;-62,77565002;43,00353241;591,2185059;596,0951331
75,78809646;-62,00261688;42,55554199;591,3048096;596,0676778
75,79816046;-62,62277985;42,8335228;591,5684814;596,4139431
75,80822446;-62,28710938;42,66612244;591,130249;595,9320878
75,81828846;-62,81095123;43,03300476;590,9658813;595,8504242
75,82835246;-62,34075928;42,96182632;591,2356567;596,0634954
75,83841546;-62,48616791;43,18904495;591,1992798;596,0590602
75,84847946;-62,49767303;42,74792099;591,3418579;596,1698892
75,85854346;-62,68650055;42,91700745;591,3287964;596,1889066
75,86860746;-62,15856934;42,24567795;591,0909424;595,8497186
75,87867146;-62,61355591;42,74823761;591,3423462;596,1825556
75,88873546;-62,11608887;42,83462524;591,1380615;595,9340747
75,89879946;-62,22060394;42,88247681;591,2583008;596,0676879
75,90886346;-62,14733887;42,37657928;590,7476807;595,5173284
75,91892746;-62,50974274;42,87064743;590,9279175;595,7693883
75,92899146;-62,29764557;42,60092163;590,8713989;595,6717596
75,93905392;-62,49481964;43,04543686;591,0692139;595,9205716
75,94911792;-61,99281311;42,69179916;591,2721558;596,0440091
75,95918192;-62,2072525;43,19888687;591,3341064;596,1643327
75,96924592;-62,1697464;42,63620377;591,2269897;596,0136547
75,97930992;-62,53178406;43,07972336;590,961792;595,8203808
75,98937392;-62,52155304;42,8481369;590,8134766;595,6554973
75,99943792;-62,9076004;43,24088287;591,0350952;595,9443128
76,00950192;-62,62127686;42,73193741;591,2999878;596,1401835
76,01956592;-62,77376556;43,1555481;591,3115845;596,1982362
76,02962892;-62,41375732;43,02092743;591,1585693;595,9989357
76,03969292;-62,98179626;43,07762527;591,3292236;596,2320347
76,04975692;-62,71608734;42,93581772;591,3057861;596,1705501
76,05982092;-62,63825989;43,14323044;591,0744019;595,9478488
76,06988492;-62,29058075;42,8449173;590,9099731;595,7267828
76,07994892;-62,73117065;42,94485474;590,7276001;595,5993266
76,09001292;-62,46283722;42,75716019;590,7611084;595,5908562
76,10007692;-62,57337189;43,1979599;590,6627808;595,5367421
76,11014092;-62,37639618;43,00059891;591,0365601;595,8725381
76,12020492;-62,27974701;43,36985779;590,9692383;595,8224165
76,13026792;-62,13632202;42,96729279;590,6782837;595,4896688
76,14033192;-62,52550507;43,2481842;591,1378174;596,0065129
76,15039592;-62,29997253;42,89610291;591,173645;595,9929872
76,16045992;-62,31166077;43,24901199;590,8503418;595,6990402
76,17052392;-62,12265778;42,72346497;591,0250854;595,8147117
76,18058792;-62,39813232;43,24147797;590,5805664;595,4399699
76,19065192;-62,28154755;42,84722519;590,9762573;595,7917527
76,20071592;-62,50378418;43,09498215;590,7121582;595,5709482
76,21077992;-62,11537933;42,8070488;590,8435059;595,6398343
76,22084292;-62,38843536;43,2813797;590,784668;595,6442887
76,23090692;-61,86014557;43,0014267;591,1497803;595,9310892
76,24097092;-62,36396027;43,47926331;591,0817261;595,9507671
76,25103492;-62,18442535;42,95529175;591,2210693;596,0322245
76,26109892;-62,55226898;43,26318359;591,0911865;595,9641602
76,27116292;-62,42006683;42,78288651;591,3426514;596,1650539
76,28122692;-62,5870285;42,97977066;591,0231323;595,8798031
76,29129092;-62,5515213;42,815979;591,1832275;596,0230779
76,30135492;-62,64817047;43,20928955;591,0513916;595,9308546
76,31141892;-62,36362457;42,89009094;591,2630005;596,0878436
76,32148192;-62,78996277;43,23417664;591,5033569;596,3958373
76,33154592;-62,41123962;42,99446869;591,0848999;595,9236915
76,34160992;-62,60619354;43,05438614;590,9190063;595,783927
76,35167392;-62,18450928;43,08542252;590,8421021;595,6657254
76,36173792;-62,29556274;43,24983215;590,9593506;595,805538
76,37180192;-61,98070526;42,64967728;590,9133301;595,6837806
76,38186592;-62,42674255;43,07171249;590,9605713;595,8075758
76,39192992;-62,33209229;42,70186615;590,5560913;595,3698314
76,40199392;-62,3765564;42,82421112;590,7022095;595,5282093
76,41205692;-62,44187164;42,91971588;590,8096313;595,6484784
76,42212092;-62,71341705;43,28932953;591,1296387;596,0211309
76,43218492;-62,42763519;42,96315002;590,7371216;595,578197
76,44224892;-62,69936371;43,21800232;591,0050049;595,8908639
76,45231292;-62,3511734;42,72733307;591,0380859;595,8517541
76,46237692;-62,35249329;43,2111969;591,1331787;595,9811037
76,47244092;-62,58899689;43,09183502;590,5734863;595,4421311
76,48250492;-62,39567566;43,12612152;590,8519897;595,7005594
76,49256892;-62,21924591;42,99985504;590,6259766;595,448794
76,50263192;-62,57056427;43,23654938;590,7669067;595,642521
76,51269592;-62,65376282;42,8005867;590,6671753;595,5208613
76,52275992;-62,7689209;42,95389557;590,5644531;595,4421449
76,53282392;-62,82791901;42,91019821;590,7611694;595,6403209
76,54288792;-62,82439423;42,86873627;590,9279785;595,8024076
76,55295192;-62,21604919;42,56397247;590,3651123;595,1583775
76,56301592;-62,54538727;42,74591827;590,5975952;595,4365277
76,57307992;-62,33218384;42,57123184;590,467041;595,2721541
76,58314392;-62,64009857;42,87995148;590,9715576;595,8270337
76,59320792;-62,57862091;42,9348259;590,5924683;595,4485256
76,60327092;-62,73035431;42,95770264;590,7869873;595,6590685
76,61333492;-62,45987701;42,8346405;590,7631836;595,5981714
76,62339892;-62,634552;43,15940857;590,6590576;595,5366857
76,63346292;-62,55480194;42,9127655;590,8717651;595,7214546
76,64352692;-62,63591003;42,9589119;590,8887939;595,7501927
76,65359092;-62,41225433;42,71661377;590,5888672;595,4117975
76,66365492;-62,3972702;42,96803665;590,8371582;595,6745915
76,67371892;-62,53772736;42,8097229;590,8037109;595,644747
76,68378292;-62,72673798;42,91304779;590,8052979;595,6736298
76,69384592;-62,49176788;42,92706299;590,8186646;595,6632003
76,70390992;-62,32001495;42,88656998;590,5645142;595,3901977
76,71397392;-62,29057312;42,859478;590,6361694;595,456241
76,72403792;-62,48055267;42,91909027;590,4711304;595,3167422
76,73410192;-62,65631104;42,76512146;590,4541016;595,3072442
76,74416592;-62,41473389;42,88093567;590,4195557;595,2559327
76,75422992;-62,9048233;42,71326065;590,4447632;595,3204665
76,76429392;-62,73379517;42,96240997;590,5935059;595,4678723
76,77435792;-62,63301086;42,72864532;590,4573364;595,3053816
76,78442192;-62,68058777;42,79813766;590,4710693;595,3290018
76,79448492;-62,71589661;42,66763306;590,3754883;595,2285509
76,80454892;-62,78662872;42,87598038;590,3708496;595,246378
76,81461292;-62,60971069;42,65314484;590,4909058;595,3308126
76,82467692;-62,53341675;43,05911255;590,6196899;595,4797507
76,83474092;-62,71276093;42,69274521;590,6571045;595,5093416
76,84480492;-62,73283386;42,81115723;590,8917847;595,7527212
76,85486892;-62,36458588;42,65713501;590,7393188;595,551774
76,86493292;-62,35787201;42,73101044;590,7960205;595,6126101
76,87499692;-62,60211945;42,92908096;590,4796143;595,3386483
76,88506092;-62,31905365;42,67132568;590,4759521;595,2867851
76,89512392;-62,58332825;42,75828552;590,50354;595,3481122
76,90518792;-62,62251282;42,65925217;590,4067993;595,2491744
76,91525192;-62,57247162;42,81247711;590,310791;595,1596865
76,92531592;-62,35395813;42,74697113;590,6640625;595,4824551
76,93537992;-62,40652466;42,92887497;590,5602417;595,39807
76,94544392;-62,19662476;42,96210098;590,8616333;595,6774563
76,95550792;-62,57762909;43,02484894;590,4491577;595,3127792
76,96557192;-62,37666321;42,88536453;590,3154297;595,1489806
76,97563592;-62,53501892;42,98553467;590,1297607;594,9886716
76,98569892;-62,72318268;42,88573456;590,1956177;595,0665938
76,99576292;-62,64965057;43,19883728;590,3143311;595,1992336
77,00582692;-62,35971832;43,05344391;590,4016113;595,2448204
77,01589092;-62,6623764;42,98183441;590,2928467;595,1635543
77,02595492;-62,62700653;42,89299011;590,3638306;595,223826
77,03601892;-62,60959625;42,86341095;590,2617798;595,1186455
77,04608292;-62,64955139;42,82208252;590,2199097;595,0783468
77,05614692;-62,42188263;42,56158829;590,1085205;594,9252442
77,06621092;-62,37433624;42,52684402;590,2727051;595,0806304
77,07627492;-62,75770569;42,79172516;590,5415649;595,4065849
77,08633792;-62,65446472;42,72424316;590,0842285;594,9372569
77,09640192;-62,95904541;42,85394287;590,2120361;595,1054944
77,10646592;-62,69301605;42,8993454;590,2550049;595,1232972
77,11652992;-62,88132477;42,74938202;590,5405273;595,4155567
77,12659392;-62,55960846;42,59153748;590,3677979;595,1990259
77,13665792;-62,55696869;42,88170242;590,1959229;595,049109
77,14672192;-62,46298981;42,57386398;590,1765137;594,9978792
77,15678592;-62,59334564;42,65660477;590,2838745;595,1239916
77,16684992;-62,76862335;42,82975769;590,9226074;595,7883988
77,17691392;-62,50774384;42,74654007;590,5586548;595,3939952
77,18697692;-62,58079529;42,58453751;590,3361206;595,1693323
77,19704092;-62,34484863;42,96005249;590,4238281;595,2585515
77,20710492;-62,45675659;42,92451477;590,7055054;595,5471052
77,21716892;-62,66934967;42,92324448;590,3450317;595,2118184
77,22723292;-62,49447632;43,06102371;590,2130737;595,0725029
77,23729692;-62,62372589;42,85840225;590,1242676;594,983382
77,24736092;-62,6525116;42,72203064;590,3591919;595,209614
77,25742492;-62,64899445;42,79803467;590,3619995;595,2174886
77,26748892;-62,66638184;42,94936752;589,8794556;594,7516252
77,27755192;-62,58660126;42,91209793;590,1907959;595,049331
77,28761592;-62,53179932;42,68691254;590,3638916;595,1990616
77,29767992;-62,53727722;42,87559509;590,208374;595,0589487
77,30774392;-62,7110672;42,75050354;590,09552;594,9563062
77,31780792;-62,57875824;42,80518723;590,1077881;594,9584747
77,32787192;-62,43384552;42,62699127;590,3924561;595,2128171
77,33793592;-62,38983154;43,04117584;590,4616699;595,3066584
77,34799992;-62,63538361;42,92683029;590,6739502;595,5347341
77,35806392;-62,60775757;43,01212311;590,6908569;595,5547519
77,36812792;-62,49539185;42,92546082;590,7705688;595,6157605
77,37819092;-62,60204315;43,03096771;590,4177246;595,2846122
77,38825492;-62,86320496;42,96385574;590,4179688;595,3075283
77,39831892;-62,83135986;42,85993958;590,3466797;595,2259709
77,40838292;-62,78977203;42,73517609;590,1831055;595,0503749
77,41844692;-62,74342346;42,8319664;590,4161987;595,2836318
77,42851092;-62,60256958;42,67254639;590,3380127;595,1798024
77,43857492;-62,62906647;42,60327911;590,5073853;595,3456235
77,44863892;-62,97112274;42,84661865;590,4927368;595,3846381
77,45870292;-62,74774933;43,02748108;590,4832764;595,364715
77,46876692;-62,63541412;42,90525055;590,4810181;595,3418248
77,47882992;-62,75640869;42,95064926;590,4011841;595,2786602
77,48889392;-62,3911438;42,8516922;590,296936;595,1297296
77,49895792;-62,56278229;42,58221054;590,1410522;594,9737876
77,50902192;-62,56863403;42,83304596;590,2869873;595,1371532
77,51908592;-62,5139389;42,90270233;590,2637939;595,1134185
77,52914992;-62,61755371;42,9442482;590,0423584;594,9076829
77,53921392;-62,6233139;42,57400131;590,2900391;595,1273437
77,54927792;-62,4908905;42,68942261;590,0539551;594,8875256
77,55934192;-62,64732361;42,90734482;590,3421631;595,2055081
77,56940592;-62,6208725;42,9765625;589,7432861;594,613742
77,57946892;-62,68508148;43,0561142;589,932251;594,813676
77,58953292;-62,70432281;42,96017456;590,1444702;595,0192471
77,59959692;-62,60179901;42,98950958;590,0006714;594,8679479
77,60966092;-62,73673248;42,74105072;590,2304688;595,0921788
77,61972492;-62,43399811;43,0626564;589,836731;594,6930012
77,62978892;-62,33917999;43,15590286;590,0141602;594,8657954
77,63985292;-62,46704865;42,88071442;589,9022217;594,748282
77,64991692;-62,52692413;42,91931152;589,9463501;594,801126
77,65998092;-62,68531799;42,81137848;589,6586304;594,5246535
77,67004392;-62,94864655;43,0140686;589,9390259;594,845187
77,68010792;-62,61071014;42,92168045;590,0380859;594,9010964
77,69017192;-62,42605591;43,01036453;589,5768433;594,4306167
77,70023592;-62,4491806;42,80940247;589,4694214;594,311992
77,71029992;-62,6986618;43,00342941;589,8656616;594,7452529
77,72036392;-62,65079498;43,10743332;589,6358032;594,519767
77,73042792;-62,58204651;42,69655228;589,7799683;594,6258648
77,74049192;-62,56442261;42,95423889;589,7622681;594,6250133
77,75055592;-62,55737305;43,02708435;589,6158447;594,4843137
77,76061992;-62,33776855;42,95698547;589,5387573;594,3797157
77,77068292;-62,6619339;42,88066864;589,2536011;594,1254717
77,78074692;-62,62702179;42,6252327;589,8908081;594,73542
77,79081092;-62,59037781;42,95629501;590,0352783;594,8986706
77,80087492;-62,39795685;42,91344833;590,0377808;594,8778461
77,81093892;-62,551651;42,78772736;589,7641602;594,6135411
77,82100292;-62,22161865;42,88274002;589,6281128;594,4508143
77,83106692;-62,49908447;42,83415604;590,0756226;594,9202811
77,84113092;-62,36139679;42,68788528;590,0184326;594,8385917
77,85119492;-62,64892578;42,65441895;590,0330811;594,8809327
77,86125892;-62,64539337;42,52147675;589,9213257;594,7601969
77,87132292;-62,70581055;42,87299347;589,6610107;594,5336154
77,88138592;-62,55553436;42,92092514;589,5742188;594,4351606
77,89144992;-62,70438385;42,95877838;589,6392822;594,518107
77,90151392;-62,5787735;42,92031097;589,5720825;594,4354435
77,91157792;-62,56273651;43,00496674;589,8615112;594,7269336
77,92164192;-62,36785126;43,07732773;589,5541382;594,4068362
77,93170592;-62,574646;43,15386963;589,8339233;594,7116107
77,94176979;-62,46697235;43,09220123;589,6710815;594,5343092
77,95183379;-62,90480042;43,31049728;589,4085083;594,3359343
77,96189779;-62,34181213;43,17903137;589,2805176;594,1401002
77,97196179;-62,79236603;43,48517609;589,6409912;594,5673556
77,98202479;-62,31137848;43,48015594;589,973999;594,8466621
77,99208879;-62,66150665;43,22262573;589,7088013;594,6016566
78,00215279;-62,3938446;43,19360352;589,5773926;594,4410661
78,01221679;-62,3507309;43,23221207;589,5334473;594,3957631
78,02228079;-62,77388763;43,36723328;589,906311;594,819917
78,03234479;-62,4857254;43,21255875;589,9024658;594,7745037
78,04240879;-62,66077423;43,3628006;589,4296265;594,3349137
78,05247279;-62,28565979;43,18153;589,5316162;594,3834406
78,06253679;-62,50112152;43,34047699;589,4868774;594,3732546
78,07259979;-62,0375061;43,09856796;589,2095337;594,0319969
78,08266379;-62,4592514;43,26419449;589,3048706;594,1827826
78,09272779;-62,10172272;43,23207092;589,0889893;593,9288452
78,10279179;-62,70043182;43,3546524;589,3586426;594,2681042
78,11285579;-62,41972351;43,15859222;589,6002197;594,4638804
78,12291979;-62,59622955;43,28434372;589,3323975;594,2259646
78,13298379;-62,43992615;43,08405304;589,2528687;594,1160856
78,14304779;-62,60170746;43,25386047;589,2263794;594,1191769
78,15311179;-62,53137207;43,3376236;589,142395;594,0345813
78,16317579;-62,61525726;43,23664093;589,1322632;594,0260104
78,17323879;-62,30465698;42,97979736;589,694458;594,5323263
78,18330279;-62,59357452;43,14292145;589,7131348;594,5930109
78,19336679;-62,43862152;42,8649559;589,7460938;594,5893045
78,20343079;-62,53884888;43,0399704;589,5979614;594,4655606
78,21349479;-62,26092529;42,95927811;589,5745239;594,4073028
78,22355879;-62,62432098;43,35649109;589,4130249;594,3141466
78,23362279;-62,13323212;42,93791199;589,3672485;594,1868027
78,24368679;-62,62265015;43,0656662;589,8629761;594,7390844
78,25375079;-62,32649231;42,93238068;589,6807861;594,5176284
78,26381479;-62,51677704;43,2416954;589,8132324;594,6913828
78,27387879;-62,36006927;42,82970047;589,4210815;594,2561509
78,28394179;-63,01078033;43,15119934;589,3099365;594,2378192
78,29400579;-62,52414703;43,10556793;589,2061768;594,0801947
78,30406979;-62,78619385;43,36602402;589,2208252;594,1413123
78,31413379;-62,38591003;43,29732513;589,336731;594,20909
78,32419779;-63,01394653;43,4521904;589,1195068;594,0712446
78,33426179;-62,54595947;43,08757019;589,2026978;594,0777346
78,34432579;-63,02426147;43,40762329;589,3602905;594,3078591
78,35438979;-62,37247467;43,01008987;589,3264771;594,1766488
78,36445379;-62,91555786;43,16269684;589,3497925;594,2680908
78,37451779;-62,35502625;42,93544769;589,3186646;594,1616702
78,38458079;-62,7635498;43,27295685;589,7605591;594,6674104
78,39464479;-62,07618713;42,73989868;589,1677246;593,9686521
78,40470879;-62,80488586;43,11969376;589,4296875;594,332498
78,41477279;-62,44171906;42,94081497;589,1824341;594,0360448
78,42483679;-62,70938873;43,03395462;589,3544922;594,2416227
78,43490079;-62,47415161;43,02646637;589,4863281;594,3470598
78,44496479;-62,88471985;43,0892868;589,5437622;594,451867
78,45502879;-62,18347168;42,99974442;589,3764648;594,205671
78,46509279;-62,71398163;43,1414566;589,557312;594,4510517
78,47515679;-62,24567413;42,85367966;589,0974121;593,9248461
78,48521979;-62,64872742;43,11706924;589,1483765;594,036829
78,49528379;-62,07398224;43,05824661;588,9975586;593,82263
78,50534779;-62,5128479;43,15260696;589,0100708;593,8879247
78,51541179;-62,08673859;42,93674469;589,0629883;593,8800648
78,52547579;-62,6834259;43,31330109;589,3145142;594,2195306
78,53553979;-61,94654846;43,07812881;589,3477173;594,1580866
78,54560379;-62,49917603;43,29836273;589,2529297;594,1379557
78,55566779;-62,05736542;43,04174042;589,4951172;594,3132181
78,56573179;-62,73265839;43,33625412;589,1888428;594,1017672
78,57579579;-62,20198822;43,11464691;589,2711182;594,1114465
78,58585879;-62,70397186;43,17633057;589,4634399;594,3594288
78,59592279;-62,27605438;42,92851257;591,333313;596,1511983
78,60598679;-62,87351227;43,53645325;590,6872559;595,6172727
78,61605079;-62,3832016;43,19080353;590,5500488;595,4044588
78,62611479;-62,67840576;43,43022537;590,1219482;595,0283025
78,63617879;-62,23265839;43,08046722;589,7365112;594,5737827
78,64624279;-62,67017365;43,13653183;589,7833862;594,6702899
78,65630679;-62,25035858;42,94773865;589,5319214;594,363106
78,66637079;-62,80019379;43,2755394;589,6404419;594,552342
78,67643479;-62,15901184;43,25617218;589,6314087;594,4745893
78,68649779;-62,54969025;43,38382339;589,3092041;594,2053163
78,69656179;-62,31018066;43,10448456;589,1635132;594,0153201
78,70662579;-62,71404266;43,29220581;589,1798096;594,0876318
78,71668979;-62,1105957;43,06057358;589,347168;594,1733951
78,72675379;-62,83745575;43,05709839;589,4851685;594,386426
78,73681779;-62,23524475;42,97719955;589,4431152;594,2755686
78,74688179;-62,58457184;43,48838043;589,6959839;594,6002197
78,75694579;-62,09059143;42,94979858;589,2265625;594,0436589
78,76700979;-62,54338074;42,97596741;589,5214844;594,3855557
78,77707379;-62,39798737;43,08736038;589,4604492;594,3178027
78,78713779;-62,95713806;43,608284;589,5549316;594,5084533
78,79720079;-62,2623291;43,30800629;589,0001831;593,8631128
78,80726479;-62,78275299;43,42056274;589,2682495;594,1919633
78,81732879;-62,37824249;43,28882217;589,2796631;594,1510655
78,82739279;-62,95840454;43,68854523;589,1895752;594,1521734
78,83745679;-62,40448761;43,54894257;589,3182983;594,211147
78,84752079;-62,6579895;43,49650192;589,2471924;594,1634649
78,85758479;-62,26460266;43,20056534;588,9266357;593,7825796
78,86764879;-62,74950409;43,50200272;589,1106567;594,038122
78,87771279;-61,96884918;43,03911209;589,0661011;593,8782492
78,88777679;-62,51102448;43,41916656;589,1582642;594,0541326
78,89783979;-62,32305145;43,1085968;589,2936401;594,1460327
78,90790379;-62,79193878;43,62645721;589,5654297;594,502726
78,91796779;-62,38365173;43,25066376;589,4576416;594,3253748
78,92803179;-62,55780029;43,26463699;589,2095337;594,0986297
78,93809579;-62,30324554;43,3310318;589,2502441;594,1170953
78,94816046;-62,89174652;43,25951004;589,3100586;594,2332052
78,95822446;-62,23272705;43,1962204;589,4807129;594,3284754
78,96828846;-62,49837494;43,31744385;590,0072632;594,8873998
78,97835246;-62,02290344;43,04150391;589,7612915;594,5736225
78,98841646;-62,59012604;43,41646194;589,4654541;594,3669192
78,99847946;-62,30518341;43,15525818;589,3110352;594,164799
79,00854346;-62,55024719;43,26522064;589,6849976;594,5694317
79,01860746;-62,36692047;43,34550858;589,5314941;594,4037756
79,02867146;-62,67451477;43,49452591;589,1898804;594,1082256
79,03873546;-62,0993576;43,53548431;588,9909058;593,85348
79,04879946;-62,68093872;43,4145813;589,4448242;594,3558923
79,05886346;-62,13259125;43,15286255;588,9940186;593,8321163
79,06892746;-62,54128265;43,20137024;589,2438354;594,1263065
79,07899146;-62,19833374;43,01934052;589,190918;594,0246074
79,08905546;-62,66577148;43,13328171;588,9326172;593,8258217
79,09911946;-62,2727356;43,00343323;589,3529663;594,1919789
79,10918246;-62,80867004;43,01059723;589,1283569;594,0261454
79,11924646;-62,25785828;42,71125031;589,3336182;594,1501538
79,12931046;-62,5936203;43,13012695;589,0837402;593,9678629
79,13937446;-62,0769577;42,91820908;589,4614868;594,2729725
79,14943846;-62,67982483;43,27044296;589,4094238;594,3101552
79,15950246;-62,20542908;43,07301331;589,22052;594,0586007
79,16956646;-62,08016205;42,96752548;588,8094482;593,6301215
79,17963046;-62,63812256;43,22855759;589,2738037;594,1682071
79,18969446;-62,11869812;42,791008;589,1577148;593,9668475
79,19975846;-62,93062592;43,10920715;589,204895;594,1221051
79,20982146;-62,44652557;42,9574585;588,9536743;593,8108641
79,21988546;-62,79512787;43,1316185;588,9262085;593,8330099
79,22994946;-62,38778687;43,14373016;589,2774658;594,1393348
79,24001346;-62,79577637;43,12511826;589,2479248;594,151666
79,25007746;-62,29873657;42,9758606;589,0088501;593,8513978
79,26014146;-62,586586;42,883255;589,1318359;593,9969482
79,27020546;-62,26322174;42,77680969;589,1201782;593,9437251
79,28026946;-62,79416656;42,98823547;589,0740356;593,9691197
79,29033346;-62,15473175;42,91714478;589,0179443;593,8410821
79,30039746;-62,64141846;43,17499542;589,013855;593,906852
79,31046046;-62,14157104;43,06784439;588,9827271;593,8156842
79,32052446;-62,74720764;42,91311264;588,6342163;593,5225252
79,33058846;-62,30328369;42,77338409;588,9802246;593,8088636
79,34065246;-62,80255127;43,10594177;588,8040161;593,7107478
79,35071646;-62,46683502;43,00453949;588,9907837;593,8532135
79,36078046;-62,8296051;43,25236511;588,9249878;593,8442284
79,37084446;-62,00156403;43,14502335;589,0092773;593,8329864
79,38090846;-62,53096008;43,25249481;588,9991455;593,8862624
79,39097246;-62,33599854;42,96185684;589,1845093;594,0285211
79,40103646;-62,85839844;43,08631134;588,7750854;593,6865416
79,41110046;-62,08670044;43,19933701;588,7627563;593,6013177
79,42116346;-62,44586182;43,11981201;588,6669312;593,5381704
79,43122746;-62,1000824;42,99778748;588,9282837;593,7522659
79,44129146;-62,75077057;43,26026917;589,0367432;593,9472998
79,45135546;-62,22098541;43,19094849;588,7382813;593,5904926
79,46141946;-62,64304352;43,20693207;588,8027344;593,6999662
79,47148346;-62,1574707;43,13495255;588,744812;593,5862439
79,48154746;-62,80773163;42,97239304;588,9054565;593,8022183
79,49161146;-62,42948914;42,8976593;589,8082275;594,6523317
79,50167546;-62,61122131;43,08460236;589,8012695;594,678052
79,51173946;-61,91915131;42,99843216;589,8200684;594,6179946
79,52180246;-62,42288208;43,07202911;589,2774048;594,1377582
79,53186646;-62,20023346;42,88785553;589,1463013;593,9710443
79,54193046;-62,80928802;42,91981506;589,5407715;594,4286656
79,55199446;-62,17894745;42,70504761;589,3528442;594,160515
79,56205846;-62,91675568;42,83639526;589,3920288;594,2864953
79,57212246;-62,26457977;42,88708496;589,7357178;594,5623573
79,58218646;-62,75723267;42,77014542;589,4990845;594,3710341
79,59225046;-62,30828857;42,82427979;589,4193726;594,2486336
79,60231446;-62,85871124;43,13465881;589,5111694;594,4200832
79,61237846;-62,21634674;43,10878372;589,1943359;594,036368
79,62244246;-62,6423645;43,25201416;588,9329834;593,8323513
79,63250546;-62,41002655;43,27351379;588,9639282;593,8401444
79,64256946;-62,95191956;43,24422073;589,2180176;594,1471863
79,65263346;-62,33371735;43,16330338;589,2443237;594,1022102
79,66269746;-62,89154816;43,16947174;588,8015137;593,7223026
79,67276146;-62,5552597;43,02099228;588,9873657;593,860323
79,68282546;-62,8302536;43,29309082;588,8656006;593,7883697
79,69288946;-62,44767761;43,06273651;588,6421509;593,5096406
79,70295346;-62,64993286;43,28205872;588,9111328;593,8136686
79,71301746;-62,33512878;43,35465622;588,7497559;593,6257824
79,72308146;-62,86882782;43,21061707;589,114624;594,0334058
79,73314546;-62,55686951;43,30930328;589,3288574;594,2201274
79,74320846;-62,94832611;43,39244843;588,8021851;593,7452395
79,75327246;-62,50904846;43,4127655;589,1001587;593,9958302
79,76333646;-62,7302475;43,35098648;589,0272217;593,9423035
79,77340046;-62,61801147;43,09503937;589,2502441;594,1330221
79,78346446;-62,79026031;43,23458099;589,1734619;594,0851909
79,79352846;-62,22634125;42,84367752;588,7788696;593,6061452
79,80359246;-62,49286652;43,17525482;588,8410034;593,7197894
79,81365646;-62,21339417;43,23319626;588,843811;593,6974393
79,82372046;-62,54211426;43,3602562;588,7519531;593,6501412
79,83378446;-62,24882507;43,07998657;588,487854;593,3369665
79,84384846;-62,58209229;43,34384155;588,8762207;593,7763975
79,85391146;-62,50578308;42,91782761;588,9171143;593,7779722
79,86397546;-62,87038422;43,31611633;588,8598633;593,7886069
79,87403946;-62,42746735;43,1525116;588,5657349;593,4382463
79,88410346;-62,62672424;43,51606369;588,8859253;593,8033238
79,89416746;-62,26262665;43,11966705;588,557373;593,4102474
79,90423146;-62,63183594;43,28732681;588,5180054;593,422263
79,91429546;-62,39104462;43,23366547;588,760498;593,6334865
79,92435946;-62,73277283;43,39738464;589,2093506;594,1265796
79,93442346;-62,37898254;42,92156219;589,0684204;593,9149787
79,94448804;-62,78757477;43,12178421;588,7205811;593,6275687
79,95455104;-62,24481201;42,74263;588,8982544;593,7192123
79,96461504;-62,57189178;43,01198578;588,8388062;593,7140829
79,97467904;-62,37051392;42,91461563;588,8763428;593,7230771
79,98474304;-62,67035675;43,25969696;588,5817261;593,4875089
79,99480704;-62,11239624;43,12786484;588,4699707;593,3084096
80,00487104;-62,56398773;43,04128647;588,8534546;593,7299015
80,01493504;-62,36314392;43,17043304;588,4537964;593,3217664
80,02499904;-62,52616119;43,43251419;588,2437134;593,1497032
80,03506304;-62,24411011;43,02988052;588,5935669;593,4376857
80,04512704;-62,39195251;43,06754303;588,6202393;593,4823966
80,05519104;-62,32048798;43,01903152;588,7321777;593,5823931
80,06525404;-62,78185272;43,26713181;588,416626;593,3361033
80,07531804;-62,17771912;43,0371933;588,527771;593,3659967
80,08538204;-62,60752869;43,23564529;588,7061768;593,602549
80,09544604;-62,25180054;43,01164246;588,2987671;593,1447778
80,10551004;-62,69944;43,36408234;588,5094604;593,4265316
80,11557404;-62,36393738;43,23506546;588,6542969;593,5254104
80,12563804;-62,67185974;43,43383789;588,6052856;593,5237506
80,13570204;-62,46375275;43,21081924;588,6495361;593,5294194
80,14576604;-62,71318054;43,53087997;588,5927124;593,5227558
80,15583004;-62,27172089;43,36316299;588,6629028;593,5336084
80,16589404;-62,54387665;43,61109161;588,9364014;593,8516218
80,17595704;-62,30140686;43,78078079;588,9013672;593,8038753
80,18602104;-62,50788879;43,73087311;588,6060791;593,5290572
80,19608504;-62,23397827;43,43929672;588,3508911;593,2257678
80,20614904;-62,7064743;43,60322952;588,3594971;593,2960824
80,21621304;-62,21623993;43,34153366;588,781311;593,6436484
80,22627704;-62,63868713;43,65222168;588,5018311;593,4336751
80,23634104;-62,29737854;43,38829803;588,6691284;593,5443122
80,24640504;-62,53190613;43,71944427;588,6087646;593,5334084
80,25646904;-62,18351746;43,48002625;588,3996582;593,2718267
80,26653304;-62,29026794;43,73958206;588,7288208;593,628548
80,27659704;-62,2162323;43,42683029;588,6204834;593,4903728
80,28666004;-62,37437439;43,68955231;588,4812012;593,3881223
80,29672404;-62,25789642;43,17375183;588,4436646;593,3009058
80,30678804;-62,39627838;43,47040939;588,4989624;593,3919453
80,31685204;-62,46733093;43,40625381;588,2809448;593,1785063
80,32691604;-62,31108093;43,2248764;588,5671997;593,4327336
80,33698004;-62,58448029;43,29179001;588,4945679;593,3943484
80,34704404;-62,50931549;43,13095093;588,7522583;593,6302849
80,35710804;-62,80754852;43,34065247;588,7409058;593,6657767
80,36717204;-62,69405365;42,98753738;588,7356567;593,622899
80,37723604;-62,94662476;43,36963272;588,5040283;593,447718
80,38730004;-62,3504715;43,09589386;587,8995361;592,7653009
80,39736304;-62,6125412;43,5363884;588,4887085;593,4093928
80,40742704;-62,37670898;42,95851517;588,0487061;592,9060369
80,41749104;-62,59561157;43,46503067;588,1385498;593,0551182
80,42755504;-62,41944122;43,14389801;588,1769409;593,0511752
80,43761904;-62,62966919;43,23377991;588,5785522;593,4781777
80,44768304;-62,39920807;43,09320831;588,1459961;593,0146697
80,45774704;-62,63302612;43,29929352;588,3029175;593,2099523
80,46781104;-62,2522583;43,1728096;588,1446533;593,0036833
80,47787504;-62,35781097;43,52454758;588,239563;593,1346106
80,48793904;-62,24788666;43,36693954;588,4150391;593,2855544
80,49800304;-62,84155273;43,72624969;588,4536133;593,4127574
80,50806604;-62,46459961;43,16365051;588,5336304;593,4111231
80,51813004;-62,59090424;43,38072205;588,5571899;593,463625
80,52819404;-62,42821503;42,88573074;588,366272;593,2211543
80,53825804;-62,42626953;43,32424164;588,4785156;593,3641314
80,54832204;-62,24682617;42,91652679;588,2823486;593,1210815
80,55838604;-62,73750305;43,45276642;588,2236328;593,1535884
80,56845004;-62,55060577;43,19255066;588,4693604;593,3585449
80,57851404;-62,81378174;43,4408493;588,5831299;593,5172949
80,58857804;-62,60259247;43,12225342;588,2678833;593,1590983
80,59864204;-62,62039948;43,30549622;588,1179199;593,025605
80,60870604;-62,4842453;43,13544083;588,3157349;593,1950363
80,61876904;-62,48363495;43,36725616;587,8876953;592,7873698
80,62883304;-62,33887482;43,11793518;588,0076294;592,8728901
80,63889704;-62,66320801;43,49663925;587,81427;592,7429892
80,64896104;-62,54128265;43,06063843;588,0789795;592,9608054
80,65902504;-62,59158325;43,38589859;588,0155029;592,9268709
80,66908904;-62,45541382;43,22679138;588,0126343;592,8980454
80,67915304;-62,60632324;43,21913147;587,9526978;592,8539616
80,68921704;-62,24790192;42,91502762;587,975647;592,8168877
80,69928104;-62,68687439;43,24468231;587,7772827;592,6903752
80,70934504;-62,67282104;42,81753922;588,0992432;592,9771867
80,71940904;-62,69145203;43,43401337;588,3253174;593,2481865
80,72947204;-62,40910339;43,21899033;588,4714966;593,3476886
80,73953604;-62,69728851;43,25187683;588,2701416;593,1807771
80,74960004;-62,29182434;43,1402359;588,399292;593,2580199
80,75966404;-62,47647095;43,39977264;588,4138184;593,3107713
80,76972804;-62,30597687;43,17310333;588,1442871;593,0089831
80,77979204;-62,61750793;43,56235504;588,354126;593,2783568
80,78985604;-62,35269928;43,17170334;588,144104;593,0136104
80,79992004;-62,77960205;43,3627739;587,9709473;592,9008715
80,80998404;-62,76053619;43,18186951;588,2067261;593,1194748
80,82004804;-62,73592377;43,5160141;587,9764404;592,9129229
80,83011204;-62,4327774;43,11963272;588,5718384;593,4424684
80,84017504;-62,51158142;43,20024872;588,4735718;593,3591695
80,85023904;-62,34781647;42,95009613;588,4609375;593,3112471
80,86030304;-62,52227783;43,13536072;588,5944214;593,4754312
80,87036704;-62,54284668;42,49371338;588,3157349;593,1548931
80,88043104;-62,78790283;42,94741821;588,8082275;593,7018867
80,89049504;-62,77797699;42,57873535;588,2373657;593,1081027
80,90055904;-62,74328613;43,15446091;588,1089478;593,0186859
80,91062304;-62,37994385;42,92567062;588,1958618;593,0499494
80,92068704;-62,67086792;43,12299728;588,3532104;593,2509847
80,93075104;-62,39994049;42,96857452;587,8638916;592,7259114
80,94081446;-62,57605743;43,07165527;588,0067749;592,8936648
80,95087746;-62,57298279;42,82170486;588,0516968;592,9197877
80,96094146;-62,73562622;42,94871521;588,2420044;593,1348975
80,97100546;-62,65035248;43,04283905;588,0960083;592,9879153
80,98106946;-62,68260956;43,15874481;588,2120972;593,1148776
80,99113346;-62,64128113;42,85355377;587,7321167;592,6123507
81,00119746;-62,61894226;42,98117447;588,0322876;592,9169289
81,01126146;-62,2556076;43,00955963;587,7789917;592,6295014
81,02132546;-62,26094818;43,22980118;587,7580566;592,6253239
81,03138946;-62,44957733;43,22228241;587,989502;592,8741602
81,04145346;-62,71143341;43,45407104;588,1569214;593,0847699
81,05151746;-62,54834747;43,04212952;588,3457642;593,2247963
81,06158146;-62,47834015;43,11336136;588,7410278;593,6146079
81,07164446;-62,502388;43,07691574;588,5755005;593,4503256
81,08170846;-62,6829071;43,03231049;588,2091675;593,1028168
81,09177246;-62,52871704;42,80857468;588,2711182;593,1317923
81,10183646;-62,80230713;43,14095306;588,1682739;593,0827852
81,11190046;-62,80970001;43,1064682;588,2557983;593,1678601
81,12196446;-62,71556854;43,36079025;587,9925537;592,9153767
81,13202846;-62,37565613;42,92230225;587,9591675;592,8144981
81,14209246;-62,79857635;43,20435333;588,1613159;593,0801049
81,15215646;-62,71373749;43,02732849;587,8415527;592,7411366
81,16222046;-62,74383545;43,22802353;587,9433594;592,8598863
81,17228446;-62,66635895;43,26577759;588,3588867;593,2665334
81,18234746;-62,82479095;43,34995651;588,1986694;593,1305487
81,19241146;-62,62510681;43,04891205;588,2770996;593,1652879
81,20247546;-62,82030487;43,17232895;587,9522095;592,8727025
81,21253946;-62,41661835;43,18629837;587,9880371;592,8666143
81,22260346;-62,42034149;43,32368851;587,6793213;592,5708613
81,23266746;-62,53609467;42,97306824;587,7254028;592,6032373
81,24273146;-62,90981293;43,32607651;587,739624;592,6825956
81,25279546;-62,8163147;43,20954514;587,7299194;592,6545473
81,26285946;-62,63197327;43,40546417;587,5993652;592,5198836
81,27292346;-62,43984985;43,51490784;587,623291;592,5313614
81,28298746;-62,91397095;43,35050964;587,6452026;592,5911901
81,29305146;-62,84113312;43,09770966;587,6207886;592,5408102
81,30311446;-62,93603516;43,40368652;587,5272827;592,4804912
81,31317846;-62,76049042;43,14543152;587,7132568;592,6274375
81,32324246;-62,61013031;43,29155731;587,3908081;592,3024133
81,33330646;-62,40036011;43,16457367;587,4424438;592,3222182
81,34337046;-62,49681854;43,13801575;587,5726318;592,4595669
81,35343446;-62,37863159;43,28437042;587,7697144;592,6532439
81,36349846;-62,65560913;43,43994522;587,5262451;592,4523972
81,37356246;-62,39603424;43,48146057;587,1789551;592,0836324
81,38362646;-62,5835495;43,53531647;587,3922729;592,3189232
81,39369046;-62,37320709;43,3650589;587,6078491;592,4980419
81,40375446;-62,53647614;43,59433746;587,4321289;592,3578168
81,41381746;-62,45110321;43,25566864;587,4107056;592,3027352
81,42388146;-62,30335236;43,11568069;587,4692993;592,3350802
81,43394546;-62,31597137;43,0339241;587,6976318;592,5569216
81,44400946;-62,48967743;43,00582886;587,633728;592,5097969
81,45407346;-62,3249588;42,91317749;587,7332153;592,5844022
81,46413746;-62,41548157;43,02832413;587,4494629;592,3208594
81,47420146;-62,33565521;42,94625092;587,3570557;592,2148472
81,48426546;-62,54424286;43,38412476;587,3324585;592,2443595
81,49432946;-62,54647064;43,32192993;587,6134644;592,5187205
81,50439346;-62,51491547;43,52565002;587,5513916;592,4687626
81,51445746;-62,55845642;43,5105896;587,7036133;592,6232099
81,52452046;-62,38260651;43,18371582;587,7963257;592,6727119
81,53458446;-62,68933868;43,3100853;587,4829712;592,4035433
81,54464846;-62,45101929;43,13659668;587,6765747;592,5577206
81,55471246;-62,72188568;43,29579926;587,7519531;592,6726918
81,56477646;-62,51889038;43,0862999;587,5133057;592,3992954
81,57484046;-62,7960968;43,04693604;587,831543;592,7413529
81,58490446;-62,3968811;43,00029755;587,4957886;592,3628094
81,59496846;-62,46992493;43,36079788;587,3492432;592,2514532
81,60503246;-62,51750183;43,49747849;587,562439;592,4779222
81,61509646;-62,46328735;43,20040894;587,6555786;592,5428395
81,62516046;-62,37403107;43,35058594;587,6647949;592,5535455
81,63522446;-62,66053009;43,43143463;587,9101563;592,8330147
81,64528746;-62,64529419;43,43981934;587,668457;592,5923271
81,65535146;-62,47570801;43,30226135;587,6703491;592,5662319
81,66541546;-62,25566864;42,91347122;587,7546997;592,5984486
81,67547946;-62,43609619;43,08772659;587,8950195;592,7692403
81,68554346;-62,22971344;42,90990829;587,5770874;592,4193035
81,69560746;-62,54737854;42,84888458;587,2452393;592,1192215
81,70567146;-62,57944489;42,97634888;587,4396362;592,3246405
81,71573546;-62,54120636;43,0963974;587,2977905;592,1886496
81,72579946;-62,38240051;43,31728363;587,3748779;592,2644664
81,73586346;-62,56958008;43,4293251;587,3670044;592,2846077
81,74592746;-62,64138794;43,33026505;587,4356079;592,3529765
81,75599146;-62,47418213;43,42155838;587,5141602;592,4199048
81,76605446;-62,45046997;43,09166718;587,3548584;592,2353271
81,77611846;-62,87417603;42,99867249;587,2012939;592,1211088
81,78618246;-62,57228851;42,78197479;587,3567505;592,2276091
81,79624646;-62,61526489;42,60558319;587,675293;592,5353636
81,80631046;-62,64039612;42,50011444;587,736145;592,590799
81,81637446;-62,78552246;42,6791153;587,62146;592,5052818
81,82643846;-62,75009155;42,83618546;587,5491333;592,4411336
81,83650246;-62,83643341;43,02364731;587,5812378;592,4957068
81,84656646;-62,68444061;43,1938591;587,2974854;592,2105916
81,85663046;-62,76213074;43,34058762;587,3528442;592,2844378
81,86669446;-62,75600433;43,38724136;587,6468506;592,5787625
81,87675846;-62,75691986;43,45671082;587,4708252;592,4093915
81,88682146;-62,93592834;43,34566879;587,6643677;592,6121726
81,89688546;-62,93107605;43,14160156;587,737793;592,6695803
81,90694946;-62,69985962;43,08751678;588,2733154;593,1722348
81,91701346;-62,62025452;43,24660492;587,8643188;592,7697888
81,92707746;-62,51062012;43,0594635;587,8411255;592,7215905
81,93714146;-62,46092224;43,23896027;587,8405151;592,728813
81,94720917;-62,34305573;43,36896896;587,6519165;592,5388587
81,95727317;-62,32476807;43,18965912;587,7631226;592,6341296
81,96733717;-62,42948151;43,37187958;587,5643921;592,46137
81,97740117;-62,62037659;43,60774231;587,4009399;592,3367378
81,98746517;-62,52929688;43,37746429;587,6803589;592,5873114
81,99752817;-62,48339081;43,36943054;587,6107178;592,5128161
82,00759217;-62,62351227;43,35099792;587,7207642;592,6353938
82,01765617;-62,60555267;43,00491333;587,5109863;592,4002337
82,02772017;-62,64286041;42,8152771;587,65802;592,5362642
82,03778417;-62,60072327;42,73291016;587,9483643;592,8138251
82,04784817;-62,62445831;42,96567535;587,8352661;592,7209901
82,05791217;-62,64437866;43,07840729;587,6004639;592,4984156
82,06797617;-62,5847702;43,18079758;587,8248291;592,7220803
82,07804017;-62,39953613;43,24134827;587,3709717;592,2568486
82,08810417;-62,63298798;43,07451248;587,0585327;591,9594797
82,09816817;-62,71313477;43,02533722;587,2128906;592,1174679
82,10823217;-62,68112183;43,36172485;587,0719604;591,9988589
82,11829517;-62,70960999;43,01151276;587,3243408;592,2266177
86,06128192;-68,48192596;40,10784149;688,4968262;693,0557646
86,07134592;-68,35889435;40,91893005;688,4265747;693,021245
86,08140992;-68,1208725;41,52172089;688,4261475;693,0332366
86,09147392;-67,86281586;42,72293854;688,3646851;693,0198777
86,10153792;-67,7716217;42,74269485;688,0695801;692,7190467
86,11160092;-67,37936401;42,36604309;688,3843384;692,9703151
86,12166492;-67,06209564;41,4305687;688,3300781;692,8290649
86,13172892;-67,11720276;40,59054947;688,5234985;692,9768536
86,14179292;-66,98976135;39,82313538;688,6228027;693,0186684
86,15185692;-67,07754517;39,76235962;689,1737061;693,5710774
86,16192092;-66,33998871;39,74406052;688,7376709;693,0657716
86,17198492;-66,29747009;40,34764481;688,6398926;692,9994146
86,18204892;-65,91411591;41,05451202;687,828064;692,1976518
86,19211292;-65,89060211;41,46651459;687,6330566;692,0262017
86,20217692;-65,91508484;42,02671051;687,5463257;691,9761504
86,21223604;-66,5007782;42,11485672;687,8916016;692,3805819
86,22230004;-66,4342804;41,85803986;688,0986328;692,5643202
86,23236404;-66,80402374;41,46330643;687,6305542;692,1110911
86,24242804;-66,58361816;40,7861557;687,8522949;692,2699389
86,25249204;-66,84082794;40,55255508;688,5089111;692,9334216
86,26255604;-66,83241272;40,28899002;688,6114502;693,019122
86,27262004;-66,8844223;40,14616776;688,6134033;693,017792
86,28268404;-66,98596191;40,23806;688,5020752;692,9223103
86,29274804;-67,07875061;40,88462448;688,3662109;692,8341444
86,30281204;-67,12402344;40,92993546;688,2087402;692,684751
86,31287504;-67,26820374;41,38026428;687,9644165;692,4827622
86,32293904;-67,38563538;41,31725311;687,7895508;692,3166945
86,33300304;-67,69876862;41,31915283;687,6271973;692,1860719
86,34306704;-67,85836029;41,11548615;687,9393311;692,4996487
86,35313104;-67,98220062;41,0063591;687,9765625;692,5423104
86,36319504;-67,75457001;40,65745926;688,097168;692,6192484
86,37325904;-67,96773529;40,74520493;688,0037231;692,5524585
86,38332304;-67,55264282;40,29317093;687,9962769;692,4779969
86,39338704;-67,77190399;40,54457855;687,8360596;692,3549225
86,40345004;-67,4467392;40,32910919;687,8924561;692,3666159
86,41351404;-67,58551788;40,51622009;688,010376;692,5082265
86,42357804;-67,40685272;40,82220078;688,1723633;692,6697174
86,43364204;-68,00201416;41,19987106;687,755249;692,3358909
86,44370604;-67,67207336;40,93993759;687,8096924;692,3422282
86,45377004;-67,88061523;41,30956268;687,5512695;692,1278828
86,46383404;-67,52824402;41,29089737;687,0900879;691,6341452
86,47389804;-67,75001526;41,43247986;686,9761963;691,5511617
86,48396204;-67,05761719;41,51860046;687,3266602;691,8370155
86,49402604;-67,16007233;41,59897995;687,1035156;691,6300974
86,50408904;-66,92107391;41,19253159;687,0672607;691,5465824
86,51415304;-66,98072815;40,83827209;686,9181519;691,3832004
86,52421704;-66,52266693;40,65190887;686,7017822;691,1130013
86,53428104;-67,14400482;40,96602631;687,1355591;691,6225916
86,54434504;-66,57126617;40,94697952;687,0071411;691,4385009
86,55440904;-66,97116089;40,95012665;687,3329468;691,8010039
86,56447304;-66,42974091;41,15742111;687,2285156;691,6573404
86,57453704;-66,58015442;41,5198288;687,2879028;691,7524662
86,58460104;-66,45967865;41,47562027;687,036499;691,4884431
86,59466504;-66,93431854;41,67443466;686,968811;691,4789287
86,60472804;-66,45566559;41,27903366;687,0632324;691,5028557
86,61479204;-66,90415955;41,21681976;687,3771973;691,8543229
86,62485604;-66,63926697;40,91408539;687,0554199;691,4910732
86,63492004;-67,24075317;40,98958206;687,3795166;691,875758
86,64498404;-67,45121002;40,76180649;687,5162964;692,0186763
86,65504804;-67,40240479;40,72038651;687,1329956;691,6306729
86,66511204;-67,85899353;41,15350342;687,3325195;691,899159
86,67517604;-67,38093567;41,33249664;687,1334839;691,6653746
86,68524004;-68,03619385;41,45409012;687,0369263;691,6408774
86,69530404;-67,72246552;41,51195908;687,1046143;691,6807978
86,70536704;-68,3289032;41,70642471;687,1932373;691,8401624
86,71543104;-67,82135773;41,28176117;686,993103;691,5659361
86,72549504;-68,34304047;41,30395508;687,3181763;691,9415173
86,73555904;-67,64044189;40,81005478;687,4273071;691,9515825
86,74562304;-68,38260651;40,8264389;687,6102295;692,2071992
86,75568704;-67,64872742;40,34791565;687,1976318;691,6971084
86,76575104;-68,23339081;40,86220551;687,1995239;691,7866009
86,77581504;-67,69966125;40,67386246;687,1359253;691,6598782
86,78587904;-68,05861664;41,18809509;687,0717163;691,661751
86,79594304;-67,39141846;41,44065094;687,2207642;691,7595749
86,80600604;-67,7033844;41,6022644;687,1312256;691,7107906
86,81607004;-67,14485931;41,61040115;686,8825073;691,4097457
86,82613404;-67,86936188;41,89328003;686,9239502;691,5387267
86,83619804;-66,92349243;41,4890213;686,8908691;691,3892962
86,84626204;-67,48307037;41,33216095;687,0755005;691,6177092
86,85632604;-66,84067535;40,77346802;687,0576782;691,5044503
86,86639004;-67,23625946;40,89205551;686,6465454;691,1413409
86,87645404;-66,40873718;40,21694183;687,359436;691,7300898
86,88651804;-67,02776337;40,59412384;687,4112549;691,8633082
86,89658204;-66,64976501;40,80719376;687,4422607;691,8701324
86,90664504;-67,12490845;41,25387955;687,2001343;691,7020026
86,91670904;-66,39414215;41,28662109;687,0862427;691,5202615
86,92677304;-67,04694366;41,69577026;686,9961548;691,5182909
86,93683704;-66,68427277;41,49478912;686,772644;691,2490683
86,94690104;-67,27596283;41,7469368;686,8035278;691,3522602
86,95696504;-66,92836761;41,29545593;686,9553223;691,4422144
86,96702904;-67,62334442;41,3344841;686,5971069;691,156309
86,97709304;-67,15612793;40,79278564;686,9490356;691,4282135
86,98715704;-67,90628052;40,86597061;687,0865479;691,6424038
86,99722104;-67,43859863;40,64103699;686,7929688;691,2917187
87,00728404;-67,81574249;40,94885254;686,5800171;691,135228
87,01734804;-67,28818512;41,07351685;686,4956055;691,0071997
87,02741204;-67,95498657;41,29977798;686,9633179;691,5505419
87,03747604;-67,23065948;41,19961548;687,0309448;691,5409525
87,04754004;-68,00576019;41,4071579;686,8928223;691,4919272
87,05760404;-67,48740387;41,2185173;686,5950928;691,134095
87,06766804;-68,06156158;41,29162979;686,4381104;691,0388225
87,07773204;-67,62203217;40,97517776;686,715271;691,2521738
87,08779604;-68,43219757;40,87841034;686,8527832;691,4627654
87,09785904;-67,75863647;40,66966248;686,8078613;691,3394916
87,10792304;-67,92943573;40,97806549;686,343689;690,9133589
87,11798704;-67,46295929;41,06541443;686,5570068;691,084758
87,12805104;-67,73283386;41,06462479;686,539978;691,0941916
87,13811504;-67,22492981;41,01795197;686,0061035;690,5114319
87,14817904;-67,5561142;41,27331924;686,2420044;690,793315
87,15824304;-67,15338898;41,46733093;685,9788208;690,5042069
87,16830704;-67,43115997;41,48672485;686,0455933;690,5987733
87,17837104;-66,86728668;41,24308395;685,9129028;690,3975205
87,18843504;-67,01095581;41,26763153;686,0127563;690,5121197
87,19849804;-66,65661621;41,24463272;686,1003418;690,5634679
87,20856204;-67,16537476;41,05302811;688,0064697;692,4950838
87,218626;-66,60261536;40,53496933;689,4696655;693,8641162
87,22869;-67,03969574;40,7489624;689,3687744;693,8184964
87,238754;-66,31867218;40,60674286;689,0897217;693,4635667
87,248818;-66,86231995;40,92189789;688,8953247;693,3411426
87,258882;-66,76634216;40,70905685;691,3792114;695,7874573
87,268946;-66,99028015;40,85343933;692,5714722;697,0021128
87,27901;-66,69779968;40,05113983;694,9629517;699,3040787
87,289074;-67,00247192;40,36760712;695,7558594;700,1393367
87,299137;-66,74303436;40,34622192;696,8772583;701,2277543
87,309201;-67,14089966;40,62440109;696,7363281;701,1417498
87,319265;-66,7585144;40,52164459;696,7505493;701,1134223
87,329329;-67,49581146;40,40008545;696,8057251;701,2318233
87,339393;-66,95733643;40,0028801;697,2023315;701,5515708
87,349457;-67,8392868;40,55949402;694,9049683;699,3855563
87,359521;-67,45123291;40,51033401;693,8077393;698,2549212
87,369585;-68,04349518;40,47616959;692,7278442;697,2374801
87,379649;-67,37213135;40,4659996;691,8656006;696,3149506
87,389713;-67,9825058;40,68228531;692,3049927;696,8234154
87,399776;-67,54657745;40,52594757;693,0812378;697,5431849
87,40984;-67,88323975;40,47805023;693,2063599;697,6974016
87,419904;-67,8234024;40,54056549;692,6681519;697,1604693
87,429968;-68,27683258;40,55942917;692,6560669;697,1938182
87,440032;-67,31784821;40,7906723;691,7561035;696,2198492
87,450096;-67,86402893;40,66302109;690,8463745;695,3615756
87,46016;-67,42971039;40,53619766;690,4876709;694,9555186
87,470224;-67,88368225;40,47821426;690,0147705;694,5265032
87,480288;-67,20428467;40,3985405;689,5195923;693,9637787
87,490352;-67,57117462;40,56443787;688,8334351;693,3273675
87,500415;-67,08000183;40,54195786;688,4740601;692,9212858
87,510479;-67,48687744;40,74440384;688,6612549;693,1586464
87,520543;-66,9925766;40,870224;688,4713745;692,9294438
87,530607;-67,19412231;40,86259842;691,3313599;695,7900913
87,540671;-66,78920746;40,61970901;693,1848755;697,5786913
87,550735;-66,94563293;40,67773056;692,2316895;696,6499174
87,560799;-66,62089539;40,7598381;691,1948242;695,593267
87,570863;-67,09515381;40,9992981;690,4221191;694,8851738
87,580927;-66,621315;40,67866898;690,0126953;694,4139064
87,590991;-66,9569931;40,71233749;690,2198486;694,653995
87,601054;-66,62072754;40,40340042;689,7403564;694,1271608
87,611118;-67,16110992;40,37872314;689,7442017;694,1816187
87,621182;-66,96426392;40,54581833;690,0239258;694,450282
87,631246;-67,54716492;41,00245285;689,5620728;694,0746882
87,64131;-66,9158783;41,0010643;689,2896729;693,7428019
87,651374;-67,30537415;41,46715164;689,557312;694,0740772
87,661438;-67,08014679;41,2834053;689,6960449;694,1791556
87,671502;-67,3835907;41,28574371;689,7597656;694,2719894
87,681566;-66,96027374;40,67190552;690,7445679;695,1733167
87,69163;-67,66578674;40,69417953;690,2521362;694,7536877
87,701693;-67,31448364;40,49996948;690,2406616;694,6968103
87,711757;-67,93674469;40,54213333;690,4573364;694,9751069
87,721821;-67,41797638;40,56854248;690,2595825;694,7296463
87,731885;-67,99263763;40,5384407;690,2538452;694,7781911
87,741949;-67,54759216;40,49824142;690,3613281;694,8392247
87,752013;-68,07485199;40,74596405;690,163208;694,7083365
87,762077;-67,58204651;40,68836212;689,7160034;694,2125332
87,772141;-67,84321594;41,10733032;690,0302734;694,5749008
87,782205;-67,78735352;40,57753754;690,0979004;694,6054808
87,792269;-67,67287445;40,60789871;690,1656494;694,6634027
87,802332;-67,86308289;40,54162979;690,293396;694,8050045
87,812396;-67,40789032;40,31829071;690,5130005;694,9658928
87,82246;-67,7665863;40,77745056;690,4845581;694,9993062
87,832524;-67,0497818;40,66271973;690,2411499;694,6812039
87,842588;-67,37735748;41,15440369;689,8864746;694,3894736
87,852652;-66,9441452;40,75136948;690,0363159;694,4726848
87,862716;-67,27316284;40,90398407;690,1279907;694,6045335
87,87278;-66,68338776;40,89758682;689,9664307;694,3867526
87,882844;-67,25785065;41,05287933;689,6891479;694,1758266
87,892908;-66,79120636;40,94808578;689,6981812;694,1335549
87,902971;-66,95840454;41,09696579;689,6426392;694,1032764
87,913035;-66,70493317;41,07950974;690,5576782;694,9870367
87,923099;-66,78894043;41,08297729;690,1834106;694,6234332
87,933163;-66,52054596;40,37812805;693,2766724;697,6302177
87,943227;-66,83644104;40,68740463;693,5153198;697,9155204
87,953291;-66,54683685;40,85871887;692,5947266;696,9830498
87,963355;-66,9196167;41,22029495;692,1641235;696,6121745
87,973419;-66,85385132;40,97652054;692,2296753;696,6566127
87,983483;-67,17960358;41,15213013;691,5618286;696,0347403
87,993547;-67,0328598;40,70833588;691,2453613;695,6800432
88,00361;-67,57528687;41,17350769;690,9539795;695,4704012
88,013674;-67,31108093;40,94895935;691,2897339;695,7651149
88,023738;-67,68430328;41,19034958;691,1539917;695,6807098
88,033802;-67,63167572;40,66989517;691,0841675;695,5755965
88,043866;-67,85230255;40,83916092;690,8647461;695,3890058
88,05393;-67,68860626;40,73329926;690,7966309;695,2991689
88,063994;-67,97476959;41,0898056;690,7069092;695,2589272
88,074058;-67,84523773;40,91998672;690,564209;695,0944888
88,084122;-67,84572601;41,08535385;690,7073364;695,2464839
88,094186;-67,52144623;40,6909256;690,6382446;695,1230697
88,104249;-67,72622681;41,06649017;690,3241577;694,8530356
88,114313;-67,33721161;40,80768204;690,4838867;694,9586785
88,124377;-67,6140976;41,06356812;689,9494629;694,4696856
88,134441;-67,37406921;40,79217911;690,8488159;695,3239199
88,144505;-67,61541748;40,91138458;690,3119507;694,8209664
88,154569;-67,18587494;40,83348846;690,1624146;694,6261398
88,164633;-67,2789917;41,20280838;690,2422485;694,7362779
88,174697;-67,21089172;40,77407455;690,4685059;694,9291955
88,184761;-67,06832123;40,80390549;691,0457153;695,4906894
88,194825;-66,84908295;40,664505;691,4523315;695,865453
88,204888;-67,12387085;40,87540817;691,2640991;695,7172326
88,21495217;-67,03613281;40,80983353;691,2451172;695,6860626
88,22501617;-67,1615448;41,16300201;690,7524414;695,2294593
88,23508017;-66,94854736;40,85892487;690,5196533;694,9596761
88,24514417;-67,17900085;41,21619415;690,7081909;695,1903321
88,25520817;-66,71942902;41,19185257;690,2525024;694,6918511
88,26527217;-67,14488983;41,39029694;690,425415;694,9164314
88,27533617;-66,93309784;41,04362488;690,2578125;694,7089077
88,28540017;-67,06965637;41,29144669;690,1729126;694,6524107
88,29546417;-66,93595123;40,98987198;689,7982788;694,2494196
88,30552717;-67,18605804;41,16864777;689,7908936;694,2768186
88,31559117;-66,82820129;40,61534882;689,8757324;694,2939876
88,32565517;-67,40181732;41,11603165;689,9174805;694,4203791
88,33571917;-67,13465118;40,92190552;690,0686035;694,5331823
88,34578317;-67,34420776;41,11713409;690,3046265;694,7994951
88,35584717;-67,26624298;40,98653412;690,854248;695,3303067
88,36591117;-67,45850372;41,40884018;690,6364136;695,1575343
88,37597517;-67,22190094;41,11410522;690,307251;694,7900794
88,38603917;-67,40602875;41,30871964;690,0025635;694,5167533
88,39610317;-67,53987122;41,00724411;689,7932129;694,3038995
88,40616717;-67,66432953;41,20323944;689,5673218;694,1032054
88,41623017;-67,41556549;40,84838104;689,7193604;694,2090786
88,42629417;-67,81352997;41,13851929;690,0023193;694,5460772
88,43635817;-67,35890961;40,70520401;689,9002075;694,3748503
88,44642217;-67,46974945;41,14308929;689,6738892;694,1865702
88,45648617;-67,33937073;41,15259552;689,2924194;693,7954788
88,46655017;-67,49697113;41,45954132;689,045166;693,5834308
88,47661417;-67,30377197;41,25123215;689,0830688;693,5898915
88,48667817;-67,33517456;41,66331863;688,9597778;693,4950853
88,49674217;-67,30815125;41,05391312;688,9876099;693,4837688
88,50680517;-67,2613678;41,19404602;688,8973389;693,3978544
88,51686917;-67,21695709;40,82365036;689,1578979;693,6305198
88,52693317;-67,37452698;41,02964401;689,3060303;693,8051325
88,53699717;-66,94038391;40,91152954;689,2235718;693,6742032
88,54706117;-67,13886261;41,14543152;689,0065918;693,4916416
88,55712517;-66,89704132;40,98271179;689,090271;693,5417784
88,56718917;-67,04330444;41,34409332;689,1864014;693,6728585
88,57725317;-66,9514389;41,09647369;689,3592529;693,8210107
88,58731717;-67,22510529;41,3272934;689,4650269;693,9662695
88,59738117;-67,05613708;40,97373581;689,3050537;693,770012
88,60744417;-66,89498901;41,5433197;688,967041;693,4525006
88,61750817;-66,88594818;40,9225235;689,1426392;693,5891868
88,62757217;-67,17160034;41,33630371;688,6025391;693,1047329
88,63763617;-66,87937164;41,06497192;688,7832031;693,2398453
88,64770017;-66,94394684;41,19886017;688,6824951;693,1539635
88,65776417;-66,89749908;40,97937393;688,8098755;693,2630302
88,66782817;-67,13541412;41,17508698;688,7387695;693,2269789
88,67789217;-67,18799591;40,97173309;688,6195068;693,1015329
88,68795617;-67,24748993;41,18518448;688,6785889;693,1786516
88,69802017;-67,15857697;41,14704514;688,7509155;693,2396248
88,70808317;-67,48630524;41,56760406;688,8536987;693,3986482
88,71814717;-67,4600296;41,51741028;688,5785522;693,1197397
88,72821117;-67,49685669;41,44070816;688,7189331;693,2581963
88,73827517;-67,39248657;41,09745789;689,300415;693,8053116
88,74833917;-67,89762115;41,52455139;689,0443115;693,6255752
88,75840317;-67,5044632;41,25133896;688,7926025;693,3208311
88,76846717;-67,42990875;41,58023453;689,0736694;693,6124497
88,77853117;-67,43379211;41,33171463;688,7642212;693,2905447
88,78859517;-67,47535706;41,48527145;688,9331055;693,471539
88,79865917;-67,54440308;41,40880203;688,5283203;693,071557
88,80872317;-67,52606201;41,68498993;687,7884521;692,3513287
88,81878617;-67,39096832;41,17962265;687,7775269;692,297068
88,82885017;-67,29006958;41,46922302;687,9334717;692,4594655
88,83891417;-67,05361176;41,28672409;687,649231;692,143226
88,84897817;-67,30957794;41,39313126;687,7911987;692,3154654
88,85904217;-67,2505188;41,0437355;687,5103149;692,0098653
88,86910617;-67,31277466;41,42062378;687,7597656;692,2861929
88,87917017;-67,01787567;41,28944016;687,418396;691,9105901
88,88923417;-66,90905762;41,44228363;687,508667;691,9988815
88,89929817;-66,90897369;41,15835953;687,8027954;692,2741557
88,90936217;-66,8992157;41,49967194;687,8862915;692,3765434
88,91942517;-66,97385406;41,27411652;688,2393799;692,7210794
88,92948917;-67,01268005;41,65845871;687,8582153;692,3691579
88,93955317;-66,89909363;41,16766357;687,8977051;692,3680509
88,94961717;-66,97183228;41,09063721;687,8237915;692,2970713
88,95968117;-67,06156921;41,30602646;687,2570801;691,7555464
88,96974517;-66,93421936;41,07618713;687,2821045;691,7543885
88,97980917;-67,16064453;41,23269653;687,5078735;692,0099447
88,98987317;-67,06889343;40,98108673;687,4797974;691,9582052
88,99993717;-67,52974701;41,15378952;687,5001221;692,0334667
89,01000117;-67,63620758;40,71075058;687,2382202;691,757467
89,02006417;-67,82139587;40,96725082;687,6780396;692,2276674
89,03012817;-67,65454102;40,70660782;687,4399414;691,9594192
89,04019217;-67,79598236;40,7842865;687,5438843;692,0810979
89,05025617;-67,57732391;41,05295563;687,503418;692,0353962
89,06032017;-67,7257843;41,38869858;687,187439;691,7560137
89,07038417;-67,51296234;41,20625687;687,0905762;691,6280905
89,08044817;-67,64995575;41,1768837;686,9702148;691,5201576
89,09051217;-67,28762054;41,23386765;687,0500488;691,5675132
89,10057617;-67,62989044;41,15428925;686,8016968;691,3494401
89,11064017;-67,69341278;41,12971497;687,0202026;691,571262
89,12070417;-67,45103455;41,04294968;687,05896;691,5809282
89,13076717;-67,57511902;40,93983459;686,6417847;691,1724873
89,14083117;-67,78263855;41,08351517;686,5105591;691,0709725
89,15089517;-67,35751343;41,05319214;686,6437988;691,1599711
89,16095917;-67,29440308;41,10561752;686,6785278;691,1914417
89,17102317;-67,25311279;41,01037216;686,5103149;691,0146484
89,18108717;-67,13749695;41,38269043;686,9741211;691,4863799
89,19115117;-67,18801117;41,18833923;686,9598999;691,4655539
89,20121517;-67,37709808;41,27302933;687,7618408;692,2856968
89,21127917;-67,22607422;41,24110413;688,2073975;692,7117695
89,221343;-67,11264038;41,23040009;688,2699585;692,7622883
89,231406;-66,85664368;40,98485565;688,0911255;692,545281
89,24147;-66,90840912;40,9400444;689,5742798;694,0212603
89,251534;-66,76817322;40,61842346;692,6617432;697,0567665
89,261598;-66,99389648;40,79008484;694,6433716;699,0575276
89,271662;-66,83381653;40,55573273;696,0413818;700,4178265
89,281726;-67,05714417;40,82125473;696,4191284;700,8299636
89,29179;-66,95589447;40,80993271;696,7383423;701,136834
89,301854;-67,08074951;40,87811279;696,539917;700,9555642
89,311918;-67,03086853;40,89466476;696,3059082;700,7192225
89,321982;-67,20643616;40,69454956;696,8200073;701,2352487
89,332046;-66,89652252;40,40772629;698,7169189;703,0741511
89,342109;-67,19725037;40,36632919;699,324707;703,7044528
89,352173;-67,22706604;40,3990097;698,2849731;702,6759297
89,362237;-67,39474487;40,62517929;697,1513672;701,5785669
89,372301;-67,4250412;40,6536026;695,6031494;700,0447079
89,382365;-67,68437958;40,78021622;694,7944946;699,2736167
89,392429;-67,69001007;40,80823898;694,9353638;699,4157631
89,402493;-67,57103729;40,918293;694,140686;698,6211017
89,412557;-67,52552795;40,88021851;693,6554565;698,1323525
89,422621;-67,44651031;40,9742775;693,5352173;698,0107598
89,432685;-67,50036621;40,55568314;694,4498291;698,9002991
89,442748;-67,47015381;40,74936676;694,0314941;698,4929831
89,452812;-67,46329498;40,88788986;692,8404541;697,3170086
89,462876;-67,60671234;40,93651962;691,7936401;696,2936929
89,47294;-67,47467041;40,79041672;691,4694214;695,9501778
89,483004;-67,51144409;41,20666122;691,4935913;696,0022779
89,493068;-67,42922211;40,94005585;691,8359375;696,3187148
89,503132;-67,31998444;41,17546082;691,6299438;696,1173594
89,513196;-67,22045135;41,14276123;691,6123657;696,0883423
89,52326;-67,28633118;41,00505066;691,4061279;695,8816697
89,533324;-67,26649475;40,86265564;691,59021;696,0542769
89,543388;-67,0438385;40,85245514;691,5233765;695,9657891
89,553451;-66,85231018;40,98452759;691,3864746;695,8191002
89,563515;-66,94047546;41,12052536;691,1195068;695,5703398
89,573579;-66,80793762;41,00483322;691,5377197;695,9663172
89,583643;-66,88422394;40,98161316;691,098877;695,5362318
89,593707;-66,9704895;41,14635086;691,1174927;695,5727549
89,603771;-67,09542847;41,05514145;690,8563232;695,3199124
89,613835;-66,9611969;41,16738892;690,4451904;694,9051135
89,623899;-66,99539185;40,98412323;690,6651001;695,1160776
89,633963;-66,84585571;40,88961411;690,6705933;695,1015734
89,644027;-67,16731262;41,16293716;690,7133179;695,1911412
89,65409;-66,94458771;41,09848022;690,6845703;695,1372804
89,664154;-67,02713776;41,11453247;690,7525635;695,2137412
89,674218;-66,96791077;41,10646057;690,9535522;695,4072573
89,684282;-67,30674744;41,0975914;691,0300903;695,5154894
89,694346;-67,12355042;40,96314621;690,8292847;695,2903357
89,70441;-67,38379669;41,01573563;690,274292;694,7672019
89,714474;-67,54878235;41,10473633;690,583313;695,0954967
89,724538;-67,62205505;41,0488205;689,9743042;694,4942681
89,734602;-67,46825409;41,00553894;690,0490112;694,5509754
89,744666;-67,45315552;40,87317657;690,2960815;694,7871796
89,75473;-67,70215607;41,1289711;690,4813232;695,0105265
89,764793;-67,71366882;41,04339218;690,4458008;694,9712978
89,774857;-67,8780365;41,12293243;690,7578125;695,3020056
89,784921;-67,50873566;40,98199463;690,2955933;694,7985027
89,794985;-67,6054306;41,13274002;690,0808105;694,6034276
89,805049;-67,58592224;40,92726898;690,0328979;694,5417903
89,815113;-67,46461487;41,26094055;690,3429565;694,8577819
89,825177;-67,50238037;40,8901825;690,1334839;694,6314159
89,835241;-67,37850952;40,63955688;690,0264282;694,4983145
89,845305;-67,06192017;40,43024826;691,1602173;695,582024
89,855369;-67,38126373;40,82458496;692,6338501;697,1000873
89,865432;-67,47760773;40,76019669;691,6906128;696,1684602
89,875496;-67,3057251;40,76547241;691,0236206;695,4894166
89,88556;-67,11249542;40,57975388;691,1381836;695,5737145
89,895624;-66,99507141;40,76271439;690,9702759;695,4062558
89,905688;-66,89420319;40,94604111;690,8439331;695,2817793
89,915752;-66,90041351;40,84264374;690,6691284;695,1026053
89,925816;-66,98195648;40,76609039;691,2232666;695,6565682
89,93588;-67,06454468;40,73216248;690,8030396;695,244994
89,945944;-66,99708557;40,69322205;690,5304565;694,9653655
89,956008;-67,07752991;40,90830612;690,6519775;695,1064944
89,966072;-67,24215698;40,64567566;690,4940796;694,950108
89,976136;-67,2362442;41,06011963;690,3882446;694,8687461
89,986199;-67,16819763;41,18994904;690,5992432;695,0794871
89,996263;-67,38451385;40,9224205;690,4663696;694,9526062
90,006327;-67,40524292;41,07635498;690,9038696;695,3983684
90,016391;-67,4789505;41,2898674;690,6382446;695,1542612
90,026455;-67,06367493;41,19813538;690,7994385;695,2687876
90,036519;-67,33400726;41,25229645;690,7654419;695,2643499
90,046583;-67,3935318;41,23132706;690,8153076;695,318416
90,056647;-67,52033997;41,02909851;690,7130737;695,2171844
90,066711;-67,31628418;41,07627106;690,7412109;695,2281371
90,076775;-67,49504089;41,05225754;690,7650757;695,2677601
90,086838;-67,70522308;40,7551651;690,6221924;695,1287603
90,096902;-67,60424805;40,77409363;690,6303711;695,1281684
90,106966;-67,60058594;40,85687637;690,9917603;695,4917227
90,11703;-67,23561859;40,7660408;691,2539063;695,7114786
90,127094;-67,50810242;41,2106514;691,2052612;695,7157285
90,137158;-67,05708313;40,94218445;691,4848633;695,9340709
90,147222;-67,17041016;41,00097275;691,1138916;695,5798696
90,157286;-67,06546021;40,97185516;691,3414917;695,79417
90,16735;-67,2818985;40,85083008;691,2061157;695,6734425
90,177414;-67,12797546;40,81568527;691,1178589;695,5688177
90,187478;-67,19833374;41,03585815;691,2207642;695,6908096
90,197541;-66,96142578;40,87273407;691,0678711;695,5064453
90,207605;-67,05885315;41,04347229;690,8916626;695,3508078
90,21766838;-66,58618164;40,97680283;690,7652588;695,1758488
90,22773238;-66,87738037;41,04535294;690,7379761;695,1807366
90,23779638;-66,94879913;40,82787704;690,6310425;695,0685535
90,24786038;-67,08454895;41,02614212;690,6854248;695,1473492
90,25792438;-66,94268036;40,88126755;690,7180786;695,1575826
90,26798838;-67,18822479;41,17708969;690,9628296;695,4419042
90,27805238;-67,02005005;40,97274017;690,4584351;694,9124428
90,28811638;-67,29705048;41,21450806;690,5313721;695,025974
90,29818038;-67,00901031;40,92789078;689,9830322;694,436379
90,30824338;-67,34621429;41,06958389;690,6087646;695,0990499
90,31830738;-67,22438049;41,04594421;690,6749878;695,1516566
90,32837138;-67,71827698;41,23579025;690,8156128;695,3505348
90,33843538;-67,41146851;40,8147583;690,6105347;695,0921242
90,34849938;-67,38488007;41,00817108;690,3347778;694,8269552
90,35856338;-67,23787689;40,94566727;690,3355103;694,8097556
90,36862738;-67,72086334;41,21675873;690,7501831;695,2846554
90,37869138;-67,50698853;40,97904205;690,1049805;694,6087816
90,38875538;-67,76058197;41,0314827;690,1588745;694,6901116
90,39881938;-67,43592072;40,92102814;689,7633667;694,2590554
90,40888338;-67,62056732;41,2657547;690,1047974;694,6366208
90,41894638;-67,3483963;40,91041565;691,6848755;696,1590591
90,42901038;-67,58682251;40,87569809;693,7515259;698,2334716
90,43907438;-66,89386749;40,87531281;693,7392578;698,1545234
90,44913838;-67,57493591;41,00121689;693,2156982;697,7072997
90,45920238;-67,0570755;40,94205093;692,0059204;696,4517907
90,46926638;-67,51430511;41,17298126;691,5282593;696,0350057
90,47933038;-66,9885788;40,61534882;691,2761841;695,7009695
90,48939438;-67,58417511;41,01361847;690,9813843;695,4890445
90,49945838;-67,18545532;40,64881897;691,4296875;695,8744317
90,50952238;-67,42518616;40,6152916;695,0401001;699,4830222
90,51958638;-66,78444672;40,41880035;696,503479;700,864422
90,52964938;-67,42562103;41,13936615;695,1932373;699,6658481
90,53971338;-67,09249878;41,16533661;693,3730469;697,8267482
90,54977738;-67,33005524;41,23850632;692,3252563;696,8128955
90,55984138;-66,61343384;40,93295288;691,5148315;695,9206984
90,56990538;-67,51012421;41,15745544;691,5876465;696,0926848
90,57996938;-67,01891327;41,08946609;691,5594482;696,0131819
90,59003338;-67,2727356;41,17854309;691,6923218;696,1749503
90,60009738;-66,97006226;40,80957794;691,2858276;695,7201351
90,61016138;-67,42481995;41,16565704;691,164917;695,6649051
90,62022538;-66,85790253;40,81501389;690,7658081;695,192956
90,63028938;-67,50997162;40,82444382;690,5296021;695,0218434
90,64035238;-66,94197083;40,99452209;690,6353149;695,0819495
90,65041638;-67,61225128;41,11335754;690,9082031;695,4249563
90,66048038;-67,1740799;40,64229584;691,0046387;695,4506193
90,67054438;-67,64763641;41,10690308;691,0270996;695,5461398
90,68060838;-67,1023941;41,12736511;690,5490723;695,0195772
90,69067238;-67,65039825;40,96986389;691,2141113;695,7241219
90,70073638;-67,0087204;40,88760757;690,9039917;695,3490424
90,71080038;-67,62557983;41,10982513;691,5726929;696,0862204
90,72086438;-67,21360779;41,18577957;691,2119141;695,6923513
90,73092838;-67,89793396;41,30877304;691,3661499;695,9193182
90,74099238;-67,25572205;40,95902252;690,9520264;695,4248172
90,75105538;-67,74667358;41,05307388;690,9850464;695,5108202
90,76111938;-67,52311707;40,62123871;690,7523193;695,2324957
90,77118338;-68,08805847;41,16362;691,093811;695,6587403
90,78124738;-67,49290466;40,76185226;691,1229248;695,6060077
90,79131138;-68,08029175;41,16283798;690,8046875;695,3707081
90,80137538;-67,32740784;40,90378571;691,1234131;695,5987864
90,81143938;-67,91721344;41,17703629;691,6636963;696,2089952
90,82150338;-67,24565125;41,04868698;691,2699585;695,7450164
90,83156738;-67,85723877;41,24576187;691,6377563;696,1814445
90,84163138;-67,14588165;41,08593369;691,4147339;695,881425
90,85169538;-67,63459778;41,23920059;690,9909058;695,5167448
90,86175838;-67,0724411;41,09349823;691,1795044;695,6410678
90,87182238;-67,53816986;41,03508759;691,1482544;695,6516315
90,88188638;-66,89375305;40,76592255;691,2400513;695,6647491
90,89195038;-67,60929108;40,93743515;691,5230713;696,0251777
90,90201438;-66,90364075;40,85036469;691,0566406;695,4884111
90,91207838;-67,26885223;41,02160263;690,9880371;695,4655547
90,92214238;-66,71025085;41,05012512;690,8290405;695,2554448
90,93220638;-67,40525818;41,39725876;690,6375732;695,1528317
90,94227038;-66,89486694;41,36089325;690,9609985;695,4227119
90,95233438;-67,26167297;41,42278671;690,6539307;695,1566959
90,96239838;-66,6197052;41,03027725;690,3366089;694,7562899
90,97246138;-67,26581573;41,42157364;690,2514038;694,7571066
90,98252538;-66,79299164;41,18549728;690,4076538;694,8527019
90,99258938;-67,37184143;41,38191605;690,1821899;694,6962525
91,00265338;-66,75064087;40,86833191;690,2692261;694,6923586
91,01271738;-67,6245575;41,08951569;690,0991821;694,6209832
91,02278138;-66,99050903;40,92546082;690,126709;694,5772067
91,03284538;-67,65523529;41,13961792;690,5581665;695,0829306
91,04290938;-67,15875244;40,70330048;690,1401367;694,593741
91,05297338;-67,72423553;40,9966011;690,0455322;694,5719041
91,06303738;-67,41307831;40,85929108;690,0040283;694,4923066
91,07310138;-67,6444397;41,10643005;690,1889038;694,7130571
91,08316538;-66,99149323;41,00580215;690,0220337;694,4780363
91,09322838;-67,60183716;41,11063004;689,9900513;694,5116004
91,10329238;-67,21763611;41,09236908;690,2174683;694,6991773
91,11335638;-67,58789825;41,26133728;690,1149902;694,6433054
91,12342038;-66,84799957;41,1160965;690,208313;694,6558168
91,13348438;-67,33969879;41,21504974;690,1795654;694,6806086
91,14354838;-66,92086029;41,02929306;690,2619019;694,7109453
91,15361238;-67,51212311;41,17417908;689,7613525;694,2794274
91,16367638;-66,97128296;41,14919662;690,2936401;694,7544305
91,17374038;-67,43752289;41,0961113;690,3428345;694,8452626
91,18380438;-66,99875641;40,94013977;690,1800537;694,6318701
91,19386838;-67,66477203;41,00697327;690,293396;694,8129718
91,20393138;-67,31911469;40,89794922;691,1443481;695,618441
91,21399538;-67,55502319;41,17136765;691,1959839;695,7087399
91,22406013;-66,93009949;40,7855072;690,991333;695,4222589
91,23412413;-67,33332825;41,06904602;690,6212769;695,1102011
91,24418813;-66,88079834;40,80818939;690,4076538;694,8388863
91,25425213;-67,57067108;41,21673203;690,3689575;694,8912952
91,26431613;-67,08485413;41,01963043;690,5629272;695,0252832
91,27438013;-67,59194183;41,15878677;690,4524536;694,9728822
91,28444413;-67,17639923;41,09492111;690,5269775;695,0028546
91,29450813;-67,01766968;41,00081253;690,366272;694,8222968
91,30457213;-67,48371887;41,21925354;690,2744751;694,7891264
91,31463513;-67,14782715;41,32643127;690,1224976;694,6119537
91,32469913;-67,64303589;41,3229866;690,019165;694,5571378
91,33476313;-67,3032608;41,01175308;689,6119995;694,1011473
91,34482713;-67,99698639;41,2556076;690,0875244;694,6556029
91,35489113;-67,4497757;41,11201859;690,4019165;694,9060919
91,36495513;-67,89676666;41,2098732;690,3736572;694,9273424
91,37501913;-67,17921448;41,2869873;690,2238159;694,7133065
91,38508313;-67,72368622;41,21139908;690,2017822;694,7397911
91,39514713;-67,03636169;41,05255127;690,3397827;694,8008357
91,40521113;-67,42008972;40,91533279;690,21698;694,7078612
91,41527513;-66,98511505;41,0086441;690,0279541;694,4834713
91,42533913;-67,4039917;41,18678284;689,9560547;694,4631067
91,43540213;-67,04759979;40,91363525;690,1069336;694,5623701
91,44546613;-67,42562103;41,09335327;690,303833;694,8051957
91,45553013;-66,92153168;41,07106781;689,8799438;694,3339693
91,46559413;-67,4336853;41,2920723;689,9299316;694,4462886
91,47565813;-67,21784973;40,84833908;689,937561;694,4066995
91,48572213;-67,3777771;40,72203827;690,1751099;694,6507983
91,49578613;-66,98238373;40,79078674;690,2800903;694,7209016
91,50585013;-67,48049164;40,84680176;689,9593506;694,4537302
91,51591413;-67,10621643;40,89741516;689,6577759;694,1208041
91,52597813;-67,41509247;41,06370544;689,2956543;693,8007795
91,53604213;-66,93018341;41,04151917;689,4500732;693,9059441
91,54610513;-67,28276062;40,93587875;689,6064453;694,0891625
91,55616913;-67,1529007;40,7965126;689,782959;694,2437598
91,56623313;-67,37409973;41,0728302;689,6976318;694,1967085
91,57629713;-66,65139771;40,98818207;689,6555786;694,0801517
91,58636113;-67,33597565;41,28330612;689,9212036;694,4276148
91,59642513;-66,99565887;40,95009232;689,920166;694,3739366
91,60648913;-67,22622681;41,2416954;689,9139404;694,4072927
91,61655313;-66,67427826;41,17195892;689,8060913;694,2427768
91,62661713;-67,10437012;41,22465134;689,642395;694,1247016
91,63668113;-66,93753815;41,11230087;689,576416;694,0363743
91,64674513;-67,15589905;41,03475189;689,6067505;694,0830181
91,65680913;-66,88809204;41,07078552;689,9742432;694,4244253
91,66687213;-67,2197876;41,16578293;689,7026978;694,1922881
91,67693613;-66,97610474;40,97411728;689,7506104;694,2049995
91,68700013;-67,4569397;40,86307526;690,2334595;694,7247356
91,69706413;-67,34681702;40,95937729;689,9564819;694,4445344
91,70712813;-67,45399475;40,86177444;690,0056152;694,4980022
91,71719213;-66,84129333;40,93477249;689,78479;694,223646
91,72725613;-67,38981628;41,02230072;689,6671753;694,164987
91,73732013;-67,07289886;40,90071869;689,6665039;694,1264504
91,74738413;-67,27676392;40,95027924;689,6101074;694,0930691
91,75744813;-66,88912201;40,70412445;689,7793579;694,2092934
91,76751213;-67,37524414;40,91968155;689,7943115;694,2838296
91,77757613;-66,83889008;40,81612396;689,994812;694,4251103
91,78763913;-67,21661377;41,11257935;689,736084;694,2219983
91,79770313;-67,05749512;40,84973907;689,5834351;694,0394245
91,80776713;-67,35192871;40,97727966;689,9121094;694,4020006
91,81783113;-66,97345734;41,0460434;690,3418579;694,7964468
91,82789513;-67,33833313;40,99708557;690,3230591;694,8101453
91,83795913;-66,67237854;40,6403656;690,5446167;694,9451151
91,84802313;-67,25379181;41,00915909;690,3555298;694,8349309
91,85808713;-66,92725372;40,93827438;690,0285034;694,4742869
91,86815113;-66,81751251;41,16939545;689,901062;694,3507575
91,87821513;-66,5164566;41,14524841;690,1943359;694,6118282
91,88827913;-66,86972046;41,35797501;689,8458862;694,3121692
91,89834213;-66,74216461;41,15420914;689,7180176;694,1607373
91,90840613;-66,91186523;41,24602509;689,3216553;693,7887119
91,91847013;-66,8710022;40,93548584;689,9429321;694,3836796
91,92853413;-67,23066711;41,36821365;689,8248901;694,3267752
91,93859813;-66,57310486;41,09004211;689,7480469;694,1705396
91,94866213;-67,1026535;41,30550766;689,9572754;694,4421883
91,95872613;-66,81261444;41,30809021;689,7869263;694,2451206
91,96879013;-67,0512085;41,45682526;689,4136963;693,9061735
91,97885413;-66,66111755;40,929039;691,4602661;695,8708145
91,98891813;-67,17420959;41,2991333;691,2000732;695,6835014
91,99898213;-66,95953369;40,73683548;692,0444946;696,468701
92,00904613;-67,06453705;41,11687851;691,3629761;695,8239824
92,01910913;-67,01785278;40,96004486;690,9939575;695,4435759
92,02917313;-67,32830811;41,46542358;690,7630005;695,2740505
92,03923713;-67,22044373;41,13872528;690,1587524;694,6438558
92,04930113;-67,60319519;41,30246353;690,2676392;694,7988912
92,05936513;-67,25899506;41,06539154;690,2737427;694,7574963
92,06942913;-67,40624237;40,99470139;690,4376831;694,9304723
92,07949313;-67,0421524;40,90407562;690,3021851;694,7552809
92,08955713;-67,38542938;41,25773239;690,7739868;695,2781439
92,09962113;-67,06556702;41,00310135;690,4633789;694,923537
92,10968513;-67,29221344;41,28426743;690,3991089;694,8982388
92,11974913;-67,20236206;40,90802383;690,5530396;695,020233
92,12981313;-67,58317566;41,30744171;690,4690552;694,9973428
92,13987613;-67,14440918;40,75499344;690,5147095;694,9675569
92,14994013;-67,33737946;41,15795898;690,2655029;694,7623801
92,16000413;-66,9094696;40,87970734;690,4292603;694,867319
92,17006813;-67,1496048;41,19170761;690,3372803;694,8175205
92,18013213;-66,9584198;40,76976776;690,4683838;694,9044488
92,19019613;-67,29105377;41,27703476;690,633667;695,130737
92,20026013;-67,10345459;41,03883362;690,5432129;695,0086247
92,21032413;-67,26230621;41,22530746;690,3612061;694,8541852
92,220388;-66,88829041;40,90517044;690,1940308;694,6330517
92,230452;-66,88179016;41,08418274;690,2299194;694,6786492
92,240516;-66,52506256;40,70486832;690,074707;694,4678333
92,25058;-67,2155304;41,13266754;689,8821411;694,3681966
92,260643;-66,98474884;40,75972366;690,1392822;694,5793983
92,270707;-67,06243896;41,36790085;690,2387085;694,7216339
92,280771;-66,73136139;40,68745041;689,9680176;694,3805934
92,290835;-66,98825836;41,13858414;689,9870605;694,4508288
92,300899;-66,74732971;41,10365677;689,8170166;694,2566046
92,310963;-67,0452652;41,55688095;689,8258667;694,3210844
92,321027;-66,94076538;41,05464554;689,6686401;694,1249046
92,331091;-67,22908783;41,51091385;689,7644043;694,2750461
92,341155;-66,95726776;41,18744278;689,8456421;694,3102268
92,351219;-67,12850952;41,36440277;689,5106812;694,0044885
92,361283;-66,98023224;41,04365921;689,6777954;694,1371586
92,371346;-66,92724609;41,21789169;689,9570923;694,419873
92,38141;-66,74584961;41,1027565;690,1030884;694,5406522
92,391474;-67,18503571;41,32241058;689,5097656;694,0065472
92,401538;-66,94300842;41,29198837;689,6792603;694,1497509
92,411602;-67,12414551;41,52676773;689,4475098;693,9510012
92,421666;-66,96679688;41,0493927;689,1673584;693,6290452
92,43173;-67,15128326;41,26335144;689,7562256;694,2446325
92,441794;-66,89309692;40,93078995;690,024231;694,4663097
92,451858;-66,9858017;41,03371811;690,2272949;694,6830805
92,461922;-67,14465332;41,13662338;691,0098877;695,4820567
92,471986;-66,92511749;40,90089035;690,736084;695,1749362
92,48205;-67,17991638;41,15296936;690,9318848;695,4089282
92,492114;-66,82485962;40,84270859;691,1115723;695,5349697
92,502177;-67,12715149;40,99184036;690,8352051;695,2982569
92,512241;-66,92163849;40,61072159;691,6779785;696,0935012
92,522305;-67,1750946;40,76777267;691,7844849;696,2329194
92,532369;-67,1166687;40,29785919;691,5657349;695,9825647
92,542433;-67,25469971;40,67735291;691,4671631;695,9200236
92,552497;-66,98033905;40,25799942;690,9293823;695,3347997
92,562561;-67,35997772;40,82420349;690,9935303;695,4682172
92,572625;-67,04200745;40,28607178;691,0458374;695,4580848
92,582689;-67,28356934;40,73459244;692,0291748;696,4845759
92,592753;-67,09854889;40,48887634;692,2631836;696,6849214
92,602817;-67,32543945;40,91408157;692,5529175;697,0195265
92,61288;-67,25356293;40,62195206;691,6047974;696,0534322
92,622944;-67,28392029;41,09997559;690,7363892;695,2216145
92,633008;-67,21102905;40,79363632;690,286438;694,7494582
92,643072;-67,37666321;41,07614899;690,1102905;694,6071392
92,653136;-66,93511963;41,04531097;689,8864136;694,3401842
92,6632;-67,41836548;41,16012573;690,2194824;694,7246403
92,673264;-67,39507294;40,67241669;690,1907349;694,6650933
92,683328;-67,25727844;40,81041718;690,1531982;694,6225368
92,693392;-67,29078674;40,62138367;689,8671265;694,3304681
92,703456;-67,18156433;40,87057877;690,0610962;694,5272372
92,71352;-67,01902771;40,63153076;690,0018311;694,4386209
92,723584;-67,5502243;41,08850098;689,4840698;694,0025794
92,733648;-67,13478088;40,75314713;689,520813;693,9789978
92,743711;-67,29337311;40,89526367;689,7724609;694,2527411
92,753775;-66,96962738;40,69279861;689,9494019;694,3853483
92,763839;-67,12582397;40,86697769;690,0133057;694,4741522
92,773903;-66,90435791;40,67943192;690,0228882;694,451291
92,783967;-67,03206635;40,93698883;689,8241577;694,2812856
92,794031;-66,9623642;40,81148529;689,7732544;694,216593
92,804095;-67,34158325;41,02858353;689,8408203;694,3331987
92,814159;-67,09389496;40,948452;689,8201294;694,2839314
92,824223;-67,24885559;40,99524689;689,6623535;694,1449277
92,834287;-67,18553925;40,8025589;689,6853027;694,1502448
92,844351;-67,31252289;41,21596909;689,7841797;694,2852054
92,854415;-67,1631012;40,74727631;689,6912842;694,150769
92,864478;-67,28070831;41,10347748;689,8974609;694,3880012
92,874542;-67,0164032;40,98411179;689,8643799;694,3225175
92,884606;-67,22071075;41,05472565;689,5321045;694,0163093
92,89467;-66,87892914;40,82613373;689,5255127;693,9632534
92,904734;-67,20619965;41,14673615;689,265564;693,7555368
92,914798;-67,02810669;41,05354691;689,1713257;693,6391547
92,924862;-67,4469986;40,96800995;689,6740723;694,1741867
92,934926;-67,14509583;40,72579575;689,9124146;694,3674777
92,94499;-67,1554718;40,96913147;689,4067993;693,8804379
92,955054;-66,92630768;40,56000519;689,0288696;693,4587427
92,965118;-67,25374603;40,8551178;689,2573853;693,7347837
92,975182;-67,20786285;40,69443893;689,3998413;693,8624326
92,985245;-67,14990997;41,06209946;689,2607422;693,7402808
92,995309;-67,00124359;40,89044189;689,3607178;693,8151008
93,005373;-67,42668152;41,15441895;689,2058716;693,7180818
93,015437;-67,11467743;40,80305862;689,4465332;693,9061836
93,025501;-67,36107635;41,13130569;689,1260376;693,6310219
93,035565;-67,33040619;41,014431;689,8299561;694,3204847
93,045629;-67,72593689;41,40256882;689,6851196;694,2381
93,055693;-67,20191193;40,99774551;689,6697388;694,1478666
93,065757;-67,14292908;41,2719574;689,6481934;694,1370023
93,075821;-67,05349731;41,1243248;689,6122437;694,0838769
93,085885;-67,32498169;41,23377609;689,6904297;694,1943289
93,095949;-67,32952881;41,03907776;689,8373413;694,3291934
93,106013;-67,10015869;41,16664886;689,3492432;693,8295924
93,116076;-67,26435089;41,31271362;689,7705078;694,2727034
93,12614;-67,23376465;40,96003342;691,1964111;695,6655678
93,136204;-66,93283081;40,74876404;691,256958;695,6843017
93,146268;-67,22267914;41,12740326;691,0292358;695,5082722
93,156332;-67,01966095;40,89374542;690,2539673;694,7045939
93,166396;-67,23852539;41,07639313;690,1564941;694,6396733
93,17646;-67,0197525;40,97561646;690,1954956;694,6513302
93,186524;-67,28222656;41,1752739;689,7650146;694,2608131
93,196588;-66,86544037;40,91521835;689,7012939;694,1418566
93,206652;-67,25811005;41,05735397;689,7723999;694,2588302
93,216716;-66,82287598;40,93657684;689,3101807;693,7504056
93,22677929;-66,97568512;41,0340004;689,3598633;693,8202596
93,23684229;-66,94522095;40,56431961;689,2439575;693,6745344
93,24690629;-66,9609375;40,9082756;689,243103;693,6954009
93,25697029;-66,96033478;40,62162018;689,8042603;694,2360693
93,26703429;-67,00746155;40,98020935;689,4165039;693,8764251
93,27709829;-66,83842468;40,90428162;689,5703125;694,0084662
93,28716229;-66,79690552;40,95379257;689,618103;694,0548737
93,29722629;-66,72515106;40,86091614;689,8945313;694,3171642
93,30729029;-67,10467529;40,96975327;689,8232422;694,2893227
93,31735429;-66,93037415;40,99923325;689,7192993;694,1709616
93,32741829;-67,09088898;41,16978073;689,1799316;693,6606637
93,33748229;-67,10832214;40,89188004;689,6157227;694,0788987
93,34754629;-67,0497818;41,05051422;689,7874756;694,2532531
93,35760929;-66,98308563;40,66862869;690,2123413;694,6464908
93,36767329;-66,92086792;40,70849609;689,8024902;694,2355938
93,37773729;-66,97000885;40,77945709;689,852417;694,2941044
93,38780129;-67,0741806;40,8497467;690,3028564;694,7558428
93,39786529;-66,94644928;40,73302841;690,0473633;694,4828077
93,40792929;-67,1543808;40,96958542;689,7166748;694,1882377
93,41799329;-67,12102509;41,05559921;689,5939941;694,0682034
93,42805729;-67,38331604;41,20302963;689,28479;693,795159
93,43812129;-67,20310974;41,06402206;688,9768677;693,4635074
93,44818529;-67,0916748;41,23387146;688,8979492;693,3843879
93,45824929;-67,03730774;40,72640228;689,1687012;693,6181508
93,46831329;-66,99052429;40,95542145;689,0791016;693,538092
93,47837729;-66,95785522;41,27267456;689,5227051;693,9944876
93,48844029;-67,19021606;41,33746719;689,4684448;693,9668924
93,49850429;-66,77938843;41,105896;689,3414307;693,7872797
93,50856829;-67,1915741;41,16464233;688,8132935;693,3058406
93,51863229;-66,91566467;41,21969604;689,3357544;693,8015219
93,52869629;-67,01210022;41,19161606;689,2442017;693,7181995
93,53876029;-66,94496155;41,10180664;689,1170654;693,580072
93,54882429;-66,80150604;41,27789688;688,9499512;693,4106584
93,55888829;-66,84273529;41,33308029;688,914917;693,3831103
93,56895229;-66,9046936;41,35856628;689,149292;693,6234682
93,57901629;-66,8816452;41,33514404;689,1877441;693,6580536
93,58908029;-67,06782532;41,05294037;688,9511108;693,4241633
93,59914429;-66,94870758;41,14577103;689,3587036;693,8231231
93,60920729;-66,94752502;41,36149597;689,2765503;693,7542124
93,61927129;-66,96117401;41,323246;689,3019409;693,7784771
93,62933529;-66,85670471;41,25693512;688,980896;693,4454764
93,63939929;-66,94982147;41,08680725;689,182251;693,6444186
93,64946329;-66,98284149;41,13027954;689,3455811;693,812461
93,65952729;-66,99302673;41,12286377;689,1678467;693,6364152
93,66959129;-67,01763916;41,05556107;688,9838257;693,4519703
93,67965529;-67,22301483;41,15814209;688,9639282;693,4581608
93,68971929;-67,23938751;41,35758209;689,2774048;693,7830537
93,69978329;-67,360466;41,32942963;688,8765869;693,3949135
93,70984729;-66,92427063;41,46571732;689,1702881;693,6526146
93,71991129;-67,16085052;41,25728989;689,1572266;693,6500751
93,72997529;-67,12329102;41,21724701;689,017395;693,5051321
93,74003829;-67,13169861;41,36491776;688,9247437;693,4226877
93,75010229;-67,32564545;41,10361481;688,8291016;693,3309317
93,76016629;-67,44400024;41,30940247;689,0244751;693,5487634
93,77023029;-67,43993378;41,21246338;688,9668579;693,485359
93,78029429;-67,44776154;41,26942825;688,9589844;693,4816857
93,79035829;-67,44608307;41,15437698;688,8560791;693,3724501
93,80042229;-67,20864105;41,20916748;688,5233765;693,0221042
93,81048629;-67,15387726;41,28503799;688,2579346;692,7575926
93,82055029;-67,01369476;41,34823227;688,7765503;693,2630438
93,83061429;-67,1728363;41,38770294;688,8580933;693,3618136
93,84067829;-67,11360168;41,38607788;688,5570068;693,0568481
93,85074229;-67,11600494;41,19935226;688,9442749;693,4307166
93,86080629;-67,04371643;41,21178436;689,1240845;693,6031105
93,87086929;-67,2378006;41,40581512;688,9569092;693,4673648
93,88093329;-67,00666809;41,27141571;688,9112549;693,3916213
93,89099729;-67,08807373;41,33435822;689,34552;693,8346956
93,90106129;-67,12543488;41,46205139;689,2731934;693,7740704
93,91112529;-66,92458344;41,19179916;688,9326782;693,4002447
93,92118929;-67,22026825;41,36615753;688,7044067;693,2124374
93,93125329;-66,98795319;41,39118958;688,8047485;693,2911351
93,94131729;-66,91079712;41,11340332;688,8634033;693,3254323
93,95138129;-66,88050842;41,09083557;688,7702026;693,2285707
93,96144529;-66,89318848;41,09746552;688,7670898;693,2270944
93,97150929;-66,99581146;41,04659653;689,0219116;693,4871711
93,98157329;-66,91333008;40,60739899;692,317627;696,7281042
93,99163729;-67,32592773;40,39002991;694,7501221;699,1722729
94,00170029;-67,06009674;40,29438019;696,6657715;701,0448565
94,01176429;-67,26434326;40,52337646;696,2279663;700,6425743
94,02182829;-66,84397125;40,58338547;694,4200439;698,8092194
94,03189229;-67,24262238;40,70638275;693,177124;697,6195992
94,04195629;-66,99943542;40,83831406;691,8775024;696,3125524
94,05202029;-67,29509735;40,86141968;691,0197144;695,4901375
94,06208429;-67,11348724;40,71852493;691,80896;696,2484151
94,07214829;-66,96702576;40,79921722;691,5869751;696,0184644
94,08221229;-66,99417114;40,88539886;690,9795532;695,4225894
94,09227629;-67,2990036;41,02947998;690,9744263;695,4554133
94,10234029;-67,13330841;40,84407806;690,5325317;694,9894224
